Identifier,Dataset,Subset,Source_Datatype,Model,Reference,Prediction,DeltaE,Abs_DeltaE,exclusion_type
BH76_10,BH46,Barrier Heights,Barrier Height,MACE-OMOL-0-4M,104.8000792760636,117.07303677837326,12.272957502309666,12.272957502309666,single_atom
BH76_13,BH46,Barrier Heights,Barrier Height,MACE-OMOL-0-4M,-0.6000007137361577,-2.5237514139867083,-1.9237507002505505,1.9237507002505505,single_atom
BH76_17,BH46,Barrier Heights,Barrier Height,MACE-OMOL-0-4M,2.5000021372213586,14.31156760910288,11.811565471881522,11.811565471881522,single_atom
BH76_21,BH46,Barrier Heights,Barrier Height,MACE-OMOL-0-4M,-12.300008984005968,-15.653110009574682,-3.353101025568714,3.353101025568714,single_atom
BH76_22,BH46,Barrier Heights,Barrier Height,MACE-OMOL-0-4M,19.80001476816057,25.434428012304767,5.6344132441441985,5.6344132441441985,single_atom
BH76_3,BH46,Barrier Heights,Barrier Height,MACE-OMOL-0-4M,42.100031673542496,32.488580925938074,-9.611450747604422,9.611450747604422,single_atom
BH76_31,BH46,Barrier Heights,Barrier Height,MACE-OMOL-0-4M,3.200002133234244,-3.86221258119546,-7.062214714429704,7.062214714429704,single_atom
BH76_39,BH46,Barrier Heights,Barrier Height,MACE-OMOL-0-4M,6.100004537109882,4.151132653116421,-1.9488718839934611,1.9488718839934611,single_atom
BH76_40,BH46,Barrier Heights,Barrier Height,MACE-OMOL-0-4M,8.000005960595084,13.728334077905537,5.728328117310452,5.728328117310452,single_atom
BH76_42,BH46,Barrier Heights,Barrier Height,MACE-OMOL-0-4M,21.600016281859567,20.759180203899717,-0.8408360779598496,0.8408360779598496,single_atom
BH76_44,BH46,Barrier Heights,Barrier Height,MACE-OMOL-0-4M,15.000011568309205,12.533104372072843,-2.4669071962363613,2.4669071962363613,single_atom
BH76_47,BH46,Barrier Heights,Barrier Height,MACE-OMOL-0-4M,9.700007564507882,0.4024511616242668,-9.297556402883615,9.297556402883615,single_atom
BH76_52,BH46,Barrier Heights,Barrier Height,MACE-OMOL-0-4M,6.800005160632242,13.6756907370605,6.875685576428257,6.875685576428257,single_atom
BH76_55,BH46,Barrier Heights,Barrier Height,MACE-OMOL-0-4M,1.6000010666171218,6.7482860425090605,5.148284975891938,5.148284975891938,single_atom
BH76_56,BH46,Barrier Heights,Barrier Height,MACE-OMOL-0-4M,33.80002535607933,19.823358788643315,-13.976666567436016,13.976666567436016,single_atom
BH76_57,BH46,Barrier Heights,Barrier Height,MACE-OMOL-0-4M,14.400010854573043,19.40772159690336,5.0077107423303175,5.0077107423303175,single_atom
BH76_59,BH46,Barrier Heights,Barrier Height,MACE-OMOL-0-4M,2.900002403875639,-1.3697036618094096,-4.269706065685049,4.269706065685049,single_atom
BH76_65,BH46,Barrier Heights,Barrier Height,MACE-OMOL-0-4M,10.400007560520766,-2.5582367097594463,-12.958244270280213,12.958244270280213,single_atom
BH76_66,BH46,Barrier Heights,Barrier Height,MACE-OMOL-0-4M,9.900007384080284,-0.9661665880665836,-10.866173972146868,10.866173972146868,single_atom
BH76_7,BH46,Barrier Heights,Barrier Height,MACE-OMOL-0-4M,30.50002331305889,23.483548082857663,-7.016475230201227,7.016475230201227,single_atom
BH76_9,BH46,Barrier Heights,Barrier Height,MACE-OMOL-0-4M,1.5000011568309202,-2.298770131835842,-3.798771288666762,3.798771288666762,single_atom
BH9_817,BH876,Barrier Heights,Barrier Height,MACE-OMOL-0-4M,-3.2100002416844418,-6.374645969424103,-3.164645727739661,3.164645727739661,single_atom
BH9_819,BH876,Barrier Heights,Barrier Height,MACE-OMOL-0-4M,14.280000295168543,18.666927900315223,4.3869276051466795,4.3869276051466795,single_atom
BH9_826,BH876,Barrier Heights,Barrier Height,MACE-OMOL-0-4M,4.560000278817111,4.508912766416637,-0.05108751240047393,0.05108751240047393,single_atom
ORBH35_CO3_17,ORBH35,Barrier Heights,Barrier Height,MACE-OMOL-0-4M,21.755060067691364,-11.544831142231896,-33.29989120992326,33.29989120992326,single_atom
ORBH35_CO3_18,ORBH35,Barrier Heights,Barrier Height,MACE-OMOL-0-4M,76.69131949350411,45.54239255939728,-31.148926934106832,31.148926934106832,single_atom
ORBH35_CO3_19,ORBH35,Barrier Heights,Barrier Height,MACE-OMOL-0-4M,62.554614751794006,47.25250246760697,-15.302112284187032,15.302112284187032,single_atom
DBH24_1,DBH22,Proton Transfer,Barrier Height,MACE-OMOL-0-4M,17.189999552475435,19.100472641147803,1.9104730886723686,1.9104730886723686,single_atom
DBH24_11,DBH22,Proton Transfer,Barrier Height,MACE-OMOL-0-4M,10.649999804872582,8.80384535316625,-1.8461544517063313,1.8461544517063313,single_atom
DBH24_12,DBH22,Proton Transfer,Barrier Height,MACE-OMOL-0-4M,3.76999973648717,2.3423233407102835,-1.4276763957768863,1.4276763957768863,single_atom
DBH24_15,DBH22,Proton Transfer,Barrier Height,MACE-OMOL-0-4M,59.32999730442081,62.70287767061103,3.3728803661902234,3.3728803661902234,single_atom
DBH24_18,DBH22,Proton Transfer,Barrier Height,MACE-OMOL-0-4M,17.7699990292354,15.103946439056829,-2.6660525901785714,2.6660525901785714,single_atom
DBH24_2,DBH22,Proton Transfer,Barrier Height,MACE-OMOL-0-4M,17.59999918259886,20.83807053202099,3.2380713494221283,3.2380713494221283,single_atom
DBH24_23,DBH22,Proton Transfer,Barrier Height,MACE-OMOL-0-4M,12.89999965759054,16.788977001144726,3.8889773435541866,3.8889773435541866,single_atom
DBH24_7,DBH22,Proton Transfer,Barrier Height,MACE-OMOL-0-4M,14.31999963157355,19.291753240272183,4.9717536086986325,4.9717536086986325,single_atom
DBH24_8,DBH22,Proton Transfer,Barrier Height,MACE-OMOL-0-4M,1.830000231615912,-0.3825428839995193,-2.212543115615431,2.212543115615431,single_atom
BDE99_1,BDE99MR,Bond Dissociation Energies,Thermochemistry,MACE-OMOL-0-4M,-17.64999913749196,-11.033794014643314,6.616205122848646,6.616205122848646,single_atom
BDE99_12,BDE99MR,Bond Dissociation Energies,Thermochemistry,MACE-OMOL-0-4M,-105.5799957411454,-99.10991164095682,6.470084100188572,6.470084100188572,single_atom
BDE99_3,BDE99MR,Bond Dissociation Energies,Thermochemistry,MACE-OMOL-0-4M,-62.66999742882732,-50.803537293617175,11.866460135210147,11.866460135210147,single_atom
BDE99_4,BDE99MR,Bond Dissociation Energies,Thermochemistry,MACE-OMOL-0-4M,-60.939997734507074,-41.30493464026882,19.635063094238255,19.635063094238255,single_atom
BDE99_5,BDE99MR,Bond Dissociation Energies,Thermochemistry,MACE-OMOL-0-4M,-5.560000004188602,-1.777687634576107,3.782312369612495,3.782312369612495,single_atom
BDE99_55,BDE99MR,Bond Dissociation Energies,Thermochemistry,MACE-OMOL-0-4M,-57.7599974657585,-50.591076924352656,7.168920541405846,7.168920541405846,single_atom
BDE99_57,BDE99MR,Bond Dissociation Energies,Thermochemistry,MACE-OMOL-0-4M,-85.86999657952926,-99.57929872292456,-13.709302143395306,13.709302143395306,single_atom
BDE99_58,BDE99MR,Bond Dissociation Energies,Thermochemistry,MACE-OMOL-0-4M,-26.59999859347069,-18.93700940182419,7.662989191646499,7.662989191646499,single_atom
BDE99_6,BDE99MR,Bond Dissociation Energies,Thermochemistry,MACE-OMOL-0-4M,-81.6499966214947,-58.55771667238282,23.092279949111877,23.092279949111877,single_atom
BDE99_7,BDE99MR,Bond Dissociation Energies,Thermochemistry,MACE-OMOL-0-4M,-13.89999938296203,3.679374415059786,17.579373798021816,17.579373798021816,single_atom
BDE99_8,BDE99MR,Bond Dissociation Energies,Thermochemistry,MACE-OMOL-0-4M,-36.009998261975426,-23.555545692482877,12.454452569492549,12.454452569492549,single_atom
BDE99_9,BDE99MR,Bond Dissociation Energies,Thermochemistry,MACE-OMOL-0-4M,-40.6999984235146,-18.43305652374612,22.26694189976848,22.26694189976848,single_atom
BDE99_97,BDE99MR,Bond Dissociation Energies,Thermochemistry,MACE-OMOL-0-4M,-65.97999758029796,-60.12263596176664,5.857361618531321,5.857361618531321,single_atom
BDE99_10,BDE99nonMR,Bond Dissociation Energies,Thermochemistry,MACE-OMOL-0-4M,-100.7799956788414,-96.0371914853534,4.7428041934879985,4.7428041934879985,single_atom
BDE99_11,BDE99nonMR,Bond Dissociation Energies,Thermochemistry,MACE-OMOL-0-4M,-59.019997584083576,-57.75363405531423,1.2663635287693467,1.2663635287693467,single_atom
BDE99_13,BDE99nonMR,Bond Dissociation Energies,Thermochemistry,MACE-OMOL-0-4M,-51.44999813817338,-38.11651012916776,13.33348800900562,13.33348800900562,single_atom
BDE99_14,BDE99nonMR,Bond Dissociation Energies,Thermochemistry,MACE-OMOL-0-4M,-75.13999684682771,-75.4301939501308,-0.2901971033030861,0.2901971033030861,single_atom
BDE99_15,BDE99nonMR,Bond Dissociation Energies,Thermochemistry,MACE-OMOL-0-4M,-118.09999511403888,-141.4541658912421,-23.354170777203223,23.354170777203223,single_atom
BDE99_16,BDE99nonMR,Bond Dissociation Energies,Thermochemistry,MACE-OMOL-0-4M,-42.3599981809845,-40.67248166343423,1.6875165175502644,1.6875165175502644,single_atom
BDE99_17,BDE99nonMR,Bond Dissociation Energies,Thermochemistry,MACE-OMOL-0-4M,-84.76999631686209,-88.17490454450171,-3.4049082276396234,3.4049082276396234,single_atom
BDE99_19,BDE99nonMR,Bond Dissociation Energies,Thermochemistry,MACE-OMOL-0-4M,-116.8499949866924,-124.18523891910344,-7.335243932411046,7.335243932411046,single_atom
BDE99_20,BDE99nonMR,Bond Dissociation Energies,Thermochemistry,MACE-OMOL-0-4M,-215.1099910563931,-254.55542782502948,-39.44543676863637,39.44543676863637,single_atom
BDE99_24,BDE99nonMR,Bond Dissociation Energies,Thermochemistry,MACE-OMOL-0-4M,-53.13999786857913,-57.1263420051366,-3.98634413655747,3.98634413655747,single_atom
BDE99_25,BDE99nonMR,Bond Dissociation Energies,Thermochemistry,MACE-OMOL-0-4M,-122.7899946480686,-131.87439415094786,-9.084399502879265,9.084399502879265,single_atom
BDE99_28,BDE99nonMR,Bond Dissociation Energies,Thermochemistry,MACE-OMOL-0-4M,-43.04999818601876,-48.45977083832287,-5.409772652304106,5.409772652304106,single_atom
BDE99_30,BDE99nonMR,Bond Dissociation Energies,Thermochemistry,MACE-OMOL-0-4M,-173.5299927992505,-172.89820648724944,0.6317863120010543,0.6317863120010543,single_atom
BDE99_34,BDE99nonMR,Bond Dissociation Energies,Thermochemistry,MACE-OMOL-0-4M,-161.84999329607052,-160.47908645208747,1.3709068439830503,1.3709068439830503,single_atom
BDE99_35,BDE99nonMR,Bond Dissociation Energies,Thermochemistry,MACE-OMOL-0-4M,-124.31999515032588,-110.66970417585978,13.650290974466103,13.650290974466103,single_atom
BDE99_36,BDE99nonMR,Bond Dissociation Energies,Thermochemistry,MACE-OMOL-0-4M,-95.23999628411951,-98.72456865287684,-3.484572368757327,3.484572368757327,single_atom
BDE99_37,BDE99nonMR,Bond Dissociation Energies,Thermochemistry,MACE-OMOL-0-4M,-183.90999222019084,-186.67787600587616,-2.7678837856853136,2.7678837856853136,single_atom
BDE99_38,BDE99nonMR,Bond Dissociation Energies,Thermochemistry,MACE-OMOL-0-4M,-19.68999917965889,-29.08760055583504,-9.397601376176148,9.397601376176148,single_atom
BDE99_39,BDE99nonMR,Bond Dissociation Energies,Thermochemistry,MACE-OMOL-0-4M,-195.19999207520456,-187.72695933984667,7.47303273535789,7.47303273535789,single_atom
BDE99_40,BDE99nonMR,Bond Dissociation Energies,Thermochemistry,MACE-OMOL-0-4M,-108.55999556281208,-102.07057734782563,6.4894182149864434,6.4894182149864434,single_atom
BDE99_41,BDE99nonMR,Bond Dissociation Energies,Thermochemistry,MACE-OMOL-0-4M,-130.40999467638136,-129.2088164063815,1.2011782699998719,1.2011782699998719,single_atom
BDE99_43,BDE99nonMR,Bond Dissociation Energies,Thermochemistry,MACE-OMOL-0-4M,-42.82999838448911,-51.69775772195167,-8.867759337462559,8.867759337462559,single_atom
BDE99_45,BDE99nonMR,Bond Dissociation Energies,Thermochemistry,MACE-OMOL-0-4M,-35.1899983742191,-42.734729127256045,-7.544730753036944,7.544730753036944,single_atom
BDE99_46,BDE99nonMR,Bond Dissociation Energies,Thermochemistry,MACE-OMOL-0-4M,-100.0299957279354,-105.11268586993174,-5.082690141996338,5.082690141996338,single_atom
BDE99_47,BDE99nonMR,Bond Dissociation Energies,Thermochemistry,MACE-OMOL-0-4M,-107.66999573820544,-114.07571446462735,-6.4057187264219095,6.4057187264219095,single_atom
BDE99_48,BDE99nonMR,Bond Dissociation Energies,Thermochemistry,MACE-OMOL-0-4M,-103.18999601472676,-108.92189398702796,-5.731897972301198,5.731897972301198,single_atom
BDE99_50,BDE99nonMR,Bond Dissociation Energies,Thermochemistry,MACE-OMOL-0-4M,-22.82999885698352,-32.1463847199622,-9.31638586297868,9.31638586297868,single_atom
BDE99_51,BDE99nonMR,Bond Dissociation Energies,Thermochemistry,MACE-OMOL-0-4M,-132.06999443385126,-136.49902211634216,-4.429027682490897,4.429027682490897,single_atom
BDE99_52,BDE99nonMR,Bond Dissociation Energies,Thermochemistry,MACE-OMOL-0-4M,-229.1999902679489,-245.9792739560856,-16.7792836881367,16.7792836881367,single_atom
BDE99_54,BDE99nonMR,Bond Dissociation Energies,Thermochemistry,MACE-OMOL-0-4M,-96.17999606361928,-100.7720494624041,-4.592053398784813,4.592053398784813,single_atom
BDE99_59,BDE99nonMR,Bond Dissociation Energies,Thermochemistry,MACE-OMOL-0-4M,-93.55999591718287,-96.517604497996,-2.9576085808131296,2.9576085808131296,single_atom
BDE99_61,BDE99nonMR,Bond Dissociation Energies,Thermochemistry,MACE-OMOL-0-4M,-77.39999669052429,-72.4300996868481,4.969897003676195,4.969897003676195,single_atom
BDE99_62,BDE99nonMR,Bond Dissociation Energies,Thermochemistry,MACE-OMOL-0-4M,-60.87999778863536,-68.84010920409155,-7.96011141545619,7.96011141545619,single_atom
BDE99_63,BDE99nonMR,Bond Dissociation Energies,Thermochemistry,MACE-OMOL-0-4M,-68.32999734280212,-69.16892077604963,-0.8389234332475155,0.8389234332475155,single_atom
BDE99_64,BDE99nonMR,Bond Dissociation Energies,Thermochemistry,MACE-OMOL-0-4M,-54.70999770724145,-67.92523120038891,-13.215233493147458,13.215233493147458,single_atom
BDE99_65,BDE99nonMR,Bond Dissociation Energies,Thermochemistry,MACE-OMOL-0-4M,-125.76999509724476,-129.26818769814182,-3.498192600897056,3.498192600897056,single_atom
BDE99_69,BDE99nonMR,Bond Dissociation Energies,Thermochemistry,MACE-OMOL-0-4M,-141.76999384073596,-177.55021085524834,-35.780217014512374,35.780217014512374,single_atom
BDE99_70,BDE99nonMR,Bond Dissociation Energies,Thermochemistry,MACE-OMOL-0-4M,-65.46999741287885,-66.16983471471943,-0.6998373018405744,0.6998373018405744,single_atom
BDE99_71,BDE99nonMR,Bond Dissociation Energies,Thermochemistry,MACE-OMOL-0-4M,-115.4299950127094,-122.66097142615254,-7.230976413443145,7.230976413443145,single_atom
BDE99_72,BDE99nonMR,Bond Dissociation Energies,Thermochemistry,MACE-OMOL-0-4M,-99.49999557855908,-115.5081551633584,-16.008159584799316,16.008159584799316,single_atom
BDE99_76,BDE99nonMR,Bond Dissociation Energies,Thermochemistry,MACE-OMOL-0-4M,-127.80999451190225,-117.26601149294976,10.543983018952488,10.543983018952488,single_atom
BDE99_79,BDE99nonMR,Bond Dissociation Energies,Thermochemistry,MACE-OMOL-0-4M,-86.14999632693062,-91.486348266995,-5.336351940064375,5.336351940064375,single_atom
BDE99_80,BDE99nonMR,Bond Dissociation Energies,Thermochemistry,MACE-OMOL-0-4M,-40.55999854981392,-49.13393987121418,-8.573941321400262,8.573941321400262,single_atom
BDE99_81,BDE99nonMR,Bond Dissociation Energies,Thermochemistry,MACE-OMOL-0-4M,-169.18999294947247,-202.58548378499808,-33.39549083552561,33.39549083552561,single_atom
BDE99_82,BDE99nonMR,Bond Dissociation Energies,Thermochemistry,MACE-OMOL-0-4M,-132.30999421733813,-116.58245905521012,15.727535162128007,15.727535162128007,single_atom
BDE99_84,BDE99nonMR,Bond Dissociation Energies,Thermochemistry,MACE-OMOL-0-4M,-139.3599941323601,-139.01560203014262,0.3443921022174834,0.3443921022174834,single_atom
BDE99_86,BDE99nonMR,Bond Dissociation Energies,Thermochemistry,MACE-OMOL-0-4M,-115.08999531943633,-101.11589712121796,13.974098198218371,13.974098198218371,single_atom
BDE99_87,BDE99nonMR,Bond Dissociation Energies,Thermochemistry,MACE-OMOL-0-4M,-112.54999510082892,-115.81343906693614,-3.263443966107218,3.263443966107218,single_atom
BDE99_88,BDE99nonMR,Bond Dissociation Energies,Thermochemistry,MACE-OMOL-0-4M,-117.12999536160324,-131.00594447404197,-13.875949112438732,13.875949112438732,single_atom
BDE99_89,BDE99nonMR,Bond Dissociation Energies,Thermochemistry,MACE-OMOL-0-4M,-106.51999552064515,-99.77365198684738,6.74634353379777,6.74634353379777,single_atom
BDE99_90,BDE99nonMR,Bond Dissociation Energies,Thermochemistry,MACE-OMOL-0-4M,-126.05999483562476,-110.56551704342684,15.494477792197927,15.494477792197927,single_atom
BDE99_91,BDE99nonMR,Bond Dissociation Energies,Thermochemistry,MACE-OMOL-0-4M,-104.09999582129066,-101.36001143019566,2.739984391095007,2.739984391095007,single_atom
BDE99_93,BDE99nonMR,Bond Dissociation Energies,Thermochemistry,MACE-OMOL-0-4M,-104.52999543337133,-93.14651115382593,11.3834842795454,11.3834842795454,single_atom
BDE99_94,BDE99nonMR,Bond Dissociation Energies,Thermochemistry,MACE-OMOL-0-4M,-82.31999664457172,-74.91480542953755,7.405191215034165,7.405191215034165,single_atom
BDE99_95,BDE99nonMR,Bond Dissociation Energies,Thermochemistry,MACE-OMOL-0-4M,-86.31999617356716,-86.86924346170001,-0.5492472881328467,0.5492472881328467,single_atom
BDE99_96,BDE99nonMR,Bond Dissociation Energies,Thermochemistry,MACE-OMOL-0-4M,-134.1599944309113,-136.7669200316244,-2.6069256007131116,2.6069256007131116,single_atom
HAT707_10,HAT707MR,Bond Dissociation Energies,Thermochemistry,MACE-OMOL-0-4M,100.9399958273404,116.95246542250725,16.01246959516685,16.01246959516685,single_atom
HAT707_103,HAT707MR,Bond Dissociation Energies,Thermochemistry,MACE-OMOL-0-4M,-111.77999516796568,-110.95016301868024,0.829832149285437,0.829832149285437,single_atom
HAT707_108,HAT707MR,Bond Dissociation Energies,Thermochemistry,MACE-OMOL-0-4M,21.74999920378307,32.87397241982693,11.123973216043858,11.123973216043858,single_atom
HAT707_109,HAT707MR,Bond Dissociation Energies,Thermochemistry,MACE-OMOL-0-4M,23.61999877180399,47.57084979956107,23.95085102775708,23.95085102775708,single_atom
HAT707_11,HAT707MR,Bond Dissociation Energies,Thermochemistry,MACE-OMOL-0-4M,52.46999784550211,58.22089312068781,5.750895275185705,5.750895275185705,single_atom
HAT707_117,HAT707MR,Bond Dissociation Energies,Thermochemistry,MACE-OMOL-0-4M,17.539999236727137,-11.390619826683537,-28.930619063410674,28.930619063410674,single_atom
HAT707_119,HAT707MR,Bond Dissociation Energies,Thermochemistry,MACE-OMOL-0-4M,115.06999533747909,144.89871492283308,29.828719585353994,29.828719585353994,single_atom
HAT707_120,HAT707MR,Bond Dissociation Energies,Thermochemistry,MACE-OMOL-0-4M,201.13999168527053,235.7402691295784,34.600277444307864,34.600277444307864,single_atom
HAT707_121,HAT707MR,Bond Dissociation Energies,Thermochemistry,MACE-OMOL-0-4M,178.0799926385257,228.34100662045464,50.261013981928926,50.261013981928926,single_atom
HAT707_122,HAT707MR,Bond Dissociation Energies,Thermochemistry,MACE-OMOL-0-4M,118.81999508821634,159.6118833525257,40.79188826430935,40.79188826430935,single_atom
HAT707_123,HAT707MR,Bond Dissociation Energies,Thermochemistry,MACE-OMOL-0-4M,197.04999185434352,236.0951859992203,39.045194144876774,39.045194144876774,single_atom
HAT707_124,HAT707MR,Bond Dissociation Energies,Thermochemistry,MACE-OMOL-0-4M,218.0199909874852,245.2384196259668,27.218428638481612,27.218428638481612,single_atom
HAT707_125,HAT707MR,Bond Dissociation Energies,Thermochemistry,MACE-OMOL-0-4M,92.01999605145645,137.49945241370932,45.479456362252876,45.479456362252876,single_atom
HAT707_126,HAT707MR,Bond Dissociation Energies,Thermochemistry,MACE-OMOL-0-4M,204.98999152611952,230.7926187093421,25.80262718322257,25.80262718322257,single_atom
HAT707_129,HAT707MR,Bond Dissociation Energies,Thermochemistry,MACE-OMOL-0-4M,79.64999670742696,102.59891274507176,22.948916037644793,22.948916037644793,single_atom
HAT707_130,HAT707MR,Bond Dissociation Energies,Thermochemistry,MACE-OMOL-0-4M,206.64999145749803,233.56512710044333,26.9151356429453,26.9151356429453,single_atom
HAT707_16,HAT707MR,Bond Dissociation Energies,Thermochemistry,MACE-OMOL-0-4M,88.55999633910517,82.05192575385922,-6.508070585245946,6.508070585245946,single_atom
HAT707_161,HAT707MR,Bond Dissociation Energies,Thermochemistry,MACE-OMOL-0-4M,233.119990363281,267.9617138910133,34.841723527732285,34.841723527732285,single_atom
HAT707_17,HAT707MR,Bond Dissociation Energies,Thermochemistry,MACE-OMOL-0-4M,54.129997602972,60.99340151178907,6.8634039088170695,6.8634039088170695,single_atom
HAT707_176,HAT707MR,Bond Dissociation Energies,Thermochemistry,MACE-OMOL-0-4M,-27.29999858948358,-6.698103844796707,20.601894744686874,20.601894744686874,single_atom
HAT707_181,HAT707MR,Bond Dissociation Energies,Thermochemistry,MACE-OMOL-0-4M,106.22999578226516,137.12603159387825,30.89603581161309,30.89603581161309,single_atom
HAT707_182,HAT707MR,Bond Dissociation Energies,Thermochemistry,MACE-OMOL-0-4M,108.09999553136022,151.8229089736124,43.72291344225219,43.72291344225219,single_atom
HAT707_188,HAT707MR,Bond Dissociation Energies,Thermochemistry,MACE-OMOL-0-4M,94.15999610761192,130.95902542519354,36.79902931758163,36.79902931758163,single_atom
HAT707_189,HAT707MR,Bond Dissociation Energies,Thermochemistry,MACE-OMOL-0-4M,71.09999706086647,123.55976291606976,52.45976585520329,52.45976585520329,single_atom
HAT707_190,HAT707MR,Bond Dissociation Energies,Thermochemistry,MACE-OMOL-0-4M,90.06999627668488,131.31394229487736,41.24394601819249,41.24394601819249,single_atom
HAT707_191,HAT707MR,Bond Dissociation Energies,Thermochemistry,MACE-OMOL-0-4M,111.03999540982656,140.45717592162387,29.417180511797312,29.417180511797312,single_atom
HAT707_192,HAT707MR,Bond Dissociation Energies,Thermochemistry,MACE-OMOL-0-4M,98.0099959484609,126.0113750049572,28.001379056496305,28.001379056496305,single_atom
HAT707_196,HAT707MR,Bond Dissociation Energies,Thermochemistry,MACE-OMOL-0-4M,99.6699958798394,128.78388339606892,29.11388751622951,29.11388751622951,single_atom
HAT707_2,HAT707MR,Bond Dissociation Energies,Thermochemistry,MACE-OMOL-0-4M,123.98999487449908,124.35172793158908,0.3617330570900066,0.3617330570900066,single_atom
HAT707_221,HAT707MR,Bond Dissociation Energies,Thermochemistry,MACE-OMOL-0-4M,-145.50999423179678,-117.47084336824642,28.03915086355036,28.03915086355036,single_atom
HAT707_236,HAT707MR,Bond Dissociation Energies,Thermochemistry,MACE-OMOL-0-4M,94.97999607371467,131.52640266409992,36.546406590385246,36.546406590385246,single_atom
HAT707_237,HAT707MR,Bond Dissociation Energies,Thermochemistry,MACE-OMOL-0-4M,126.13999478562236,163.18047018663887,37.04047540101651,37.04047540101651,single_atom
HAT707_260,HAT707MR,Bond Dissociation Energies,Thermochemistry,MACE-OMOL-0-4M,38.35999865198906,50.49006565525279,12.130067003263733,12.130067003263733,single_atom
HAT707_261,HAT707MR,Bond Dissociation Energies,Thermochemistry,MACE-OMOL-0-4M,-62.009997396728906,-47.78230092881333,14.227696467915578,14.227696467915578,single_atom
HAT707_262,HAT707MR,Bond Dissociation Energies,Thermochemistry,MACE-OMOL-0-4M,35.42999878521545,42.2998021777718,6.869803392556349,6.869803392556349,single_atom
HAT707_263,HAT707MR,Bond Dissociation Energies,Thermochemistry,MACE-OMOL-0-4M,62.22999719825855,64.4122331165777,2.1822359183191438,2.1822359183191438,single_atom
HAT707_264,HAT707MR,Bond Dissociation Energies,Thermochemistry,MACE-OMOL-0-4M,39.17999853974538,57.01297060745392,17.832972067708546,17.832972067708546,single_atom
HAT707_265,HAT707MR,Bond Dissociation Energies,Thermochemistry,MACE-OMOL-0-4M,58.14999774143416,64.76714998624055,6.617152244806391,6.617152244806391,single_atom
HAT707_266,HAT707MR,Bond Dissociation Energies,Thermochemistry,MACE-OMOL-0-4M,29.439998541436715,52.48789458168214,23.047896040245426,23.047896040245426,single_atom
HAT707_267,HAT707MR,Bond Dissociation Energies,Thermochemistry,MACE-OMOL-0-4M,79.11999672933624,73.91038361298708,-5.209613116349161,5.209613116349161,single_atom
HAT707_268,HAT707MR,Bond Dissociation Energies,Thermochemistry,MACE-OMOL-0-4M,12.369999508214198,34.90053966864802,22.530540160433823,22.530540160433823,single_atom
HAT707_269,HAT707MR,Bond Dissociation Energies,Thermochemistry,MACE-OMOL-0-4M,66.08999726796996,59.46458269634136,-6.625414571628603,6.625414571628603,single_atom
HAT707_273,HAT707MR,Bond Dissociation Energies,Thermochemistry,MACE-OMOL-0-4M,67.7499971993491,62.23709108744261,-5.512906111906489,5.512906111906489,single_atom
HAT707_296,HAT707MR,Bond Dissociation Energies,Thermochemistry,MACE-OMOL-0-4M,-67.12999717034874,-68.31173642402351,-1.1817392536747633,1.1817392536747633,single_atom
HAT707_297,HAT707MR,Bond Dissociation Energies,Thermochemistry,MACE-OMOL-0-4M,-71.2499972185971,-57.33610798346564,13.913889235131464,13.913889235131464,single_atom
HAT707_3,HAT707MR,Bond Dissociation Energies,Thermochemistry,MACE-OMOL-0-4M,48.619998181185984,63.168543540882204,14.54854535969622,14.54854535969622,single_atom
HAT707_315,HAT707MR,Bond Dissociation Energies,Thermochemistry,MACE-OMOL-0-4M,-110.70999550574386,-65.17844862435877,45.5315468813851,45.5315468813851,single_atom
HAT707_316,HAT707MR,Bond Dissociation Energies,Thermochemistry,MACE-OMOL-0-4M,63.05999739322439,64.9796103554841,1.9196129622597056,1.9196129622597056,single_atom
HAT707_317,HAT707MR,Bond Dissociation Energies,Thermochemistry,MACE-OMOL-0-4M,94.21999610513204,96.63367787801256,2.4136817728805227,2.4136817728805227,single_atom
HAT707_325,HAT707MR,Bond Dissociation Energies,Thermochemistry,MACE-OMOL-0-4M,-74.7399972076829,-63.93241530055562,10.807581907127286,10.807581907127286,single_atom
HAT707_330,HAT707MR,Bond Dissociation Energies,Thermochemistry,MACE-OMOL-0-4M,-79.2299969221402,-63.248862862815976,15.981134059324226,15.981134059324226,single_atom
HAT707_334,HAT707MR,Bond Dissociation Energies,Thermochemistry,MACE-OMOL-0-4M,-72.98999690389596,-57.23192085105368,15.758076052842277,15.758076052842277,single_atom
HAT707_336,HAT707MR,Bond Dissociation Energies,Thermochemistry,MACE-OMOL-0-4M,-89.62999632503781,-95.34972956687552,-5.719733241837716,5.719733241837716,single_atom
HAT707_339,HAT707MR,Bond Dissociation Energies,Thermochemistry,MACE-OMOL-0-4M,-79.64999654324225,-102.59891274509276,-22.94891620185051,22.94891620185051,single_atom
HAT707_341,HAT707MR,Bond Dissociation Energies,Thermochemistry,MACE-OMOL-0-4M,-129.43999492394573,-94.92031541832216,34.51967950562357,34.51967950562357,single_atom
HAT707_346,HAT707MR,Bond Dissociation Energies,Thermochemistry,MACE-OMOL-0-4M,-73.04999684976768,-89.1284668116425,-16.078469961874816,16.078469961874816,single_atom
HAT707_349,HAT707MR,Bond Dissociation Energies,Thermochemistry,MACE-OMOL-0-4M,60.47999752198108,54.695668626906624,-5.784328895074459,5.784328895074459,single_atom
HAT707_350,HAT707MR,Bond Dissociation Energies,Thermochemistry,MACE-OMOL-0-4M,62.34999771751146,69.39254600664077,7.042548289129314,7.042548289129314,single_atom
HAT707_354,HAT707MR,Bond Dissociation Energies,Thermochemistry,MACE-OMOL-0-4M,-9.71999938884196,1.627770566003983,11.347769954845942,11.347769954845942,single_atom
HAT707_355,HAT707MR,Bond Dissociation Energies,Thermochemistry,MACE-OMOL-0-4M,14.029999265684092,37.67304805974928,23.643048794065187,23.643048794065187,single_atom
HAT707_358,HAT707MR,Bond Dissociation Energies,Thermochemistry,MACE-OMOL-0-4M,21.38999890104327,4.626754118001548,-16.76324478304172,16.76324478304172,single_atom
HAT707_359,HAT707MR,Bond Dissociation Energies,Thermochemistry,MACE-OMOL-0-4M,-5.510000049295501,2.175142029114116,7.685142078409617,7.685142078409617,single_atom
HAT707_360,HAT707MR,Bond Dissociation Energies,Thermochemistry,MACE-OMOL-0-4M,-28.569998698787284,-5.224120479967713,23.34587821881957,23.34587821881957,single_atom
HAT707_361,HAT707MR,Bond Dissociation Energies,Thermochemistry,MACE-OMOL-0-4M,25.1399986555732,19.33992254772562,-5.80007610784758,5.80007610784758,single_atom
HAT707_362,HAT707MR,Bond Dissociation Energies,Thermochemistry,MACE-OMOL-0-4M,-9.599999497098516,2.53005889873502,12.130058395833537,12.130058395833537,single_atom
HAT707_363,HAT707MR,Bond Dissociation Energies,Thermochemistry,MACE-OMOL-0-4M,55.49999762206192,40.42953533840277,-15.070462283659147,15.070462283659147,single_atom
HAT707_364,HAT707MR,Bond Dissociation Energies,Thermochemistry,MACE-OMOL-0-4M,26.78999904957395,28.150279933907285,1.360280884333335,1.360280884333335,single_atom
HAT707_365,HAT707MR,Bond Dissociation Energies,Thermochemistry,MACE-OMOL-0-4M,11.369999782842708,11.673292525565431,0.3032927427227232,0.3032927427227232,single_atom
HAT707_366,HAT707MR,Bond Dissociation Energies,Thermochemistry,MACE-OMOL-0-4M,-1.6599997574698946,-2.772508391122229,-1.1125086336523344,1.1125086336523344,single_atom
HAT707_367,HAT707MR,Bond Dissociation Energies,Thermochemistry,MACE-OMOL-0-4M,-5.649999922996183,-6.014919114394468,-0.3649191913982852,0.3649191913982852,single_atom
HAT707_368,HAT707MR,Bond Dissociation Energies,Thermochemistry,MACE-OMOL-0-4M,36.05999821686853,36.27561030529654,0.21561208842800994,0.21561208842800994,single_atom
HAT707_370,HAT707MR,Bond Dissociation Energies,Thermochemistry,MACE-OMOL-0-4M,-12.369999508214198,-22.709844081770875,-10.339844573556677,10.339844573556677,single_atom
HAT707_371,HAT707MR,Bond Dissociation Energies,Thermochemistry,MACE-OMOL-0-4M,-14.029999265684092,-37.67304805974928,-23.643048794065187,23.643048794065187,single_atom
HAT707_372,HAT707MR,Bond Dissociation Energies,Thermochemistry,MACE-OMOL-0-4M,-22.059998924120293,-22.096597757736667,-0.03659883361637384,0.03659883361637384,single_atom
HAT707_373,HAT707MR,Bond Dissociation Energies,Thermochemistry,MACE-OMOL-0-4M,10.709999750744302,12.661114528959908,1.9511147782156062,1.9511147782156062,single_atom
HAT707_374,HAT707MR,Bond Dissociation Energies,Thermochemistry,MACE-OMOL-0-4M,-53.6799980089341,-53.145160297091294,0.5348377118428047,0.5348377118428047,single_atom
HAT707_376,HAT707MR,Bond Dissociation Energies,Thermochemistry,MACE-OMOL-0-4M,-68.23999742399454,-69.95368279850658,-1.713685374512039,1.713685374512039,single_atom
HAT707_377,HAT707MR,Bond Dissociation Energies,Thermochemistry,MACE-OMOL-0-4M,-99.66999605270507,-128.7838833960637,-29.113887343358613,29.113887343358613,single_atom
HAT707_378,HAT707MR,Bond Dissociation Energies,Thermochemistry,MACE-OMOL-0-4M,2.5299996001193223,2.43218070680789,-0.09781889331143256,0.09781889331143256,single_atom
HAT707_379,HAT707MR,Bond Dissociation Energies,Thermochemistry,MACE-OMOL-0-4M,-34.35999849548415,-34.83772729916505,-0.477728803680904,0.477728803680904,single_atom
HAT707_380,HAT707MR,Bond Dissociation Energies,Thermochemistry,MACE-OMOL-0-4M,-40.009998418480336,-38.72739385856018,1.2826045599201592,1.2826045599201592,single_atom
HAT707_382,HAT707MR,Bond Dissociation Energies,Thermochemistry,MACE-OMOL-0-4M,-78.65999680884937,-83.07948199893326,-4.41948519008389,4.41948519008389,single_atom
HAT707_383,HAT707MR,Bond Dissociation Energies,Thermochemistry,MACE-OMOL-0-4M,-126.34999457400474,-123.81774809162796,2.5322464823767774,2.5322464823767774,single_atom
HAT707_385,HAT707MR,Bond Dissociation Energies,Thermochemistry,MACE-OMOL-0-4M,-120.44999487654304,-119.56461029485529,0.8853845816877595,0.8853845816877595,single_atom
HAT707_387,HAT707MR,Bond Dissociation Energies,Thermochemistry,MACE-OMOL-0-4M,-125.94999493485992,-125.1138083593742,0.8361865754857121,0.8361865754857121,single_atom
HAT707_390,HAT707MR,Bond Dissociation Energies,Thermochemistry,MACE-OMOL-0-4M,-60.6899973325321,-60.54560685500304,0.14439047752906475,0.14439047752906475,single_atom
HAT707_391,HAT707MR,Bond Dissociation Energies,Thermochemistry,MACE-OMOL-0-4M,-108.77999536434172,-107.14549025969336,1.6345051046483547,1.6345051046483547,single_atom
HAT707_392,HAT707MR,Bond Dissociation Energies,Thermochemistry,MACE-OMOL-0-4M,-194.1399917764519,-199.27795077938453,-5.137959002932632,5.137959002932632,single_atom
HAT707_394,HAT707MR,Bond Dissociation Energies,Thermochemistry,MACE-OMOL-0-4M,-130.83999428846204,-133.34427981348725,-2.5042855250252103,2.5042855250252103,single_atom
HAT707_396,HAT707MR,Bond Dissociation Energies,Thermochemistry,MACE-OMOL-0-4M,-142.12999414347578,-134.39336314744727,7.736630996028509,7.736630996028509,single_atom
HAT707_398,HAT707MR,Bond Dissociation Energies,Thermochemistry,MACE-OMOL-0-4M,-110.44999574029973,-108.2616804019343,2.1883153383654275,2.1883153383654275,single_atom
HAT707_4,HAT707MR,Bond Dissociation Energies,Thermochemistry,MACE-OMOL-0-4M,25.559998904184724,55.769281031800375,30.20928212761565,30.20928212761565,single_atom
HAT707_400,HAT707MR,Bond Dissociation Energies,Thermochemistry,MACE-OMOL-0-4M,-77.33999674465257,-75.87522021398733,1.4647765306652332,1.4647765306652332,single_atom
HAT707_404,HAT707MR,Bond Dissociation Energies,Thermochemistry,MACE-OMOL-0-4M,-139.979994200544,-135.1021243026488,4.877869897895209,4.877869897895209,single_atom
HAT707_406,HAT707MR,Bond Dissociation Energies,Thermochemistry,MACE-OMOL-0-4M,-206.6499911583668,-233.56512710045385,-26.915135942087062,26.915135942087062,single_atom
HAT707_411,HAT707MR,Bond Dissociation Energies,Thermochemistry,MACE-OMOL-0-4M,-4.689999534029699,2.7425192680624555,7.432518802092154,7.432518802092154,single_atom
HAT707_412,HAT707MR,Bond Dissociation Energies,Thermochemistry,MACE-OMOL-0-4M,26.46999871074863,34.39658679059092,7.926588079842293,7.926588079842293,single_atom
HAT707_413,HAT707MR,Bond Dissociation Energies,Thermochemistry,MACE-OMOL-0-4M,16.959999132457696,16.915258616490313,-0.04474051596738349,0.04474051596738349,single_atom
HAT707_414,HAT707MR,Bond Dissociation Energies,Thermochemistry,MACE-OMOL-0-4M,-70.40999734888354,-67.95551306150759,2.454484287375948,2.454484287375948,single_atom
HAT707_432,HAT707MR,Bond Dissociation Energies,Thermochemistry,MACE-OMOL-0-4M,-51.44999813817338,-39.8129149614108,11.63708317676258,11.63708317676258,single_atom
HAT707_433,HAT707MR,Bond Dissociation Energies,Thermochemistry,MACE-OMOL-0-4M,-33.24999886934784,-33.53564726936878,-0.28564840002093916,0.28564840002093916,single_atom
HAT707_434,HAT707MR,Bond Dissociation Energies,Thermochemistry,MACE-OMOL-0-4M,-81.07999650820388,-83.4333238392093,-2.353327331005417,2.353327331005417,single_atom
HAT707_435,HAT707MR,Bond Dissociation Energies,Thermochemistry,MACE-OMOL-0-4M,-73.38999717055023,-61.48470839632108,11.905288774229149,11.905288774229149,single_atom
HAT707_438,HAT707MR,Bond Dissociation Energies,Thermochemistry,MACE-OMOL-0-4M,-67.74999723853267,-62.23709108744261,5.512906151090064,5.512906151090064,single_atom
HAT707_439,HAT707MR,Bond Dissociation Energies,Thermochemistry,MACE-OMOL-0-4M,115.05999524364726,51.090951075779934,-63.96904416786733,63.96904416786733,single_atom
HAT707_440,HAT707MR,Bond Dissociation Energies,Thermochemistry,MACE-OMOL-0-4M,67.87999719397493,63.65985042545616,-4.220146768518767,4.220146768518767,single_atom
HAT707_441,HAT707MR,Bond Dissociation Energies,Thermochemistry,MACE-OMOL-0-4M,44.81999784425348,56.26058791633239,11.440590072078912,11.440590072078912,single_atom
HAT707_442,HAT707MR,Bond Dissociation Energies,Thermochemistry,MACE-OMOL-0-4M,63.78999736304788,64.01476729513999,0.2247699320921086,0.2247699320921086,single_atom
HAT707_443,HAT707MR,Bond Dissociation Energies,Thermochemistry,MACE-OMOL-0-4M,84.75999649618954,73.15800092188651,-11.601995574303032,11.601995574303032,single_atom
HAT707_444,HAT707MR,Bond Dissociation Energies,Thermochemistry,MACE-OMOL-0-4M,71.72999678557086,58.71220000526177,-13.01779678030909,13.01779678030909,single_atom
HAT707_448,HAT707MR,Bond Dissociation Energies,Thermochemistry,MACE-OMOL-0-4M,73.38999696620303,61.48470839636303,-11.905288569839996,11.905288569839996,single_atom
HAT707_45,HAT707MR,Bond Dissociation Energies,Thermochemistry,MACE-OMOL-0-4M,-242.63999006589444,-226.95109520803516,15.688894857859282,15.688894857859282,single_atom
HAT707_469,HAT707MR,Bond Dissociation Energies,Thermochemistry,MACE-OMOL-0-4M,-154.63999352539065,-157.96179216117412,-3.321798635783466,3.321798635783466,single_atom
HAT707_484,HAT707MR,Bond Dissociation Energies,Thermochemistry,MACE-OMOL-0-4M,68.69999716007831,64.22722766436256,-4.472769495715752,4.472769495715752,single_atom
HAT707_485,HAT707MR,Bond Dissociation Energies,Thermochemistry,MACE-OMOL-0-4M,99.85999588129889,95.88129518689102,-3.9787006944078627,3.9787006944078627,single_atom
HAT707_5,HAT707MR,Bond Dissociation Energies,Thermochemistry,MACE-OMOL-0-4M,127.73999457505188,139.06489636131317,11.324901786261293,11.324901786261293,single_atom
HAT707_501,HAT707MR,Bond Dissociation Energies,Thermochemistry,MACE-OMOL-0-4M,-95.25999626607674,-107.36017253595185,-12.100176269875107,12.100176269875107,single_atom
HAT707_505,HAT707MR,Bond Dissociation Energies,Thermochemistry,MACE-OMOL-0-4M,38.269998105672,36.46396290268118,-1.8060352029908202,1.8060352029908202,single_atom
HAT707_506,HAT707MR,Bond Dissociation Energies,Thermochemistry,MACE-OMOL-0-4M,40.13999830120239,51.16084028241532,11.020841981212932,11.020841981212932,single_atom
HAT707_509,HAT707MR,Bond Dissociation Energies,Thermochemistry,MACE-OMOL-0-4M,45.149998174057416,40.672031611704895,-4.47796656235252,4.47796656235252,single_atom
HAT707_510,HAT707MR,Bond Dissociation Energies,Thermochemistry,MACE-OMOL-0-4M,6.859999458918696,24.88498611086402,18.024986651945323,18.024986651945323,single_atom
HAT707_511,HAT707MR,Bond Dissociation Energies,Thermochemistry,MACE-OMOL-0-4M,-16.199999190573088,17.485723601740244,33.68572279231333,33.68572279231333,single_atom
HAT707_512,HAT707MR,Bond Dissociation Energies,Thermochemistry,MACE-OMOL-0-4M,48.89999792858734,55.38520004138702,6.4852021127996835,6.4852021127996835,single_atom
HAT707_513,HAT707MR,Bond Dissociation Energies,Thermochemistry,MACE-OMOL-0-4M,2.7700000111156804,25.239902980547843,22.469902969432162,22.469902969432162,single_atom
HAT707_514,HAT707MR,Bond Dissociation Energies,Thermochemistry,MACE-OMOL-0-4M,52.44999786354487,46.66239201187374,-5.787605851671131,5.787605851671131,single_atom
HAT707_515,HAT707MR,Bond Dissociation Energies,Thermochemistry,MACE-OMOL-0-4M,23.739999291056904,34.3831366074202,10.643137316363294,10.643137316363294,single_atom
HAT707_516,HAT707MR,Bond Dissociation Energies,Thermochemistry,MACE-OMOL-0-4M,22.089998897056155,33.272769102623066,11.18277020556691,11.18277020556691,single_atom
HAT707_517,HAT707MR,Bond Dissociation Energies,Thermochemistry,MACE-OMOL-0-4M,10.709999750744302,19.93733569066962,9.227335939925318,9.227335939925318,single_atom
HAT707_521,HAT707MR,Bond Dissociation Energies,Thermochemistry,MACE-OMOL-0-4M,9.71999938884196,-1.6277705660249564,-11.347769954866916,11.347769954866916,single_atom
HAT707_546,HAT707MR,Bond Dissociation Energies,Thermochemistry,MACE-OMOL-0-4M,7.679999974184497,25.45236334977041,17.77236337558591,17.77236337558591,single_atom
HAT707_547,HAT707MR,Bond Dissociation Energies,Thermochemistry,MACE-OMOL-0-4M,38.839998218962826,57.10643087229888,18.266432653336054,18.266432653336054,single_atom
HAT707_580,HAT707MR,Bond Dissociation Energies,Thermochemistry,MACE-OMOL-0-4M,-1.6299997845340342,-15.217086063226375,-13.587086278692341,13.587086278692341,single_atom
HAT707_581,HAT707MR,Bond Dissociation Energies,Thermochemistry,MACE-OMOL-0-4M,15.2499994200947,15.835324583655488,0.585325163560789,0.585325163560789,single_atom
HAT707_6,HAT707MR,Bond Dissociation Energies,Thermochemistry,MACE-OMOL-0-4M,44.529998105873496,63.52346041062895,18.993462304755454,18.993462304755454,single_atom
HAT707_666,HAT707MR,Bond Dissociation Energies,Thermochemistry,MACE-OMOL-0-4M,16.199999190573088,-17.485723601761215,-33.6857227923343,33.6857227923343,single_atom
HAT707_667,HAT707MR,Bond Dissociation Energies,Thermochemistry,MACE-OMOL-0-4M,-12.369999508214198,-34.90053966864802,-22.530540160433823,22.530540160433823,single_atom
HAT707_668,HAT707MR,Bond Dissociation Energies,Thermochemistry,MACE-OMOL-0-4M,28.569998698787284,5.224120479988686,-23.345878218798596,23.345878218798596,single_atom
HAT707_673,HAT707MR,Bond Dissociation Energies,Thermochemistry,MACE-OMOL-0-4M,-71.0999973539178,-123.55976291609598,-52.45976556217818,52.45976556217818,single_atom
HAT707_688,HAT707MR,Bond Dissociation Energies,Thermochemistry,MACE-OMOL-0-4M,-111.40999550175673,-129.87800382268108,-18.468008320924355,18.468008320924355,single_atom
HAT707_689,HAT707MR,Bond Dissociation Energies,Thermochemistry,MACE-OMOL-0-4M,-178.07999245957947,-228.34100662046512,-50.26101416088565,50.26101416088565,single_atom
HAT707_690,HAT707MR,Bond Dissociation Energies,Thermochemistry,MACE-OMOL-0-4M,-123.07999501395804,-100.0789882930068,23.00100672095124,23.00100672095124,single_atom
HAT707_698,HAT707MR,Bond Dissociation Energies,Thermochemistry,MACE-OMOL-0-4M,-101.99999583325202,-130.25026923552355,-28.25027340227153,28.25027340227153,single_atom
HAT707_699,HAT707MR,Bond Dissociation Energies,Thermochemistry,MACE-OMOL-0-4M,-92.01999605145645,-137.49945241374078,-45.47945636228434,45.47945636228434,single_atom
HAT707_7,HAT707MR,Bond Dissociation Energies,Thermochemistry,MACE-OMOL-0-4M,100.19999585793012,101.4558261648263,1.2558303068961862,1.2558303068961862,single_atom
HAT707_700,HAT707MR,Bond Dissociation Energies,Thermochemistry,MACE-OMOL-0-4M,-141.80999443215993,-129.82085508697017,11.989139345189756,11.989139345189756,single_atom
HAT707_704,HAT707MR,Bond Dissociation Energies,Thermochemistry,MACE-OMOL-0-4M,-44.81999784425348,-56.260587916311415,-11.440590072057937,11.440590072057937,single_atom
HAT707_705,HAT707MR,Bond Dissociation Energies,Thermochemistry,MACE-OMOL-0-4M,-22.089998897056155,-33.27276910264404,-11.182770205587886,11.182770205587886,single_atom
HAT707_706,HAT707MR,Bond Dissociation Energies,Thermochemistry,MACE-OMOL-0-4M,1.6599997574698946,2.7725083910802817,1.112508633610387,1.112508633610387,single_atom
HAT707_707,HAT707MR,Bond Dissociation Energies,Thermochemistry,MACE-OMOL-0-4M,-39.17999853974538,-57.01297060745392,-17.832972067708546,17.832972067708546,single_atom
HAT707_71,HAT707MR,Bond Dissociation Energies,Thermochemistry,MACE-OMOL-0-4M,49.43999806894231,63.73592077983055,14.295922710888242,14.295922710888242,single_atom
HAT707_72,HAT707MR,Bond Dissociation Energies,Thermochemistry,MACE-OMOL-0-4M,80.59999666815555,95.389988302359,14.789991634203446,14.789991634203446,single_atom
HAT707_8,HAT707MR,Bond Dissociation Energies,Thermochemistry,MACE-OMOL-0-4M,71.48999704474521,89.17657076024693,17.686573715501723,17.686573715501723,single_atom
HAT707_9,HAT707MR,Bond Dissociation Energies,Thermochemistry,MACE-OMOL-0-4M,65.49999738581472,72.66669403737546,7.166696651560741,7.166696651560741,single_atom
HAT707_1,HAT707nonMR,Bond Dissociation Energies,Thermochemistry,MACE-OMOL-0-4M,26.54999863857759,34.26962482502492,7.719626186447329,7.719626186447329,single_atom
HAT707_100,HAT707nonMR,Bond Dissociation Energies,Thermochemistry,MACE-OMOL-0-4M,5.409999511999825,18.08180295218186,12.671803440182035,12.671803440182035,single_atom
HAT707_101,HAT707nonMR,Bond Dissociation Energies,Thermochemistry,MACE-OMOL-0-4M,2.6800000923080995,21.180486550399237,18.50048645809114,18.50048645809114,single_atom
HAT707_102,HAT707nonMR,Bond Dissociation Energies,Thermochemistry,MACE-OMOL-0-4M,20.889999352112262,27.457754242525148,6.5677548904128855,6.5677548904128855,single_atom
HAT707_104,HAT707nonMR,Bond Dissociation Energies,Thermochemistry,MACE-OMOL-0-4M,-26.94999890523187,-22.439922327483156,4.510076577748713,4.510076577748713,single_atom
HAT707_105,HAT707nonMR,Bond Dissociation Energies,Thermochemistry,MACE-OMOL-0-4M,-52.06999757884783,-43.01792895884638,9.05206862000145,9.05206862000145,single_atom
HAT707_106,HAT707nonMR,Bond Dissociation Energies,Thermochemistry,MACE-OMOL-0-4M,-38.72999831819801,-21.821696207058725,16.90830211113928,16.90830211113928,single_atom
HAT707_107,HAT707nonMR,Bond Dissociation Energies,Thermochemistry,MACE-OMOL-0-4M,-19.25999894006875,-0.4913068845949325,18.768692055473817,18.768692055473817,single_atom
HAT707_110,HAT707nonMR,Bond Dissociation Energies,Thermochemistry,MACE-OMOL-0-4M,-16.519999529398408,-3.589990482728414,12.930009046669994,12.930009046669994,single_atom
HAT707_111,HAT707nonMR,Bond Dissociation Energies,Thermochemistry,MACE-OMOL-0-4M,47.74999833853655,54.79343415295256,7.043435814416007,7.043435814416007,single_atom
HAT707_112,HAT707nonMR,Bond Dissociation Energies,Thermochemistry,MACE-OMOL-0-4M,44.69999795251003,61.02629082633965,16.326292873829615,16.326292873829615,single_atom
HAT707_113,HAT707nonMR,Bond Dissociation Energies,Thermochemistry,MACE-OMOL-0-4M,78.83999674091037,83.67969631990515,4.839699578994782,4.839699578994782,single_atom
HAT707_114,HAT707nonMR,Bond Dissociation Energies,Thermochemistry,MACE-OMOL-0-4M,102.59999575871892,119.7249738136085,17.12497805488958,17.12497805488958,single_atom
HAT707_115,HAT707nonMR,Bond Dissociation Energies,Thermochemistry,MACE-OMOL-0-4M,-13.619999635560664,-1.2436895756535478,12.376310059907116,12.376310059907116,single_atom
HAT707_116,HAT707nonMR,Bond Dissociation Energies,Thermochemistry,MACE-OMOL-0-4M,-145.38999371254386,-175.5297363736244,-30.139742661080533,30.139742661080533,single_atom
HAT707_118,HAT707nonMR,Bond Dissociation Energies,Thermochemistry,MACE-OMOL-0-4M,17.62999915553472,54.81661181625845,37.18661266072373,37.18661266072373,single_atom
HAT707_12,HAT707nonMR,Bond Dissociation Energies,Thermochemistry,MACE-OMOL-0-4M,48.4799983074853,54.97848239733168,6.498484089846379,6.498484089846379,single_atom
HAT707_127,HAT707nonMR,Bond Dissociation Energies,Thermochemistry,MACE-OMOL-0-4M,242.7099899668493,269.8407374057608,27.130747438911527,27.130747438911527,single_atom
HAT707_128,HAT707nonMR,Bond Dissociation Energies,Thermochemistry,MACE-OMOL-0-4M,194.27999227766205,210.8552830187144,16.575290741052356,16.575290741052356,single_atom
HAT707_13,HAT707nonMR,Bond Dissociation Energies,Thermochemistry,MACE-OMOL-0-4M,90.18999627172391,97.2690118170856,7.079015545361685,7.079015545361685,single_atom
HAT707_131,HAT707nonMR,Bond Dissociation Energies,Thermochemistry,MACE-OMOL-0-4M,184.5899923694152,211.46852934272763,26.878536973312436,26.878536973312436,single_atom
HAT707_132,HAT707nonMR,Bond Dissociation Energies,Thermochemistry,MACE-OMOL-0-4M,74.28999692899828,95.76263008982596,21.472633160827684,21.472633160827684,single_atom
HAT707_133,HAT707nonMR,Bond Dissociation Energies,Thermochemistry,MACE-OMOL-0-4M,217.359991014768,246.2262416294242,28.866250614656195,28.866250614656195,single_atom
HAT707_134,HAT707nonMR,Bond Dissociation Energies,Thermochemistry,MACE-OMOL-0-4M,63.24999738537037,96.28545045734622,33.035453071975844,33.035453071975844,single_atom
HAT707_135,HAT707nonMR,Bond Dissociation Energies,Thermochemistry,MACE-OMOL-0-4M,152.96999367652305,180.419966803373,27.449973126849954,27.449973126849954,single_atom
HAT707_136,HAT707nonMR,Bond Dissociation Energies,Thermochemistry,MACE-OMOL-0-4M,44.229998376514885,75.5129567457308,31.28295836921592,31.28295836921592,single_atom
HAT707_137,HAT707nonMR,Bond Dissociation Energies,Thermochemistry,MACE-OMOL-0-4M,26.039999098667963,56.20002274143294,30.160023642764976,30.160023642764976,single_atom
HAT707_138,HAT707nonMR,Bond Dissociation Energies,Thermochemistry,MACE-OMOL-0-4M,138.40999427840475,163.61144430193673,25.201450023531976,25.201450023531976,single_atom
HAT707_139,HAT707nonMR,Bond Dissociation Energies,Thermochemistry,MACE-OMOL-0-4M,82.66999658258575,112.82279245914565,30.152795876559892,30.152795876559892,single_atom
HAT707_14,HAT707nonMR,Bond Dissociation Energies,Thermochemistry,MACE-OMOL-0-4M,42.04999846064728,36.68867617854381,-5.3613222821034725,5.3613222821034725,single_atom
HAT707_140,HAT707nonMR,Bond Dissociation Energies,Thermochemistry,MACE-OMOL-0-4M,28.609998662701766,55.62213676010953,27.01213809740776,27.01213809740776,single_atom
HAT707_141,HAT707nonMR,Bond Dissociation Energies,Thermochemistry,MACE-OMOL-0-4M,106.97999557765864,104.78124370437963,-2.198751873279008,2.198751873279008,single_atom
HAT707_142,HAT707nonMR,Bond Dissociation Energies,Thermochemistry,MACE-OMOL-0-4M,209.17999135291325,235.9973078072512,26.81731645433794,26.81731645433794,single_atom
HAT707_143,HAT707nonMR,Bond Dissociation Energies,Thermochemistry,MACE-OMOL-0-4M,172.29999287745918,198.72739980127827,26.427406923819092,26.427406923819092,single_atom
HAT707_144,HAT707nonMR,Bond Dissociation Energies,Thermochemistry,MACE-OMOL-0-4M,166.64999311101909,194.83773324188317,28.187740130864086,28.187740130864086,single_atom
HAT707_145,HAT707nonMR,Bond Dissociation Energies,Thermochemistry,MACE-OMOL-0-4M,127.99999470873362,150.48564510153105,22.485650392797425,22.485650392797425,single_atom
HAT707_146,HAT707nonMR,Bond Dissociation Energies,Thermochemistry,MACE-OMOL-0-4M,80.29999668055672,109.74737900883632,29.447382328279602,29.447382328279602,single_atom
HAT707_147,HAT707nonMR,Bond Dissociation Energies,Thermochemistry,MACE-OMOL-0-4M,86.19999643666293,114.000516805609,27.800520368946067,27.800520368946067,single_atom
HAT707_148,HAT707nonMR,Bond Dissociation Energies,Thermochemistry,MACE-OMOL-0-4M,80.69999666402163,108.45131874109008,27.75132207706845,27.75132207706845,single_atom
HAT707_149,HAT707nonMR,Bond Dissociation Energies,Thermochemistry,MACE-OMOL-0-4M,145.95999382583466,173.01952024544028,27.059526419605618,27.059526419605618,single_atom
HAT707_15,HAT707nonMR,Bond Dissociation Energies,Thermochemistry,MACE-OMOL-0-4M,41.759998094757805,38.28355743003916,-3.4764406647186448,3.4764406647186448,single_atom
HAT707_150,HAT707nonMR,Bond Dissociation Energies,Thermochemistry,MACE-OMOL-0-4M,97.86999595424828,126.41963684077096,28.54964088652268,28.54964088652268,single_atom
HAT707_151,HAT707nonMR,Bond Dissociation Energies,Thermochemistry,MACE-OMOL-0-4M,8.399999952154623,45.26280476162711,36.862804809472486,36.862804809472486,single_atom
HAT707_152,HAT707nonMR,Bond Dissociation Energies,Thermochemistry,MACE-OMOL-0-4M,75.80999686990474,100.22084728695609,24.41085041705135,24.41085041705135,single_atom
HAT707_153,HAT707nonMR,Bond Dissociation Energies,Thermochemistry,MACE-OMOL-0-4M,64.52999733245754,99.17176395299605,34.641766620538505,34.641766620538505,single_atom
HAT707_154,HAT707nonMR,Bond Dissociation Energies,Thermochemistry,MACE-OMOL-0-4M,63.65999736842143,95.1780902077773,31.518092839355873,31.518092839355873,single_atom
HAT707_155,HAT707nonMR,Bond Dissociation Energies,Thermochemistry,MACE-OMOL-0-4M,96.19999602328237,125.30344669855096,29.10345067526859,29.10345067526859,single_atom
HAT707_156,HAT707nonMR,Bond Dissociation Energies,Thermochemistry,MACE-OMOL-0-4M,129.30999465458058,157.68990688647696,28.379912231896384,28.379912231896384,single_atom
HAT707_157,HAT707nonMR,Bond Dissociation Energies,Thermochemistry,MACE-OMOL-0-4M,66.67999694880136,98.4630027978155,31.783005849014145,31.783005849014145,single_atom
HAT707_158,HAT707nonMR,Bond Dissociation Energies,Thermochemistry,MACE-OMOL-0-4M,-47.84999824832275,-8.239657607507763,39.61034064081498,39.61034064081498,single_atom
HAT707_159,HAT707nonMR,Bond Dissociation Energies,Thermochemistry,MACE-OMOL-0-4M,97.79999595714196,125.78608585996564,27.98608990282368,27.98608990282368,single_atom
HAT707_160,HAT707nonMR,Bond Dissociation Energies,Thermochemistry,MACE-OMOL-0-4M,-31.0599989625016,37.42046412074448,68.48046308324608,68.48046308324608,single_atom
HAT707_162,HAT707nonMR,Bond Dissociation Energies,Thermochemistry,MACE-OMOL-0-4M,223.6099907564051,250.48038571693365,26.870394960528557,26.870394960528557,single_atom
HAT707_163,HAT707nonMR,Bond Dissociation Energies,Thermochemistry,MACE-OMOL-0-4M,94.8199960803291,124.81856786875484,29.998571788425735,29.998571788425735,single_atom
HAT707_164,HAT707nonMR,Bond Dissociation Energies,Thermochemistry,MACE-OMOL-0-4M,191.39999208790343,217.7298025168088,26.329810428905375,26.329810428905375,single_atom
HAT707_165,HAT707nonMR,Bond Dissociation Energies,Thermochemistry,MACE-OMOL-0-4M,136.24999436769463,165.6096140389462,29.35961967125158,29.35961967125158,single_atom
HAT707_166,HAT707nonMR,Bond Dissociation Energies,Thermochemistry,MACE-OMOL-0-4M,67.40999721340434,94.47119756198992,27.061200348585587,27.061200348585587,single_atom
HAT707_167,HAT707nonMR,Bond Dissociation Energies,Thermochemistry,MACE-OMOL-0-4M,4.909999963068817,38.66649744453713,33.756497481468315,33.756497481468315,single_atom
HAT707_168,HAT707nonMR,Bond Dissociation Energies,Thermochemistry,MACE-OMOL-0-4M,0.4100002576329006,39.35004988227677,38.94004962464387,38.94004962464387,single_atom
HAT707_169,HAT707nonMR,Bond Dissociation Energies,Thermochemistry,MACE-OMOL-0-4M,6.659999639346293,45.36699189406004,38.70699225471375,38.70699225471375,single_atom
HAT707_170,HAT707nonMR,Bond Dissociation Energies,Thermochemistry,MACE-OMOL-0-4M,-9.989999772774176,7.249183178185768,17.239182950959943,17.239182950959943,single_atom
HAT707_171,HAT707nonMR,Bond Dissociation Energies,Thermochemistry,MACE-OMOL-0-4M,-49.79999774417263,7.678597326770594,57.47859507094322,57.47859507094322,single_atom
HAT707_172,HAT707nonMR,Bond Dissociation Energies,Thermochemistry,MACE-OMOL-0-4M,75.53999687732633,90.08659015840442,14.546593281078088,14.546593281078088,single_atom
HAT707_173,HAT707nonMR,Bond Dissociation Energies,Thermochemistry,MACE-OMOL-0-4M,89.89999628371187,122.3338621260654,32.433865842353526,32.433865842353526,single_atom
HAT707_174,HAT707nonMR,Bond Dissociation Energies,Thermochemistry,MACE-OMOL-0-4M,155.19999358433947,193.75221213899056,38.55221855465109,38.55221855465109,single_atom
HAT707_175,HAT707nonMR,Bond Dissociation Energies,Thermochemistry,MACE-OMOL-0-4M,173.39999283198716,200.02947983111648,26.629486999129313,26.629486999129313,single_atom
HAT707_177,HAT707nonMR,Bond Dissociation Energies,Thermochemistry,MACE-OMOL-0-4M,125.56999480918508,150.131803261234,24.561808452048936,24.561808452048936,single_atom
HAT707_178,HAT707nonMR,Bond Dissociation Energies,Thermochemistry,MACE-OMOL-0-4M,32.41999836310342,61.234130215121056,28.81413185201764,28.81413185201764,single_atom
HAT707_179,HAT707nonMR,Bond Dissociation Energies,Thermochemistry,MACE-OMOL-0-4M,45.749998260284094,82.43036296690872,36.68036470662462,36.68036470662462,single_atom
HAT707_18,HAT707nonMR,Bond Dissociation Energies,Thermochemistry,MACE-OMOL-0-4M,32.06999867885171,38.8968037540524,6.826805075200689,6.826805075200689,single_atom
HAT707_180,HAT707nonMR,Bond Dissociation Energies,Thermochemistry,MACE-OMOL-0-4M,133.25999449129563,172.08041870412225,38.82042421282662,38.82042421282662,single_atom
HAT707_183,HAT707nonMR,Bond Dissociation Energies,Thermochemistry,MACE-OMOL-0-4M,67.96999704006231,100.66206869115511,32.6920716510928,32.6920716510928,single_atom
HAT707_184,HAT707nonMR,Bond Dissociation Energies,Thermochemistry,MACE-OMOL-0-4M,69.91999710964599,104.2266833111282,34.30668620148221,34.30668620148221,single_atom
HAT707_185,HAT707nonMR,Bond Dissociation Energies,Thermochemistry,MACE-OMOL-0-4M,93.67999612745452,140.27196080484202,46.59196467738751,46.59196467738751,single_atom
HAT707_186,HAT707nonMR,Bond Dissociation Energies,Thermochemistry,MACE-OMOL-0-4M,138.89999425814892,171.3280360130007,32.42804175485179,32.42804175485179,single_atom
HAT707_187,HAT707nonMR,Bond Dissociation Energies,Thermochemistry,MACE-OMOL-0-4M,-47.12999827035263,-45.159547467698346,1.970450802654284,1.970450802654284,single_atom
HAT707_19,HAT707nonMR,Bond Dissociation Energies,Thermochemistry,MACE-OMOL-0-4M,-23.959999092586543,-34.60755881610533,-10.647559723518789,10.647559723518789,single_atom
HAT707_193,HAT707nonMR,Bond Dissociation Energies,Thermochemistry,MACE-OMOL-0-4M,94.01999611339927,122.76896428166395,28.748968168264682,28.748968168264682,single_atom
HAT707_194,HAT707nonMR,Bond Dissociation Energies,Thermochemistry,MACE-OMOL-0-4M,135.72999438919072,165.05949370136543,29.329499312174704,29.329499312174704,single_atom
HAT707_195,HAT707nonMR,Bond Dissociation Energies,Thermochemistry,MACE-OMOL-0-4M,87.29999639119096,106.07403931432953,18.774042923138566,18.774042923138566,single_atom
HAT707_197,HAT707nonMR,Bond Dissociation Energies,Thermochemistry,MACE-OMOL-0-4M,77.60999679175653,106.68728563833228,29.077288846575755,29.077288846575755,single_atom
HAT707_198,HAT707nonMR,Bond Dissociation Energies,Thermochemistry,MACE-OMOL-0-4M,121.42999498032408,140.92217755750858,19.492182577184494,19.492182577184494,single_atom
HAT707_199,HAT707nonMR,Bond Dissociation Energies,Thermochemistry,MACE-OMOL-0-4M,110.37999543710936,141.44499792502884,31.065002487919486,31.065002487919486,single_atom
HAT707_20,HAT707nonMR,Bond Dissociation Energies,Thermochemistry,MACE-OMOL-0-4M,64.83999731964255,73.65451604074897,8.814518721106424,8.814518721106424,single_atom
HAT707_200,HAT707nonMR,Bond Dissociation Energies,Thermochemistry,MACE-OMOL-0-4M,45.98999804377098,75.63872309897764,29.648725055206654,29.648725055206654,single_atom
HAT707_201,HAT707nonMR,Bond Dissociation Energies,Thermochemistry,MACE-OMOL-0-4M,91.36999622294502,120.67250421340296,29.30250799045794,29.30250799045794,single_atom
HAT707_202,HAT707nonMR,Bond Dissociation Energies,Thermochemistry,MACE-OMOL-0-4M,73.1699969752973,101.35957020913654,28.18957323383924,28.18957323383924,single_atom
HAT707_203,HAT707nonMR,Bond Dissociation Energies,Thermochemistry,MACE-OMOL-0-4M,-47.49999793656158,-20.542479513639893,26.957518422921684,26.957518422921684,single_atom
HAT707_204,HAT707nonMR,Bond Dissociation Energies,Thermochemistry,MACE-OMOL-0-4M,31.42999862871055,58.830200597562346,27.400201968851796,27.400201968851796,single_atom
HAT707_205,HAT707nonMR,Bond Dissociation Energies,Thermochemistry,MACE-OMOL-0-4M,129.79999463432537,157.98233992684925,28.182345292523877,28.182345292523877,single_atom
HAT707_206,HAT707nonMR,Bond Dissociation Energies,Thermochemistry,MACE-OMOL-0-4M,75.73999686905847,100.78168422781312,25.041687358754643,25.041687358754643,single_atom
HAT707_207,HAT707nonMR,Bond Dissociation Energies,Thermochemistry,MACE-OMOL-0-4M,102.19999577525464,131.21606410287683,29.016068327622193,29.016068327622193,single_atom
HAT707_208,HAT707nonMR,Bond Dissociation Energies,Thermochemistry,MACE-OMOL-0-4M,65.30999730021375,93.94615609690388,28.636158796690125,28.636158796690125,single_atom
HAT707_209,HAT707nonMR,Bond Dissociation Energies,Thermochemistry,MACE-OMOL-0-4M,59.65999763422474,90.05648953750875,30.396491903284016,30.396491903284016,single_atom
HAT707_21,HAT707nonMR,Bond Dissociation Energies,Thermochemistry,MACE-OMOL-0-4M,-35.00999853660394,-34.08473844858507,0.9252600880188666,0.9252600880188666,single_atom
HAT707_210,HAT707nonMR,Bond Dissociation Energies,Thermochemistry,MACE-OMOL-0-4M,91.84999620310305,116.88870706388126,25.03871086077821,25.03871086077821,single_atom
HAT707_211,HAT707nonMR,Bond Dissociation Energies,Thermochemistry,MACE-OMOL-0-4M,21.009999243855702,45.70440139713568,24.69440215327998,24.69440215327998,single_atom
HAT707_212,HAT707nonMR,Bond Dissociation Energies,Thermochemistry,MACE-OMOL-0-4M,-26.679999148809127,4.966135304440961,31.646134453250088,31.646134453250088,single_atom
HAT707_213,HAT707nonMR,Bond Dissociation Energies,Thermochemistry,MACE-OMOL-0-4M,-51.459998129152005,-23.84429964424751,27.615698484904495,27.615698484904495,single_atom
HAT707_214,HAT707nonMR,Bond Dissociation Energies,Thermochemistry,MACE-OMOL-0-4M,-20.77999945134744,9.219273101213638,29.999272552561077,29.999272552561077,single_atom
HAT707_215,HAT707nonMR,Bond Dissociation Energies,Thermochemistry,MACE-OMOL-0-4M,22.54999910958216,48.93380208220647,26.38380297262431,26.38380297262431,single_atom
HAT707_216,HAT707nonMR,Bond Dissociation Energies,Thermochemistry,MACE-OMOL-0-4M,-26.27999888215485,3.67007503670522,29.95007391886007,29.95007391886007,single_atom
HAT707_217,HAT707nonMR,Bond Dissociation Energies,Thermochemistry,MACE-OMOL-0-4M,48.14999797768136,77.01732660582007,28.867328628138715,28.867328628138715,single_atom
HAT707_218,HAT707nonMR,Bond Dissociation Energies,Thermochemistry,MACE-OMOL-0-4M,16.989999105393554,44.53484953701648,27.544850431622923,27.544850431622923,single_atom
HAT707_219,HAT707nonMR,Bond Dissociation Energies,Thermochemistry,MACE-OMOL-0-4M,38.97999809266351,68.2382765410659,29.258278448402393,29.258278448402393,single_atom
HAT707_22,HAT707nonMR,Bond Dissociation Energies,Thermochemistry,MACE-OMOL-0-4M,0.4500002215473813,7.848241214697768,7.398240993150386,7.398240993150386,single_atom
HAT707_220,HAT707nonMR,Bond Dissociation Energies,Thermochemistry,MACE-OMOL-0-4M,-9.109999311636654,21.63839313638607,30.748392448022727,30.748392448022727,single_atom
HAT707_222,HAT707nonMR,Bond Dissociation Energies,Thermochemistry,MACE-OMOL-0-4M,-31.169998863266425,-4.560396417418319,26.609602445848104,26.609602445848104,single_atom
HAT707_223,HAT707nonMR,Bond Dissociation Energies,Thermochemistry,MACE-OMOL-0-4M,39.66999809769778,66.62390924932727,26.95391115162949,26.95391115162949,single_atom
HAT707_224,HAT707nonMR,Bond Dissociation Energies,Thermochemistry,MACE-OMOL-0-4M,-42.459998090770696,-5.609479751378357,36.85051833939234,36.85051833939234,single_atom
HAT707_225,HAT707nonMR,Bond Dissociation Energies,Thermochemistry,MACE-OMOL-0-4M,4.820000044261236,35.006970309591814,30.18697026533058,30.18697026533058,single_atom
HAT707_226,HAT707nonMR,Bond Dissociation Energies,Thermochemistry,MACE-OMOL-0-4M,-10.779999687594644,20.522202994166086,31.302202681760733,31.302202681760733,single_atom
HAT707_227,HAT707nonMR,Bond Dissociation Energies,Thermochemistry,MACE-OMOL-0-4M,-27.929998648646123,-6.28602321260164,21.64397543604448,21.64397543604448,single_atom
HAT707_228,HAT707nonMR,Bond Dissociation Energies,Thermochemistry,MACE-OMOL-0-4M,22.32999930805251,52.90866318208159,30.57866387402908,30.57866387402908,single_atom
HAT707_229,HAT707nonMR,Bond Dissociation Energies,Thermochemistry,MACE-OMOL-0-4M,-87.96999656756792,-62.79723607082008,25.17276049674784,25.17276049674784,single_atom
HAT707_23,HAT707nonMR,Bond Dissociation Energies,Thermochemistry,MACE-OMOL-0-4M,-54.01999770220718,-54.85723216021096,-0.8372344580037847,0.8372344580037847,single_atom
HAT707_230,HAT707nonMR,Bond Dissociation Energies,Thermochemistry,MACE-OMOL-0-4M,9.12999992110337,40.49094879296964,31.36094887186627,31.36094887186627,single_atom
HAT707_231,HAT707nonMR,Bond Dissociation Energies,Thermochemistry,MACE-OMOL-0-4M,-40.30999814783893,-6.31824090656938,33.99175724126955,33.99175724126955,single_atom
HAT707_232,HAT707nonMR,Bond Dissociation Energies,Thermochemistry,MACE-OMOL-0-4M,-78.37999706144801,-49.15910694427535,29.220890117172658,29.220890117172658,single_atom
HAT707_233,HAT707nonMR,Bond Dissociation Energies,Thermochemistry,MACE-OMOL-0-4M,-106.97999573317117,-104.78124370438488,2.198752028786288,2.198752028786288,single_atom
HAT707_234,HAT707nonMR,Bond Dissociation Energies,Thermochemistry,MACE-OMOL-0-4M,-0.7099999869915055,36.91988986019583,37.629889847187336,37.629889847187336,single_atom
HAT707_235,HAT707nonMR,Bond Dissociation Energies,Thermochemistry,MACE-OMOL-0-4M,47.12999827035263,45.15954746770359,-1.9704508026490402,1.9704508026490402,single_atom
HAT707_238,HAT707nonMR,Bond Dissociation Energies,Thermochemistry,MACE-OMOL-0-4M,116.62999517874648,145.69914201255924,29.069146833812752,29.069146833812752,single_atom
HAT707_239,HAT707nonMR,Bond Dissociation Energies,Thermochemistry,MACE-OMOL-0-4M,84.41999651024416,112.94855881241344,28.528562302169277,28.528562302169277,single_atom
HAT707_24,HAT707nonMR,Bond Dissociation Energies,Thermochemistry,MACE-OMOL-0-4M,-72.21999697103273,-74.17016616447738,-1.9501691934446512,1.9501691934446512,single_atom
HAT707_240,HAT707nonMR,Bond Dissociation Energies,Thermochemistry,MACE-OMOL-0-4M,29.259998703821548,60.828370334561335,31.568371630739787,31.568371630739787,single_atom
HAT707_241,HAT707nonMR,Bond Dissociation Energies,Thermochemistry,MACE-OMOL-0-4M,114.53999526514332,139.630745029683,25.09074976453968,25.09074976453968,single_atom
HAT707_242,HAT707nonMR,Bond Dissociation Energies,Thermochemistry,MACE-OMOL-0-4M,39.83999857184379,68.628525282385,28.788526710541205,28.788526710541205,single_atom
HAT707_243,HAT707nonMR,Bond Dissociation Energies,Thermochemistry,MACE-OMOL-0-4M,32.84999860269356,61.51475606959746,28.6647574669039,28.6647574669039,single_atom
HAT707_244,HAT707nonMR,Bond Dissociation Energies,Thermochemistry,MACE-OMOL-0-4M,30.41999891236044,58.52361439888968,28.103615486529236,28.103615486529236,single_atom
HAT707_245,HAT707nonMR,Bond Dissociation Energies,Thermochemistry,MACE-OMOL-0-4M,37.6699986469548,66.35306253345934,28.683063886504534,28.683063886504534,single_atom
HAT707_246,HAT707nonMR,Bond Dissociation Energies,Thermochemistry,MACE-OMOL-0-4M,43.13999810482634,74.67372877063197,31.533730665805628,31.533730665805628,single_atom
HAT707_247,HAT707nonMR,Bond Dissociation Energies,Thermochemistry,MACE-OMOL-0-4M,54.04999767514305,82.95335267318313,28.903354998040086,28.903354998040086,single_atom
HAT707_248,HAT707nonMR,Bond Dissociation Energies,Thermochemistry,MACE-OMOL-0-4M,-33.429998706963005,-7.198275832195812,26.231722874767193,26.231722874767193,single_atom
HAT707_249,HAT707nonMR,Bond Dissociation Energies,Thermochemistry,MACE-OMOL-0-4M,63.73999736511453,93.8334288716769,30.093431506562368,30.093431506562368,single_atom
HAT707_25,HAT707nonMR,Bond Dissociation Energies,Thermochemistry,MACE-OMOL-0-4M,-144.62999377065924,-130.02273135337617,14.607262417283067,14.607262417283067,single_atom
HAT707_250,HAT707nonMR,Bond Dissociation Energies,Thermochemistry,MACE-OMOL-0-4M,-38.38999862492492,-13.097861499696275,25.292137125228646,25.292137125228646,single_atom
HAT707_251,HAT707nonMR,Bond Dissociation Energies,Thermochemistry,MACE-OMOL-0-4M,100.09999586206406,132.01267600131217,31.91268013924811,31.91268013924811,single_atom
HAT707_252,HAT707nonMR,Bond Dissociation Energies,Thermochemistry,MACE-OMOL-0-4M,48.6299981721646,81.80710741110668,33.17710923894209,33.17710923894209,single_atom
HAT707_253,HAT707nonMR,Bond Dissociation Energies,Thermochemistry,MACE-OMOL-0-4M,-76.6999966945114,-0.6008854205271449,76.09911127398425,76.09911127398425,single_atom
HAT707_254,HAT707nonMR,Bond Dissociation Energies,Thermochemistry,MACE-OMOL-0-4M,122.66999492906533,135.246137626108,12.576142697042684,12.576142697042684,single_atom
HAT707_255,HAT707nonMR,Bond Dissociation Energies,Thermochemistry,MACE-OMOL-0-4M,48.20999792355308,88.97096843464765,40.76097051109456,40.76097051109456,single_atom
HAT707_256,HAT707nonMR,Bond Dissociation Energies,Thermochemistry,MACE-OMOL-0-4M,66.41999725432856,95.24823612677356,28.828238872445,28.828238872445,single_atom
HAT707_257,HAT707nonMR,Bond Dissociation Energies,Thermochemistry,MACE-OMOL-0-4M,18.589999544501204,45.35055955684914,26.760560012347938,26.760560012347938,single_atom
HAT707_258,HAT707nonMR,Bond Dissociation Energies,Thermochemistry,MACE-OMOL-0-4M,26.27999888215485,67.29917499973736,41.01917611758251,41.01917611758251,single_atom
HAT707_259,HAT707nonMR,Bond Dissociation Energies,Thermochemistry,MACE-OMOL-0-4M,31.91999881417241,66.54679230862632,34.62679349445391,34.62679349445391,single_atom
HAT707_26,HAT707nonMR,Bond Dissociation Energies,Thermochemistry,MACE-OMOL-0-4M,-14.109999193513053,-8.960281286717517,5.149717906795535,5.149717906795535,single_atom
HAT707_27,HAT707nonMR,Bond Dissociation Energies,Thermochemistry,MACE-OMOL-0-4M,-15.589999113367783,-17.54739644678564,-1.9573973334178572,1.9573973334178572,single_atom
HAT707_270,HAT707nonMR,Bond Dissociation Energies,Thermochemistry,MACE-OMOL-0-4M,62.08999732455786,56.22217197302717,-5.8678253515306835,5.8678253515306835,single_atom
HAT707_271,HAT707nonMR,Bond Dissociation Energies,Thermochemistry,MACE-OMOL-0-4M,103.80999570870044,98.51270139273916,-5.297294315961281,5.297294315961281,single_atom
HAT707_272,HAT707nonMR,Bond Dissociation Energies,Thermochemistry,MACE-OMOL-0-4M,55.37999773031848,39.52724700565077,-15.852750724667708,15.852750724667708,single_atom
HAT707_274,HAT707nonMR,Bond Dissociation Energies,Thermochemistry,MACE-OMOL-0-4M,45.68999831441237,40.14049332970595,-5.549504984706424,5.549504984706424,single_atom
HAT707_275,HAT707nonMR,Bond Dissociation Energies,Thermochemistry,MACE-OMOL-0-4M,14.059999238619952,9.091930790351316,-4.968068448268635,4.968068448268635,single_atom
HAT707_276,HAT707nonMR,Bond Dissociation Energies,Thermochemistry,MACE-OMOL-0-4M,15.629999077282264,19.8908199856108,4.260820908328537,4.260820908328537,single_atom
HAT707_277,HAT707nonMR,Bond Dissociation Energies,Thermochemistry,MACE-OMOL-0-4M,-2.570000191543277,0.5778859813339026,3.14788617287718,3.14788617287718,single_atom
HAT707_278,HAT707nonMR,Bond Dissociation Energies,Thermochemistry,MACE-OMOL-0-4M,30.879998497376967,28.616627430635457,-2.2633710667415095,2.2633710667415095,single_atom
HAT707_279,HAT707nonMR,Bond Dissociation Energies,Thermochemistry,MACE-OMOL-0-4M,-0.500000176440482,-7.71659171106397,-7.216591534623488,7.216591534623488,single_atom
HAT707_28,HAT707nonMR,Bond Dissociation Energies,Thermochemistry,MACE-OMOL-0-4M,-69.64999740699892,-74.74805214581652,-5.098054738817595,5.098054738817595,single_atom
HAT707_280,HAT707nonMR,Bond Dissociation Energies,Thermochemistry,MACE-OMOL-0-4M,54.05999766612167,57.20065569902563,3.140658032903964,3.140658032903964,single_atom
HAT707_281,HAT707nonMR,Bond Dissociation Energies,Thermochemistry,MACE-OMOL-0-4M,-31.91999881417241,-66.54679230864204,-34.62679349446963,34.62679349446963,single_atom
HAT707_282,HAT707nonMR,Bond Dissociation Energies,Thermochemistry,MACE-OMOL-0-4M,70.27999709476371,64.6692717942505,-5.610725300513209,5.610725300513209,single_atom
HAT707_283,HAT707nonMR,Bond Dissociation Energies,Thermochemistry,MACE-OMOL-0-4M,33.389998743048515,27.39936378827756,-5.990634954770954,5.990634954770954,single_atom
HAT707_284,HAT707nonMR,Bond Dissociation Energies,Thermochemistry,MACE-OMOL-0-4M,27.73999882005234,23.50969722886146,-4.23030159119088,4.23030159119088,single_atom
HAT707_285,HAT707nonMR,Bond Dissociation Energies,Thermochemistry,MACE-OMOL-0-4M,170.229992963029,166.04781400815662,-4.18217895487237,4.18217895487237,single_atom
HAT707_286,HAT707nonMR,Bond Dissociation Energies,Thermochemistry,MACE-OMOL-0-4M,-10.909999570316703,-20.842390911490643,-9.93239134117394,9.93239134117394,single_atom
HAT707_287,HAT707nonMR,Bond Dissociation Energies,Thermochemistry,MACE-OMOL-0-4M,-58.59999733547206,-61.58065700418536,-2.980659668713301,2.980659668713301,single_atom
HAT707_288,HAT707nonMR,Bond Dissociation Energies,Thermochemistry,MACE-OMOL-0-4M,26.91999893229601,25.31480730003833,-1.6051916322576822,1.6051916322576822,single_atom
HAT707_289,HAT707nonMR,Bond Dissociation Energies,Thermochemistry,MACE-OMOL-0-4M,-52.69999763801037,-57.32751920741268,-4.627521569402305,4.627521569402305,single_atom
HAT707_29,HAT707nonMR,Bond Dissociation Energies,Thermochemistry,MACE-OMOL-0-4M,-45.5399978222236,-67.79048188429559,-22.25048406207199,22.25048406207199,single_atom
HAT707_290,HAT707nonMR,Bond Dissociation Energies,Thermochemistry,MACE-OMOL-0-4M,100.91999582816683,98.09290902648182,-2.827086801685013,2.827086801685013,single_atom
HAT707_291,HAT707nonMR,Bond Dissociation Energies,Thermochemistry,MACE-OMOL-0-4M,-58.20999768730587,-62.87671727191061,-4.666719584604735,4.666719584604735,single_atom
HAT707_292,HAT707nonMR,Bond Dissociation Energies,Thermochemistry,MACE-OMOL-0-4M,126.52999476950046,126.17643355008497,-0.35356121941549645,0.35356121941549645,single_atom
HAT707_293,HAT707nonMR,Bond Dissociation Energies,Thermochemistry,MACE-OMOL-0-4M,95.35999605800664,93.69395648129183,-1.6660395767148088,1.6660395767148088,single_atom
HAT707_294,HAT707nonMR,Bond Dissociation Energies,Thermochemistry,MACE-OMOL-0-4M,7.059999906000574,1.691484232439579,-5.368515673560995,5.368515673560995,single_atom
HAT707_295,HAT707nonMR,Bond Dissociation Energies,Thermochemistry,MACE-OMOL-0-4M,-41.029998125809065,-44.90839917227171,-3.878401046462642,3.878401046462642,single_atom
HAT707_298,HAT707nonMR,Bond Dissociation Energies,Thermochemistry,MACE-OMOL-0-4M,-63.08999767743883,-71.10718872604464,-8.01719104860581,8.01719104860581,single_atom
HAT707_299,HAT707nonMR,Bond Dissociation Energies,Thermochemistry,MACE-OMOL-0-4M,118.03999512046012,115.78301619360262,-2.2569789268574993,2.2569789268574993,single_atom
HAT707_30,HAT707nonMR,Bond Dissociation Energies,Thermochemistry,MACE-OMOL-0-4M,56.6599978306008,63.42558221859696,6.765584387996157,6.765584387996157,single_atom
HAT707_300,HAT707nonMR,Bond Dissociation Energies,Thermochemistry,MACE-OMOL-0-4M,-74.37999690494311,-72.15627206002564,2.22372484491747,2.22372484491747,single_atom
HAT707_301,HAT707nonMR,Bond Dissociation Energies,Thermochemistry,MACE-OMOL-0-4M,17.90999953044556,12.747727240931514,-5.162272289514046,5.162272289514046,single_atom
HAT707_302,HAT707nonMR,Bond Dissociation Energies,Thermochemistry,MACE-OMOL-0-4M,83.19999656067712,84.16607725385668,0.9660806931795634,0.9660806931795634,single_atom
HAT707_303,HAT707nonMR,Bond Dissociation Energies,Thermochemistry,MACE-OMOL-0-4M,-42.699998501767055,-46.02458931451266,-3.3245908127456048,3.3245908127456048,single_atom
HAT707_304,HAT707nonMR,Bond Dissociation Energies,Thermochemistry,MACE-OMOL-0-4M,50.44999778529241,42.87308373162128,-7.576914053671132,7.576914053671132,single_atom
HAT707_305,HAT707nonMR,Bond Dissociation Energies,Thermochemistry,MACE-OMOL-0-4M,-9.589999506119897,-13.638129126544726,-4.048129620424829,4.048129620424829,single_atom
HAT707_306,HAT707nonMR,Bond Dissociation Energies,Thermochemistry,MACE-OMOL-0-4M,87.50999638250988,89.65005573719256,2.140059354682677,2.140059354682677,single_atom
HAT707_307,HAT707nonMR,Bond Dissociation Energies,Thermochemistry,MACE-OMOL-0-4M,-45.749998260284094,-82.4303629669192,-36.68036470663511,36.68036470663511,single_atom
HAT707_308,HAT707nonMR,Bond Dissociation Energies,Thermochemistry,MACE-OMOL-0-4M,-72.22999696201134,-72.86503321522716,-0.6350362532158158,0.6350362532158158,single_atom
HAT707_309,HAT707nonMR,Bond Dissociation Energies,Thermochemistry,MACE-OMOL-0-4M,-138.89999454734357,-171.3280360130112,-32.42804146566763,32.42804146566763,single_atom
HAT707_31,HAT707nonMR,Bond Dissociation Energies,Thermochemistry,MACE-OMOL-0-4M,19.77999909846648,26.15567421262401,6.375675114157531,6.375675114157531,single_atom
HAT707_310,HAT707nonMR,Bond Dissociation Energies,Thermochemistry,MACE-OMOL-0-4M,-76.4499969200459,-63.861794367606805,12.5882025524391,12.5882025524391,single_atom
HAT707_311,HAT707nonMR,Bond Dissociation Energies,Thermochemistry,MACE-OMOL-0-4M,78.37999675992594,49.1591069442806,-29.220889815645343,29.220889815645343,single_atom
HAT707_312,HAT707nonMR,Bond Dissociation Energies,Thermochemistry,MACE-OMOL-0-4M,-28.609998662701766,-55.62213676009904,-27.012138097397273,27.012138097397273,single_atom
HAT707_313,HAT707nonMR,Bond Dissociation Energies,Thermochemistry,MACE-OMOL-0-4M,52.04999759689059,43.355722893077896,-8.694274703812695,8.694274703812695,single_atom
HAT707_314,HAT707nonMR,Bond Dissociation Energies,Thermochemistry,MACE-OMOL-0-4M,-57.16999737051044,-21.665563551261165,35.50443381924927,35.50443381924927,single_atom
HAT707_318,HAT707nonMR,Bond Dissociation Energies,Thermochemistry,MACE-OMOL-0-4M,84.70999649825619,79.15234970393293,-5.5576467943232615,5.5576467943232615,single_atom
HAT707_319,HAT707nonMR,Bond Dissociation Energies,Thermochemistry,MACE-OMOL-0-4M,49.06999777522388,42.38820490190907,-6.681792873314812,6.681792873314812,single_atom
HAT707_32,HAT707nonMR,Bond Dissociation Energies,Thermochemistry,MACE-OMOL-0-4M,14.129999175470292,22.26600765320791,8.136008477737619,8.136008477737619,single_atom
HAT707_320,HAT707nonMR,Bond Dissociation Energies,Thermochemistry,MACE-OMOL-0-4M,52.499997818437976,46.40176650378712,-6.098231314650853,6.098231314650853,single_atom
HAT707_321,HAT707nonMR,Bond Dissociation Energies,Thermochemistry,MACE-OMOL-0-4M,-2.660000110350859,-5.718421974064981,-3.058421863714122,3.058421863714122,single_atom
HAT707_322,HAT707nonMR,Bond Dissociation Energies,Thermochemistry,MACE-OMOL-0-4M,38.79999825504834,38.84906080188038,0.049062546832040255,0.049062546832040255,single_atom
HAT707_323,HAT707nonMR,Bond Dissociation Energies,Thermochemistry,MACE-OMOL-0-4M,118.21999500578232,117.78763222663936,-0.43236277914296295,0.43236277914296295,single_atom
HAT707_324,HAT707nonMR,Bond Dissociation Energies,Thermochemistry,MACE-OMOL-0-4M,111.22999540197188,110.67386301387282,-0.5561323880990585,0.5561323880990585,single_atom
HAT707_326,HAT707nonMR,Bond Dissociation Energies,Thermochemistry,MACE-OMOL-0-4M,108.78999550283716,107.68272134316504,-1.1072741596721158,1.1072741596721158,single_atom
HAT707_327,HAT707nonMR,Bond Dissociation Energies,Thermochemistry,MACE-OMOL-0-4M,116.04999520272304,115.51216947771373,-0.5378257250093128,0.5378257250093128,single_atom
HAT707_328,HAT707nonMR,Bond Dissociation Energies,Thermochemistry,MACE-OMOL-0-4M,121.51999497660395,123.83283571490732,2.3128407383033647,2.3128407383033647,single_atom
HAT707_329,HAT707nonMR,Bond Dissociation Energies,Thermochemistry,MACE-OMOL-0-4M,132.41999452601925,132.11245961740605,-0.3075349086132064,0.3075349086132064,single_atom
HAT707_33,HAT707nonMR,Bond Dissociation Energies,Thermochemistry,MACE-OMOL-0-4M,-5.2799996292777625,7.408455224144984,12.688454853422748,12.688454853422748,single_atom
HAT707_331,HAT707nonMR,Bond Dissociation Energies,Thermochemistry,MACE-OMOL-0-4M,44.94999835448501,41.96083111207954,-2.989167242405472,2.989167242405472,single_atom
HAT707_332,HAT707nonMR,Bond Dissociation Energies,Thermochemistry,MACE-OMOL-0-4M,142.11999412504048,142.99253581594175,0.8725416909012722,0.8725416909012722,single_atom
HAT707_333,HAT707nonMR,Bond Dissociation Energies,Thermochemistry,MACE-OMOL-0-4M,39.989998436523095,36.06124544456859,-3.9287529919545037,3.9287529919545037,single_atom
HAT707_335,HAT707nonMR,Bond Dissociation Energies,Thermochemistry,MACE-OMOL-0-4M,178.47999262199,181.17178294557704,2.6917903235870426,2.6917903235870426,single_atom
HAT707_337,HAT707nonMR,Bond Dissociation Energies,Thermochemistry,MACE-OMOL-0-4M,50.3399978845276,39.75239473577327,-10.587603148754326,10.587603148754326,single_atom
HAT707_338,HAT707nonMR,Bond Dissociation Energies,Thermochemistry,MACE-OMOL-0-4M,-38.64999839036904,-25.316571156083068,13.333427234285974,13.333427234285974,single_atom
HAT707_34,HAT707nonMR,Bond Dissociation Energies,Thermochemistry,MACE-OMOL-0-4M,-24.51999921489875,-22.08608048715468,2.4339187277440715,2.4339187277440715,single_atom
HAT707_340,HAT707nonMR,Bond Dissociation Energies,Thermochemistry,MACE-OMOL-0-4M,127.00999474965847,130.96621435536105,3.9562196057025716,3.9562196057025716,single_atom
HAT707_342,HAT707nonMR,Bond Dissociation Energies,Thermochemistry,MACE-OMOL-0-4M,46.92999782327075,34.46445339830538,-12.465544424965373,12.465544424965373,single_atom
HAT707_343,HAT707nonMR,Bond Dissociation Energies,Thermochemistry,MACE-OMOL-0-4M,44.14999844868593,39.90349915921961,-4.246499289466314,4.246499289466314,single_atom
HAT707_344,HAT707nonMR,Bond Dissociation Energies,Thermochemistry,MACE-OMOL-0-4M,16.28999910938067,22.424176126010835,6.134177016630165,6.134177016630165,single_atom
HAT707_345,HAT707nonMR,Bond Dissociation Energies,Thermochemistry,MACE-OMOL-0-4M,34.49999836918484,28.70144381813675,-5.798554551048088,5.798554551048088,single_atom
HAT707_347,HAT707nonMR,Bond Dissociation Energies,Thermochemistry,MACE-OMOL-0-4M,-13.329999269671209,-21.196232751787655,-7.866233482116446,7.866233482116446,single_atom
HAT707_348,HAT707nonMR,Bond Dissociation Energies,Thermochemistry,MACE-OMOL-0-4M,-5.639999932017563,0.7523826911005621,6.3923826231181256,6.3923826231181256,single_atom
HAT707_35,HAT707nonMR,Bond Dissociation Energies,Thermochemistry,MACE-OMOL-0-4M,-72.20999698005411,-62.8243465798389,9.385650400215212,9.385650400215212,single_atom
HAT707_351,HAT707nonMR,Bond Dissociation Energies,Thermochemistry,MACE-OMOL-0-4M,22.209998788799595,18.231705724309336,-3.978293064490259,3.978293064490259,single_atom
HAT707_352,HAT707nonMR,Bond Dissociation Energies,Thermochemistry,MACE-OMOL-0-4M,5.699999877889284,18.104757974387784,12.404758096498501,12.404758096498501,single_atom
HAT707_353,HAT707nonMR,Bond Dissociation Energies,Thermochemistry,MACE-OMOL-0-4M,2.6500001193722382,24.33761464777486,21.687614528402623,21.687614528402623,single_atom
HAT707_356,HAT707nonMR,Bond Dissociation Energies,Thermochemistry,MACE-OMOL-0-4M,-75.7399969330544,-100.78168422780789,-25.041687294753487,25.041687294753487,single_atom
HAT707_357,HAT707nonMR,Bond Dissociation Energies,Thermochemistry,MACE-OMOL-0-4M,-76.04999665339162,-85.45534898858358,-9.405352335191964,9.405352335191964,single_atom
HAT707_36,HAT707nonMR,Bond Dissociation Energies,Thermochemistry,MACE-OMOL-0-4M,10.499999312683803,17.98407027998003,7.484070967296228,7.484070967296228,single_atom
HAT707_369,HAT707nonMR,Bond Dissociation Energies,Thermochemistry,MACE-OMOL-0-4M,-2.6500001193722382,-24.33761464779583,-21.687614528423595,21.687614528423595,single_atom
HAT707_37,HAT707nonMR,Bond Dissociation Energies,Thermochemistry,MACE-OMOL-0-4M,-148.58999396324967,-133.3245514839733,15.265442479276373,15.265442479276373,single_atom
HAT707_375,HAT707nonMR,Bond Dissociation Energies,Thermochemistry,MACE-OMOL-0-4M,-96.12999610872616,-102.34958692473607,-6.219590816009912,6.219590816009912,single_atom
HAT707_38,HAT707nonMR,Bond Dissociation Energies,Thermochemistry,MACE-OMOL-0-4M,-66.31999727357103,-58.57120878306623,7.748788490504801,7.748788490504801,single_atom
HAT707_381,HAT707nonMR,Bond Dissociation Energies,Thermochemistry,MACE-OMOL-0-4M,43.219998032655305,35.081599652785066,-8.138398379870239,8.138398379870239,single_atom
HAT707_384,HAT707nonMR,Bond Dissociation Energies,Thermochemistry,MACE-OMOL-0-4M,-100.08999567380712,-105.6514070553437,-5.561411381536573,5.561411381536573,single_atom
HAT707_386,HAT707nonMR,Bond Dissociation Energies,Thermochemistry,MACE-OMOL-0-4M,-26.07999906258244,-32.87330532888973,-6.793306266307287,6.793306266307287,single_atom
HAT707_388,HAT707nonMR,Bond Dissociation Energies,Thermochemistry,MACE-OMOL-0-4M,-0.4800001944832417,-4.78978080531806,-4.309780610834818,4.309780610834818,single_atom
HAT707_389,HAT707nonMR,Bond Dissociation Energies,Thermochemistry,MACE-OMOL-0-4M,-31.639998439261568,-37.27225787407971,-5.632259434818145,5.632259434818145,single_atom
HAT707_39,HAT707nonMR,Bond Dissociation Energies,Thermochemistry,MACE-OMOL-0-4M,-74.57999672451551,-60.54644975752981,14.033546966985703,14.033546966985703,single_atom
HAT707_393,HAT707nonMR,Bond Dissociation Energies,Thermochemistry,MACE-OMOL-0-4M,-85.27999648428118,-95.00915604321492,-9.72915955893373,9.72915955893373,single_atom
HAT707_395,HAT707nonMR,Bond Dissociation Energies,Thermochemistry,MACE-OMOL-0-4M,-8.959999446957351,-15.183198161768928,-6.223198714811577,6.223198714811577,single_atom
HAT707_397,HAT707nonMR,Bond Dissociation Energies,Thermochemistry,MACE-OMOL-0-4M,-43.80999812790336,-46.80013710158827,-2.990138973684907,2.990138973684907,single_atom
HAT707_399,HAT707nonMR,Bond Dissociation Energies,Thermochemistry,MACE-OMOL-0-4M,-76.55999682081072,-88.09313062373978,-11.533133802929058,11.533133802929058,single_atom
HAT707_40,HAT707nonMR,Bond Dissociation Energies,Thermochemistry,MACE-OMOL-0-4M,-71.81999733188792,-64.12040684756415,7.699590484323764,7.699590484323764,single_atom
HAT707_401,HAT707nonMR,Bond Dissociation Energies,Thermochemistry,MACE-OMOL-0-4M,-136.59999411222302,-144.60434348192675,-8.004349369703732,8.004349369703732,single_atom
HAT707_402,HAT707nonMR,Bond Dissociation Energies,Thermochemistry,MACE-OMOL-0-4M,-39.49999825106123,-41.3161586181685,-1.8161603671072726,1.8161603671072726,single_atom
HAT707_403,HAT707nonMR,Bond Dissociation Energies,Thermochemistry,MACE-OMOL-0-4M,-50.3399978845276,-39.752394735752304,10.587603148775294,10.587603148775294,single_atom
HAT707_405,HAT707nonMR,Bond Dissociation Energies,Thermochemistry,MACE-OMOL-0-4M,-127.00999460610312,-130.96621435537153,-3.9562197492684135,3.9562197492684135,single_atom
HAT707_407,HAT707nonMR,Bond Dissociation Energies,Thermochemistry,MACE-OMOL-0-4M,-48.6299981721646,-81.80710741111193,-33.17710923894733,33.17710923894733,single_atom
HAT707_408,HAT707nonMR,Bond Dissociation Energies,Thermochemistry,MACE-OMOL-0-4M,41.159998008531126,20.8030409912638,-20.356957017267327,20.356957017267327,single_atom
HAT707_409,HAT707nonMR,Bond Dissociation Energies,Thermochemistry,MACE-OMOL-0-4M,-59.81999748988267,-46.00317819911992,13.816819290762744,13.816819290762744,single_atom
HAT707_41,HAT707nonMR,Bond Dissociation Energies,Thermochemistry,MACE-OMOL-0-4M,-48.97999785641631,-32.46292523392668,16.51707262248963,16.51707262248963,single_atom
HAT707_410,HAT707nonMR,Bond Dissociation Energies,Thermochemistry,MACE-OMOL-0-4M,-124.73999477142792,-102.85149668408708,21.888498087340835,21.888498087340835,single_atom
HAT707_415,HAT707nonMR,Bond Dissociation Energies,Thermochemistry,MACE-OMOL-0-4M,-8.78999960032081,-13.1785821287112,-4.3885825283903905,4.3885825283903905,single_atom
HAT707_416,HAT707nonMR,Bond Dissociation Energies,Thermochemistry,MACE-OMOL-0-4M,-15.779999569471045,-20.292351341519705,-4.51235177204866,4.51235177204866,single_atom
HAT707_417,HAT707nonMR,Bond Dissociation Energies,Thermochemistry,MACE-OMOL-0-4M,-88.769996473367,-101.6054633603049,-12.835466886937894,12.835466886937894,single_atom
HAT707_418,HAT707nonMR,Bond Dissociation Energies,Thermochemistry,MACE-OMOL-0-4M,-18.209999259804164,-23.28349301220652,-5.0734937524023564,5.0734937524023564,single_atom
HAT707_419,HAT707nonMR,Bond Dissociation Energies,Thermochemistry,MACE-OMOL-0-4M,-10.959999525209806,-15.45404487763686,-4.4940453524270545,4.4940453524270545,single_atom
HAT707_42,HAT707nonMR,Bond Dissociation Energies,Thermochemistry,MACE-OMOL-0-4M,-80.1399967287041,-64.9454023027198,15.194594425984306,15.194594425984306,single_atom
HAT707_420,HAT707nonMR,Bond Dissociation Energies,Thermochemistry,MACE-OMOL-0-4M,-5.49000006733826,-7.133378640485199,-1.643378573146939,1.643378573146939,single_atom
HAT707_421,HAT707nonMR,Bond Dissociation Energies,Thermochemistry,MACE-OMOL-0-4M,5.4199995029784445,1.146245262044986,-4.273754240933458,4.273754240933458,single_atom
HAT707_422,HAT707nonMR,Bond Dissociation Energies,Thermochemistry,MACE-OMOL-0-4M,-93.26999617880293,-100.92191092256526,-7.651914743762333,7.651914743762333,single_atom
HAT707_423,HAT707nonMR,Bond Dissociation Energies,Thermochemistry,MACE-OMOL-0-4M,-82.05999687912761,-89.00538324331298,-6.945386364185367,6.945386364185367,single_atom
HAT707_424,HAT707nonMR,Bond Dissociation Energies,Thermochemistry,MACE-OMOL-0-4M,15.109999546394016,12.026321460580702,-3.0836780858133146,3.0836780858133146,single_atom
HAT707_425,HAT707nonMR,Bond Dissociation Energies,Thermochemistry,MACE-OMOL-0-4M,-87.01999616958005,-94.904968910782,-7.884972741201949,7.884972741201949,single_atom
HAT707_426,HAT707nonMR,Bond Dissociation Energies,Thermochemistry,MACE-OMOL-0-4M,51.46999812013062,50.20556859020549,-1.2644295299251311,1.2644295299251311,single_atom
HAT707_427,HAT707nonMR,Bond Dissociation Energies,Thermochemistry,MACE-OMOL-0-4M,-103.66999558170052,-133.02277762664576,-29.352782044945243,29.352782044945243,single_atom
HAT707_428,HAT707nonMR,Bond Dissociation Energies,Thermochemistry,MACE-OMOL-0-4M,-41.29999850974128,-49.65418580385793,-8.354187294116649,8.354187294116649,single_atom
HAT707_429,HAT707nonMR,Bond Dissociation Energies,Thermochemistry,MACE-OMOL-0-4M,-93.6799964364358,-140.27196080482105,-46.59196436838525,46.59196436838525,single_atom
HAT707_43,HAT707nonMR,Bond Dissociation Energies,Thermochemistry,MACE-OMOL-0-4M,-6.559999729560092,0.447794656786031,7.007794386346123,7.007794386346123,single_atom
HAT707_430,HAT707nonMR,Bond Dissociation Energies,Thermochemistry,MACE-OMOL-0-4M,-143.47999418060846,-132.59336347805046,10.886630702557994,10.886630702557994,single_atom
HAT707_431,HAT707nonMR,Bond Dissociation Energies,Thermochemistry,MACE-OMOL-0-4M,76.69999682937386,0.6008854205219015,-76.09911140885195,76.09911140885195,single_atom
HAT707_436,HAT707nonMR,Bond Dissociation Energies,Thermochemistry,MACE-OMOL-0-4M,3.049999758517045,-6.232856673387076,-9.28285643190412,9.28285643190412,single_atom
HAT707_437,HAT707nonMR,Bond Dissociation Energies,Thermochemistry,MACE-OMOL-0-4M,-23.75999927301414,-36.04527749370335,-12.28527822068921,12.28527822068921,single_atom
HAT707_44,HAT707nonMR,Bond Dissociation Energies,Thermochemistry,MACE-OMOL-0-4M,-54.64999776136973,-46.152088747925255,8.497909013444477,8.497909013444477,single_atom
HAT707_445,HAT707nonMR,Bond Dissociation Energies,Thermochemistry,MACE-OMOL-0-4M,67.7399971997623,55.46978928192661,-12.270207917835691,12.270207917835691,single_atom
HAT707_446,HAT707nonMR,Bond Dissociation Energies,Thermochemistry,MACE-OMOL-0-4M,109.44999547555372,97.76031870163858,-11.689676773915139,11.689676773915139,single_atom
HAT707_447,HAT707nonMR,Bond Dissociation Energies,Thermochemistry,MACE-OMOL-0-4M,61.01999766233604,38.7748643145502,-22.24513334778584,22.24513334778584,single_atom
HAT707_449,HAT707nonMR,Bond Dissociation Energies,Thermochemistry,MACE-OMOL-0-4M,51.32999761892047,39.38811063860538,-11.94188698031509,11.94188698031509,single_atom
HAT707_450,HAT707nonMR,Bond Dissociation Energies,Thermochemistry,MACE-OMOL-0-4M,84.09999652347236,74.14582292530196,-9.9541735981704,9.9541735981704,single_atom
HAT707_451,HAT707nonMR,Bond Dissociation Energies,Thermochemistry,MACE-OMOL-0-4M,19.70999916161613,8.339548099292701,-11.370451062323427,11.370451062323427,single_atom
HAT707_452,HAT707nonMR,Bond Dissociation Energies,Thermochemistry,MACE-OMOL-0-4M,-56.62999785766494,-61.03342830659905,-4.40343044893411,4.40343044893411,single_atom
HAT707_453,HAT707nonMR,Bond Dissociation Energies,Thermochemistry,MACE-OMOL-0-4M,5.149999746555701,-8.468974402185506,-13.618974148741206,13.618974148741206,single_atom
HAT707_454,HAT707nonMR,Bond Dissociation Energies,Thermochemistry,MACE-OMOL-0-4M,-26.27999888215485,-67.29917499972163,-41.01917611756678,41.01917611756678,single_atom
HAT707_455,HAT707nonMR,Bond Dissociation Energies,Thermochemistry,MACE-OMOL-0-4M,75.91999686161765,63.91688910317092,-12.003107758446731,12.003107758446731,single_atom
HAT707_456,HAT707nonMR,Bond Dissociation Energies,Thermochemistry,MACE-OMOL-0-4M,39.02999867506608,26.646981097156026,-12.383017577910056,12.383017577910056,single_atom
HAT707_457,HAT707nonMR,Bond Dissociation Energies,Thermochemistry,MACE-OMOL-0-4M,33.3799987520699,22.75731453778187,-10.622684214288032,10.622684214288032,single_atom
HAT707_458,HAT707nonMR,Bond Dissociation Energies,Thermochemistry,MACE-OMOL-0-4M,82.7199965805191,76.39775827094309,-6.322238309576008,6.322238309576008,single_atom
HAT707_459,HAT707nonMR,Bond Dissociation Energies,Thermochemistry,MACE-OMOL-0-4M,-5.269999638299143,-21.594773602591207,-16.324773964292064,16.324773964292064,single_atom
HAT707_46,HAT707nonMR,Bond Dissociation Energies,Thermochemistry,MACE-OMOL-0-4M,17.319999435197495,24.71581777039359,7.395818335196093,7.395818335196093,single_atom
HAT707_460,HAT707nonMR,Bond Dissociation Energies,Thermochemistry,MACE-OMOL-0-4M,-52.95999803096397,-62.33303969528592,-9.373041664321946,9.373041664321946,single_atom
HAT707_461,HAT707nonMR,Bond Dissociation Energies,Thermochemistry,MACE-OMOL-0-4M,-60.589997422745896,-64.3352484371752,-3.7452510144293,3.7452510144293,single_atom
HAT707_462,HAT707nonMR,Bond Dissociation Energies,Thermochemistry,MACE-OMOL-0-4M,-47.059998333502286,-58.07990189851324,-11.019903565010956,11.019903565010956,single_atom
HAT707_463,HAT707nonMR,Bond Dissociation Energies,Thermochemistry,MACE-OMOL-0-4M,13.409999197500166,8.442853289268289,-4.967145908231878,4.967145908231878,single_atom
HAT707_464,HAT707nonMR,Bond Dissociation Energies,Thermochemistry,MACE-OMOL-0-4M,-52.55999776430969,-63.6290999629902,-11.069102198680511,11.069102198680511,single_atom
HAT707_465,HAT707nonMR,Bond Dissociation Energies,Thermochemistry,MACE-OMOL-0-4M,39.01999868408747,36.52637781289239,-2.493620871195077,2.493620871195077,single_atom
HAT707_466,HAT707nonMR,Bond Dissociation Energies,Thermochemistry,MACE-OMOL-0-4M,7.859999811799661,4.043900744057326,-3.8160990677423348,3.8160990677423348,single_atom
HAT707_467,HAT707nonMR,Bond Dissociation Energies,Thermochemistry,MACE-OMOL-0-4M,12.69999921050866,0.9391015413180432,-11.760897669190616,11.760897669190616,single_atom
HAT707_468,HAT707nonMR,Bond Dissociation Energies,Thermochemistry,MACE-OMOL-0-4M,-35.38999882130098,-45.66078186330935,-10.270783042008375,10.270783042008375,single_atom
HAT707_47,HAT707nonMR,Bond Dissociation Energies,Thermochemistry,MACE-OMOL-0-4M,-76.70999668549003,-72.35087830170868,4.35911838378135,4.35911838378135,single_atom
HAT707_470,HAT707nonMR,Bond Dissociation Energies,Thermochemistry,MACE-OMOL-0-4M,-57.44999774542127,-71.85957141712423,-14.409573671702958,14.409573671702958,single_atom
HAT707_471,HAT707nonMR,Bond Dissociation Energies,Thermochemistry,MACE-OMOL-0-4M,30.529998813125257,26.13296045641006,-4.397038356715196,4.397038356715196,single_atom
HAT707_472,HAT707nonMR,Bond Dissociation Energies,Thermochemistry,MACE-OMOL-0-4M,-68.73999697292554,-72.90865475110523,-4.168657778179693,4.168657778179693,single_atom
HAT707_473,HAT707nonMR,Bond Dissociation Energies,Thermochemistry,MACE-OMOL-0-4M,-4.3099998768421335,-5.4839784834197705,-1.173978606577637,1.173978606577637,single_atom
HAT707_474,HAT707nonMR,Bond Dissociation Energies,Thermochemistry,MACE-OMOL-0-4M,-37.05999856974949,-46.77697200552933,-9.716973435779842,9.716973435779842,single_atom
HAT707_475,HAT707nonMR,Bond Dissociation Energies,Thermochemistry,MACE-OMOL-0-4M,28.2299990055142,24.64137800739584,-3.5886209981183583,3.5886209981183583,single_atom
HAT707_476,HAT707nonMR,Bond Dissociation Energies,Thermochemistry,MACE-OMOL-0-4M,-3.9499995741023337,-14.390511817645288,-10.440512243542955,10.440512243542955,single_atom
HAT707_477,HAT707nonMR,Bond Dissociation Energies,Thermochemistry,MACE-OMOL-0-4M,-97.09999586116182,-103.28818486375826,-6.188189002596445,6.188189002596445,single_atom
HAT707_478,HAT707nonMR,Bond Dissociation Energies,Thermochemistry,MACE-OMOL-0-4M,-67.96999704006231,-100.66206869122854,-32.69207165116623,32.69207165116623,single_atom
HAT707_479,HAT707nonMR,Bond Dissociation Energies,Thermochemistry,MACE-OMOL-0-4M,-66.58999702999378,-73.6174159062648,-7.027418876271014,7.027418876271014,single_atom
HAT707_48,HAT707nonMR,Bond Dissociation Energies,Thermochemistry,MACE-OMOL-0-4M,-57.45999773639989,-42.85634259040901,14.603655145990885,14.603655145990885,single_atom
HAT707_480,HAT707nonMR,Bond Dissociation Energies,Thermochemistry,MACE-OMOL-0-4M,-87.5099963550419,-89.65005573721353,-2.1400593821716285,2.1400593821716285,single_atom
HAT707_481,HAT707nonMR,Bond Dissociation Energies,Thermochemistry,MACE-OMOL-0-4M,-133.259994615326,-172.08041870411176,-38.82042408878576,38.82042408878576,single_atom
HAT707_482,HAT707nonMR,Bond Dissociation Energies,Thermochemistry,MACE-OMOL-0-4M,-9.12999992110337,-40.49094879295391,-31.36094887185054,31.36094887185054,single_atom
HAT707_483,HAT707nonMR,Bond Dissociation Energies,Thermochemistry,MACE-OMOL-0-4M,29.82999881711237,25.12401716876856,-4.705981648343808,4.705981648343808,single_atom
HAT707_486,HAT707nonMR,Bond Dissociation Energies,Thermochemistry,MACE-OMOL-0-4M,90.34999626511012,78.39996701281139,-11.950029252298734,11.950029252298734,single_atom
HAT707_487,HAT707nonMR,Bond Dissociation Energies,Thermochemistry,MACE-OMOL-0-4M,2.979999821666704,-6.470804665165543,-9.450804486832247,9.450804486832247,single_atom
HAT707_488,HAT707nonMR,Bond Dissociation Energies,Thermochemistry,MACE-OMOL-0-4M,30.70999865074042,28.13757648944681,-2.572422161293609,2.572422161293609,single_atom
HAT707_489,HAT707nonMR,Bond Dissociation Energies,Thermochemistry,MACE-OMOL-0-4M,23.719999309099663,21.02380727663831,-2.6961920324613544,2.6961920324613544,single_atom
HAT707_49,HAT707nonMR,Bond Dissociation Energies,Thermochemistry,MACE-OMOL-0-4M,-87.98999654952515,-73.39996163567919,14.590034913845955,14.590034913845955,single_atom
HAT707_490,HAT707nonMR,Bond Dissociation Energies,Thermochemistry,MACE-OMOL-0-4M,21.289998991257068,18.032665605951497,-3.2573333853055715,3.2573333853055715,single_atom
HAT707_491,HAT707nonMR,Bond Dissociation Energies,Thermochemistry,MACE-OMOL-0-4M,28.539998725851422,25.862113740521156,-2.677884985330266,2.677884985330266,single_atom
HAT707_492,HAT707nonMR,Bond Dissociation Energies,Thermochemistry,MACE-OMOL-0-4M,34.00999881123245,34.182779977672816,0.172781166440366,0.172781166440366,single_atom
HAT707_493,HAT707nonMR,Bond Dissociation Energies,Thermochemistry,MACE-OMOL-0-4M,44.909998390570536,42.46240388017154,-2.447594510398993,2.447594510398993,single_atom
HAT707_494,HAT707nonMR,Bond Dissociation Energies,Thermochemistry,MACE-OMOL-0-4M,-42.559998000556895,-47.68922462515496,-5.129226624598061,5.129226624598061,single_atom
HAT707_495,HAT707nonMR,Bond Dissociation Energies,Thermochemistry,MACE-OMOL-0-4M,54.60999779745524,53.342480078749205,-1.2675177187060385,1.2675177187060385,single_atom
HAT707_496,HAT707nonMR,Bond Dissociation Energies,Thermochemistry,MACE-OMOL-0-4M,-47.51999791851881,-53.588810292582025,-6.068812374063214,6.068812374063214,single_atom
HAT707_497,HAT707nonMR,Bond Dissociation Energies,Thermochemistry,MACE-OMOL-0-4M,90.96999623948012,91.52172720838448,0.5517309689043515,0.5517309689043515,single_atom
HAT707_498,HAT707nonMR,Bond Dissociation Energies,Thermochemistry,MACE-OMOL-0-4M,39.49999825106123,41.3161586181685,1.8161603671072726,1.8161603671072726,single_atom
HAT707_499,HAT707nonMR,Bond Dissociation Energies,Thermochemistry,MACE-OMOL-0-4M,21.93999903237685,21.671793434910278,-0.26820559746657224,0.26820559746657224,single_atom
HAT707_50,HAT707nonMR,Bond Dissociation Energies,Thermochemistry,MACE-OMOL-0-4M,-20.82999940624054,-9.073968966106236,11.756030440134303,11.756030440134303,single_atom
HAT707_500,HAT707nonMR,Bond Dissociation Energies,Thermochemistry,MACE-OMOL-0-4M,40.13999830120239,27.949061127036188,-12.190937174166201,12.190937174166201,single_atom
HAT707_502,HAT707nonMR,Bond Dissociation Energies,Thermochemistry,MACE-OMOL-0-4M,-7.689999965163118,-21.948615442888222,-14.258615477725105,14.258615477725105,single_atom
HAT707_503,HAT707nonMR,Bond Dissociation Energies,Thermochemistry,MACE-OMOL-0-4M,-35.5499986769589,-39.42793847607602,-3.8779397991171223,3.8779397991171223,single_atom
HAT707_504,HAT707nonMR,Bond Dissociation Energies,Thermochemistry,MACE-OMOL-0-4M,-22.209998788799595,-18.231705724288364,3.978293064511231,3.978293064511231,single_atom
HAT707_507,HAT707nonMR,Bond Dissociation Energies,Thermochemistry,MACE-OMOL-0-4M,5.639999932017563,-0.7523826910795887,-6.392382623097152,6.392382623097152,single_atom
HAT707_508,HAT707nonMR,Bond Dissociation Energies,Thermochemistry,MACE-OMOL-0-4M,-52.28999800788695,-49.41007149488024,2.8799265130067084,2.8799265130067084,single_atom
HAT707_51,HAT707nonMR,Bond Dissociation Energies,Thermochemistry,MACE-OMOL-0-4M,-92.3099964173459,-74.47328153013397,17.836714887211926,17.836714887211926,single_atom
HAT707_518,HAT707nonMR,Bond Dissociation Energies,Thermochemistry,MACE-OMOL-0-4M,6.719999585218013,16.69492496733446,9.97492538211645,9.97492538211645,single_atom
HAT707_519,HAT707nonMR,Bond Dissociation Energies,Thermochemistry,MACE-OMOL-0-4M,48.42999772508273,58.985454387004495,10.555456661921767,10.555456661921767,single_atom
HAT707_52,HAT707nonMR,Bond Dissociation Energies,Thermochemistry,MACE-OMOL-0-4M,-56.31999750981824,-47.268278890124265,9.051718619693979,9.051718619693979,single_atom
HAT707_520,HAT707nonMR,Bond Dissociation Energies,Thermochemistry,MACE-OMOL-0-4M,-5.699999877889284,-18.104757974324865,-12.404758096435582,12.404758096435582,single_atom
HAT707_522,HAT707nonMR,Bond Dissociation Energies,Thermochemistry,MACE-OMOL-0-4M,-9.6899994159061,0.613246324013236,10.303245739919335,10.303245739919335,single_atom
HAT707_523,HAT707nonMR,Bond Dissociation Energies,Thermochemistry,MACE-OMOL-0-4M,23.07999925895849,35.370958610709806,12.290959351751315,12.290959351751315,single_atom
HAT707_524,HAT707nonMR,Bond Dissociation Energies,Thermochemistry,MACE-OMOL-0-4M,-41.3099985007199,-30.43531621538334,10.874682285336558,10.874682285336558,single_atom
HAT707_525,HAT707nonMR,Bond Dissociation Energies,Thermochemistry,MACE-OMOL-0-4M,-55.86999791578034,-47.24383871677765,8.626159199002686,8.626159199002686,single_atom
HAT707_526,HAT707nonMR,Bond Dissociation Energies,Thermochemistry,MACE-OMOL-0-4M,-87.2999965444909,-106.07403931431378,-18.774042769822884,18.774042769822884,single_atom
HAT707_527,HAT707nonMR,Bond Dissociation Energies,Thermochemistry,MACE-OMOL-0-4M,14.89999910833352,25.14202478857877,10.24202568024525,10.24202568024525,single_atom
HAT707_528,HAT707nonMR,Bond Dissociation Energies,Thermochemistry,MACE-OMOL-0-4M,-21.979998996291336,-12.127883217436125,9.852115778855211,9.852115778855211,single_atom
HAT707_529,HAT707nonMR,Bond Dissociation Energies,Thermochemistry,MACE-OMOL-0-4M,-27.62999891928752,-16.017549776810277,11.612449142477242,11.612449142477242,single_atom
HAT707_53,HAT707nonMR,Bond Dissociation Energies,Thermochemistry,MACE-OMOL-0-4M,-125.05999511025324,-115.76627505236938,9.29372005788386,9.29372005788386,single_atom
HAT707_530,HAT707nonMR,Bond Dissociation Energies,Thermochemistry,MACE-OMOL-0-4M,-66.28999730063518,-60.36963791718336,5.920359383451817,5.920359383451817,single_atom
HAT707_531,HAT707nonMR,Bond Dissociation Energies,Thermochemistry,MACE-OMOL-0-4M,-113.97999506579052,-101.10790400983612,12.8720910559544,12.8720910559544,single_atom
HAT707_532,HAT707nonMR,Bond Dissociation Energies,Thermochemistry,MACE-OMOL-0-4M,-108.07999536832884,-96.85476621306344,11.225229155265396,11.225229155265396,single_atom
HAT707_533,HAT707nonMR,Bond Dissociation Energies,Thermochemistry,MACE-OMOL-0-4M,-113.57999542664574,-102.40396427758236,11.176031149063377,11.176031149063377,single_atom
HAT707_534,HAT707nonMR,Bond Dissociation Energies,Thermochemistry,MACE-OMOL-0-4M,-48.3199978243179,-37.835762773274105,10.484235051043797,10.484235051043797,single_atom
HAT707_535,HAT707nonMR,Bond Dissociation Energies,Thermochemistry,MACE-OMOL-0-4M,-96.40999585612754,-84.43564617798539,11.974349678142147,11.974349678142147,single_atom
HAT707_536,HAT707nonMR,Bond Dissociation Energies,Thermochemistry,MACE-OMOL-0-4M,-61.51999721126704,-58.96387854951156,2.5561186617554768,2.5561186617554768,single_atom
HAT707_537,HAT707nonMR,Bond Dissociation Energies,Thermochemistry,MACE-OMOL-0-4M,-118.46999540775732,-110.63443573171638,7.835559676040944,7.835559676040944,single_atom
HAT707_538,HAT707nonMR,Bond Dissociation Energies,Thermochemistry,MACE-OMOL-0-4M,-129.74999464428296,-111.68351906569738,18.06647557858558,18.06647557858558,single_atom
HAT707_539,HAT707nonMR,Bond Dissociation Energies,Thermochemistry,MACE-OMOL-0-4M,-98.07999623208552,-85.55183632020537,12.528159911880152,12.528159911880152,single_atom
HAT707_54,HAT707nonMR,Bond Dissociation Energies,Thermochemistry,MACE-OMOL-0-4M,11.709999476115794,21.05138752458353,9.341388048467735,9.341388048467735,single_atom
HAT707_540,HAT707nonMR,Bond Dissociation Energies,Thermochemistry,MACE-OMOL-0-4M,-64.96999723643837,-53.16537613223744,11.804621104200933,11.804621104200933,single_atom
HAT707_541,HAT707nonMR,Bond Dissociation Energies,Thermochemistry,MACE-OMOL-0-4M,-127.60999469232983,-112.39228022094083,15.217714471389002,15.217714471389002,single_atom
HAT707_542,HAT707nonMR,Bond Dissociation Energies,Thermochemistry,MACE-OMOL-0-4M,-194.27999227766205,-210.85528301870391,-16.57529074104187,16.57529074104187,single_atom
HAT707_543,HAT707nonMR,Bond Dissociation Energies,Thermochemistry,MACE-OMOL-0-4M,-62.86999724839971,-39.77032152564895,23.09967572275076,23.09967572275076,single_atom
HAT707_544,HAT707nonMR,Bond Dissociation Energies,Thermochemistry,MACE-OMOL-0-4M,-41.159998008531126,-20.8030409912638,20.356957017267327,20.356957017267327,single_atom
HAT707_545,HAT707nonMR,Bond Dissociation Energies,Thermochemistry,MACE-OMOL-0-4M,-100.97999612592326,-66.80621919034176,34.1737769355815,34.1737769355815,single_atom
HAT707_548,HAT707nonMR,Bond Dissociation Energies,Thermochemistry,MACE-OMOL-0-4M,29.32999864067189,39.62510269821924,10.295104057547348,10.295104057547348,single_atom
HAT707_549,HAT707nonMR,Bond Dissociation Energies,Thermochemistry,MACE-OMOL-0-4M,-2.8799999118805024,6.874519498115388,9.75451940999589,9.75451940999589,single_atom
HAT707_55,HAT707nonMR,Bond Dissociation Energies,Thermochemistry,MACE-OMOL-0-4M,-23.20999914168056,-14.881818702198274,8.328180439482285,8.328180439482285,single_atom
HAT707_550,HAT707nonMR,Bond Dissociation Energies,Thermochemistry,MACE-OMOL-0-4M,-58.02999784969072,-45.24566897975769,12.784328869933034,12.784328869933034,single_atom
HAT707_551,HAT707nonMR,Bond Dissociation Energies,Thermochemistry,MACE-OMOL-0-4M,-65.00999720035286,-65.5601858665596,-0.5501886662067506,0.5501886662067506,single_atom
HAT707_552,HAT707nonMR,Bond Dissociation Energies,Thermochemistry,MACE-OMOL-0-4M,-69.50999690578877,-64.87663342886191,4.63336347692686,4.63336347692686,single_atom
HAT707_553,HAT707nonMR,Bond Dissociation Energies,Thermochemistry,MACE-OMOL-0-4M,-63.25999752407538,-58.85969141712058,4.400306106954801,4.400306106954801,single_atom
HAT707_554,HAT707nonMR,Bond Dissociation Energies,Thermochemistry,MACE-OMOL-0-4M,-79.90999693619585,-96.97750013294242,-17.06750319674657,17.06750319674657,single_atom
HAT707_555,HAT707nonMR,Bond Dissociation Energies,Thermochemistry,MACE-OMOL-0-4M,-44.349998268258325,-43.42132913038696,0.928669137871367,0.928669137871367,single_atom
HAT707_556,HAT707nonMR,Bond Dissociation Energies,Thermochemistry,MACE-OMOL-0-4M,-69.91999716342167,-104.22668331111772,-34.306686147696055,34.306686147696055,single_atom
HAT707_557,HAT707nonMR,Bond Dissociation Energies,Thermochemistry,MACE-OMOL-0-4M,-119.71999490759433,-96.54808598434713,23.1719089232472,23.1719089232472,single_atom
HAT707_558,HAT707nonMR,Bond Dissociation Energies,Thermochemistry,MACE-OMOL-0-4M,-39.07999862995919,-17.10307087972382,21.976927750235372,21.976927750235372,single_atom
HAT707_559,HAT707nonMR,Bond Dissociation Energies,Thermochemistry,MACE-OMOL-0-4M,-20.87999936113364,-10.825803187555962,10.054196173577676,10.054196173577676,single_atom
HAT707_56,HAT707nonMR,Bond Dissociation Energies,Thermochemistry,MACE-OMOL-0-4M,-185.0999924016656,-172.27748791055637,12.822504491109214,12.822504491109214,single_atom
HAT707_560,HAT707nonMR,Bond Dissociation Energies,Thermochemistry,MACE-OMOL-0-4M,-68.70999699998968,-60.72347975748037,7.986517242509315,7.986517242509315,single_atom
HAT707_561,HAT707nonMR,Bond Dissociation Energies,Thermochemistry,MACE-OMOL-0-4M,-61.01999766233604,-38.77486431459215,22.245133347743888,22.245133347743888,single_atom
HAT707_562,HAT707nonMR,Bond Dissociation Energies,Thermochemistry,MACE-OMOL-0-4M,-3.049999758517045,6.232856673387076,9.28285643190412,9.28285643190412,single_atom
HAT707_563,HAT707nonMR,Bond Dissociation Energies,Thermochemistry,MACE-OMOL-0-4M,23.75999927301414,36.0452774936614,12.28527822064726,12.28527822064726,single_atom
HAT707_564,HAT707nonMR,Bond Dissociation Energies,Thermochemistry,MACE-OMOL-0-4M,-55.37999773031848,-39.52724700567174,15.85275072464674,15.85275072464674,single_atom
HAT707_57,HAT707nonMR,Bond Dissociation Energies,Thermochemistry,MACE-OMOL-0-4M,-87.99999654050376,-68.9893030467981,19.01069349370566,19.01069349370566,single_atom
HAT707_578,HAT707nonMR,Bond Dissociation Energies,Thermochemistry,MACE-OMOL-0-4M,-6.4299998468380295,-18.289806218787863,-11.859806371949833,11.859806371949833,single_atom
HAT707_579,HAT707nonMR,Bond Dissociation Energies,Thermochemistry,MACE-OMOL-0-4M,2.8799999118805024,-6.874519498073441,-9.754519409953943,9.754519409953943,single_atom
HAT707_58,HAT707nonMR,Bond Dissociation Energies,Thermochemistry,MACE-OMOL-0-4M,-84.48999656946073,-104.25205917395697,-19.762062604496236,19.762062604496236,single_atom
HAT707_589,HAT707nonMR,Bond Dissociation Energies,Thermochemistry,MACE-OMOL-0-4M,-54.05999766612167,-57.20065569904661,-3.1406580329249394,3.1406580329249394,single_atom
HAT707_59,HAT707nonMR,Bond Dissociation Energies,Thermochemistry,MACE-OMOL-0-4M,-119.12999481234624,-94.0210963860012,25.108898426345036,25.108898426345036,single_atom
HAT707_590,HAT707nonMR,Bond Dissociation Energies,Thermochemistry,MACE-OMOL-0-4M,-84.41999663261038,-112.94855881242916,-28.528562179818778,28.528562179818778,single_atom
HAT707_60,HAT707nonMR,Bond Dissociation Energies,Thermochemistry,MACE-OMOL-0-4M,-85.83999660659339,-74.1087227908807,11.731273815712683,11.731273815712683,single_atom
HAT707_61,HAT707nonMR,Bond Dissociation Energies,Thermochemistry,MACE-OMOL-0-4M,-175.50999289554568,-158.63935878401162,16.87063411153406,16.87063411153406,single_atom
HAT707_615,HAT707nonMR,Bond Dissociation Energies,Thermochemistry,MACE-OMOL-0-4M,0.0,4.410658588886343,4.410658588886343,4.410658588886343,single_atom
HAT707_616,HAT707nonMR,Bond Dissociation Energies,Thermochemistry,MACE-OMOL-0-4M,-124.72999478044932,-119.26679971897234,5.463195061476981,5.463195061476981,single_atom
HAT707_617,HAT707nonMR,Bond Dissociation Energies,Thermochemistry,MACE-OMOL-0-4M,-87.5099963550419,-85.23939714833767,2.270599206704233,2.270599206704233,single_atom
HAT707_618,HAT707nonMR,Bond Dissociation Energies,Thermochemistry,MACE-OMOL-0-4M,-191.3999923657816,-217.72980251679832,-26.329810151016716,26.329810151016716,single_atom
HAT707_62,HAT707nonMR,Bond Dissociation Energies,Thermochemistry,MACE-OMOL-0-4M,-152.51999355539476,-172.57172558867524,-20.051732033280473,20.051732033280473,single_atom
HAT707_620,HAT707nonMR,Bond Dissociation Energies,Thermochemistry,MACE-OMOL-0-4M,-9.13999991208199,-36.08029020405708,-26.94029029197509,26.94029029197509,single_atom
HAT707_621,HAT707nonMR,Bond Dissociation Energies,Thermochemistry,MACE-OMOL-0-4M,-82.66999632882344,-112.82279245913516,-30.152796130311714,30.152796130311714,single_atom
HAT707_622,HAT707nonMR,Bond Dissociation Energies,Thermochemistry,MACE-OMOL-0-4M,-63.59999721734846,-39.95536977011195,23.64462744723651,23.64462744723651,single_atom
HAT707_623,HAT707nonMR,Bond Dissociation Energies,Thermochemistry,MACE-OMOL-0-4M,-112.33999529027788,-80.39553468754319,31.944460602734694,31.944460602734694,single_atom
HAT707_63,HAT707nonMR,Bond Dissociation Energies,Thermochemistry,MACE-OMOL-0-4M,-146.09999369953536,-138.6098465134338,7.490147186101552,7.490147186101552,single_atom
HAT707_64,HAT707nonMR,Bond Dissociation Energies,Thermochemistry,MACE-OMOL-0-4M,-97.12999583409766,-109.48025183974676,-12.3502560056491,12.3502560056491,single_atom
HAT707_642,HAT707nonMR,Bond Dissociation Energies,Thermochemistry,MACE-OMOL-0-4M,-91.25999610957184,-110.56681563014384,-19.30681952057199,19.30681952057199,single_atom
HAT707_644,HAT707nonMR,Bond Dissociation Energies,Thermochemistry,MACE-OMOL-0-4M,-81.27999632777627,-117.81599880831912,-36.53600248054285,36.53600248054285,single_atom
HAT707_645,HAT707nonMR,Bond Dissociation Energies,Thermochemistry,MACE-OMOL-0-4M,39.48999826008261,45.72681720702339,6.2368189469407795,6.2368189469407795,single_atom
HAT707_646,HAT707nonMR,Bond Dissociation Energies,Thermochemistry,MACE-OMOL-0-4M,-131.06999470847975,-110.13740148154854,20.932593226931218,20.932593226931218,single_atom
HAT707_647,HAT707nonMR,Bond Dissociation Energies,Thermochemistry,MACE-OMOL-0-4M,-7.129999842850914,-22.73620230073074,-15.606202457879824,15.606202457879824,single_atom
HAT707_65,HAT707nonMR,Bond Dissociation Energies,Thermochemistry,MACE-OMOL-0-4M,-98.24999607872208,-130.37018890592606,-32.12019282720398,32.12019282720398,single_atom
HAT707_651,HAT707nonMR,Bond Dissociation Energies,Thermochemistry,MACE-OMOL-0-4M,-58.13999775045554,-45.64938381270753,12.490613937748009,12.490613937748009,single_atom
HAT707_652,HAT707nonMR,Bond Dissociation Energies,Thermochemistry,MACE-OMOL-0-4M,-0.7299999689487457,-0.185048244463003,0.5449517244857427,0.5449517244857427,single_atom
HAT707_653,HAT707nonMR,Bond Dissociation Energies,Thermochemistry,MACE-OMOL-0-4M,-3.779999727465791,6.047808429007967,9.827808156473758,9.827808156473758,single_atom
HAT707_654,HAT707nonMR,Bond Dissociation Energies,Thermochemistry,MACE-OMOL-0-4M,-11.349999800885463,-13.589315497159475,-2.239315696274012,2.239315696274012,single_atom
HAT707_655,HAT707nonMR,Bond Dissociation Energies,Thermochemistry,MACE-OMOL-0-4M,12.399999481150058,22.455961996522905,10.055962515372848,10.055962515372848,single_atom
HAT707_656,HAT707nonMR,Bond Dissociation Energies,Thermochemistry,MACE-OMOL-0-4M,-52.499997818437976,-46.40176650378712,6.098231314650853,6.098231314650853,single_atom
HAT707_657,HAT707nonMR,Bond Dissociation Energies,Thermochemistry,MACE-OMOL-0-4M,-129.79999459917607,-157.982339926844,-28.182345327667917,28.182345327667917,single_atom
HAT707_66,HAT707nonMR,Bond Dissociation Energies,Thermochemistry,MACE-OMOL-0-4M,13.309999287713968,21.5340266859982,8.224027398284232,8.224027398284232,single_atom
HAT707_67,HAT707nonMR,Bond Dissociation Energies,Thermochemistry,MACE-OMOL-0-4M,-49.04999779326665,-35.61113781944446,13.43885997382219,13.43885997382219,single_atom
HAT707_68,HAT707nonMR,Bond Dissociation Energies,Thermochemistry,MACE-OMOL-0-4M,-15.119999537372635,15.02311262730362,30.143112164676253,30.143112164676253,single_atom
HAT707_69,HAT707nonMR,Bond Dissociation Energies,Thermochemistry,MACE-OMOL-0-4M,-90.20999642930724,-56.41417881081313,33.79581761849411,33.79581761849411,single_atom
HAT707_70,HAT707nonMR,Bond Dissociation Energies,Thermochemistry,MACE-OMOL-0-4M,-22.13999885194925,16.873477129500465,39.013475981449716,39.013475981449716,single_atom
HAT707_73,HAT707nonMR,Bond Dissociation Energies,Thermochemistry,MACE-OMOL-0-4M,71.08999706128031,77.90866012827938,6.818663066999065,6.818663066999065,single_atom
HAT707_74,HAT707nonMR,Bond Dissociation Energies,Thermochemistry,MACE-OMOL-0-4M,10.329999466047262,20.56650869487132,10.236509228824058,10.236509228824058,single_atom
HAT707_75,HAT707nonMR,Bond Dissociation Energies,Thermochemistry,MACE-OMOL-0-4M,38.87999818287731,45.158076928133575,6.278078745256266,6.278078745256266,single_atom
HAT707_76,HAT707nonMR,Bond Dissociation Energies,Thermochemistry,MACE-OMOL-0-4M,-16.26999912742343,-6.962111549729015,9.307887577694412,9.307887577694412,single_atom
HAT707_77,HAT707nonMR,Bond Dissociation Energies,Thermochemistry,MACE-OMOL-0-4M,-30.849998524441105,-35.89899134393614,-5.048992819495034,5.048992819495034,single_atom
HAT707_78,HAT707nonMR,Bond Dissociation Energies,Thermochemistry,MACE-OMOL-0-4M,-57.28999788976335,-40.85172655737225,16.438271332391096,16.438271332391096,single_atom
HAT707_79,HAT707nonMR,Bond Dissociation Energies,Thermochemistry,MACE-OMOL-0-4M,-64.2799972314041,-47.96549577015978,16.31450146124432,16.31450146124432,single_atom
HAT707_80,HAT707nonMR,Bond Dissociation Energies,Thermochemistry,MACE-OMOL-0-4M,13.829999446111689,18.1195104533036,4.289511007191912,4.289511007191912,single_atom
HAT707_81,HAT707nonMR,Bond Dissociation Energies,Thermochemistry,MACE-OMOL-0-4M,-66.70999754924671,-50.9566374408466,15.75336010840011,15.75336010840011,single_atom
HAT707_82,HAT707nonMR,Bond Dissociation Energies,Thermochemistry,MACE-OMOL-0-4M,-59.45999781465235,-43.12718930629267,16.332808508359676,16.332808508359676,single_atom
HAT707_83,HAT707nonMR,Bond Dissociation Energies,Thermochemistry,MACE-OMOL-0-4M,-53.98999772927132,-34.80652306912003,19.18347466015129,19.18347466015129,single_atom
HAT707_84,HAT707nonMR,Bond Dissociation Energies,Thermochemistry,MACE-OMOL-0-4M,-43.07999815895462,-26.52689916658461,16.553098992370014,16.553098992370014,single_atom
HAT707_85,HAT707nonMR,Bond Dissociation Energies,Thermochemistry,MACE-OMOL-0-4M,9.329999740675772,18.803062891043247,9.473063150367475,9.473063150367475,single_atom
HAT707_86,HAT707nonMR,Bond Dissociation Energies,Thermochemistry,MACE-OMOL-0-4M,-130.55999454106066,-116.67852767194782,13.881466869112842,13.881466869112842,single_atom
HAT707_87,HAT707nonMR,Bond Dissociation Energies,Thermochemistry,MACE-OMOL-0-4M,-33.389998743048515,-15.646822968048893,17.74317577499962,17.74317577499962,single_atom
HAT707_88,HAT707nonMR,Bond Dissociation Energies,Thermochemistry,MACE-OMOL-0-4M,-135.5199944590226,-122.57811333942206,12.941881119600538,12.941881119600538,single_atom
HAT707_89,HAT707nonMR,Bond Dissociation Energies,Thermochemistry,MACE-OMOL-0-4M,15.579999122389165,24.82000490282652,9.240005780437354,9.240005780437354,single_atom
HAT707_90,HAT707nonMR,Bond Dissociation Energies,Thermochemistry,MACE-OMOL-0-4M,2.969999830688084,22.53242416157065,19.562424330882564,19.562424330882564,single_atom
HAT707_91,HAT707nonMR,Bond Dissociation Energies,Thermochemistry,MACE-OMOL-0-4M,-1.0699996622218313,-13.297803813058245,-12.227804150836413,12.227804150836413,single_atom
HAT707_92,HAT707nonMR,Bond Dissociation Energies,Thermochemistry,MACE-OMOL-0-4M,-68.78999692781865,-54.26870165024889,14.521295277569756,14.521295277569756,single_atom
HAT707_93,HAT707nonMR,Bond Dissociation Energies,Thermochemistry,MACE-OMOL-0-4M,3.400000070278225,11.372105022481716,7.972104952203491,7.972104952203491,single_atom
HAT707_94,HAT707nonMR,Bond Dissociation Energies,Thermochemistry,MACE-OMOL-0-4M,8.919999483042872,-20.546986991233524,-29.466986474276396,29.466986474276396,single_atom
HAT707_95,HAT707nonMR,Bond Dissociation Energies,Thermochemistry,MACE-OMOL-0-4M,-48.499998289442544,-27.673144428650566,20.826853860791978,20.826853860791978,single_atom
HAT707_96,HAT707nonMR,Bond Dissociation Energies,Thermochemistry,MACE-OMOL-0-4M,-40.87999826112976,-12.868389664462931,28.011608596666825,28.011608596666825,single_atom
HAT707_97,HAT707nonMR,Bond Dissociation Energies,Thermochemistry,MACE-OMOL-0-4M,-97.51999610977332,-62.48157090246871,35.038425207304606,35.038425207304606,single_atom
HAT707_98,HAT707nonMR,Bond Dissociation Energies,Thermochemistry,MACE-OMOL-0-4M,-20.81999941526192,-61.88068548193632,-41.0606860666744,41.0606860666744,single_atom
HAT707_99,HAT707nonMR,Bond Dissociation Energies,Thermochemistry,MACE-OMOL-0-4M,-22.7199989562187,-40.28359874752162,-17.563599791302924,17.563599791302924,single_atom
HNBrBDE18_1,HNBrBDE18,Bond Dissociation Energies,Thermochemistry,MACE-OMOL-0-4M,58.89101112916212,58.711707145176966,-0.17930398398515734,0.17930398398515734,single_atom
HNBrBDE18_10,HNBrBDE18,Bond Dissociation Energies,Thermochemistry,MACE-OMOL-0-4M,62.47609700134277,61.48238884191193,-0.9937081594308452,0.9937081594308452,single_atom
HNBrBDE18_11,HNBrBDE18,Bond Dissociation Energies,Thermochemistry,MACE-OMOL-0-4M,61.20936621639891,59.96816842535321,-1.2411977910456997,1.2411977910456997,single_atom
HNBrBDE18_12,HNBrBDE18,Bond Dissociation Energies,Thermochemistry,MACE-OMOL-0-4M,60.70745464610045,58.99715326932817,-1.7103013767722786,1.7103013767722786,single_atom
HNBrBDE18_13,HNBrBDE18,Bond Dissociation Energies,Thermochemistry,MACE-OMOL-0-4M,63.38431844605719,60.35222487538749,-3.0320935706697014,3.0320935706697014,single_atom
HNBrBDE18_14,HNBrBDE18,Bond Dissociation Energies,Thermochemistry,MACE-OMOL-0-4M,59.77533199302855,56.40523835225764,-3.370093640770911,3.370093640770911,single_atom
HNBrBDE18_15,HNBrBDE18,Bond Dissociation Energies,Thermochemistry,MACE-OMOL-0-4M,58.74760764407415,55.8386072390601,-2.909000405014048,2.909000405014048,single_atom
HNBrBDE18_16,HNBrBDE18,Bond Dissociation Energies,Thermochemistry,MACE-OMOL-0-4M,68.2122345223337,64.80870568011512,-3.403528842218577,3.403528842218577,single_atom
HNBrBDE18_17,HNBrBDE18,Bond Dissociation Energies,Thermochemistry,MACE-OMOL-0-4M,47.94454886583622,45.42849079906036,-2.516058066775855,2.516058066775855,single_atom
HNBrBDE18_18,HNBrBDE18,Bond Dissociation Energies,Thermochemistry,MACE-OMOL-0-4M,49.54588715514256,47.248813254244055,-2.2970739008985035,2.2970739008985035,single_atom
HNBrBDE18_2,HNBrBDE18,Bond Dissociation Energies,Thermochemistry,MACE-OMOL-0-4M,67.04110606078183,-58.44299903469872,-125.48410509548054,125.48410509548054,single_atom
HNBrBDE18_3,HNBrBDE18,Bond Dissociation Energies,Thermochemistry,MACE-OMOL-0-4M,55.71223450388797,53.98895874780763,-1.7232757560803407,1.7232757560803407,single_atom
HNBrBDE18_4,HNBrBDE18,Bond Dissociation Energies,Thermochemistry,MACE-OMOL-0-4M,55.83173740812796,-50.86215347880425,-106.69389088693221,106.69389088693221,single_atom
HNBrBDE18_5,HNBrBDE18,Bond Dissociation Energies,Thermochemistry,MACE-OMOL-0-4M,52.55735908697128,49.85940230755368,-2.697956779417602,2.697956779417602,single_atom
HNBrBDE18_6,HNBrBDE18,Bond Dissociation Energies,Thermochemistry,MACE-OMOL-0-4M,48.70936682546265,-60.90973866110564,-109.61910548656829,109.61910548656829,single_atom
HNBrBDE18_7,HNBrBDE18,Bond Dissociation Energies,Thermochemistry,MACE-OMOL-0-4M,56.978965288831816,54.278051607578746,-2.70091368125307,2.70091368125307,single_atom
HNBrBDE18_8,HNBrBDE18,Bond Dissociation Energies,Thermochemistry,MACE-OMOL-0-4M,45.17208211497801,35.30754735182546,-9.864534763152548,9.864534763152548,single_atom
HNBrBDE18_9,HNBrBDE18,Bond Dissociation Energies,Thermochemistry,MACE-OMOL-0-4M,44.57456822128756,35.11596482814158,-9.458603393145978,9.458603393145978,single_atom
EA50_1,EA50,Electron Affinities,Thermochemistry,MACE-OMOL-0-4M,14.528145151628726,-18.879361220110145,-33.40750637173887,33.40750637173887,single_atom
EA50_10,EA50,Electron Affinities,Thermochemistry,MACE-OMOL-0-4M,17.75662178226739,4.721170064678859,-13.035451717588533,13.035451717588533,single_atom
EA50_2,EA50,Electron Affinities,Thermochemistry,MACE-OMOL-0-4M,6.918164567088265,2.295755375536771,-4.622409191551494,4.622409191551494,single_atom
EA50_3,EA50,Electron Affinities,Thermochemistry,MACE-OMOL-0-4M,12.913906522554656,-8.049883147955173,-20.96378967050983,20.96378967050983,single_atom
EA50_4,EA50,Electron Affinities,Thermochemistry,MACE-OMOL-0-4M,10.838457215179126,-31.372438371453004,-42.210895586632134,42.210895586632134,single_atom
EA50_5,EA50,Electron Affinities,Thermochemistry,MACE-OMOL-0-4M,83.94039427913368,82.83762752545,-1.1027667536836816,1.1027667536836816,single_atom
EA50_6,EA50,Electron Affinities,Thermochemistry,MACE-OMOL-0-4M,32.976583578857785,8.025739858970576,-24.95084371988721,24.95084371988721,single_atom
EA50_7,EA50,Electron Affinities,Thermochemistry,MACE-OMOL-0-4M,48.1965447479387,18.18640935118441,-30.010135396754293,30.010135396754293,single_atom
EA50_8,EA50,Electron Affinities,Thermochemistry,MACE-OMOL-0-4M,81.63433963260744,77.8774787993551,-3.7568608332523326,3.7568608332523326,single_atom
EA50_9,EA50,Electron Affinities,Thermochemistry,MACE-OMOL-0-4M,9.22421921361453,-2.8061101034167537,-12.030329317031285,12.030329317031285,single_atom
G21EA_1,G21EA,Electron Affinities,Thermochemistry,MACE-OMOL-0-4M,29.435340538610763,11.951448202349615,-17.48389233626115,17.48389233626115,single_atom
G21EA_2,G21EA,Electron Affinities,Thermochemistry,MACE-OMOL-0-4M,33.98432175106338,31.557562280412174,-2.4267594706512092,2.4267594706512092,single_atom
G21EA_3,G21EA,Electron Affinities,Thermochemistry,MACE-OMOL-0-4M,79.21368481336201,58.648508088373646,-20.565176724988362,20.565176724988362,single_atom
G21EA_4,G21EA,Electron Affinities,Thermochemistry,MACE-OMOL-0-4M,32.69559613154425,18.059088803418405,-14.636507328125845,14.636507328125845,single_atom
G21EA_5,G21EA,Electron Affinities,Thermochemistry,MACE-OMOL-0-4M,17.059833379742745,20.170043962189453,3.110210582446708,3.110210582446708,single_atom
G21EA_6,G21EA,Electron Affinities,Thermochemistry,MACE-OMOL-0-4M,48.2112021142338,29.893689149251728,-18.317512964982072,18.317512964982072,single_atom
G21EA_7,G21EA,Electron Affinities,Thermochemistry,MACE-OMOL-0-4M,84.40050995340292,82.83762752545,-1.562882427952914,1.562882427952914,single_atom
BH76RC_1,BH76RC,General Reaction Energies,Thermochemistry,MACE-OMOL-0-4M,-64.91004874634352,-73.49274175855076,-8.582693012207244,8.582693012207244,single_atom
BH76RC_10,BH76RC,General Reaction Energies,Thermochemistry,MACE-OMOL-0-4M,-19.550014993695065,-29.178361578785687,-9.628346585090622,9.628346585090622,single_atom
BH76RC_11,BH76RC,General Reaction Energies,Thermochemistry,MACE-OMOL-0-4M,-40.02003041244213,-48.76269792889528,-8.742667516453146,8.742667516453146,single_atom
BH76RC_14,BH76RC,General Reaction Energies,Thermochemistry,MACE-OMOL-0-4M,-1.9000014234852007,-9.57720142457963,-7.67720000109443,7.67720000109443,single_atom
BH76RC_15,BH76RC,General Reaction Energies,Thermochemistry,MACE-OMOL-0-4M,-16.390012196865825,-6.967090622150819,9.422921574715007,9.422921574715007,single_atom
BH76RC_16,BH76RC,General Reaction Energies,Thermochemistry,MACE-OMOL-0-4M,-3.1100022144266624,6.492665215667944,9.602667430094606,9.602667430094606,single_atom
BH76RC_19,BH76RC,General Reaction Energies,Thermochemistry,MACE-OMOL-0-4M,-5.010003637911863,-3.084536208904519,1.9254674290073441,1.9254674290073441,single_atom
BH76RC_2,BH76RC,General Reaction Energies,Thermochemistry,MACE-OMOL-0-4M,-26.320020181391445,-34.23624778005925,-7.916227598667806,7.916227598667806,single_atom
BH76RC_21,BH76RC,General Reaction Energies,Thermochemistry,MACE-OMOL-0-4M,-32.22002427141945,-13.07507274562382,19.144951525795626,19.144951525795626,single_atom
BH76RC_22,BH76RC,General Reaction Energies,Thermochemistry,MACE-OMOL-0-4M,5.440003877502003,1.4924660871379785,-3.947537790364025,3.947537790364025,single_atom
BH76RC_23,BH76RC,General Reaction Energies,Thermochemistry,MACE-OMOL-0-4M,-21.74001615556025,-27.256231659616905,-5.516215504056653,5.516215504056653,single_atom
BH76RC_24,BH76RC,General Reaction Energies,Thermochemistry,MACE-OMOL-0-4M,-2.3200016720967214,-7.985131302802604,-5.6651296307058825,5.6651296307058825,single_atom
BH76RC_25,BH76RC,General Reaction Energies,Thermochemistry,MACE-OMOL-0-4M,-13.260010000481923,-21.536222133462577,-8.276212132980653,8.276212132980653,single_atom
BH76RC_26,BH76RC,General Reaction Energies,Thermochemistry,MACE-OMOL-0-4M,0.4200002486115208,-1.5920701218137303,-2.012070370425251,2.012070370425251,single_atom
BH76RC_3,BH76RC,General Reaction Energies,Thermochemistry,MACE-OMOL-0-4M,-103.28007813727544,-119.37180690707484,-16.091728769799403,16.091728769799403,single_atom
BH76RC_4,BH76RC,General Reaction Energies,Thermochemistry,MACE-OMOL-0-4M,-52.64003973527342,-49.433832417210695,3.2062073180627237,3.2062073180627237,single_atom
BH76RC_5,BH76RC,General Reaction Energies,Thermochemistry,MACE-OMOL-0-4M,-32.16002432554773,-41.087538020679055,-8.927513695131324,8.927513695131324,single_atom
BH76RC_7,BH76RC,General Reaction Energies,Thermochemistry,MACE-OMOL-0-4M,-20.32001555406776,-11.430113639172296,8.889901914895463,8.889901914895463,single_atom
BH76RC_9,BH76RC,General Reaction Energies,Thermochemistry,MACE-OMOL-0-4M,3.690002946205579,-1.950693196453404,-5.6406961426589834,5.6406961426589834,single_atom
RC21_1,RC21,General Reaction Energies,Thermochemistry,MACE-OMOL-0-4M,23.430017768494427,-117.73499028392524,-141.16500805241967,141.16500805241967,outlier_gt_100
RC21_14,RC21,General Reaction Energies,Thermochemistry,MACE-OMOL-0-4M,22.030016521449703,-105.40060452504493,-127.43062104649462,127.43062104649462,outlier_gt_100
RC21_15,RC21,General Reaction Energies,Thermochemistry,MACE-OMOL-0-4M,28.120021067580968,-115.37105962359868,-143.49108069117966,143.49108069117966,outlier_gt_100
RC21_18,RC21,General Reaction Energies,Thermochemistry,MACE-OMOL-0-4M,30.38002279380597,-90.71384107807869,-121.09386387188465,121.09386387188465,outlier_gt_100
RC21_2,RC21,General Reaction Energies,Thermochemistry,MACE-OMOL-0-4M,26.66001987466453,-116.87365592437276,-143.5336757990373,143.5336757990373,outlier_gt_100
RC21_4,RC21,General Reaction Energies,Thermochemistry,MACE-OMOL-0-4M,59.44004489590566,-68.56466509456376,-128.00470999046942,128.00470999046942,outlier_gt_100
RC21_5,RC21,General Reaction Energies,Thermochemistry,MACE-OMOL-0-4M,57.93004374809611,-48.22172629252445,-106.15177004062056,106.15177004062056,single_atom
RC21_9,RC21,General Reaction Energies,Thermochemistry,MACE-OMOL-0-4M,49.85003785967208,-52.49418509564181,-102.34422295531388,102.34422295531388,single_atom
G21IP_1,G21IP,Ionization Potentials,Thermochemistry,MACE-OMOL-0-4M,314.90023800463126,303.0751255664116,-11.825112438219662,11.825112438219662,single_atom
G21IP_10,G21IP,Ionization Potentials,Thermochemistry,MACE-OMOL-0-4M,175.80566343704274,140.08851359081598,-35.71714984622676,35.71714984622676,single_atom
G21IP_11,G21IP,Ionization Potentials,Thermochemistry,MACE-OMOL-0-4M,137.8464212006242,183.17091637345123,45.32449517282703,45.32449517282703,single_atom
G21IP_12,G21IP,Ionization Potentials,Thermochemistry,MACE-OMOL-0-4M,188.2112534000972,92.9947090725638,-95.21654432753341,95.21654432753341,single_atom
G21IP_13,G21IP,Ionization Potentials,Thermochemistry,MACE-OMOL-0-4M,242.8497106347295,68.7913527783824,-174.05835785634707,174.05835785634707,single_atom
G21IP_14,G21IP,Ionization Potentials,Thermochemistry,MACE-OMOL-0-4M,238.3966530305196,18.36264829170552,-220.03400473881408,220.03400473881408,single_atom
G21IP_15,G21IP,Ionization Potentials,Thermochemistry,MACE-OMOL-0-4M,299.3854138987464,6.40892949448362,-292.97648440426275,292.97648440426275,single_atom
G21IP_16,G21IP,Ionization Potentials,Thermochemistry,MACE-OMOL-0-4M,296.9137444417883,127.27174871985044,-169.64199572193786,169.64199572193786,outlier_gt_100
G21IP_17,G21IP,Ionization Potentials,Thermochemistry,MACE-OMOL-0-4M,235.8685039558393,109.94093592265402,-125.92756803318527,125.92756803318527,outlier_gt_100
G21IP_18,G21IP,Ionization Potentials,Thermochemistry,MACE-OMOL-0-4M,301.10899040609013,13.764105540357887,-287.34488486573224,287.34488486573224,outlier_gt_100
G21IP_19,G21IP,Ionization Potentials,Thermochemistry,MACE-OMOL-0-4M,292.6758924667262,2.8227433192185503,-289.8531491475077,289.8531491475077,outlier_gt_100
G21IP_2,G21IP,Ionization Potentials,Thermochemistry,MACE-OMOL-0-4M,124.21389271090446,122.00248964281116,-2.211403068093304,2.211403068093304,single_atom
G21IP_20,G21IP,Ionization Potentials,Thermochemistry,MACE-OMOL-0-4M,371.6999006188736,7.213502528587103,-364.48639809028646,364.48639809028646,outlier_gt_100
G21IP_23,G21IP,Ionization Potentials,Thermochemistry,MACE-OMOL-0-4M,226.7156407270485,50.82538456128,-175.8902561657685,175.8902561657685,outlier_gt_100
G21IP_25,G21IP,Ionization Potentials,Thermochemistry,MACE-OMOL-0-4M,240.14359610814893,0.9669469302727032,-239.17664917787621,239.17664917787621,outlier_gt_100
G21IP_26,G21IP,Ionization Potentials,Thermochemistry,MACE-OMOL-0-4M,295.46220835167696,143.13583990367405,-152.3263684480029,152.3263684480029,outlier_gt_100
G21IP_27,G21IP,Ionization Potentials,Thermochemistry,MACE-OMOL-0-4M,264.5627802784546,157.90250045121817,-106.66027982723645,106.66027982723645,outlier_gt_100
G21IP_28,G21IP,Ionization Potentials,Thermochemistry,MACE-OMOL-0-4M,243.7968119389472,118.9374006143321,-124.8594113246151,124.8594113246151,outlier_gt_100
G21IP_29,G21IP,Ionization Potentials,Thermochemistry,MACE-OMOL-0-4M,323.1163513254884,140.64285879217448,-182.4734925333139,182.4734925333139,outlier_gt_100
G21IP_3,G21IP,Ionization Potentials,Thermochemistry,MACE-OMOL-0-4M,214.8551500463352,175.08751576450572,-39.76763428182949,39.76763428182949,single_atom
G21IP_30,G21IP,Ionization Potentials,Thermochemistry,MACE-OMOL-0-4M,359.60918800729826,234.77544499827275,-124.83374300902551,124.83374300902551,outlier_gt_100
G21IP_32,G21IP,Ionization Potentials,Thermochemistry,MACE-OMOL-0-4M,243.03006940776385,129.25472791987835,-113.7753414878855,113.7753414878855,outlier_gt_100
G21IP_35,G21IP,Ionization Potentials,Thermochemistry,MACE-OMOL-0-4M,292.6130517854654,159.99519526025193,-132.61785652521348,132.61785652521348,outlier_gt_100
G21IP_4,G21IP,Ionization Potentials,Thermochemistry,MACE-OMOL-0-4M,191.49708941674075,47.77147717156768,-143.72561224517307,143.72561224517307,single_atom
G21IP_5,G21IP,Ionization Potentials,Thermochemistry,MACE-OMOL-0-4M,259.71308836840933,117.33776793619948,-142.37532043220983,142.37532043220983,single_atom
G21IP_6,G21IP,Ionization Potentials,Thermochemistry,MACE-OMOL-0-4M,335.58670465883216,121.00294077055982,-214.58376388827236,214.58376388827236,single_atom
G21IP_7,G21IP,Ionization Potentials,Thermochemistry,MACE-OMOL-0-4M,314.02657601669125,82.2233557044031,-231.80322031228815,231.80322031228815,single_atom
G21IP_8,G21IP,Ionization Potentials,Thermochemistry,MACE-OMOL-0-4M,402.1511488755327,-5.576451807052542,-407.72760068258526,407.72760068258526,single_atom
G21IP_9,G21IP,Ionization Potentials,Thermochemistry,MACE-OMOL-0-4M,118.13057490572878,101.02270971041966,-17.107865195309117,17.107865195309117,single_atom
IP23_1,IP23,Ionization Potentials,Thermochemistry,MACE-OMOL-0-4M,362.9499624783957,39.8562589231105,-323.09370355528523,323.09370355528523,single_atom
IP23_11,IP23,Ionization Potentials,Thermochemistry,MACE-OMOL-0-4M,261.85252042428846,160.57372054512942,-101.27879987915904,101.27879987915904,outlier_gt_100
IP23_12,IP23,Ionization Potentials,Thermochemistry,MACE-OMOL-0-4M,364.5411401342981,215.78281934417728,-148.7583207901208,148.7583207901208,outlier_gt_100
IP23_13,IP23,Ionization Potentials,Thermochemistry,MACE-OMOL-0-4M,293.72219799871704,0.92318893180557,-292.7990090669115,292.7990090669115,outlier_gt_100
IP23_15,IP23,Ionization Potentials,Thermochemistry,MACE-OMOL-0-4M,294.4831956806654,144.22383731107433,-150.25935836959107,150.25935836959107,outlier_gt_100
IP23_16,IP23,Ionization Potentials,Thermochemistry,MACE-OMOL-0-4M,373.9037226769049,5.219520486741693,-368.6842021901632,368.6842021901632,outlier_gt_100
IP23_19,IP23,Ionization Potentials,Thermochemistry,MACE-OMOL-0-4M,358.38397387666765,230.83689182847,-127.54708204819767,127.54708204819767,outlier_gt_100
IP23_20,IP23,Ionization Potentials,Thermochemistry,MACE-OMOL-0-4M,496.5627761780404,,,,single_atom
IP23_21,IP23,Ionization Potentials,Thermochemistry,MACE-OMOL-0-4M,252.3976958715232,105.08654872927674,-147.31114714224645,147.31114714224645,outlier_gt_100
IP23_22,IP23,Ionization Potentials,Thermochemistry,MACE-OMOL-0-4M,245.08750229062963,127.29013406900351,-117.79736822162612,117.79736822162612,outlier_gt_100
IP23_23,IP23,Ionization Potentials,Thermochemistry,MACE-OMOL-0-4M,295.5901023126041,180.725855669161,-114.86424664344307,114.86424664344307,outlier_gt_100
IP23_4,IP23,Ionization Potentials,Thermochemistry,MACE-OMOL-0-4M,307.443223522054,151.0892339742643,-156.3539895477897,156.3539895477897,outlier_gt_100
IP23_5,IP23,Ionization Potentials,Thermochemistry,MACE-OMOL-0-4M,277.1647242310372,161.4542012864311,-115.71052294460611,115.71052294460611,outlier_gt_100
IP23_7,IP23,Ionization Potentials,Thermochemistry,MACE-OMOL-0-4M,252.6052408650117,111.55326548163076,-141.05197538338092,141.05197538338092,outlier_gt_100
IP23_8,IP23,Ionization Potentials,Thermochemistry,MACE-OMOL-0-4M,332.2333128547398,121.5528868084098,-210.68042604632998,210.68042604632998,outlier_gt_100
IP23_9,IP23,Ionization Potentials,Thermochemistry,MACE-OMOL-0-4M,322.2711556773296,145.30092639020427,-176.97022928712533,176.97022928712533,outlier_gt_100
IP30_11,IP30,Ionization Potentials,Thermochemistry,MACE-OMOL-0-4M,259.5787505126931,128.06464096114885,-131.51410955154424,131.51410955154424,outlier_gt_100
IP30_14,IP30,Ionization Potentials,Thermochemistry,MACE-OMOL-0-4M,264.128596433201,156.44059352820074,-107.68800290500025,107.68800290500025,outlier_gt_100
IP30_15,IP30,Ionization Potentials,Thermochemistry,MACE-OMOL-0-4M,243.74540197026587,106.76283326735746,-136.9825687029084,136.9825687029084,outlier_gt_100
IP30_16,IP30,Ionization Potentials,Thermochemistry,MACE-OMOL-0-4M,247.1883180409845,119.03097767812748,-128.15734036285704,128.15734036285704,outlier_gt_100
IP30_17,IP30,Ionization Potentials,Thermochemistry,MACE-OMOL-0-4M,216.0588845276688,17.87783674107503,-198.18104778659375,198.18104778659375,outlier_gt_100
IP30_18,IP30,Ionization Potentials,Thermochemistry,MACE-OMOL-0-4M,238.7781367476133,114.60864440739036,-124.16949234022294,124.16949234022294,outlier_gt_100
IP30_19,IP30,Ionization Potentials,Thermochemistry,MACE-OMOL-0-4M,265.3484999511526,119.5847326902056,-145.76376726094696,145.76376726094696,outlier_gt_100
IP30_2,IP30,Ionization Potentials,Thermochemistry,MACE-OMOL-0-4M,375.6793849806336,272.16641535085466,-103.51296962977892,103.51296962977892,outlier_gt_100
IP30_27,IP30,Ionization Potentials,Thermochemistry,MACE-OMOL-0-4M,307.45475400863984,152.32915078038005,-155.1256032282598,155.1256032282598,outlier_gt_100
IP30_28,IP30,Ionization Potentials,Thermochemistry,MACE-OMOL-0-4M,310.26583455498434,173.7259799628699,-136.53985459211444,136.53985459211444,outlier_gt_100
IP30_29,IP30,Ionization Potentials,Thermochemistry,MACE-OMOL-0-4M,344.5291965914633,197.09846226689376,-147.43073432456953,147.43073432456953,outlier_gt_100
IP30_3,IP30,Ionization Potentials,Thermochemistry,MACE-OMOL-0-4M,379.25838150087793,250.5174752661825,-128.74090623469544,128.74090623469544,outlier_gt_100
IP30_30,IP30,Ionization Potentials,Thermochemistry,MACE-OMOL-0-4M,293.6184255019728,107.3752221137356,-186.2432033882372,186.2432033882372,outlier_gt_100
IP30_4,IP30,Ionization Potentials,Thermochemistry,MACE-OMOL-0-4M,318.4015959151975,216.00519764458997,-102.39639827060753,102.39639827060753,outlier_gt_100
IP30_5,IP30,Ionization Potentials,Thermochemistry,MACE-OMOL-0-4M,265.2378091624568,151.3525183967207,-113.8852907657361,113.8852907657361,outlier_gt_100
MB16-43_21,MB16-43,Mindless Molecules (MB08/16),Thermochemistry,MACE-OMOL-0-4M,806.2259092185122,691.9928523558815,-114.23305686263075,114.23305686263075,outlier_gt_100
MB16-43_35,MB16-43,Mindless Molecules (MB08/16),Thermochemistry,MACE-OMOL-0-4M,228.17497236735613,90.99414944157256,-137.18082292578356,137.18082292578356,outlier_gt_100
PA26_1,PA26,Proton Affinities,Thermochemistry,MACE-OMOL-0-4M,167.2001265217166,292.9759621777076,125.77583565599096,125.77583565599096,outlier_gt_100
PA26_12,PA26,Proton Affinities,Thermochemistry,MACE-OMOL-0-4M,106.2000805231083,277.66658772702965,171.46650720392137,171.46650720392137,outlier_gt_100
PA26_13,PA26,Proton Affinities,Thermochemistry,MACE-OMOL-0-4M,120.80009119725376,222.22738553680932,101.42729433955556,101.42729433955556,outlier_gt_100
PA26_7,PA26,Proton Affinities,Thermochemistry,MACE-OMOL-0-4M,157.40011904742252,268.28709346786246,110.88697442043994,110.88697442043994,outlier_gt_100
