Identifier,Dataset,Subset,Source_Datatype,Model,Reference,Prediction,DeltaE,Abs_DeltaE,exclusion_type
BH76_10,BH46,Barrier Heights,Barrier Height,MACE-POLAR-1-S,104.8000792760636,94.4267237957026,-10.373355480360999,10.373355480360999,single_atom
BH76_13,BH46,Barrier Heights,Barrier Height,MACE-POLAR-1-S,-0.6000007137361577,0.074497347617877,0.6744980613540347,0.6744980613540347,single_atom
BH76_17,BH46,Barrier Heights,Barrier Height,MACE-POLAR-1-S,2.5000021372213586,6.512586511196127,4.012584373974768,4.012584373974768,single_atom
BH76_21,BH46,Barrier Heights,Barrier Height,MACE-POLAR-1-S,-12.300008984005968,-9.717773909722146,2.5822350742838225,2.5822350742838225,single_atom
BH76_22,BH46,Barrier Heights,Barrier Height,MACE-POLAR-1-S,19.80001476816057,23.416613777054177,3.6165990088936084,3.6165990088936084,single_atom
BH76_3,BH46,Barrier Heights,Barrier Height,MACE-POLAR-1-S,42.100031673542496,-41.33589695880638,-83.43592863234888,83.43592863234888,single_atom
BH76_31,BH46,Barrier Heights,Barrier Height,MACE-POLAR-1-S,3.200002133234244,-46.36086095043573,-49.56086308366997,49.56086308366997,single_atom
BH76_39,BH46,Barrier Heights,Barrier Height,MACE-POLAR-1-S,6.100004537109882,-57.89204859370639,-63.992053130816274,63.992053130816274,single_atom
BH76_40,BH46,Barrier Heights,Barrier Height,MACE-POLAR-1-S,8.000005960595084,12.016202205281775,4.016196244686691,4.016196244686691,single_atom
BH76_42,BH46,Barrier Heights,Barrier Height,MACE-POLAR-1-S,21.600016281859567,-46.63531202882479,-68.23532831068437,68.23532831068437,single_atom
BH76_44,BH46,Barrier Heights,Barrier Height,MACE-POLAR-1-S,15.000011568309205,-49.52019162749687,-64.52020319580608,64.52020319580608,single_atom
BH76_47,BH46,Barrier Heights,Barrier Height,MACE-POLAR-1-S,9.700007564507882,64.35034645299059,54.65033888848271,54.65033888848271,single_atom
BH76_52,BH46,Barrier Heights,Barrier Height,MACE-POLAR-1-S,6.800005160632242,-0.1174766246941886,-6.917481785326431,6.917481785326431,single_atom
BH76_55,BH46,Barrier Heights,Barrier Height,MACE-POLAR-1-S,1.6000010666171218,5.353458880840953,3.753457814223831,3.753457814223831,single_atom
BH76_56,BH46,Barrier Heights,Barrier Height,MACE-POLAR-1-S,33.80002535607933,-28.870688497672298,-62.67071385375163,62.67071385375163,single_atom
BH76_57,BH46,Barrier Heights,Barrier Height,MACE-POLAR-1-S,14.400010854573043,-0.3436453777214454,-14.743656232294489,14.743656232294489,single_atom
BH76_59,BH46,Barrier Heights,Barrier Height,MACE-POLAR-1-S,2.900002403875639,-52.9062859072912,-55.80628831116684,55.80628831116684,single_atom
BH76_65,BH46,Barrier Heights,Barrier Height,MACE-POLAR-1-S,10.400007560520766,3.75263855511034,-6.647369005410426,6.647369005410426,single_atom
BH76_66,BH46,Barrier Heights,Barrier Height,MACE-POLAR-1-S,9.900007384080284,6.055254384541437,-3.844752999538848,3.844752999538848,single_atom
BH76_7,BH46,Barrier Heights,Barrier Height,MACE-POLAR-1-S,30.50002331305889,-47.50079314350936,-78.00081645656826,78.00081645656826,single_atom
BH76_9,BH46,Barrier Heights,Barrier Height,MACE-POLAR-1-S,1.5000011568309202,-72.03913476950264,-73.53913592633356,73.53913592633356,single_atom
BH9_817,BH876,Barrier Heights,Barrier Height,MACE-POLAR-1-S,-3.2100002416844418,-2.370536992358508,0.839463249325934,0.839463249325934,single_atom
BH9_819,BH876,Barrier Heights,Barrier Height,MACE-POLAR-1-S,14.280000295168543,17.67407631701663,3.394076021848088,3.394076021848088,single_atom
BH9_826,BH876,Barrier Heights,Barrier Height,MACE-POLAR-1-S,4.560000278817111,9.5854147749307,5.025414496113588,5.025414496113588,single_atom
ORBH35_CO3_17,ORBH35,Barrier Heights,Barrier Height,MACE-POLAR-1-S,21.755060067691364,9.27242677049773,-12.482633297193633,12.482633297193633,single_atom
ORBH35_CO3_18,ORBH35,Barrier Heights,Barrier Height,MACE-POLAR-1-S,76.69131949350411,69.2811111405536,-7.410208352950505,7.410208352950505,single_atom
ORBH35_CO3_19,ORBH35,Barrier Heights,Barrier Height,MACE-POLAR-1-S,62.554614751794006,61.14926929395192,-1.4053454578420883,1.4053454578420883,single_atom
DBH24_1,DBH22,Proton Transfer,Barrier Height,MACE-POLAR-1-S,17.189999552475435,-42.26184476852866,-59.451844321004096,59.451844321004096,single_atom
DBH24_11,DBH22,Proton Transfer,Barrier Height,MACE-POLAR-1-S,10.649999804872582,-65.85160034273373,-76.50160014760631,76.50160014760631,single_atom
DBH24_12,DBH22,Proton Transfer,Barrier Height,MACE-POLAR-1-S,3.76999973648717,-59.92823324265005,-63.698232979137224,63.698232979137224,single_atom
DBH24_15,DBH22,Proton Transfer,Barrier Height,MACE-POLAR-1-S,59.32999730442081,48.8392381077048,-10.490759196716006,10.490759196716006,single_atom
DBH24_18,DBH22,Proton Transfer,Barrier Height,MACE-POLAR-1-S,17.7699990292354,17.161450744929418,-0.6085482843059822,0.6085482843059822,single_atom
DBH24_2,DBH22,Proton Transfer,Barrier Height,MACE-POLAR-1-S,17.59999918259886,-65.64123652672727,-83.24123570932613,83.24123570932613,single_atom
DBH24_23,DBH22,Proton Transfer,Barrier Height,MACE-POLAR-1-S,12.89999965759054,1.754035224126105,-11.145964433464435,11.145964433464435,single_atom
DBH24_7,DBH22,Proton Transfer,Barrier Height,MACE-POLAR-1-S,14.31999963157355,-48.08822653710062,-62.40822616867417,62.40822616867417,single_atom
DBH24_8,DBH22,Proton Transfer,Barrier Height,MACE-POLAR-1-S,1.830000231615912,-61.16582040472648,-62.995820636342394,62.995820636342394,single_atom
BDE99_1,BDE99MR,Bond Dissociation Energies,Thermochemistry,MACE-POLAR-1-S,-17.64999913749196,-33.25619493808302,-15.60619580059106,15.60619580059106,single_atom
BDE99_12,BDE99MR,Bond Dissociation Energies,Thermochemistry,MACE-POLAR-1-S,-105.5799957411454,-181.70370516866845,-76.12370942752305,76.12370942752305,single_atom
BDE99_3,BDE99MR,Bond Dissociation Energies,Thermochemistry,MACE-POLAR-1-S,-62.66999742882732,-65.42019389707298,-2.7501964682456546,2.7501964682456546,single_atom
BDE99_4,BDE99MR,Bond Dissociation Energies,Thermochemistry,MACE-POLAR-1-S,-60.939997734507074,-68.73948993964619,-7.799492205139117,7.799492205139117,single_atom
BDE99_5,BDE99MR,Bond Dissociation Energies,Thermochemistry,MACE-POLAR-1-S,-5.560000004188602,-3.868022713337807,1.691977290850795,1.691977290850795,single_atom
BDE99_55,BDE99MR,Bond Dissociation Energies,Thermochemistry,MACE-POLAR-1-S,-57.7599974657585,-60.88659721422734,-3.1265997484688413,3.1265997484688413,single_atom
BDE99_57,BDE99MR,Bond Dissociation Energies,Thermochemistry,MACE-POLAR-1-S,-85.86999657952926,-164.20033067329754,-78.33033409376829,78.33033409376829,single_atom
BDE99_58,BDE99MR,Bond Dissociation Energies,Thermochemistry,MACE-POLAR-1-S,-26.59999859347069,-26.640344204327786,-0.04034561085709498,0.04034561085709498,single_atom
BDE99_6,BDE99MR,Bond Dissociation Energies,Thermochemistry,MACE-POLAR-1-S,-81.6499966214947,-85.11117649698191,-3.4611798754872183,3.4611798754872183,single_atom
BDE99_7,BDE99MR,Bond Dissociation Energies,Thermochemistry,MACE-POLAR-1-S,-13.89999938296203,-17.493851905071605,-3.593852522109575,3.593852522109575,single_atom
BDE99_8,BDE99MR,Bond Dissociation Energies,Thermochemistry,MACE-POLAR-1-S,-36.009998261975426,-51.22138660661215,-15.211388344636724,15.211388344636724,single_atom
BDE99_9,BDE99MR,Bond Dissociation Energies,Thermochemistry,MACE-POLAR-1-S,-40.6999984235146,-55.04268056835625,-14.342682144841653,14.342682144841653,single_atom
BDE99_97,BDE99MR,Bond Dissociation Energies,Thermochemistry,MACE-POLAR-1-S,-65.97999758029796,-62.49731163329027,3.4826859470076883,3.4826859470076883,single_atom
BDE99_10,BDE99nonMR,Bond Dissociation Energies,Thermochemistry,MACE-POLAR-1-S,-100.7799956788414,-183.45278564422543,-82.67278996538403,82.67278996538403,single_atom
BDE99_11,BDE99nonMR,Bond Dissociation Energies,Thermochemistry,MACE-POLAR-1-S,-59.019997584083576,-65.70361797422473,-6.683620390141151,6.683620390141151,single_atom
BDE99_13,BDE99nonMR,Bond Dissociation Energies,Thermochemistry,MACE-POLAR-1-S,-51.44999813817338,-61.20868013304483,-9.758681994871452,9.758681994871452,single_atom
BDE99_14,BDE99nonMR,Bond Dissociation Energies,Thermochemistry,MACE-POLAR-1-S,-75.13999684682771,-87.03229649598006,-11.89229964915235,11.89229964915235,single_atom
BDE99_15,BDE99nonMR,Bond Dissociation Energies,Thermochemistry,MACE-POLAR-1-S,-118.09999511403888,-132.25602532824544,-14.156030214206567,14.156030214206567,single_atom
BDE99_16,BDE99nonMR,Bond Dissociation Energies,Thermochemistry,MACE-POLAR-1-S,-42.3599981809845,-50.946707814564114,-8.586709633579616,8.586709633579616,single_atom
BDE99_17,BDE99nonMR,Bond Dissociation Energies,Thermochemistry,MACE-POLAR-1-S,-84.76999631686209,-161.08847656083697,-76.31848024397488,76.31848024397488,single_atom
BDE99_19,BDE99nonMR,Bond Dissociation Energies,Thermochemistry,MACE-POLAR-1-S,-116.8499949866924,-214.0952801280373,-97.24528514134491,97.24528514134491,single_atom
BDE99_20,BDE99nonMR,Bond Dissociation Energies,Thermochemistry,MACE-POLAR-1-S,-215.1099910563931,-214.09183952518688,1.0181515312062288,1.0181515312062288,single_atom
BDE99_24,BDE99nonMR,Bond Dissociation Energies,Thermochemistry,MACE-POLAR-1-S,-53.13999786857913,-131.08748168670024,-77.94748381812111,77.94748381812111,single_atom
BDE99_25,BDE99nonMR,Bond Dissociation Energies,Thermochemistry,MACE-POLAR-1-S,-122.7899946480686,-127.66287244767864,-4.872877799610038,4.872877799610038,single_atom
BDE99_28,BDE99nonMR,Bond Dissociation Energies,Thermochemistry,MACE-POLAR-1-S,-43.04999818601876,-121.02468655291712,-77.97468836689836,77.97468836689836,single_atom
BDE99_30,BDE99nonMR,Bond Dissociation Energies,Thermochemistry,MACE-POLAR-1-S,-173.5299927992505,-182.6323851258864,-9.102392326635908,9.102392326635908,single_atom
BDE99_34,BDE99nonMR,Bond Dissociation Energies,Thermochemistry,MACE-POLAR-1-S,-161.84999329607052,-170.3621185229321,-8.51212522686157,8.51212522686157,single_atom
BDE99_35,BDE99nonMR,Bond Dissociation Energies,Thermochemistry,MACE-POLAR-1-S,-124.31999515032588,-136.42610143179928,-12.106106281473402,12.106106281473402,single_atom
BDE99_36,BDE99nonMR,Bond Dissociation Energies,Thermochemistry,MACE-POLAR-1-S,-95.23999628411951,-171.8054691509611,-76.56547286684159,76.56547286684159,single_atom
BDE99_37,BDE99nonMR,Bond Dissociation Energies,Thermochemistry,MACE-POLAR-1-S,-183.90999222019084,-188.2637538306636,-4.353761610472759,4.353761610472759,single_atom
BDE99_38,BDE99nonMR,Bond Dissociation Energies,Thermochemistry,MACE-POLAR-1-S,-19.68999917965889,-93.54113219238744,-73.85113301272855,73.85113301272855,single_atom
BDE99_39,BDE99nonMR,Bond Dissociation Energies,Thermochemistry,MACE-POLAR-1-S,-195.19999207520456,-213.8836403132381,-18.683648238033527,18.683648238033527,single_atom
BDE99_40,BDE99nonMR,Bond Dissociation Energies,Thermochemistry,MACE-POLAR-1-S,-108.55999556281208,-113.33730636728072,-4.777310804468641,4.777310804468641,single_atom
BDE99_41,BDE99nonMR,Bond Dissociation Energies,Thermochemistry,MACE-POLAR-1-S,-130.40999467638136,-139.5652382187343,-9.155243542352935,9.155243542352935,single_atom
BDE99_43,BDE99nonMR,Bond Dissociation Energies,Thermochemistry,MACE-POLAR-1-S,-42.82999838448911,-118.26062475378136,-75.43062636929224,75.43062636929224,single_atom
BDE99_45,BDE99nonMR,Bond Dissociation Energies,Thermochemistry,MACE-POLAR-1-S,-35.1899983742191,-109.2397613863504,-74.0497630121313,74.0497630121313,single_atom
BDE99_46,BDE99nonMR,Bond Dissociation Energies,Thermochemistry,MACE-POLAR-1-S,-100.0299957279354,-175.94171029663676,-75.91171456870136,75.91171456870136,single_atom
BDE99_47,BDE99nonMR,Bond Dissociation Energies,Thermochemistry,MACE-POLAR-1-S,-107.66999573820544,-184.9625736640677,-77.29257792586225,77.29257792586225,single_atom
BDE99_48,BDE99nonMR,Bond Dissociation Energies,Thermochemistry,MACE-POLAR-1-S,-103.18999601472676,-181.8688620990244,-78.67886608429764,78.67886608429764,single_atom
BDE99_50,BDE99nonMR,Bond Dissociation Energies,Thermochemistry,MACE-POLAR-1-S,-22.82999885698352,-96.50254836148586,-73.67254950450234,73.67254950450234,single_atom
BDE99_51,BDE99nonMR,Bond Dissociation Energies,Thermochemistry,MACE-POLAR-1-S,-132.06999443385126,-226.16321520925112,-94.09322077539986,94.09322077539986,single_atom
BDE99_52,BDE99nonMR,Bond Dissociation Energies,Thermochemistry,MACE-POLAR-1-S,-229.1999902679489,-251.34351401446665,-22.143523746517758,22.143523746517758,single_atom
BDE99_54,BDE99nonMR,Bond Dissociation Energies,Thermochemistry,MACE-POLAR-1-S,-96.17999606361928,-171.07279517242273,-74.89279910880344,74.89279910880344,single_atom
BDE99_59,BDE99nonMR,Bond Dissociation Energies,Thermochemistry,MACE-POLAR-1-S,-93.55999591718287,-168.58985526274554,-75.02985934556267,75.02985934556267,single_atom
BDE99_61,BDE99nonMR,Bond Dissociation Energies,Thermochemistry,MACE-POLAR-1-S,-77.39999669052429,-80.03228954950896,-2.6322928589846697,2.6322928589846697,single_atom
BDE99_62,BDE99nonMR,Bond Dissociation Energies,Thermochemistry,MACE-POLAR-1-S,-60.87999778863536,-145.8516570664985,-84.97165927786313,84.97165927786313,single_atom
BDE99_63,BDE99nonMR,Bond Dissociation Energies,Thermochemistry,MACE-POLAR-1-S,-68.32999734280212,-77.07637721968469,-8.746379876882571,8.746379876882571,single_atom
BDE99_64,BDE99nonMR,Bond Dissociation Energies,Thermochemistry,MACE-POLAR-1-S,-54.70999770724145,-129.95407766339662,-75.24407995615516,75.24407995615516,single_atom
BDE99_65,BDE99nonMR,Bond Dissociation Energies,Thermochemistry,MACE-POLAR-1-S,-125.76999509724476,-199.1438692068873,-73.37387410964254,73.37387410964254,single_atom
BDE99_69,BDE99nonMR,Bond Dissociation Energies,Thermochemistry,MACE-POLAR-1-S,-141.76999384073596,-145.4774194098989,-3.7074255691629503,3.7074255691629503,single_atom
BDE99_70,BDE99nonMR,Bond Dissociation Energies,Thermochemistry,MACE-POLAR-1-S,-65.46999741287885,-72.01700868151889,-6.547011268640034,6.547011268640034,single_atom
BDE99_71,BDE99nonMR,Bond Dissociation Energies,Thermochemistry,MACE-POLAR-1-S,-115.4299950127094,-189.1989015299392,-73.76890651722981,73.76890651722981,single_atom
BDE99_72,BDE99nonMR,Bond Dissociation Energies,Thermochemistry,MACE-POLAR-1-S,-99.49999557855908,-172.364178506674,-72.86418292811491,72.86418292811491,single_atom
BDE99_76,BDE99nonMR,Bond Dissociation Energies,Thermochemistry,MACE-POLAR-1-S,-127.80999451190225,-142.33725854957106,-14.527264037668814,14.527264037668814,single_atom
BDE99_79,BDE99nonMR,Bond Dissociation Energies,Thermochemistry,MACE-POLAR-1-S,-86.14999632693062,-155.69417716736538,-69.54418084043476,69.54418084043476,single_atom
BDE99_80,BDE99nonMR,Bond Dissociation Energies,Thermochemistry,MACE-POLAR-1-S,-40.55999854981392,-114.03670874860114,-73.47671019878723,73.47671019878723,single_atom
BDE99_81,BDE99nonMR,Bond Dissociation Energies,Thermochemistry,MACE-POLAR-1-S,-169.18999294947247,-167.81057193906275,1.3794210104097147,1.3794210104097147,single_atom
BDE99_82,BDE99nonMR,Bond Dissociation Energies,Thermochemistry,MACE-POLAR-1-S,-132.30999421733813,-153.62013919520192,-21.310144977863786,21.310144977863786,single_atom
BDE99_84,BDE99nonMR,Bond Dissociation Energies,Thermochemistry,MACE-POLAR-1-S,-139.3599941323601,-223.9260861583855,-84.56609202602539,84.56609202602539,single_atom
BDE99_86,BDE99nonMR,Bond Dissociation Energies,Thermochemistry,MACE-POLAR-1-S,-115.08999531943633,-126.80249830863325,-11.71250298919692,11.71250298919692,single_atom
BDE99_87,BDE99nonMR,Bond Dissociation Energies,Thermochemistry,MACE-POLAR-1-S,-112.54999510082892,-188.98748379181828,-76.43748869098935,76.43748869098935,single_atom
BDE99_88,BDE99nonMR,Bond Dissociation Energies,Thermochemistry,MACE-POLAR-1-S,-117.12999536160324,-186.7036601779112,-69.57366481630795,69.57366481630795,single_atom
BDE99_89,BDE99nonMR,Bond Dissociation Energies,Thermochemistry,MACE-POLAR-1-S,-106.51999552064515,-197.4253556335356,-90.90536011289043,90.90536011289043,single_atom
BDE99_90,BDE99nonMR,Bond Dissociation Energies,Thermochemistry,MACE-POLAR-1-S,-126.05999483562476,-139.36471971777056,-13.304724882145791,13.304724882145791,single_atom
BDE99_91,BDE99nonMR,Bond Dissociation Energies,Thermochemistry,MACE-POLAR-1-S,-104.09999582129066,-130.625588762027,-26.525592940736345,26.525592940736345,single_atom
BDE99_93,BDE99nonMR,Bond Dissociation Energies,Thermochemistry,MACE-POLAR-1-S,-104.52999543337133,-119.67792017338849,-15.14792474001716,15.14792474001716,single_atom
BDE99_94,BDE99nonMR,Bond Dissociation Energies,Thermochemistry,MACE-POLAR-1-S,-82.31999664457172,-89.2017717308047,-6.881775086232977,6.881775086232977,single_atom
BDE99_95,BDE99nonMR,Bond Dissociation Energies,Thermochemistry,MACE-POLAR-1-S,-86.31999617356716,-92.30622798595216,-5.986231812385,5.986231812385,single_atom
BDE99_96,BDE99nonMR,Bond Dissociation Energies,Thermochemistry,MACE-POLAR-1-S,-134.1599944309113,-146.7507142584276,-12.590719827516295,12.590719827516295,single_atom
HAT707_10,HAT707MR,Bond Dissociation Energies,Thermochemistry,MACE-POLAR-1-S,100.9399958273404,170.372484575681,69.4324887483406,69.4324887483406,single_atom
HAT707_103,HAT707MR,Bond Dissociation Energies,Thermochemistry,MACE-POLAR-1-S,-111.77999516796568,-37.91609844048555,73.86389672748012,73.86389672748012,single_atom
HAT707_108,HAT707MR,Bond Dissociation Energies,Thermochemistry,MACE-POLAR-1-S,21.74999920378307,106.3351413696482,84.58514216586514,84.58514216586514,single_atom
HAT707_109,HAT707MR,Bond Dissociation Energies,Thermochemistry,MACE-POLAR-1-S,23.61999877180399,96.71837700802098,73.09837823621699,73.09837823621699,single_atom
HAT707_11,HAT707MR,Bond Dissociation Energies,Thermochemistry,MACE-POLAR-1-S,52.46999784550211,124.06768883841694,71.59769099291483,71.59769099291483,single_atom
HAT707_117,HAT707MR,Bond Dissociation Energies,Thermochemistry,MACE-POLAR-1-S,17.539999236727137,60.37303536988195,42.833036133154806,42.833036133154806,single_atom
HAT707_119,HAT707MR,Bond Dissociation Energies,Thermochemistry,MACE-POLAR-1-S,115.06999533747909,110.54648971864498,-4.523505618834108,4.523505618834108,single_atom
HAT707_120,HAT707MR,Bond Dissociation Energies,Thermochemistry,MACE-POLAR-1-S,201.13999168527053,206.8766516730493,5.736659987778779,5.736659987778779,single_atom
HAT707_121,HAT707MR,Bond Dissociation Energies,Thermochemistry,MACE-POLAR-1-S,178.0799926385257,185.0901660427761,7.010173404250395,7.010173404250395,single_atom
HAT707_122,HAT707MR,Bond Dissociation Energies,Thermochemistry,MACE-POLAR-1-S,118.81999508821634,126.3088327516564,7.4888376634400515,7.4888376634400515,single_atom
HAT707_123,HAT707MR,Bond Dissociation Energies,Thermochemistry,MACE-POLAR-1-S,197.04999185434352,204.78114864263785,7.731156788294328,7.731156788294328,single_atom
HAT707_124,HAT707MR,Bond Dissociation Energies,Thermochemistry,MACE-POLAR-1-S,218.0199909874852,219.25353100946535,1.2335400219801613,1.2335400219801613,single_atom
HAT707_125,HAT707MR,Bond Dissociation Energies,Thermochemistry,MACE-POLAR-1-S,92.01999605145645,88.76000408835078,-3.259991963105662,3.259991963105662,single_atom
HAT707_126,HAT707MR,Bond Dissociation Energies,Thermochemistry,MACE-POLAR-1-S,204.98999152611952,202.2340504092604,-2.755941116859134,2.755941116859134,single_atom
HAT707_129,HAT707MR,Bond Dissociation Energies,Thermochemistry,MACE-POLAR-1-S,79.64999670742696,72.26272872343708,-7.3872679839898865,7.3872679839898865,single_atom
HAT707_130,HAT707MR,Bond Dissociation Energies,Thermochemistry,MACE-POLAR-1-S,206.64999145749803,198.6613866064776,-7.988604851020426,7.988604851020426,single_atom
HAT707_16,HAT707MR,Bond Dissociation Energies,Thermochemistry,MACE-POLAR-1-S,88.55999633910517,153.87520921076728,65.31521287166211,65.31521287166211,single_atom
HAT707_161,HAT707MR,Bond Dissociation Energies,Thermochemistry,MACE-POLAR-1-S,233.119990363281,243.56099833541973,10.44100797213872,10.44100797213872,single_atom
HAT707_17,HAT707MR,Bond Dissociation Energies,Thermochemistry,MACE-POLAR-1-S,54.129997602972,120.4950250356236,66.3650274326516,66.3650274326516,single_atom
HAT707_176,HAT707MR,Bond Dissociation Energies,Thermochemistry,MACE-POLAR-1-S,-27.29999858948358,-30.43799972253699,-3.138001133053411,3.138001133053411,single_atom
HAT707_181,HAT707MR,Bond Dissociation Energies,Thermochemistry,MACE-POLAR-1-S,106.22999578226516,113.81324008759675,7.58324430533159,7.58324430533159,single_atom
HAT707_182,HAT707MR,Bond Dissociation Energies,Thermochemistry,MACE-POLAR-1-S,108.09999553136022,104.19647572596952,-3.903519805390701,3.903519805390701,single_atom
HAT707_188,HAT707MR,Bond Dissociation Energies,Thermochemistry,MACE-POLAR-1-S,94.15999610761192,108.2932737212364,14.133277613624486,14.133277613624486,single_atom
HAT707_189,HAT707MR,Bond Dissociation Energies,Thermochemistry,MACE-POLAR-1-S,71.09999706086647,86.50678809096316,15.406791030096684,15.406791030096684,single_atom
HAT707_190,HAT707MR,Bond Dissociation Energies,Thermochemistry,MACE-POLAR-1-S,90.06999627668488,106.1977706908249,16.12777441414002,16.12777441414002,single_atom
HAT707_191,HAT707MR,Bond Dissociation Energies,Thermochemistry,MACE-POLAR-1-S,111.03999540982656,120.6701530576524,9.63015764782584,9.63015764782584,single_atom
HAT707_192,HAT707MR,Bond Dissociation Energies,Thermochemistry,MACE-POLAR-1-S,98.0099959484609,103.65067245744748,5.640676508986587,5.640676508986587,single_atom
HAT707_196,HAT707MR,Bond Dissociation Energies,Thermochemistry,MACE-POLAR-1-S,99.6699958798394,100.0780086546856,0.408012774846199,0.408012774846199,single_atom
HAT707_2,HAT707MR,Bond Dissociation Energies,Thermochemistry,MACE-POLAR-1-S,123.98999487449908,192.1589702059333,68.16897533143421,68.16897533143421,single_atom
HAT707_221,HAT707MR,Bond Dissociation Energies,Thermochemistry,MACE-POLAR-1-S,-145.50999423179678,-151.90775317168297,-6.397758939886188,6.397758939886188,single_atom
HAT707_236,HAT707MR,Bond Dissociation Energies,Thermochemistry,MACE-POLAR-1-S,94.97999607371467,110.73136737371772,15.751371300003044,15.751371300003044,single_atom
HAT707_237,HAT707MR,Bond Dissociation Energies,Thermochemistry,MACE-POLAR-1-S,126.13999478562236,144.97762038362777,18.837625598005403,18.837625598005403,single_atom
HAT707_260,HAT707MR,Bond Dissociation Energies,Thermochemistry,MACE-POLAR-1-S,38.35999865198906,31.73749248560689,-6.62250616638217,6.62250616638217,single_atom
HAT707_261,HAT707MR,Bond Dissociation Energies,Thermochemistry,MACE-POLAR-1-S,-62.009997396728906,-55.262542375358045,6.747455021370861,6.747455021370861,single_atom
HAT707_262,HAT707MR,Bond Dissociation Energies,Thermochemistry,MACE-POLAR-1-S,35.42999878521545,38.28376099518169,2.8537622099662343,2.8537622099662343,single_atom
HAT707_263,HAT707MR,Bond Dissociation Energies,Thermochemistry,MACE-POLAR-1-S,62.22999719825855,75.83258965847682,13.602592460218268,13.602592460218268,single_atom
HAT707_264,HAT707MR,Bond Dissociation Energies,Thermochemistry,MACE-POLAR-1-S,39.17999853974538,54.04610402820359,14.86610548845821,14.86610548845821,single_atom
HAT707_265,HAT707MR,Bond Dissociation Energies,Thermochemistry,MACE-POLAR-1-S,58.14999774143416,73.73708662810728,15.587088886673115,15.587088886673115,single_atom
HAT707_266,HAT707MR,Bond Dissociation Energies,Thermochemistry,MACE-POLAR-1-S,29.439998541436715,23.06442669225449,-6.375571849182226,6.375571849182226,single_atom
HAT707_267,HAT707MR,Bond Dissociation Energies,Thermochemistry,MACE-POLAR-1-S,79.11999672933624,88.2094689949348,9.089472265598559,9.089472265598559,single_atom
HAT707_268,HAT707MR,Bond Dissociation Energies,Thermochemistry,MACE-POLAR-1-S,12.369999508214198,16.497275364929433,4.127275856715235,4.127275856715235,single_atom
HAT707_269,HAT707MR,Bond Dissociation Energies,Thermochemistry,MACE-POLAR-1-S,66.08999726796996,71.18998839472985,5.099991126759889,5.099991126759889,single_atom
HAT707_273,HAT707MR,Bond Dissociation Energies,Thermochemistry,MACE-POLAR-1-S,67.7499971993491,67.61732459190506,-0.13267260744403586,0.13267260744403586,single_atom
HAT707_296,HAT707MR,Bond Dissociation Energies,Thermochemistry,MACE-POLAR-1-S,-67.12999717034874,-56.74554385605165,10.384453314297097,10.384453314297097,single_atom
HAT707_297,HAT707MR,Bond Dissociation Energies,Thermochemistry,MACE-POLAR-1-S,-71.2499972185971,-64.88614549853459,6.363851720062513,6.363851720062513,single_atom
HAT707_3,HAT707MR,Bond Dissociation Energies,Thermochemistry,MACE-POLAR-1-S,48.619998181185984,128.71029010216392,80.09029192097793,80.09029192097793,single_atom
HAT707_315,HAT707MR,Bond Dissociation Energies,Thermochemistry,MACE-POLAR-1-S,-110.70999550574386,-103.84118702460404,6.868808481139823,6.868808481139823,single_atom
HAT707_316,HAT707MR,Bond Dissociation Energies,Thermochemistry,MACE-POLAR-1-S,63.05999739322439,78.27068331095816,15.21068591773377,15.21068591773377,single_atom
HAT707_317,HAT707MR,Bond Dissociation Energies,Thermochemistry,MACE-POLAR-1-S,94.21999610513204,112.51693632084722,18.296940215715182,18.296940215715182,single_atom
HAT707_325,HAT707MR,Bond Dissociation Energies,Thermochemistry,MACE-POLAR-1-S,-74.7399972076829,-70.79730261630635,3.9426945913765508,3.9426945913765508,single_atom
HAT707_330,HAT707MR,Bond Dissociation Energies,Thermochemistry,MACE-POLAR-1-S,-79.2299969221402,-82.0801832619372,-2.8501863397969913,2.8501863397969913,single_atom
HAT707_334,HAT707MR,Bond Dissociation Energies,Thermochemistry,MACE-POLAR-1-S,-72.98999690389596,-67.82476378448486,5.1652331194110985,5.1652331194110985,single_atom
HAT707_336,HAT707MR,Bond Dissociation Energies,Thermochemistry,MACE-POLAR-1-S,-89.62999632503781,-80.20655327371551,9.423443051322295,9.423443051322295,single_atom
HAT707_339,HAT707MR,Bond Dissociation Energies,Thermochemistry,MACE-POLAR-1-S,-79.64999654324225,-72.26272872345281,7.387267819789443,7.387267819789443,single_atom
HAT707_341,HAT707MR,Bond Dissociation Energies,Thermochemistry,MACE-POLAR-1-S,-129.43999492394573,-156.81442716626822,-27.374432242322484,27.374432242322484,single_atom
HAT707_346,HAT707MR,Bond Dissociation Energies,Thermochemistry,MACE-POLAR-1-S,-73.04999684976768,-73.25931751487695,-0.20932066510927427,0.20932066510927427,single_atom
HAT707_349,HAT707MR,Bond Dissociation Energies,Thermochemistry,MACE-POLAR-1-S,60.47999752198108,70.99192229517291,10.51192477319183,10.51192477319183,single_atom
HAT707_350,HAT707MR,Bond Dissociation Energies,Thermochemistry,MACE-POLAR-1-S,62.34999771751146,61.37515793371347,-0.9748397837979894,0.9748397837979894,single_atom
HAT707_354,HAT707MR,Bond Dissociation Energies,Thermochemistry,MACE-POLAR-1-S,-9.71999938884196,-9.570630259023572,0.14936912981838724,0.14936912981838724,single_atom
HAT707_355,HAT707MR,Bond Dissociation Energies,Thermochemistry,MACE-POLAR-1-S,14.029999265684092,12.924611562115134,-1.105387703568958,1.105387703568958,single_atom
HAT707_358,HAT707MR,Bond Dissociation Energies,Thermochemistry,MACE-POLAR-1-S,21.38999890104327,25.359149433087527,3.9691505320442566,3.9691505320442566,single_atom
HAT707_359,HAT707MR,Bond Dissociation Energies,Thermochemistry,MACE-POLAR-1-S,-5.510000049295501,8.215265066582246,13.725265115877747,13.725265115877747,single_atom
HAT707_360,HAT707MR,Bond Dissociation Energies,Thermochemistry,MACE-POLAR-1-S,-28.569998698787284,-13.571220563690984,14.9987781350963,14.9987781350963,single_atom
HAT707_361,HAT707MR,Bond Dissociation Energies,Thermochemistry,MACE-POLAR-1-S,25.1399986555732,41.12149246609894,15.981493810525741,15.981493810525741,single_atom
HAT707_362,HAT707MR,Bond Dissociation Energies,Thermochemistry,MACE-POLAR-1-S,-9.599999497098516,6.119762036191728,15.719761533290244,15.719761533290244,single_atom
HAT707_363,HAT707MR,Bond Dissociation Energies,Thermochemistry,MACE-POLAR-1-S,55.49999762206192,80.56185952151843,25.06186189945651,25.06186189945651,single_atom
HAT707_364,HAT707MR,Bond Dissociation Energies,Thermochemistry,MACE-POLAR-1-S,26.78999904957395,29.889199585676128,3.0992005361021775,3.0992005361021775,single_atom
HAT707_365,HAT707MR,Bond Dissociation Energies,Thermochemistry,MACE-POLAR-1-S,11.369999782842708,20.592144403019248,9.22214462017654,9.22214462017654,single_atom
HAT707_366,HAT707MR,Bond Dissociation Energies,Thermochemistry,MACE-POLAR-1-S,-1.6599997574698946,3.572663802793324,5.2326635602632185,5.2326635602632185,single_atom
HAT707_367,HAT707MR,Bond Dissociation Energies,Thermochemistry,MACE-POLAR-1-S,-5.649999922996183,3.5313060447883493,9.181305967784532,9.181305967784532,single_atom
HAT707_368,HAT707MR,Bond Dissociation Energies,Thermochemistry,MACE-POLAR-1-S,36.05999821686853,43.71145997536879,7.651461758500261,7.651461758500261,single_atom
HAT707_370,HAT707MR,Bond Dissociation Energies,Thermochemistry,MACE-POLAR-1-S,-12.369999508214198,-2.7458573656019265,9.624142142612271,9.624142142612271,single_atom
HAT707_371,HAT707MR,Bond Dissociation Energies,Thermochemistry,MACE-POLAR-1-S,-14.029999265684092,-12.924611562120376,1.105387703563716,1.105387703563716,single_atom
HAT707_372,HAT707MR,Bond Dissociation Energies,Thermochemistry,MACE-POLAR-1-S,-22.059998924120293,-15.49234056273109,6.567658361389203,6.567658361389203,single_atom
HAT707_373,HAT707MR,Bond Dissociation Energies,Thermochemistry,MACE-POLAR-1-S,10.709999750744302,20.59324811870584,9.883248367961539,9.883248367961539,single_atom
HAT707_374,HAT707MR,Bond Dissociation Energies,Thermochemistry,MACE-POLAR-1-S,-53.6799980089341,-45.493335436825895,8.186662572108204,8.186662572108204,single_atom
HAT707_376,HAT707MR,Bond Dissociation Energies,Thermochemistry,MACE-POLAR-1-S,-68.23999742399454,-61.948018197653525,6.291979226341013,6.291979226341013,single_atom
HAT707_377,HAT707MR,Bond Dissociation Energies,Thermochemistry,MACE-POLAR-1-S,-99.66999605270507,-100.07800865469083,-0.40801260198576017,0.40801260198576017,single_atom
HAT707_378,HAT707MR,Bond Dissociation Energies,Thermochemistry,MACE-POLAR-1-S,2.5299996001193223,10.063180187249646,7.533180587130324,7.533180587130324,single_atom
HAT707_379,HAT707MR,Bond Dissociation Energies,Thermochemistry,MACE-POLAR-1-S,-34.35999849548415,-26.85871969814987,7.50127879733428,7.50127879733428,single_atom
HAT707_380,HAT707MR,Bond Dissociation Energies,Thermochemistry,MACE-POLAR-1-S,-40.009998418480336,-30.65611588945105,9.353882529029285,9.353882529029285,single_atom
HAT707_382,HAT707MR,Bond Dissociation Energies,Thermochemistry,MACE-POLAR-1-S,-78.65999680884937,-65.94301529934442,12.716981509504947,12.716981509504947,single_atom
HAT707_383,HAT707MR,Bond Dissociation Energies,Thermochemistry,MACE-POLAR-1-S,-126.34999457400474,-116.01060174866556,10.339392825339175,10.339392825339175,single_atom
HAT707_385,HAT707MR,Bond Dissociation Energies,Thermochemistry,MACE-POLAR-1-S,-120.44999487654304,-111.0924291926164,9.357565683926651,9.357565683926651,single_atom
HAT707_387,HAT707MR,Bond Dissociation Energies,Thermochemistry,MACE-POLAR-1-S,-125.94999493485992,-116.62693563915408,9.323059295705832,9.323059295705832,single_atom
HAT707_390,HAT707MR,Bond Dissociation Energies,Thermochemistry,MACE-POLAR-1-S,-60.6899973325321,-52.5294450731144,8.160552259417699,8.160552259417699,single_atom
HAT707_391,HAT707MR,Bond Dissociation Energies,Thermochemistry,MACE-POLAR-1-S,-108.77999536434172,-98.8221625896831,9.957832774658613,9.957832774658613,single_atom
HAT707_392,HAT707MR,Bond Dissociation Energies,Thermochemistry,MACE-POLAR-1-S,-194.1399917764519,-183.14420173909735,10.995790037354539,10.995790037354539,single_atom
HAT707_394,HAT707MR,Bond Dissociation Energies,Thermochemistry,MACE-POLAR-1-S,-130.83999428846204,-116.72379789740936,14.116196391052682,14.116196391052682,single_atom
HAT707_396,HAT707MR,Bond Dissociation Energies,Thermochemistry,MACE-POLAR-1-S,-142.12999414347578,-142.3436843799629,-0.2136902364871105,0.2136902364871105,single_atom
HAT707_398,HAT707MR,Bond Dissociation Energies,Thermochemistry,MACE-POLAR-1-S,-110.44999574029973,-103.42861910459126,7.021376635708464,7.021376635708464,single_atom
HAT707_4,HAT707MR,Bond Dissociation Energies,Thermochemistry,MACE-POLAR-1-S,25.559998904184724,106.92380447191164,81.36380556772691,81.36380556772691,single_atom
HAT707_400,HAT707MR,Bond Dissociation Energies,Thermochemistry,MACE-POLAR-1-S,-77.33999674465257,-68.02528228546433,9.314714459188238,9.314714459188238,single_atom
HAT707_404,HAT707MR,Bond Dissociation Energies,Thermochemistry,MACE-POLAR-1-S,-139.979994200544,-137.54379272599073,2.436201474553286,2.436201474553286,single_atom
HAT707_406,HAT707MR,Bond Dissociation Energies,Thermochemistry,MACE-POLAR-1-S,-206.6499911583668,-198.66138660649852,7.988604551868264,7.988604551868264,single_atom
HAT707_411,HAT707MR,Bond Dissociation Energies,Thermochemistry,MACE-POLAR-1-S,-4.689999534029699,10.653358719063585,15.343358253093283,15.343358253093283,single_atom
HAT707_412,HAT707MR,Bond Dissociation Energies,Thermochemistry,MACE-POLAR-1-S,26.46999871074863,44.89961172894217,18.42961301819354,18.42961301819354,single_atom
HAT707_413,HAT707MR,Bond Dissociation Energies,Thermochemistry,MACE-POLAR-1-S,16.959999132457696,25.017592657727047,8.05759352526935,8.05759352526935,single_atom
HAT707_414,HAT707MR,Bond Dissociation Energies,Thermochemistry,MACE-POLAR-1-S,-70.40999734888354,-60.003974242059854,10.406023106823682,10.406023106823682,single_atom
HAT707_432,HAT707MR,Bond Dissociation Energies,Thermochemistry,MACE-POLAR-1-S,-51.44999813817338,-48.13796424011854,3.3120338980548354,3.3120338980548354,single_atom
HAT707_433,HAT707MR,Bond Dissociation Energies,Thermochemistry,MACE-POLAR-1-S,-33.24999886934784,-20.7662720526822,12.48372681666564,12.48372681666564,single_atom
HAT707_434,HAT707MR,Bond Dissociation Energies,Thermochemistry,MACE-POLAR-1-S,-81.07999650820388,-75.2107583251157,5.8692381830881715,5.8692381830881715,single_atom
HAT707_435,HAT707MR,Bond Dissociation Energies,Thermochemistry,MACE-POLAR-1-S,-73.38999717055023,-61.94927799519848,11.440719175351752,11.440719175351752,single_atom
HAT707_438,HAT707MR,Bond Dissociation Energies,Thermochemistry,MACE-POLAR-1-S,-67.74999723853267,-67.61732459189982,0.13267264663285516,0.13267264663285516,single_atom
HAT707_439,HAT707MR,Bond Dissociation Energies,Thermochemistry,MACE-POLAR-1-S,115.05999524364726,93.37560802069648,-21.68438722295079,21.68438722295079,single_atom
HAT707_440,HAT707MR,Bond Dissociation Energies,Thermochemistry,MACE-POLAR-1-S,67.87999719397493,70.16454306184364,2.284545867868715,2.284545867868715,single_atom
HAT707_441,HAT707MR,Bond Dissociation Energies,Thermochemistry,MACE-POLAR-1-S,44.81999784425348,48.37805743148652,3.558059587233039,3.558059587233039,single_atom
HAT707_442,HAT707MR,Bond Dissociation Energies,Thermochemistry,MACE-POLAR-1-S,63.78999736304788,68.06904003143215,4.279042668384271,4.279042668384271,single_atom
HAT707_443,HAT707MR,Bond Dissociation Energies,Thermochemistry,MACE-POLAR-1-S,84.75999649618954,82.54142239821772,-2.2185740979718247,2.2185740979718247,single_atom
HAT707_444,HAT707MR,Bond Dissociation Energies,Thermochemistry,MACE-POLAR-1-S,71.72999678557086,65.52194179801278,-6.208054987558086,6.208054987558086,single_atom
HAT707_448,HAT707MR,Bond Dissociation Energies,Thermochemistry,MACE-POLAR-1-S,73.38999696620303,61.94927799521945,-11.440718970983582,11.440718970983582,single_atom
HAT707_45,HAT707MR,Bond Dissociation Energies,Thermochemistry,MACE-POLAR-1-S,-242.63999006589444,-177.08805197691805,65.55193808897639,65.55193808897639,single_atom
HAT707_469,HAT707MR,Bond Dissociation Energies,Thermochemistry,MACE-POLAR-1-S,-154.63999352539065,-150.63633467491738,4.003658850473272,4.003658850473272,single_atom
HAT707_484,HAT707MR,Bond Dissociation Energies,Thermochemistry,MACE-POLAR-1-S,68.69999716007831,72.60263671424109,3.902639554162775,3.902639554162775,single_atom
HAT707_485,HAT707MR,Bond Dissociation Energies,Thermochemistry,MACE-POLAR-1-S,99.85999588129889,106.84888972420356,6.988893842904673,6.988893842904673,single_atom
HAT707_5,HAT707MR,Bond Dissociation Energies,Thermochemistry,MACE-POLAR-1-S,127.73999457505188,207.92131323896564,80.18131866391376,80.18131866391376,single_atom
HAT707_501,HAT707MR,Bond Dissociation Energies,Thermochemistry,MACE-POLAR-1-S,-95.25999626607674,-103.73546595745552,-8.475469691378777,8.475469691378777,single_atom
HAT707_505,HAT707MR,Bond Dissociation Energies,Thermochemistry,MACE-POLAR-1-S,38.269998105672,40.515773852720194,2.2457757470481923,2.2457757470481923,single_atom
HAT707_506,HAT707MR,Bond Dissociation Energies,Thermochemistry,MACE-POLAR-1-S,40.13999830120239,30.89900949109296,-9.240988810109428,9.240988810109428,single_atom
HAT707_509,HAT707MR,Bond Dissociation Energies,Thermochemistry,MACE-POLAR-1-S,45.149998174057416,47.85439125422624,2.7043930801688276,2.7043930801688276,single_atom
HAT707_510,HAT707MR,Bond Dissociation Energies,Thermochemistry,MACE-POLAR-1-S,6.859999458918696,10.9611224321632,4.101122973244505,4.101122973244505,single_atom
HAT707_511,HAT707MR,Bond Dissociation Energies,Thermochemistry,MACE-POLAR-1-S,-16.199999190573088,-10.825363198110033,5.374635992463055,5.374635992463055,single_atom
HAT707_512,HAT707MR,Bond Dissociation Energies,Thermochemistry,MACE-POLAR-1-S,48.89999792858734,63.61673428723765,14.716736358650309,14.716736358650309,single_atom
HAT707_513,HAT707MR,Bond Dissociation Energies,Thermochemistry,MACE-POLAR-1-S,2.7700000111156804,8.8656194018356,6.09561939071992,6.09561939071992,single_atom
HAT707_514,HAT707MR,Bond Dissociation Energies,Thermochemistry,MACE-POLAR-1-S,52.44999786354487,74.01066170450542,21.56066384096055,21.56066384096055,single_atom
HAT707_515,HAT707MR,Bond Dissociation Energies,Thermochemistry,MACE-POLAR-1-S,23.739999291056904,23.33800176857923,-0.40199752247767506,0.40199752247767506,single_atom
HAT707_516,HAT707MR,Bond Dissociation Energies,Thermochemistry,MACE-POLAR-1-S,22.089998897056155,26.067905623973974,3.977906726917819,3.977906726917819,single_atom
HAT707_517,HAT707MR,Bond Dissociation Energies,Thermochemistry,MACE-POLAR-1-S,10.709999750744302,6.318521168416225,-4.3914785823280775,4.3914785823280775,single_atom
HAT707_521,HAT707MR,Bond Dissociation Energies,Thermochemistry,MACE-POLAR-1-S,9.71999938884196,9.570630259060277,-0.14936912978168237,0.14936912978168237,single_atom
HAT707_546,HAT707MR,Bond Dissociation Energies,Thermochemistry,MACE-POLAR-1-S,7.679999974184497,13.399216084644536,5.719216110460039,5.719216110460039,single_atom
HAT707_547,HAT707MR,Bond Dissociation Energies,Thermochemistry,MACE-POLAR-1-S,38.839998218962826,47.64546909452312,8.805470875560296,8.805470875560296,single_atom
HAT707_580,HAT707MR,Bond Dissociation Energies,Thermochemistry,MACE-POLAR-1-S,-1.6299997845340342,-10.33127580022512,-8.701276015691086,8.701276015691086,single_atom
HAT707_581,HAT707MR,Bond Dissociation Energies,Thermochemistry,MACE-POLAR-1-S,15.2499994200947,5.536421286414733,-9.713578133679967,9.713578133679967,single_atom
HAT707_6,HAT707MR,Bond Dissociation Energies,Thermochemistry,MACE-POLAR-1-S,44.529998105873496,126.61478707179435,82.08478896592086,82.08478896592086,single_atom
HAT707_666,HAT707MR,Bond Dissociation Energies,Thermochemistry,MACE-POLAR-1-S,16.199999190573088,10.825363198089056,-5.374635992484032,5.374635992484032,single_atom
HAT707_667,HAT707MR,Bond Dissociation Energies,Thermochemistry,MACE-POLAR-1-S,-12.369999508214198,-16.4972753649137,-4.127275856699503,4.127275856699503,single_atom
HAT707_668,HAT707MR,Bond Dissociation Energies,Thermochemistry,MACE-POLAR-1-S,28.569998698787284,13.571220563711956,-14.998778135075328,14.998778135075328,single_atom
HAT707_673,HAT707MR,Bond Dissociation Energies,Thermochemistry,MACE-POLAR-1-S,-71.0999973539178,-86.50678809097889,-15.406790737061087,15.406790737061087,single_atom
HAT707_688,HAT707MR,Bond Dissociation Energies,Thermochemistry,MACE-POLAR-1-S,-111.40999550175673,-123.97257216227878,-12.562576660522055,12.562576660522055,single_atom
HAT707_689,HAT707MR,Bond Dissociation Energies,Thermochemistry,MACE-POLAR-1-S,-178.07999245957947,-185.0901660427866,-7.01017358320712,7.01017358320712,single_atom
HAT707_690,HAT707MR,Bond Dissociation Energies,Thermochemistry,MACE-POLAR-1-S,-123.07999501395804,-120.33846238949153,2.7415326244665152,2.7415326244665152,single_atom
HAT707_698,HAT707MR,Bond Dissociation Energies,Thermochemistry,MACE-POLAR-1-S,-101.99999583325202,-96.703828638603,5.296167194649016,5.296167194649016,single_atom
HAT707_699,HAT707MR,Bond Dissociation Energies,Thermochemistry,MACE-POLAR-1-S,-92.01999605145645,-88.7600040883403,3.25999196311615,3.25999196311615,single_atom
HAT707_7,HAT707MR,Bond Dissociation Energies,Thermochemistry,MACE-POLAR-1-S,100.19999585793012,189.18122238384584,88.98122652591572,88.98122652591572,single_atom
HAT707_700,HAT707MR,Bond Dissociation Energies,Thermochemistry,MACE-POLAR-1-S,-141.80999443215993,-173.31170253117668,-31.501708099016753,31.501708099016753,single_atom
HAT707_704,HAT707MR,Bond Dissociation Energies,Thermochemistry,MACE-POLAR-1-S,-44.81999784425348,-48.37805743150749,-3.5580595872540144,3.5580595872540144,single_atom
HAT707_705,HAT707MR,Bond Dissociation Energies,Thermochemistry,MACE-POLAR-1-S,-22.089998897056155,-26.067905623953003,-3.9779067268968475,3.9779067268968475,single_atom
HAT707_706,HAT707MR,Bond Dissociation Energies,Thermochemistry,MACE-POLAR-1-S,1.6599997574698946,-3.5726638028142976,-5.232663560284192,5.232663560284192,single_atom
HAT707_707,HAT707MR,Bond Dissociation Energies,Thermochemistry,MACE-POLAR-1-S,-39.17999853974538,-54.04610402818786,-14.866105488442486,14.866105488442486,single_atom
HAT707_71,HAT707MR,Bond Dissociation Energies,Thermochemistry,MACE-POLAR-1-S,49.43999806894231,131.1483837546662,81.7083856857239,81.7083856857239,single_atom
HAT707_72,HAT707MR,Bond Dissociation Energies,Thermochemistry,MACE-POLAR-1-S,80.59999666815555,165.39463676456575,84.79464009641019,84.79464009641019,single_atom
HAT707_8,HAT707MR,Bond Dissociation Energies,Thermochemistry,MACE-POLAR-1-S,71.48999704474521,138.50856244800357,67.01856540325836,67.01856540325836,single_atom
HAT707_9,HAT707MR,Bond Dissociation Energies,Thermochemistry,MACE-POLAR-1-S,65.49999738581472,141.08716943866384,75.58717205284911,75.58717205284911,single_atom
HAT707_1,HAT707nonMR,Bond Dissociation Energies,Thermochemistry,MACE-POLAR-1-S,26.54999863857759,98.612666835404,72.06266819682641,72.06266819682641,single_atom
HAT707_100,HAT707nonMR,Bond Dissociation Energies,Thermochemistry,MACE-POLAR-1-S,5.409999511999825,79.63068127209185,74.22068176009202,74.22068176009202,single_atom
HAT707_101,HAT707nonMR,Bond Dissociation Energies,Thermochemistry,MACE-POLAR-1-S,2.6800000923080995,72.35706079552605,69.67706070321795,69.67706070321795,single_atom
HAT707_102,HAT707nonMR,Bond Dissociation Energies,Thermochemistry,MACE-POLAR-1-S,20.889999352112262,99.72875298292044,78.83875363080818,78.83875363080818,single_atom
HAT707_104,HAT707nonMR,Bond Dissociation Energies,Thermochemistry,MACE-POLAR-1-S,-26.94999890523187,45.284266710445,72.23426561567688,72.23426561567688,single_atom
HAT707_105,HAT707nonMR,Bond Dissociation Energies,Thermochemistry,MACE-POLAR-1-S,-52.06999757884783,27.74978534113882,79.81978291998665,79.81978291998665,single_atom
HAT707_106,HAT707nonMR,Bond Dissociation Energies,Thermochemistry,MACE-POLAR-1-S,-38.72999831819801,35.34321907438616,74.07321739258417,74.07321739258417,single_atom
HAT707_107,HAT707nonMR,Bond Dissociation Energies,Thermochemistry,MACE-POLAR-1-S,-19.25999894006875,58.54574704036222,77.80574598043097,77.80574598043097,single_atom
HAT707_110,HAT707nonMR,Bond Dissociation Energies,Thermochemistry,MACE-POLAR-1-S,-16.519999529398408,65.81936751696996,82.33936704636837,82.33936704636837,single_atom
HAT707_111,HAT707nonMR,Bond Dissociation Energies,Thermochemistry,MACE-POLAR-1-S,47.74999833853655,115.1705606793824,67.42056234084586,67.42056234084586,single_atom
HAT707_112,HAT707nonMR,Bond Dissociation Energies,Thermochemistry,MACE-POLAR-1-S,44.69999795251003,108.61936286230647,63.91936490979644,63.91936490979644,single_atom
HAT707_113,HAT707nonMR,Bond Dissociation Energies,Thermochemistry,MACE-POLAR-1-S,78.83999674091037,144.30457895168604,65.46458221077567,65.46458221077567,single_atom
HAT707_114,HAT707nonMR,Bond Dissociation Energies,Thermochemistry,MACE-POLAR-1-S,102.59999575871892,166.79982077288767,64.19982501416875,64.19982501416875,single_atom
HAT707_115,HAT707nonMR,Bond Dissociation Energies,Thermochemistry,MACE-POLAR-1-S,-13.619999635560664,52.87770044370283,66.4977000792635,66.4977000792635,single_atom
HAT707_116,HAT707nonMR,Bond Dissociation Energies,Thermochemistry,MACE-POLAR-1-S,-145.38999371254386,-77.88470827466499,67.50528543787887,67.50528543787887,single_atom
HAT707_118,HAT707nonMR,Bond Dissociation Energies,Thermochemistry,MACE-POLAR-1-S,17.62999915553472,17.000186348084274,-0.6298128074504454,0.6298128074504454,single_atom
HAT707_12,HAT707nonMR,Bond Dissociation Energies,Thermochemistry,MACE-POLAR-1-S,48.4799983074853,124.026331080391,75.5463327729057,75.5463327729057,single_atom
HAT707_127,HAT707nonMR,Bond Dissociation Energies,Thermochemistry,MACE-POLAR-1-S,242.7099899668493,242.37284658186732,-0.33714338498197094,0.33714338498197094,single_atom
HAT707_128,HAT707nonMR,Bond Dissociation Energies,Thermochemistry,MACE-POLAR-1-S,194.27999227766205,195.91552924088612,1.6355369632240695,1.6355369632240695,single_atom
HAT707_13,HAT707nonMR,Bond Dissociation Energies,Thermochemistry,MACE-POLAR-1-S,90.18999627172391,164.2064850109924,74.01648873926848,74.01648873926848,single_atom
HAT707_131,HAT707nonMR,Bond Dissociation Energies,Thermochemistry,MACE-POLAR-1-S,184.5899923694152,183.16904604378843,-1.4209463256267725,1.4209463256267725,single_atom
HAT707_132,HAT707nonMR,Bond Dissociation Energies,Thermochemistry,MACE-POLAR-1-S,74.28999692899828,55.54615266537658,-18.743844263621696,18.743844263621696,single_atom
HAT707_133,HAT707nonMR,Bond Dissociation Energies,Thermochemistry,MACE-POLAR-1-S,217.359991014768,219.25463472518345,1.894643710415437,1.894643710415437,single_atom
HAT707_134,HAT707nonMR,Bond Dissociation Energies,Thermochemistry,MACE-POLAR-1-S,63.24999738537037,42.78310789586028,-20.466889489510088,20.466889489510088,single_atom
HAT707_135,HAT707nonMR,Bond Dissociation Energies,Thermochemistry,MACE-POLAR-1-S,152.96999367652305,153.16805116965168,0.19805749312862986,0.19805749312862986,single_atom
HAT707_136,HAT707nonMR,Bond Dissociation Energies,Thermochemistry,MACE-POLAR-1-S,44.229998376514885,24.41175376792711,-19.818244608587776,19.818244608587776,single_atom
HAT707_137,HAT707nonMR,Bond Dissociation Energies,Thermochemistry,MACE-POLAR-1-S,26.039999098667963,4.091285391979936,-21.948713706688025,21.948713706688025,single_atom
HAT707_138,HAT707nonMR,Bond Dissociation Energies,Thermochemistry,MACE-POLAR-1-S,138.40999427840475,136.713368408845,-1.696625869559739,1.696625869559739,single_atom
HAT707_139,HAT707nonMR,Bond Dissociation Energies,Thermochemistry,MACE-POLAR-1-S,82.66999658258575,64.36866791835925,-18.301328664226503,18.301328664226503,single_atom
HAT707_14,HAT707nonMR,Bond Dissociation Energies,Thermochemistry,MACE-POLAR-1-S,42.04999846064728,115.44413575574384,73.39413729509656,73.39413729509656,single_atom
HAT707_140,HAT707nonMR,Bond Dissociation Energies,Thermochemistry,MACE-POLAR-1-S,28.609998662701766,3.4211686361659064,-25.18883002653586,25.18883002653586,single_atom
HAT707_141,HAT707nonMR,Bond Dissociation Energies,Thermochemistry,MACE-POLAR-1-S,106.97999557765864,98.5833779518077,-8.396617625850936,8.396617625850936,single_atom
HAT707_142,HAT707nonMR,Bond Dissociation Energies,Thermochemistry,MACE-POLAR-1-S,209.17999135291325,208.72456679374815,-0.4554245591650954,0.4554245591650954,single_atom
HAT707_143,HAT707nonMR,Bond Dissociation Energies,Thermochemistry,MACE-POLAR-1-S,172.29999287745918,171.8026669083277,-0.49732596913148086,0.49732596913148086,single_atom
HAT707_144,HAT707nonMR,Bond Dissociation Energies,Thermochemistry,MACE-POLAR-1-S,166.64999311101909,168.0052707170475,1.3552776060284089,1.3552776060284089,single_atom
HAT707_145,HAT707nonMR,Bond Dissociation Energies,Thermochemistry,MACE-POLAR-1-S,127.99999470873362,132.71837130713317,4.718376598399544,4.718376598399544,single_atom
HAT707_146,HAT707nonMR,Bond Dissociation Energies,Thermochemistry,MACE-POLAR-1-S,80.29999668055672,82.65078485783297,2.3507881772762573,2.3507881772762573,single_atom
HAT707_147,HAT707nonMR,Bond Dissociation Energies,Thermochemistry,MACE-POLAR-1-S,86.19999643666293,87.56895741386116,1.3689609771982276,1.3689609771982276,single_atom
HAT707_148,HAT707nonMR,Bond Dissociation Energies,Thermochemistry,MACE-POLAR-1-S,80.69999666402163,82.03445096731302,1.3344543032913947,1.3344543032913947,single_atom
HAT707_149,HAT707nonMR,Bond Dissociation Energies,Thermochemistry,MACE-POLAR-1-S,145.95999382583466,146.13194153338415,0.17194770754949218,0.17194770754949218,single_atom
HAT707_15,HAT707nonMR,Bond Dissociation Energies,Thermochemistry,MACE-POLAR-1-S,41.759998094757805,117.74916767000072,75.98916957524291,75.98916957524291,single_atom
HAT707_150,HAT707nonMR,Bond Dissociation Energies,Thermochemistry,MACE-POLAR-1-S,97.86999595424828,99.83922401682594,1.9692280625776561,1.9692280625776561,single_atom
HAT707_151,HAT707nonMR,Bond Dissociation Energies,Thermochemistry,MACE-POLAR-1-S,8.399999952154623,7.376583224928709,-1.0234167272259143,1.0234167272259143,single_atom
HAT707_152,HAT707nonMR,Bond Dissociation Energies,Thermochemistry,MACE-POLAR-1-S,75.80999686990474,81.93758870908918,6.127591839184447,6.127591839184447,single_atom
HAT707_153,HAT707nonMR,Bond Dissociation Energies,Thermochemistry,MACE-POLAR-1-S,64.52999733245754,56.31770222651468,-8.212295105942857,8.212295105942857,single_atom
HAT707_154,HAT707nonMR,Bond Dissociation Energies,Thermochemistry,MACE-POLAR-1-S,63.65999736842143,62.97324535356436,-0.6867520148570705,0.6867520148570705,single_atom
HAT707_155,HAT707nonMR,Bond Dissociation Energies,Thermochemistry,MACE-POLAR-1-S,96.19999602328237,95.2327675018968,-0.9672285213855645,0.9672285213855645,single_atom
HAT707_156,HAT707nonMR,Bond Dissociation Energies,Thermochemistry,MACE-POLAR-1-S,129.30999465458058,130.63610432101325,1.3261096664326715,1.3261096664326715,single_atom
HAT707_157,HAT707nonMR,Bond Dissociation Energies,Thermochemistry,MACE-POLAR-1-S,66.67999694880136,61.1175938805183,-5.562403068283061,5.562403068283061,single_atom
HAT707_158,HAT707nonMR,Bond Dissociation Energies,Thermochemistry,MACE-POLAR-1-S,-47.84999824832275,-76.30438079035041,-28.45438254202766,28.45438254202766,single_atom
HAT707_159,HAT707nonMR,Bond Dissociation Energies,Thermochemistry,MACE-POLAR-1-S,97.79999595714196,96.04022354600836,-1.7597724111335964,1.7597724111335964,single_atom
HAT707_160,HAT707nonMR,Bond Dissociation Energies,Thermochemistry,MACE-POLAR-1-S,-31.0599989625016,-31.57845830114073,-0.5184593386391327,0.5184593386391327,single_atom
HAT707_162,HAT707nonMR,Bond Dissociation Energies,Thermochemistry,MACE-POLAR-1-S,223.6099907564051,223.6789792642256,0.06898850782050658,0.06898850782050658,single_atom
HAT707_163,HAT707nonMR,Bond Dissociation Energies,Thermochemistry,MACE-POLAR-1-S,94.8199960803291,96.27826217133614,1.458266091007033,1.458266091007033,single_atom
HAT707_164,HAT707nonMR,Bond Dissociation Energies,Thermochemistry,MACE-POLAR-1-S,191.39999208790343,193.12496532006284,1.7249732321594138,1.7249732321594138,single_atom
HAT707_165,HAT707nonMR,Bond Dissociation Energies,Thermochemistry,MACE-POLAR-1-S,136.24999436769463,138.6574123644387,2.4074179967440728,2.4074179967440728,single_atom
HAT707_166,HAT707nonMR,Bond Dissociation Energies,Thermochemistry,MACE-POLAR-1-S,67.40999721340434,49.446162908240446,-17.963834305163893,17.963834305163893,single_atom
HAT707_167,HAT707nonMR,Bond Dissociation Energies,Thermochemistry,MACE-POLAR-1-S,4.909999963068817,1.4654261071359698,-3.444573855932847,3.444573855932847,single_atom
HAT707_168,HAT707nonMR,Bond Dissociation Energies,Thermochemistry,MACE-POLAR-1-S,0.4100002576329006,-9.817454538473903,-10.227454796106803,10.227454796106803,single_atom
HAT707_169,HAT707nonMR,Bond Dissociation Energies,Thermochemistry,MACE-POLAR-1-S,6.659999639346293,4.437964938936488,-2.2220347004098056,2.2220347004098056,single_atom
HAT707_170,HAT707nonMR,Bond Dissociation Energies,Thermochemistry,MACE-POLAR-1-S,-9.989999772774176,-7.943824550252215,2.0461752225219616,2.0461752225219616,single_atom
HAT707_171,HAT707nonMR,Bond Dissociation Energies,Thermochemistry,MACE-POLAR-1-S,-49.79999774417263,-84.55169844280492,-34.75170069863229,34.75170069863229,single_atom
HAT707_172,HAT707nonMR,Bond Dissociation Energies,Thermochemistry,MACE-POLAR-1-S,75.53999687732633,8.32286565967813,-67.2171312176482,67.2171312176482,single_atom
HAT707_173,HAT707nonMR,Bond Dissociation Energies,Thermochemistry,MACE-POLAR-1-S,89.89999628371187,87.1087799900404,-2.791216293671468,2.791216293671468,single_atom
HAT707_174,HAT707nonMR,Bond Dissociation Energies,Thermochemistry,MACE-POLAR-1-S,155.19999358433947,150.52342236632757,-4.676571218011901,4.676571218011901,single_atom
HAT707_175,HAT707nonMR,Bond Dissociation Energies,Thermochemistry,MACE-POLAR-1-S,173.39999283198716,177.8951145537639,4.495121721776741,4.495121721776741,single_atom
HAT707_177,HAT707nonMR,Bond Dissociation Energies,Thermochemistry,MACE-POLAR-1-S,125.56999480918508,123.4506282813304,-2.1193665278546803,2.1193665278546803,single_atom
HAT707_178,HAT707nonMR,Bond Dissociation Energies,Thermochemistry,MACE-POLAR-1-S,32.41999836310342,35.22788405912932,2.807885696025906,2.807885696025906,single_atom
HAT707_179,HAT707nonMR,Bond Dissociation Energies,Thermochemistry,MACE-POLAR-1-S,45.749998260284094,42.82131779237667,-2.9286804679074265,2.9286804679074265,single_atom
HAT707_18,HAT707nonMR,Bond Dissociation Energies,Thermochemistry,MACE-POLAR-1-S,32.06999867885171,105.0026844729135,72.9326857940618,72.9326857940618,single_atom
HAT707_180,HAT707nonMR,Bond Dissociation Energies,Thermochemistry,MACE-POLAR-1-S,133.25999449129563,136.71210861124763,3.4521141199520002,3.4521141199520002,single_atom
HAT707_183,HAT707nonMR,Bond Dissociation Energies,Thermochemistry,MACE-POLAR-1-S,67.96999704006231,73.29746623491852,5.3274691948562065,5.3274691948562065,single_atom
HAT707_184,HAT707nonMR,Bond Dissociation Energies,Thermochemistry,MACE-POLAR-1-S,69.91999710964599,62.69209846441875,-7.227898645227242,7.227898645227242,single_atom
HAT707_185,HAT707nonMR,Bond Dissociation Energies,Thermochemistry,MACE-POLAR-1-S,93.67999612745452,85.18734028557843,-8.492655841876086,8.492655841876086,single_atom
HAT707_186,HAT707nonMR,Bond Dissociation Energies,Thermochemistry,MACE-POLAR-1-S,138.89999425814892,131.04406201457775,-7.855932243571175,7.855932243571175,single_atom
HAT707_187,HAT707nonMR,Bond Dissociation Energies,Thermochemistry,MACE-POLAR-1-S,-47.12999827035263,-77.88814887751543,-30.758150607162804,30.758150607162804,single_atom
HAT707_19,HAT707nonMR,Bond Dissociation Energies,Thermochemistry,MACE-POLAR-1-S,-23.959999092586543,55.54959326821129,79.50959236079782,79.50959236079782,single_atom
HAT707_193,HAT707nonMR,Bond Dissociation Energies,Thermochemistry,MACE-POLAR-1-S,94.01999611339927,103.60931469946348,9.58931858606421,9.58931858606421,single_atom
HAT707_194,HAT707nonMR,Bond Dissociation Energies,Thermochemistry,MACE-POLAR-1-S,135.72999438919072,143.7894686300544,8.059474240863665,8.059474240863665,single_atom
HAT707_195,HAT707nonMR,Bond Dissociation Energies,Thermochemistry,MACE-POLAR-1-S,87.29999639119096,97.3321512890732,10.032154897882236,10.032154897882236,single_atom
HAT707_197,HAT707nonMR,Bond Dissociation Energies,Thermochemistry,MACE-POLAR-1-S,77.60999679175653,84.58566809197549,6.975671300218963,6.975671300218963,single_atom
HAT707_198,HAT707nonMR,Bond Dissociation Energies,Thermochemistry,MACE-POLAR-1-S,121.42999498032408,133.43430154288677,12.00430656256269,12.00430656256269,single_atom
HAT707_199,HAT707nonMR,Bond Dissociation Energies,Thermochemistry,MACE-POLAR-1-S,110.37999543710936,120.67125677339143,10.291261336282076,10.291261336282076,single_atom
HAT707_20,HAT707nonMR,Bond Dissociation Energies,Thermochemistry,MACE-POLAR-1-S,64.83999731964255,141.08827315432944,76.2482758346869,76.2482758346869,single_atom
HAT707_200,HAT707nonMR,Bond Dissociation Energies,Thermochemistry,MACE-POLAR-1-S,45.98999804377098,54.58467321783874,8.59467517406776,8.59467517406776,single_atom
HAT707_201,HAT707nonMR,Bond Dissociation Energies,Thermochemistry,MACE-POLAR-1-S,91.36999622294502,102.2999026454478,10.929906422502782,10.929906422502782,single_atom
HAT707_202,HAT707nonMR,Bond Dissociation Energies,Thermochemistry,MACE-POLAR-1-S,73.1699969752973,81.97943426949013,8.809437294192833,8.809437294192833,single_atom
HAT707_203,HAT707nonMR,Bond Dissociation Energies,Thermochemistry,MACE-POLAR-1-S,-47.49999793656158,-56.94574306552021,-9.445745128958634,9.445745128958634,single_atom
HAT707_204,HAT707nonMR,Bond Dissociation Energies,Thermochemistry,MACE-POLAR-1-S,31.42999862871055,38.12999045703208,6.699991828321529,6.699991828321529,single_atom
HAT707_205,HAT707nonMR,Bond Dissociation Energies,Thermochemistry,MACE-POLAR-1-S,129.79999463432537,142.25681679586944,12.456822161544068,12.456822161544068,single_atom
HAT707_206,HAT707nonMR,Bond Dissociation Energies,Thermochemistry,MACE-POLAR-1-S,75.73999686905847,81.30931751367609,5.569320644617619,5.569320644617619,single_atom
HAT707_207,HAT707nonMR,Bond Dissociation Energies,Thermochemistry,MACE-POLAR-1-S,102.19999577525464,110.14118884193525,7.941193066680611,7.941193066680611,single_atom
HAT707_208,HAT707nonMR,Bond Dissociation Energies,Thermochemistry,MACE-POLAR-1-S,65.30999730021375,73.21928895653573,7.909291656321983,7.909291656321983,single_atom
HAT707_209,HAT707nonMR,Bond Dissociation Energies,Thermochemistry,MACE-POLAR-1-S,59.65999763422474,69.42189276523455,9.761895131009808,9.761895131009808,single_atom
HAT707_21,HAT707nonMR,Bond Dissociation Energies,Thermochemistry,MACE-POLAR-1-S,-35.00999853660394,42.786548498715966,77.7965470353199,77.7965470353199,single_atom
HAT707_210,HAT707nonMR,Bond Dissociation Energies,Thermochemistry,MACE-POLAR-1-S,91.84999620310305,81.4508221148293,-10.399174088273753,10.399174088273753,single_atom
HAT707_211,HAT707nonMR,Bond Dissociation Energies,Thermochemistry,MACE-POLAR-1-S,21.009999243855702,34.13499335532021,13.12499411146451,13.12499411146451,single_atom
HAT707_212,HAT707nonMR,Bond Dissociation Energies,Thermochemistry,MACE-POLAR-1-S,-26.679999148809127,-15.932593093979964,10.747406054829163,10.747406054829163,single_atom
HAT707_213,HAT707nonMR,Bond Dissociation Energies,Thermochemistry,MACE-POLAR-1-S,-51.459998129152005,-59.57737229156333,-8.117374162411323,8.117374162411323,single_atom
HAT707_214,HAT707nonMR,Bond Dissociation Energies,Thermochemistry,MACE-POLAR-1-S,-20.77999945134744,-11.014420537930809,9.76557891341663,9.76557891341663,single_atom
HAT707_215,HAT707nonMR,Bond Dissociation Energies,Thermochemistry,MACE-POLAR-1-S,22.54999910958216,12.859929989841172,-9.690069119740988,9.690069119740988,single_atom
HAT707_216,HAT707nonMR,Bond Dissociation Energies,Thermochemistry,MACE-POLAR-1-S,-26.27999888215485,-16.548926984499925,9.731071897654925,9.731071897654925,single_atom
HAT707_217,HAT707nonMR,Bond Dissociation Energies,Thermochemistry,MACE-POLAR-1-S,48.14999797768136,40.96095446237906,-7.189043515302302,7.189043515302302,single_atom
HAT707_218,HAT707nonMR,Bond Dissociation Energies,Thermochemistry,MACE-POLAR-1-S,16.989999105393554,8.740718583718508,-8.249280521675047,8.249280521675047,single_atom
HAT707_219,HAT707nonMR,Bond Dissociation Energies,Thermochemistry,MACE-POLAR-1-S,38.97999809266351,47.548563581571216,8.568565488907709,8.568565488907709,single_atom
HAT707_22,HAT707nonMR,Bond Dissociation Energies,Thermochemistry,MACE-POLAR-1-S,0.4500002215473813,75.00168959877675,74.55168937722937,74.55168937722937,single_atom
HAT707_220,HAT707nonMR,Bond Dissociation Energies,Thermochemistry,MACE-POLAR-1-S,-9.109999311636654,1.25584606501299,10.365845376649645,10.365845376649645,single_atom
HAT707_222,HAT707nonMR,Bond Dissociation Energies,Thermochemistry,MACE-POLAR-1-S,-31.169998863266425,-16.645789242723755,14.52420962054267,14.52420962054267,single_atom
HAT707_223,HAT707nonMR,Bond Dissociation Energies,Thermochemistry,MACE-POLAR-1-S,39.66999809769778,30.67003951678532,-8.999958580912459,8.999958580912459,single_atom
HAT707_224,HAT707nonMR,Bond Dissociation Energies,Thermochemistry,MACE-POLAR-1-S,-42.459998090770696,-42.265675725298266,0.19432236547243065,0.19432236547243065,single_atom
HAT707_225,HAT707nonMR,Bond Dissociation Energies,Thermochemistry,MACE-POLAR-1-S,4.820000044261236,-11.59563937816169,-16.415639422422927,16.415639422422927,single_atom
HAT707_226,HAT707nonMR,Bond Dissociation Energies,Thermochemistry,MACE-POLAR-1-S,-10.779999687594644,-3.35061044991614,7.429389237678505,7.429389237678505,single_atom
HAT707_227,HAT707nonMR,Bond Dissociation Energies,Thermochemistry,MACE-POLAR-1-S,-27.929998648646123,-42.75075960611642,-14.820760957470295,14.820760957470295,single_atom
HAT707_228,HAT707nonMR,Bond Dissociation Energies,Thermochemistry,MACE-POLAR-1-S,22.32999930805251,32.05272636922127,9.722727061168758,9.722727061168758,single_atom
HAT707_229,HAT707nonMR,Bond Dissociation Energies,Thermochemistry,MACE-POLAR-1-S,-87.96999656756792,-95.57016700919058,-7.600170441622666,7.600170441622666,single_atom
HAT707_23,HAT707nonMR,Bond Dissociation Energies,Thermochemistry,MACE-POLAR-1-S,-54.01999770220718,24.41519437077231,78.43519207297949,78.43519207297949,single_atom
HAT707_230,HAT707nonMR,Bond Dissociation Energies,Thermochemistry,MACE-POLAR-1-S,9.12999992110337,-1.2714184967655808,-10.40141841786895,10.40141841786895,single_atom
HAT707_231,HAT707nonMR,Bond Dissociation Energies,Thermochemistry,MACE-POLAR-1-S,-40.30999814783893,-37.46578407129464,2.84421407654429,2.84421407654429,single_atom
HAT707_232,HAT707nonMR,Bond Dissociation Energies,Thermochemistry,MACE-POLAR-1-S,-78.37999706144801,-95.16220931564705,-16.782212254199038,16.782212254199038,single_atom
HAT707_233,HAT707nonMR,Bond Dissociation Energies,Thermochemistry,MACE-POLAR-1-S,-106.97999573317117,-98.58337795181296,8.396617781358202,8.396617781358202,single_atom
HAT707_234,HAT707nonMR,Bond Dissociation Energies,Thermochemistry,MACE-POLAR-1-S,-0.7099999869915055,1.5837680871597777,2.2937680741512834,2.2937680741512834,single_atom
HAT707_235,HAT707nonMR,Bond Dissociation Energies,Thermochemistry,MACE-POLAR-1-S,47.12999827035263,77.88814887751019,30.75815060715756,30.75815060715756,single_atom
HAT707_238,HAT707nonMR,Bond Dissociation Energies,Thermochemistry,MACE-POLAR-1-S,116.62999517874648,125.09560131241264,8.465606133666157,8.465606133666157,single_atom
HAT707_239,HAT707nonMR,Bond Dissociation Energies,Thermochemistry,MACE-POLAR-1-S,84.41999651024416,94.54158736827088,10.121590858026721,10.121590858026721,single_atom
HAT707_24,HAT707nonMR,Bond Dissociation Energies,Thermochemistry,MACE-POLAR-1-S,-72.21999697103273,4.094725994814647,76.31472296584738,76.31472296584738,single_atom
HAT707_240,HAT707nonMR,Bond Dissociation Energies,Thermochemistry,MACE-POLAR-1-S,29.259998703821548,40.07403441262575,10.814035708804202,10.814035708804202,single_atom
HAT707_241,HAT707nonMR,Bond Dissociation Energies,Thermochemistry,MACE-POLAR-1-S,114.53999526514332,127.33431178575064,12.794316520607325,12.794316520607325,single_atom
HAT707_242,HAT707nonMR,Bond Dissociation Energies,Thermochemistry,MACE-POLAR-1-S,39.83999857184379,32.65552972049273,-7.184468851351063,7.184468851351063,single_atom
HAT707_243,HAT707nonMR,Bond Dissociation Energies,Thermochemistry,MACE-POLAR-1-S,32.84999860269356,25.733339426252943,-7.116659176440617,7.116659176440617,single_atom
HAT707_244,HAT707nonMR,Bond Dissociation Energies,Thermochemistry,MACE-POLAR-1-S,30.41999891236044,22.703284054666717,-7.716714857693724,7.716714857693724,single_atom
HAT707_245,HAT707nonMR,Bond Dissociation Energies,Thermochemistry,MACE-POLAR-1-S,37.6699986469548,30.61404776739233,-7.055950879562474,7.055950879562474,single_atom
HAT707_246,HAT707nonMR,Bond Dissociation Energies,Thermochemistry,MACE-POLAR-1-S,43.13999810482634,38.23804429560453,-4.9019538092218085,4.9019538092218085,single_atom
HAT707_247,HAT707nonMR,Bond Dissociation Energies,Thermochemistry,MACE-POLAR-1-S,54.04999767514305,48.0383841459446,-6.011613529198449,6.011613529198449,single_atom
HAT707_248,HAT707nonMR,Bond Dissociation Energies,Thermochemistry,MACE-POLAR-1-S,-33.429998706963005,-34.42890713370553,-0.9989084267425241,0.9989084267425241,single_atom
HAT707_249,HAT707nonMR,Bond Dissociation Energies,Thermochemistry,MACE-POLAR-1-S,63.73999736511453,56.07752147684521,-7.66247588826932,7.66247588826932,single_atom
HAT707_25,HAT707nonMR,Bond Dissociation Energies,Thermochemistry,MACE-POLAR-1-S,-144.62999377065924,-82.12604187074481,62.503951899914426,62.503951899914426,single_atom
HAT707_250,HAT707nonMR,Bond Dissociation Energies,Thermochemistry,MACE-POLAR-1-S,-38.38999862492492,-49.51292677920653,-11.12292815428161,11.12292815428161,single_atom
HAT707_251,HAT707nonMR,Bond Dissociation Energies,Thermochemistry,MACE-POLAR-1-S,100.09999586206406,87.38986317214007,-12.710132689923995,12.710132689923995,single_atom
HAT707_252,HAT707nonMR,Bond Dissociation Energies,Thermochemistry,MACE-POLAR-1-S,48.6299981721646,31.236448567403947,-17.39354960476065,17.39354960476065,single_atom
HAT707_253,HAT707nonMR,Bond Dissociation Energies,Thermochemistry,MACE-POLAR-1-S,-76.6999966945114,-61.63811553508959,15.061881159421809,15.061881159421809,single_atom
HAT707_254,HAT707nonMR,Bond Dissociation Energies,Thermochemistry,MACE-POLAR-1-S,122.66999492906533,86.21101453718832,-36.458980391877006,36.458980391877006,single_atom
HAT707_255,HAT707nonMR,Bond Dissociation Energies,Thermochemistry,MACE-POLAR-1-S,48.20999792355308,51.94004441451463,3.7300464909615485,3.7300464909615485,single_atom
HAT707_256,HAT707nonMR,Bond Dissociation Energies,Thermochemistry,MACE-POLAR-1-S,66.41999725432856,79.31173660195097,12.891739347622405,12.891739347622405,single_atom
HAT707_257,HAT707nonMR,Bond Dissociation Energies,Thermochemistry,MACE-POLAR-1-S,18.589999544501204,24.867250329517468,6.277250785016264,6.277250785016264,single_atom
HAT707_258,HAT707nonMR,Bond Dissociation Energies,Thermochemistry,MACE-POLAR-1-S,26.27999888215485,38.12873065943469,11.848731777279838,11.848731777279838,single_atom
HAT707_259,HAT707nonMR,Bond Dissociation Energies,Thermochemistry,MACE-POLAR-1-S,31.91999881417241,32.46068406276481,0.5406852485924034,0.5406852485924034,single_atom
HAT707_26,HAT707nonMR,Bond Dissociation Energies,Thermochemistry,MACE-POLAR-1-S,-14.109999193513053,58.547006837970095,72.65700603148315,72.65700603148315,single_atom
HAT707_27,HAT707nonMR,Bond Dissociation Energies,Thermochemistry,MACE-POLAR-1-S,-15.589999113367783,64.37210852121493,79.96210763458271,79.96210763458271,single_atom
HAT707_270,HAT707nonMR,Bond Dissociation Energies,Thermochemistry,MACE-POLAR-1-S,62.08999732455786,71.1486306367039,9.058633312146043,9.058633312146043,single_atom
HAT707_271,HAT707nonMR,Bond Dissociation Energies,Thermochemistry,MACE-POLAR-1-S,103.80999570870044,111.32878456727386,7.518788858573416,7.518788858573416,single_atom
HAT707_272,HAT707nonMR,Bond Dissociation Energies,Thermochemistry,MACE-POLAR-1-S,55.37999773031848,64.87146722631363,9.491469495995148,9.491469495995148,single_atom
HAT707_274,HAT707nonMR,Bond Dissociation Energies,Thermochemistry,MACE-POLAR-1-S,45.68999831441237,52.12498402919495,6.434985714782577,6.434985714782577,single_atom
HAT707_275,HAT707nonMR,Bond Dissociation Energies,Thermochemistry,MACE-POLAR-1-S,14.059999238619952,22.1239891550582,8.06398991643825,8.06398991643825,single_atom
HAT707_276,HAT707nonMR,Bond Dissociation Energies,Thermochemistry,MACE-POLAR-1-S,15.629999077282264,20.99058513174548,5.360586054463216,5.360586054463216,single_atom
HAT707_277,HAT707nonMR,Bond Dissociation Energies,Thermochemistry,MACE-POLAR-1-S,-2.570000191543277,0.6701167557982993,3.2401169473415763,3.2401169473415763,single_atom
HAT707_278,HAT707nonMR,Bond Dissociation Energies,Thermochemistry,MACE-POLAR-1-S,30.879998497376967,38.2164662501111,7.33646775273413,7.33646775273413,single_atom
HAT707_279,HAT707nonMR,Bond Dissociation Energies,Thermochemistry,MACE-POLAR-1-S,-0.500000176440482,5.669306394251537,6.169306570692019,6.169306570692019,single_atom
HAT707_28,HAT707nonMR,Bond Dissociation Energies,Thermochemistry,MACE-POLAR-1-S,-69.64999740699892,3.4246092390163483,73.07460664601527,73.07460664601527,single_atom
HAT707_280,HAT707nonMR,Bond Dissociation Energies,Thermochemistry,MACE-POLAR-1-S,54.05999766612167,60.94749928219858,6.887501616076911,6.887501616076911,single_atom
HAT707_281,HAT707nonMR,Bond Dissociation Energies,Thermochemistry,MACE-POLAR-1-S,-31.91999881417241,-32.46068406276481,-0.5406852485924034,0.5406852485924034,single_atom
HAT707_282,HAT707nonMR,Bond Dissociation Energies,Thermochemistry,MACE-POLAR-1-S,70.27999709476371,77.6805047791547,7.400507684390988,7.400507684390988,single_atom
HAT707_283,HAT707nonMR,Bond Dissociation Energies,Thermochemistry,MACE-POLAR-1-S,33.389998743048515,40.75860489375519,7.368606150706675,7.368606150706675,single_atom
HAT707_284,HAT707nonMR,Bond Dissociation Energies,Thermochemistry,MACE-POLAR-1-S,27.73999882005234,36.96120870247498,9.221209882422638,9.221209882422638,single_atom
HAT707_285,HAT707nonMR,Bond Dissociation Energies,Thermochemistry,MACE-POLAR-1-S,170.229992963029,176.61303143048156,6.383038467452565,6.383038467452565,single_atom
HAT707_286,HAT707nonMR,Bond Dissociation Energies,Thermochemistry,MACE-POLAR-1-S,-10.909999570316703,1.674309292560643,12.584308862877347,12.584308862877347,single_atom
HAT707_287,HAT707nonMR,Bond Dissociation Energies,Thermochemistry,MACE-POLAR-1-S,-58.59999733547206,-48.3932771567605,10.206720178711564,10.206720178711564,single_atom
HAT707_288,HAT707nonMR,Bond Dissociation Energies,Thermochemistry,MACE-POLAR-1-S,26.91999893229601,35.58483702406798,8.66483809177197,8.66483809177197,single_atom
HAT707_289,HAT707nonMR,Bond Dissociation Energies,Thermochemistry,MACE-POLAR-1-S,-52.69999763801037,-43.47510460071136,9.224893037299012,9.224893037299012,single_atom
HAT707_29,HAT707nonMR,Bond Dissociation Energies,Thermochemistry,MACE-POLAR-1-S,-45.5399978222236,20.417016380943256,65.95701420316685,65.95701420316685,single_atom
HAT707_290,HAT707nonMR,Bond Dissociation Energies,Thermochemistry,MACE-POLAR-1-S,100.91999582816683,108.02213930547248,7.1021434773056455,7.1021434773056455,single_atom
HAT707_291,HAT707nonMR,Bond Dissociation Energies,Thermochemistry,MACE-POLAR-1-S,-58.20999768730587,-49.0096110472595,9.200386640046375,9.200386640046375,single_atom
HAT707_292,HAT707nonMR,Bond Dissociation Energies,Thermochemistry,MACE-POLAR-1-S,126.52999476950046,136.12316377801037,9.593169008509904,9.593169008509904,single_atom
HAT707_293,HAT707nonMR,Bond Dissociation Energies,Thermochemistry,MACE-POLAR-1-S,95.35999605800664,103.90292789934982,8.542931841343176,8.542931841343176,single_atom
HAT707_294,HAT707nonMR,Bond Dissociation Energies,Thermochemistry,MACE-POLAR-1-S,7.059999906000574,15.08787951879067,8.027879612790096,8.027879612790096,single_atom
HAT707_295,HAT707nonMR,Bond Dissociation Energies,Thermochemistry,MACE-POLAR-1-S,-41.029998125809065,-31.20483799774658,9.825160128062485,9.825160128062485,single_atom
HAT707_298,HAT707nonMR,Bond Dissociation Energies,Thermochemistry,MACE-POLAR-1-S,-63.08999767743883,-49.10647330548333,13.983524371955504,13.983524371955504,single_atom
HAT707_299,HAT707nonMR,Bond Dissociation Energies,Thermochemistry,MACE-POLAR-1-S,118.03999512046012,125.8322488324376,7.79225371197748,7.79225371197748,single_atom
HAT707_30,HAT707nonMR,Bond Dissociation Energies,Thermochemistry,MACE-POLAR-1-S,56.6599978306008,130.55820522287326,73.89820739227245,73.89820739227245,single_atom
HAT707_300,HAT707nonMR,Bond Dissociation Energies,Thermochemistry,MACE-POLAR-1-S,-74.37999690494311,-74.72635978805783,-0.34636288311472185,0.34636288311472185,single_atom
HAT707_301,HAT707nonMR,Bond Dissociation Energies,Thermochemistry,MACE-POLAR-1-S,17.90999953044556,20.151927561224397,2.241928030778837,2.241928030778837,single_atom
HAT707_302,HAT707nonMR,Bond Dissociation Energies,Thermochemistry,MACE-POLAR-1-S,83.19999656067712,83.56656993751156,0.36657337683443814,0.36657337683443814,single_atom
HAT707_303,HAT707nonMR,Bond Dissociation Energies,Thermochemistry,MACE-POLAR-1-S,-42.699998501767055,-35.81129451267571,6.888703989091347,6.888703989091347,single_atom
HAT707_304,HAT707nonMR,Bond Dissociation Energies,Thermochemistry,MACE-POLAR-1-S,50.44999778529241,52.41144970952538,1.9614519242329678,1.9614519242329678,single_atom
HAT707_305,HAT707nonMR,Bond Dissociation Energies,Thermochemistry,MACE-POLAR-1-S,-9.589999506119897,-0.4079576935592727,9.182041812560625,9.182041812560625,single_atom
HAT707_306,HAT707nonMR,Bond Dissociation Energies,Thermochemistry,MACE-POLAR-1-S,87.50999638250988,93.89079081886572,6.380794436355842,6.380794436355842,single_atom
HAT707_307,HAT707nonMR,Bond Dissociation Energies,Thermochemistry,MACE-POLAR-1-S,-45.749998260284094,-42.821317792371424,2.9286804679126703,2.9286804679126703,single_atom
HAT707_308,HAT707nonMR,Bond Dissociation Energies,Thermochemistry,MACE-POLAR-1-S,-72.22999696201134,-69.92646813405422,2.3035288279571233,2.3035288279571233,single_atom
HAT707_309,HAT707nonMR,Bond Dissociation Energies,Thermochemistry,MACE-POLAR-1-S,-138.89999454734357,-131.04406201457252,7.85593253277105,7.85593253277105,single_atom
HAT707_31,HAT707nonMR,Bond Dissociation Energies,Thermochemistry,MACE-POLAR-1-S,19.77999909846648,93.63630533747374,73.85630623900727,73.85630623900727,single_atom
HAT707_310,HAT707nonMR,Bond Dissociation Energies,Thermochemistry,MACE-POLAR-1-S,-76.4499969200459,-79.72554942651108,-3.275552506465175,3.275552506465175,single_atom
HAT707_311,HAT707nonMR,Bond Dissociation Energies,Thermochemistry,MACE-POLAR-1-S,78.37999675992594,95.16220931564705,16.782212555721102,16.782212555721102,single_atom
HAT707_312,HAT707nonMR,Bond Dissociation Energies,Thermochemistry,MACE-POLAR-1-S,-28.609998662701766,-3.421168636160663,25.188830026541105,25.188830026541105,single_atom
HAT707_313,HAT707nonMR,Bond Dissociation Energies,Thermochemistry,MACE-POLAR-1-S,52.04999759689059,53.21890575362644,1.1689081567358457,1.1689081567358457,single_atom
HAT707_314,HAT707nonMR,Bond Dissociation Energies,Thermochemistry,MACE-POLAR-1-S,-57.16999737051044,-55.01912374530955,2.1508736252008873,2.1508736252008873,single_atom
HAT707_318,HAT707nonMR,Bond Dissociation Energies,Thermochemistry,MACE-POLAR-1-S,84.70999649825619,92.63491724963212,7.924920751375936,7.924920751375936,single_atom
HAT707_319,HAT707nonMR,Bond Dissociation Energies,Thermochemistry,MACE-POLAR-1-S,49.06999777522388,53.45694437899618,4.386946603772294,4.386946603772294,single_atom
HAT707_32,HAT707nonMR,Bond Dissociation Energies,Thermochemistry,MACE-POLAR-1-S,14.129999175470292,89.83890914618304,75.70890997071275,75.70890997071275,single_atom
HAT707_320,HAT707nonMR,Bond Dissociation Energies,Thermochemistry,MACE-POLAR-1-S,52.499997818437976,62.08090330549033,9.580905487052355,9.580905487052355,single_atom
HAT707_321,HAT707nonMR,Bond Dissociation Energies,Thermochemistry,MACE-POLAR-1-S,-2.660000110350859,7.613350349866178,10.273350460217037,10.273350460217037,single_atom
HAT707_322,HAT707nonMR,Bond Dissociation Energies,Thermochemistry,MACE-POLAR-1-S,38.79999825504834,46.02499427207979,7.224996017031451,7.224996017031451,single_atom
HAT707_323,HAT707nonMR,Bond Dissociation Energies,Thermochemistry,MACE-POLAR-1-S,118.21999500578232,127.817739036145,9.597744030362676,9.597744030362676,single_atom
HAT707_324,HAT707nonMR,Bond Dissociation Energies,Thermochemistry,MACE-POLAR-1-S,111.22999540197188,120.89554874190524,9.665553339933368,9.665553339933368,single_atom
HAT707_326,HAT707nonMR,Bond Dissociation Energies,Thermochemistry,MACE-POLAR-1-S,108.78999550283716,117.86549337029804,9.075497867460882,9.075497867460882,single_atom
HAT707_327,HAT707nonMR,Bond Dissociation Energies,Thermochemistry,MACE-POLAR-1-S,116.04999520272304,125.77625708302364,9.726261880300598,9.726261880300598,single_atom
HAT707_328,HAT707nonMR,Bond Dissociation Energies,Thermochemistry,MACE-POLAR-1-S,121.51999497660395,133.40025361123585,11.8802586346319,11.8802586346319,single_atom
HAT707_329,HAT707nonMR,Bond Dissociation Energies,Thermochemistry,MACE-POLAR-1-S,132.41999452601925,143.20059346157592,10.780598935556668,10.780598935556668,single_atom
HAT707_33,HAT707nonMR,Bond Dissociation Energies,Thermochemistry,MACE-POLAR-1-S,-5.2799996292777625,56.27052330962567,61.550522938903434,61.550522938903434,single_atom
HAT707_331,HAT707nonMR,Bond Dissociation Energies,Thermochemistry,MACE-POLAR-1-S,44.94999835448501,60.73330218192578,15.783303827440768,15.783303827440768,single_atom
HAT707_332,HAT707nonMR,Bond Dissociation Energies,Thermochemistry,MACE-POLAR-1-S,142.11999412504048,151.23973079251846,9.11973666747798,9.11973666747798,single_atom
HAT707_333,HAT707nonMR,Bond Dissociation Energies,Thermochemistry,MACE-POLAR-1-S,39.989998436523095,45.64928253642478,5.659284099901683,5.659284099901683,single_atom
HAT707_335,HAT707nonMR,Bond Dissociation Energies,Thermochemistry,MACE-POLAR-1-S,178.47999262199,182.55207248778183,4.072079865791835,4.072079865791835,single_atom
HAT707_337,HAT707nonMR,Bond Dissociation Energies,Thermochemistry,MACE-POLAR-1-S,50.3399978845276,57.33723945225425,6.997241567726654,6.997241567726654,single_atom
HAT707_338,HAT707nonMR,Bond Dissociation Energies,Thermochemistry,MACE-POLAR-1-S,-38.64999839036904,-56.33977546314988,-17.689777072780835,17.689777072780835,single_atom
HAT707_34,HAT707nonMR,Bond Dissociation Energies,Thermochemistry,MACE-POLAR-1-S,-24.51999921489875,54.55200973626871,79.07200895116746,79.07200895116746,single_atom
HAT707_340,HAT707nonMR,Bond Dissociation Energies,Thermochemistry,MACE-POLAR-1-S,127.00999474965847,126.39865788303526,-0.6113368666232191,0.6113368666232191,single_atom
HAT707_342,HAT707nonMR,Bond Dissociation Energies,Thermochemistry,MACE-POLAR-1-S,46.92999782327075,4.901697023517467,-42.02830079975329,42.02830079975329,single_atom
HAT707_343,HAT707nonMR,Bond Dissociation Energies,Thermochemistry,MACE-POLAR-1-S,44.14999844868593,44.28746219770044,0.13746374901451475,0.13746374901451475,single_atom
HAT707_344,HAT707nonMR,Bond Dissociation Energies,Thermochemistry,MACE-POLAR-1-S,16.28999910938067,19.47936035179701,3.1893612424163393,3.1893612424163393,single_atom
HAT707_345,HAT707nonMR,Bond Dissociation Energies,Thermochemistry,MACE-POLAR-1-S,34.49999836918484,46.85105253923334,12.351054170048506,12.351054170048506,single_atom
HAT707_347,HAT707nonMR,Bond Dissociation Energies,Thermochemistry,MACE-POLAR-1-S,-13.329999269671209,-7.593433733200154,5.736565536471055,5.736565536471055,single_atom
HAT707_348,HAT707nonMR,Bond Dissociation Energies,Thermochemistry,MACE-POLAR-1-S,-5.639999932017563,5.668046596675126,11.308046528692689,11.308046528692689,single_atom
HAT707_35,HAT707nonMR,Bond Dissociation Energies,Thermochemistry,MACE-POLAR-1-S,-72.20999698005411,4.484423286958047,76.69442026701216,76.69442026701216,single_atom
HAT707_351,HAT707nonMR,Bond Dissociation Energies,Thermochemistry,MACE-POLAR-1-S,22.209998788799595,30.476148442578555,8.26614965377896,8.26614965377896,single_atom
HAT707_352,HAT707nonMR,Bond Dissociation Energies,Thermochemistry,MACE-POLAR-1-S,5.699999877889284,-0.2735750763666912,-5.973574954255975,5.973574954255975,single_atom
HAT707_353,HAT707nonMR,Bond Dissociation Energies,Thermochemistry,MACE-POLAR-1-S,2.6500001193722382,-6.824772893442619,-9.474773012814858,9.474773012814858,single_atom
HAT707_356,HAT707nonMR,Bond Dissociation Energies,Thermochemistry,MACE-POLAR-1-S,-75.7399969330544,-81.30931751368658,-5.56932058063218,5.56932058063218,single_atom
HAT707_357,HAT707nonMR,Bond Dissociation Energies,Thermochemistry,MACE-POLAR-1-S,-76.04999665339162,-68.18715393749416,7.862842715897457,7.862842715897457,single_atom
HAT707_36,HAT707nonMR,Bond Dissociation Energies,Thermochemistry,MACE-POLAR-1-S,10.499999312683803,82.60360594092823,72.10360662824444,72.10360662824444,single_atom
HAT707_369,HAT707nonMR,Bond Dissociation Energies,Thermochemistry,MACE-POLAR-1-S,-2.6500001193722382,6.824772893416402,9.47477301278864,9.47477301278864,single_atom
HAT707_37,HAT707nonMR,Bond Dissociation Energies,Thermochemistry,MACE-POLAR-1-S,-148.58999396324967,-84.75767109677744,63.832322866472225,63.832322866472225,single_atom
HAT707_375,HAT707nonMR,Bond Dissociation Energies,Thermochemistry,MACE-POLAR-1-S,-96.12999610872616,-88.18219163292416,7.947804475802002,7.947804475802002,single_atom
HAT707_38,HAT707nonMR,Bond Dissociation Energies,Thermochemistry,MACE-POLAR-1-S,-66.31999727357103,9.402595843007203,75.72259311657824,75.72259311657824,single_atom
HAT707_381,HAT707nonMR,Bond Dissociation Energies,Thermochemistry,MACE-POLAR-1-S,43.219998032655305,50.21437354744632,6.994375514791017,6.994375514791017,single_atom
HAT707_384,HAT707nonMR,Bond Dissociation Energies,Thermochemistry,MACE-POLAR-1-S,-100.08999567380712,-90.8138208589568,9.276174814850322,9.276174814850322,single_atom
HAT707_386,HAT707nonMR,Bond Dissociation Energies,Thermochemistry,MACE-POLAR-1-S,-26.07999906258244,-18.376518577562774,7.703480485019668,7.703480485019668,single_atom
HAT707_388,HAT707nonMR,Bond Dissociation Energies,Thermochemistry,MACE-POLAR-1-S,-0.4800001944832417,9.724505895006576,10.204506089489819,10.204506089489819,single_atom
HAT707_389,HAT707nonMR,Bond Dissociation Energies,Thermochemistry,MACE-POLAR-1-S,-31.639998439261568,-22.49572998368544,9.144268455576128,9.144268455576128,single_atom
HAT707_39,HAT707nonMR,Bond Dissociation Energies,Thermochemistry,MACE-POLAR-1-S,-74.57999672451551,-12.320368815383423,62.259627909132085,62.259627909132085,single_atom
HAT707_393,HAT707nonMR,Bond Dissociation Energies,Thermochemistry,MACE-POLAR-1-S,-85.27999648428118,-77.8107570606707,7.469239423610489,7.469239423610489,single_atom
HAT707_395,HAT707nonMR,Bond Dissociation Energies,Thermochemistry,MACE-POLAR-1-S,-8.959999446957351,-0.5664090506186279,8.393590396338723,8.393590396338723,single_atom
HAT707_397,HAT707nonMR,Bond Dissociation Energies,Thermochemistry,MACE-POLAR-1-S,-43.80999812790336,-42.83208794557613,0.9779101823272356,0.9779101823272356,single_atom
HAT707_399,HAT707nonMR,Bond Dissociation Energies,Thermochemistry,MACE-POLAR-1-S,-76.55999682081072,-73.98720817353085,2.5727886472798787,2.5727886472798787,single_atom
HAT707_40,HAT707nonMR,Bond Dissociation Energies,Thermochemistry,MACE-POLAR-1-S,-71.81999733188792,3.868089396448573,75.68808672833649,75.68808672833649,single_atom
HAT707_401,HAT707nonMR,Bond Dissociation Energies,Thermochemistry,MACE-POLAR-1-S,-136.59999411222302,-126.80661557659452,9.793378535628491,9.793378535628491,single_atom
HAT707_402,HAT707nonMR,Bond Dissociation Energies,Thermochemistry,MACE-POLAR-1-S,-39.49999825106123,-32.50786706413807,6.99213118692316,6.99213118692316,single_atom
HAT707_403,HAT707nonMR,Bond Dissociation Energies,Thermochemistry,MACE-POLAR-1-S,-50.3399978845276,-57.33723945228047,-6.997241567752873,6.997241567752873,single_atom
HAT707_405,HAT707nonMR,Bond Dissociation Energies,Thermochemistry,MACE-POLAR-1-S,-127.00999460610312,-126.398657883051,0.6113367230521192,0.6113367230521192,single_atom
HAT707_407,HAT707nonMR,Bond Dissociation Energies,Thermochemistry,MACE-POLAR-1-S,-48.6299981721646,-31.23644856740919,17.393549604755407,17.393549604755407,single_atom
HAT707_408,HAT707nonMR,Bond Dissociation Energies,Thermochemistry,MACE-POLAR-1-S,41.159998008531126,46.07620591367158,4.916207905140453,4.916207905140453,single_atom
HAT707_409,HAT707nonMR,Bond Dissociation Energies,Thermochemistry,MACE-POLAR-1-S,-59.81999748988267,-48.194350851887904,11.625646637994763,11.625646637994763,single_atom
HAT707_41,HAT707nonMR,Bond Dissociation Energies,Thermochemistry,MACE-POLAR-1-S,-48.97999785641631,15.780655657164951,64.76065351358126,64.76065351358126,single_atom
HAT707_410,HAT707nonMR,Bond Dissociation Energies,Thermochemistry,MACE-POLAR-1-S,-124.73999477142792,-116.7657985866982,7.9741961847297205,7.9741961847297205,single_atom
HAT707_415,HAT707nonMR,Bond Dissociation Energies,Thermochemistry,MACE-POLAR-1-S,-8.78999960032081,1.4190811531097534,10.209080753430563,10.209080753430563,single_atom
HAT707_416,HAT707nonMR,Bond Dissociation Energies,Thermochemistry,MACE-POLAR-1-S,-15.779999569471045,-5.50310914113003,10.276890428341016,10.276890428341016,single_atom
HAT707_417,HAT707nonMR,Bond Dissociation Energies,Thermochemistry,MACE-POLAR-1-S,-88.769996473367,-83.72191417842149,5.048082294945516,5.048082294945516,single_atom
HAT707_418,HAT707nonMR,Bond Dissociation Energies,Thermochemistry,MACE-POLAR-1-S,-18.209999259804164,-8.533164512737232,9.676834747066932,9.676834747066932,single_atom
HAT707_419,HAT707nonMR,Bond Dissociation Energies,Thermochemistry,MACE-POLAR-1-S,-10.959999525209806,-0.6224008000116154,10.337598725198191,10.337598725198191,single_atom
HAT707_42,HAT707nonMR,Bond Dissociation Energies,Thermochemistry,MACE-POLAR-1-S,-80.1399967287041,-16.43958022150609,63.700416507198014,63.700416507198014,single_atom
HAT707_420,HAT707nonMR,Bond Dissociation Energies,Thermochemistry,MACE-POLAR-1-S,-5.49000006733826,7.001595728200585,12.491595795538846,12.491595795538846,single_atom
HAT707_421,HAT707nonMR,Bond Dissociation Energies,Thermochemistry,MACE-POLAR-1-S,5.4199995029784445,16.801935578572113,11.381936075593668,11.381936075593668,single_atom
HAT707_422,HAT707nonMR,Bond Dissociation Energies,Thermochemistry,MACE-POLAR-1-S,-93.26999617880293,-95.00479482405233,-1.7347986452493984,1.7347986452493984,single_atom
HAT707_423,HAT707nonMR,Bond Dissociation Energies,Thermochemistry,MACE-POLAR-1-S,-82.05999687912761,-65.66535570110948,16.394641178018134,16.394641178018134,single_atom
HAT707_424,HAT707nonMR,Bond Dissociation Energies,Thermochemistry,MACE-POLAR-1-S,15.109999546394016,24.84107290943078,9.731073363036762,9.731073363036762,single_atom
HAT707_425,HAT707nonMR,Bond Dissociation Energies,Thermochemistry,MACE-POLAR-1-S,-87.01999616958005,-80.74937534662097,6.2706208229590885,6.2706208229590885,single_atom
HAT707_426,HAT707nonMR,Bond Dissociation Energies,Thermochemistry,MACE-POLAR-1-S,51.46999812013062,56.15341460474661,4.683416484615989,4.683416484615989,single_atom
HAT707_427,HAT707nonMR,Bond Dissociation Energies,Thermochemistry,MACE-POLAR-1-S,-103.66999558170052,-93.13116483580968,10.538830745890834,10.538830745890834,single_atom
HAT707_428,HAT707nonMR,Bond Dissociation Energies,Thermochemistry,MACE-POLAR-1-S,-41.29999850974128,-49.51500256972823,-8.215004059986953,8.215004059986953,single_atom
HAT707_429,HAT707nonMR,Bond Dissociation Energies,Thermochemistry,MACE-POLAR-1-S,-93.6799964364358,-85.18734028556794,8.492656150867859,8.492656150867859,single_atom
HAT707_43,HAT707nonMR,Bond Dissociation Energies,Thermochemistry,MACE-POLAR-1-S,-6.559999729560092,67.96557996250922,74.52557969206931,74.52557969206931,single_atom
HAT707_430,HAT707nonMR,Bond Dissociation Energies,Thermochemistry,MACE-POLAR-1-S,-143.47999418060846,-169.73903872838335,-26.25904454777489,26.25904454777489,single_atom
HAT707_431,HAT707nonMR,Bond Dissociation Energies,Thermochemistry,MACE-POLAR-1-S,76.69999682937386,61.638115535105314,-15.061881294268545,15.061881294268545,single_atom
HAT707_436,HAT707nonMR,Bond Dissociation Energies,Thermochemistry,MACE-POLAR-1-S,3.049999758517045,6.551197817054954,3.5011980585379088,3.5011980585379088,single_atom
HAT707_437,HAT707nonMR,Bond Dissociation Energies,Thermochemistry,MACE-POLAR-1-S,-23.75999927301414,-22.49524182118065,1.2647574518334928,1.2647574518334928,single_atom
HAT707_44,HAT707nonMR,Bond Dissociation Energies,Thermochemistry,MACE-POLAR-1-S,-54.64999776136973,21.67286244594052,76.32286020731026,76.32286020731026,single_atom
HAT707_445,HAT707nonMR,Bond Dissociation Energies,Thermochemistry,MACE-POLAR-1-S,67.7399971997623,65.48058404002877,-2.2594131597335263,2.2594131597335263,single_atom
HAT707_446,HAT707nonMR,Bond Dissociation Energies,Thermochemistry,MACE-POLAR-1-S,109.44999547555372,105.66073797060922,-3.7892575049445014,3.7892575049445014,single_atom
HAT707_447,HAT707nonMR,Bond Dissociation Energies,Thermochemistry,MACE-POLAR-1-S,61.01999766233604,59.203420629638494,-1.8165770326975448,1.8165770326975448,single_atom
HAT707_449,HAT707nonMR,Bond Dissociation Energies,Thermochemistry,MACE-POLAR-1-S,51.32999761892047,46.4569374325303,-4.87306018639017,4.87306018639017,single_atom
HAT707_450,HAT707nonMR,Bond Dissociation Energies,Thermochemistry,MACE-POLAR-1-S,84.09999652347236,82.54252611392529,-1.557470409547065,1.557470409547065,single_atom
HAT707_451,HAT707nonMR,Bond Dissociation Energies,Thermochemistry,MACE-POLAR-1-S,19.70999916161613,16.455942558435503,-3.2540566031806257,3.2540566031806257,single_atom
HAT707_452,HAT707nonMR,Bond Dissociation Energies,Thermochemistry,MACE-POLAR-1-S,-56.62999785766494,-55.67432456876512,0.955673288899817,0.955673288899817,single_atom
HAT707_453,HAT707nonMR,Bond Dissociation Energies,Thermochemistry,MACE-POLAR-1-S,5.149999746555701,0.001259797586898,-5.148739948968803,5.148739948968803,single_atom
HAT707_454,HAT707nonMR,Bond Dissociation Energies,Thermochemistry,MACE-POLAR-1-S,-26.27999888215485,-38.12873065942945,-11.848731777274601,11.848731777274601,single_atom
HAT707_455,HAT707nonMR,Bond Dissociation Energies,Thermochemistry,MACE-POLAR-1-S,75.91999686161765,72.01245818249006,-3.9075386791275832,3.9075386791275832,single_atom
HAT707_456,HAT707nonMR,Bond Dissociation Energies,Thermochemistry,MACE-POLAR-1-S,39.02999867506608,35.09055829711153,-3.939440377954554,3.939440377954554,single_atom
HAT707_457,HAT707nonMR,Bond Dissociation Energies,Thermochemistry,MACE-POLAR-1-S,33.3799987520699,31.293162105810342,-2.0868366462595596,2.0868366462595596,single_atom
HAT707_458,HAT707nonMR,Bond Dissociation Energies,Thermochemistry,MACE-POLAR-1-S,82.7199965805191,82.72224061158438,0.0022440310652882545,0.0022440310652882545,single_atom
HAT707_459,HAT707nonMR,Bond Dissociation Energies,Thermochemistry,MACE-POLAR-1-S,-5.269999638299143,-3.993737304124969,1.2762623341741737,1.2762623341741737,single_atom
HAT707_46,HAT707nonMR,Bond Dissociation Energies,Thermochemistry,MACE-POLAR-1-S,17.319999435197495,88.98906371223795,71.66906427704046,71.66906427704046,single_atom
HAT707_460,HAT707nonMR,Bond Dissociation Energies,Thermochemistry,MACE-POLAR-1-S,-52.95999803096397,-54.06132375342515,-1.1013257224611763,1.1013257224611763,single_atom
HAT707_461,HAT707nonMR,Bond Dissociation Energies,Thermochemistry,MACE-POLAR-1-S,-60.589997422745896,-58.30595379479775,2.2840436279481438,2.2840436279481438,single_atom
HAT707_462,HAT707nonMR,Bond Dissociation Energies,Thermochemistry,MACE-POLAR-1-S,-47.059998333502286,-49.14315119739697,-2.083152863894682,2.083152863894682,single_atom
HAT707_463,HAT707nonMR,Bond Dissociation Energies,Thermochemistry,MACE-POLAR-1-S,13.409999197500166,14.131348486575291,0.7213492890751247,0.7213492890751247,single_atom
HAT707_464,HAT707nonMR,Bond Dissociation Energies,Thermochemistry,MACE-POLAR-1-S,-52.55999776430969,-54.677657643976566,-2.117659879666874,2.117659879666874,single_atom
HAT707_465,HAT707nonMR,Bond Dissociation Energies,Thermochemistry,MACE-POLAR-1-S,39.01999868408747,42.2323729591027,3.212374275015229,3.212374275015229,single_atom
HAT707_466,HAT707nonMR,Bond Dissociation Energies,Thermochemistry,MACE-POLAR-1-S,7.859999811799661,10.0121370804736,2.1521372686739397,2.1521372686739397,single_atom
HAT707_467,HAT707nonMR,Bond Dissociation Energies,Thermochemistry,MACE-POLAR-1-S,12.69999921050866,9.41983292212603,-3.2801662883826292,3.2801662883826292,single_atom
HAT707_468,HAT707nonMR,Bond Dissociation Energies,Thermochemistry,MACE-POLAR-1-S,-35.38999882130098,-36.872884594421706,-1.482885773120728,1.482885773120728,single_atom
HAT707_47,HAT707nonMR,Bond Dissociation Energies,Thermochemistry,MACE-POLAR-1-S,-76.70999668549003,3.771227138224743,80.48122382371477,80.48122382371477,single_atom
HAT707_470,HAT707nonMR,Bond Dissociation Energies,Thermochemistry,MACE-POLAR-1-S,-57.44999774542127,-54.774519902147965,2.675477843273306,2.675477843273306,single_atom
HAT707_471,HAT707nonMR,Bond Dissociation Energies,Thermochemistry,MACE-POLAR-1-S,30.529998813125257,31.941458013561387,1.4114592004361306,1.4114592004361306,single_atom
HAT707_472,HAT707nonMR,Bond Dissociation Energies,Thermochemistry,MACE-POLAR-1-S,-68.73999697292554,-80.39440638474345,-11.654409411817909,11.654409411817909,single_atom
HAT707_473,HAT707nonMR,Bond Dissociation Energies,Thermochemistry,MACE-POLAR-1-S,-4.3099998768421335,-10.32422088139611,-6.014221004553977,6.014221004553977,single_atom
HAT707_474,HAT707nonMR,Bond Dissociation Energies,Thermochemistry,MACE-POLAR-1-S,-37.05999856974949,-41.479341109350834,-4.419342539601345,4.419342539601345,single_atom
HAT707_475,HAT707nonMR,Bond Dissociation Energies,Thermochemistry,MACE-POLAR-1-S,28.2299990055142,21.935301266946823,-6.2946977385673755,6.2946977385673755,single_atom
HAT707_476,HAT707nonMR,Bond Dissociation Energies,Thermochemistry,MACE-POLAR-1-S,-3.9499995741023337,-6.076004290202938,-2.1260047161006046,2.1260047161006046,single_atom
HAT707_477,HAT707nonMR,Bond Dissociation Energies,Thermochemistry,MACE-POLAR-1-S,-97.09999586116182,-94.29874851241452,2.801247348747296,2.801247348747296,single_atom
HAT707_478,HAT707nonMR,Bond Dissociation Energies,Thermochemistry,MACE-POLAR-1-S,-67.96999704006231,-73.29746623499193,-5.32746919492962,5.32746919492962,single_atom
HAT707_479,HAT707nonMR,Bond Dissociation Energies,Thermochemistry,MACE-POLAR-1-S,-66.58999702999378,-75.59451473072934,-9.004517700735562,9.004517700735562,single_atom
HAT707_48,HAT707nonMR,Bond Dissociation Energies,Thermochemistry,MACE-POLAR-1-S,-57.45999773639989,5.489740711581696,62.94973844798159,62.94973844798159,single_atom
HAT707_480,HAT707nonMR,Bond Dissociation Energies,Thermochemistry,MACE-POLAR-1-S,-87.5099963550419,-93.89079081887095,-6.380794463829048,6.380794463829048,single_atom
HAT707_481,HAT707nonMR,Bond Dissociation Energies,Thermochemistry,MACE-POLAR-1-S,-133.259994615326,-136.71210861123714,-3.4521139959111338,3.4521139959111338,single_atom
HAT707_482,HAT707nonMR,Bond Dissociation Energies,Thermochemistry,MACE-POLAR-1-S,-9.12999992110337,1.2714184967708242,10.401418417874194,10.401418417874194,single_atom
HAT707_483,HAT707nonMR,Bond Dissociation Energies,Thermochemistry,MACE-POLAR-1-S,29.82999881711237,22.74275731104788,-7.08724150606449,7.08724150606449,single_atom
HAT707_486,HAT707nonMR,Bond Dissociation Energies,Thermochemistry,MACE-POLAR-1-S,90.34999626511012,86.96687065296747,-3.383125612142649,3.383125612142649,single_atom
HAT707_487,HAT707nonMR,Bond Dissociation Energies,Thermochemistry,MACE-POLAR-1-S,2.979999821666704,1.9453037532015396,-1.0346960684651643,1.0346960684651643,single_atom
HAT707_488,HAT707nonMR,Bond Dissociation Energies,Thermochemistry,MACE-POLAR-1-S,30.70999865074042,33.92694821724782,3.216949566507399,3.216949566507399,single_atom
HAT707_489,HAT707nonMR,Bond Dissociation Energies,Thermochemistry,MACE-POLAR-1-S,23.719999309099663,27.00475792300804,3.2847586139083766,3.2847586139083766,single_atom
HAT707_49,HAT707nonMR,Bond Dissociation Energies,Thermochemistry,MACE-POLAR-1-S,-87.98999654952515,-21.84865934434977,66.14133720517538,66.14133720517538,single_atom
HAT707_490,HAT707nonMR,Bond Dissociation Energies,Thermochemistry,MACE-POLAR-1-S,21.289998991257068,23.974702551442785,2.684703560185717,2.684703560185717,single_atom
HAT707_491,HAT707nonMR,Bond Dissociation Energies,Thermochemistry,MACE-POLAR-1-S,28.539998725851422,31.885466264126453,3.345467538275031,3.345467538275031,single_atom
HAT707_492,HAT707nonMR,Bond Dissociation Energies,Thermochemistry,MACE-POLAR-1-S,34.00999881123245,39.50946279233865,5.499463981106203,5.499463981106203,single_atom
HAT707_493,HAT707nonMR,Bond Dissociation Energies,Thermochemistry,MACE-POLAR-1-S,44.909998390570536,49.309802642752125,4.399804252181589,4.399804252181589,single_atom
HAT707_494,HAT707nonMR,Bond Dissociation Energies,Thermochemistry,MACE-POLAR-1-S,-42.559998000556895,-33.15748863695043,9.402509363606463,9.402509363606463,single_atom
HAT707_495,HAT707nonMR,Bond Dissociation Energies,Thermochemistry,MACE-POLAR-1-S,54.60999779745524,57.3489399736108,2.738942176155554,2.738942176155554,single_atom
HAT707_496,HAT707nonMR,Bond Dissociation Energies,Thermochemistry,MACE-POLAR-1-S,-47.51999791851881,-48.2415082824829,-0.7215103639640859,0.7215103639640859,single_atom
HAT707_497,HAT707nonMR,Bond Dissociation Energies,Thermochemistry,MACE-POLAR-1-S,90.96999623948012,88.66128166888467,-2.3087145705954555,2.3087145705954555,single_atom
HAT707_498,HAT707nonMR,Bond Dissociation Energies,Thermochemistry,MACE-POLAR-1-S,39.49999825106123,32.50786706415904,-6.992131186902185,6.992131186902185,single_atom
HAT707_499,HAT707nonMR,Bond Dissociation Energies,Thermochemistry,MACE-POLAR-1-S,21.93999903237685,13.811313755121882,-8.128685277254968,8.128685277254968,single_atom
HAT707_50,HAT707nonMR,Bond Dissociation Energies,Thermochemistry,MACE-POLAR-1-S,-20.82999940624054,55.49514663561581,76.32514604185636,76.32514604185636,single_atom
HAT707_500,HAT707nonMR,Bond Dissociation Energies,Thermochemistry,MACE-POLAR-1-S,40.13999830120239,41.18300594255822,1.0430076413558282,1.0430076413558282,single_atom
HAT707_502,HAT707nonMR,Bond Dissociation Energies,Thermochemistry,MACE-POLAR-1-S,-7.689999965163118,-13.261480329959172,-5.571480364796054,5.571480364796054,single_atom
HAT707_503,HAT707nonMR,Bond Dissociation Energies,Thermochemistry,MACE-POLAR-1-S,-35.5499986769589,-38.06958217587309,-2.519583498914187,2.519583498914187,single_atom
HAT707_504,HAT707nonMR,Bond Dissociation Energies,Thermochemistry,MACE-POLAR-1-S,-22.209998788799595,-30.476148442625743,-8.266149653826147,8.266149653826147,single_atom
HAT707_507,HAT707nonMR,Bond Dissociation Energies,Thermochemistry,MACE-POLAR-1-S,5.639999932017563,-5.668046596680369,-11.308046528697933,11.308046528697933,single_atom
HAT707_508,HAT707nonMR,Bond Dissociation Energies,Thermochemistry,MACE-POLAR-1-S,-52.28999800788695,-45.6919121163135,6.598085891573447,6.598085891573447,single_atom
HAT707_51,HAT707nonMR,Bond Dissociation Energies,Thermochemistry,MACE-POLAR-1-S,-92.3099964173459,-36.77593818331288,55.53405823403302,55.53405823403302,single_atom
HAT707_518,HAT707nonMR,Bond Dissociation Energies,Thermochemistry,MACE-POLAR-1-S,6.719999585218013,6.277163410432223,-0.44283617478579007,0.44283617478579007,single_atom
HAT707_519,HAT707nonMR,Bond Dissociation Energies,Thermochemistry,MACE-POLAR-1-S,48.42999772508273,46.45731734097072,-1.9726803841120102,1.9726803841120102,single_atom
HAT707_52,HAT707nonMR,Bond Dissociation Energies,Thermochemistry,MACE-POLAR-1-S,-56.31999750981824,17.066405931011385,73.38640344082962,73.38640344082962,single_atom
HAT707_520,HAT707nonMR,Bond Dissociation Energies,Thermochemistry,MACE-POLAR-1-S,-5.699999877889284,0.2735750764033947,5.973574954292679,5.973574954292679,single_atom
HAT707_522,HAT707nonMR,Bond Dissociation Energies,Thermochemistry,MACE-POLAR-1-S,-9.6899994159061,-12.746483197150136,-3.0564837812440366,3.0564837812440366,single_atom
HAT707_523,HAT707nonMR,Bond Dissociation Energies,Thermochemistry,MACE-POLAR-1-S,23.07999925895849,23.339105484328737,0.2591062253702461,0.2591062253702461,single_atom
HAT707_524,HAT707nonMR,Bond Dissociation Energies,Thermochemistry,MACE-POLAR-1-S,-41.3099985007199,-42.74747807124494,-1.437479570525042,1.437479570525042,single_atom
HAT707_525,HAT707nonMR,Bond Dissociation Energies,Thermochemistry,MACE-POLAR-1-S,-55.86999791578034,-59.2021608320516,-3.3321629162712583,3.3321629162712583,single_atom
HAT707_526,HAT707nonMR,Bond Dissociation Energies,Thermochemistry,MACE-POLAR-1-S,-87.2999965444909,-97.33215128906797,-10.03215474457707,10.03215474457707,single_atom
HAT707_527,HAT707nonMR,Bond Dissociation Energies,Thermochemistry,MACE-POLAR-1-S,14.89999910833352,12.80903755289352,-2.09096155544,2.09096155544,single_atom
HAT707_528,HAT707nonMR,Bond Dissociation Energies,Thermochemistry,MACE-POLAR-1-S,-21.979998996291336,-24.11286233256892,-2.132863336277584,2.132863336277584,single_atom
HAT707_529,HAT707nonMR,Bond Dissociation Energies,Thermochemistry,MACE-POLAR-1-S,-27.62999891928752,-27.910258523828155,-0.28025960454063537,0.28025960454063537,single_atom
HAT707_53,HAT707nonMR,Bond Dissociation Energies,Thermochemistry,MACE-POLAR-1-S,-125.05999511025324,-67.9310584113515,57.12893669890174,57.12893669890174,single_atom
HAT707_530,HAT707nonMR,Bond Dissociation Energies,Thermochemistry,MACE-POLAR-1-S,-66.28999730063518,-63.19715793376346,3.092839366871722,3.092839366871722,single_atom
HAT707_531,HAT707nonMR,Bond Dissociation Energies,Thermochemistry,MACE-POLAR-1-S,-113.97999506579052,-113.2647443831056,0.7152506826849248,0.7152506826849248,single_atom
HAT707_532,HAT707nonMR,Bond Dissociation Energies,Thermochemistry,MACE-POLAR-1-S,-108.07999536832884,-108.34657182699353,-0.26657645866468727,0.26657645866468727,single_atom
HAT707_533,HAT707nonMR,Bond Dissociation Energies,Thermochemistry,MACE-POLAR-1-S,-113.57999542664574,-113.88107827357312,-0.30108284692738607,0.30108284692738607,single_atom
HAT707_534,HAT707nonMR,Bond Dissociation Energies,Thermochemistry,MACE-POLAR-1-S,-48.3199978243179,-49.78358770747052,-1.4635898831526148,1.4635898831526148,single_atom
HAT707_535,HAT707nonMR,Bond Dissociation Energies,Thermochemistry,MACE-POLAR-1-S,-96.40999585612754,-96.07630522401826,0.3336906321092812,0.3336906321092812,single_atom
HAT707_536,HAT707nonMR,Bond Dissociation Energies,Thermochemistry,MACE-POLAR-1-S,-61.51999721126704,-55.31551523953199,6.204481971735049,6.204481971735049,single_atom
HAT707_537,HAT707nonMR,Bond Dissociation Energies,Thermochemistry,MACE-POLAR-1-S,-118.46999540775732,-113.97794053178646,4.492054875970865,4.492054875970865,single_atom
HAT707_538,HAT707nonMR,Bond Dissociation Energies,Thermochemistry,MACE-POLAR-1-S,-129.74999464428296,-139.59782701438195,-9.847832370098985,9.847832370098985,single_atom
HAT707_539,HAT707nonMR,Bond Dissociation Energies,Thermochemistry,MACE-POLAR-1-S,-98.07999623208552,-100.68276173903128,-2.602765506945758,2.602765506945758,single_atom
HAT707_54,HAT707nonMR,Bond Dissociation Energies,Thermochemistry,MACE-POLAR-1-S,11.709999476115794,87.75466878391678,76.04466930780099,76.04466930780099,single_atom
HAT707_540,HAT707nonMR,Bond Dissociation Energies,Thermochemistry,MACE-POLAR-1-S,-64.96999723643837,-65.27942491988338,-0.3094276834450085,0.3094276834450085,single_atom
HAT707_541,HAT707nonMR,Bond Dissociation Energies,Thermochemistry,MACE-POLAR-1-S,-127.60999469232983,-134.79793536040978,-7.187940668079946,7.187940668079946,single_atom
HAT707_542,HAT707nonMR,Bond Dissociation Energies,Thermochemistry,MACE-POLAR-1-S,-194.27999227766205,-195.91552924087568,-1.6355369632136387,1.6355369632136387,single_atom
HAT707_543,HAT707nonMR,Bond Dissociation Energies,Thermochemistry,MACE-POLAR-1-S,-62.86999724839971,-54.7455486689848,8.12444857941491,8.12444857941491,single_atom
HAT707_544,HAT707nonMR,Bond Dissociation Energies,Thermochemistry,MACE-POLAR-1-S,-41.159998008531126,-46.07620591369256,-4.916207905161436,4.916207905161436,single_atom
HAT707_545,HAT707nonMR,Bond Dissociation Energies,Thermochemistry,MACE-POLAR-1-S,-100.97999612592326,-94.27055676555948,6.709439360363788,6.709439360363788,single_atom
HAT707_548,HAT707nonMR,Bond Dissociation Energies,Thermochemistry,MACE-POLAR-1-S,29.32999864067189,27.76345002332897,-1.5665486173429173,1.5665486173429173,single_atom
HAT707_549,HAT707nonMR,Bond Dissociation Energies,Thermochemistry,MACE-POLAR-1-S,-2.8799999118805024,-2.7905639207918327,0.08943599108866973,0.08943599108866973,single_atom
HAT707_55,HAT707nonMR,Bond Dissociation Energies,Thermochemistry,MACE-POLAR-1-S,-23.20999914168056,52.46974275015928,75.67974189183984,75.67974189183984,single_atom
HAT707_550,HAT707nonMR,Bond Dissociation Energies,Thermochemistry,MACE-POLAR-1-S,-58.02999784969072,-57.25811687643696,0.771880973253765,0.771880973253765,single_atom
HAT707_551,HAT707nonMR,Bond Dissociation Energies,Thermochemistry,MACE-POLAR-1-S,-65.00999720035286,-61.22667235728278,3.7833248430700763,3.7833248430700763,single_atom
HAT707_552,HAT707nonMR,Bond Dissociation Energies,Thermochemistry,MACE-POLAR-1-S,-69.50999690578877,-72.50955300289264,-2.999556097103877,2.999556097103877,single_atom
HAT707_553,HAT707nonMR,Bond Dissociation Energies,Thermochemistry,MACE-POLAR-1-S,-63.25999752407538,-58.25413352544032,5.005863998635064,5.005863998635064,single_atom
HAT707_554,HAT707nonMR,Bond Dissociation Energies,Thermochemistry,MACE-POLAR-1-S,-79.90999693619585,-70.63592301467096,9.274073921524888,9.274073921524888,single_atom
HAT707_555,HAT707nonMR,Bond Dissociation Energies,Thermochemistry,MACE-POLAR-1-S,-44.349998268258325,-56.06620038682513,-11.716202118566805,11.716202118566805,single_atom
HAT707_556,HAT707nonMR,Bond Dissociation Energies,Thermochemistry,MACE-POLAR-1-S,-69.91999716342167,-62.69209846440826,7.227898699013409,7.227898699013409,single_atom
HAT707_557,HAT707nonMR,Bond Dissociation Energies,Thermochemistry,MACE-POLAR-1-S,-119.71999490759433,-147.24379690722367,-27.52380199962934,27.52380199962934,single_atom
HAT707_558,HAT707nonMR,Bond Dissociation Energies,Thermochemistry,MACE-POLAR-1-S,-39.07999862995919,-45.39210687455856,-6.312108244599365,6.312108244599365,single_atom
HAT707_559,HAT707nonMR,Bond Dissociation Energies,Thermochemistry,MACE-POLAR-1-S,-20.87999936113364,-18.02041468703833,2.8595846740953093,2.8595846740953093,single_atom
HAT707_56,HAT707nonMR,Bond Dissociation Energies,Thermochemistry,MACE-POLAR-1-S,-185.0999924016656,-120.75046581441518,64.34952658725041,64.34952658725041,single_atom
HAT707_560,HAT707nonMR,Bond Dissociation Energies,Thermochemistry,MACE-POLAR-1-S,-68.70999699998968,-72.46490095955572,-3.754903959566036,3.754903959566036,single_atom
HAT707_561,HAT707nonMR,Bond Dissociation Energies,Thermochemistry,MACE-POLAR-1-S,-61.01999766233604,-59.203420629638494,1.8165770326975448,1.8165770326975448,single_atom
HAT707_562,HAT707nonMR,Bond Dissociation Energies,Thermochemistry,MACE-POLAR-1-S,-3.049999758517045,-6.551197817117874,-3.501198058600829,3.501198058600829,single_atom
HAT707_563,HAT707nonMR,Bond Dissociation Energies,Thermochemistry,MACE-POLAR-1-S,23.75999927301414,22.49524182111773,-1.2647574518964113,1.2647574518964113,single_atom
HAT707_564,HAT707nonMR,Bond Dissociation Energies,Thermochemistry,MACE-POLAR-1-S,-55.37999773031848,-64.87146722627692,-9.491469495958441,9.491469495958441,single_atom
HAT707_57,HAT707nonMR,Bond Dissociation Energies,Thermochemistry,MACE-POLAR-1-S,-87.99999654050376,-26.451717302000663,61.5482792385031,61.5482792385031,single_atom
HAT707_578,HAT707nonMR,Bond Dissociation Energies,Thermochemistry,MACE-POLAR-1-S,-6.4299998468380295,-8.582195324605202,-2.1521954777671723,2.1521954777671723,single_atom
HAT707_579,HAT707nonMR,Bond Dissociation Energies,Thermochemistry,MACE-POLAR-1-S,2.8799999118805024,2.7905639208757265,-0.08943599100477595,0.08943599100477595,single_atom
HAT707_58,HAT707nonMR,Bond Dissociation Energies,Thermochemistry,MACE-POLAR-1-S,-84.48999656946073,-7.478098717980018,77.01189785148071,77.01189785148071,single_atom
HAT707_589,HAT707nonMR,Bond Dissociation Energies,Thermochemistry,MACE-POLAR-1-S,-54.05999766612167,-60.94749928218285,-6.887501616061179,6.887501616061179,single_atom
HAT707_59,HAT707nonMR,Bond Dissociation Energies,Thermochemistry,MACE-POLAR-1-S,-119.12999481234624,-52.67970694822827,66.45028786411797,66.45028786411797,single_atom
HAT707_590,HAT707nonMR,Bond Dissociation Energies,Thermochemistry,MACE-POLAR-1-S,-84.41999663261038,-94.54158736825514,-10.121590735644759,10.121590735644759,single_atom
HAT707_60,HAT707nonMR,Bond Dissociation Energies,Thermochemistry,MACE-POLAR-1-S,-85.83999660659339,-17.048767690367118,68.79122891622627,68.79122891622627,single_atom
HAT707_61,HAT707nonMR,Bond Dissociation Energies,Thermochemistry,MACE-POLAR-1-S,-175.50999289554568,-120.34250812085592,55.167484774689754,55.167484774689754,single_atom
HAT707_615,HAT707nonMR,Bond Dissociation Energies,Thermochemistry,MACE-POLAR-1-S,0.0,-4.603057957614191,-4.603057957614191,4.603057957614191,single_atom
HAT707_616,HAT707nonMR,Bond Dissociation Energies,Thermochemistry,MACE-POLAR-1-S,-124.72999478044932,-132.00737143955502,-7.277376659105698,7.277376659105698,single_atom
HAT707_617,HAT707nonMR,Bond Dissociation Energies,Thermochemistry,MACE-POLAR-1-S,-87.5099963550419,-98.49384877649564,-10.983852421453733,10.983852421453733,single_atom
HAT707_618,HAT707nonMR,Bond Dissociation Energies,Thermochemistry,MACE-POLAR-1-S,-191.3999923657816,-193.12496532006284,-1.7249729542812418,1.7249729542812418,single_atom
HAT707_62,HAT707nonMR,Bond Dissociation Energies,Thermochemistry,MACE-POLAR-1-S,-152.51999355539476,-78.16636157086445,74.35363198453031,74.35363198453031,single_atom
HAT707_620,HAT707nonMR,Bond Dissociation Energies,Thermochemistry,MACE-POLAR-1-S,-9.13999991208199,-3.3316394608538538,5.808360451228136,5.808360451228136,single_atom
HAT707_621,HAT707nonMR,Bond Dissociation Energies,Thermochemistry,MACE-POLAR-1-S,-82.66999632882344,-64.36866791834876,18.30132841047468,18.30132841047468,single_atom
HAT707_622,HAT707nonMR,Bond Dissociation Energies,Thermochemistry,MACE-POLAR-1-S,-63.59999721734846,-63.6013190699934,-0.001321852644942112,0.001321852644942112,single_atom
HAT707_623,HAT707nonMR,Bond Dissociation Energies,Thermochemistry,MACE-POLAR-1-S,-112.33999529027788,-114.17246282482392,-1.8324675345460406,1.8324675345460406,single_atom
HAT707_63,HAT707nonMR,Bond Dissociation Energies,Thermochemistry,MACE-POLAR-1-S,-146.09999369953536,-76.30094018749998,69.79905351203539,69.79905351203539,single_atom
HAT707_64,HAT707nonMR,Bond Dissociation Energies,Thermochemistry,MACE-POLAR-1-S,-97.12999583409766,-25.18029880521411,71.94969702888355,71.94969702888355,single_atom
HAT707_642,HAT707nonMR,Bond Dissociation Energies,Thermochemistry,MACE-POLAR-1-S,-91.25999610957184,-90.53782907393538,0.7221670356364598,0.7221670356364598,single_atom
HAT707_644,HAT707nonMR,Bond Dissociation Energies,Thermochemistry,MACE-POLAR-1-S,-81.27999632777627,-82.59400452367268,-1.314008195896406,1.314008195896406,single_atom
HAT707_645,HAT707nonMR,Bond Dissociation Energies,Thermochemistry,MACE-POLAR-1-S,39.48999826008261,27.90480910653436,-11.58518915354825,11.58518915354825,single_atom
HAT707_646,HAT707nonMR,Bond Dissociation Energies,Thermochemistry,MACE-POLAR-1-S,-131.06999470847975,-167.14570296648807,-36.07570825800832,36.07570825800832,single_atom
HAT707_647,HAT707nonMR,Bond Dissociation Energies,Thermochemistry,MACE-POLAR-1-S,-7.129999842850914,-56.0458022586916,-48.91580241584069,48.91580241584069,single_atom
HAT707_65,HAT707nonMR,Bond Dissociation Energies,Thermochemistry,MACE-POLAR-1-S,-98.24999607872208,0.0034406028504419,98.25343668157252,98.25343668157252,single_atom
HAT707_651,HAT707nonMR,Bond Dissociation Energies,Thermochemistry,MACE-POLAR-1-S,-58.13999775045554,-56.41285670880472,1.7271410416508246,1.7271410416508246,single_atom
HAT707_652,HAT707nonMR,Bond Dissociation Energies,Thermochemistry,MACE-POLAR-1-S,-0.7299999689487457,-8.855770401050544,-8.125770432101797,8.125770432101797,single_atom
HAT707_653,HAT707nonMR,Bond Dissociation Energies,Thermochemistry,MACE-POLAR-1-S,-3.779999727465791,-15.40696821812647,-11.62696849066068,11.62696849066068,single_atom
HAT707_654,HAT707nonMR,Bond Dissociation Energies,Thermochemistry,MACE-POLAR-1-S,-11.349999800885463,-19.901906059306366,-8.551906258420903,8.551906258420903,single_atom
HAT707_655,HAT707nonMR,Bond Dissociation Energies,Thermochemistry,MACE-POLAR-1-S,12.399999481150058,2.5933357618952577,-9.8066637192548,9.8066637192548,single_atom
HAT707_656,HAT707nonMR,Bond Dissociation Energies,Thermochemistry,MACE-POLAR-1-S,-52.499997818437976,-62.080903305506055,-9.58090548706808,9.58090548706808,single_atom
HAT707_657,HAT707nonMR,Bond Dissociation Energies,Thermochemistry,MACE-POLAR-1-S,-129.79999459917607,-142.25681679587467,-12.456822196698596,12.456822196698596,single_atom
HAT707_66,HAT707nonMR,Bond Dissociation Energies,Thermochemistry,MACE-POLAR-1-S,13.309999287713968,88.56212482801784,75.25212554030388,75.25212554030388,single_atom
HAT707_67,HAT707nonMR,Bond Dissociation Energies,Thermochemistry,MACE-POLAR-1-S,-49.04999779326665,24.251525733503755,73.30152352677041,73.30152352677041,single_atom
HAT707_68,HAT707nonMR,Bond Dissociation Energies,Thermochemistry,MACE-POLAR-1-S,-15.119999537372635,60.42501201043954,75.54501154781218,75.54501154781218,single_atom
HAT707_69,HAT707nonMR,Bond Dissociation Energies,Thermochemistry,MACE-POLAR-1-S,-90.20999642930724,-21.82468018020977,68.38531624909747,68.38531624909747,single_atom
HAT707_70,HAT707nonMR,Bond Dissociation Energies,Thermochemistry,MACE-POLAR-1-S,-22.13999885194925,50.03402218614753,72.17402103809678,72.17402103809678,single_atom
HAT707_73,HAT707nonMR,Bond Dissociation Energies,Thermochemistry,MACE-POLAR-1-S,71.08999706128031,145.51261769335068,74.42262063207036,74.42262063207036,single_atom
HAT707_74,HAT707nonMR,Bond Dissociation Energies,Thermochemistry,MACE-POLAR-1-S,10.329999466047262,88.80016345338758,78.47016398734033,78.47016398734033,single_atom
HAT707_75,HAT707nonMR,Bond Dissociation Energies,Thermochemistry,MACE-POLAR-1-S,38.87999818287731,114.95860374920888,76.07860556633156,76.07860556633156,single_atom
HAT707_76,HAT707nonMR,Bond Dissociation Energies,Thermochemistry,MACE-POLAR-1-S,-16.26999912742343,60.491050793574246,76.76104992099768,76.76104992099768,single_atom
HAT707_77,HAT707nonMR,Bond Dissociation Energies,Thermochemistry,MACE-POLAR-1-S,-30.849998524441105,49.44960351109089,80.29960203553199,80.29960203553199,single_atom
HAT707_78,HAT707nonMR,Bond Dissociation Energies,Thermochemistry,MACE-POLAR-1-S,-57.28999788976335,7.475230915289104,64.76522880505246,64.76522880505246,single_atom
HAT707_79,HAT707nonMR,Bond Dissociation Energies,Thermochemistry,MACE-POLAR-1-S,-64.2799972314041,0.5530406210493207,64.83303785245342,64.83303785245342,single_atom
HAT707_80,HAT707nonMR,Bond Dissociation Energies,Thermochemistry,MACE-POLAR-1-S,13.829999446111689,83.07790659446619,69.2479071483545,69.2479071483545,single_atom
HAT707_81,HAT707nonMR,Bond Dissociation Energies,Thermochemistry,MACE-POLAR-1-S,-66.70999754924671,-2.4770147505578817,64.23298279868882,64.23298279868882,single_atom
HAT707_82,HAT707nonMR,Bond Dissociation Energies,Thermochemistry,MACE-POLAR-1-S,-59.45999781465235,5.433748962172978,64.89374677682532,64.89374677682532,single_atom
HAT707_83,HAT707nonMR,Bond Dissociation Energies,Thermochemistry,MACE-POLAR-1-S,-53.98999772927132,13.057745490385178,67.0477432196565,67.0477432196565,single_atom
HAT707_84,HAT707nonMR,Bond Dissociation Energies,Thermochemistry,MACE-POLAR-1-S,-43.07999815895462,22.85808534073049,65.93808349968512,65.93808349968512,single_atom
HAT707_85,HAT707nonMR,Bond Dissociation Energies,Thermochemistry,MACE-POLAR-1-S,9.329999740675772,71.79502594883533,62.46502620815956,62.46502620815956,single_atom
HAT707_86,HAT707nonMR,Bond Dissociation Energies,Thermochemistry,MACE-POLAR-1-S,-130.55999454106066,-59.60920593892488,70.95078860213579,70.95078860213579,single_atom
HAT707_87,HAT707nonMR,Bond Dissociation Energies,Thermochemistry,MACE-POLAR-1-S,-33.389998743048515,30.897222671694024,64.28722141474253,64.28722141474253,single_atom
HAT707_88,HAT707nonMR,Bond Dissociation Energies,Thermochemistry,MACE-POLAR-1-S,-135.5199944590226,-74.69322558444162,60.82676887458098,60.82676887458098,single_atom
HAT707_89,HAT707nonMR,Bond Dissociation Energies,Thermochemistry,MACE-POLAR-1-S,15.579999122389165,86.0504454262667,70.47044630387754,70.47044630387754,single_atom
HAT707_90,HAT707nonMR,Bond Dissociation Energies,Thermochemistry,MACE-POLAR-1-S,2.969999830688084,62.20956436692595,59.23956453623787,59.23956453623787,single_atom
HAT707_91,HAT707nonMR,Bond Dissociation Energies,Thermochemistry,MACE-POLAR-1-S,-1.0699996622218313,73.66865593703605,74.73865559925788,74.73865559925788,single_atom
HAT707_92,HAT707nonMR,Bond Dissociation Energies,Thermochemistry,MACE-POLAR-1-S,-68.78999692781865,4.657532504031226,73.44752943184987,73.44752943184987,single_atom
HAT707_93,HAT707nonMR,Bond Dissociation Energies,Thermochemistry,MACE-POLAR-1-S,3.400000070278225,59.10436029259921,55.704360222320986,55.704360222320986,single_atom
HAT707_94,HAT707nonMR,Bond Dissociation Energies,Thermochemistry,MACE-POLAR-1-S,8.919999483042872,81.61248048731973,72.69248100427686,72.69248100427686,single_atom
HAT707_95,HAT707nonMR,Bond Dissociation Energies,Thermochemistry,MACE-POLAR-1-S,-48.499998289442544,6.05614976217935,54.556148051621896,54.556148051621896,single_atom
HAT707_96,HAT707nonMR,Bond Dissociation Energies,Thermochemistry,MACE-POLAR-1-S,-40.87999826112976,-2.939217955495679,37.94078030563408,37.94078030563408,single_atom
HAT707_97,HAT707nonMR,Bond Dissociation Energies,Thermochemistry,MACE-POLAR-1-S,-97.51999610977332,-33.00257265081715,64.51742345895616,64.51742345895616,single_atom
HAT707_98,HAT707nonMR,Bond Dissociation Energies,Thermochemistry,MACE-POLAR-1-S,-20.81999941526192,28.63554288427768,49.4555422995396,49.4555422995396,single_atom
HAT707_99,HAT707nonMR,Bond Dissociation Energies,Thermochemistry,MACE-POLAR-1-S,-22.7199989562187,8.326306262528572,31.04630521874727,31.04630521874727,single_atom
HNBrBDE18_1,HNBrBDE18,Bond Dissociation Energies,Thermochemistry,MACE-POLAR-1-S,58.89101112916212,60.233395628692456,1.3423844995303327,1.3423844995303327,single_atom
HNBrBDE18_10,HNBrBDE18,Bond Dissociation Energies,Thermochemistry,MACE-POLAR-1-S,62.47609700134277,73.19868183710933,10.722584835766561,10.722584835766561,single_atom
HNBrBDE18_11,HNBrBDE18,Bond Dissociation Energies,Thermochemistry,MACE-POLAR-1-S,61.20936621639891,68.22231208104199,7.012945864643079,7.012945864643079,single_atom
HNBrBDE18_12,HNBrBDE18,Bond Dissociation Energies,Thermochemistry,MACE-POLAR-1-S,60.70745464610045,68.19793943433717,7.490484788236721,7.490484788236721,single_atom
HNBrBDE18_13,HNBrBDE18,Bond Dissociation Energies,Thermochemistry,MACE-POLAR-1-S,63.38431844605719,73.27302186200637,9.88870341594918,9.88870341594918,single_atom
HNBrBDE18_14,HNBrBDE18,Bond Dissociation Energies,Thermochemistry,MACE-POLAR-1-S,59.77533199302855,65.97680625817313,6.201474265144576,6.201474265144576,single_atom
HNBrBDE18_15,HNBrBDE18,Bond Dissociation Energies,Thermochemistry,MACE-POLAR-1-S,58.74760764407415,64.76401207627985,6.016404432205704,6.016404432205704,single_atom
HNBrBDE18_16,HNBrBDE18,Bond Dissociation Energies,Thermochemistry,MACE-POLAR-1-S,68.2122345223337,74.47449355655519,6.262259034221486,6.262259034221486,single_atom
HNBrBDE18_17,HNBrBDE18,Bond Dissociation Energies,Thermochemistry,MACE-POLAR-1-S,47.94454886583622,52.816812117166414,4.872263251330196,4.872263251330196,single_atom
HNBrBDE18_18,HNBrBDE18,Bond Dissociation Energies,Thermochemistry,MACE-POLAR-1-S,49.54588715514256,51.09505398756157,1.5491668324190115,1.5491668324190115,single_atom
HNBrBDE18_2,HNBrBDE18,Bond Dissociation Energies,Thermochemistry,MACE-POLAR-1-S,67.04110606078183,71.00481392472769,3.9637078639458565,3.9637078639458565,single_atom
HNBrBDE18_3,HNBrBDE18,Bond Dissociation Energies,Thermochemistry,MACE-POLAR-1-S,55.71223450388797,59.44242934969409,3.7301948458061176,3.7301948458061176,single_atom
HNBrBDE18_4,HNBrBDE18,Bond Dissociation Energies,Thermochemistry,MACE-POLAR-1-S,55.83173740812796,59.63878689482486,3.8070494866969042,3.8070494866969042,single_atom
HNBrBDE18_5,HNBrBDE18,Bond Dissociation Energies,Thermochemistry,MACE-POLAR-1-S,52.55735908697128,54.93622864303505,2.378869556063769,2.378869556063769,single_atom
HNBrBDE18_6,HNBrBDE18,Bond Dissociation Energies,Thermochemistry,MACE-POLAR-1-S,48.70936682546265,50.575883210640114,1.8665163851774622,1.8665163851774622,single_atom
HNBrBDE18_7,HNBrBDE18,Bond Dissociation Energies,Thermochemistry,MACE-POLAR-1-S,56.978965288831816,64.72605124326846,7.747085954436642,7.747085954436642,single_atom
HNBrBDE18_8,HNBrBDE18,Bond Dissociation Energies,Thermochemistry,MACE-POLAR-1-S,45.17208211497801,49.05634563657072,3.8842635215927075,3.8842635215927075,single_atom
HNBrBDE18_9,HNBrBDE18,Bond Dissociation Energies,Thermochemistry,MACE-POLAR-1-S,44.57456822128756,50.41889584094135,5.8443276196537965,5.8443276196537965,single_atom
EA50_1,EA50,Electron Affinities,Thermochemistry,MACE-POLAR-1-S,14.528145151628726,-23.294663877046407,-37.82280902867513,37.82280902867513,single_atom
EA50_10,EA50,Electron Affinities,Thermochemistry,MACE-POLAR-1-S,17.75662178226739,9.59733980379319,-8.159281978474201,8.159281978474201,single_atom
EA50_2,EA50,Electron Affinities,Thermochemistry,MACE-POLAR-1-S,6.918164567088265,4.2325573580235725,-2.6856072090646927,2.6856072090646927,single_atom
EA50_3,EA50,Electron Affinities,Thermochemistry,MACE-POLAR-1-S,12.913906522554656,-113.43429263383064,-126.34819915638529,126.34819915638529,single_atom
EA50_4,EA50,Electron Affinities,Thermochemistry,MACE-POLAR-1-S,10.838457215179126,-127.44109862156571,-138.27955583674483,138.27955583674483,single_atom
EA50_47,EA50,Electron Affinities,Thermochemistry,MACE-POLAR-1-S,33.89900556297019,-118.97379444104796,-152.87280000401813,152.87280000401813,outlier_gt_100
EA50_5,EA50,Electron Affinities,Thermochemistry,MACE-POLAR-1-S,83.94039427913368,92.38930195757165,8.448907678437962,8.448907678437962,single_atom
EA50_6,EA50,Electron Affinities,Thermochemistry,MACE-POLAR-1-S,32.976583578857785,-3.112641081732469,-36.089224660590254,36.089224660590254,single_atom
EA50_7,EA50,Electron Affinities,Thermochemistry,MACE-POLAR-1-S,48.1965447479387,40.837469666200825,-7.359075081737878,7.359075081737878,single_atom
EA50_8,EA50,Electron Affinities,Thermochemistry,MACE-POLAR-1-S,81.63433963260744,83.45755719874194,1.8232175661345025,1.8232175661345025,single_atom
EA50_9,EA50,Electron Affinities,Thermochemistry,MACE-POLAR-1-S,9.22421921361453,-75.652300586226,-84.87651979984054,84.87651979984054,single_atom
G21EA_1,G21EA,Electron Affinities,Thermochemistry,MACE-POLAR-1-S,29.435340538610763,-11.76591739853757,-41.201257937148334,41.201257937148334,single_atom
G21EA_2,G21EA,Electron Affinities,Thermochemistry,MACE-POLAR-1-S,33.98432175106338,38.73370515277426,4.74938340171088,4.74938340171088,single_atom
G21EA_3,G21EA,Electron Affinities,Thermochemistry,MACE-POLAR-1-S,79.21368481336201,89.00235505034074,9.788670236978732,9.788670236978732,single_atom
G21EA_4,G21EA,Electron Affinities,Thermochemistry,MACE-POLAR-1-S,32.69559613154425,-11.405933309582338,-44.10152944112659,44.10152944112659,single_atom
G21EA_5,G21EA,Electron Affinities,Thermochemistry,MACE-POLAR-1-S,17.059833379742745,-13.278337060887344,-30.338170440630087,30.338170440630087,single_atom
G21EA_6,G21EA,Electron Affinities,Thermochemistry,MACE-POLAR-1-S,48.2112021142338,43.44953097064999,-4.761671143583811,4.761671143583811,single_atom
G21EA_7,G21EA,Electron Affinities,Thermochemistry,MACE-POLAR-1-S,84.40050995340292,92.38930195757165,7.9887920041687295,7.9887920041687295,single_atom
BH76RC_1,BH76RC,General Reaction Energies,Thermochemistry,MACE-POLAR-1-S,-64.91004874634352,-140.9359451299406,-76.02589638359707,76.02589638359707,single_atom
BH76RC_10,BH76RC,General Reaction Energies,Thermochemistry,MACE-POLAR-1-S,-19.550014993695065,-93.5005113675977,-73.95049637390264,73.95049637390264,single_atom
BH76RC_11,BH76RC,General Reaction Energies,Thermochemistry,MACE-POLAR-1-S,-40.02003041244213,-115.62705144802636,-75.60702103558424,75.60702103558424,single_atom
BH76RC_14,BH76RC,General Reaction Energies,Thermochemistry,MACE-POLAR-1-S,-1.9000014234852007,-69.90825081090108,-68.00824938741587,68.00824938741587,single_atom
BH76RC_15,BH76RC,General Reaction Energies,Thermochemistry,MACE-POLAR-1-S,-16.390012196865825,60.48632379649784,76.87633599336367,76.87633599336367,single_atom
BH76RC_16,BH76RC,General Reaction Energies,Thermochemistry,MACE-POLAR-1-S,-3.1100022144266624,70.64745588263516,73.75745809706181,73.75745809706181,single_atom
BH76RC_19,BH76RC,General Reaction Energies,Thermochemistry,MACE-POLAR-1-S,-5.010003637911863,0.7392050717249854,5.749208709636848,5.749208709636848,single_atom
BH76RC_2,BH76RC,General Reaction Energies,Thermochemistry,MACE-POLAR-1-S,-26.320020181391445,-98.57675149403966,-72.25673131264821,72.25673131264821,single_atom
BH76RC_21,BH76RC,General Reaction Energies,Thermochemistry,MACE-POLAR-1-S,-32.22002427141945,34.22414730144493,66.44417157286438,66.44417157286438,single_atom
BH76RC_22,BH76RC,General Reaction Energies,Thermochemistry,MACE-POLAR-1-S,5.440003877502003,-3.0418207734015783,-8.481824650903581,8.481824650903581,single_atom
BH76RC_23,BH76RC,General Reaction Energies,Thermochemistry,MACE-POLAR-1-S,-21.74001615556025,-94.40541154303136,-72.66539538747111,72.66539538747111,single_atom
BH76RC_24,BH76RC,General Reaction Energies,Thermochemistry,MACE-POLAR-1-S,-2.3200016720967214,-67.60563510922974,-65.28563343713301,65.28563343713301,single_atom
BH76RC_25,BH76RC,General Reaction Energies,Thermochemistry,MACE-POLAR-1-S,-13.260010000481923,-88.56855832128794,-75.30854832080601,75.30854832080601,single_atom
BH76RC_26,BH76RC,General Reaction Energies,Thermochemistry,MACE-POLAR-1-S,0.4200002486115208,-2.302615701702809,-2.7226159503143297,2.7226159503143297,single_atom
BH76RC_3,BH76RC,General Reaction Energies,Thermochemistry,MACE-POLAR-1-S,-103.28007813727544,-166.46585864227217,-63.18578050499673,63.18578050499673,single_atom
BH76RC_4,BH76RC,General Reaction Energies,Thermochemistry,MACE-POLAR-1-S,-52.64003973527342,-45.717584422978014,6.922455312295405,6.922455312295405,single_atom
BH76RC_5,BH76RC,General Reaction Energies,Thermochemistry,MACE-POLAR-1-S,-32.16002432554773,-33.13438807908463,-0.974363753536899,0.974363753536899,single_atom
BH76RC_7,BH76RC,General Reaction Energies,Thermochemistry,MACE-POLAR-1-S,-20.32001555406776,-21.492040569225928,-1.1720250151581695,1.1720250151581695,single_atom
BH76RC_9,BH76RC,General Reaction Energies,Thermochemistry,MACE-POLAR-1-S,3.690002946205579,-67.5038177076379,-71.19382065384347,71.19382065384347,single_atom
RC21_5,RC21,General Reaction Energies,Thermochemistry,MACE-POLAR-1-S,57.93004374809611,137.4393958954217,79.5093521473256,79.5093521473256,single_atom
RC21_9,RC21,General Reaction Energies,Thermochemistry,MACE-POLAR-1-S,49.85003785967208,137.7793753161583,87.92933745648622,87.92933745648622,single_atom
G21IP_1,G21IP,Ionization Potentials,Thermochemistry,MACE-POLAR-1-S,314.90023800463126,234.36802674174783,-80.53221126288344,80.53221126288344,single_atom
G21IP_10,G21IP,Ionization Potentials,Thermochemistry,MACE-POLAR-1-S,175.80566343704274,205.6075519040455,29.801888467002755,29.801888467002755,single_atom
G21IP_11,G21IP,Ionization Potentials,Thermochemistry,MACE-POLAR-1-S,137.8464212006242,137.44919052196195,-0.3972306786622539,0.3972306786622539,single_atom
G21IP_12,G21IP,Ionization Potentials,Thermochemistry,MACE-POLAR-1-S,188.2112534000972,140.33861914157498,-47.872634258522226,47.872634258522226,single_atom
G21IP_13,G21IP,Ionization Potentials,Thermochemistry,MACE-POLAR-1-S,242.8497106347295,180.78268937483756,-62.06702125989193,62.06702125989193,single_atom
G21IP_14,G21IP,Ionization Potentials,Thermochemistry,MACE-POLAR-1-S,238.3966530305196,252.658949158064,14.262296127544403,14.262296127544403,single_atom
G21IP_15,G21IP,Ionization Potentials,Thermochemistry,MACE-POLAR-1-S,299.3854138987464,239.75925028670005,-59.62616361204633,59.62616361204633,single_atom
G21IP_2,G21IP,Ionization Potentials,Thermochemistry,MACE-POLAR-1-S,124.21389271090446,128.9456382697082,4.731745558803752,4.731745558803752,single_atom
G21IP_3,G21IP,Ionization Potentials,Thermochemistry,MACE-POLAR-1-S,214.8551500463352,244.4919474414105,29.63679739507529,29.63679739507529,single_atom
G21IP_4,G21IP,Ionization Potentials,Thermochemistry,MACE-POLAR-1-S,191.49708941674075,112.84273886621295,-78.6543505505278,78.6543505505278,single_atom
G21IP_5,G21IP,Ionization Potentials,Thermochemistry,MACE-POLAR-1-S,259.71308836840933,181.13316097148416,-78.57992739692517,78.57992739692517,single_atom
G21IP_6,G21IP,Ionization Potentials,Thermochemistry,MACE-POLAR-1-S,335.58670465883216,208.1325312851732,-127.45417337365896,127.45417337365896,single_atom
G21IP_7,G21IP,Ionization Potentials,Thermochemistry,MACE-POLAR-1-S,314.02657601669125,257.9350298674943,-56.09154614919697,56.09154614919697,single_atom
G21IP_8,G21IP,Ionization Potentials,Thermochemistry,MACE-POLAR-1-S,402.1511488755327,250.34506213783868,-151.80608673769405,151.80608673769405,single_atom
G21IP_9,G21IP,Ionization Potentials,Thermochemistry,MACE-POLAR-1-S,118.13057490572878,117.35289825926786,-0.7776766464609182,0.7776766464609182,single_atom
IP23_1,IP23,Ionization Potentials,Thermochemistry,MACE-POLAR-1-S,362.9499624783957,201.361394819968,-161.5885676584277,161.5885676584277,single_atom
IP23_20,IP23,Ionization Potentials,Thermochemistry,MACE-POLAR-1-S,496.5627761780404,332.7718852256997,-163.7908909523407,163.7908909523407,single_atom
MB08-165_101,MB08-165,Mindless Molecules (MB08/16),Thermochemistry,MACE-POLAR-1-S,20.452715610056707,-643.7655532857177,-664.2182688957744,664.2182688957744,outlier_gt_100
