Identifier,Dataset,Subset,Source_Datatype,Model,Reference,Prediction,DeltaE,Abs_DeltaE,exclusion_type
BH76_10,BH46,Barrier Heights,Barrier Height,MACE-POLAR-1-M,104.8000792760636,105.47067105588268,0.6705917798190768,0.6705917798190768,single_atom
BH76_13,BH46,Barrier Heights,Barrier Height,MACE-POLAR-1-M,-0.6000007137361577,0.3511712118826843,0.951171925618842,0.951171925618842,single_atom
BH76_17,BH46,Barrier Heights,Barrier Height,MACE-POLAR-1-M,2.5000021372213586,4.041365107689364,1.5413629704680054,1.5413629704680054,single_atom
BH76_21,BH46,Barrier Heights,Barrier Height,MACE-POLAR-1-M,-12.300008984005968,-11.26423479541856,1.0357741885874088,1.0357741885874088,single_atom
BH76_22,BH46,Barrier Heights,Barrier Height,MACE-POLAR-1-M,19.80001476816057,20.715127658161407,0.9151128900008381,0.9151128900008381,single_atom
BH76_3,BH46,Barrier Heights,Barrier Height,MACE-POLAR-1-M,42.100031673542496,57.4353887653495,15.335357091807005,15.335357091807005,single_atom
BH76_31,BH46,Barrier Heights,Barrier Height,MACE-POLAR-1-M,3.200002133234244,11.36512165147564,8.165119518241395,8.165119518241395,single_atom
BH76_39,BH46,Barrier Heights,Barrier Height,MACE-POLAR-1-M,6.100004537109882,10.782722371630316,4.682717834520433,4.682717834520433,single_atom
BH76_40,BH46,Barrier Heights,Barrier Height,MACE-POLAR-1-M,8.000005960595084,8.324667566938972,0.32466160634388785,0.32466160634388785,single_atom
BH76_42,BH46,Barrier Heights,Barrier Height,MACE-POLAR-1-M,21.600016281859567,27.40147153787421,5.801455256014645,5.801455256014645,single_atom
BH76_44,BH46,Barrier Heights,Barrier Height,MACE-POLAR-1-M,15.000011568309205,19.007913182677218,4.007901614368013,4.007901614368013,single_atom
BH76_47,BH46,Barrier Heights,Barrier Height,MACE-POLAR-1-M,9.700007564507882,20.75347885770684,11.053471293198957,11.053471293198957,single_atom
BH76_52,BH46,Barrier Heights,Barrier Height,MACE-POLAR-1-M,6.800005160632242,7.289818902742307,0.4898137421100648,0.4898137421100648,single_atom
BH76_55,BH46,Barrier Heights,Barrier Height,MACE-POLAR-1-M,1.6000010666171218,0.3503781556553226,-1.2496229109617993,1.2496229109617993,single_atom
BH76_56,BH46,Barrier Heights,Barrier Height,MACE-POLAR-1-M,33.80002535607933,36.60352450089256,2.8034991448132303,2.8034991448132303,single_atom
BH76_57,BH46,Barrier Heights,Barrier Height,MACE-POLAR-1-M,14.400010854573043,14.054824275437529,-0.34518657913551465,0.34518657913551465,single_atom
BH76_59,BH46,Barrier Heights,Barrier Height,MACE-POLAR-1-M,2.900002403875639,8.397291759791848,5.497289355916209,5.497289355916209,single_atom
BH76_65,BH46,Barrier Heights,Barrier Height,MACE-POLAR-1-M,10.400007560520766,7.505005917564572,-2.8950016429561947,2.8950016429561947,single_atom
BH76_66,BH46,Barrier Heights,Barrier Height,MACE-POLAR-1-M,9.900007384080284,5.436882292980226,-4.463125091100059,4.463125091100059,single_atom
BH76_7,BH46,Barrier Heights,Barrier Height,MACE-POLAR-1-M,30.50002331305889,33.13662480179432,2.6366014887354297,2.6366014887354297,single_atom
BH76_9,BH46,Barrier Heights,Barrier Height,MACE-POLAR-1-M,1.5000011568309202,9.587493723958994,8.087492567128074,8.087492567128074,single_atom
BH9_817,BH876,Barrier Heights,Barrier Height,MACE-POLAR-1-M,-3.2100002416844418,-1.5956798923326851,1.6143203493517566,1.6143203493517566,single_atom
BH9_819,BH876,Barrier Heights,Barrier Height,MACE-POLAR-1-M,14.280000295168543,15.159001202396498,0.8790009072279545,0.8790009072279545,single_atom
BH9_826,BH876,Barrier Heights,Barrier Height,MACE-POLAR-1-M,4.560000278817111,5.334448428934286,0.7744481501171752,0.7744481501171752,single_atom
ORBH35_CO3_17,ORBH35,Barrier Heights,Barrier Height,MACE-POLAR-1-M,21.755060067691364,16.704023829514032,-5.051036238177332,5.051036238177332,single_atom
ORBH35_CO3_18,ORBH35,Barrier Heights,Barrier Height,MACE-POLAR-1-M,76.69131949350411,82.00412161533389,5.312802121829776,5.312802121829776,single_atom
ORBH35_CO3_19,ORBH35,Barrier Heights,Barrier Height,MACE-POLAR-1-M,62.554614751794006,68.66670640771683,6.112091655922825,6.112091655922825,single_atom
DBH24_1,DBH22,Proton Transfer,Barrier Height,MACE-POLAR-1-M,17.189999552475435,31.04277945667656,13.852779904201125,13.852779904201125,single_atom
DBH24_11,DBH22,Proton Transfer,Barrier Height,MACE-POLAR-1-M,10.649999804872582,11.29908361371197,0.6490838088393875,0.6490838088393875,single_atom
DBH24_12,DBH22,Proton Transfer,Barrier Height,MACE-POLAR-1-M,3.76999973648717,10.36539021645742,6.59539047997025,6.59539047997025,single_atom
DBH24_15,DBH22,Proton Transfer,Barrier Height,MACE-POLAR-1-M,59.32999730442081,58.25477020535262,-1.0752270990681865,1.0752270990681865,single_atom
DBH24_18,DBH22,Proton Transfer,Barrier Height,MACE-POLAR-1-M,17.7699990292354,18.39964826410028,0.6296492348648783,0.6296492348648783,single_atom
DBH24_2,DBH22,Proton Transfer,Barrier Height,MACE-POLAR-1-M,17.59999918259886,32.52001801036253,14.920018827763666,14.920018827763666,single_atom
DBH24_23,DBH22,Proton Transfer,Barrier Height,MACE-POLAR-1-M,12.89999965759054,10.909152850546592,-1.9908468070439476,1.9908468070439476,single_atom
DBH24_7,DBH22,Proton Transfer,Barrier Height,MACE-POLAR-1-M,14.31999963157355,27.25279042477885,12.932790793205301,12.932790793205301,single_atom
DBH24_8,DBH22,Proton Transfer,Barrier Height,MACE-POLAR-1-M,1.830000231615912,6.909801908513234,5.079801676897322,5.079801676897322,single_atom
BDE99_1,BDE99MR,Bond Dissociation Energies,Thermochemistry,MACE-POLAR-1-M,-17.64999913749196,-23.204077469191525,-5.554078331699564,5.554078331699564,single_atom
BDE99_12,BDE99MR,Bond Dissociation Energies,Thermochemistry,MACE-POLAR-1-M,-105.5799957411454,-101.47255605611282,4.107439685032574,4.107439685032574,single_atom
BDE99_3,BDE99MR,Bond Dissociation Energies,Thermochemistry,MACE-POLAR-1-M,-62.66999742882732,-53.41541055224621,9.254586876581115,9.254586876581115,single_atom
BDE99_4,BDE99MR,Bond Dissociation Energies,Thermochemistry,MACE-POLAR-1-M,-60.939997734507074,-53.10229374433344,7.837703990173637,7.837703990173637,single_atom
BDE99_5,BDE99MR,Bond Dissociation Energies,Thermochemistry,MACE-POLAR-1-M,-5.560000004188602,1.0869630309436258,6.646963035132227,6.646963035132227,single_atom
BDE99_55,BDE99MR,Bond Dissociation Energies,Thermochemistry,MACE-POLAR-1-M,-57.7599974657585,-51.656540051205326,6.103457414553176,6.103457414553176,single_atom
BDE99_57,BDE99MR,Bond Dissociation Energies,Thermochemistry,MACE-POLAR-1-M,-85.86999657952926,-88.94249667077929,-3.072500091250035,3.072500091250035,single_atom
BDE99_58,BDE99MR,Bond Dissociation Energies,Thermochemistry,MACE-POLAR-1-M,-26.59999859347069,-14.058867433826745,12.541131159643946,12.541131159643946,single_atom
BDE99_6,BDE99MR,Bond Dissociation Energies,Thermochemistry,MACE-POLAR-1-M,-81.6499966214947,-74.21439911372507,7.435597507769629,7.435597507769629,single_atom
BDE99_7,BDE99MR,Bond Dissociation Energies,Thermochemistry,MACE-POLAR-1-M,-13.89999938296203,-9.047299220998813,4.852700161963217,4.852700161963217,single_atom
BDE99_8,BDE99MR,Bond Dissociation Energies,Thermochemistry,MACE-POLAR-1-M,-36.009998261975426,-36.351781904032094,-0.34178364205666867,0.34178364205666867,single_atom
BDE99_9,BDE99MR,Bond Dissociation Energies,Thermochemistry,MACE-POLAR-1-M,-40.6999984235146,-42.856980969317256,-2.1569825458026557,2.1569825458026557,single_atom
BDE99_97,BDE99MR,Bond Dissociation Energies,Thermochemistry,MACE-POLAR-1-M,-65.97999758029796,-65.2483751488606,0.7316224314373585,0.7316224314373585,single_atom
BDE99_10,BDE99nonMR,Bond Dissociation Energies,Thermochemistry,MACE-POLAR-1-M,-100.7799956788414,-96.64258350653245,4.137412172308956,4.137412172308956,single_atom
BDE99_11,BDE99nonMR,Bond Dissociation Energies,Thermochemistry,MACE-POLAR-1-M,-59.019997584083576,-59.4917238335022,-0.47172624941862296,0.47172624941862296,single_atom
BDE99_13,BDE99nonMR,Bond Dissociation Energies,Thermochemistry,MACE-POLAR-1-M,-51.44999813817338,-53.34385326561242,-1.8938551274390392,1.8938551274390392,single_atom
BDE99_14,BDE99nonMR,Bond Dissociation Energies,Thermochemistry,MACE-POLAR-1-M,-75.13999684682771,-73.84771780503814,1.2922790417895698,1.2922790417895698,single_atom
BDE99_15,BDE99nonMR,Bond Dissociation Energies,Thermochemistry,MACE-POLAR-1-M,-118.09999511403888,-125.10359760399288,-7.003602489954005,7.003602489954005,single_atom
BDE99_16,BDE99nonMR,Bond Dissociation Energies,Thermochemistry,MACE-POLAR-1-M,-42.3599981809845,-40.33176006111488,2.02823811986962,2.02823811986962,single_atom
BDE99_17,BDE99nonMR,Bond Dissociation Energies,Thermochemistry,MACE-POLAR-1-M,-84.76999631686209,-81.99736695715127,2.7726293597108196,2.7726293597108196,single_atom
BDE99_19,BDE99nonMR,Bond Dissociation Energies,Thermochemistry,MACE-POLAR-1-M,-116.8499949866924,-127.91552983875896,-11.065534852066563,11.065534852066563,single_atom
BDE99_20,BDE99nonMR,Bond Dissociation Energies,Thermochemistry,MACE-POLAR-1-M,-215.1099910563931,-218.5777737694698,-3.467782713076673,3.467782713076673,single_atom
BDE99_24,BDE99nonMR,Bond Dissociation Energies,Thermochemistry,MACE-POLAR-1-M,-53.13999786857913,-49.36853046902636,3.771467399552769,3.771467399552769,single_atom
BDE99_25,BDE99nonMR,Bond Dissociation Energies,Thermochemistry,MACE-POLAR-1-M,-122.7899946480686,-121.93409975939448,0.8558948886741149,0.8558948886741149,single_atom
BDE99_28,BDE99nonMR,Bond Dissociation Energies,Thermochemistry,MACE-POLAR-1-M,-43.04999818601876,-42.54353156750822,0.5064666185105438,0.5064666185105438,single_atom
BDE99_30,BDE99nonMR,Bond Dissociation Energies,Thermochemistry,MACE-POLAR-1-M,-173.5299927992505,-172.1735533947609,1.3564394044896062,1.3564394044896062,single_atom
BDE99_34,BDE99nonMR,Bond Dissociation Energies,Thermochemistry,MACE-POLAR-1-M,-161.84999329607052,-159.43207695988568,2.4179163361848452,2.4179163361848452,single_atom
BDE99_35,BDE99nonMR,Bond Dissociation Energies,Thermochemistry,MACE-POLAR-1-M,-124.31999515032588,-128.1070100117009,-3.7870148613750274,3.7870148613750274,single_atom
BDE99_36,BDE99nonMR,Bond Dissociation Energies,Thermochemistry,MACE-POLAR-1-M,-95.23999628411951,-92.7996251957107,2.44037108840881,2.44037108840881,single_atom
BDE99_37,BDE99nonMR,Bond Dissociation Energies,Thermochemistry,MACE-POLAR-1-M,-183.90999222019084,-181.5099525612208,2.40003965897003,2.40003965897003,single_atom
BDE99_38,BDE99nonMR,Bond Dissociation Energies,Thermochemistry,MACE-POLAR-1-M,-19.68999917965889,-15.461385786831988,4.228613392826903,4.228613392826903,single_atom
BDE99_39,BDE99nonMR,Bond Dissociation Energies,Thermochemistry,MACE-POLAR-1-M,-195.19999207520456,-196.87428125605263,-1.6742891808480636,1.6742891808480636,single_atom
BDE99_40,BDE99nonMR,Bond Dissociation Energies,Thermochemistry,MACE-POLAR-1-M,-108.55999556281208,-110.19727653506514,-1.6372809722530661,1.6372809722530661,single_atom
BDE99_41,BDE99nonMR,Bond Dissociation Energies,Thermochemistry,MACE-POLAR-1-M,-130.40999467638136,-128.99045499201276,1.4195396843686012,1.4195396843686012,single_atom
BDE99_43,BDE99nonMR,Bond Dissociation Energies,Thermochemistry,MACE-POLAR-1-M,-42.82999838448911,-40.94045262607257,1.8895457584165385,1.8895457584165385,single_atom
BDE99_45,BDE99nonMR,Bond Dissociation Energies,Thermochemistry,MACE-POLAR-1-M,-35.1899983742191,-33.11426234542946,2.075736028789642,2.075736028789642,single_atom
BDE99_46,BDE99nonMR,Bond Dissociation Energies,Thermochemistry,MACE-POLAR-1-M,-100.0299957279354,-96.1974764416221,3.8325192863132997,3.8325192863132997,single_atom
BDE99_47,BDE99nonMR,Bond Dissociation Energies,Thermochemistry,MACE-POLAR-1-M,-107.66999573820544,-104.0236667222652,3.646329015940239,3.646329015940239,single_atom
BDE99_48,BDE99nonMR,Bond Dissociation Energies,Thermochemistry,MACE-POLAR-1-M,-103.18999601472676,-101.4824985556257,1.707497459101063,1.707497459101063,single_atom
BDE99_50,BDE99nonMR,Bond Dissociation Energies,Thermochemistry,MACE-POLAR-1-M,-22.82999885698352,-19.993940935373672,2.8360579216098465,2.8360579216098465,single_atom
BDE99_51,BDE99nonMR,Bond Dissociation Energies,Thermochemistry,MACE-POLAR-1-M,-132.06999443385126,-140.37526728957846,-8.305272855727196,8.305272855727196,single_atom
BDE99_52,BDE99nonMR,Bond Dissociation Energies,Thermochemistry,MACE-POLAR-1-M,-229.1999902679489,-240.67713339927136,-11.477143131322464,11.477143131322464,single_atom
BDE99_54,BDE99nonMR,Bond Dissociation Energies,Thermochemistry,MACE-POLAR-1-M,-96.17999606361928,-92.93555494713132,3.2444411164879625,3.2444411164879625,single_atom
BDE99_59,BDE99nonMR,Bond Dissociation Energies,Thermochemistry,MACE-POLAR-1-M,-93.55999591718287,-88.23277899281695,5.327216924365928,5.327216924365928,single_atom
BDE99_61,BDE99nonMR,Bond Dissociation Energies,Thermochemistry,MACE-POLAR-1-M,-77.39999669052429,-79.13609779263751,-1.7361011021132242,1.7361011021132242,single_atom
BDE99_62,BDE99nonMR,Bond Dissociation Energies,Thermochemistry,MACE-POLAR-1-M,-60.87999778863536,-60.47226387776826,0.4077339108670941,0.4077339108670941,single_atom
BDE99_63,BDE99nonMR,Bond Dissociation Energies,Thermochemistry,MACE-POLAR-1-M,-68.32999734280212,-68.38322115562656,-0.05322381282444155,0.05322381282444155,single_atom
BDE99_64,BDE99nonMR,Bond Dissociation Energies,Thermochemistry,MACE-POLAR-1-M,-54.70999770724145,-51.34482405339731,3.3651736538441384,3.3651736538441384,single_atom
BDE99_65,BDE99nonMR,Bond Dissociation Energies,Thermochemistry,MACE-POLAR-1-M,-125.76999509724476,-120.50712072886353,5.262874368381233,5.262874368381233,single_atom
BDE99_69,BDE99nonMR,Bond Dissociation Energies,Thermochemistry,MACE-POLAR-1-M,-141.76999384073596,-151.17105735457267,-9.401063513836704,9.401063513836704,single_atom
BDE99_70,BDE99nonMR,Bond Dissociation Energies,Thermochemistry,MACE-POLAR-1-M,-65.46999741287885,-66.77342837183394,-1.30343095895509,1.30343095895509,single_atom
BDE99_71,BDE99nonMR,Bond Dissociation Energies,Thermochemistry,MACE-POLAR-1-M,-115.4299950127094,-111.121760531136,4.308234481573393,4.308234481573393,single_atom
BDE99_72,BDE99nonMR,Bond Dissociation Energies,Thermochemistry,MACE-POLAR-1-M,-99.49999557855908,-98.03954429852266,1.4604512800364233,1.4604512800364233,single_atom
BDE99_76,BDE99nonMR,Bond Dissociation Energies,Thermochemistry,MACE-POLAR-1-M,-127.80999451190225,-131.6348547863998,-3.824860274497567,3.824860274497567,single_atom
BDE99_79,BDE99nonMR,Bond Dissociation Energies,Thermochemistry,MACE-POLAR-1-M,-86.14999632693062,-80.12518328050612,6.024813046424498,6.024813046424498,single_atom
BDE99_80,BDE99nonMR,Bond Dissociation Energies,Thermochemistry,MACE-POLAR-1-M,-40.55999854981392,-38.29544982364988,2.264548726164037,2.264548726164037,single_atom
BDE99_81,BDE99nonMR,Bond Dissociation Energies,Thermochemistry,MACE-POLAR-1-M,-169.18999294947247,-171.88217023795588,-2.692177288483407,2.692177288483407,single_atom
BDE99_82,BDE99nonMR,Bond Dissociation Energies,Thermochemistry,MACE-POLAR-1-M,-132.30999421733813,-141.86919800937568,-9.55920379203755,9.55920379203755,single_atom
BDE99_84,BDE99nonMR,Bond Dissociation Energies,Thermochemistry,MACE-POLAR-1-M,-139.3599941323601,-141.77631296497535,-2.4163188326152465,2.4163188326152465,single_atom
BDE99_86,BDE99nonMR,Bond Dissociation Energies,Thermochemistry,MACE-POLAR-1-M,-115.08999531943633,-118.16499731333634,-3.075001993900017,3.075001993900017,single_atom
BDE99_87,BDE99nonMR,Bond Dissociation Energies,Thermochemistry,MACE-POLAR-1-M,-112.54999510082892,-109.82822302068809,2.7217720801408376,2.7217720801408376,single_atom
BDE99_88,BDE99nonMR,Bond Dissociation Energies,Thermochemistry,MACE-POLAR-1-M,-117.12999536160324,-112.54905404601344,4.580941315589797,4.580941315589797,single_atom
BDE99_89,BDE99nonMR,Bond Dissociation Energies,Thermochemistry,MACE-POLAR-1-M,-106.51999552064515,-108.16395389055302,-1.643958369907864,1.643958369907864,single_atom
BDE99_90,BDE99nonMR,Bond Dissociation Energies,Thermochemistry,MACE-POLAR-1-M,-126.05999483562476,-129.09221168797316,-3.032216852348398,3.032216852348398,single_atom
BDE99_91,BDE99nonMR,Bond Dissociation Energies,Thermochemistry,MACE-POLAR-1-M,-104.09999582129066,-117.05437270783663,-12.954376886545973,12.954376886545973,single_atom
BDE99_93,BDE99nonMR,Bond Dissociation Energies,Thermochemistry,MACE-POLAR-1-M,-104.52999543337133,-100.78894994720407,3.741045486167252,3.741045486167252,single_atom
BDE99_94,BDE99nonMR,Bond Dissociation Energies,Thermochemistry,MACE-POLAR-1-M,-82.31999664457172,-81.51870102488296,0.8012956196887586,0.8012956196887586,single_atom
BDE99_95,BDE99nonMR,Bond Dissociation Energies,Thermochemistry,MACE-POLAR-1-M,-86.31999617356716,-81.83542329750814,4.484572876059019,4.484572876059019,single_atom
BDE99_96,BDE99nonMR,Bond Dissociation Energies,Thermochemistry,MACE-POLAR-1-M,-134.1599944309113,-131.34500139658255,2.814993034328751,2.814993034328751,single_atom
HAT707_10,HAT707MR,Bond Dissociation Energies,Thermochemistry,MACE-POLAR-1-M,100.9399958273404,96.1038763057286,-4.836119521611792,4.836119521611792,single_atom
HAT707_103,HAT707MR,Bond Dissociation Energies,Thermochemistry,MACE-POLAR-1-M,-111.77999516796568,-116.87315665690018,-5.0931614889344985,5.0931614889344985,single_atom
HAT707_108,HAT707MR,Bond Dissociation Energies,Thermochemistry,MACE-POLAR-1-M,21.74999920378307,21.581818163607625,-0.168181040175444,0.168181040175444,single_atom
HAT707_109,HAT707MR,Bond Dissociation Energies,Thermochemistry,MACE-POLAR-1-M,23.61999877180399,25.085539112690377,1.4655403408863883,1.4655403408863883,single_atom
HAT707_11,HAT707MR,Bond Dissociation Energies,Thermochemistry,MACE-POLAR-1-M,52.46999784550211,47.98223777505857,-4.487760070443535,4.487760070443535,single_atom
HAT707_117,HAT707MR,Bond Dissociation Energies,Thermochemistry,MACE-POLAR-1-M,17.539999236727137,21.051156224994852,3.5111569882677145,3.5111569882677145,single_atom
HAT707_119,HAT707MR,Bond Dissociation Energies,Thermochemistry,MACE-POLAR-1-M,115.06999533747909,115.6283521709832,0.5583568335041207,0.5583568335041207,single_atom
HAT707_120,HAT707MR,Bond Dissociation Energies,Thermochemistry,MACE-POLAR-1-M,201.13999168527053,205.56129515208497,4.421303466814436,4.421303466814436,single_atom
HAT707_121,HAT707MR,Bond Dissociation Energies,Thermochemistry,MACE-POLAR-1-M,178.0799926385257,185.90839165195925,7.82839901343354,7.82839901343354,single_atom
HAT707_122,HAT707MR,Bond Dissociation Energies,Thermochemistry,MACE-POLAR-1-M,118.81999508821634,129.78513041916543,10.965135330949082,10.965135330949082,single_atom
HAT707_123,HAT707MR,Bond Dissociation Energies,Thermochemistry,MACE-POLAR-1-M,197.04999185434352,206.7073802133909,9.657388359047388,9.657388359047388,single_atom
HAT707_124,HAT707MR,Bond Dissociation Energies,Thermochemistry,MACE-POLAR-1-M,218.0199909874852,220.10778892496285,2.08779793747766,2.08779793747766,single_atom
HAT707_125,HAT707MR,Bond Dissociation Energies,Thermochemistry,MACE-POLAR-1-M,92.01999605145645,95.9754486708365,3.955452619380054,3.955452619380054,single_atom
HAT707_126,HAT707MR,Bond Dissociation Energies,Thermochemistry,MACE-POLAR-1-M,204.98999152611952,204.96094220237603,-0.029049323743493005,0.029049323743493005,single_atom
HAT707_129,HAT707MR,Bond Dissociation Energies,Thermochemistry,MACE-POLAR-1-M,79.64999670742696,83.81704609231878,4.167049384891811,4.167049384891811,single_atom
HAT707_130,HAT707MR,Bond Dissociation Energies,Thermochemistry,MACE-POLAR-1-M,206.64999145749803,205.1074072178493,-1.5425842396487326,1.5425842396487326,single_atom
HAT707_16,HAT707MR,Bond Dissociation Energies,Thermochemistry,MACE-POLAR-1-M,88.55999633910517,83.9454737271899,-4.6145226119152625,4.6145226119152625,single_atom
HAT707_161,HAT707MR,Bond Dissociation Energies,Thermochemistry,MACE-POLAR-1-M,233.119990363281,246.06392333186804,12.943932968587035,12.943932968587035,single_atom
HAT707_17,HAT707MR,Bond Dissociation Energies,Thermochemistry,MACE-POLAR-1-M,54.129997602972,48.1287027905004,-6.001294812471599,6.001294812471599,single_atom
HAT707_176,HAT707MR,Bond Dissociation Energies,Thermochemistry,MACE-POLAR-1-M,-27.29999858948358,-29.86723119950826,-2.567232610024682,2.567232610024682,single_atom
HAT707_181,HAT707MR,Bond Dissociation Energies,Thermochemistry,MACE-POLAR-1-M,106.22999578226516,108.58774362099956,2.3577478387343973,2.3577478387343973,single_atom
HAT707_182,HAT707MR,Bond Dissociation Energies,Thermochemistry,MACE-POLAR-1-M,108.09999553136022,112.0914645700823,3.991469038722073,3.991469038722073,single_atom
HAT707_188,HAT707MR,Bond Dissociation Energies,Thermochemistry,MACE-POLAR-1-M,94.15999610761192,106.35359115222158,12.193595044609665,12.193595044609665,single_atom
HAT707_189,HAT707MR,Bond Dissociation Energies,Thermochemistry,MACE-POLAR-1-M,71.09999706086647,86.70068765209585,15.60069059122938,15.60069059122938,single_atom
HAT707_190,HAT707MR,Bond Dissociation Energies,Thermochemistry,MACE-POLAR-1-M,90.06999627668488,107.49967621354848,17.429679936863607,17.429679936863607,single_atom
HAT707_191,HAT707MR,Bond Dissociation Energies,Thermochemistry,MACE-POLAR-1-M,111.03999540982656,120.90008492512042,9.860089515293865,9.860089515293865,single_atom
HAT707_192,HAT707MR,Bond Dissociation Energies,Thermochemistry,MACE-POLAR-1-M,98.0099959484609,105.75323820251263,7.7432422540517365,7.7432422540517365,single_atom
HAT707_196,HAT707MR,Bond Dissociation Energies,Thermochemistry,MACE-POLAR-1-M,99.6699958798394,105.89970321797544,6.229707338136038,6.229707338136038,single_atom
HAT707_2,HAT707MR,Bond Dissociation Energies,Thermochemistry,MACE-POLAR-1-M,123.98999487449908,115.75677980583336,-8.233215068665714,8.233215068665714,single_atom
HAT707_221,HAT707MR,Bond Dissociation Energies,Thermochemistry,MACE-POLAR-1-M,-145.50999423179678,-150.4725923647072,-4.962598132910415,4.962598132910415,single_atom
HAT707_236,HAT707MR,Bond Dissociation Energies,Thermochemistry,MACE-POLAR-1-M,94.97999607371467,109.25854671461558,14.278550640900903,14.278550640900903,single_atom
HAT707_237,HAT707MR,Bond Dissociation Energies,Thermochemistry,MACE-POLAR-1-M,126.13999478562236,146.85621933199417,20.716224546371805,20.716224546371805,single_atom
HAT707_260,HAT707MR,Bond Dissociation Energies,Thermochemistry,MACE-POLAR-1-M,38.35999865198906,50.03991305438776,11.679914402398701,11.679914402398701,single_atom
HAT707_261,HAT707MR,Bond Dissociation Energies,Thermochemistry,MACE-POLAR-1-M,-62.009997396728906,-63.14961376549088,-1.1396163687619705,1.1396163687619705,single_atom
HAT707_262,HAT707MR,Bond Dissociation Energies,Thermochemistry,MACE-POLAR-1-M,35.42999878521545,31.811306078648705,-3.6186927065667476,3.6186927065667476,single_atom
HAT707_263,HAT707MR,Bond Dissociation Energies,Thermochemistry,MACE-POLAR-1-M,62.22999719825855,65.62098782695666,3.3909906286981126,3.3909906286981126,single_atom
HAT707_264,HAT707MR,Bond Dissociation Energies,Thermochemistry,MACE-POLAR-1-M,39.17999853974538,45.968084326830926,6.788085787085549,6.788085787085549,single_atom
HAT707_265,HAT707MR,Bond Dissociation Energies,Thermochemistry,MACE-POLAR-1-M,58.14999774143416,66.76707288830454,8.617075146870377,8.617075146870377,single_atom
HAT707_266,HAT707MR,Bond Dissociation Energies,Thermochemistry,MACE-POLAR-1-M,29.439998541436715,29.64144476125732,0.2014462198206033,0.2014462198206033,single_atom
HAT707_267,HAT707MR,Bond Dissociation Energies,Thermochemistry,MACE-POLAR-1-M,79.11999672933624,80.16748159991842,1.0474848705821813,1.0474848705821813,single_atom
HAT707_268,HAT707MR,Bond Dissociation Energies,Thermochemistry,MACE-POLAR-1-M,12.369999508214198,12.158402578543946,-0.211596929670252,0.211596929670252,single_atom
HAT707_269,HAT707MR,Bond Dissociation Energies,Thermochemistry,MACE-POLAR-1-M,66.08999726796996,65.02063487728967,-1.069362390680297,1.069362390680297,single_atom
HAT707_273,HAT707MR,Bond Dissociation Energies,Thermochemistry,MACE-POLAR-1-M,67.7499971993491,65.167099892721,-2.582897306628098,2.582897306628098,single_atom
HAT707_296,HAT707MR,Bond Dissociation Energies,Thermochemistry,MACE-POLAR-1-M,-67.12999717034874,-69.36156300518131,-2.2315658348325655,2.2315658348325655,single_atom
HAT707_297,HAT707MR,Bond Dissociation Energies,Thermochemistry,MACE-POLAR-1-M,-71.2499972185971,-73.09162646386069,-1.84162924526359,1.84162924526359,single_atom
HAT707_3,HAT707MR,Bond Dissociation Energies,Thermochemistry,MACE-POLAR-1-M,48.619998181185984,48.58259072472557,-0.03740745646041432,0.03740745646041432,single_atom
HAT707_315,HAT707MR,Bond Dissociation Energies,Thermochemistry,MACE-POLAR-1-M,-110.70999550574386,-119.44544516595089,-8.735449660207024,8.735449660207024,single_atom
HAT707_316,HAT707MR,Bond Dissociation Energies,Thermochemistry,MACE-POLAR-1-M,63.05999739322439,68.52594338937163,5.465945996147241,5.465945996147241,single_atom
HAT707_317,HAT707MR,Bond Dissociation Energies,Thermochemistry,MACE-POLAR-1-M,94.21999610513204,106.12361600673974,11.903619901607698,11.903619901607698,single_atom
HAT707_325,HAT707MR,Bond Dissociation Energies,Thermochemistry,MACE-POLAR-1-M,-74.7399972076829,-76.6194712385596,-1.8794740308766933,1.8794740308766933,single_atom
HAT707_330,HAT707MR,Bond Dissociation Energies,Thermochemistry,MACE-POLAR-1-M,-79.2299969221402,-86.85381446153545,-7.623817539395247,7.623817539395247,single_atom
HAT707_334,HAT707MR,Bond Dissociation Energies,Thermochemistry,MACE-POLAR-1-M,-72.98999690389596,-74.07682814013293,-1.086831236236975,1.086831236236975,single_atom
HAT707_336,HAT707MR,Bond Dissociation Energies,Thermochemistry,MACE-POLAR-1-M,-89.62999632503781,-91.21901695787744,-1.5890206328396346,1.5890206328396346,single_atom
HAT707_339,HAT707MR,Bond Dissociation Energies,Thermochemistry,MACE-POLAR-1-M,-79.64999654324225,-83.81704609230829,-4.167049549066036,4.167049549066036,single_atom
HAT707_341,HAT707MR,Bond Dissociation Energies,Thermochemistry,MACE-POLAR-1-M,-129.43999492394573,-147.02354089784575,-17.583545973900016,17.583545973900016,single_atom
HAT707_346,HAT707MR,Bond Dissociation Energies,Thermochemistry,MACE-POLAR-1-M,-73.04999684976768,-78.93907381969747,-5.889076969929789,5.889076969929789,single_atom
HAT707_349,HAT707MR,Bond Dissociation Energies,Thermochemistry,MACE-POLAR-1-M,60.47999752198108,59.5159010007684,-0.9640965212126815,0.9640965212126815,single_atom
HAT707_350,HAT707MR,Bond Dissociation Energies,Thermochemistry,MACE-POLAR-1-M,62.34999771751146,63.01962194985114,0.6696242323396859,0.6696242323396859,single_atom
HAT707_354,HAT707MR,Bond Dissociation Energies,Thermochemistry,MACE-POLAR-1-M,-9.71999938884196,-11.892460093444129,-2.1724607046021696,2.1724607046021696,single_atom
HAT707_355,HAT707MR,Bond Dissociation Energies,Thermochemistry,MACE-POLAR-1-M,14.029999265684092,12.304867593964802,-1.7251316717192893,1.7251316717192893,single_atom
HAT707_358,HAT707MR,Bond Dissociation Energies,Thermochemistry,MACE-POLAR-1-M,21.38999890104327,19.5064384846839,-1.8835604163593693,1.8835604163593693,single_atom
HAT707_359,HAT707MR,Bond Dissociation Energies,Thermochemistry,MACE-POLAR-1-M,-5.510000049295501,0.4538879342461441,5.963887983541645,5.963887983541645,single_atom
HAT707_360,HAT707MR,Bond Dissociation Energies,Thermochemistry,MACE-POLAR-1-M,-28.569998698787284,-19.199015565879588,9.370983132907696,9.370983132907696,single_atom
HAT707_361,HAT707MR,Bond Dissociation Energies,Thermochemistry,MACE-POLAR-1-M,25.1399986555732,33.66321673287661,8.523218077303412,8.523218077303412,single_atom
HAT707_362,HAT707MR,Bond Dissociation Energies,Thermochemistry,MACE-POLAR-1-M,-9.599999497098516,1.5999729955730475,11.199972492671563,11.199972492671563,single_atom
HAT707_363,HAT707MR,Bond Dissociation Energies,Thermochemistry,MACE-POLAR-1-M,55.49999762206192,67.68168986433095,12.18169224226903,12.18169224226903,single_atom
HAT707_364,HAT707MR,Bond Dissociation Energies,Thermochemistry,MACE-POLAR-1-M,26.78999904957395,30.55606173727324,3.7660626876992893,3.7660626876992893,single_atom
HAT707_365,HAT707MR,Bond Dissociation Energies,Thermochemistry,MACE-POLAR-1-M,11.369999782842708,15.000381707144989,3.630381924302281,3.630381924302281,single_atom
HAT707_366,HAT707MR,Bond Dissociation Energies,Thermochemistry,MACE-POLAR-1-M,-1.6599997574698946,-0.1464650154208569,1.5135347420490377,1.5135347420490377,single_atom
HAT707_367,HAT707MR,Bond Dissociation Energies,Thermochemistry,MACE-POLAR-1-M,-5.649999922996183,-2.4562624863904223,3.1937374366057605,3.1937374366057605,single_atom
HAT707_368,HAT707MR,Bond Dissociation Energies,Thermochemistry,MACE-POLAR-1-M,36.05999821686853,37.48830121892256,1.4283030020540295,1.4283030020540295,single_atom
HAT707_370,HAT707MR,Bond Dissociation Energies,Thermochemistry,MACE-POLAR-1-M,-12.369999508214198,-10.977843117470156,1.3921563907440415,1.3921563907440415,single_atom
HAT707_371,HAT707MR,Bond Dissociation Energies,Thermochemistry,MACE-POLAR-1-M,-14.029999265684092,-12.304867593970046,1.7251316717140455,1.7251316717140455,single_atom
HAT707_372,HAT707MR,Bond Dissociation Energies,Thermochemistry,MACE-POLAR-1-M,-22.059998924120293,-18.832334257213645,3.227664666906648,3.227664666906648,single_atom
HAT707_373,HAT707MR,Bond Dissociation Energies,Thermochemistry,MACE-POLAR-1-M,10.709999750744302,14.683623486730598,3.973623735986296,3.973623735986296,single_atom
HAT707_374,HAT707MR,Bond Dissociation Energies,Thermochemistry,MACE-POLAR-1-M,-53.6799980089341,-51.46117074531758,2.218827263616518,2.218827263616518,single_atom
HAT707_376,HAT707MR,Bond Dissociation Energies,Thermochemistry,MACE-POLAR-1-M,-68.23999742399454,-67.926197652869,0.3137997711255309,0.3137997711255309,single_atom
HAT707_377,HAT707MR,Bond Dissociation Energies,Thermochemistry,MACE-POLAR-1-M,-99.66999605270507,-105.8997032179702,-6.2297071652651255,6.2297071652651255,single_atom
HAT707_378,HAT707MR,Bond Dissociation Energies,Thermochemistry,MACE-POLAR-1-M,2.5299996001193223,3.8850887363128206,1.3550891361934982,1.3550891361934982,single_atom
HAT707_379,HAT707MR,Bond Dissociation Energies,Thermochemistry,MACE-POLAR-1-M,-34.35999849548415,-32.84346908407832,1.516529411405827,1.516529411405827,single_atom
HAT707_380,HAT707MR,Bond Dissociation Energies,Thermochemistry,MACE-POLAR-1-M,-40.009998418480336,-36.67192627950734,3.338072138972997,3.338072138972997,single_atom
HAT707_382,HAT707MR,Bond Dissociation Energies,Thermochemistry,MACE-POLAR-1-M,-78.65999680884937,-76.23847538516762,2.421521423681753,2.421521423681753,single_atom
HAT707_383,HAT707MR,Bond Dissociation Energies,Thermochemistry,MACE-POLAR-1-M,-126.34999457400474,-121.6067434749191,4.74325109908564,4.74325109908564,single_atom
HAT707_385,HAT707MR,Bond Dissociation Energies,Thermochemistry,MACE-POLAR-1-M,-120.44999487654304,-117.1581698469154,3.2918250296276454,3.2918250296276454,single_atom
HAT707_387,HAT707MR,Bond Dissociation Energies,Thermochemistry,MACE-POLAR-1-M,-125.94999493485992,-122.66798456267522,3.2820103721847005,3.2820103721847005,single_atom
HAT707_390,HAT707MR,Bond Dissociation Energies,Thermochemistry,MACE-POLAR-1-M,-60.6899973325321,-58.45825520580261,2.2317421267294932,2.2317421267294932,single_atom
HAT707_391,HAT707MR,Bond Dissociation Energies,Thermochemistry,MACE-POLAR-1-M,-108.77999536434172,-104.4166934120402,4.363301952301512,4.363301952301512,single_atom
HAT707_392,HAT707MR,Bond Dissociation Energies,Thermochemistry,MACE-POLAR-1-M,-194.1399917764519,-190.6519241306856,3.488067645766307,3.488067645766307,single_atom
HAT707_394,HAT707MR,Bond Dissociation Energies,Thermochemistry,MACE-POLAR-1-M,-130.83999428846204,-126.4945690133701,4.345425275091941,4.345425275091941,single_atom
HAT707_396,HAT707MR,Bond Dissociation Energies,Thermochemistry,MACE-POLAR-1-M,-142.12999414347578,-141.85889770821242,0.2710964352633596,0.2710964352633596,single_atom
HAT707_398,HAT707MR,Bond Dissociation Energies,Thermochemistry,MACE-POLAR-1-M,-110.44999574029973,-109.3048836783461,1.1451120619536255,1.1451120619536255,single_atom
HAT707_4,HAT707MR,Bond Dissociation Energies,Thermochemistry,MACE-POLAR-1-M,25.559998904184724,28.92968722462081,3.3696883204360866,3.3696883204360866,single_atom
HAT707_400,HAT707MR,Bond Dissociation Energies,Thermochemistry,MACE-POLAR-1-M,-77.33999674465257,-73.9750714441673,3.364925300485268,3.364925300485268,single_atom
HAT707_404,HAT707MR,Bond Dissociation Energies,Thermochemistry,MACE-POLAR-1-M,-139.979994200544,-136.74717340311958,3.232820797424438,3.232820797424438,single_atom
HAT707_406,HAT707MR,Bond Dissociation Energies,Thermochemistry,MACE-POLAR-1-M,-206.6499911583668,-205.1074072178336,1.5425839405331772,1.5425839405331772,single_atom
HAT707_411,HAT707MR,Bond Dissociation Energies,Thermochemistry,MACE-POLAR-1-M,-4.689999534029699,3.358843496661121,8.04884303069082,8.04884303069082,single_atom
HAT707_412,HAT707MR,Bond Dissociation Energies,Thermochemistry,MACE-POLAR-1-M,26.46999871074863,40.956516114018726,14.486517403270096,14.486517403270096,single_atom
HAT707_413,HAT707MR,Bond Dissociation Energies,Thermochemistry,MACE-POLAR-1-M,16.959999132457696,18.90650412826549,1.9465049958077927,1.9465049958077927,single_atom
HAT707_414,HAT707MR,Bond Dissociation Energies,Thermochemistry,MACE-POLAR-1-M,-70.40999734888354,-65.93339319506379,4.47660415381975,4.47660415381975,single_atom
HAT707_432,HAT707MR,Bond Dissociation Energies,Thermochemistry,MACE-POLAR-1-M,-51.44999813817338,-45.77356639937958,5.676431738793795,5.676431738793795,single_atom
HAT707_433,HAT707MR,Bond Dissociation Energies,Thermochemistry,MACE-POLAR-1-M,-33.24999886934784,-26.820039749683644,6.429959119664197,6.429959119664197,single_atom
HAT707_434,HAT707MR,Bond Dissociation Energies,Thermochemistry,MACE-POLAR-1-M,-81.07999650820388,-76.3296178487161,4.7503786594877795,4.7503786594877795,single_atom
HAT707_435,HAT707MR,Bond Dissociation Energies,Thermochemistry,MACE-POLAR-1-M,-73.38999717055023,-69.74889260180974,3.641104568740488,3.641104568740488,single_atom
HAT707_438,HAT707MR,Bond Dissociation Energies,Thermochemistry,MACE-POLAR-1-M,-67.74999723853267,-65.16709989271575,2.5828973458169173,2.5828973458169173,single_atom
HAT707_439,HAT707MR,Bond Dissociation Energies,Thermochemistry,MACE-POLAR-1-M,115.05999524364726,126.24322534085788,11.183230097210611,11.183230097210611,single_atom
HAT707_440,HAT707MR,Bond Dissociation Energies,Thermochemistry,MACE-POLAR-1-M,67.87999719397493,70.20278053603491,2.322783342059978,2.322783342059978,single_atom
HAT707_441,HAT707MR,Bond Dissociation Energies,Thermochemistry,MACE-POLAR-1-M,44.81999784425348,50.54987703595113,5.729879191697648,5.729879191697648,single_atom
HAT707_442,HAT707MR,Bond Dissociation Energies,Thermochemistry,MACE-POLAR-1-M,63.78999736304788,71.3488655973828,7.558868234334916,7.558868234334916,single_atom
HAT707_443,HAT707MR,Bond Dissociation Energies,Thermochemistry,MACE-POLAR-1-M,84.75999649618954,84.74927430895472,-0.010722187234819103,0.010722187234819103,single_atom
HAT707_444,HAT707MR,Bond Dissociation Energies,Thermochemistry,MACE-POLAR-1-M,71.72999678557086,69.60242758636791,-2.127569199202952,2.127569199202952,single_atom
HAT707_448,HAT707MR,Bond Dissociation Energies,Thermochemistry,MACE-POLAR-1-M,73.38999696620303,69.74889260180974,-3.6411043643932857,3.6411043643932857,single_atom
HAT707_45,HAT707MR,Bond Dissociation Energies,Thermochemistry,MACE-POLAR-1-M,-242.63999006589444,-250.7744584744072,-8.13446840851276,8.13446840851276,single_atom
HAT707_469,HAT707MR,Bond Dissociation Energies,Thermochemistry,MACE-POLAR-1-M,-154.63999352539065,-155.64823500095827,-1.0082414755676155,1.0082414755676155,single_atom
HAT707_484,HAT707MR,Bond Dissociation Energies,Thermochemistry,MACE-POLAR-1-M,68.69999716007831,73.10773609844989,4.40773893837158,4.40773893837158,single_atom
HAT707_485,HAT707MR,Bond Dissociation Energies,Thermochemistry,MACE-POLAR-1-M,99.85999588129889,110.70540871584944,10.845412834550558,10.845412834550558,single_atom
HAT707_5,HAT707MR,Bond Dissociation Energies,Thermochemistry,MACE-POLAR-1-M,127.73999457505188,129.91355805403657,2.17356347898469,2.17356347898469,single_atom
HAT707_501,HAT707MR,Bond Dissociation Energies,Thermochemistry,MACE-POLAR-1-M,-95.25999626607674,-98.20932274201336,-2.9493264759366156,2.9493264759366156,single_atom
HAT707_505,HAT707MR,Bond Dissociation Energies,Thermochemistry,MACE-POLAR-1-M,38.269998105672,40.2456520785364,1.9756539728644,1.9756539728644,single_atom
HAT707_506,HAT707MR,Bond Dissociation Energies,Thermochemistry,MACE-POLAR-1-M,40.13999830120239,43.74937302761915,3.6093747264167604,3.6093747264167604,single_atom
HAT707_509,HAT707MR,Bond Dissociation Energies,Thermochemistry,MACE-POLAR-1-M,45.149998174057416,43.70376617215575,-1.446232001901663,1.446232001901663,single_atom
HAT707_510,HAT707MR,Bond Dissociation Energies,Thermochemistry,MACE-POLAR-1-M,6.859999458918696,11.431731051737271,4.571731592818575,4.571731592818575,single_atom
HAT707_511,HAT707MR,Bond Dissociation Energies,Thermochemistry,MACE-POLAR-1-M,-16.199999190573088,-8.221172448430407,7.978826742142681,7.978826742142681,single_atom
HAT707_512,HAT707MR,Bond Dissociation Energies,Thermochemistry,MACE-POLAR-1-M,48.89999792858734,57.86054442030652,8.960546491719178,8.960546491719178,single_atom
HAT707_513,HAT707MR,Bond Dissociation Energies,Thermochemistry,MACE-POLAR-1-M,2.7700000111156804,12.57781611308515,9.80781610196947,9.80781610196947,single_atom
HAT707_514,HAT707MR,Bond Dissociation Energies,Thermochemistry,MACE-POLAR-1-M,52.44999786354487,63.1038529517148,10.653855088169927,10.653855088169927,single_atom
HAT707_515,HAT707MR,Bond Dissociation Energies,Thermochemistry,MACE-POLAR-1-M,23.739999291056904,25.9782248245732,2.238225533516296,2.238225533516296,single_atom
HAT707_516,HAT707MR,Bond Dissociation Energies,Thermochemistry,MACE-POLAR-1-M,22.089998897056155,24.0508626719671,1.960863774910944,1.960863774910944,single_atom
HAT707_517,HAT707MR,Bond Dissociation Energies,Thermochemistry,MACE-POLAR-1-M,10.709999750744302,10.831378101986378,0.12137835124207541,0.12137835124207541,single_atom
HAT707_521,HAT707MR,Bond Dissociation Energies,Thermochemistry,MACE-POLAR-1-M,9.71999938884196,11.892460093438885,2.1724607045969258,2.1724607045969258,single_atom
HAT707_546,HAT707MR,Bond Dissociation Energies,Thermochemistry,MACE-POLAR-1-M,7.679999974184497,14.336686614068356,6.6566866398838584,6.6566866398838584,single_atom
HAT707_547,HAT707MR,Bond Dissociation Energies,Thermochemistry,MACE-POLAR-1-M,38.839998218962826,51.93435923146791,13.094361012505082,13.094361012505082,single_atom
HAT707_580,HAT707MR,Bond Dissociation Energies,Thermochemistry,MACE-POLAR-1-M,-1.6299997845340342,-1.6715302822330529,-0.04153049769901873,0.04153049769901873,single_atom
HAT707_581,HAT707MR,Bond Dissociation Energies,Thermochemistry,MACE-POLAR-1-M,15.2499994200947,13.367837607781086,-1.8821618123136137,1.8821618123136137,single_atom
HAT707_6,HAT707MR,Bond Dissociation Energies,Thermochemistry,MACE-POLAR-1-M,44.529998105873496,49.728675786073445,5.19867768019995,5.19867768019995,single_atom
HAT707_666,HAT707MR,Bond Dissociation Energies,Thermochemistry,MACE-POLAR-1-M,16.199999190573088,8.22117244845138,-7.978826742121708,7.978826742121708,single_atom
HAT707_667,HAT707MR,Bond Dissociation Energies,Thermochemistry,MACE-POLAR-1-M,-12.369999508214198,-12.158402578528216,0.21159692968598165,0.21159692968598165,single_atom
HAT707_668,HAT707MR,Bond Dissociation Energies,Thermochemistry,MACE-POLAR-1-M,28.569998698787284,19.199015565879588,-9.370983132907696,9.370983132907696,single_atom
HAT707_673,HAT707MR,Bond Dissociation Energies,Thermochemistry,MACE-POLAR-1-M,-71.0999973539178,-86.70068765209061,-15.600690298172808,15.600690298172808,single_atom
HAT707_688,HAT707MR,Bond Dissociation Energies,Thermochemistry,MACE-POLAR-1-M,-111.40999550175673,-117.54815783721902,-6.138162335462297,6.138162335462297,single_atom
HAT707_689,HAT707MR,Bond Dissociation Energies,Thermochemistry,MACE-POLAR-1-M,-178.07999245957947,-185.90839165197497,-7.828399192395494,7.828399192395494,single_atom
HAT707_690,HAT707MR,Bond Dissociation Energies,Thermochemistry,MACE-POLAR-1-M,-123.07999501395804,-131.60384774445288,-8.523852730494838,8.523852730494838,single_atom
HAT707_698,HAT707MR,Bond Dissociation Energies,Thermochemistry,MACE-POLAR-1-M,-101.99999583325202,-103.37741953637942,-1.3774237031274055,1.3774237031274055,single_atom
HAT707_699,HAT707MR,Bond Dissociation Energies,Thermochemistry,MACE-POLAR-1-M,-92.01999605145645,-95.97544867083126,-3.9554526193748103,3.9554526193748103,single_atom
HAT707_7,HAT707MR,Bond Dissociation Energies,Thermochemistry,MACE-POLAR-1-M,100.19999585793012,105.9380103606378,5.738014502707685,5.738014502707685,single_atom
HAT707_700,HAT707MR,Bond Dissociation Energies,Thermochemistry,MACE-POLAR-1-M,-141.80999443215993,-159.18194347636873,-17.371949044208804,17.371949044208804,single_atom
HAT707_704,HAT707MR,Bond Dissociation Energies,Thermochemistry,MACE-POLAR-1-M,-44.81999784425348,-50.54987703588821,-5.72987919163473,5.72987919163473,single_atom
HAT707_705,HAT707MR,Bond Dissociation Energies,Thermochemistry,MACE-POLAR-1-M,-22.089998897056155,-24.05086267203002,-1.9608637749738662,1.9608637749738662,single_atom
HAT707_706,HAT707MR,Bond Dissociation Energies,Thermochemistry,MACE-POLAR-1-M,1.6599997574698946,0.1464650154418304,-1.5135347420280643,1.5135347420280643,single_atom
HAT707_707,HAT707MR,Bond Dissociation Energies,Thermochemistry,MACE-POLAR-1-M,-39.17999853974538,-45.968084326857145,-6.788085787111768,6.788085787111768,single_atom
HAT707_71,HAT707MR,Bond Dissociation Energies,Thermochemistry,MACE-POLAR-1-M,49.43999806894231,51.48754628714055,2.0475482181982443,2.0475482181982443,single_atom
HAT707_72,HAT707MR,Bond Dissociation Energies,Thermochemistry,MACE-POLAR-1-M,80.59999666815555,89.08521890451912,8.485222236363569,8.485222236363569,single_atom
HAT707_8,HAT707MR,Bond Dissociation Energies,Thermochemistry,MACE-POLAR-1-M,71.48999704474521,68.81238223358008,-2.677614811165128,2.677614811165128,single_atom
HAT707_9,HAT707MR,Bond Dissociation Energies,Thermochemistry,MACE-POLAR-1-M,65.49999738581472,63.12908449764539,-2.370912888169336,2.370912888169336,single_atom
HAT707_1,HAT707nonMR,Bond Dissociation Energies,Thermochemistry,MACE-POLAR-1-M,26.54999863857759,20.79585996170427,-5.754138676873321,5.754138676873321,single_atom
HAT707_100,HAT707nonMR,Bond Dissociation Energies,Thermochemistry,MACE-POLAR-1-M,5.409999511999825,5.311492287543335,-0.09850722445648952,0.09850722445648952,single_atom
HAT707_101,HAT707nonMR,Bond Dissociation Energies,Thermochemistry,MACE-POLAR-1-M,2.6800000923080995,2.35513639112082,-0.3248637011872795,0.3248637011872795,single_atom
HAT707_102,HAT707nonMR,Bond Dissociation Energies,Thermochemistry,MACE-POLAR-1-M,20.889999352112262,21.308663040816757,0.4186636887044948,0.4186636887044948,single_atom
HAT707_104,HAT707nonMR,Bond Dissociation Energies,Thermochemistry,MACE-POLAR-1-M,-26.94999890523187,-28.20091505825765,-1.2509161530257806,1.2509161530257806,single_atom
HAT707_105,HAT707nonMR,Bond Dissociation Energies,Thermochemistry,MACE-POLAR-1-M,-52.06999757884783,-49.096600793218784,2.973396785629049,2.973396785629049,single_atom
HAT707_106,HAT707nonMR,Bond Dissociation Energies,Thermochemistry,MACE-POLAR-1-M,-38.72999831819801,-37.93408283720795,0.7959154809900539,0.7959154809900539,single_atom
HAT707_107,HAT707nonMR,Bond Dissociation Energies,Thermochemistry,MACE-POLAR-1-M,-19.25999894006875,-21.620189811309345,-2.3601908712405937,2.3601908712405937,single_atom
HAT707_110,HAT707nonMR,Bond Dissociation Energies,Thermochemistry,MACE-POLAR-1-M,-16.519999529398408,-18.66383391488683,-2.1438343854884216,2.1438343854884216,single_atom
HAT707_111,HAT707nonMR,Bond Dissociation Energies,Thermochemistry,MACE-POLAR-1-M,47.74999833853655,42.83415740896494,-4.915840929571608,4.915840929571608,single_atom
HAT707_112,HAT707nonMR,Bond Dissociation Energies,Thermochemistry,MACE-POLAR-1-M,44.69999795251003,38.25632049630684,-6.44367745620319,6.44367745620319,single_atom
HAT707_113,HAT707nonMR,Bond Dissociation Energies,Thermochemistry,MACE-POLAR-1-M,78.83999674091037,72.05301363371956,-6.786983107190807,6.786983107190807,single_atom
HAT707_114,HAT707nonMR,Bond Dissociation Energies,Thermochemistry,MACE-POLAR-1-M,102.59999575871892,96.25034132115996,-6.349654437558954,6.349654437558954,single_atom
HAT707_115,HAT707nonMR,Bond Dissociation Energies,Thermochemistry,MACE-POLAR-1-M,-13.619999635560664,-17.038397102236335,-3.418397466675671,3.418397466675671,single_atom
HAT707_116,HAT707nonMR,Bond Dissociation Energies,Thermochemistry,MACE-POLAR-1-M,-145.38999371254386,-157.33740683325135,-11.947413120707495,11.947413120707495,single_atom
HAT707_118,HAT707nonMR,Bond Dissociation Energies,Thermochemistry,MACE-POLAR-1-M,17.62999915553472,20.66743232683314,3.037433171298421,3.037433171298421,single_atom
HAT707_12,HAT707nonMR,Bond Dissociation Energies,Thermochemistry,MACE-POLAR-1-M,48.4799983074853,45.672440304109976,-2.807558003375327,2.807558003375327,single_atom
HAT707_127,HAT707nonMR,Bond Dissociation Energies,Thermochemistry,MACE-POLAR-1-M,242.7099899668493,242.59570843677187,-0.11428153007742026,0.11428153007742026,single_atom
HAT707_128,HAT707nonMR,Bond Dissociation Energies,Thermochemistry,MACE-POLAR-1-M,194.27999227766205,194.12956410038964,-0.15042817727240276,0.15042817727240276,single_atom
HAT707_13,HAT707nonMR,Bond Dissociation Energies,Thermochemistry,MACE-POLAR-1-M,90.18999627172391,85.61700400942296,-4.572992262300957,4.572992262300957,single_atom
HAT707_131,HAT707nonMR,Bond Dissociation Energies,Thermochemistry,MACE-POLAR-1-M,184.5899923694152,186.27507296065664,1.6850805912414444,1.6850805912414444,single_atom
HAT707_132,HAT707nonMR,Bond Dissociation Energies,Thermochemistry,MACE-POLAR-1-M,74.28999692899828,64.43144027587631,-9.858556653121965,9.858556653121965,single_atom
HAT707_133,HAT707nonMR,Bond Dissociation Energies,Thermochemistry,MACE-POLAR-1-M,217.359991014768,219.7910307045799,2.4310396898118825,2.4310396898118825,single_atom
HAT707_134,HAT707nonMR,Bond Dissociation Energies,Thermochemistry,MACE-POLAR-1-M,63.24999738537037,53.90816380216553,-9.341833583204838,9.341833583204838,single_atom
HAT707_135,HAT707nonMR,Bond Dissociation Energies,Thermochemistry,MACE-POLAR-1-M,152.96999367652305,153.64623647253174,0.6762427960086939,0.6762427960086939,single_atom
HAT707_136,HAT707nonMR,Bond Dissociation Energies,Thermochemistry,MACE-POLAR-1-M,44.229998376514885,33.77889737211527,-10.451101004399618,10.451101004399618,single_atom
HAT707_137,HAT707nonMR,Bond Dissociation Energies,Thermochemistry,MACE-POLAR-1-M,26.039999098667963,12.267328062230437,-13.772671036437526,13.772671036437526,single_atom
HAT707_138,HAT707nonMR,Bond Dissociation Energies,Thermochemistry,MACE-POLAR-1-M,138.40999427840475,137.1812095649803,-1.22878471342446,1.22878471342446,single_atom
HAT707_139,HAT707nonMR,Bond Dissociation Energies,Thermochemistry,MACE-POLAR-1-M,82.66999658258575,71.87223050966224,-10.797766072923508,10.797766072923508,single_atom
HAT707_14,HAT707nonMR,Bond Dissociation Energies,Thermochemistry,MACE-POLAR-1-M,42.04999846064728,39.17093747231752,-2.879060988329762,2.879060988329762,single_atom
HAT707_140,HAT707nonMR,Bond Dissociation Energies,Thermochemistry,MACE-POLAR-1-M,28.609998662701766,18.096674640342737,-10.51332402235903,10.51332402235903,single_atom
HAT707_141,HAT707nonMR,Bond Dissociation Energies,Thermochemistry,MACE-POLAR-1-M,106.97999557765864,99.20770399987912,-7.7722915777795265,7.7722915777795265,single_atom
HAT707_142,HAT707nonMR,Bond Dissociation Energies,Thermochemistry,MACE-POLAR-1-M,209.17999135291325,208.9924959541621,-0.18749539875113896,0.18749539875113896,single_atom
HAT707_143,HAT707nonMR,Bond Dissociation Energies,Thermochemistry,MACE-POLAR-1-M,172.29999287745918,172.26393813377098,-0.03605474368819728,0.03605474368819728,single_atom
HAT707_144,HAT707nonMR,Bond Dissociation Energies,Thermochemistry,MACE-POLAR-1-M,166.64999311101909,168.43548093834198,1.7854878273228962,1.7854878273228962,single_atom
HAT707_145,HAT707nonMR,Bond Dissociation Energies,Thermochemistry,MACE-POLAR-1-M,127.99999470873362,128.86893183268168,0.8689371239480579,0.8689371239480579,single_atom
HAT707_146,HAT707nonMR,Bond Dissociation Energies,Thermochemistry,MACE-POLAR-1-M,80.29999668055672,83.50066374293021,3.2006670623734976,3.2006670623734976,single_atom
HAT707_147,HAT707nonMR,Bond Dissociation Energies,Thermochemistry,MACE-POLAR-1-M,86.19999643666293,87.94923737093389,1.7492409342709578,1.7492409342709578,single_atom
HAT707_148,HAT707nonMR,Bond Dissociation Energies,Thermochemistry,MACE-POLAR-1-M,80.69999666402163,82.43942265516361,1.7394259911419852,1.7394259911419852,single_atom
HAT707_149,HAT707nonMR,Bond Dissociation Energies,Thermochemistry,MACE-POLAR-1-M,145.95999382583466,146.6491520120467,0.6891581862120404,0.6891581862120404,single_atom
HAT707_15,HAT707nonMR,Bond Dissociation Energies,Thermochemistry,MACE-POLAR-1-M,41.759998094757805,37.15085967303024,-4.609138421727565,4.609138421727565,single_atom
HAT707_150,HAT707nonMR,Bond Dissociation Energies,Thermochemistry,MACE-POLAR-1-M,97.86999595424828,100.69071380579862,2.8207178515503415,2.8207178515503415,single_atom
HAT707_151,HAT707nonMR,Bond Dissociation Energies,Thermochemistry,MACE-POLAR-1-M,8.399999952154623,10.725419628463328,2.325419676308705,2.325419676308705,single_atom
HAT707_152,HAT707nonMR,Bond Dissociation Energies,Thermochemistry,MACE-POLAR-1-M,75.80999686990474,78.61283820447922,2.802841334574481,2.802841334574481,single_atom
HAT707_153,HAT707nonMR,Bond Dissociation Energies,Thermochemistry,MACE-POLAR-1-M,64.52999733245754,63.2485095096369,-1.2814878228206439,1.2814878228206439,single_atom
HAT707_154,HAT707nonMR,Bond Dissociation Energies,Thermochemistry,MACE-POLAR-1-M,63.65999736842143,63.63884223475306,-0.021155133668372628,0.021155133668372628,single_atom
HAT707_155,HAT707nonMR,Bond Dissociation Energies,Thermochemistry,MACE-POLAR-1-M,96.19999602328237,95.8025235395137,-0.3974724837686665,0.3974724837686665,single_atom
HAT707_156,HAT707nonMR,Bond Dissociation Energies,Thermochemistry,MACE-POLAR-1-M,129.30999465458058,131.132335773682,1.8223411191014236,1.8223411191014236,single_atom
HAT707_157,HAT707nonMR,Bond Dissociation Energies,Thermochemistry,MACE-POLAR-1-M,66.67999694880136,68.36023381471924,1.6802368659178768,1.6802368659178768,single_atom
HAT707_158,HAT707nonMR,Bond Dissociation Energies,Thermochemistry,MACE-POLAR-1-M,-47.84999824832275,-61.66537199311296,-13.815373744790215,13.815373744790215,single_atom
HAT707_159,HAT707nonMR,Bond Dissociation Energies,Thermochemistry,MACE-POLAR-1-M,97.79999595714196,96.77280083457124,-1.027195122570717,1.027195122570717,single_atom
HAT707_160,HAT707nonMR,Bond Dissociation Energies,Thermochemistry,MACE-POLAR-1-M,-31.0599989625016,-35.628399073616386,-4.568400111114787,4.568400111114787,single_atom
HAT707_162,HAT707nonMR,Bond Dissociation Energies,Thermochemistry,MACE-POLAR-1-M,223.6099907564051,224.0139113461148,0.40392058970971334,0.40392058970971334,single_atom
HAT707_163,HAT707nonMR,Bond Dissociation Energies,Thermochemistry,MACE-POLAR-1-M,94.8199960803291,94.7000209771807,-0.11997510314840554,0.11997510314840554,single_atom
HAT707_164,HAT707nonMR,Bond Dissociation Energies,Thermochemistry,MACE-POLAR-1-M,191.39999208790343,191.73956961006823,0.3395775221648023,0.3395775221648023,single_atom
HAT707_165,HAT707nonMR,Bond Dissociation Energies,Thermochemistry,MACE-POLAR-1-M,136.24999436769463,139.17401402276454,2.9240196550699125,2.9240196550699125,single_atom
HAT707_166,HAT707nonMR,Bond Dissociation Energies,Thermochemistry,MACE-POLAR-1-M,67.40999721340434,56.38060253025864,-11.029394683145696,11.029394683145696,single_atom
HAT707_167,HAT707nonMR,Bond Dissociation Energies,Thermochemistry,MACE-POLAR-1-M,4.909999963068817,7.197574853764423,2.2875748906956064,2.2875748906956064,single_atom
HAT707_168,HAT707nonMR,Bond Dissociation Energies,Thermochemistry,MACE-POLAR-1-M,0.4100002576329006,-3.0367683692114347,-3.446768626844335,3.446768626844335,single_atom
HAT707_169,HAT707nonMR,Bond Dissociation Energies,Thermochemistry,MACE-POLAR-1-M,6.659999639346293,9.74021795219108,3.080218312844786,3.080218312844786,single_atom
HAT707_170,HAT707nonMR,Bond Dissociation Energies,Thermochemistry,MACE-POLAR-1-M,-9.989999772774176,-7.401970865542922,2.588028907231254,2.588028907231254,single_atom
HAT707_171,HAT707nonMR,Bond Dissociation Energies,Thermochemistry,MACE-POLAR-1-M,-49.79999774417263,-63.20649480554272,-13.40649706137009,13.40649706137009,single_atom
HAT707_172,HAT707nonMR,Bond Dissociation Energies,Thermochemistry,MACE-POLAR-1-M,75.53999687732633,53.176149246937285,-22.363847630389046,22.363847630389046,single_atom
HAT707_173,HAT707nonMR,Bond Dissociation Energies,Thermochemistry,MACE-POLAR-1-M,89.89999628371187,92.31741774493526,2.417421461223384,2.417421461223384,single_atom
HAT707_174,HAT707nonMR,Bond Dissociation Energies,Thermochemistry,MACE-POLAR-1-M,155.19999358433947,159.33384081843826,4.133847234098795,4.133847234098795,single_atom
HAT707_175,HAT707nonMR,Bond Dissociation Energies,Thermochemistry,MACE-POLAR-1-M,173.39999283198716,178.2873674681342,4.88737463614703,4.88737463614703,single_atom
HAT707_177,HAT707nonMR,Bond Dissociation Energies,Thermochemistry,MACE-POLAR-1-M,125.56999480918508,128.77778936910175,3.207794559916678,3.207794559916678,single_atom
HAT707_178,HAT707nonMR,Bond Dissociation Energies,Thermochemistry,MACE-POLAR-1-M,32.41999836310342,37.909324664215085,5.489326301111667,5.489326301111667,single_atom
HAT707_179,HAT707nonMR,Bond Dissociation Energies,Thermochemistry,MACE-POLAR-1-M,45.749998260284094,49.07184262022592,3.321844359941828,3.321844359941828,single_atom
HAT707_18,HAT707nonMR,Bond Dissociation Energies,Thermochemistry,MACE-POLAR-1-M,32.06999867885171,29.296368533307724,-2.7736301455439865,2.7736301455439865,single_atom
HAT707_180,HAT707nonMR,Bond Dissociation Energies,Thermochemistry,MACE-POLAR-1-M,133.25999449129563,135.35851461605006,2.0985201247544296,2.0985201247544296,single_atom
HAT707_183,HAT707nonMR,Bond Dissociation Energies,Thermochemistry,MACE-POLAR-1-M,67.96999704006231,68.34209154250509,0.37209450244277775,0.37209450244277775,single_atom
HAT707_184,HAT707nonMR,Bond Dissociation Energies,Thermochemistry,MACE-POLAR-1-M,69.91999710964599,71.9245859988694,2.004588889223413,2.004588889223413,single_atom
HAT707_185,HAT707nonMR,Bond Dissociation Energies,Thermochemistry,MACE-POLAR-1-M,93.67999612745452,96.12191368628882,2.441917558834305,2.441917558834305,single_atom
HAT707_186,HAT707nonMR,Bond Dissociation Energies,Thermochemistry,MACE-POLAR-1-M,138.89999425814892,139.94030732511257,1.0403130669636482,1.0403130669636482,single_atom
HAT707_187,HAT707nonMR,Bond Dissociation Energies,Thermochemistry,MACE-POLAR-1-M,-47.12999827035263,-66.67516290253526,-19.545164632182633,19.545164632182633,single_atom
HAT707_19,HAT707nonMR,Bond Dissociation Energies,Thermochemistry,MACE-POLAR-1-M,-23.959999092586543,-26.230803654834546,-2.270804562248003,2.270804562248003,single_atom
HAT707_193,HAT707nonMR,Bond Dissociation Energies,Thermochemistry,MACE-POLAR-1-M,94.01999611339927,103.443440731585,9.423444618185727,9.423444618185727,single_atom
HAT707_194,HAT707nonMR,Bond Dissociation Energies,Thermochemistry,MACE-POLAR-1-M,135.72999438919072,143.388004436898,7.658010047707279,7.658010047707279,single_atom
HAT707_195,HAT707nonMR,Bond Dissociation Energies,Thermochemistry,MACE-POLAR-1-M,87.29999639119096,94.92186010050528,7.621863709314326,7.621863709314326,single_atom
HAT707_197,HAT707nonMR,Bond Dissociation Energies,Thermochemistry,MACE-POLAR-1-M,77.60999679175653,87.06736896078276,9.457372169026229,9.457372169026229,single_atom
HAT707_198,HAT707nonMR,Bond Dissociation Energies,Thermochemistry,MACE-POLAR-1-M,121.42999498032408,131.1066031784168,9.676608198092723,9.676608198092723,single_atom
HAT707_199,HAT707nonMR,Bond Dissociation Energies,Thermochemistry,MACE-POLAR-1-M,110.37999543710936,120.58332670470604,10.203331267596681,10.203331267596681,single_atom
HAT707_20,HAT707nonMR,Bond Dissociation Energies,Thermochemistry,MACE-POLAR-1-M,64.83999731964255,62.812326277230994,-2.027671042411555,2.027671042411555,single_atom
HAT707_200,HAT707nonMR,Bond Dissociation Energies,Thermochemistry,MACE-POLAR-1-M,45.98999804377098,54.438532472657855,8.448534428886873,8.448534428886873,single_atom
HAT707_201,HAT707nonMR,Bond Dissociation Energies,Thermochemistry,MACE-POLAR-1-M,91.36999622294502,100.45406027466626,9.084064051721242,9.084064051721242,single_atom
HAT707_202,HAT707nonMR,Bond Dissociation Energies,Thermochemistry,MACE-POLAR-1-M,73.1699969752973,78.94249096477094,5.772493989473645,5.772493989473645,single_atom
HAT707_203,HAT707nonMR,Bond Dissociation Energies,Thermochemistry,MACE-POLAR-1-M,-47.49999793656158,-53.03323125544907,-5.53323331888749,5.53323331888749,single_atom
HAT707_204,HAT707nonMR,Bond Dissociation Energies,Thermochemistry,MACE-POLAR-1-M,31.42999862871055,37.97350556510642,6.543506936395872,6.543506936395872,single_atom
HAT707_205,HAT707nonMR,Bond Dissociation Energies,Thermochemistry,MACE-POLAR-1-M,129.79999463432537,138.54739341220275,8.747398777877379,8.747398777877379,single_atom
HAT707_206,HAT707nonMR,Bond Dissociation Energies,Thermochemistry,MACE-POLAR-1-M,75.73999686905847,84.77183754288323,9.03184067382476,9.03184067382476,single_atom
HAT707_207,HAT707nonMR,Bond Dissociation Energies,Thermochemistry,MACE-POLAR-1-M,102.19999577525464,109.78479195428824,7.584796179033603,7.584796179033603,single_atom
HAT707_208,HAT707nonMR,Bond Dissociation Energies,Thermochemistry,MACE-POLAR-1-M,65.30999730021375,73.0562341338971,7.746236833683355,7.746236833683355,single_atom
HAT707_209,HAT707nonMR,Bond Dissociation Energies,Thermochemistry,MACE-POLAR-1-M,59.65999763422474,69.2277769384681,9.56777930424336,9.56777930424336,single_atom
HAT707_21,HAT707nonMR,Bond Dissociation Energies,Thermochemistry,MACE-POLAR-1-M,-35.00999853660394,-36.754080128545326,-1.744081591941388,1.744081591941388,single_atom
HAT707_210,HAT707nonMR,Bond Dissociation Energies,Thermochemistry,MACE-POLAR-1-M,91.84999620310305,84.53526035333805,-7.314735849765,7.314735849765,single_atom
HAT707_211,HAT707nonMR,Bond Dissociation Energies,Thermochemistry,MACE-POLAR-1-M,21.009999243855702,29.661227832807818,8.651228588952115,8.651228588952115,single_atom
HAT707_212,HAT707nonMR,Bond Dissociation Energies,Thermochemistry,MACE-POLAR-1-M,-26.679999148809127,-15.707040256943666,10.972958891865462,10.972958891865462,single_atom
HAT707_213,HAT707nonMR,Bond Dissociation Energies,Thermochemistry,MACE-POLAR-1-M,-51.459998129152005,-55.97798724985703,-4.517989120705025,4.517989120705025,single_atom
HAT707_214,HAT707nonMR,Bond Dissociation Energies,Thermochemistry,MACE-POLAR-1-M,-20.77999945134744,-11.25846662893998,9.52153282240746,9.52153282240746,single_atom
HAT707_215,HAT707nonMR,Bond Dissociation Energies,Thermochemistry,MACE-POLAR-1-M,22.54999910958216,16.465990334657207,-6.084008774924953,6.084008774924953,single_atom
HAT707_216,HAT707nonMR,Bond Dissociation Energies,Thermochemistry,MACE-POLAR-1-M,-26.27999888215485,-16.768281344720748,9.511717537434102,9.511717537434102,single_atom
HAT707_217,HAT707nonMR,Bond Dissociation Energies,Thermochemistry,MACE-POLAR-1-M,48.14999797768136,44.36218074506014,-3.7878172326212223,3.7878172326212223,single_atom
HAT707_218,HAT707nonMR,Bond Dissociation Energies,Thermochemistry,MACE-POLAR-1-M,16.989999105393554,12.270870341154223,-4.719128764239331,4.719128764239331,single_atom
HAT707_219,HAT707nonMR,Bond Dissociation Energies,Thermochemistry,MACE-POLAR-1-M,38.97999809266351,47.44144801217283,8.46144991950932,8.46144991950932,single_atom
HAT707_22,HAT707nonMR,Bond Dissociation Energies,Thermochemistry,MACE-POLAR-1-M,0.4500002215473813,-3.3324679548171794,-3.782468176364561,3.782468176364561,single_atom
HAT707_220,HAT707nonMR,Bond Dissociation Energies,Thermochemistry,MACE-POLAR-1-M,-9.109999311636654,1.4830098059352332,10.593009117571889,10.593009117571889,single_atom
HAT707_222,HAT707nonMR,Bond Dissociation Energies,Thermochemistry,MACE-POLAR-1-M,-31.169998863266425,-20.594865795394664,10.57513306787176,10.57513306787176,single_atom
HAT707_223,HAT707nonMR,Bond Dissociation Energies,Thermochemistry,MACE-POLAR-1-M,39.66999809769778,34.27916672513557,-5.390831372562211,5.390831372562211,single_atom
HAT707_224,HAT707nonMR,Bond Dissociation Energies,Thermochemistry,MACE-POLAR-1-M,-42.459998090770696,-35.95919449023698,6.500803600533715,6.500803600533715,single_atom
HAT707_225,HAT707nonMR,Bond Dissociation Energies,Thermochemistry,MACE-POLAR-1-M,4.820000044261236,0.4723933285829211,-4.347606715678315,4.347606715678315,single_atom
HAT707_226,HAT707nonMR,Bond Dissociation Energies,Thermochemistry,MACE-POLAR-1-M,-10.779999687594644,-3.405180460370667,7.374819227223977,7.374819227223977,single_atom
HAT707_227,HAT707nonMR,Bond Dissociation Energies,Thermochemistry,MACE-POLAR-1-M,-27.929998648646123,-34.38034844024336,-6.450349791597237,6.450349791597237,single_atom
HAT707_228,HAT707nonMR,Bond Dissociation Energies,Thermochemistry,MACE-POLAR-1-M,22.32999930805251,31.92463177380814,9.59463246575563,9.59463246575563,single_atom
HAT707_229,HAT707nonMR,Bond Dissociation Energies,Thermochemistry,MACE-POLAR-1-M,-87.96999656756792,-89.91900091097219,-1.949004343404269,1.949004343404269,single_atom
HAT707_23,HAT707nonMR,Bond Dissociation Energies,Thermochemistry,MACE-POLAR-1-M,-54.01999770220718,-56.8833465585851,-2.8633488563779252,2.8633488563779252,single_atom
HAT707_230,HAT707nonMR,Bond Dissociation Energies,Thermochemistry,MACE-POLAR-1-M,9.12999992110337,5.175642636293003,-3.9543572848103663,3.9543572848103663,single_atom
HAT707_231,HAT707nonMR,Bond Dissociation Energies,Thermochemistry,MACE-POLAR-1-M,-40.30999814783893,-30.847470185144143,9.46252796269479,9.46252796269479,single_atom
HAT707_232,HAT707nonMR,Bond Dissociation Energies,Thermochemistry,MACE-POLAR-1-M,-78.37999706144801,-81.11102935954162,-2.7310322980936093,2.7310322980936093,single_atom
HAT707_233,HAT707nonMR,Bond Dissociation Energies,Thermochemistry,MACE-POLAR-1-M,-106.97999573317117,-99.20770399987912,7.77229173329205,7.77229173329205,single_atom
HAT707_234,HAT707nonMR,Bond Dissociation Energies,Thermochemistry,MACE-POLAR-1-M,-0.7099999869915055,5.0097909094275375,5.719790896419043,5.719790896419043,single_atom
HAT707_235,HAT707nonMR,Bond Dissociation Energies,Thermochemistry,MACE-POLAR-1-M,47.12999827035263,66.67516290253526,19.545164632182633,19.545164632182633,single_atom
HAT707_238,HAT707nonMR,Bond Dissociation Energies,Thermochemistry,MACE-POLAR-1-M,116.62999517874648,124.80620734624092,8.176212167494441,8.176212167494441,single_atom
HAT707_239,HAT707nonMR,Bond Dissociation Energies,Thermochemistry,MACE-POLAR-1-M,84.41999651024416,92.53186561019434,8.111869099950184,8.111869099950184,single_atom
HAT707_24,HAT707nonMR,Bond Dissociation Energies,Thermochemistry,MACE-POLAR-1-M,-72.21999697103273,-78.39491586848042,-6.1749188974476965,6.1749188974476965,single_atom
HAT707_240,HAT707nonMR,Bond Dissociation Energies,Thermochemistry,MACE-POLAR-1-M,29.259998703821548,39.966310022890674,10.706311319069126,10.706311319069126,single_atom
HAT707_241,HAT707nonMR,Bond Dissociation Energies,Thermochemistry,MACE-POLAR-1-M,114.53999526514332,123.05576543279916,8.515770167655845,8.515770167655845,single_atom
HAT707_242,HAT707nonMR,Bond Dissociation Energies,Thermochemistry,MACE-POLAR-1-M,39.83999857184379,36.2846596680408,-3.5553389038029906,3.5553389038029906,single_atom
HAT707_243,HAT707nonMR,Bond Dissociation Energies,Thermochemistry,MACE-POLAR-1-M,32.84999860269356,29.180647687962463,-3.6693509147310976,3.6693509147310976,single_atom
HAT707_244,HAT707nonMR,Bond Dissociation Energies,Thermochemistry,MACE-POLAR-1-M,30.41999891236044,26.08360446064113,-4.336394451719311,4.336394451719311,single_atom
HAT707_245,HAT707nonMR,Bond Dissociation Energies,Thermochemistry,MACE-POLAR-1-M,37.6699986469548,34.05719926744949,-3.6127993795053115,3.6127993795053115,single_atom
HAT707_246,HAT707nonMR,Bond Dissociation Energies,Thermochemistry,MACE-POLAR-1-M,43.13999810482634,39.55346193369936,-3.58653617112698,3.58653617112698,single_atom
HAT707_247,HAT707nonMR,Bond Dissociation Energies,Thermochemistry,MACE-POLAR-1-M,54.04999767514305,51.92373161258625,-2.1262660625567946,2.1262660625567946,single_atom
HAT707_248,HAT707nonMR,Bond Dissociation Energies,Thermochemistry,MACE-POLAR-1-M,-33.429998706963005,-34.70014228866419,-1.2701435817011841,1.2701435817011841,single_atom
HAT707_249,HAT707nonMR,Bond Dissociation Energies,Thermochemistry,MACE-POLAR-1-M,63.73999736511453,59.42446649146861,-4.315530873645926,4.315530873645926,single_atom
HAT707_25,HAT707nonMR,Bond Dissociation Energies,Thermochemistry,MACE-POLAR-1-M,-144.62999377065924,-153.33509736513858,-8.70510359447934,8.70510359447934,single_atom
HAT707_250,HAT707nonMR,Bond Dissociation Energies,Thermochemistry,MACE-POLAR-1-M,-38.38999862492492,-46.20236396810883,-7.812365343183906,7.812365343183906,single_atom
HAT707_251,HAT707nonMR,Bond Dissociation Energies,Thermochemistry,MACE-POLAR-1-M,100.09999586206406,94.84034254342616,-5.259653318637902,5.259653318637902,single_atom
HAT707_252,HAT707nonMR,Bond Dissociation Energies,Thermochemistry,MACE-POLAR-1-M,48.6299981721646,40.17933176598891,-8.450666406175685,8.450666406175685,single_atom
HAT707_253,HAT707nonMR,Bond Dissociation Energies,Thermochemistry,MACE-POLAR-1-M,-76.6999966945114,-76.2033122864806,0.49668440803080216,0.49668440803080216,single_atom
HAT707_254,HAT707nonMR,Bond Dissociation Energies,Thermochemistry,MACE-POLAR-1-M,122.66999492906533,119.8513121494778,-2.818682779587519,2.818682779587519,single_atom
HAT707_255,HAT707nonMR,Bond Dissociation Energies,Thermochemistry,MACE-POLAR-1-M,48.20999792355308,60.12613681859585,11.91613889504277,11.91613889504277,single_atom
HAT707_256,HAT707nonMR,Bond Dissociation Energies,Thermochemistry,MACE-POLAR-1-M,66.41999725432856,79.07966346829178,12.65966621396322,12.65966621396322,single_atom
HAT707_257,HAT707nonMR,Bond Dissociation Energies,Thermochemistry,MACE-POLAR-1-M,18.589999544501204,29.57008536917544,10.980085824674237,10.980085824674237,single_atom
HAT707_258,HAT707nonMR,Bond Dissociation Energies,Thermochemistry,MACE-POLAR-1-M,26.27999888215485,36.15081061616569,9.870811734010843,9.870811734010843,single_atom
HAT707_259,HAT707nonMR,Bond Dissociation Energies,Thermochemistry,MACE-POLAR-1-M,31.91999881417241,40.7326033252387,8.81260451106629,8.81260451106629,single_atom
HAT707_26,HAT707nonMR,Bond Dissociation Energies,Thermochemistry,MACE-POLAR-1-M,-14.109999193513053,-19.797494862368616,-5.687495668855563,5.687495668855563,single_atom
HAT707_27,HAT707nonMR,Bond Dissociation Energies,Thermochemistry,MACE-POLAR-1-M,-15.589999113367783,-18.79001342104861,-3.200014307680826,3.200014307680826,single_atom
HAT707_270,HAT707nonMR,Bond Dissociation Energies,Thermochemistry,MACE-POLAR-1-M,62.08999732455786,62.71083740634107,0.6208400817832143,0.6208400817832143,single_atom
HAT707_271,HAT707nonMR,Bond Dissociation Energies,Thermochemistry,MACE-POLAR-1-M,103.80999570870044,102.65540111164356,-1.1545945970568852,1.1545945970568852,single_atom
HAT707_272,HAT707nonMR,Bond Dissociation Energies,Thermochemistry,MACE-POLAR-1-M,55.37999773031848,54.189256775261335,-1.1907409550571444,1.1907409550571444,single_atom
HAT707_274,HAT707nonMR,Bond Dissociation Energies,Thermochemistry,MACE-POLAR-1-M,45.68999831441237,46.33476563552833,0.6447673211159568,0.6447673211159568,single_atom
HAT707_275,HAT707nonMR,Bond Dissociation Energies,Thermochemistry,MACE-POLAR-1-M,14.059999238619952,13.705929147403426,-0.354070091216526,0.354070091216526,single_atom
HAT707_276,HAT707nonMR,Bond Dissociation Energies,Thermochemistry,MACE-POLAR-1-M,15.629999077282264,15.682222731777772,0.05222365449550814,0.05222365449550814,single_atom
HAT707_277,HAT707nonMR,Bond Dissociation Energies,Thermochemistry,MACE-POLAR-1-M,-2.570000191543277,-5.829346578117546,-3.259346386574269,3.259346386574269,single_atom
HAT707_278,HAT707nonMR,Bond Dissociation Energies,Thermochemistry,MACE-POLAR-1-M,30.879998497376967,28.077798104076827,-2.80220039330014,2.80220039330014,single_atom
HAT707_279,HAT707nonMR,Bond Dissociation Energies,Thermochemistry,MACE-POLAR-1-M,-0.500000176440482,-2.7590977601480104,-2.2590975837075282,2.2590975837075282,single_atom
HAT707_28,HAT707nonMR,Bond Dissociation Energies,Thermochemistry,MACE-POLAR-1-M,-69.64999740699892,-72.56556929037336,-2.91557188337444,2.91557188337444,single_atom
HAT707_280,HAT707nonMR,Bond Dissociation Energies,Thermochemistry,MACE-POLAR-1-M,54.05999766612167,53.77555586931427,-0.2844417968073998,0.2844417968073998,single_atom
HAT707_281,HAT707nonMR,Bond Dissociation Energies,Thermochemistry,MACE-POLAR-1-M,-31.91999881417241,-40.73260332524919,-8.812604511076778,8.812604511076778,single_atom
HAT707_282,HAT707nonMR,Bond Dissociation Energies,Thermochemistry,MACE-POLAR-1-M,70.27999709476371,69.05218862903382,-1.2278084657298933,1.2278084657298933,single_atom
HAT707_283,HAT707nonMR,Bond Dissociation Energies,Thermochemistry,MACE-POLAR-1-M,33.389998743048515,32.32363080864268,-1.0663679344058323,1.0663679344058323,single_atom
HAT707_284,HAT707nonMR,Bond Dissociation Energies,Thermochemistry,MACE-POLAR-1-M,27.73999882005234,28.495173613213662,0.7551747931613235,0.7551747931613235,single_atom
HAT707_285,HAT707nonMR,Bond Dissociation Energies,Thermochemistry,MACE-POLAR-1-M,170.229992963029,165.64628971286393,-4.583703250165058,4.583703250165058,single_atom
HAT707_286,HAT707nonMR,Bond Dissociation Energies,Thermochemistry,MACE-POLAR-1-M,-10.909999570316703,-11.071375492446617,-0.16137592212991336,0.16137592212991336,single_atom
HAT707_287,HAT707nonMR,Bond Dissociation Energies,Thermochemistry,MACE-POLAR-1-M,-58.59999733547206,-56.439643582198094,2.1603537532739665,2.1603537532739665,single_atom
HAT707_288,HAT707nonMR,Bond Dissociation Energies,Thermochemistry,MACE-POLAR-1-M,26.91999893229601,25.13304210966886,-1.7869568226271504,1.7869568226271504,single_atom
HAT707_289,HAT707nonMR,Bond Dissociation Energies,Thermochemistry,MACE-POLAR-1-M,-52.69999763801037,-51.991069954194415,0.7089276838159577,0.7089276838159577,single_atom
HAT707_29,HAT707nonMR,Bond Dissociation Energies,Thermochemistry,MACE-POLAR-1-M,-45.5399978222236,-57.771000427469794,-12.231002605246196,12.231002605246196,single_atom
HAT707_290,HAT707nonMR,Bond Dissociation Energies,Thermochemistry,MACE-POLAR-1-M,100.91999582816683,97.5770196941831,-3.34297613398374,3.34297613398374,single_atom
HAT707_291,HAT707nonMR,Bond Dissociation Energies,Thermochemistry,MACE-POLAR-1-M,-58.20999768730587,-57.50088466996469,0.7091130173411813,0.7091130173411813,single_atom
HAT707_292,HAT707nonMR,Bond Dissociation Energies,Thermochemistry,MACE-POLAR-1-M,126.52999476950046,125.47321010458604,-1.0567846649144172,1.0567846649144172,single_atom
HAT707_293,HAT707nonMR,Bond Dissociation Energies,Thermochemistry,MACE-POLAR-1-M,95.35999605800664,93.38189970068012,-1.9780963573265211,1.9780963573265211,single_atom
HAT707_294,HAT707nonMR,Bond Dissociation Energies,Thermochemistry,MACE-POLAR-1-M,7.059999906000574,6.708844686918396,-0.3511552190821776,0.3511552190821776,single_atom
HAT707_295,HAT707nonMR,Bond Dissociation Energies,Thermochemistry,MACE-POLAR-1-M,-41.029998125809065,-39.249593519329686,1.7804046064793795,1.7804046064793795,single_atom
HAT707_298,HAT707nonMR,Bond Dissociation Energies,Thermochemistry,MACE-POLAR-1-M,-63.08999767743883,-61.3274691206491,1.7625285567897322,1.7625285567897322,single_atom
HAT707_299,HAT707nonMR,Bond Dissociation Energies,Thermochemistry,MACE-POLAR-1-M,118.03999512046012,115.39019608466144,-2.6497990357986794,2.6497990357986794,single_atom
HAT707_30,HAT707nonMR,Bond Dissociation Energies,Thermochemistry,MACE-POLAR-1-M,56.6599978306008,52.01379152681322,-4.646206303787579,4.646206303787579,single_atom
HAT707_300,HAT707nonMR,Bond Dissociation Energies,Thermochemistry,MACE-POLAR-1-M,-74.37999690494311,-76.69179781549141,-2.3118009105482997,2.3118009105482997,single_atom
HAT707_301,HAT707nonMR,Bond Dissociation Energies,Thermochemistry,MACE-POLAR-1-M,17.90999953044556,14.566999614563857,-3.3429999158817036,3.3429999158817036,single_atom
HAT707_302,HAT707nonMR,Bond Dissociation Energies,Thermochemistry,MACE-POLAR-1-M,83.19999656067712,81.58342268806686,-1.6165738726102603,1.6165738726102603,single_atom
HAT707_303,HAT707nonMR,Bond Dissociation Energies,Thermochemistry,MACE-POLAR-1-M,-42.699998501767055,-44.13778378561461,-1.4377852838475533,1.4377852838475533,single_atom
HAT707_304,HAT707nonMR,Bond Dissociation Energies,Thermochemistry,MACE-POLAR-1-M,50.44999778529241,46.73068091929302,-3.7193168659993887,3.7193168659993887,single_atom
HAT707_305,HAT707nonMR,Bond Dissociation Energies,Thermochemistry,MACE-POLAR-1-M,-9.589999506119897,-8.807971551446292,0.7820279546736053,0.7820279546736053,single_atom
HAT707_306,HAT707nonMR,Bond Dissociation Energies,Thermochemistry,MACE-POLAR-1-M,87.50999638250988,86.28667199581889,-1.2233243866909902,1.2233243866909902,single_atom
HAT707_307,HAT707nonMR,Bond Dissociation Energies,Thermochemistry,MACE-POLAR-1-M,-45.749998260284094,-49.07184262022592,-3.321844359941828,3.321844359941828,single_atom
HAT707_308,HAT707nonMR,Bond Dissociation Energies,Thermochemistry,MACE-POLAR-1-M,-72.22999696201134,-71.58007351040906,0.6499234516022767,0.6499234516022767,single_atom
HAT707_309,HAT707nonMR,Bond Dissociation Energies,Thermochemistry,MACE-POLAR-1-M,-138.89999454734357,-139.94030732511257,-1.040312777769003,1.040312777769003,single_atom
HAT707_31,HAT707nonMR,Bond Dissociation Energies,Thermochemistry,MACE-POLAR-1-M,19.77999909846648,15.285233706422076,-4.494765392044403,4.494765392044403,single_atom
HAT707_310,HAT707nonMR,Bond Dissociation Energies,Thermochemistry,MACE-POLAR-1-M,-76.4499969200459,-79.76204663346094,-3.3120497134150355,3.3120497134150355,single_atom
HAT707_311,HAT707nonMR,Bond Dissociation Energies,Thermochemistry,MACE-POLAR-1-M,78.37999675992594,81.11102935954162,2.7310325996156735,2.7310325996156735,single_atom
HAT707_312,HAT707nonMR,Bond Dissociation Energies,Thermochemistry,MACE-POLAR-1-M,-28.609998662701766,-18.096674640332253,10.513324022369513,10.513324022369513,single_atom
HAT707_313,HAT707nonMR,Bond Dissociation Energies,Thermochemistry,MACE-POLAR-1-M,52.04999759689059,47.70095821434007,-4.349039382550522,4.349039382550522,single_atom
HAT707_314,HAT707nonMR,Bond Dissociation Energies,Thermochemistry,MACE-POLAR-1-M,-57.16999737051044,-66.70845908289049,-9.538461712380048,9.538461712380048,single_atom
HAT707_318,HAT707nonMR,Bond Dissociation Energies,Thermochemistry,MACE-POLAR-1-M,84.70999649825619,84.0736040209865,-0.6363924772696947,0.6363924772696947,single_atom
HAT707_319,HAT707nonMR,Bond Dissociation Energies,Thermochemistry,MACE-POLAR-1-M,49.06999777522388,45.62817835699149,-3.4418194182323916,3.4418194182323916,single_atom
HAT707_32,HAT707nonMR,Bond Dissociation Energies,Thermochemistry,MACE-POLAR-1-M,14.129999175470292,11.45677651099306,-2.6732226644772314,2.6732226644772314,single_atom
HAT707_320,HAT707nonMR,Bond Dissociation Energies,Thermochemistry,MACE-POLAR-1-M,52.499997818437976,51.79926228493992,-0.7007355334980545,0.7007355334980545,single_atom
HAT707_321,HAT707nonMR,Bond Dissociation Energies,Thermochemistry,MACE-POLAR-1-M,-2.660000110350859,-0.7662933023427871,1.8937068080080717,1.8937068080080717,single_atom
HAT707_322,HAT707nonMR,Bond Dissociation Energies,Thermochemistry,MACE-POLAR-1-M,38.79999825504834,38.28392788993163,-0.516070365116704,0.516070365116704,single_atom
HAT707_323,HAT707nonMR,Bond Dissociation Energies,Thermochemistry,MACE-POLAR-1-M,118.21999500578232,117.39568902758766,-0.8243059781946585,0.8243059781946585,single_atom
HAT707_324,HAT707nonMR,Bond Dissociation Energies,Thermochemistry,MACE-POLAR-1-M,111.22999540197188,110.29167704748836,-0.9383183544835134,0.9383183544835134,single_atom
HAT707_326,HAT707nonMR,Bond Dissociation Energies,Thermochemistry,MACE-POLAR-1-M,108.78999550283716,107.19463382016704,-1.5953616826701165,1.5953616826701165,single_atom
HAT707_327,HAT707nonMR,Bond Dissociation Energies,Thermochemistry,MACE-POLAR-1-M,116.04999520272304,115.16822862697538,-0.8817665757476618,0.8817665757476618,single_atom
HAT707_328,HAT707nonMR,Bond Dissociation Energies,Thermochemistry,MACE-POLAR-1-M,121.51999497660395,120.66449129324624,-0.8555036833577105,0.8555036833577105,single_atom
HAT707_329,HAT707nonMR,Bond Dissociation Energies,Thermochemistry,MACE-POLAR-1-M,132.41999452601925,133.03476097211214,0.6147664460928866,0.6147664460928866,single_atom
HAT707_33,HAT707nonMR,Bond Dissociation Energies,Thermochemistry,MACE-POLAR-1-M,-5.2799996292777625,-15.76660575635147,-10.486606127073708,10.486606127073708,single_atom
HAT707_331,HAT707nonMR,Bond Dissociation Energies,Thermochemistry,MACE-POLAR-1-M,44.94999835448501,46.41088707088267,1.4608887163976618,1.4608887163976618,single_atom
HAT707_332,HAT707nonMR,Bond Dissociation Energies,Thermochemistry,MACE-POLAR-1-M,142.11999412504048,140.53549585095254,-1.5844982740879345,1.5844982740879345,single_atom
HAT707_333,HAT707nonMR,Bond Dissociation Energies,Thermochemistry,MACE-POLAR-1-M,39.989998436523095,34.90866539141707,-5.081333045106028,5.081333045106028,single_atom
HAT707_335,HAT707nonMR,Bond Dissociation Energies,Thermochemistry,MACE-POLAR-1-M,178.47999262199,175.9513719029625,-2.5286207190274865,2.5286207190274865,single_atom
HAT707_337,HAT707nonMR,Bond Dissociation Energies,Thermochemistry,MACE-POLAR-1-M,50.3399978845276,45.52815644524215,-4.811841439285445,4.811841439285445,single_atom
HAT707_338,HAT707nonMR,Bond Dissociation Energies,Thermochemistry,MACE-POLAR-1-M,-38.64999839036904,-51.06114604249481,-12.41114765212577,12.41114765212577,single_atom
HAT707_34,HAT707nonMR,Bond Dissociation Energies,Thermochemistry,MACE-POLAR-1-M,-24.51999921489875,-28.10977259466722,-3.58977337976847,3.58977337976847,single_atom
HAT707_340,HAT707nonMR,Bond Dissociation Energies,Thermochemistry,MACE-POLAR-1-M,127.00999474965847,121.29036112553578,-5.719633624122693,5.719633624122693,single_atom
HAT707_342,HAT707nonMR,Bond Dissociation Energies,Thermochemistry,MACE-POLAR-1-M,46.92999782327075,35.07947460658931,-11.850523216681445,11.850523216681445,single_atom
HAT707_343,HAT707nonMR,Bond Dissociation Energies,Thermochemistry,MACE-POLAR-1-M,44.14999844868593,43.24557512474605,-0.9044233239398807,0.9044233239398807,single_atom
HAT707_344,HAT707nonMR,Bond Dissociation Energies,Thermochemistry,MACE-POLAR-1-M,16.28999910938067,19.393533493393857,3.1035343840131873,3.1035343840131873,single_atom
HAT707_345,HAT707nonMR,Bond Dissociation Energies,Thermochemistry,MACE-POLAR-1-M,34.49999836918484,38.34706014304785,3.847061773863011,3.847061773863011,single_atom
HAT707_347,HAT707nonMR,Bond Dissociation Energies,Thermochemistry,MACE-POLAR-1-M,-13.329999269671209,-11.162517955984612,2.167481313686597,2.167481313686597,single_atom
HAT707_348,HAT707nonMR,Bond Dissociation Energies,Thermochemistry,MACE-POLAR-1-M,-5.639999932017563,-4.581792709078253,1.05820722293931,1.05820722293931,single_atom
HAT707_35,HAT707nonMR,Bond Dissociation Energies,Thermochemistry,MACE-POLAR-1-M,-72.20999698005411,-73.4780406844187,-1.2680437043645867,1.2680437043645867,single_atom
HAT707_351,HAT707nonMR,Bond Dissociation Energies,Thermochemistry,MACE-POLAR-1-M,22.209998788799595,19.270248922315883,-2.9397498664837123,2.9397498664837123,single_atom
HAT707_352,HAT707nonMR,Bond Dissociation Energies,Thermochemistry,MACE-POLAR-1-M,5.699999877889284,3.6632199366421743,-2.0367799412471097,2.0367799412471097,single_atom
HAT707_353,HAT707nonMR,Bond Dissociation Energies,Thermochemistry,MACE-POLAR-1-M,2.6500001193722382,-0.9146169759739732,-3.5646170953462115,3.5646170953462115,single_atom
HAT707_356,HAT707nonMR,Bond Dissociation Energies,Thermochemistry,MACE-POLAR-1-M,-75.7399969330544,-84.77183754288323,-9.031840609828834,9.031840609828834,single_atom
HAT707_357,HAT707nonMR,Bond Dissociation Energies,Thermochemistry,MACE-POLAR-1-M,-76.04999665339162,-75.45448135945568,0.5955152939359323,0.5955152939359323,single_atom
HAT707_36,HAT707nonMR,Bond Dissociation Energies,Thermochemistry,MACE-POLAR-1-M,10.499999312683803,4.485548476936599,-6.014450835747204,6.014450835747204,single_atom
HAT707_369,HAT707nonMR,Bond Dissociation Energies,Thermochemistry,MACE-POLAR-1-M,-2.6500001193722382,0.9146169760106768,3.564617095382915,3.564617095382915,single_atom
HAT707_37,HAT707nonMR,Bond Dissociation Energies,Thermochemistry,MACE-POLAR-1-M,-148.58999396324967,-156.27985335953608,-7.689859396286408,7.689859396286408,single_atom
HAT707_375,HAT707nonMR,Bond Dissociation Energies,Thermochemistry,MACE-POLAR-1-M,-96.12999610872616,-93.21256302144846,2.9174330872777006,2.9174330872777006,single_atom
HAT707_38,HAT707nonMR,Bond Dissociation Energies,Thermochemistry,MACE-POLAR-1-M,-66.31999727357103,-69.02946705641502,-2.709469782843982,2.709469782843982,single_atom
HAT707_381,HAT707nonMR,Bond Dissociation Energies,Thermochemistry,MACE-POLAR-1-M,43.219998032655305,44.355928587338646,1.1359305546833411,1.1359305546833411,single_atom
HAT707_384,HAT707nonMR,Bond Dissociation Energies,Thermochemistry,MACE-POLAR-1-M,-100.08999567380712,-96.15731901583544,3.932676657971683,3.932676657971683,single_atom
HAT707_386,HAT707nonMR,Bond Dissociation Energies,Thermochemistry,MACE-POLAR-1-M,-26.07999906258244,-23.713341431342197,2.366657631240244,2.366657631240244,single_atom
HAT707_388,HAT707nonMR,Bond Dissociation Energies,Thermochemistry,MACE-POLAR-1-M,-0.4800001944832417,4.182848979081711,4.662849173564952,4.662849173564952,single_atom
HAT707_389,HAT707nonMR,Bond Dissociation Energies,Thermochemistry,MACE-POLAR-1-M,-31.639998439261568,-27.90846142484518,3.7315370144163893,3.7315370144163893,single_atom
HAT707_39,HAT707nonMR,Bond Dissociation Energies,Thermochemistry,MACE-POLAR-1-M,-74.57999672451551,-83.8358757750323,-9.255879050516796,9.255879050516796,single_atom
HAT707_393,HAT707nonMR,Bond Dissociation Energies,Thermochemistry,MACE-POLAR-1-M,-85.27999648428118,-85.39649405782549,-0.1164975735443079,0.1164975735443079,single_atom
HAT707_395,HAT707nonMR,Bond Dissociation Energies,Thermochemistry,MACE-POLAR-1-M,-8.959999446957351,-5.900165040863833,3.0598344060935183,3.0598344060935183,single_atom
HAT707_397,HAT707nonMR,Bond Dissociation Energies,Thermochemistry,MACE-POLAR-1-M,-43.80999812790336,-39.70693843743745,4.103059690465912,4.103059690465912,single_atom
HAT707_399,HAT707nonMR,Bond Dissociation Energies,Thermochemistry,MACE-POLAR-1-M,-76.55999682081072,-74.55968020622178,2.0003166145889395,2.0003166145889395,single_atom
HAT707_40,HAT707nonMR,Bond Dissociation Energies,Thermochemistry,MACE-POLAR-1-M,-71.81999733188792,-74.53928177219579,-2.7192844403078738,2.7192844403078738,single_atom
HAT707_401,HAT707nonMR,Bond Dissociation Energies,Thermochemistry,MACE-POLAR-1-M,-136.59999411222302,-130.0983326769611,6.501661435261923,6.501661435261923,single_atom
HAT707_402,HAT707nonMR,Bond Dissociation Energies,Thermochemistry,MACE-POLAR-1-M,-39.49999825106123,-35.00368912968543,4.496309121375802,4.496309121375802,single_atom
HAT707_403,HAT707nonMR,Bond Dissociation Energies,Thermochemistry,MACE-POLAR-1-M,-50.3399978845276,-45.5281564452474,4.811841439280201,4.811841439280201,single_atom
HAT707_405,HAT707nonMR,Bond Dissociation Energies,Thermochemistry,MACE-POLAR-1-M,-127.00999460610312,-121.29036112552004,5.719633480583084,5.719633480583084,single_atom
HAT707_407,HAT707nonMR,Bond Dissociation Energies,Thermochemistry,MACE-POLAR-1-M,-48.6299981721646,-40.17933176598367,8.450666406180929,8.450666406180929,single_atom
HAT707_408,HAT707nonMR,Bond Dissociation Energies,Thermochemistry,MACE-POLAR-1-M,41.159998008531126,41.75914296561122,0.5991449570800924,0.5991449570800924,single_atom
HAT707_409,HAT707nonMR,Bond Dissociation Energies,Thermochemistry,MACE-POLAR-1-M,-59.81999748988267,-65.79384210687456,-5.973844616991897,5.973844616991897,single_atom
HAT707_41,HAT707nonMR,Bond Dissociation Energies,Thermochemistry,MACE-POLAR-1-M,-48.97999785641631,-55.93968536463987,-6.95968750822356,6.95968750822356,single_atom
HAT707_410,HAT707nonMR,Bond Dissociation Energies,Thermochemistry,MACE-POLAR-1-M,-124.73999477142792,-131.7503127599157,-7.01031798848777,7.01031798848777,single_atom
HAT707_415,HAT707nonMR,Bond Dissociation Energies,Thermochemistry,MACE-POLAR-1-M,-8.78999960032081,-3.894672097958608,4.895327502362202,4.895327502362202,single_atom
HAT707_416,HAT707nonMR,Bond Dissociation Energies,Thermochemistry,MACE-POLAR-1-M,-15.779999569471045,-10.998684078036936,4.781315491434109,4.781315491434109,single_atom
HAT707_417,HAT707nonMR,Bond Dissociation Energies,Thermochemistry,MACE-POLAR-1-M,-88.769996473367,-88.9243388325244,-0.1543423591573969,0.1543423591573969,single_atom
HAT707_418,HAT707nonMR,Bond Dissociation Energies,Thermochemistry,MACE-POLAR-1-M,-18.209999259804164,-14.095727305358274,4.11427195444589,4.11427195444589,single_atom
HAT707_419,HAT707nonMR,Bond Dissociation Energies,Thermochemistry,MACE-POLAR-1-M,-10.959999525209806,-6.12213249854991,4.837867026659896,4.837867026659896,single_atom
HAT707_42,HAT707nonMR,Bond Dissociation Energies,Thermochemistry,MACE-POLAR-1-M,-80.1399967287041,-88.03099576853529,-7.890999039831186,7.890999039831186,single_atom
HAT707_420,HAT707nonMR,Bond Dissociation Energies,Thermochemistry,MACE-POLAR-1-M,-5.49000006733826,-0.6258698322790699,4.864130235059189,4.864130235059189,single_atom
HAT707_421,HAT707nonMR,Bond Dissociation Energies,Thermochemistry,MACE-POLAR-1-M,5.4199995029784445,11.744399846607823,6.324400343629379,6.324400343629379,single_atom
HAT707_422,HAT707nonMR,Bond Dissociation Energies,Thermochemistry,MACE-POLAR-1-M,-93.26999617880293,-99.15868205550024,-5.888685876697309,5.888685876697309,single_atom
HAT707_423,HAT707nonMR,Bond Dissociation Energies,Thermochemistry,MACE-POLAR-1-M,-82.05999687912761,-74.87947405464261,7.180522824484996,7.180522824484996,single_atom
HAT707_424,HAT707nonMR,Bond Dissociation Energies,Thermochemistry,MACE-POLAR-1-M,15.109999546394016,19.24513472544823,4.135135179054215,4.135135179054215,single_atom
HAT707_425,HAT707nonMR,Bond Dissociation Energies,Thermochemistry,MACE-POLAR-1-M,-87.01999616958005,-86.38169573409773,0.6383004354823214,0.6383004354823214,single_atom
HAT707_426,HAT707nonMR,Bond Dissociation Energies,Thermochemistry,MACE-POLAR-1-M,51.46999812013062,54.661010777437234,3.191012657306615,3.191012657306615,single_atom
HAT707_427,HAT707nonMR,Bond Dissociation Energies,Thermochemistry,MACE-POLAR-1-M,-103.66999558170052,-103.52388455184224,0.1461110298582753,0.1461110298582753,single_atom
HAT707_428,HAT707nonMR,Bond Dissociation Energies,Thermochemistry,MACE-POLAR-1-M,-41.29999850974128,-50.14652906647889,-8.846530556737612,8.846530556737612,single_atom
HAT707_429,HAT707nonMR,Bond Dissociation Energies,Thermochemistry,MACE-POLAR-1-M,-93.6799964364358,-96.12191368629406,-2.441917249858264,2.441917249858264,single_atom
HAT707_43,HAT707nonMR,Bond Dissociation Energies,Thermochemistry,MACE-POLAR-1-M,-6.559999729560092,-10.329552415302208,-3.7695526857421164,3.7695526857421164,single_atom
HAT707_430,HAT707nonMR,Bond Dissociation Energies,Thermochemistry,MACE-POLAR-1-M,-143.47999418060846,-159.32840849183154,-15.848414311223081,15.848414311223081,single_atom
HAT707_431,HAT707nonMR,Bond Dissociation Energies,Thermochemistry,MACE-POLAR-1-M,76.69999682937386,76.20331228647537,-0.4966845428984925,0.4966845428984925,single_atom
HAT707_436,HAT707nonMR,Bond Dissociation Energies,Thermochemistry,MACE-POLAR-1-M,3.049999758517045,4.5778369126580944,1.5278371541410496,1.5278371541410496,single_atom
HAT707_437,HAT707nonMR,Bond Dissociation Energies,Thermochemistry,MACE-POLAR-1-M,-23.75999927301414,-24.197327687492823,-0.43732841447868154,0.43732841447868154,single_atom
HAT707_44,HAT707nonMR,Bond Dissociation Energies,Thermochemistry,MACE-POLAR-1-M,-54.64999776136973,-56.28799062156078,-1.6379928601910478,1.6379928601910478,single_atom
HAT707_445,HAT707nonMR,Bond Dissociation Energies,Thermochemistry,MACE-POLAR-1-M,67.7399971997623,67.29263011541933,-0.44736708434297157,0.44736708434297157,single_atom
HAT707_446,HAT707nonMR,Bond Dissociation Energies,Thermochemistry,MACE-POLAR-1-M,109.44999547555372,107.23719382069036,-2.2128016548633553,2.2128016548633553,single_atom
HAT707_447,HAT707nonMR,Bond Dissociation Energies,Thermochemistry,MACE-POLAR-1-M,61.01999766233604,58.77104948433959,-2.2489481779964464,2.2489481779964464,single_atom
HAT707_449,HAT707nonMR,Bond Dissociation Energies,Thermochemistry,MACE-POLAR-1-M,51.32999761892047,50.91655834457512,-0.4134392743453503,0.4134392743453503,single_atom
HAT707_450,HAT707nonMR,Bond Dissociation Energies,Thermochemistry,MACE-POLAR-1-M,84.09999652347236,84.43251608851936,0.33251956504700786,0.33251956504700786,single_atom
HAT707_451,HAT707nonMR,Bond Dissociation Energies,Thermochemistry,MACE-POLAR-1-M,19.70999916161613,18.287721856429243,-1.4222773051868849,1.4222773051868849,single_atom
HAT707_452,HAT707nonMR,Bond Dissociation Energies,Thermochemistry,MACE-POLAR-1-M,-56.62999785766494,-58.20887389175255,-1.5788760340876138,1.5788760340876138,single_atom
HAT707_453,HAT707nonMR,Bond Dissociation Energies,Thermochemistry,MACE-POLAR-1-M,5.149999746555701,1.822694948919756,-3.327304797635945,3.327304797635945,single_atom
HAT707_454,HAT707nonMR,Bond Dissociation Energies,Thermochemistry,MACE-POLAR-1-M,-26.27999888215485,-36.15081061616045,-9.8708117340056,9.8708117340056,single_atom
HAT707_455,HAT707nonMR,Bond Dissociation Energies,Thermochemistry,MACE-POLAR-1-M,75.91999686161765,73.63398133808062,-2.2860155235370314,2.2860155235370314,single_atom
HAT707_456,HAT707nonMR,Bond Dissociation Energies,Thermochemistry,MACE-POLAR-1-M,39.02999867506608,36.90542351768948,-2.1245751573766043,2.1245751573766043,single_atom
HAT707_457,HAT707nonMR,Bond Dissociation Energies,Thermochemistry,MACE-POLAR-1-M,33.3799987520699,33.076966322302404,-0.303032429767498,0.303032429767498,single_atom
HAT707_458,HAT707nonMR,Bond Dissociation Energies,Thermochemistry,MACE-POLAR-1-M,82.7199965805191,79.35961771703455,-3.3603788634845415,3.3603788634845415,single_atom
HAT707_459,HAT707nonMR,Bond Dissociation Energies,Thermochemistry,MACE-POLAR-1-M,-5.269999638299143,-6.489582783378849,-1.2195831450797066,1.2195831450797066,single_atom
HAT707_46,HAT707nonMR,Bond Dissociation Energies,Thermochemistry,MACE-POLAR-1-M,17.319999435197495,10.853847263334458,-6.466152171863037,6.466152171863037,single_atom
HAT707_460,HAT707nonMR,Bond Dissociation Energies,Thermochemistry,MACE-POLAR-1-M,-52.95999803096397,-51.85785087313033,1.1021471578336417,1.1021471578336417,single_atom
HAT707_461,HAT707nonMR,Bond Dissociation Energies,Thermochemistry,MACE-POLAR-1-M,-60.589997422745896,-61.15362988615004,-0.5636324634041472,0.5636324634041472,single_atom
HAT707_462,HAT707nonMR,Bond Dissociation Energies,Thermochemistry,MACE-POLAR-1-M,-47.059998333502286,-47.40927724514762,-0.3492789116453352,0.3492789116453352,single_atom
HAT707_463,HAT707nonMR,Bond Dissociation Energies,Thermochemistry,MACE-POLAR-1-M,13.409999197500166,11.290347698332743,-2.119651499167423,2.119651499167423,single_atom
HAT707_464,HAT707nonMR,Bond Dissociation Energies,Thermochemistry,MACE-POLAR-1-M,-52.55999776430969,-52.91909196088644,-0.35909419657674846,0.35909419657674846,single_atom
HAT707_465,HAT707nonMR,Bond Dissociation Energies,Thermochemistry,MACE-POLAR-1-M,39.01999868408747,39.18653810876714,0.16653942467966942,0.16653942467966942,single_atom
HAT707_466,HAT707nonMR,Bond Dissociation Energies,Thermochemistry,MACE-POLAR-1-M,7.859999811799661,7.095227704850736,-0.7647721069489242,0.7647721069489242,single_atom
HAT707_467,HAT707nonMR,Bond Dissociation Energies,Thermochemistry,MACE-POLAR-1-M,12.69999921050866,11.290637395986163,-1.4093618145224962,1.4093618145224962,single_atom
HAT707_468,HAT707nonMR,Bond Dissociation Energies,Thermochemistry,MACE-POLAR-1-M,-35.38999882130098,-34.667800810209485,0.7221980110914927,0.7221980110914927,single_atom
HAT707_47,HAT707nonMR,Bond Dissociation Energies,Thermochemistry,MACE-POLAR-1-M,-76.70999668549003,-78.3658662228697,-1.6558695373796724,1.6558695373796724,single_atom
HAT707_470,HAT707nonMR,Bond Dissociation Energies,Thermochemistry,MACE-POLAR-1-M,-57.44999774542127,-56.74567641158133,0.7043213338399426,0.7043213338399426,single_atom
HAT707_471,HAT707nonMR,Bond Dissociation Energies,Thermochemistry,MACE-POLAR-1-M,30.529998813125257,29.10352408883208,-1.4264747242931755,1.4264747242931755,single_atom
HAT707_472,HAT707nonMR,Bond Dissociation Energies,Thermochemistry,MACE-POLAR-1-M,-68.73999697292554,-72.11000510640267,-3.3700081334771284,3.3700081334771284,single_atom
HAT707_473,HAT707nonMR,Bond Dissociation Energies,Thermochemistry,MACE-POLAR-1-M,-4.3099998768421335,-4.703249307710082,-0.3932494308679484,0.3932494308679484,single_atom
HAT707_474,HAT707nonMR,Bond Dissociation Energies,Thermochemistry,MACE-POLAR-1-M,-37.05999856974949,-39.55599107653636,-2.4959925067868696,2.4959925067868696,single_atom
HAT707_475,HAT707nonMR,Bond Dissociation Energies,Thermochemistry,MACE-POLAR-1-M,28.2299990055142,27.46043199697714,-0.7695670085370594,0.7695670085370594,single_atom
HAT707_476,HAT707nonMR,Bond Dissociation Energies,Thermochemistry,MACE-POLAR-1-M,-3.9499995741023337,-4.226178842378526,-0.2761792682761923,0.2761792682761923,single_atom
HAT707_477,HAT707nonMR,Bond Dissociation Energies,Thermochemistry,MACE-POLAR-1-M,-97.09999586116182,-95.09464354727568,2.005352313886135,2.005352313886135,single_atom
HAT707_478,HAT707nonMR,Bond Dissociation Energies,Thermochemistry,MACE-POLAR-1-M,-67.96999704006231,-68.34209154249984,-0.37209450243753395,0.37209450243753395,single_atom
HAT707_479,HAT707nonMR,Bond Dissociation Energies,Thermochemistry,MACE-POLAR-1-M,-66.58999702999378,-66.99828080133081,-0.4082837713370253,0.4082837713370253,single_atom
HAT707_48,HAT707nonMR,Bond Dissociation Energies,Thermochemistry,MACE-POLAR-1-M,-57.45999773639989,-66.02269938455395,-8.562701648154054,8.562701648154054,single_atom
HAT707_480,HAT707nonMR,Bond Dissociation Energies,Thermochemistry,MACE-POLAR-1-M,-87.5099963550419,-86.28667199582414,1.22332435921777,1.22332435921777,single_atom
HAT707_481,HAT707nonMR,Bond Dissociation Energies,Thermochemistry,MACE-POLAR-1-M,-133.259994615326,-135.3585146160448,-2.0985200007187927,2.0985200007187927,single_atom
HAT707_482,HAT707nonMR,Bond Dissociation Energies,Thermochemistry,MACE-POLAR-1-M,-9.12999992110337,-5.175642636287759,3.95435728481561,3.95435728481561,single_atom
HAT707_483,HAT707nonMR,Bond Dissociation Energies,Thermochemistry,MACE-POLAR-1-M,29.82999881711237,28.43070929198224,-1.3992895251301292,1.3992895251301292,single_atom
HAT707_486,HAT707nonMR,Bond Dissociation Energies,Thermochemistry,MACE-POLAR-1-M,90.34999626511012,88.65539673005426,-1.6945995350558576,1.6945995350558576,single_atom
HAT707_487,HAT707nonMR,Bond Dissociation Energies,Thermochemistry,MACE-POLAR-1-M,2.979999821666704,3.815499406724979,0.8354995850582752,0.8354995850582752,single_atom
HAT707_488,HAT707nonMR,Bond Dissociation Energies,Thermochemistry,MACE-POLAR-1-M,30.70999865074042,31.109017031737302,0.3990183809968819,0.3990183809968819,single_atom
HAT707_489,HAT707nonMR,Bond Dissociation Energies,Thermochemistry,MACE-POLAR-1-M,23.719999309099663,24.005005051658976,0.28500574255931355,0.28500574255931355,single_atom
HAT707_49,HAT707nonMR,Bond Dissociation Energies,Thermochemistry,MACE-POLAR-1-M,-87.98999654952515,-93.730194917712,-5.740198368186853,5.740198368186853,single_atom
HAT707_490,HAT707nonMR,Bond Dissociation Energies,Thermochemistry,MACE-POLAR-1-M,21.289998991257068,20.90796182435861,-0.3820371668984599,0.3820371668984599,single_atom
HAT707_491,HAT707nonMR,Bond Dissociation Energies,Thermochemistry,MACE-POLAR-1-M,28.539998725851422,28.881556631146,0.34155790529457875,0.34155790529457875,single_atom
HAT707_492,HAT707nonMR,Bond Dissociation Energies,Thermochemistry,MACE-POLAR-1-M,34.00999881123245,34.37781929741684,0.36782048618439234,0.36782048618439234,single_atom
HAT707_493,HAT707nonMR,Bond Dissociation Energies,Thermochemistry,MACE-POLAR-1-M,44.909998390570536,46.74808897629325,1.8380905857227177,1.8380905857227177,single_atom
HAT707_494,HAT707nonMR,Bond Dissociation Energies,Thermochemistry,MACE-POLAR-1-M,-42.559998000556895,-39.87578492494671,2.684213075610188,2.684213075610188,single_atom
HAT707_495,HAT707nonMR,Bond Dissociation Energies,Thermochemistry,MACE-POLAR-1-M,54.60999779745524,54.2488238551756,-0.36117394227964184,0.36117394227964184,single_atom
HAT707_496,HAT707nonMR,Bond Dissociation Energies,Thermochemistry,MACE-POLAR-1-M,-47.51999791851881,-51.37800660440183,-3.8580086858830214,3.8580086858830214,single_atom
HAT707_497,HAT707nonMR,Bond Dissociation Energies,Thermochemistry,MACE-POLAR-1-M,90.96999623948012,89.66469990711217,-1.3052963323679592,1.3052963323679592,single_atom
HAT707_498,HAT707nonMR,Bond Dissociation Energies,Thermochemistry,MACE-POLAR-1-M,39.49999825106123,35.00368912968543,-4.496309121375802,4.496309121375802,single_atom
HAT707_499,HAT707nonMR,Bond Dissociation Energies,Thermochemistry,MACE-POLAR-1-M,21.93999903237685,23.975326202514054,2.0353271701372044,2.0353271701372044,single_atom
HAT707_50,HAT707nonMR,Bond Dissociation Energies,Thermochemistry,MACE-POLAR-1-M,-20.82999940624054,-23.367083222638858,-2.5370838163983187,2.5370838163983187,single_atom
HAT707_500,HAT707nonMR,Bond Dissociation Energies,Thermochemistry,MACE-POLAR-1-M,40.13999830120239,42.9288528521261,2.788854550923709,2.788854550923709,single_atom
HAT707_502,HAT707nonMR,Bond Dissociation Energies,Thermochemistry,MACE-POLAR-1-M,-7.689999965163118,-6.580725246906359,1.109274718256759,1.109274718256759,single_atom
HAT707_503,HAT707nonMR,Bond Dissociation Energies,Thermochemistry,MACE-POLAR-1-M,-35.5499986769589,-30.432766878290007,5.117231798668893,5.117231798668893,single_atom
HAT707_504,HAT707nonMR,Bond Dissociation Energies,Thermochemistry,MACE-POLAR-1-M,-22.209998788799595,-19.270248922321127,2.9397498664784685,2.9397498664784685,single_atom
HAT707_507,HAT707nonMR,Bond Dissociation Energies,Thermochemistry,MACE-POLAR-1-M,5.639999932017563,4.58179270907301,-1.058207222944553,1.058207222944553,single_atom
HAT707_508,HAT707nonMR,Bond Dissociation Energies,Thermochemistry,MACE-POLAR-1-M,-52.28999800788695,-51.2571536720048,1.032844335882153,1.032844335882153,single_atom
HAT707_51,HAT707nonMR,Bond Dissociation Energies,Thermochemistry,MACE-POLAR-1-M,-92.3099964173459,-99.82947278118,-7.519476363834102,7.519476363834102,single_atom
HAT707_518,HAT707nonMR,Bond Dissociation Energies,Thermochemistry,MACE-POLAR-1-M,6.719999585218013,8.521580631037786,1.8015810458197725,1.8015810458197725,single_atom
HAT707_519,HAT707nonMR,Bond Dissociation Energies,Thermochemistry,MACE-POLAR-1-M,48.42999772508273,48.46614433639271,0.03614661130998087,0.03614661130998087,single_atom
HAT707_52,HAT707nonMR,Bond Dissociation Energies,Thermochemistry,MACE-POLAR-1-M,-56.31999750981824,-61.1761808878457,-4.85618337802746,4.85618337802746,single_atom
HAT707_520,HAT707nonMR,Bond Dissociation Energies,Thermochemistry,MACE-POLAR-1-M,-5.699999877889284,-3.663219936689365,2.036779941199919,2.036779941199919,single_atom
HAT707_522,HAT707nonMR,Bond Dissociation Energies,Thermochemistry,MACE-POLAR-1-M,-9.6899994159061,-7.854491139722518,1.8355082761835808,1.8355082761835808,single_atom
HAT707_523,HAT707nonMR,Bond Dissociation Energies,Thermochemistry,MACE-POLAR-1-M,23.07999925895849,25.66146660417978,2.581467345221288,2.581467345221288,single_atom
HAT707_524,HAT707nonMR,Bond Dissociation Energies,Thermochemistry,MACE-POLAR-1-M,-41.3099985007199,-40.4833276278684,0.8266708728515013,0.8266708728515013,single_atom
HAT707_525,HAT707nonMR,Bond Dissociation Energies,Thermochemistry,MACE-POLAR-1-M,-55.86999791578034,-56.94835453537789,-1.0783566195975496,1.0783566195975496,single_atom
HAT707_526,HAT707nonMR,Bond Dissociation Energies,Thermochemistry,MACE-POLAR-1-M,-87.2999965444909,-94.92186010054198,-7.621863556051082,7.621863556051082,single_atom
HAT707_527,HAT707nonMR,Bond Dissociation Energies,Thermochemistry,MACE-POLAR-1-M,14.89999910833352,14.862931853782976,-0.03706725455054283,0.03706725455054283,single_atom
HAT707_528,HAT707nonMR,Bond Dissociation Energies,Thermochemistry,MACE-POLAR-1-M,-21.979998996291336,-21.865625966608167,0.11437302968316843,0.11437302968316843,single_atom
HAT707_529,HAT707nonMR,Bond Dissociation Energies,Thermochemistry,MACE-POLAR-1-M,-27.62999891928752,-25.69408316207913,1.935915757208388,1.935915757208388,single_atom
HAT707_53,HAT707nonMR,Bond Dissociation Energies,Thermochemistry,MACE-POLAR-1-M,-125.05999511025324,-134.68221454996433,-9.622219439711088,9.622219439711088,single_atom
HAT707_530,HAT707nonMR,Bond Dissociation Energies,Thermochemistry,MACE-POLAR-1-M,-66.28999730063518,-65.26063226771844,1.0293650329167434,1.0293650329167434,single_atom
HAT707_531,HAT707nonMR,Bond Dissociation Energies,Thermochemistry,MACE-POLAR-1-M,-113.97999506579052,-110.62890035746992,3.351094708320602,3.351094708320602,single_atom
HAT707_532,HAT707nonMR,Bond Dissociation Energies,Thermochemistry,MACE-POLAR-1-M,-108.07999536832884,-106.18032672944526,1.8996686388835826,1.8996686388835826,single_atom
HAT707_533,HAT707nonMR,Bond Dissociation Energies,Thermochemistry,MACE-POLAR-1-M,-113.57999542664574,-111.69014144526798,1.8898539813777546,1.8898539813777546,single_atom
HAT707_534,HAT707nonMR,Bond Dissociation Energies,Thermochemistry,MACE-POLAR-1-M,-48.3199978243179,-47.480412088395376,0.839585735922526,0.839585735922526,single_atom
HAT707_535,HAT707nonMR,Bond Dissociation Energies,Thermochemistry,MACE-POLAR-1-M,-96.40999585612754,-93.43885029459102,2.9711455615365168,2.9711455615365168,single_atom
HAT707_536,HAT707nonMR,Bond Dissociation Energies,Thermochemistry,MACE-POLAR-1-M,-61.51999721126704,-61.19916637035364,0.32083084091340197,0.32083084091340197,single_atom
HAT707_537,HAT707nonMR,Bond Dissociation Energies,Thermochemistry,MACE-POLAR-1-M,-118.46999540775732,-115.51672589592091,2.9532695118364103,2.9532695118364103,single_atom
HAT707_538,HAT707nonMR,Bond Dissociation Energies,Thermochemistry,MACE-POLAR-1-M,-129.74999464428296,-130.8810545907842,-1.1310599465012388,1.1310599465012388,single_atom
HAT707_539,HAT707nonMR,Bond Dissociation Energies,Thermochemistry,MACE-POLAR-1-M,-98.07999623208552,-98.3270405609179,-0.2470443288323736,0.2470443288323736,single_atom
HAT707_54,HAT707nonMR,Bond Dissociation Energies,Thermochemistry,MACE-POLAR-1-M,11.709999476115794,8.796598082090311,-2.913401394025483,2.913401394025483,single_atom
HAT707_540,HAT707nonMR,Bond Dissociation Energies,Thermochemistry,MACE-POLAR-1-M,-64.96999723643837,-62.99722832671812,1.9727689097202514,1.9727689097202514,single_atom
HAT707_541,HAT707nonMR,Bond Dissociation Energies,Thermochemistry,MACE-POLAR-1-M,-127.60999469232983,-125.76933028571234,1.840664406617492,1.840664406617492,single_atom
HAT707_542,HAT707nonMR,Bond Dissociation Energies,Thermochemistry,MACE-POLAR-1-M,-194.27999227766205,-194.1295641003844,0.15042817727763236,0.15042817727763236,single_atom
HAT707_543,HAT707nonMR,Bond Dissociation Energies,Thermochemistry,MACE-POLAR-1-M,-62.86999724839971,-70.37167901957461,-7.501681771174901,7.501681771174901,single_atom
HAT707_544,HAT707nonMR,Bond Dissociation Energies,Thermochemistry,MACE-POLAR-1-M,-41.159998008531126,-41.75914296565317,-0.5991449571220429,0.5991449571220429,single_atom
HAT707_545,HAT707nonMR,Bond Dissociation Energies,Thermochemistry,MACE-POLAR-1-M,-100.97999612592326,-107.55298507252772,-6.572988946604454,6.572988946604454,single_atom
HAT707_548,HAT707nonMR,Bond Dissociation Energies,Thermochemistry,MACE-POLAR-1-M,29.32999864067189,29.88434724567273,0.5543486050008397,0.5543486050008397,single_atom
HAT707_549,HAT707nonMR,Bond Dissociation Energies,Thermochemistry,MACE-POLAR-1-M,-2.8799999118805024,-2.3899944902899564,0.49000542159054605,0.49000542159054605,single_atom
HAT707_55,HAT707nonMR,Bond Dissociation Energies,Thermochemistry,MACE-POLAR-1-M,-23.20999914168056,-25.846368653666897,-2.636369511986338,2.636369511986338,single_atom
HAT707_550,HAT707nonMR,Bond Dissociation Energies,Thermochemistry,MACE-POLAR-1-M,-58.02999784969072,-54.95555007761461,3.0744477720761125,3.0744477720761125,single_atom
HAT707_551,HAT707nonMR,Bond Dissociation Energies,Thermochemistry,MACE-POLAR-1-M,-65.00999720035286,-64.72701114511547,0.2829860552373873,0.2829860552373873,single_atom
HAT707_552,HAT707nonMR,Bond Dissociation Energies,Thermochemistry,MACE-POLAR-1-M,-69.50999690578877,-74.96135436804937,-5.451357462260603,5.451357462260603,single_atom
HAT707_553,HAT707nonMR,Bond Dissociation Energies,Thermochemistry,MACE-POLAR-1-M,-63.25999752407538,-62.18436804670978,1.0756294773656023,1.0756294773656023,single_atom
HAT707_554,HAT707nonMR,Bond Dissociation Energies,Thermochemistry,MACE-POLAR-1-M,-79.90999693619585,-79.32655686445428,0.5834400717415775,0.5834400717415775,single_atom
HAT707_555,HAT707nonMR,Bond Dissociation Energies,Thermochemistry,MACE-POLAR-1-M,-44.349998268258325,-54.72436597917893,-10.374367710920602,10.374367710920602,single_atom
HAT707_556,HAT707nonMR,Bond Dissociation Energies,Thermochemistry,MACE-POLAR-1-M,-69.91999716342167,-71.92458599886416,-2.0045888354424903,2.0045888354424903,single_atom
HAT707_557,HAT707nonMR,Bond Dissociation Energies,Thermochemistry,MACE-POLAR-1-M,-119.71999490759433,-135.13108080440162,-15.411085896807293,15.411085896807293,single_atom
HAT707_558,HAT707nonMR,Bond Dissociation Energies,Thermochemistry,MACE-POLAR-1-M,-39.07999862995919,-34.795723281867474,4.284275348091718,4.284275348091718,single_atom
HAT707_559,HAT707nonMR,Bond Dissociation Energies,Thermochemistry,MACE-POLAR-1-M,-20.87999936113364,-15.842196632255437,5.0378027288782015,5.0378027288782015,single_atom
HAT707_56,HAT707nonMR,Bond Dissociation Energies,Thermochemistry,MACE-POLAR-1-M,-185.0999924016656,-190.2208670206617,-5.120874618996112,5.120874618996112,single_atom
HAT707_560,HAT707nonMR,Bond Dissociation Energies,Thermochemistry,MACE-POLAR-1-M,-68.70999699998968,-65.35177473128789,3.3582222687017946,3.3582222687017946,single_atom
HAT707_561,HAT707nonMR,Bond Dissociation Energies,Thermochemistry,MACE-POLAR-1-M,-61.01999766233604,-58.77104948429764,2.248948178038397,2.248948178038397,single_atom
HAT707_562,HAT707nonMR,Bond Dissociation Energies,Thermochemistry,MACE-POLAR-1-M,-3.049999758517045,-4.5778369126580944,-1.5278371541410496,1.5278371541410496,single_atom
HAT707_563,HAT707nonMR,Bond Dissociation Energies,Thermochemistry,MACE-POLAR-1-M,23.75999927301414,24.19732768740893,0.43732841439478776,0.43732841439478776,single_atom
HAT707_564,HAT707nonMR,Bond Dissociation Energies,Thermochemistry,MACE-POLAR-1-M,-55.37999773031848,-54.18925677526658,1.1907409550519006,1.1907409550519006,single_atom
HAT707_57,HAT707nonMR,Bond Dissociation Energies,Thermochemistry,MACE-POLAR-1-M,-87.99999654050376,-95.12622347342796,-7.126226932924197,7.126226932924197,single_atom
HAT707_578,HAT707nonMR,Bond Dissociation Energies,Thermochemistry,MACE-POLAR-1-M,-6.4299998468380295,-6.501502831792457,-0.07150298495442708,0.07150298495442708,single_atom
HAT707_579,HAT707nonMR,Bond Dissociation Energies,Thermochemistry,MACE-POLAR-1-M,2.8799999118805024,2.3899944903319037,-0.4900054215485987,0.4900054215485987,single_atom
HAT707_58,HAT707nonMR,Bond Dissociation Energies,Thermochemistry,MACE-POLAR-1-M,-84.48999656946073,-87.00592545742863,-2.5159288879679025,2.5159288879679025,single_atom
HAT707_589,HAT707nonMR,Bond Dissociation Energies,Thermochemistry,MACE-POLAR-1-M,-54.05999766612167,-53.77555586931951,0.284441796802156,0.284441796802156,single_atom
HAT707_59,HAT707nonMR,Bond Dissociation Energies,Thermochemistry,MACE-POLAR-1-M,-119.12999481234624,-118.45539061475274,0.6746041975934958,0.6746041975934958,single_atom
HAT707_590,HAT707nonMR,Bond Dissociation Energies,Thermochemistry,MACE-POLAR-1-M,-84.41999663261038,-92.5318656101891,-8.111868977578723,8.111868977578723,single_atom
HAT707_60,HAT707nonMR,Bond Dissociation Energies,Thermochemistry,MACE-POLAR-1-M,-85.83999660659339,-88.61847061264015,-2.778474006046764,2.778474006046764,single_atom
HAT707_61,HAT707nonMR,Bond Dissociation Energies,Thermochemistry,MACE-POLAR-1-M,-175.50999289554568,-181.41289546923116,-5.9029025736854805,5.9029025736854805,single_atom
HAT707_615,HAT707nonMR,Bond Dissociation Energies,Thermochemistry,MACE-POLAR-1-M,0.0,-1.396028555658284,-1.396028555658284,1.396028555658284,single_atom
HAT707_616,HAT707nonMR,Bond Dissociation Energies,Thermochemistry,MACE-POLAR-1-M,-124.72999478044932,-123.37933579533848,1.3506589851108401,1.3506589851108401,single_atom
HAT707_617,HAT707nonMR,Bond Dissociation Energies,Thermochemistry,MACE-POLAR-1-M,-87.5099963550419,-87.6827005515034,-0.17270419646149548,0.17270419646149548,single_atom
HAT707_618,HAT707nonMR,Bond Dissociation Energies,Thermochemistry,MACE-POLAR-1-M,-191.3999923657816,-191.73956961005248,-0.33957724427088465,0.33957724427088465,single_atom
HAT707_62,HAT707nonMR,Bond Dissociation Energies,Thermochemistry,MACE-POLAR-1-M,-152.51999355539476,-156.97870442734367,-4.4587108719489095,4.4587108719489095,single_atom
HAT707_620,HAT707nonMR,Bond Dissociation Energies,Thermochemistry,MACE-POLAR-1-M,-9.13999991208199,-6.571671191967017,2.568328720114973,2.568328720114973,single_atom
HAT707_621,HAT707nonMR,Bond Dissociation Energies,Thermochemistry,MACE-POLAR-1-M,-82.66999632882344,-71.87223050964651,10.79776581917693,10.79776581917693,single_atom
HAT707_622,HAT707nonMR,Bond Dissociation Energies,Thermochemistry,MACE-POLAR-1-M,-63.59999721734846,-73.2099619146777,-9.609964697329247,9.609964697329247,single_atom
HAT707_623,HAT707nonMR,Bond Dissociation Energies,Thermochemistry,MACE-POLAR-1-M,-112.33999529027788,-121.11697544817868,-8.776980157900795,8.776980157900795,single_atom
HAT707_63,HAT707nonMR,Bond Dissociation Energies,Thermochemistry,MACE-POLAR-1-M,-146.09999369953536,-152.32761592382906,-6.227622224293697,6.227622224293697,single_atom
HAT707_64,HAT707nonMR,Bond Dissociation Energies,Thermochemistry,MACE-POLAR-1-M,-97.12999583409766,-100.30186610968951,-3.171870275591857,3.171870275591857,single_atom
HAT707_642,HAT707nonMR,Bond Dissociation Energies,Thermochemistry,MACE-POLAR-1-M,-91.25999610957184,-92.89054724010524,-1.6305511305333908,1.6305511305333908,single_atom
HAT707_644,HAT707nonMR,Bond Dissociation Energies,Thermochemistry,MACE-POLAR-1-M,-81.27999632777627,-85.48857637455707,-4.208580046780796,4.208580046780796,single_atom
HAT707_645,HAT707nonMR,Bond Dissociation Energies,Thermochemistry,MACE-POLAR-1-M,39.48999826008261,33.60766057400617,-5.88233768607644,5.88233768607644,single_atom
HAT707_646,HAT707nonMR,Bond Dissociation Energies,Thermochemistry,MACE-POLAR-1-M,-131.06999470847975,-148.69507118009454,-17.62507647161479,17.62507647161479,single_atom
HAT707_647,HAT707nonMR,Bond Dissociation Energies,Thermochemistry,MACE-POLAR-1-M,-7.129999842850914,-18.69608126272496,-11.566081419874045,11.566081419874045,single_atom
HAT707_65,HAT707nonMR,Bond Dissociation Energies,Thermochemistry,MACE-POLAR-1-M,-98.24999607872208,-90.66224393071086,7.587752148011219,7.587752148011219,single_atom
HAT707_651,HAT707nonMR,Bond Dissociation Energies,Thermochemistry,MACE-POLAR-1-M,-58.13999775045554,-56.38105499400768,1.7589427564478655,1.7589427564478655,single_atom
HAT707_652,HAT707nonMR,Bond Dissociation Energies,Thermochemistry,MACE-POLAR-1-M,-0.7299999689487457,-2.838282895145039,-2.108282926196293,2.108282926196293,single_atom
HAT707_653,HAT707nonMR,Bond Dissociation Energies,Thermochemistry,MACE-POLAR-1-M,-3.779999727465791,-7.416119807761186,-3.6361200802953952,3.6361200802953952,single_atom
HAT707_654,HAT707nonMR,Bond Dissociation Energies,Thermochemistry,MACE-POLAR-1-M,-11.349999800885463,-13.563990375629992,-2.2139905747445283,2.2139905747445283,single_atom
HAT707_655,HAT707nonMR,Bond Dissociation Energies,Thermochemistry,MACE-POLAR-1-M,12.399999481150058,10.633337311736993,-1.766662169413065,1.766662169413065,single_atom
HAT707_656,HAT707nonMR,Bond Dissociation Energies,Thermochemistry,MACE-POLAR-1-M,-52.499997818437976,-51.79926228493468,0.7007355335032983,0.7007355335032983,single_atom
HAT707_657,HAT707nonMR,Bond Dissociation Energies,Thermochemistry,MACE-POLAR-1-M,-129.79999459917607,-138.5473934121975,-8.74739881302142,8.74739881302142,single_atom
HAT707_66,HAT707nonMR,Bond Dissociation Energies,Thermochemistry,MACE-POLAR-1-M,13.309999287713968,9.766875377137357,-3.543123910576611,3.543123910576611,single_atom
HAT707_67,HAT707nonMR,Bond Dissociation Energies,Thermochemistry,MACE-POLAR-1-M,-49.04999779326665,-51.40952407365567,-2.3595262803890193,2.3595262803890193,single_atom
HAT707_68,HAT707nonMR,Bond Dissociation Energies,Thermochemistry,MACE-POLAR-1-M,-15.119999537372635,-27.53752161056773,-12.417522073195094,12.417522073195094,single_atom
HAT707_69,HAT707nonMR,Bond Dissociation Energies,Thermochemistry,MACE-POLAR-1-M,-90.20999642930724,-93.16866703924592,-2.958670609938679,2.958670609938679,single_atom
HAT707_70,HAT707nonMR,Bond Dissociation Energies,Thermochemistry,MACE-POLAR-1-M,-22.13999885194925,-35.49997143876623,-13.35997258681698,13.35997258681698,single_atom
HAT707_73,HAT707nonMR,Bond Dissociation Energies,Thermochemistry,MACE-POLAR-1-M,71.08999706128031,67.0352069187659,-4.05479014251442,4.05479014251442,single_atom
HAT707_74,HAT707nonMR,Bond Dissociation Energies,Thermochemistry,MACE-POLAR-1-M,10.329999466047262,7.694095519788769,-2.635903946258493,2.635903946258493,single_atom
HAT707_75,HAT707nonMR,Bond Dissociation Energies,Thermochemistry,MACE-POLAR-1-M,38.87999818287731,34.760865182719314,-4.119133000157994,4.119133000157994,single_atom
HAT707_76,HAT707nonMR,Bond Dissociation Energies,Thermochemistry,MACE-POLAR-1-M,-16.26999912742343,-17.80469040457388,-1.5346912771504506,1.5346912771504506,single_atom
HAT707_77,HAT707nonMR,Bond Dissociation Energies,Thermochemistry,MACE-POLAR-1-M,-30.849998524441105,-34.28164140044697,-3.431642876005867,3.431642876005867,single_atom
HAT707_78,HAT707nonMR,Bond Dissociation Energies,Thermochemistry,MACE-POLAR-1-M,-57.28999788976335,-64.01720644164872,-6.727208551885376,6.727208551885376,single_atom
HAT707_79,HAT707nonMR,Bond Dissociation Energies,Thermochemistry,MACE-POLAR-1-M,-64.2799972314041,-71.12121842172705,-6.841221190322955,6.841221190322955,single_atom
HAT707_80,HAT707nonMR,Bond Dissociation Energies,Thermochemistry,MACE-POLAR-1-M,13.829999446111689,7.326002488635552,-6.5039969574761365,6.5039969574761365,single_atom
HAT707_81,HAT707nonMR,Bond Dissociation Energies,Thermochemistry,MACE-POLAR-1-M,-66.70999754924671,-74.21826164904839,-7.5082640998016785,7.5082640998016785,single_atom
HAT707_82,HAT707nonMR,Bond Dissociation Energies,Thermochemistry,MACE-POLAR-1-M,-59.45999781465235,-66.24466684224527,-6.784669027592919,6.784669027592919,single_atom
HAT707_83,HAT707nonMR,Bond Dissociation Energies,Thermochemistry,MACE-POLAR-1-M,-53.98999772927132,-60.74840417598492,-6.7584064467136,6.7584064467136,single_atom
HAT707_84,HAT707nonMR,Bond Dissociation Energies,Thermochemistry,MACE-POLAR-1-M,-43.07999815895462,-48.37813449709278,-5.298136338138157,5.298136338138157,single_atom
HAT707_85,HAT707nonMR,Bond Dissociation Energies,Thermochemistry,MACE-POLAR-1-M,9.329999740675772,-2.9083407343403054,-12.238340475016077,12.238340475016077,single_atom
HAT707_86,HAT707nonMR,Bond Dissociation Energies,Thermochemistry,MACE-POLAR-1-M,-130.55999454106066,-135.0020083983485,-4.442013857287833,4.442013857287833,single_atom
HAT707_87,HAT707nonMR,Bond Dissociation Energies,Thermochemistry,MACE-POLAR-1-M,-33.389998743048515,-40.87739961829432,-7.487400875245804,7.487400875245804,single_atom
HAT707_88,HAT707nonMR,Bond Dissociation Energies,Thermochemistry,MACE-POLAR-1-M,-135.5199944590226,-146.50423007778787,-10.984235618765268,10.984235618765268,single_atom
HAT707_89,HAT707nonMR,Bond Dissociation Energies,Thermochemistry,MACE-POLAR-1-M,15.579999122389165,9.868645587062208,-5.711353535326957,5.711353535326957,single_atom
HAT707_90,HAT707nonMR,Bond Dissociation Energies,Thermochemistry,MACE-POLAR-1-M,2.969999830688084,-5.461523566268616,-8.431523396956699,8.431523396956699,single_atom
HAT707_91,HAT707nonMR,Bond Dissociation Energies,Thermochemistry,MACE-POLAR-1-M,-1.0699996622218313,-7.273543230692766,-6.203543568470935,6.203543568470935,single_atom
HAT707_92,HAT707nonMR,Bond Dissociation Energies,Thermochemistry,MACE-POLAR-1-M,-68.78999692781865,-72.92723416950534,-4.137237241686691,4.137237241686691,single_atom
HAT707_93,HAT707nonMR,Bond Dissociation Energies,Thermochemistry,MACE-POLAR-1-M,3.400000070278225,-11.890208570213993,-15.290208640492217,15.290208640492217,single_atom
HAT707_94,HAT707nonMR,Bond Dissociation Energies,Thermochemistry,MACE-POLAR-1-M,8.919999483042872,0.1284276348763726,-8.7915718481665,8.7915718481665,single_atom
HAT707_95,HAT707nonMR,Bond Dissociation Energies,Thermochemistry,MACE-POLAR-1-M,-48.499998289442544,-60.12253434370061,-11.622536054258063,11.622536054258063,single_atom
HAT707_96,HAT707nonMR,Bond Dissociation Energies,Thermochemistry,MACE-POLAR-1-M,-40.87999826112976,-63.0780671706611,-22.198068909531344,22.198068909531344,single_atom
HAT707_97,HAT707nonMR,Bond Dissociation Energies,Thermochemistry,MACE-POLAR-1-M,-97.51999610977332,-105.1920691158604,-7.672073006087089,7.672073006087089,single_atom
HAT707_98,HAT707nonMR,Bond Dissociation Energies,Thermochemistry,MACE-POLAR-1-M,-20.81999941526192,-28.98875682938504,-8.168757414123121,8.168757414123121,single_atom
HAT707_99,HAT707nonMR,Bond Dissociation Energies,Thermochemistry,MACE-POLAR-1-M,-22.7199989562187,-37.48609468377881,-14.76609572756011,14.76609572756011,single_atom
HNBrBDE18_1,HNBrBDE18,Bond Dissociation Energies,Thermochemistry,MACE-POLAR-1-M,58.89101112916212,56.17261314800053,-2.718397981161594,2.718397981161594,single_atom
HNBrBDE18_10,HNBrBDE18,Bond Dissociation Energies,Thermochemistry,MACE-POLAR-1-M,62.47609700134277,61.247578271689214,-1.2285187296535582,1.2285187296535582,single_atom
HNBrBDE18_11,HNBrBDE18,Bond Dissociation Energies,Thermochemistry,MACE-POLAR-1-M,61.20936621639891,59.49652881522317,-1.7128374011757401,1.7128374011757401,single_atom
HNBrBDE18_12,HNBrBDE18,Bond Dissociation Energies,Thermochemistry,MACE-POLAR-1-M,60.70745464610045,59.816550893092455,-0.8909037530079971,0.8909037530079971,single_atom
HNBrBDE18_13,HNBrBDE18,Bond Dissociation Energies,Thermochemistry,MACE-POLAR-1-M,63.38431844605719,61.044111824328645,-2.340206621728548,2.340206621728548,single_atom
HNBrBDE18_14,HNBrBDE18,Bond Dissociation Energies,Thermochemistry,MACE-POLAR-1-M,59.77533199302855,57.32393562860658,-2.4513963644219743,2.4513963644219743,single_atom
HNBrBDE18_15,HNBrBDE18,Bond Dissociation Energies,Thermochemistry,MACE-POLAR-1-M,58.74760764407415,56.88545640720424,-1.862151236869913,1.862151236869913,single_atom
HNBrBDE18_16,HNBrBDE18,Bond Dissociation Energies,Thermochemistry,MACE-POLAR-1-M,68.2122345223337,67.82106881713288,-0.3911657052008195,0.3911657052008195,single_atom
HNBrBDE18_17,HNBrBDE18,Bond Dissociation Energies,Thermochemistry,MACE-POLAR-1-M,47.94454886583622,45.37454924243896,-2.5699996233972584,2.5699996233972584,single_atom
HNBrBDE18_18,HNBrBDE18,Bond Dissociation Energies,Thermochemistry,MACE-POLAR-1-M,49.54588715514256,46.83193775076646,-2.713949404376102,2.713949404376102,single_atom
HNBrBDE18_2,HNBrBDE18,Bond Dissociation Energies,Thermochemistry,MACE-POLAR-1-M,67.04110606078183,63.91631887574536,-3.1247871850364675,3.1247871850364675,single_atom
HNBrBDE18_3,HNBrBDE18,Bond Dissociation Energies,Thermochemistry,MACE-POLAR-1-M,55.71223450388797,52.923401661746496,-2.788832842141474,2.788832842141474,single_atom
HNBrBDE18_4,HNBrBDE18,Bond Dissociation Energies,Thermochemistry,MACE-POLAR-1-M,55.83173740812796,50.636731786817656,-5.195005621310301,5.195005621310301,single_atom
HNBrBDE18_5,HNBrBDE18,Bond Dissociation Energies,Thermochemistry,MACE-POLAR-1-M,52.55735908697128,48.88661567353436,-3.6707434134369237,3.6707434134369237,single_atom
HNBrBDE18_6,HNBrBDE18,Bond Dissociation Energies,Thermochemistry,MACE-POLAR-1-M,48.70936682546265,43.470385908068046,-5.238980917394606,5.238980917394606,single_atom
HNBrBDE18_7,HNBrBDE18,Bond Dissociation Energies,Thermochemistry,MACE-POLAR-1-M,56.978965288831816,55.11695612513768,-1.8620091636941325,1.8620091636941325,single_atom
HNBrBDE18_8,HNBrBDE18,Bond Dissociation Energies,Thermochemistry,MACE-POLAR-1-M,45.17208211497801,43.77088409224181,-1.401198022736203,1.401198022736203,single_atom
HNBrBDE18_9,HNBrBDE18,Bond Dissociation Energies,Thermochemistry,MACE-POLAR-1-M,44.57456822128756,44.3087433616423,-0.2658248596452566,0.2658248596452566,single_atom
EA50_1,EA50,Electron Affinities,Thermochemistry,MACE-POLAR-1-M,14.528145151628726,22.909439274350905,8.38129412272218,8.38129412272218,single_atom
EA50_10,EA50,Electron Affinities,Thermochemistry,MACE-POLAR-1-M,17.75662178226739,19.691689125103704,1.9350673428363123,1.9350673428363123,single_atom
EA50_2,EA50,Electron Affinities,Thermochemistry,MACE-POLAR-1-M,6.918164567088265,-10.481428365159363,-17.39959293224763,17.39959293224763,single_atom
EA50_3,EA50,Electron Affinities,Thermochemistry,MACE-POLAR-1-M,12.913906522554656,18.66253482494345,5.748628302388793,5.748628302388793,single_atom
EA50_4,EA50,Electron Affinities,Thermochemistry,MACE-POLAR-1-M,10.838457215179126,-98.99502968108372,-109.83348689626285,109.83348689626285,single_atom
EA50_47,EA50,Electron Affinities,Thermochemistry,MACE-POLAR-1-M,33.89900556297019,-91.44573390103756,-125.34473946400774,125.34473946400774,outlier_gt_100
EA50_5,EA50,Electron Affinities,Thermochemistry,MACE-POLAR-1-M,83.94039427913368,85.28798805521454,1.3475937760808563,1.3475937760808563,single_atom
EA50_6,EA50,Electron Affinities,Thermochemistry,MACE-POLAR-1-M,32.976583578857785,-1.1509401561609849,-34.12752373501877,34.12752373501877,single_atom
EA50_7,EA50,Electron Affinities,Thermochemistry,MACE-POLAR-1-M,48.1965447479387,46.72538881111355,-1.4711559368251557,1.4711559368251557,single_atom
EA50_8,EA50,Electron Affinities,Thermochemistry,MACE-POLAR-1-M,81.63433963260744,79.38167428621374,-2.252665346393698,2.252665346393698,single_atom
EA50_9,EA50,Electron Affinities,Thermochemistry,MACE-POLAR-1-M,9.22421921361453,-110.2213377117919,-119.44555692540644,119.44555692540644,single_atom
G21EA_1,G21EA,Electron Affinities,Thermochemistry,MACE-POLAR-1-M,29.435340538610763,1.980385910818432,-27.454954627792333,27.454954627792333,single_atom
G21EA_2,G21EA,Electron Affinities,Thermochemistry,MACE-POLAR-1-M,33.98432175106338,30.780368137379316,-3.2039536136840674,3.2039536136840674,single_atom
G21EA_3,G21EA,Electron Affinities,Thermochemistry,MACE-POLAR-1-M,79.21368481336201,81.17741655372927,1.9637317403672654,1.9637317403672654,single_atom
G21EA_4,G21EA,Electron Affinities,Thermochemistry,MACE-POLAR-1-M,32.69559613154425,-1.0824156092961124,-33.77801174084036,33.77801174084036,single_atom
G21EA_5,G21EA,Electron Affinities,Thermochemistry,MACE-POLAR-1-M,17.059833379742745,11.13250942283944,-5.9273239569033045,5.9273239569033045,single_atom
G21EA_6,G21EA,Electron Affinities,Thermochemistry,MACE-POLAR-1-M,48.2112021142338,53.02985506840122,4.818652954167419,4.818652954167419,single_atom
G21EA_7,G21EA,Electron Affinities,Thermochemistry,MACE-POLAR-1-M,84.40050995340292,85.28798805521454,0.8874781018116238,0.8874781018116238,single_atom
BH76RC_1,BH76RC,General Reaction Energies,Thermochemistry,MACE-POLAR-1-M,-64.91004874634352,-62.614371837773646,2.295676908569874,2.295676908569874,single_atom
BH76RC_10,BH76RC,General Reaction Energies,Thermochemistry,MACE-POLAR-1-M,-19.550014993695065,-15.450053781129466,4.099961212565599,4.099961212565599,single_atom
BH76RC_11,BH76RC,General Reaction Energies,Thermochemistry,MACE-POLAR-1-M,-40.02003041244213,-37.753637822797664,2.266392589644468,2.266392589644468,single_atom
BH76RC_14,BH76RC,General Reaction Energies,Thermochemistry,MACE-POLAR-1-M,-1.9000014234852007,2.4580547922331184,4.358056215718319,4.358056215718319,single_atom
BH76RC_15,BH76RC,General Reaction Energies,Thermochemistry,MACE-POLAR-1-M,-16.390012196865825,-17.860435064494126,-1.4704228676283009,1.4704228676283009,single_atom
BH76RC_16,BH76RC,General Reaction Energies,Thermochemistry,MACE-POLAR-1-M,-3.1100022144266624,-7.122886271018468,-4.0128840565918065,4.0128840565918065,single_atom
BH76RC_19,BH76RC,General Reaction Energies,Thermochemistry,MACE-POLAR-1-M,-5.010003637911863,-4.66483147879768,0.345172159114183,0.345172159114183,single_atom
BH76RC_2,BH76RC,General Reaction Energies,Thermochemistry,MACE-POLAR-1-M,-26.320020181391445,-20.76160753653171,5.558412644859736,5.558412644859736,single_atom
BH76RC_21,BH76RC,General Reaction Energies,Thermochemistry,MACE-POLAR-1-M,-32.22002427141945,-36.25314633894861,-4.033122067529163,4.033122067529163,single_atom
BH76RC_22,BH76RC,General Reaction Energies,Thermochemistry,MACE-POLAR-1-M,5.440003877502003,6.732955202864325,1.2929513253623215,1.2929513253623215,single_atom
BH76RC_23,BH76RC,General Reaction Energies,Thermochemistry,MACE-POLAR-1-M,-21.74001615556025,-16.86788872413157,4.87212743142868,4.87212743142868,single_atom
BH76RC_24,BH76RC,General Reaction Energies,Thermochemistry,MACE-POLAR-1-M,-2.3200016720967214,0.3899310681455001,2.7099327402422215,2.7099327402422215,single_atom
BH76RC_25,BH76RC,General Reaction Energies,Thermochemistry,MACE-POLAR-1-M,-13.260010000481923,-9.741628065113185,3.5183819353687387,3.5183819353687387,single_atom
BH76RC_26,BH76RC,General Reaction Energies,Thermochemistry,MACE-POLAR-1-M,0.4200002486115208,2.068123724082375,1.648123475470854,1.648123475470854,single_atom
BH76RC_3,BH76RC,General Reaction Energies,Thermochemistry,MACE-POLAR-1-M,-103.28007813727544,-95.88317732066096,7.396900816614476,7.396900816614476,single_atom
BH76RC_4,BH76RC,General Reaction Energies,Thermochemistry,MACE-POLAR-1-M,-52.64003973527342,-51.27920859807702,1.3608311371963993,1.3608311371963993,single_atom
BH76RC_5,BH76RC,General Reaction Energies,Thermochemistry,MACE-POLAR-1-M,-32.16002432554773,-31.97936245643236,0.1806618691153723,0.1806618691153723,single_atom
BH76RC_7,BH76RC,General Reaction Energies,Thermochemistry,MACE-POLAR-1-M,-20.32001555406776,-21.362517908700987,-1.0425023546332284,1.0425023546332284,single_atom
BH76RC_9,BH76RC,General Reaction Energies,Thermochemistry,MACE-POLAR-1-M,3.690002946205579,6.239123344355727,2.5491203981501482,2.5491203981501482,single_atom
RC21_5,RC21,General Reaction Energies,Thermochemistry,MACE-POLAR-1-M,57.93004374809611,58.62978246228958,0.6997387141934723,0.6997387141934723,single_atom
RC21_9,RC21,General Reaction Energies,Thermochemistry,MACE-POLAR-1-M,49.85003785967208,52.46256301505463,2.6125251553825493,2.6125251553825493,single_atom
G21IP_1,G21IP,Ionization Potentials,Thermochemistry,MACE-POLAR-1-M,314.90023800463126,312.87627485576394,-2.023963148867324,2.023963148867324,single_atom
G21IP_10,G21IP,Ionization Potentials,Thermochemistry,MACE-POLAR-1-M,175.80566343704274,178.71637379154964,2.9107103545069037,2.9107103545069037,single_atom
G21IP_11,G21IP,Ionization Potentials,Thermochemistry,MACE-POLAR-1-M,137.8464212006242,151.83251280265696,13.986091602032758,13.986091602032758,single_atom
G21IP_12,G21IP,Ionization Potentials,Thermochemistry,MACE-POLAR-1-M,188.2112534000972,162.75978141694287,-25.451471983154335,25.451471983154335,single_atom
G21IP_13,G21IP,Ionization Potentials,Thermochemistry,MACE-POLAR-1-M,242.8497106347295,167.0649304019616,-75.7847802327679,75.7847802327679,single_atom
G21IP_14,G21IP,Ionization Potentials,Thermochemistry,MACE-POLAR-1-M,238.3966530305196,160.153678872783,-78.2429741577366,78.2429741577366,single_atom
G21IP_15,G21IP,Ionization Potentials,Thermochemistry,MACE-POLAR-1-M,299.3854138987464,171.52723535384365,-127.85817854490273,127.85817854490273,single_atom
G21IP_2,G21IP,Ionization Potentials,Thermochemistry,MACE-POLAR-1-M,124.21389271090446,130.61678654761192,6.402893836707463,6.402893836707463,single_atom
G21IP_3,G21IP,Ionization Potentials,Thermochemistry,MACE-POLAR-1-M,214.8551500463352,217.8919391440674,3.0367890977321963,3.0367890977321963,single_atom
G21IP_4,G21IP,Ionization Potentials,Thermochemistry,MACE-POLAR-1-M,191.49708941674075,120.89738610184824,-70.59970331489251,70.59970331489251,single_atom
G21IP_5,G21IP,Ionization Potentials,Thermochemistry,MACE-POLAR-1-M,259.71308836840933,163.7384721156606,-95.97461625274872,95.97461625274872,single_atom
G21IP_6,G21IP,Ionization Potentials,Thermochemistry,MACE-POLAR-1-M,335.58670465883216,170.98804656897698,-164.59865808985518,164.59865808985518,single_atom
G21IP_7,G21IP,Ionization Potentials,Thermochemistry,MACE-POLAR-1-M,314.02657601669125,140.69594820824736,-173.3306278084439,173.3306278084439,single_atom
G21IP_8,G21IP,Ionization Potentials,Thermochemistry,MACE-POLAR-1-M,402.1511488755327,139.0490110242857,-263.102137851247,263.102137851247,single_atom
G21IP_9,G21IP,Ionization Potentials,Thermochemistry,MACE-POLAR-1-M,118.13057490572878,125.60635588943352,7.4757809837047375,7.4757809837047375,single_atom
IP23_1,IP23,Ionization Potentials,Thermochemistry,MACE-POLAR-1-M,362.9499624783957,113.7195705422194,-249.23039193617632,249.23039193617632,single_atom
IP23_20,IP23,Ionization Potentials,Thermochemistry,MACE-POLAR-1-M,496.5627761780404,159.33758576827026,-337.2251904097701,337.2251904097701,single_atom
MB16-43_21,MB16-43,Mindless Molecules (MB08/16),Thermochemistry,MACE-POLAR-1-M,806.2259092185122,692.2373941010475,-113.98851511746477,113.98851511746477,outlier_gt_100
MB16-43_40,MB16-43,Mindless Molecules (MB08/16),Thermochemistry,MACE-POLAR-1-M,-362.98087422259744,-475.7798417147397,-112.79896749214225,112.79896749214225,outlier_gt_100
