Identifier,Dataset,Subset,Source_Datatype,Model,Reference,Prediction,DeltaE,Abs_DeltaE,exclusion_type
BH76_10,BH46,Barrier Heights,Barrier Height,wB97M-V,104.8000792760636,101.83145080456572,-2.9686284714978797,2.9686284714978797,single_atom
BH76_13,BH46,Barrier Heights,Barrier Height,wB97M-V,-0.6000007137361577,-1.0805197330599894,-0.4805190193238317,0.4805190193238317,single_atom
BH76_17,BH46,Barrier Heights,Barrier Height,wB97M-V,2.5000021372213586,2.877951971965673,0.37794983474431465,0.37794983474431465,single_atom
BH76_21,BH46,Barrier Heights,Barrier Height,wB97M-V,-12.300008984005968,-12.533766303274666,-0.23375731926869747,0.23375731926869747,single_atom
BH76_22,BH46,Barrier Heights,Barrier Height,wB97M-V,19.80001476816057,20.18435108056157,0.3843363124010004,0.3843363124010004,single_atom
BH76_3,BH46,Barrier Heights,Barrier Height,wB97M-V,42.100031673542496,37.342640132030425,-4.757391541512071,4.757391541512071,single_atom
BH76_31,BH46,Barrier Heights,Barrier Height,wB97M-V,3.200002133234244,3.3612912071049137,0.1612890738706696,0.1612890738706696,single_atom
BH76_39,BH46,Barrier Heights,Barrier Height,wB97M-V,6.100004537109882,4.873631020007609,-1.2263735171022727,1.2263735171022727,single_atom
BH76_40,BH46,Barrier Heights,Barrier Height,wB97M-V,8.000005960595084,5.975475658484788,-2.0245303021102963,2.0245303021102963,single_atom
BH76_42,BH46,Barrier Heights,Barrier Height,wB97M-V,21.600016281859567,19.277367335545524,-2.322648946314043,2.322648946314043,single_atom
BH76_44,BH46,Barrier Heights,Barrier Height,wB97M-V,15.000011568309205,14.423764535453426,-0.5762470328557789,0.5762470328557789,single_atom
BH76_47,BH46,Barrier Heights,Barrier Height,wB97M-V,9.700007564507882,8.853194134174096,-0.8468134303337855,0.8468134303337855,single_atom
BH76_52,BH46,Barrier Heights,Barrier Height,wB97M-V,6.800005160632242,6.036648921560808,-0.7633562390714346,0.7633562390714346,single_atom
BH76_55,BH46,Barrier Heights,Barrier Height,wB97M-V,1.6000010666171218,-2.1231516363338336,-3.7231527029509555,3.7231527029509555,single_atom
BH76_56,BH46,Barrier Heights,Barrier Height,wB97M-V,33.80002535607933,29.181932760187788,-4.618092595891543,4.618092595891543,single_atom
BH76_57,BH46,Barrier Heights,Barrier Height,wB97M-V,14.400010854573043,11.707560472291132,-2.692450382281912,2.692450382281912,single_atom
BH76_59,BH46,Barrier Heights,Barrier Height,wB97M-V,2.900002403875639,3.339371610922215,0.439369207046576,0.439369207046576,single_atom
BH76_65,BH46,Barrier Heights,Barrier Height,wB97M-V,10.400007560520766,7.628605755948749,-2.771401804572017,2.771401804572017,single_atom
BH76_66,BH46,Barrier Heights,Barrier Height,wB97M-V,9.900007384080284,7.813476698612351,-2.0865306854679337,2.0865306854679337,single_atom
BH76_7,BH46,Barrier Heights,Barrier Height,wB97M-V,30.50002331305889,28.24913860922289,-2.2508847038360003,2.2508847038360003,single_atom
BH76_9,BH46,Barrier Heights,Barrier Height,wB97M-V,1.5000011568309202,-0.4977852562571784,-1.9977864130880985,1.9977864130880985,single_atom
BH9_817,BH876,Barrier Heights,Barrier Height,wB97M-V,-3.2100002416844418,-7.634959665932392,-4.42495942424795,4.42495942424795,single_atom
BH9_819,BH876,Barrier Heights,Barrier Height,wB97M-V,14.280000295168543,13.42992833367111,-0.8500719614974326,0.8500719614974326,single_atom
BH9_826,BH876,Barrier Heights,Barrier Height,wB97M-V,4.560000278817111,2.852141566043572,-1.7078587127735392,1.7078587127735392,single_atom
ORBH35_CO3_17,ORBH35,Barrier Heights,Barrier Height,wB97M-V,21.755060067691364,20.76767623205109,-0.9873838356402729,0.9873838356402729,single_atom
ORBH35_CO3_18,ORBH35,Barrier Heights,Barrier Height,wB97M-V,76.69131949350411,73.94892858146382,-2.7423909120402925,2.7423909120402925,single_atom
ORBH35_CO3_19,ORBH35,Barrier Heights,Barrier Height,wB97M-V,62.554614751794006,60.34271677235232,-2.2118979794416873,2.2118979794416873,single_atom
DBH24_1,DBH22,Proton Transfer,Barrier Height,wB97M-V,17.189999552475435,15.778235452072929,-1.4117641004025057,1.4117641004025057,single_atom
DBH24_11,DBH22,Proton Transfer,Barrier Height,wB97M-V,10.649999804872582,9.210923229123583,-1.4390765757489987,1.4390765757489987,single_atom
DBH24_12,DBH22,Proton Transfer,Barrier Height,wB97M-V,3.76999973648717,4.152327767584279,0.38232803109710956,0.38232803109710956,single_atom
DBH24_15,DBH22,Proton Transfer,Barrier Height,wB97M-V,59.32999730442081,56.81259878482429,-2.5173985195965187,2.5173985195965187,single_atom
DBH24_18,DBH22,Proton Transfer,Barrier Height,wB97M-V,17.7699990292354,17.597335530370696,-0.17266349886470422,0.17266349886470422,single_atom
DBH24_2,DBH22,Proton Transfer,Barrier Height,wB97M-V,17.59999918259886,18.16271861723118,0.5627194346323208,0.5627194346323208,single_atom
DBH24_23,DBH22,Proton Transfer,Barrier Height,wB97M-V,12.89999965759054,10.127897301485238,-2.772102356105302,2.772102356105302,single_atom
DBH24_7,DBH22,Proton Transfer,Barrier Height,wB97M-V,14.31999963157355,12.869066138812675,-1.4509334927608748,1.4509334927608748,single_atom
DBH24_8,DBH22,Proton Transfer,Barrier Height,wB97M-V,1.830000231615912,2.816794773124601,0.986794541508689,0.986794541508689,single_atom
BDE99_1,BDE99MR,Bond Dissociation Energies,Thermochemistry,wB97M-V,-17.64999913749196,-18.74985871253946,-1.0998595750474998,1.0998595750474998,single_atom
BDE99_12,BDE99MR,Bond Dissociation Energies,Thermochemistry,wB97M-V,-105.5799957411454,-103.7048288836004,1.875166857544997,1.875166857544997,single_atom
BDE99_3,BDE99MR,Bond Dissociation Energies,Thermochemistry,wB97M-V,-62.66999742882732,-60.0937737238428,2.576223704984521,2.576223704984521,single_atom
BDE99_4,BDE99MR,Bond Dissociation Energies,Thermochemistry,wB97M-V,-60.939997734507074,-57.04185962214195,3.8981381123651246,3.8981381123651246,single_atom
BDE99_5,BDE99MR,Bond Dissociation Energies,Thermochemistry,wB97M-V,-5.560000004188602,-0.9074485412940716,4.652551462894531,4.652551462894531,single_atom
BDE99_55,BDE99MR,Bond Dissociation Energies,Thermochemistry,wB97M-V,-57.7599974657585,-54.18054888768057,3.5794485780779297,3.5794485780779297,single_atom
BDE99_57,BDE99MR,Bond Dissociation Energies,Thermochemistry,wB97M-V,-85.86999657952926,-90.75458084012462,-4.884584260595361,4.884584260595361,single_atom
BDE99_58,BDE99MR,Bond Dissociation Energies,Thermochemistry,wB97M-V,-26.59999859347069,-18.23115774976568,8.368840843705012,8.368840843705012,single_atom
BDE99_6,BDE99MR,Bond Dissociation Energies,Thermochemistry,wB97M-V,-81.6499966214947,-76.92984601023682,4.720150611257878,4.720150611257878,single_atom
BDE99_7,BDE99MR,Bond Dissociation Energies,Thermochemistry,wB97M-V,-13.89999938296203,-8.559674569660347,5.340324813301683,5.340324813301683,single_atom
BDE99_8,BDE99MR,Bond Dissociation Energies,Thermochemistry,wB97M-V,-36.009998261975426,-35.89862693928336,0.11137132269206518,0.11137132269206518,single_atom
BDE99_9,BDE99MR,Bond Dissociation Energies,Thermochemistry,wB97M-V,-40.6999984235146,-40.06812361702644,0.6318748064881632,0.6318748064881632,single_atom
BDE99_97,BDE99MR,Bond Dissociation Energies,Thermochemistry,wB97M-V,-65.97999758029796,-64.68279550005312,1.297202080244844,1.297202080244844,single_atom
BDE99_10,BDE99nonMR,Bond Dissociation Energies,Thermochemistry,wB97M-V,-100.7799956788414,-99.92908561565216,0.8509100631892466,0.8509100631892466,single_atom
BDE99_11,BDE99nonMR,Bond Dissociation Energies,Thermochemistry,wB97M-V,-59.019997584083576,-59.287657232186994,-0.26765964810341814,0.26765964810341814,single_atom
BDE99_13,BDE99nonMR,Bond Dissociation Energies,Thermochemistry,wB97M-V,-51.44999813817338,-50.82764014037989,0.6223579977934861,0.6223579977934861,single_atom
BDE99_14,BDE99nonMR,Bond Dissociation Energies,Thermochemistry,wB97M-V,-75.13999684682771,-74.82468877283763,0.31530807399008154,0.31530807399008154,single_atom
BDE99_15,BDE99nonMR,Bond Dissociation Energies,Thermochemistry,wB97M-V,-118.09999511403888,-117.10373503137932,0.9962600826595605,0.9962600826595605,single_atom
BDE99_16,BDE99nonMR,Bond Dissociation Energies,Thermochemistry,wB97M-V,-42.3599981809845,-41.42709308634453,0.9329050946399704,0.9329050946399704,single_atom
BDE99_17,BDE99nonMR,Bond Dissociation Energies,Thermochemistry,wB97M-V,-84.76999631686209,-85.6969121473251,-0.9269158304630025,0.9269158304630025,single_atom
BDE99_19,BDE99nonMR,Bond Dissociation Energies,Thermochemistry,wB97M-V,-116.8499949866924,-125.50216395080292,-8.65216896411053,8.65216896411053,single_atom
BDE99_20,BDE99nonMR,Bond Dissociation Energies,Thermochemistry,wB97M-V,-215.1099910563931,-215.9864192943405,-0.8764282379473798,0.8764282379473798,single_atom
BDE99_24,BDE99nonMR,Bond Dissociation Energies,Thermochemistry,wB97M-V,-53.13999786857913,-52.45804529605812,0.6819525725210127,0.6819525725210127,single_atom
BDE99_25,BDE99nonMR,Bond Dissociation Energies,Thermochemistry,wB97M-V,-122.7899946480686,-121.92892219445876,0.861072453609836,0.861072453609836,single_atom
BDE99_28,BDE99nonMR,Bond Dissociation Energies,Thermochemistry,wB97M-V,-43.04999818601876,-44.53202778526984,-1.482029599251078,1.482029599251078,single_atom
BDE99_30,BDE99nonMR,Bond Dissociation Energies,Thermochemistry,wB97M-V,-173.5299927992505,-173.2372094288436,0.2927833704068803,0.2927833704068803,single_atom
BDE99_34,BDE99nonMR,Bond Dissociation Energies,Thermochemistry,wB97M-V,-161.84999329607052,-160.43541268215503,1.41458061391549,1.41458061391549,single_atom
BDE99_35,BDE99nonMR,Bond Dissociation Energies,Thermochemistry,wB97M-V,-124.31999515032588,-124.3743724230472,-0.0543772727213252,0.0543772727213252,single_atom
BDE99_36,BDE99nonMR,Bond Dissociation Energies,Thermochemistry,wB97M-V,-95.23999628411951,-94.48623403741227,0.7537622467072396,0.7537622467072396,single_atom
BDE99_37,BDE99nonMR,Bond Dissociation Energies,Thermochemistry,wB97M-V,-183.90999222019084,-184.0375427451836,-0.1275505249927562,0.1275505249927562,single_atom
BDE99_38,BDE99nonMR,Bond Dissociation Energies,Thermochemistry,wB97M-V,-19.68999917965889,-19.51994442594201,0.1700547537168795,0.1700547537168795,single_atom
BDE99_39,BDE99nonMR,Bond Dissociation Energies,Thermochemistry,wB97M-V,-195.19999207520456,-195.66063573594425,-0.46064366073969154,0.46064366073969154,single_atom
BDE99_40,BDE99nonMR,Bond Dissociation Energies,Thermochemistry,wB97M-V,-108.55999556281208,-108.965642661756,-0.40564709894391626,0.40564709894391626,single_atom
BDE99_41,BDE99nonMR,Bond Dissociation Energies,Thermochemistry,wB97M-V,-130.40999467638136,-129.98690162182402,0.4230930545573415,0.4230930545573415,single_atom
BDE99_43,BDE99nonMR,Bond Dissociation Energies,Thermochemistry,wB97M-V,-42.82999838448911,-44.36068444083992,-1.5306860563508096,1.5306860563508096,single_atom
BDE99_45,BDE99nonMR,Bond Dissociation Energies,Thermochemistry,wB97M-V,-35.1899983742191,-36.5432984209226,-1.3533000467035023,1.3533000467035023,single_atom
BDE99_46,BDE99nonMR,Bond Dissociation Energies,Thermochemistry,wB97M-V,-100.0299957279354,-98.98603695587576,1.0439587720596393,1.0439587720596393,single_atom
BDE99_47,BDE99nonMR,Bond Dissociation Energies,Thermochemistry,wB97M-V,-107.66999573820544,-106.80342297579308,0.8665727624123605,0.8665727624123605,single_atom
BDE99_48,BDE99nonMR,Bond Dissociation Energies,Thermochemistry,wB97M-V,-103.18999601472676,-102.83086362034756,0.35913239437920197,0.35913239437920197,single_atom
BDE99_50,BDE99nonMR,Bond Dissociation Energies,Thermochemistry,wB97M-V,-22.82999885698352,-24.80375504575977,-1.9737561887762531,1.9737561887762531,single_atom
BDE99_51,BDE99nonMR,Bond Dissociation Energies,Thermochemistry,wB97M-V,-132.06999443385126,-137.62796024056942,-5.557965806718158,5.557965806718158,single_atom
BDE99_52,BDE99nonMR,Bond Dissociation Energies,Thermochemistry,wB97M-V,-229.1999902679489,-229.0471287718108,0.15286149613808675,0.15286149613808675,single_atom
BDE99_54,BDE99nonMR,Bond Dissociation Energies,Thermochemistry,wB97M-V,-96.17999606361928,-96.07116941729208,0.10882664632720207,0.10882664632720207,single_atom
BDE99_59,BDE99nonMR,Bond Dissociation Energies,Thermochemistry,wB97M-V,-93.55999591718287,-91.4471177404578,2.1128781767250757,2.1128781767250757,single_atom
BDE99_61,BDE99nonMR,Bond Dissociation Energies,Thermochemistry,wB97M-V,-77.39999669052429,-78.94404054104352,-1.5440438505192304,1.5440438505192304,single_atom
BDE99_62,BDE99nonMR,Bond Dissociation Energies,Thermochemistry,wB97M-V,-60.87999778863536,-62.37508598553917,-1.495088196903815,1.495088196903815,single_atom
BDE99_63,BDE99nonMR,Bond Dissociation Energies,Thermochemistry,wB97M-V,-68.32999734280212,-70.29817239956569,-1.9681750567635703,1.9681750567635703,single_atom
BDE99_64,BDE99nonMR,Bond Dissociation Energies,Thermochemistry,wB97M-V,-54.70999770724145,-54.805189702202966,-0.09519199496151742,0.09519199496151742,single_atom
BDE99_65,BDE99nonMR,Bond Dissociation Energies,Thermochemistry,wB97M-V,-125.76999509724476,-124.4182692835569,1.3517258136878638,1.3517258136878638,single_atom
BDE99_69,BDE99nonMR,Bond Dissociation Energies,Thermochemistry,wB97M-V,-141.76999384073596,-143.93770228927545,-2.1677084485394857,2.1677084485394857,single_atom
BDE99_70,BDE99nonMR,Bond Dissociation Energies,Thermochemistry,wB97M-V,-65.46999741287885,-66.31015754850024,-0.8401601356213888,0.8401601356213888,single_atom
BDE99_71,BDE99nonMR,Bond Dissociation Energies,Thermochemistry,wB97M-V,-115.4299950127094,-115.08807495218944,0.3419200605199535,0.3419200605199535,single_atom
BDE99_72,BDE99nonMR,Bond Dissociation Energies,Thermochemistry,wB97M-V,-99.49999557855908,-99.30921136312335,0.19078421543572688,0.19078421543572688,single_atom
BDE99_76,BDE99nonMR,Bond Dissociation Energies,Thermochemistry,wB97M-V,-127.80999451190225,-128.692328680779,-0.882334168876767,0.882334168876767,single_atom
BDE99_79,BDE99nonMR,Bond Dissociation Energies,Thermochemistry,wB97M-V,-86.14999632693062,-83.22014499165238,2.9298513352782436,2.9298513352782436,single_atom
BDE99_80,BDE99nonMR,Bond Dissociation Energies,Thermochemistry,wB97M-V,-40.55999854981392,-41.56284246187877,-1.0028439120648542,1.0028439120648542,single_atom
BDE99_81,BDE99nonMR,Bond Dissociation Energies,Thermochemistry,wB97M-V,-169.18999294947247,-171.7455404055575,-2.555547456085037,2.555547456085037,single_atom
BDE99_82,BDE99nonMR,Bond Dissociation Energies,Thermochemistry,wB97M-V,-132.30999421733813,-136.6245960604001,-4.314601843061979,4.314601843061979,single_atom
BDE99_84,BDE99nonMR,Bond Dissociation Energies,Thermochemistry,wB97M-V,-139.3599941323601,-142.3069938582934,-2.9469997259332956,2.9469997259332956,single_atom
BDE99_86,BDE99nonMR,Bond Dissociation Energies,Thermochemistry,wB97M-V,-115.08999531943633,-115.30879965266573,-0.21880433322940007,0.21880433322940007,single_atom
BDE99_87,BDE99nonMR,Bond Dissociation Energies,Thermochemistry,wB97M-V,-112.54999510082892,-112.54001418614143,0.009980914687488962,0.009980914687488962,single_atom
BDE99_88,BDE99nonMR,Bond Dissociation Energies,Thermochemistry,wB97M-V,-117.12999536160324,-116.93432372587615,0.19567163572708068,0.19567163572708068,single_atom
BDE99_89,BDE99nonMR,Bond Dissociation Energies,Thermochemistry,wB97M-V,-106.51999552064515,-106.10932702817294,0.4106684924722117,0.4106684924722117,single_atom
BDE99_90,BDE99nonMR,Bond Dissociation Energies,Thermochemistry,wB97M-V,-126.05999483562476,-126.7567855599372,-0.6967907243124358,0.6967907243124358,single_atom
BDE99_91,BDE99nonMR,Bond Dissociation Energies,Thermochemistry,wB97M-V,-104.09999582129066,-110.37297378420756,-6.272977962916897,6.272977962916897,single_atom
BDE99_93,BDE99nonMR,Bond Dissociation Energies,Thermochemistry,wB97M-V,-104.52999543337133,-101.25118287925494,3.278812554116385,3.278812554116385,single_atom
BDE99_94,BDE99nonMR,Bond Dissociation Energies,Thermochemistry,wB97M-V,-82.31999664457172,-79.27524863832535,3.0447480062463654,3.0447480062463654,single_atom
BDE99_95,BDE99nonMR,Bond Dissociation Energies,Thermochemistry,wB97M-V,-86.31999617356716,-84.50168845153442,1.818307722032742,1.818307722032742,single_atom
BDE99_96,BDE99nonMR,Bond Dissociation Energies,Thermochemistry,wB97M-V,-134.1599944309113,-131.76712874318096,2.3928656877303354,2.3928656877303354,single_atom
HAT707_10,HAT707MR,Bond Dissociation Energies,Thermochemistry,wB97M-V,100.9399958273404,99.78715075374228,-1.1528450735981153,1.1528450735981153,single_atom
HAT707_103,HAT707MR,Bond Dissociation Energies,Thermochemistry,wB97M-V,-111.77999516796568,-113.45664733261894,-1.6766521646532624,1.6766521646532624,single_atom
HAT707_108,HAT707MR,Bond Dissociation Energies,Thermochemistry,wB97M-V,21.74999920378307,24.2683699865934,2.5183707828103294,2.5183707828103294,single_atom
HAT707_109,HAT707MR,Bond Dissociation Energies,Thermochemistry,wB97M-V,23.61999877180399,29.25052996231726,5.6305311905132704,5.6305311905132704,single_atom
HAT707_11,HAT707MR,Bond Dissociation Energies,Thermochemistry,wB97M-V,52.46999784550211,49.96164682023511,-2.5083510252669967,2.5083510252669967,single_atom
HAT707_117,HAT707MR,Bond Dissociation Energies,Thermochemistry,wB97M-V,17.539999236727137,25.09564032460528,7.5556410878781435,7.5556410878781435,single_atom
HAT707_119,HAT707MR,Bond Dissociation Energies,Thermochemistry,wB97M-V,115.06999533747909,116.00660349101292,0.9366081535338395,0.9366081535338395,single_atom
HAT707_120,HAT707MR,Bond Dissociation Energies,Thermochemistry,wB97M-V,201.13999168527053,204.79193422514967,3.651942539879144,3.651942539879144,single_atom
HAT707_121,HAT707MR,Bond Dissociation Energies,Thermochemistry,wB97M-V,178.0799926385257,183.4736693206449,5.393676682119178,5.393676682119178,single_atom
HAT707_122,HAT707MR,Bond Dissociation Energies,Thermochemistry,wB97M-V,118.81999508821634,126.1967876338742,7.37679254565785,7.37679254565785,single_atom
HAT707_123,HAT707MR,Bond Dissociation Energies,Thermochemistry,wB97M-V,197.04999185434352,200.30974160704773,3.2597497527042094,3.2597497527042094,single_atom
HAT707_124,HAT707MR,Bond Dissociation Energies,Thermochemistry,wB97M-V,218.0199909874852,218.33985165914544,0.31986067166025123,0.31986067166025123,single_atom
HAT707_125,HAT707MR,Bond Dissociation Energies,Thermochemistry,wB97M-V,92.01999605145645,94.68833858652594,2.668342535069499,2.668342535069499,single_atom
HAT707_126,HAT707MR,Bond Dissociation Energies,Thermochemistry,wB97M-V,204.98999152611952,202.73224393974155,-2.257747586377974,2.257747586377974,single_atom
HAT707_129,HAT707MR,Bond Dissociation Energies,Thermochemistry,wB97M-V,79.64999670742696,80.0007327353531,0.350736027926132,0.350736027926132,single_atom
HAT707_130,HAT707MR,Bond Dissociation Energies,Thermochemistry,wB97M-V,206.64999145749803,205.6477858626913,-1.0022055948067248,1.0022055948067248,single_atom
HAT707_16,HAT707MR,Bond Dissociation Energies,Thermochemistry,wB97M-V,88.55999633910517,85.09954490259616,-3.460451436509004,3.460451436509004,single_atom
HAT707_161,HAT707MR,Bond Dissociation Energies,Thermochemistry,wB97M-V,233.119990363281,242.172357581116,9.052367217834984,9.052367217834984,single_atom
HAT707_17,HAT707MR,Bond Dissociation Energies,Thermochemistry,wB97M-V,54.129997602972,52.87718874322052,-1.2528088597514753,1.2528088597514753,single_atom
HAT707_176,HAT707MR,Bond Dissociation Energies,Thermochemistry,wB97M-V,-27.29999858948358,-30.72859577254201,-3.4285971830584323,3.4285971830584323,single_atom
HAT707_181,HAT707MR,Bond Dissociation Energies,Thermochemistry,wB97M-V,106.22999578226516,106.99642154656333,0.7664257642981624,0.7664257642981624,single_atom
HAT707_182,HAT707MR,Bond Dissociation Energies,Thermochemistry,wB97M-V,108.09999553136022,111.9785815222872,3.878585990926979,3.878585990926979,single_atom
HAT707_188,HAT707MR,Bond Dissociation Energies,Thermochemistry,wB97M-V,94.15999610761192,99.05703300127183,4.897036893659916,4.897036893659916,single_atom
HAT707_189,HAT707MR,Bond Dissociation Energies,Thermochemistry,wB97M-V,71.09999706086647,77.7387680967492,6.638771035882726,6.638771035882726,single_atom
HAT707_190,HAT707MR,Bond Dissociation Energies,Thermochemistry,wB97M-V,90.06999627668488,94.5748403831343,4.504844106449426,4.504844106449426,single_atom
HAT707_191,HAT707MR,Bond Dissociation Energies,Thermochemistry,wB97M-V,111.03999540982656,112.60495043530328,1.5649550254767206,1.5649550254767206,single_atom
HAT707_192,HAT707MR,Bond Dissociation Energies,Thermochemistry,wB97M-V,98.0099959484609,96.99734271584587,-1.0126532326150226,1.0126532326150226,single_atom
HAT707_196,HAT707MR,Bond Dissociation Energies,Thermochemistry,wB97M-V,99.6699958798394,99.91288463880456,0.24288875896515094,0.24288875896515094,single_atom
HAT707_2,HAT707MR,Bond Dissociation Energies,Thermochemistry,wB97M-V,123.98999487449908,121.10541565822923,-2.8845792162698416,2.8845792162698416,single_atom
HAT707_221,HAT707MR,Bond Dissociation Energies,Thermochemistry,wB97M-V,-145.50999423179678,-151.44281480829144,-5.932820576494663,5.932820576494663,single_atom
HAT707_236,HAT707MR,Bond Dissociation Energies,Thermochemistry,wB97M-V,94.97999607371467,100.48806521932327,5.5080691456086015,5.5080691456086015,single_atom
HAT707_237,HAT707MR,Bond Dissociation Energies,Thermochemistry,wB97M-V,126.13999478562236,136.43745635722033,10.297461571597964,10.297461571597964,single_atom
HAT707_260,HAT707MR,Bond Dissociation Energies,Thermochemistry,wB97M-V,38.35999865198906,47.58817776414387,9.228179112154812,9.228179112154812,single_atom
HAT707_261,HAT707MR,Bond Dissociation Energies,Thermochemistry,wB97M-V,-62.009997396728906,-60.55307018447089,1.456927212258016,1.456927212258016,single_atom
HAT707_262,HAT707MR,Bond Dissociation Energies,Thermochemistry,wB97M-V,35.42999878521545,36.00587075565092,0.5758719704354647,0.5758719704354647,single_atom
HAT707_263,HAT707MR,Bond Dissociation Energies,Thermochemistry,wB97M-V,62.22999719825855,67.51431980303484,5.2843226047762855,5.2843226047762855,single_atom
HAT707_264,HAT707MR,Bond Dissociation Energies,Thermochemistry,wB97M-V,39.17999853974538,46.19605489854786,7.01605635880248,7.01605635880248,single_atom
HAT707_265,HAT707MR,Bond Dissociation Energies,Thermochemistry,wB97M-V,58.14999774143416,63.03212718496864,4.882129443534474,4.882129443534474,single_atom
HAT707_266,HAT707MR,Bond Dissociation Energies,Thermochemistry,wB97M-V,29.439998541436715,31.09286288867128,1.6528643472345657,1.6528643472345657,single_atom
HAT707_267,HAT707MR,Bond Dissociation Energies,Thermochemistry,wB97M-V,79.11999672933624,81.06223723706628,1.9422405077300482,1.9422405077300482,single_atom
HAT707_268,HAT707MR,Bond Dissociation Energies,Thermochemistry,wB97M-V,12.369999508214198,14.68760585116394,2.317606342949743,2.317606342949743,single_atom
HAT707_269,HAT707MR,Bond Dissociation Energies,Thermochemistry,wB97M-V,66.08999726796996,65.4546295176089,-0.6353677503610697,0.6353677503610697,single_atom
HAT707_273,HAT707MR,Bond Dissociation Energies,Thermochemistry,wB97M-V,67.7499971993491,68.37017144056756,0.6201742412184643,0.6201742412184643,single_atom
HAT707_296,HAT707MR,Bond Dissociation Energies,Thermochemistry,wB97M-V,-67.12999717034874,-66.72129202952829,0.4087051408204587,0.4087051408204587,single_atom
HAT707_297,HAT707MR,Bond Dissociation Energies,Thermochemistry,wB97M-V,-71.2499972185971,-69.61864295483898,1.6313542637581264,1.6313542637581264,single_atom
HAT707_3,HAT707MR,Bond Dissociation Energies,Thermochemistry,wB97M-V,48.619998181185984,52.02133710564322,3.401338924457235,3.401338924457235,single_atom
HAT707_315,HAT707MR,Bond Dissociation Energies,Thermochemistry,wB97M-V,-110.70999550574386,-108.99911640158786,1.7108791041560067,1.7108791041560067,single_atom
HAT707_316,HAT707MR,Bond Dissociation Energies,Thermochemistry,wB97M-V,63.05999739322439,68.94535202108628,5.8853546278618865,5.8853546278618865,single_atom
HAT707_317,HAT707MR,Bond Dissociation Energies,Thermochemistry,wB97M-V,94.21999610513204,104.894743159019,10.67474705388696,10.67474705388696,single_atom
HAT707_325,HAT707MR,Bond Dissociation Energies,Thermochemistry,wB97M-V,-74.7399972076829,-73.9365992125708,0.8033979951121069,0.8033979951121069,single_atom
HAT707_330,HAT707MR,Bond Dissociation Energies,Thermochemistry,wB97M-V,-79.2299969221402,-81.86886659219189,-2.6388696700516903,2.6388696700516903,single_atom
HAT707_334,HAT707MR,Bond Dissociation Energies,Thermochemistry,wB97M-V,-72.98999690389596,-72.00105609172898,0.9889408121669732,0.9889408121669732,single_atom
HAT707_336,HAT707MR,Bond Dissociation Energies,Thermochemistry,wB97M-V,-89.62999632503781,-88.48291226948264,1.147084055555169,1.147084055555169,single_atom
HAT707_339,HAT707MR,Bond Dissociation Energies,Thermochemistry,wB97M-V,-79.64999654324225,-80.00073273533971,-0.35073619209745743,0.35073619209745743,single_atom
HAT707_341,HAT707MR,Bond Dissociation Energies,Thermochemistry,wB97M-V,-129.43999492394573,-129.80871415707352,-0.3687192331277913,0.3687192331277913,single_atom
HAT707_346,HAT707MR,Bond Dissociation Energies,Thermochemistry,wB97M-V,-73.04999684976768,-74.91175853614718,-1.861761686379495,1.861761686379495,single_atom
HAT707_349,HAT707MR,Bond Dissociation Energies,Thermochemistry,wB97M-V,60.47999752198108,62.8132587830295,2.3332612610484134,2.3332612610484134,single_atom
HAT707_350,HAT707MR,Bond Dissociation Energies,Thermochemistry,wB97M-V,62.34999771751146,67.79541875875336,5.4454210412419,5.4454210412419,single_atom
HAT707_354,HAT707MR,Bond Dissociation Energies,Thermochemistry,wB97M-V,-9.71999938884196,-9.035635171846964,0.6843642169949948,0.6843642169949948,single_atom
HAT707_355,HAT707MR,Bond Dissociation Energies,Thermochemistry,wB97M-V,14.029999265684092,17.603147774122597,3.5731485084385053,3.5731485084385053,single_atom
HAT707_358,HAT707MR,Bond Dissociation Energies,Thermochemistry,wB97M-V,21.38999890104327,18.40272298151049,-2.987275919532781,2.987275919532781,single_atom
HAT707_359,HAT707MR,Bond Dissociation Energies,Thermochemistry,wB97M-V,-5.510000049295501,-0.8558516375683827,4.654148411727118,4.654148411727118,single_atom
HAT707_360,HAT707MR,Bond Dissociation Energies,Thermochemistry,wB97M-V,-28.569998698787284,-22.174116542037524,6.39588215674976,6.39588215674976,single_atom
HAT707_361,HAT707MR,Bond Dissociation Energies,Thermochemistry,wB97M-V,25.1399986555732,28.59290712440744,3.452908468834238,3.452908468834238,single_atom
HAT707_362,HAT707MR,Bond Dissociation Energies,Thermochemistry,wB97M-V,-9.599999497098516,-5.338044255670251,4.261955241428264,4.261955241428264,single_atom
HAT707_363,HAT707MR,Bond Dissociation Energies,Thermochemistry,wB97M-V,55.49999762206192,59.83200199708701,4.332004375025093,4.332004375025093,single_atom
HAT707_364,HAT707MR,Bond Dissociation Energies,Thermochemistry,wB97M-V,26.78999904957395,27.89273770084316,1.1027386512692097,1.1027386512692097,single_atom
HAT707_365,HAT707MR,Bond Dissociation Energies,Thermochemistry,wB97M-V,11.369999782842708,12.692065796570066,1.3220660137273583,1.3220660137273583,single_atom
HAT707_366,HAT707MR,Bond Dissociation Energies,Thermochemistry,wB97M-V,-1.6599997574698946,-2.915541922976491,-1.2555421655065964,1.2555421655065964,single_atom
HAT707_367,HAT707MR,Bond Dissociation Energies,Thermochemistry,wB97M-V,-5.649999922996183,-4.717314331167493,0.9326855918286894,0.9326855918286894,single_atom
HAT707_368,HAT707MR,Bond Dissociation Energies,Thermochemistry,wB97M-V,36.05999821686853,36.150445487177215,0.09044727030868671,0.09044727030868671,single_atom
HAT707_370,HAT707MR,Bond Dissociation Energies,Thermochemistry,wB97M-V,-12.369999508214198,-12.235760359746427,0.13423914846777052,0.13423914846777052,single_atom
HAT707_371,HAT707MR,Bond Dissociation Energies,Thermochemistry,wB97M-V,-14.029999265684092,-17.603147774113676,-3.5731485084295844,3.5731485084295844,single_atom
HAT707_372,HAT707MR,Bond Dissociation Energies,Thermochemistry,wB97M-V,-22.059998924120293,-20.06895930463834,1.9910396194819526,1.9910396194819526,single_atom
HAT707_373,HAT707MR,Bond Dissociation Energies,Thermochemistry,wB97M-V,10.709999750744302,13.328636381872595,2.618636631128293,2.618636631128293,single_atom
HAT707_374,HAT707MR,Bond Dissociation Energies,Thermochemistry,wB97M-V,-53.6799980089341,-53.30782615588748,0.37217185304661626,0.37217185304661626,single_atom
HAT707_376,HAT707MR,Bond Dissociation Energies,Thermochemistry,wB97M-V,-68.23999742399454,-69.70234512585411,-1.4623477018595707,1.4623477018595707,single_atom
HAT707_377,HAT707MR,Bond Dissociation Energies,Thermochemistry,wB97M-V,-99.66999605270507,-99.9128846388001,-0.2428885860950203,0.2428885860950203,single_atom
HAT707_378,HAT707MR,Bond Dissociation Energies,Thermochemistry,wB97M-V,2.5299996001193223,2.386528218522846,-0.14347138159647654,0.14347138159647654,single_atom
HAT707_379,HAT707MR,Bond Dissociation Energies,Thermochemistry,wB97M-V,-34.35999849548415,-34.53759785834401,-0.17759936285985845,0.17759936285985845,single_atom
HAT707_380,HAT707MR,Bond Dissociation Energies,Thermochemistry,wB97M-V,-40.009998418480336,-38.7341403827238,1.275858035756535,1.275858035756535,single_atom
HAT707_382,HAT707MR,Bond Dissociation Energies,Thermochemistry,wB97M-V,-78.65999680884937,-79.32760702484187,-0.6676102159924966,0.6676102159924966,single_atom
HAT707_383,HAT707MR,Bond Dissociation Energies,Thermochemistry,wB97M-V,-126.34999457400474,-123.46417808853764,2.885816485467103,2.885816485467103,single_atom
HAT707_385,HAT707MR,Bond Dissociation Energies,Thermochemistry,wB97M-V,-120.44999487654304,-118.48147996064432,1.968514915898723,1.968514915898723,single_atom
HAT707_387,HAT707MR,Bond Dissociation Energies,Thermochemistry,wB97M-V,-125.94999493485992,-124.39087253368471,1.5591224011752018,1.5591224011752018,single_atom
HAT707_390,HAT707MR,Bond Dissociation Energies,Thermochemistry,wB97M-V,-60.6899973325321,-60.2264337446995,0.46356358783260276,0.46356358783260276,single_atom
HAT707_391,HAT707MR,Bond Dissociation Energies,Thermochemistry,wB97M-V,-108.77999536434172,-105.67968321393788,3.1003121504038376,3.1003121504038376,single_atom
HAT707_392,HAT707MR,Bond Dissociation Energies,Thermochemistry,wB97M-V,-194.1399917764519,-192.3683451568308,1.7716466196210945,1.7716466196210945,single_atom
HAT707_394,HAT707MR,Bond Dissociation Energies,Thermochemistry,wB97M-V,-130.83999428846204,-129.28181327697538,1.5581810114866528,1.5581810114866528,single_atom
HAT707_396,HAT707MR,Bond Dissociation Energies,Thermochemistry,wB97M-V,-142.12999414347578,-140.9049062677539,1.225087875721897,1.225087875721897,single_atom
HAT707_398,HAT707MR,Bond Dissociation Energies,Thermochemistry,wB97M-V,-110.44999574029973,-110.78063857703988,-0.3306428367401537,0.3306428367401537,single_atom
HAT707_4,HAT707MR,Bond Dissociation Energies,Thermochemistry,wB97M-V,25.559998904184724,30.70307220117408,5.143073296989357,5.143073296989357,single_atom
HAT707_400,HAT707MR,Bond Dissociation Energies,Thermochemistry,wB97M-V,-77.33999674465257,-75.23117215364256,2.1088245910100056,2.1088245910100056,single_atom
HAT707_404,HAT707MR,Bond Dissociation Energies,Thermochemistry,wB97M-V,-139.979994200544,-138.07406249875166,1.9059317017923547,1.9059317017923547,single_atom
HAT707_406,HAT707MR,Bond Dissociation Energies,Thermochemistry,wB97M-V,-206.6499911583668,-205.64778586267792,1.0022052956888672,1.0022052956888672,single_atom
HAT707_411,HAT707MR,Bond Dissociation Energies,Thermochemistry,wB97M-V,-4.689999534029699,0.575180580500889,5.265180114530588,5.265180114530588,single_atom
HAT707_412,HAT707MR,Bond Dissociation Energies,Thermochemistry,wB97M-V,26.46999871074863,36.52457171843361,10.054573007684983,10.054573007684983,single_atom
HAT707_413,HAT707MR,Bond Dissociation Energies,Thermochemistry,wB97M-V,16.959999132457696,17.42870861173272,0.4687094792750237,0.4687094792750237,single_atom
HAT707_414,HAT707MR,Bond Dissociation Energies,Thermochemistry,wB97M-V,-70.40999734888354,-68.74784328862383,1.6621540602597094,1.6621540602597094,single_atom
HAT707_432,HAT707MR,Bond Dissociation Energies,Thermochemistry,wB97M-V,-51.44999813817338,-46.49545341103781,4.95454472713557,4.95454472713557,single_atom
HAT707_433,HAT707MR,Bond Dissociation Energies,Thermochemistry,wB97M-V,-33.24999886934784,-29.745958983317283,3.504039886030558,3.504039886030558,single_atom
HAT707_434,HAT707MR,Bond Dissociation Energies,Thermochemistry,wB97M-V,-81.07999650820388,-77.0113992749995,4.068597233204372,4.068597233204372,single_atom
HAT707_435,HAT707MR,Bond Dissociation Energies,Thermochemistry,wB97M-V,-73.38999717055023,-72.7403248148744,0.6496723556758326,0.6496723556758326,single_atom
HAT707_438,HAT707MR,Bond Dissociation Energies,Thermochemistry,wB97M-V,-67.74999723853267,-68.37017144057647,-0.620174202043799,0.620174202043799,single_atom
HAT707_439,HAT707MR,Bond Dissociation Energies,Thermochemistry,wB97M-V,115.05999524364726,124.42461710664806,9.364621863000792,9.364621863000792,single_atom
HAT707_440,HAT707MR,Bond Dissociation Energies,Thermochemistry,wB97M-V,67.87999719397493,71.88447317734169,4.00447598336676,4.00447598336676,single_atom
HAT707_441,HAT707MR,Bond Dissociation Energies,Thermochemistry,wB97M-V,44.81999784425348,50.56620827287255,5.746210428619072,5.746210428619072,single_atom
HAT707_442,HAT707MR,Bond Dissociation Energies,Thermochemistry,wB97M-V,63.78999736304788,67.40228055931117,3.6122831962632844,3.6122831962632844,single_atom
HAT707_443,HAT707MR,Bond Dissociation Energies,Thermochemistry,wB97M-V,84.75999649618954,85.4323906114088,0.6723941152192623,0.6723941152192623,single_atom
HAT707_444,HAT707MR,Bond Dissociation Energies,Thermochemistry,wB97M-V,71.72999678557086,69.82478289193358,-1.9052138936372813,1.9052138936372813,single_atom
HAT707_448,HAT707MR,Bond Dissociation Energies,Thermochemistry,wB97M-V,73.38999696620303,72.7403248149279,-0.6496721512751265,0.6496721512751265,single_atom
HAT707_45,HAT707MR,Bond Dissociation Energies,Thermochemistry,wB97M-V,-242.63999006589444,-242.8619833395216,-0.22199327362716303,0.22199327362716303,single_atom
HAT707_469,HAT707MR,Bond Dissociation Energies,Thermochemistry,wB97M-V,-154.63999352539065,-155.4455903137311,-0.8055967883404378,0.8055967883404378,single_atom
HAT707_484,HAT707MR,Bond Dissociation Energies,Thermochemistry,wB97M-V,68.69999716007831,73.31550539541097,4.615508235332655,4.615508235332655,single_atom
HAT707_485,HAT707MR,Bond Dissociation Energies,Thermochemistry,wB97M-V,99.85999588129889,109.26489653330802,9.404900652009133,9.404900652009133,single_atom
HAT707_5,HAT707MR,Bond Dissociation Energies,Thermochemistry,wB97M-V,127.73999457505188,131.2955998011262,3.55560522607432,3.55560522607432,single_atom
HAT707_501,HAT707MR,Bond Dissociation Energies,Thermochemistry,wB97M-V,-95.25999626607674,-96.88769277710352,-1.6276965110267838,1.6276965110267838,single_atom
HAT707_505,HAT707MR,Bond Dissociation Energies,Thermochemistry,wB97M-V,38.269998105672,40.83732454225151,2.5673264365795063,2.5673264365795063,single_atom
HAT707_506,HAT707MR,Bond Dissociation Energies,Thermochemistry,wB97M-V,40.13999830120239,45.81948451790402,5.679486216701633,5.679486216701633,single_atom
HAT707_509,HAT707MR,Bond Dissociation Energies,Thermochemistry,wB97M-V,45.149998174057416,45.04150592749788,-0.10849224655953549,0.10849224655953549,single_atom
HAT707_510,HAT707MR,Bond Dissociation Energies,Thermochemistry,wB97M-V,6.859999458918696,11.379908722142376,4.51990926322368,4.51990926322368,single_atom
HAT707_511,HAT707MR,Bond Dissociation Energies,Thermochemistry,wB97M-V,-16.199999190573088,-9.938356182326764,6.261643008246324,6.261643008246324,single_atom
HAT707_512,HAT707MR,Bond Dissociation Energies,Thermochemistry,wB97M-V,48.89999792858734,55.231690070394826,6.331692141807487,6.331692141807487,single_atom
HAT707_513,HAT707MR,Bond Dissociation Energies,Thermochemistry,wB97M-V,2.7700000111156804,6.897716104076178,4.1277160929604975,4.1277160929604975,single_atom
HAT707_514,HAT707MR,Bond Dissociation Energies,Thermochemistry,wB97M-V,52.44999786354487,56.867090452489016,4.4170925889441435,4.4170925889441435,single_atom
HAT707_515,HAT707MR,Bond Dissociation Energies,Thermochemistry,wB97M-V,23.739999291056904,24.92782615617382,1.1878268651169144,1.1878268651169144,single_atom
HAT707_516,HAT707MR,Bond Dissociation Energies,Thermochemistry,wB97M-V,22.089998897056155,23.723241023010903,1.633242125954748,1.633242125954748,single_atom
HAT707_517,HAT707MR,Bond Dissociation Energies,Thermochemistry,wB97M-V,10.709999750744302,9.320218436734269,-1.3897813140100332,1.3897813140100332,single_atom
HAT707_521,HAT707MR,Bond Dissociation Energies,Thermochemistry,wB97M-V,9.71999938884196,9.035635171873716,-0.6843642169682429,0.6843642169682429,single_atom
HAT707_546,HAT707MR,Bond Dissociation Energies,Thermochemistry,wB97M-V,7.679999974184497,12.81094094021165,5.130940966027152,5.130940966027152,single_atom
HAT707_547,HAT707MR,Bond Dissociation Energies,Thermochemistry,wB97M-V,38.839998218962826,48.76033207818004,9.920333859217216,9.920333859217216,single_atom
HAT707_580,HAT707MR,Bond Dissociation Energies,Thermochemistry,wB97M-V,-1.6299997845340342,-3.928089327810493,-2.2980895432764585,2.2980895432764585,single_atom
HAT707_581,HAT707MR,Bond Dissociation Energies,Thermochemistry,wB97M-V,15.2499994200947,15.542442931375303,0.2924435112806041,0.2924435112806041,single_atom
HAT707_6,HAT707MR,Bond Dissociation Energies,Thermochemistry,wB97M-V,44.529998105873496,47.53914448757702,3.0091463817035233,3.0091463817035233,single_atom
HAT707_666,HAT707MR,Bond Dissociation Energies,Thermochemistry,wB97M-V,16.199999190573088,9.938356182255426,-6.261643008317662,6.261643008317662,single_atom
HAT707_667,HAT707MR,Bond Dissociation Energies,Thermochemistry,wB97M-V,-12.369999508214198,-14.687605851172856,-2.3176063429586584,2.3176063429586584,single_atom
HAT707_668,HAT707MR,Bond Dissociation Energies,Thermochemistry,wB97M-V,28.569998698787284,22.174116542037524,-6.39588215674976,6.39588215674976,single_atom
HAT707_673,HAT707MR,Bond Dissociation Energies,Thermochemistry,wB97M-V,-71.0999973539178,-77.7387680967804,-6.638770742862604,6.638770742862604,single_atom
HAT707_688,HAT707MR,Bond Dissociation Energies,Thermochemistry,wB97M-V,-111.40999550175673,-115.8999459567498,-4.489950454993078,4.489950454993078,single_atom
HAT707_689,HAT707MR,Bond Dissociation Energies,Thermochemistry,wB97M-V,-178.07999245957947,-183.47366932065825,-5.393676861078774,5.393676861078774,single_atom
HAT707_690,HAT707MR,Bond Dissociation Energies,Thermochemistry,wB97M-V,-123.07999501395804,-123.68672225271612,-0.6067272387580829,0.6067272387580829,single_atom
HAT707_698,HAT707MR,Bond Dissociation Energies,Thermochemistry,wB97M-V,-101.99999583325202,-103.17051812064658,-1.1705222873945615,1.1705222873945615,single_atom
HAT707_699,HAT707MR,Bond Dissociation Energies,Thermochemistry,wB97M-V,-92.01999605145645,-94.68833858650366,-2.6683425350472163,2.6683425350472163,single_atom
HAT707_7,HAT707MR,Bond Dissociation Energies,Thermochemistry,wB97M-V,100.19999585793012,103.48816900126296,3.288173143332841,3.288173143332841,single_atom
HAT707_700,HAT707MR,Bond Dissociation Energies,Thermochemistry,wB97M-V,-141.80999443215993,-144.49632000823746,-2.686325576077536,2.686325576077536,single_atom
HAT707_704,HAT707MR,Bond Dissociation Energies,Thermochemistry,wB97M-V,-44.81999784425348,-50.56620827287255,-5.746210428619072,5.746210428619072,single_atom
HAT707_705,HAT707MR,Bond Dissociation Energies,Thermochemistry,wB97M-V,-22.089998897056155,-23.723241023010903,-1.633242125954748,1.633242125954748,single_atom
HAT707_706,HAT707MR,Bond Dissociation Energies,Thermochemistry,wB97M-V,1.6599997574698946,2.9155419229586563,1.2555421654887617,1.2555421654887617,single_atom
HAT707_707,HAT707MR,Bond Dissociation Energies,Thermochemistry,wB97M-V,-39.17999853974538,-46.19605489855678,-7.016056358811404,7.016056358811404,single_atom
HAT707_71,HAT707MR,Bond Dissociation Energies,Thermochemistry,wB97M-V,49.43999806894231,53.45236932374816,4.012371254805849,4.012371254805849,single_atom
HAT707_72,HAT707MR,Bond Dissociation Energies,Thermochemistry,wB97M-V,80.59999666815555,89.40176046164522,8.80176379348967,8.80176379348967,single_atom
HAT707_8,HAT707MR,Bond Dissociation Energies,Thermochemistry,wB97M-V,71.48999704474521,71.54890470494774,0.058907660202535794,0.058907660202535794,single_atom
HAT707_9,HAT707MR,Bond Dissociation Energies,Thermochemistry,wB97M-V,65.49999738581472,65.56925453967466,0.0692571538599367,0.0692571538599367,single_atom
HAT707_1,HAT707nonMR,Bond Dissociation Energies,Thermochemistry,wB97M-V,26.54999863857759,24.54647471813419,-2.0035239204434028,2.0035239204434028,single_atom
HAT707_100,HAT707nonMR,Bond Dissociation Energies,Thermochemistry,wB97M-V,5.409999511999825,9.675916848321169,4.265917336321344,4.265917336321344,single_atom
HAT707_101,HAT707nonMR,Bond Dissociation Energies,Thermochemistry,wB97M-V,2.6800000923080995,6.381735332138121,3.701735239830022,3.701735239830022,single_atom
HAT707_102,HAT707nonMR,Bond Dissociation Energies,Thermochemistry,wB97M-V,20.889999352112262,23.13122975985865,2.241230407746386,2.241230407746386,single_atom
HAT707_104,HAT707nonMR,Bond Dissociation Energies,Thermochemistry,wB97M-V,-26.94999890523187,-24.1342105317879,2.8157883734439686,2.8157883734439686,single_atom
HAT707_105,HAT707nonMR,Bond Dissociation Energies,Thermochemistry,wB97M-V,-52.06999757884783,-47.18611663085021,4.883880947997625,4.883880947997625,single_atom
HAT707_106,HAT707nonMR,Bond Dissociation Energies,Thermochemistry,wB97M-V,-38.72999831819801,-38.544888796445015,0.18510952175299167,0.18510952175299167,single_atom
HAT707_107,HAT707nonMR,Bond Dissociation Energies,Thermochemistry,wB97M-V,-19.25999894006875,-19.86313607169847,-0.6031371316297189,0.6031371316297189,single_atom
HAT707_110,HAT707nonMR,Bond Dissociation Energies,Thermochemistry,wB97M-V,-16.519999529398408,-16.568954555515425,-0.0489550261170173,0.0489550261170173,single_atom
HAT707_111,HAT707nonMR,Bond Dissociation Energies,Thermochemistry,wB97M-V,47.74999833853655,46.621078548738254,-1.1289197897982959,1.1289197897982959,single_atom
HAT707_112,HAT707nonMR,Bond Dissociation Energies,Thermochemistry,wB97M-V,44.69999795251003,43.65616700415809,-1.043830948351939,1.043830948351939,single_atom
HAT707_113,HAT707nonMR,Bond Dissociation Energies,Thermochemistry,wB97M-V,78.83999674091037,76.0639097306957,-2.776087010214667,2.776087010214667,single_atom
HAT707_114,HAT707nonMR,Bond Dissociation Energies,Thermochemistry,wB97M-V,102.59999575871892,102.70269267672768,0.10269691800876046,0.10269691800876046,single_atom
HAT707_115,HAT707nonMR,Bond Dissociation Energies,Thermochemistry,wB97M-V,-13.619999635560664,-15.492982697355954,-1.8729830617952903,1.8729830617952903,single_atom
HAT707_116,HAT707nonMR,Bond Dissociation Energies,Thermochemistry,wB97M-V,-145.38999371254386,-145.14751884344437,0.2424748690994818,0.2424748690994818,single_atom
HAT707_118,HAT707nonMR,Bond Dissociation Energies,Thermochemistry,wB97M-V,17.62999915553472,19.44766255089112,1.8176633953564014,1.8176633953564014,single_atom
HAT707_12,HAT707nonMR,Bond Dissociation Energies,Thermochemistry,wB97M-V,48.4799983074853,48.15987441204411,-0.320123895441192,0.320123895441192,single_atom
HAT707_127,HAT707nonMR,Bond Dissociation Energies,Thermochemistry,wB97M-V,242.7099899668493,241.79823134988635,-0.9117586169629419,0.9117586169629419,single_atom
HAT707_128,HAT707nonMR,Bond Dissociation Energies,Thermochemistry,wB97M-V,194.27999227766205,193.41202550297163,-0.8679667746904158,0.8679667746904158,single_atom
HAT707_13,HAT707nonMR,Bond Dissociation Energies,Thermochemistry,wB97M-V,90.18999627172391,89.02763423041557,-1.1623620413083415,1.1623620413083415,single_atom
HAT707_131,HAT707nonMR,Bond Dissociation Energies,Thermochemistry,wB97M-V,184.5899923694152,185.57882655804403,0.9888341886288288,0.9888341886288288,single_atom
HAT707_132,HAT707nonMR,Bond Dissociation Energies,Thermochemistry,wB97M-V,74.28999692899828,69.31459058107954,-4.975406347918735,4.975406347918735,single_atom
HAT707_133,HAT707nonMR,Bond Dissociation Energies,Thermochemistry,wB97M-V,217.359991014768,218.9764222445461,1.6164312297780725,1.6164312297780725,single_atom
HAT707_134,HAT707nonMR,Bond Dissociation Energies,Thermochemistry,wB97M-V,63.24999738537037,58.578257520743634,-4.671739864626737,4.671739864626737,single_atom
HAT707_135,HAT707nonMR,Bond Dissociation Energies,Thermochemistry,wB97M-V,152.96999367652305,152.3399597067949,-0.6300339697281458,0.6300339697281458,single_atom
HAT707_136,HAT707nonMR,Bond Dissociation Energies,Thermochemistry,wB97M-V,44.229998376514885,38.422868135946345,-5.80713024056854,5.80713024056854,single_atom
HAT707_137,HAT707nonMR,Bond Dissociation Energies,Thermochemistry,wB97M-V,26.039999098667963,17.837424922229786,-8.202574176438176,8.202574176438176,single_atom
HAT707_138,HAT707nonMR,Bond Dissociation Energies,Thermochemistry,wB97M-V,138.40999427840475,135.94544073685503,-2.4645535415497193,2.4645535415497193,single_atom
HAT707_139,HAT707nonMR,Bond Dissociation Energies,Thermochemistry,wB97M-V,82.66999658258575,76.18825136049419,-6.481745222091561,6.481745222091561,single_atom
HAT707_14,HAT707nonMR,Bond Dissociation Energies,Thermochemistry,wB97M-V,42.04999846064728,40.45604181630321,-1.5939566443440683,1.5939566443440683,single_atom
HAT707_140,HAT707nonMR,Bond Dissociation Energies,Thermochemistry,wB97M-V,28.609998662701766,21.01337844513249,-7.596620217569278,7.596620217569278,single_atom
HAT707_141,HAT707nonMR,Bond Dissociation Energies,Thermochemistry,wB97M-V,106.97999557765864,105.7349012238912,-1.245094353767442,1.245094353767442,single_atom
HAT707_142,HAT707nonMR,Bond Dissociation Energies,Thermochemistry,wB97M-V,209.17999135291325,208.0343140812141,-1.1456772716991566,1.1456772716991566,single_atom
HAT707_143,HAT707nonMR,Bond Dissociation Energies,Thermochemistry,wB97M-V,172.29999287745918,171.1101880043473,-1.189804873111882,1.189804873111882,single_atom
HAT707_144,HAT707nonMR,Bond Dissociation Energies,Thermochemistry,wB97M-V,166.64999311101909,166.9136454799675,0.2636523689484136,0.2636523689484136,single_atom
HAT707_145,HAT707nonMR,Bond Dissociation Energies,Thermochemistry,wB97M-V,127.99999470873362,126.32017883784944,-1.679815870884184,1.679815870884184,single_atom
HAT707_146,HAT707nonMR,Bond Dissociation Energies,Thermochemistry,wB97M-V,80.29999668055672,82.18360777415364,1.883611093596926,1.883611093596926,single_atom
HAT707_147,HAT707nonMR,Bond Dissociation Energies,Thermochemistry,wB97M-V,86.19999643666293,87.16630590204699,0.9663094653840574,0.9663094653840574,single_atom
HAT707_148,HAT707nonMR,Bond Dissociation Energies,Thermochemistry,wB97M-V,80.69999666402163,81.25691332903332,0.5569166650116983,0.5569166650116983,single_atom
HAT707_149,HAT707nonMR,Bond Dissociation Energies,Thermochemistry,wB97M-V,145.95999382583466,145.4213521179918,-0.5386417078428565,0.5386417078428565,single_atom
HAT707_15,HAT707nonMR,Bond Dissociation Energies,Thermochemistry,wB97M-V,41.759998094757805,40.641428383465176,-1.1185697112926292,1.1185697112926292,single_atom
HAT707_150,HAT707nonMR,Bond Dissociation Energies,Thermochemistry,wB97M-V,97.86999595424828,99.96810264874448,2.0981066944961952,2.0981066944961952,single_atom
HAT707_151,HAT707nonMR,Bond Dissociation Energies,Thermochemistry,wB97M-V,8.399999952154623,10.3820897805052,1.9820898283505777,1.9820898283505777,single_atom
HAT707_152,HAT707nonMR,Bond Dissociation Energies,Thermochemistry,wB97M-V,75.80999686990474,76.36597258569807,0.5559757157933376,0.5559757157933376,single_atom
HAT707_153,HAT707nonMR,Bond Dissociation Energies,Thermochemistry,wB97M-V,64.52999733245754,64.7428795949374,0.21288226247986586,0.21288226247986586,single_atom
HAT707_154,HAT707nonMR,Bond Dissociation Energies,Thermochemistry,wB97M-V,63.65999736842143,62.71357438496744,-0.9464229834539921,0.9464229834539921,single_atom
HAT707_155,HAT707nonMR,Bond Dissociation Energies,Thermochemistry,wB97M-V,96.19999602328237,94.86714728560683,-1.3328487376755334,1.3328487376755334,single_atom
HAT707_156,HAT707nonMR,Bond Dissociation Energies,Thermochemistry,wB97M-V,129.30999465458058,130.41661370906658,1.1066190544860035,1.1066190544860035,single_atom
HAT707_157,HAT707nonMR,Bond Dissociation Energies,Thermochemistry,wB97M-V,66.67999694880136,67.57372336393072,0.8937264151293647,0.8937264151293647,single_atom
HAT707_158,HAT707nonMR,Bond Dissociation Energies,Thermochemistry,wB97M-V,-47.84999824832275,-53.36513621968783,-5.515137971365078,5.515137971365078,single_atom
HAT707_159,HAT707nonMR,Bond Dissociation Energies,Thermochemistry,wB97M-V,97.79999595714196,95.20449688091168,-2.5954990762302828,2.5954990762302828,single_atom
HAT707_160,HAT707nonMR,Bond Dissociation Energies,Thermochemistry,wB97M-V,-31.0599989625016,-28.99838366622585,2.0616152962757504,2.0616152962757504,single_atom
HAT707_162,HAT707nonMR,Bond Dissociation Energies,Thermochemistry,wB97M-V,223.6099907564051,223.076494474424,-0.5334962819810869,0.5334962819810869,single_atom
HAT707_163,HAT707nonMR,Bond Dissociation Energies,Thermochemistry,wB97M-V,94.8199960803291,92.73517650567992,-2.084819574649188,2.084819574649188,single_atom
HAT707_164,HAT707nonMR,Bond Dissociation Energies,Thermochemistry,wB97M-V,191.39999208790343,190.1053429313249,-1.2946491565785152,1.2946491565785152,single_atom
HAT707_165,HAT707nonMR,Bond Dissociation Energies,Thermochemistry,wB97M-V,136.24999436769463,136.89994257404962,0.649948206354992,0.649948206354992,single_atom
HAT707_166,HAT707nonMR,Bond Dissociation Energies,Thermochemistry,wB97M-V,67.40999721340434,60.092674452733206,-7.317322760671132,7.317322760671132,single_atom
HAT707_167,HAT707nonMR,Bond Dissociation Energies,Thermochemistry,wB97M-V,4.909999963068817,6.06413352277338,1.1541335597045634,1.1541335597045634,single_atom
HAT707_168,HAT707nonMR,Bond Dissociation Energies,Thermochemistry,wB97M-V,0.4100002576329006,-1.8681338568477228,-2.2781341144806233,2.2781341144806233,single_atom
HAT707_169,HAT707nonMR,Bond Dissociation Energies,Thermochemistry,wB97M-V,6.659999639346293,7.99967664359736,1.339677004251067,1.339677004251067,single_atom
HAT707_170,HAT707nonMR,Bond Dissociation Energies,Thermochemistry,wB97M-V,-9.989999772774176,-8.482179534138465,1.507820238635711,1.507820238635711,single_atom
HAT707_171,HAT707nonMR,Bond Dissociation Energies,Thermochemistry,wB97M-V,-49.79999774417263,-49.80798142171152,-0.0079836775388884,0.0079836775388884,single_atom
HAT707_172,HAT707nonMR,Bond Dissociation Energies,Thermochemistry,wB97M-V,75.53999687732633,67.95398826936768,-7.586008607958647,7.586008607958647,single_atom
HAT707_173,HAT707nonMR,Bond Dissociation Energies,Thermochemistry,wB97M-V,89.89999628371187,92.4039684083981,2.5039721246862285,2.5039721246862285,single_atom
HAT707_174,HAT707nonMR,Bond Dissociation Energies,Thermochemistry,wB97M-V,155.19999358433947,159.15233245160888,3.952338867269418,3.952338867269418,single_atom
HAT707_175,HAT707nonMR,Bond Dissociation Energies,Thermochemistry,wB97M-V,173.39999283198716,175.90182687932943,2.501834047342271,2.501834047342271,single_atom
HAT707_177,HAT707nonMR,Bond Dissociation Energies,Thermochemistry,wB97M-V,125.56999480918508,128.63638658771853,3.0663917785334576,3.0663917785334576,single_atom
HAT707_178,HAT707nonMR,Bond Dissociation Energies,Thermochemistry,wB97M-V,32.41999836310342,35.54193492922672,3.1219365661233027,3.1219365661233027,single_atom
HAT707_179,HAT707nonMR,Bond Dissociation Energies,Thermochemistry,wB97M-V,45.749998260284094,44.18316276363192,-1.5668354966521747,1.5668354966521747,single_atom
HAT707_18,HAT707nonMR,Bond Dissociation Energies,Thermochemistry,wB97M-V,32.06999867885171,32.808229438573264,0.7382307597215529,0.7382307597215529,single_atom
HAT707_180,HAT707nonMR,Bond Dissociation Energies,Thermochemistry,wB97M-V,133.25999449129563,132.90746104780797,-0.35253344348765836,0.35253344348765836,single_atom
HAT707_183,HAT707nonMR,Bond Dissociation Energies,Thermochemistry,wB97M-V,67.96999704006231,66.1590970045615,-1.8109000355008078,1.8109000355008078,single_atom
HAT707_184,HAT707nonMR,Bond Dissociation Energies,Thermochemistry,wB97M-V,69.91999710964599,70.96509756349721,1.0451004538512194,1.0451004538512194,single_atom
HAT707_185,HAT707nonMR,Bond Dissociation Energies,Thermochemistry,wB97M-V,93.67999612745452,97.6038805094846,3.9238843820300815,3.9238843820300815,single_atom
HAT707_186,HAT707nonMR,Bond Dissociation Energies,Thermochemistry,wB97M-V,138.89999425814892,137.27761442211482,-1.6223798360340993,1.6223798360340993,single_atom
HAT707_187,HAT707nonMR,Bond Dissociation Energies,Thermochemistry,wB97M-V,-47.12999827035263,-54.66326349991122,-7.533265229558587,7.533265229558587,single_atom
HAT707_19,HAT707nonMR,Bond Dissociation Energies,Thermochemistry,wB97M-V,-23.959999092586543,-21.16966476247142,2.7903343301151224,2.7903343301151224,single_atom
HAT707_193,HAT707nonMR,Bond Dissociation Energies,Thermochemistry,wB97M-V,94.01999611339927,95.1955703076014,1.1755741942021274,1.1755741942021274,single_atom
HAT707_194,HAT707nonMR,Bond Dissociation Energies,Thermochemistry,wB97M-V,135.72999438919072,136.0633301259996,0.33333573680889117,0.33333573680889117,single_atom
HAT707_195,HAT707nonMR,Bond Dissociation Energies,Thermochemistry,wB97M-V,87.29999639119096,87.67712427902245,0.37712788783149165,0.37712788783149165,single_atom
HAT707_197,HAT707nonMR,Bond Dissociation Energies,Thermochemistry,wB97M-V,77.60999679175653,79.84392533414838,2.233928542391851,2.233928542391851,single_atom
HAT707_198,HAT707nonMR,Bond Dissociation Energies,Thermochemistry,wB97M-V,121.42999498032408,123.97785408096848,2.547859100644402,2.547859100644402,single_atom
HAT707_199,HAT707nonMR,Bond Dissociation Energies,Thermochemistry,wB97M-V,110.37999543710936,113.24152102065932,2.8615255835499624,2.8615255835499624,single_atom
HAT707_20,HAT707nonMR,Bond Dissociation Energies,Thermochemistry,wB97M-V,64.83999731964255,66.20582512507528,1.3658278054327297,1.3658278054327297,single_atom
HAT707_200,HAT707nonMR,Bond Dissociation Energies,Thermochemistry,wB97M-V,45.98999804377098,46.60505848289924,0.615060439128257,0.615060439128257,single_atom
HAT707_201,HAT707nonMR,Bond Dissociation Energies,Thermochemistry,wB97M-V,91.36999622294502,93.08613163587094,1.7161354129259223,1.7161354129259223,single_atom
HAT707_202,HAT707nonMR,Bond Dissociation Energies,Thermochemistry,wB97M-V,73.1699969752973,72.50068842213655,-0.6693085531607466,0.6693085531607466,single_atom
HAT707_203,HAT707nonMR,Bond Dissociation Energies,Thermochemistry,wB97M-V,-47.49999793656158,-54.95937543155869,-7.4593774949971134,7.4593774949971134,single_atom
HAT707_204,HAT707nonMR,Bond Dissociation Energies,Thermochemistry,wB97M-V,31.42999862871055,30.21053951296828,-1.2194591157422714,1.2194591157422714,single_atom
HAT707_205,HAT707nonMR,Bond Dissociation Energies,Thermochemistry,wB97M-V,129.79999463432537,130.85151486040095,1.0515202260755814,1.0515202260755814,single_atom
HAT707_206,HAT707nonMR,Bond Dissociation Energies,Thermochemistry,wB97M-V,75.73999686905847,75.67664194503925,-0.06335492401922238,0.06335492401922238,single_atom
HAT707_207,HAT707nonMR,Bond Dissociation Energies,Thermochemistry,wB97M-V,102.19999577525464,102.2994128573274,0.09941708207276179,0.09941708207276179,single_atom
HAT707_208,HAT707nonMR,Bond Dissociation Energies,Thermochemistry,wB97M-V,65.30999730021375,65.37528678046054,0.06528948024678982,0.06528948024678982,single_atom
HAT707_209,HAT707nonMR,Bond Dissociation Energies,Thermochemistry,wB97M-V,59.65999763422474,61.17874425608075,1.5187466218560104,1.5187466218560104,single_atom
HAT707_21,HAT707nonMR,Bond Dissociation Energies,Thermochemistry,wB97M-V,-35.00999853660394,-31.905997822771656,3.1040007138322814,3.1040007138322814,single_atom
HAT707_210,HAT707nonMR,Bond Dissociation Energies,Thermochemistry,wB97M-V,91.84999620310305,83.27769250500168,-8.572303698101365,8.572303698101365,single_atom
HAT707_211,HAT707nonMR,Bond Dissociation Energies,Thermochemistry,wB97M-V,21.009999243855702,20.58527761396268,-0.4247216298930212,0.4247216298930212,single_atom
HAT707_212,HAT707nonMR,Bond Dissociation Energies,Thermochemistry,wB97M-V,-26.679999148809127,-23.55129344973309,3.1287056990760362,3.1287056990760362,single_atom
HAT707_213,HAT707nonMR,Bond Dissociation Energies,Thermochemistry,wB97M-V,-51.459998129152005,-57.61519419525976,-6.155196066107756,6.155196066107756,single_atom
HAT707_214,HAT707nonMR,Bond Dissociation Energies,Thermochemistry,wB97M-V,-20.77999945134744,-18.56859532183976,2.211404129507681,2.211404129507681,single_atom
HAT707_215,HAT707nonMR,Bond Dissociation Energies,Thermochemistry,wB97M-V,22.54999910958216,14.736785462914352,-7.813213646667808,7.813213646667808,single_atom
HAT707_216,HAT707nonMR,Bond Dissociation Energies,Thermochemistry,wB97M-V,-26.27999888215485,-24.477987894862338,1.8020109872925119,1.8020109872925119,single_atom
HAT707_217,HAT707nonMR,Bond Dissociation Energies,Thermochemistry,wB97M-V,48.14999797768136,43.06659041502731,-5.0834075626540525,5.0834075626540525,single_atom
HAT707_218,HAT707nonMR,Bond Dissociation Energies,Thermochemistry,wB97M-V,16.989999105393554,10.742709497847995,-6.247289607545559,6.247289607545559,single_atom
HAT707_219,HAT707nonMR,Bond Dissociation Energies,Thermochemistry,wB97M-V,38.97999809266351,39.68645089410505,0.706452801441543,0.706452801441543,single_atom
HAT707_22,HAT707nonMR,Bond Dissociation Energies,Thermochemistry,wB97M-V,0.4500002215473813,-0.4306374126758756,-0.8806376342232569,0.8806376342232569,single_atom
HAT707_220,HAT707nonMR,Bond Dissociation Energies,Thermochemistry,wB97M-V,-9.109999311636654,-5.766798575151177,3.3432007364854774,3.3432007364854774,single_atom
HAT707_222,HAT707nonMR,Bond Dissociation Energies,Thermochemistry,wB97M-V,-31.169998863266425,-29.36892863818867,1.8010702250777548,1.8010702250777548,single_atom
HAT707_223,HAT707nonMR,Bond Dissociation Energies,Thermochemistry,wB97M-V,39.66999809769778,33.32348625285034,-6.346511844847441,6.346511844847441,single_atom
HAT707_224,HAT707nonMR,Bond Dissociation Energies,Thermochemistry,wB97M-V,-42.459998090770696,-40.99202162894933,1.4679764618213653,1.4679764618213653,single_atom
HAT707_225,HAT707nonMR,Bond Dissociation Energies,Thermochemistry,wB97M-V,4.820000044261236,0.5572528858099015,-4.262747158451335,4.262747158451335,single_atom
HAT707_226,HAT707nonMR,Bond Dissociation Energies,Thermochemistry,wB97M-V,-10.779999687594644,-10.867753938270996,-0.08775425067635112,0.08775425067635112,single_atom
HAT707_227,HAT707nonMR,Bond Dissociation Energies,Thermochemistry,wB97M-V,-27.929998648646123,-34.03753825676151,-6.107539608115385,6.107539608115385,single_atom
HAT707_228,HAT707nonMR,Bond Dissociation Energies,Thermochemistry,wB97M-V,22.32999930805251,24.68171248517983,2.351713177127319,2.351713177127319,single_atom
HAT707_229,HAT707nonMR,Bond Dissociation Energies,Thermochemistry,wB97M-V,-87.96999656756792,-91.5825234918114,-3.6125269242434825,3.6125269242434825,single_atom
HAT707_23,HAT707nonMR,Bond Dissociation Energies,Thermochemistry,wB97M-V,-54.01999770220718,-52.06138720756895,1.9586104946382292,1.9586104946382292,single_atom
HAT707_230,HAT707nonMR,Bond Dissociation Energies,Thermochemistry,wB97M-V,9.12999992110337,4.002775505403968,-5.127224415699401,5.127224415699401,single_atom
HAT707_231,HAT707nonMR,Bond Dissociation Energies,Thermochemistry,wB97M-V,-40.30999814783893,-38.161177859982764,2.148820287856168,2.148820287856168,single_atom
HAT707_232,HAT707nonMR,Bond Dissociation Energies,Thermochemistry,wB97M-V,-78.37999706144801,-84.72152277876317,-6.3415257173151645,6.3415257173151645,single_atom
HAT707_233,HAT707nonMR,Bond Dissociation Energies,Thermochemistry,wB97M-V,-106.97999573317117,-105.7349012238912,1.2450945092799657,1.2450945092799657,single_atom
HAT707_234,HAT707nonMR,Bond Dissociation Energies,Thermochemistry,wB97M-V,-0.7099999869915055,1.2981272802189356,2.0081272672104413,2.0081272672104413,single_atom
HAT707_235,HAT707nonMR,Bond Dissociation Energies,Thermochemistry,wB97M-V,47.12999827035263,54.6632634999023,7.53326522954967,7.53326522954967,single_atom
HAT707_238,HAT707nonMR,Bond Dissociation Energies,Thermochemistry,wB97M-V,116.62999517874648,117.34159325053729,0.711598071790803,0.711598071790803,single_atom
HAT707_239,HAT707nonMR,Bond Dissociation Energies,Thermochemistry,wB97M-V,84.41999651024416,84.37044170743816,-0.049554802806,0.049554802806,single_atom
HAT707_24,HAT707nonMR,Bond Dissociation Energies,Thermochemistry,wB97M-V,-72.21999697103273,-72.64683042130333,-0.4268334502706068,0.4268334502706068,single_atom
HAT707_240,HAT707nonMR,Bond Dissociation Energies,Thermochemistry,wB97M-V,29.259998703821548,31.165041350162884,1.905042646341336,1.905042646341336,single_atom
HAT707_241,HAT707nonMR,Bond Dissociation Energies,Thermochemistry,wB97M-V,114.53999526514332,114.75593795263995,0.2159426874966357,0.2159426874966357,single_atom
HAT707_242,HAT707nonMR,Bond Dissociation Energies,Thermochemistry,wB97M-V,39.83999857184379,34.426009480108846,-5.413989091734948,5.413989091734948,single_atom
HAT707_243,HAT707nonMR,Bond Dissociation Energies,Thermochemistry,wB97M-V,32.84999860269356,27.29356084429703,-5.55643775839653,5.55643775839653,single_atom
HAT707_244,HAT707nonMR,Bond Dissociation Energies,Thermochemistry,wB97M-V,30.41999891236044,24.26710185268933,-6.152897059671112,6.152897059671112,single_atom
HAT707_245,HAT707nonMR,Bond Dissociation Energies,Thermochemistry,wB97M-V,37.6699986469548,32.23500285981478,-5.434995787140025,5.434995787140025,single_atom
HAT707_246,HAT707nonMR,Bond Dissociation Energies,Thermochemistry,wB97M-V,43.13999810482634,37.65063088078923,-5.48936722403711,5.48936722403711,single_atom
HAT707_247,HAT707nonMR,Bond Dissociation Energies,Thermochemistry,wB97M-V,54.04999767514305,50.39596903130533,-3.6540286438377194,3.6540286438377194,single_atom
HAT707_248,HAT707nonMR,Bond Dissociation Energies,Thermochemistry,wB97M-V,-33.429998706963005,-37.72085038319924,-4.290851676236237,4.290851676236237,single_atom
HAT707_249,HAT707nonMR,Bond Dissociation Energies,Thermochemistry,wB97M-V,63.73999736511453,57.63060250215442,-6.109394862960116,6.109394862960116,single_atom
HAT707_25,HAT707nonMR,Bond Dissociation Energies,Thermochemistry,wB97M-V,-144.62999377065924,-146.37854396278885,-1.7485501921296134,1.7485501921296134,single_atom
HAT707_250,HAT707nonMR,Bond Dissociation Energies,Thermochemistry,wB97M-V,-38.38999862492492,-48.67867351731221,-10.288674892387291,10.288674892387291,single_atom
HAT707_251,HAT707nonMR,Bond Dissociation Energies,Thermochemistry,wB97M-V,100.09999586206406,93.8574562412108,-6.242539620853265,6.242539620853265,single_atom
HAT707_252,HAT707nonMR,Bond Dissociation Energies,Thermochemistry,wB97M-V,48.6299981721646,40.92553034858395,-7.70446782358065,7.70446782358065,single_atom
HAT707_253,HAT707nonMR,Bond Dissociation Energies,Thermochemistry,wB97M-V,-76.6999966945114,-76.83643934249525,-0.13644264798385564,0.13644264798385564,single_atom
HAT707_254,HAT707nonMR,Bond Dissociation Energies,Thermochemistry,wB97M-V,122.66999492906533,122.61725176927445,-0.052743159790878735,0.052743159790878735,single_atom
HAT707_255,HAT707nonMR,Bond Dissociation Energies,Thermochemistry,wB97M-V,48.20999792355308,53.4174312276954,5.20743330414232,5.20743330414232,single_atom
HAT707_256,HAT707nonMR,Bond Dissociation Energies,Thermochemistry,wB97M-V,66.41999725432856,70.16692565541592,3.7469284010873594,3.7469284010873594,single_atom
HAT707_257,HAT707nonMR,Bond Dissociation Energies,Thermochemistry,wB97M-V,18.589999544501204,22.90148536376938,4.311485819268174,4.311485819268174,single_atom
HAT707_258,HAT707nonMR,Bond Dissociation Energies,Thermochemistry,wB97M-V,26.27999888215485,27.17255982389448,0.8925609417396316,0.8925609417396316,single_atom
HAT707_259,HAT707nonMR,Bond Dissociation Energies,Thermochemistry,wB97M-V,31.91999881417241,31.54271319822808,-0.37728561594433074,0.37728561594433074,single_atom
HAT707_26,HAT707nonMR,Bond Dissociation Energies,Thermochemistry,wB97M-V,-14.109999193513053,-16.825156382615756,-2.715157189102703,2.715157189102703,single_atom
HAT707_27,HAT707nonMR,Bond Dissociation Energies,Thermochemistry,wB97M-V,-15.589999113367783,-14.296003983038942,1.2939951303288417,1.2939951303288417,single_atom
HAT707_270,HAT707nonMR,Bond Dissociation Energies,Thermochemistry,wB97M-V,62.08999732455786,63.65285710943573,1.5628597848778725,1.5628597848778725,single_atom
HAT707_271,HAT707nonMR,Bond Dissociation Energies,Thermochemistry,wB97M-V,103.80999570870044,104.5206169277626,0.7106212190621619,0.7106212190621619,single_atom
HAT707_272,HAT707nonMR,Bond Dissociation Energies,Thermochemistry,wB97M-V,55.37999773031848,56.13441108085679,0.7544133505383144,0.7544133505383144,single_atom
HAT707_274,HAT707nonMR,Bond Dissociation Energies,Thermochemistry,wB97M-V,45.68999831441237,48.30121213594705,2.611213821534676,2.611213821534676,single_atom
HAT707_275,HAT707nonMR,Bond Dissociation Energies,Thermochemistry,wB97M-V,14.059999238619952,15.062345284662245,1.0023460460422928,1.0023460460422928,single_atom
HAT707_276,HAT707nonMR,Bond Dissociation Energies,Thermochemistry,wB97M-V,15.629999077282264,17.409489690813853,1.779490613531589,1.779490613531589,single_atom
HAT707_277,HAT707nonMR,Bond Dissociation Energies,Thermochemistry,wB97M-V,-2.570000191543277,-3.1759535229116227,-0.6059533313683456,0.6059533313683456,single_atom
HAT707_278,HAT707nonMR,Bond Dissociation Energies,Thermochemistry,wB97M-V,30.879998497376967,29.76214734720448,-1.1178511501724877,1.1178511501724877,single_atom
HAT707_279,HAT707nonMR,Bond Dissociation Energies,Thermochemistry,wB97M-V,-0.500000176440482,-1.3321736852687176,-0.8321735088282356,0.8321735088282356,single_atom
HAT707_28,HAT707nonMR,Bond Dissociation Energies,Thermochemistry,wB97M-V,-69.64999740699892,-69.47087689840063,0.1791205085982881,0.1791205085982881,single_atom
HAT707_280,HAT707nonMR,Bond Dissociation Energies,Thermochemistry,wB97M-V,54.05999766612167,55.17487291537061,1.1148752492489393,1.1148752492489393,single_atom
HAT707_281,HAT707nonMR,Bond Dissociation Energies,Thermochemistry,wB97M-V,-31.91999881417241,-31.542713198214702,0.3772856159577067,0.3772856159577067,single_atom
HAT707_282,HAT707nonMR,Bond Dissociation Energies,Thermochemistry,wB97M-V,70.27999709476371,70.75669965910824,0.47670256434452085,0.47670256434452085,single_atom
HAT707_283,HAT707nonMR,Bond Dissociation Energies,Thermochemistry,wB97M-V,33.389998743048515,33.83257358224139,0.4425748391928721,0.4425748391928721,single_atom
HAT707_284,HAT707nonMR,Bond Dissociation Energies,Thermochemistry,wB97M-V,27.73999882005234,29.636031057843752,1.8960322377914132,1.8960322377914132,single_atom
HAT707_285,HAT707nonMR,Bond Dissociation Energies,Thermochemistry,wB97M-V,170.229992963029,167.99921528376487,-2.230777679264122,2.230777679264122,single_atom
HAT707_286,HAT707nonMR,Bond Dissociation Energies,Thermochemistry,wB97M-V,-10.909999570316703,-10.957435584256478,-0.047436013939774924,0.047436013939774924,single_atom
HAT707_287,HAT707nonMR,Bond Dissociation Energies,Thermochemistry,wB97M-V,-58.59999733547206,-55.094006647952256,3.5059906875198052,3.5059906875198052,single_atom
HAT707_288,HAT707nonMR,Bond Dissociation Energies,Thermochemistry,wB97M-V,26.91999893229601,27.10632858350341,0.18632965120739797,0.18632965120739797,single_atom
HAT707_289,HAT707nonMR,Bond Dissociation Energies,Thermochemistry,wB97M-V,-52.69999763801037,-50.111308520076754,2.588689117933619,2.588689117933619,single_atom
HAT707_29,HAT707nonMR,Bond Dissociation Energies,Thermochemistry,wB97M-V,-45.5399978222236,-47.03569589557957,-1.4956980733559746,1.4956980733559746,single_atom
HAT707_290,HAT707nonMR,Bond Dissociation Energies,Thermochemistry,wB97M-V,100.91999582816683,99.4583082416597,-1.4616875865071393,1.4616875865071393,single_atom
HAT707_291,HAT707nonMR,Bond Dissociation Energies,Thermochemistry,wB97M-V,-58.20999768730587,-56.02070109309933,2.1892965942065388,2.1892965942065388,single_atom
HAT707_292,HAT707nonMR,Bond Dissociation Energies,Thermochemistry,wB97M-V,126.52999476950046,127.78811319379048,1.2581184242900179,1.2581184242900179,single_atom
HAT707_293,HAT707nonMR,Bond Dissociation Energies,Thermochemistry,wB97M-V,95.35999605800664,95.46423227659334,0.10423621858669208,0.10423621858669208,single_atom
HAT707_294,HAT707nonMR,Bond Dissociation Energies,Thermochemistry,wB97M-V,7.059999906000574,8.143737695868053,1.0837377898674792,1.0837377898674792,single_atom
HAT707_295,HAT707nonMR,Bond Dissociation Energies,Thermochemistry,wB97M-V,-41.029998125809065,-37.309511773388174,3.7204863524208918,3.7204863524208918,single_atom
HAT707_298,HAT707nonMR,Bond Dissociation Energies,Thermochemistry,wB97M-V,-63.08999767743883,-60.91164183640783,2.1783558410309993,2.1783558410309993,single_atom
HAT707_299,HAT707nonMR,Bond Dissociation Energies,Thermochemistry,wB97M-V,118.03999512046012,118.0450090316135,0.005013911153383788,0.005013911153383788,single_atom
HAT707_30,HAT707nonMR,Bond Dissociation Energies,Thermochemistry,wB97M-V,56.6599978306008,55.26371696174336,-1.3962808688574384,1.3962808688574384,single_atom
HAT707_300,HAT707nonMR,Bond Dissociation Energies,Thermochemistry,wB97M-V,-74.37999690494311,-72.53473482716849,1.8452620777746205,1.8452620777746205,single_atom
HAT707_301,HAT707nonMR,Bond Dissociation Energies,Thermochemistry,wB97M-V,17.90999953044556,18.53041162136228,0.6204120909167194,0.6204120909167194,single_atom
HAT707_302,HAT707nonMR,Bond Dissociation Energies,Thermochemistry,wB97M-V,83.19999656067712,85.27877566457308,2.078779103895954,2.078779103895954,single_atom
HAT707_303,HAT707nonMR,Bond Dissociation Energies,Thermochemistry,wB97M-V,-42.699998501767055,-42.41046713650799,0.28953136525906586,0.28953136525906586,single_atom
HAT707_304,HAT707nonMR,Bond Dissociation Energies,Thermochemistry,wB97M-V,50.44999778529241,50.68398452199275,0.23398673670033787,0.23398673670033787,single_atom
HAT707_305,HAT707nonMR,Bond Dissociation Energies,Thermochemistry,wB97M-V,-9.589999506119897,-6.861000713057163,2.7289987930627335,2.7289987930627335,single_atom
HAT707_306,HAT707nonMR,Bond Dissociation Energies,Thermochemistry,wB97M-V,87.50999638250988,88.72429828416713,1.214301901657251,1.214301901657251,single_atom
HAT707_307,HAT707nonMR,Bond Dissociation Energies,Thermochemistry,wB97M-V,-45.749998260284094,-44.183162763636375,1.5668354966477196,1.5668354966477196,single_atom
HAT707_308,HAT707nonMR,Bond Dissociation Energies,Thermochemistry,wB97M-V,-72.22999696201134,-69.70389105821977,2.5261059037915743,2.5261059037915743,single_atom
HAT707_309,HAT707nonMR,Bond Dissociation Energies,Thermochemistry,wB97M-V,-138.89999454734357,-137.27761442211036,1.6223801252332066,1.6223801252332066,single_atom
HAT707_31,HAT707nonMR,Bond Dissociation Energies,Thermochemistry,wB97M-V,19.77999909846648,18.339590884876515,-1.440408213589965,1.440408213589965,single_atom
HAT707_310,HAT707nonMR,Bond Dissociation Energies,Thermochemistry,wB97M-V,-76.4499969200459,-74.3785146648114,2.0714822552345,2.0714822552345,single_atom
HAT707_311,HAT707nonMR,Bond Dissociation Energies,Thermochemistry,wB97M-V,78.37999675992594,84.72152277875871,6.3415260188327665,6.3415260188327665,single_atom
HAT707_312,HAT707nonMR,Bond Dissociation Energies,Thermochemistry,wB97M-V,-28.609998662701766,-21.01337844512804,7.596620217573726,7.596620217573726,single_atom
HAT707_313,HAT707nonMR,Bond Dissociation Energies,Thermochemistry,wB97M-V,52.04999759689059,51.02133411727085,-1.0286634796197447,1.0286634796197447,single_atom
HAT707_314,HAT707nonMR,Bond Dissociation Energies,Thermochemistry,wB97M-V,-57.16999737051044,-57.10239307652758,0.0676042939828605,0.0676042939828605,single_atom
HAT707_318,HAT707nonMR,Bond Dissociation Energies,Thermochemistry,wB97M-V,84.70999649825619,85.79888005230028,1.088883554044088,1.088883554044088,single_atom
HAT707_319,HAT707nonMR,Bond Dissociation Energies,Thermochemistry,wB97M-V,49.06999777522388,48.55201374207476,-0.5179840331491192,0.5179840331491192,single_atom
HAT707_32,HAT707nonMR,Bond Dissociation Energies,Thermochemistry,wB97M-V,14.129999175470292,14.143048360487798,0.013049185017505849,0.013049185017505849,single_atom
HAT707_320,HAT707nonMR,Bond Dissociation Energies,Thermochemistry,wB97M-V,52.499997818437976,52.82772850920117,0.3277306907631967,0.3277306907631967,single_atom
HAT707_321,HAT707nonMR,Bond Dissociation Energies,Thermochemistry,wB97M-V,-2.660000110350859,-0.3776718480562754,2.2823282622945835,2.2823282622945835,single_atom
HAT707_322,HAT707nonMR,Bond Dissociation Energies,Thermochemistry,wB97M-V,38.79999825504834,39.07929600760964,0.2792977525613054,0.2792977525613054,single_atom
HAT707_323,HAT707nonMR,Bond Dissociation Energies,Thermochemistry,wB97M-V,118.21999500578232,119.14753225887202,0.9275372530896959,0.9275372530896959,single_atom
HAT707_324,HAT707nonMR,Bond Dissociation Energies,Thermochemistry,wB97M-V,111.22999540197188,112.01508362304236,0.785088221070481,0.785088221070481,single_atom
HAT707_326,HAT707nonMR,Bond Dissociation Energies,Thermochemistry,wB97M-V,108.78999550283716,108.9886246314525,0.19862912861533744,0.19862912861533744,single_atom
HAT707_327,HAT707nonMR,Bond Dissociation Energies,Thermochemistry,wB97M-V,116.04999520272304,116.95652563857794,0.9065304358549042,0.9065304358549042,single_atom
HAT707_328,HAT707nonMR,Bond Dissociation Energies,Thermochemistry,wB97M-V,121.51999497660395,122.3721536595524,0.852158682948442,0.852158682948442,single_atom
HAT707_329,HAT707nonMR,Bond Dissociation Energies,Thermochemistry,wB97M-V,132.41999452601925,135.11749181006851,2.6974972840492626,2.6974972840492626,single_atom
HAT707_33,HAT707nonMR,Bond Dissociation Energies,Thermochemistry,wB97M-V,-5.2799996292777625,-8.141476026246304,-2.8614763969685413,2.8614763969685413,single_atom
HAT707_331,HAT707nonMR,Bond Dissociation Energies,Thermochemistry,wB97M-V,44.94999835448501,47.00067239556393,2.0506740410789206,2.0506740410789206,single_atom
HAT707_332,HAT707nonMR,Bond Dissociation Energies,Thermochemistry,wB97M-V,142.11999412504048,142.35212528084625,0.23213115580577437,0.23213115580577437,single_atom
HAT707_333,HAT707nonMR,Bond Dissociation Energies,Thermochemistry,wB97M-V,39.989998436523095,36.04284926148663,-3.947149175036465,3.947149175036465,single_atom
HAT707_335,HAT707nonMR,Bond Dissociation Energies,Thermochemistry,wB97M-V,178.47999262199,178.57897901996506,0.09898639797506803,0.09898639797506803,single_atom
HAT707_337,HAT707nonMR,Bond Dissociation Energies,Thermochemistry,wB97M-V,50.3399978845276,49.59115022928684,-0.748847655240759,0.748847655240759,single_atom
HAT707_338,HAT707nonMR,Bond Dissociation Energies,Thermochemistry,wB97M-V,-38.64999839036904,-43.381483956244,-4.731485565874955,4.731485565874955,single_atom
HAT707_34,HAT707nonMR,Bond Dissociation Energies,Thermochemistry,wB97M-V,-24.51999921489875,-26.450418281630267,-1.9304190667315169,1.9304190667315169,single_atom
HAT707_340,HAT707nonMR,Bond Dissociation Energies,Thermochemistry,wB97M-V,127.00999474965847,125.64705312734712,-1.3629416223113537,1.3629416223113537,single_atom
HAT707_342,HAT707nonMR,Bond Dissociation Energies,Thermochemistry,wB97M-V,46.92999782327075,46.94060982422628,0.010612000955525502,0.010612000955525502,single_atom
HAT707_343,HAT707nonMR,Bond Dissociation Energies,Thermochemistry,wB97M-V,44.14999844868593,48.22080564479293,4.070807196107005,4.070807196107005,single_atom
HAT707_344,HAT707nonMR,Bond Dissociation Energies,Thermochemistry,wB97M-V,16.28999910938067,21.874718029529745,5.584718920149076,5.584718920149076,single_atom
HAT707_345,HAT707nonMR,Bond Dissociation Energies,Thermochemistry,wB97M-V,34.49999836918484,38.62421245725027,4.124214088065436,4.124214088065436,single_atom
HAT707_347,HAT707nonMR,Bond Dissociation Energies,Thermochemistry,wB97M-V,-13.329999269671209,-8.641227834396279,4.68877143527493,4.68877143527493,single_atom
HAT707_348,HAT707nonMR,Bond Dissociation Energies,Thermochemistry,wB97M-V,-5.639999932017563,-4.370153374342518,1.269846557675045,1.269846557675045,single_atom
HAT707_35,HAT707nonMR,Bond Dissociation Energies,Thermochemistry,wB97M-V,-72.20999698005411,-70.58698934531712,1.623007634736993,1.623007634736993,single_atom
HAT707_351,HAT707nonMR,Bond Dissociation Energies,Thermochemistry,wB97M-V,22.209998788799595,21.97593424095634,-0.23406454784325348,0.23406454784325348,single_atom
HAT707_352,HAT707nonMR,Bond Dissociation Energies,Thermochemistry,wB97M-V,5.699999877889284,6.165036732461792,0.4650368545725083,0.4650368545725083,single_atom
HAT707_353,HAT707nonMR,Bond Dissociation Energies,Thermochemistry,wB97M-V,2.6500001193722382,3.200125187881631,0.5501250685093928,0.5501250685093928,single_atom
HAT707_356,HAT707nonMR,Bond Dissociation Energies,Thermochemistry,wB97M-V,-75.7399969330544,-75.67664194503479,0.06335498801961137,0.06335498801961137,single_atom
HAT707_357,HAT707nonMR,Bond Dissociation Energies,Thermochemistry,wB97M-V,-76.04999665339162,-78.15621795859349,-2.1062213052018706,2.1062213052018706,single_atom
HAT707_36,HAT707nonMR,Bond Dissociation Energies,Thermochemistry,wB97M-V,10.499999312683803,9.299252152969936,-1.2007471597138668,1.2007471597138668,single_atom
HAT707_369,HAT707nonMR,Bond Dissociation Energies,Thermochemistry,wB97M-V,-2.6500001193722382,-3.2001251878727133,-0.550125068500475,0.550125068500475,single_atom
HAT707_37,HAT707nonMR,Bond Dissociation Energies,Thermochemistry,wB97M-V,-148.58999396324967,-149.03436272650777,-0.4443687632580975,0.4443687632580975,single_atom
HAT707_375,HAT707nonMR,Bond Dissociation Energies,Thermochemistry,wB97M-V,-96.12999610872616,-95.88490578015156,0.2450903285746051,0.2450903285746051,single_atom
HAT707_38,HAT707nonMR,Bond Dissociation Energies,Thermochemistry,wB97M-V,-66.31999727357103,-65.60429121742379,0.7157060561472406,0.7157060561472406,single_atom
HAT707_381,HAT707nonMR,Bond Dissociation Energies,Thermochemistry,wB97M-V,43.219998032655305,42.35216215641774,-0.8678358762375638,0.8678358762375638,single_atom
HAT707_384,HAT707nonMR,Bond Dissociation Energies,Thermochemistry,wB97M-V,-100.08999567380712,-98.54072454385263,1.5492711299544908,1.5492711299544908,single_atom
HAT707_386,HAT707nonMR,Bond Dissociation Energies,Thermochemistry,wB97M-V,-26.07999906258244,-26.1887448856696,-0.1087458230871583,0.1087458230871583,single_atom
HAT707_388,HAT707nonMR,Bond Dissociation Energies,Thermochemistry,wB97M-V,-0.4800001944832417,2.1410600664344424,2.621060260917684,2.621060260917684,single_atom
HAT707_389,HAT707nonMR,Bond Dissociation Energies,Thermochemistry,wB97M-V,-31.639998439261568,-30.18282085073596,1.4571775885256066,1.4571775885256066,single_atom
HAT707_39,HAT707nonMR,Bond Dissociation Energies,Thermochemistry,wB97M-V,-74.57999672451551,-76.68238306832473,-2.102386343809215,2.102386343809215,single_atom
HAT707_393,HAT707nonMR,Bond Dissociation Energies,Thermochemistry,wB97M-V,-85.27999648428118,-87.2217907289794,-1.9417942446982153,1.9417942446982153,single_atom
HAT707_395,HAT707nonMR,Bond Dissociation Energies,Thermochemistry,wB97M-V,-8.959999446957351,-7.602044095715778,1.3579553512415732,1.3579553512415732,single_atom
HAT707_397,HAT707nonMR,Bond Dissociation Energies,Thermochemistry,wB97M-V,-43.80999812790336,-40.36827746276513,3.4417206651382344,3.4417206651382344,single_atom
HAT707_399,HAT707nonMR,Bond Dissociation Energies,Thermochemistry,wB97M-V,-76.55999682081072,-74.96306860530086,1.5969282155098625,1.5969282155098625,single_atom
HAT707_40,HAT707nonMR,Bond Dissociation Energies,Thermochemistry,wB97M-V,-71.81999733188792,-71.51368379043745,0.3063135414504643,0.3063135414504643,single_atom
HAT707_401,HAT707nonMR,Bond Dissociation Energies,Thermochemistry,wB97M-V,-136.59999411222302,-132.50805384040427,4.091940271818743,4.091940271818743,single_atom
HAT707_402,HAT707nonMR,Bond Dissociation Energies,Thermochemistry,wB97M-V,-39.49999825106123,-36.922754843135394,2.5772434079258346,2.5772434079258346,single_atom
HAT707_403,HAT707nonMR,Bond Dissociation Energies,Thermochemistry,wB97M-V,-50.3399978845276,-49.59115022927792,0.7488476552496763,0.7488476552496763,single_atom
HAT707_405,HAT707nonMR,Bond Dissociation Energies,Thermochemistry,wB97M-V,-127.00999460610312,-125.64705312732929,1.362941478773834,1.362941478773834,single_atom
HAT707_407,HAT707nonMR,Bond Dissociation Energies,Thermochemistry,wB97M-V,-48.6299981721646,-40.92553034858841,7.704467823576188,7.704467823576188,single_atom
HAT707_408,HAT707nonMR,Bond Dissociation Energies,Thermochemistry,wB97M-V,41.159998008531126,39.66096296527819,-1.4990350432529382,1.4990350432529382,single_atom
HAT707_409,HAT707nonMR,Bond Dissociation Energies,Thermochemistry,wB97M-V,-59.81999748988267,-60.30251826442704,-0.48252077454437625,0.48252077454437625,single_atom
HAT707_41,HAT707nonMR,Bond Dissociation Energies,Thermochemistry,wB97M-V,-48.97999785641631,-48.35257811620285,0.6274197402134618,0.6274197402134618,single_atom
HAT707_410,HAT707nonMR,Bond Dissociation Energies,Thermochemistry,wB97M-V,-124.73999477142792,-126.6022641757283,-1.8622694043003776,1.8622694043003776,single_atom
HAT707_415,HAT707nonMR,Bond Dissociation Energies,Thermochemistry,wB97M-V,-8.78999960032081,-6.499520868457269,2.2904787318635407,2.2904787318635407,single_atom
HAT707_416,HAT707nonMR,Bond Dissociation Energies,Thermochemistry,wB97M-V,-15.779999569471045,-13.63196950428692,2.148030065184125,2.148030065184125,single_atom
HAT707_417,HAT707nonMR,Bond Dissociation Energies,Thermochemistry,wB97M-V,-88.769996473367,-91.53974698671122,-2.7697505133442206,2.7697505133442206,single_atom
HAT707_418,HAT707nonMR,Bond Dissociation Energies,Thermochemistry,wB97M-V,-18.209999259804164,-16.65842849590354,1.5515707639006244,1.5515707639006244,single_atom
HAT707_419,HAT707nonMR,Bond Dissociation Energies,Thermochemistry,wB97M-V,-10.959999525209806,-8.690527488751338,2.2694720364584686,2.2694720364584686,single_atom
HAT707_42,HAT707nonMR,Bond Dissociation Energies,Thermochemistry,wB97M-V,-80.1399967287041,-80.67645903339108,-0.5364623046869781,0.5364623046869781,single_atom
HAT707_420,HAT707nonMR,Bond Dissociation Energies,Thermochemistry,wB97M-V,-5.49000006733826,-3.2748994677768843,2.2151005995613753,2.2151005995613753,single_atom
HAT707_421,HAT707nonMR,Bond Dissociation Energies,Thermochemistry,wB97M-V,5.4199995029784445,9.470438682712468,4.050439179734023,4.050439179734023,single_atom
HAT707_422,HAT707nonMR,Bond Dissociation Energies,Thermochemistry,wB97M-V,-93.26999617880293,-99.47201436633232,-6.20201818752939,6.20201818752939,single_atom
HAT707_423,HAT707nonMR,Bond Dissociation Energies,Thermochemistry,wB97M-V,-82.05999687912761,-78.6463807317832,3.4136161473444133,3.4136161473444133,single_atom
HAT707_424,HAT707nonMR,Bond Dissociation Energies,Thermochemistry,wB97M-V,15.109999546394016,16.705072153579383,1.595072607185367,1.595072607185367,single_atom
HAT707_425,HAT707nonMR,Bond Dissociation Energies,Thermochemistry,wB97M-V,-87.01999616958005,-89.60420386586941,-2.5842076962893543,2.5842076962893543,single_atom
HAT707_426,HAT707nonMR,Bond Dissociation Energies,Thermochemistry,wB97M-V,51.46999812013062,52.93192589262686,1.4619277724962387,1.4619277724962387,single_atom
HAT707_427,HAT707nonMR,Bond Dissociation Energies,Thermochemistry,wB97M-V,-103.66999558170052,-106.0860600435874,-2.416064461886876,2.416064461886876,single_atom
HAT707_428,HAT707nonMR,Bond Dissociation Energies,Thermochemistry,wB97M-V,-41.29999850974128,-46.58160914414347,-5.281610634402192,5.281610634402192,single_atom
HAT707_429,HAT707nonMR,Bond Dissociation Energies,Thermochemistry,wB97M-V,-93.6799964364358,-97.60388050948016,-3.9238840730443627,3.9238840730443627,single_atom
HAT707_43,HAT707nonMR,Bond Dissociation Energies,Thermochemistry,wB97M-V,-6.559999729560092,-7.349245001478983,-0.7892452719188912,0.7892452719188912,single_atom
HAT707_430,HAT707nonMR,Bond Dissociation Energies,Thermochemistry,wB97M-V,-143.47999418060846,-147.4118619311961,-3.9318677505876565,3.9318677505876565,single_atom
HAT707_431,HAT707nonMR,Bond Dissociation Energies,Thermochemistry,wB97M-V,76.69999682937386,76.83643934249972,0.1364425131258571,0.1364425131258571,single_atom
HAT707_436,HAT707nonMR,Bond Dissociation Energies,Thermochemistry,wB97M-V,3.049999758517045,2.964911544562326,-0.08508821395471866,0.08508821395471866,single_atom
HAT707_437,HAT707nonMR,Bond Dissociation Energies,Thermochemistry,wB97M-V,-23.75999927301414,-26.638782946023063,-2.878783673008922,2.878783673008922,single_atom
HAT707_44,HAT707nonMR,Bond Dissociation Energies,Thermochemistry,wB97M-V,-54.64999776136973,-52.80249447076197,1.8475032906077615,1.8475032906077615,single_atom
HAT707_445,HAT707nonMR,Bond Dissociation Energies,Thermochemistry,wB97M-V,67.7399971997623,68.02301048374258,0.28301328398028147,0.28301328398028147,single_atom
HAT707_446,HAT707nonMR,Bond Dissociation Energies,Thermochemistry,wB97M-V,109.44999547555372,108.89077030208728,-0.5592251734664444,0.5592251734664444,single_atom
HAT707_447,HAT707nonMR,Bond Dissociation Energies,Thermochemistry,wB97M-V,61.01999766233604,60.504564455163646,-0.5154332071723928,0.5154332071723928,single_atom
HAT707_449,HAT707nonMR,Bond Dissociation Energies,Thermochemistry,wB97M-V,51.32999761892047,52.67136551027173,1.3413678913512541,1.3413678913512541,single_atom
HAT707_450,HAT707nonMR,Bond Dissociation Energies,Thermochemistry,wB97M-V,84.09999652347236,86.06896119671133,1.9689646732389718,1.9689646732389718,single_atom
HAT707_451,HAT707nonMR,Bond Dissociation Energies,Thermochemistry,wB97M-V,19.70999916161613,19.432498658951257,-0.27750050266487136,0.27750050266487136,single_atom
HAT707_452,HAT707nonMR,Bond Dissociation Energies,Thermochemistry,wB97M-V,-56.62999785766494,-58.96215093696266,-2.3321530792977185,2.3321530792977185,single_atom
HAT707_453,HAT707nonMR,Bond Dissociation Energies,Thermochemistry,wB97M-V,5.149999746555701,3.0379796890559656,-2.1120200574997354,2.1120200574997354,single_atom
HAT707_454,HAT707nonMR,Bond Dissociation Energies,Thermochemistry,wB97M-V,-26.27999888215485,-27.17255982389002,-0.8925609417351694,0.8925609417351694,single_atom
HAT707_455,HAT707nonMR,Bond Dissociation Energies,Thermochemistry,wB97M-V,75.91999686161765,75.12685303343292,-0.793143828184725,0.793143828184725,single_atom
HAT707_456,HAT707nonMR,Bond Dissociation Energies,Thermochemistry,wB97M-V,39.02999867506608,38.2027269565304,-0.8272717185356839,0.8272717185356839,single_atom
HAT707_457,HAT707nonMR,Bond Dissociation Energies,Thermochemistry,wB97M-V,33.3799987520699,34.00618443213276,0.6261856800628607,0.6261856800628607,single_atom
HAT707_458,HAT707nonMR,Bond Dissociation Energies,Thermochemistry,wB97M-V,82.7199965805191,79.27491699960663,-3.445079580912463,3.445079580912463,single_atom
HAT707_459,HAT707nonMR,Bond Dissociation Energies,Thermochemistry,wB97M-V,-5.269999638299143,-6.587282209931795,-1.317282571632652,1.317282571632652,single_atom
HAT707_46,HAT707nonMR,Bond Dissociation Energies,Thermochemistry,wB97M-V,17.319999435197495,15.48090194774827,-1.8390974874492247,1.8390974874492247,single_atom
HAT707_460,HAT707nonMR,Bond Dissociation Energies,Thermochemistry,wB97M-V,-52.95999803096397,-50.723853273663245,2.2361447573007283,2.2361447573007283,single_atom
HAT707_461,HAT707nonMR,Bond Dissociation Energies,Thermochemistry,wB97M-V,-60.589997422745896,-61.6179697006994,-1.027972277953502,1.027972277953502,single_atom
HAT707_462,HAT707nonMR,Bond Dissociation Energies,Thermochemistry,wB97M-V,-47.059998333502286,-45.74115514578774,1.318843187714549,1.318843187714549,single_atom
HAT707_463,HAT707nonMR,Bond Dissociation Energies,Thermochemistry,wB97M-V,13.409999197500166,10.734009957465798,-2.6759892400343688,2.6759892400343688,single_atom
HAT707_464,HAT707nonMR,Bond Dissociation Energies,Thermochemistry,wB97M-V,-52.55999776430969,-51.650547718774654,0.9094500455350385,0.9094500455350385,single_atom
HAT707_465,HAT707nonMR,Bond Dissociation Energies,Thermochemistry,wB97M-V,39.01999868408747,39.06381490962334,0.0438162255358705,0.0438162255358705,single_atom
HAT707_466,HAT707nonMR,Bond Dissociation Energies,Thermochemistry,wB97M-V,7.859999811799661,6.739933992435109,-1.1200658193645516,1.1200658193645516,single_atom
HAT707_467,HAT707nonMR,Bond Dissociation Energies,Thermochemistry,wB97M-V,12.69999921050866,12.513891070192736,-0.18610814031592327,0.18610814031592327,single_atom
HAT707_468,HAT707nonMR,Bond Dissociation Energies,Thermochemistry,wB97M-V,-35.38999882130098,-32.93935839909916,2.4506404222018148,2.4506404222018148,single_atom
HAT707_47,HAT707nonMR,Bond Dissociation Energies,Thermochemistry,wB97M-V,-76.70999668549003,-76.4046245337727,0.30537215171732157,0.30537215171732157,single_atom
HAT707_470,HAT707nonMR,Bond Dissociation Energies,Thermochemistry,wB97M-V,-57.44999774542127,-56.54148846206531,0.9085092833559614,0.9085092833559614,single_atom
HAT707_471,HAT707nonMR,Bond Dissociation Energies,Thermochemistry,wB97M-V,30.529998813125257,29.32071074747312,-1.2092880656521352,1.2092880656521352,single_atom
HAT707_472,HAT707nonMR,Bond Dissociation Energies,Thermochemistry,wB97M-V,-68.73999697292554,-68.1645814528438,0.5754155200817337,0.5754155200817337,single_atom
HAT707_473,HAT707nonMR,Bond Dissociation Energies,Thermochemistry,wB97M-V,-4.3099998768421335,-3.4455226196297364,0.8644772572123971,0.8644772572123971,single_atom
HAT707_474,HAT707nonMR,Bond Dissociation Energies,Thermochemistry,wB97M-V,-37.05999856974949,-38.04031376220114,-0.9803151924516484,0.9803151924516484,single_atom
HAT707_475,HAT707nonMR,Bond Dissociation Energies,Thermochemistry,wB97M-V,28.2299990055142,28.708050281036407,0.4780512755222084,0.4780512755222084,single_atom
HAT707_476,HAT707nonMR,Bond Dissociation Energies,Thermochemistry,wB97M-V,-3.9499995741023337,-2.4908473387324803,1.4591522353698534,1.4591522353698534,single_atom
HAT707_477,HAT707nonMR,Bond Dissociation Energies,Thermochemistry,wB97M-V,-97.09999586116182,-95.5852989972154,1.514696863946412,1.514696863946412,single_atom
HAT707_478,HAT707nonMR,Bond Dissociation Energies,Thermochemistry,wB97M-V,-67.96999704006231,-66.15909700459272,1.8109000354695866,1.8109000354695866,single_atom
HAT707_479,HAT707nonMR,Bond Dissociation Energies,Thermochemistry,wB97M-V,-66.58999702999378,-65.33373768391291,1.256259346080867,1.256259346080867,single_atom
HAT707_48,HAT707nonMR,Bond Dissociation Energies,Thermochemistry,wB97M-V,-57.45999773639989,-58.095682278388736,-0.6356845419888444,0.6356845419888444,single_atom
HAT707_480,HAT707nonMR,Bond Dissociation Energies,Thermochemistry,wB97M-V,-87.5099963550419,-88.72429828417606,-1.2143019291341517,1.2143019291341517,single_atom
HAT707_481,HAT707nonMR,Bond Dissociation Energies,Thermochemistry,wB97M-V,-133.259994615326,-132.9074610478035,0.3525335675224994,0.3525335675224994,single_atom
HAT707_482,HAT707nonMR,Bond Dissociation Energies,Thermochemistry,wB97M-V,-9.12999992110337,-4.0027755053995095,5.12722441570386,5.12722441570386,single_atom
HAT707_483,HAT707nonMR,Bond Dissociation Energies,Thermochemistry,wB97M-V,29.82999881711237,29.045399876350185,-0.7845989407621836,0.7845989407621836,single_atom
HAT707_486,HAT707nonMR,Bond Dissociation Energies,Thermochemistry,wB97M-V,90.34999626511012,90.16903342662496,-0.18096283848515782,0.18096283848515782,single_atom
HAT707_487,HAT707nonMR,Bond Dissociation Energies,Thermochemistry,wB97M-V,2.979999821666704,3.9924815262505726,1.0124817045838688,1.0124817045838688,single_atom
HAT707_488,HAT707nonMR,Bond Dissociation Energies,Thermochemistry,wB97M-V,30.70999865074042,30.42323397469596,-0.2867646760444593,0.2867646760444593,single_atom
HAT707_489,HAT707nonMR,Bond Dissociation Energies,Thermochemistry,wB97M-V,23.719999309099663,23.29078533891981,-0.42921397017985186,0.42921397017985186,single_atom
HAT707_49,HAT707nonMR,Bond Dissociation Energies,Thermochemistry,wB97M-V,-87.98999654952515,-88.02771752453336,-0.03772097500821303,0.03772097500821303,single_atom
HAT707_490,HAT707nonMR,Bond Dissociation Energies,Thermochemistry,wB97M-V,21.289998991257068,20.26432634724969,-1.0256726440073791,1.0256726440073791,single_atom
HAT707_491,HAT707nonMR,Bond Dissociation Energies,Thermochemistry,wB97M-V,28.539998725851422,28.232227354401893,-0.3077713714495296,0.3077713714495296,single_atom
HAT707_492,HAT707nonMR,Bond Dissociation Energies,Thermochemistry,wB97M-V,34.00999881123245,33.647855375376345,-0.36214343585610465,0.36214343585610465,single_atom
HAT707_493,HAT707nonMR,Bond Dissociation Energies,Thermochemistry,wB97M-V,44.909998390570536,46.39319352590137,1.4831951353308312,1.4831951353308312,single_atom
HAT707_494,HAT707nonMR,Bond Dissociation Energies,Thermochemistry,wB97M-V,-42.559998000556895,-41.72362588859429,0.8363721119626035,0.8363721119626035,single_atom
HAT707_495,HAT707nonMR,Bond Dissociation Energies,Thermochemistry,wB97M-V,54.60999779745524,53.62782699678612,-0.9821708006691239,0.9821708006691239,single_atom
HAT707_496,HAT707nonMR,Bond Dissociation Energies,Thermochemistry,wB97M-V,-47.51999791851881,-52.68144902271618,-5.1614511041973685,5.1614511041973685,single_atom
HAT707_497,HAT707nonMR,Bond Dissociation Energies,Thermochemistry,wB97M-V,90.96999623948012,89.8546807357801,-1.1153155037000317,1.1153155037000317,single_atom
HAT707_498,HAT707nonMR,Bond Dissociation Energies,Thermochemistry,wB97M-V,39.49999825106123,36.92275484315323,-2.577243407908,2.577243407908,single_atom
HAT707_499,HAT707nonMR,Bond Dissociation Energies,Thermochemistry,wB97M-V,21.93999903237685,26.244871403907933,4.304872371531083,4.304872371531083,single_atom
HAT707_50,HAT707nonMR,Bond Dissociation Energies,Thermochemistry,wB97M-V,-20.82999940624054,-20.01447717510949,0.8155222311310482,0.8155222311310482,single_atom
HAT707_500,HAT707nonMR,Bond Dissociation Energies,Thermochemistry,wB97M-V,40.13999830120239,42.99436583152145,2.8543675303190597,2.8543675303190597,single_atom
HAT707_502,HAT707nonMR,Bond Dissociation Energies,Thermochemistry,wB97M-V,-7.689999965163118,-4.27107446008943,3.4189255050736875,3.4189255050736875,single_atom
HAT707_503,HAT707nonMR,Bond Dissociation Energies,Thermochemistry,wB97M-V,-35.5499986769589,-30.617162075334782,4.932836601624118,4.932836601624118,single_atom
HAT707_504,HAT707nonMR,Bond Dissociation Energies,Thermochemistry,wB97M-V,-22.209998788799595,-21.97593424089392,0.23406454790567466,0.23406454790567466,single_atom
HAT707_507,HAT707nonMR,Bond Dissociation Energies,Thermochemistry,wB97M-V,5.639999932017563,4.370153374333601,-1.2698465576839624,1.2698465576839624,single_atom
HAT707_508,HAT707nonMR,Bond Dissociation Energies,Thermochemistry,wB97M-V,-52.28999800788695,-51.51743501255259,0.7725629953343613,0.7725629953343613,single_atom
HAT707_51,HAT707nonMR,Bond Dissociation Energies,Thermochemistry,wB97M-V,-92.3099964173459,-90.86191564545592,1.4480807718899769,1.4480807718899769,single_atom
HAT707_518,HAT707nonMR,Bond Dissociation Energies,Thermochemistry,wB97M-V,6.719999585218013,7.518446028614606,0.7984464433965925,0.7984464433965925,single_atom
HAT707_519,HAT707nonMR,Bond Dissociation Energies,Thermochemistry,wB97M-V,48.42999772508273,48.386205846887975,-0.04379187819475305,0.04379187819475305,single_atom
HAT707_52,HAT707nonMR,Bond Dissociation Energies,Thermochemistry,wB97M-V,-56.31999750981824,-57.90344983382828,-1.5834523240100395,1.5834523240100395,single_atom
HAT707_520,HAT707nonMR,Bond Dissociation Energies,Thermochemistry,wB97M-V,-5.699999877889284,-6.165036732399369,-0.46503685451008536,0.46503685451008536,single_atom
HAT707_522,HAT707nonMR,Bond Dissociation Energies,Thermochemistry,wB97M-V,-9.6899994159061,-7.833198944927581,1.8568004709785182,1.8568004709785182,single_atom
HAT707_523,HAT707nonMR,Bond Dissociation Energies,Thermochemistry,wB97M-V,23.07999925895849,25.56439674158336,2.4843974826248676,2.4843974826248676,single_atom
HAT707_524,HAT707nonMR,Bond Dissociation Energies,Thermochemistry,wB97M-V,-41.3099985007199,-41.07206579617672,0.2379327045431765,0.2379327045431765,single_atom
HAT707_525,HAT707nonMR,Bond Dissociation Energies,Thermochemistry,wB97M-V,-55.86999791578034,-57.46658476614335,-1.5965868503630105,1.5965868503630105,single_atom
HAT707_526,HAT707nonMR,Bond Dissociation Energies,Thermochemistry,wB97M-V,-87.2999965444909,-87.67712427908933,-0.37712773459843163,0.37712773459843163,single_atom
HAT707_527,HAT707nonMR,Bond Dissociation Energies,Thermochemistry,wB97M-V,14.89999910833352,14.622288578233606,-0.2777105300999132,0.2777105300999132,single_atom
HAT707_528,HAT707nonMR,Bond Dissociation Energies,Thermochemistry,wB97M-V,-21.979998996291336,-22.30183749859757,-0.32183850230623534,0.32183850230623534,single_atom
HAT707_529,HAT707nonMR,Bond Dissociation Energies,Thermochemistry,wB97M-V,-27.62999891928752,-26.498380022995207,1.1316188962923128,1.1316188962923128,single_atom
HAT707_53,HAT707nonMR,Bond Dissociation Energies,Thermochemistry,wB97M-V,-125.05999511025324,-125.45670678799166,-0.3967116777384234,0.3967116777384234,single_atom
HAT707_530,HAT707nonMR,Bond Dissociation Energies,Thermochemistry,wB97M-V,-66.28999730063518,-67.09184666513111,-0.8018493644959364,0.8018493644959364,single_atom
HAT707_531,HAT707nonMR,Bond Dissociation Energies,Thermochemistry,wB97M-V,-113.97999506579052,-111.2284177287912,2.7515773369993184,2.7515773369993184,single_atom
HAT707_532,HAT707nonMR,Bond Dissociation Energies,Thermochemistry,wB97M-V,-108.07999536832884,-106.24571960091572,1.8342757674131178,1.8342757674131178,single_atom
HAT707_533,HAT707nonMR,Bond Dissociation Energies,Thermochemistry,wB97M-V,-113.57999542664574,-112.15511217397396,1.4248832526717763,1.4248832526717763,single_atom
HAT707_534,HAT707nonMR,Bond Dissociation Energies,Thermochemistry,wB97M-V,-48.3199978243179,-47.99067338493524,0.32932443938265976,0.32932443938265976,single_atom
HAT707_535,HAT707nonMR,Bond Dissociation Energies,Thermochemistry,wB97M-V,-96.40999585612754,-93.44392285422714,2.966073001900398,2.966073001900398,single_atom
HAT707_536,HAT707nonMR,Bond Dissociation Energies,Thermochemistry,wB97M-V,-61.51999721126704,-60.58300778299201,0.9369894282750266,0.9369894282750266,single_atom
HAT707_537,HAT707nonMR,Bond Dissociation Energies,Thermochemistry,wB97M-V,-118.46999540775732,-117.04605291726462,1.4239424904927063,1.4239424904927063,single_atom
HAT707_538,HAT707nonMR,Bond Dissociation Energies,Thermochemistry,wB97M-V,-129.74999464428296,-128.6691459080431,1.080848736239858,1.080848736239858,single_atom
HAT707_539,HAT707nonMR,Bond Dissociation Energies,Thermochemistry,wB97M-V,-98.07999623208552,-98.54487821732911,-0.4648819852435935,0.4648819852435935,single_atom
HAT707_54,HAT707nonMR,Bond Dissociation Energies,Thermochemistry,wB97M-V,11.709999476115794,12.139095725592323,0.4290962494765296,0.4290962494765296,single_atom
HAT707_540,HAT707nonMR,Bond Dissociation Energies,Thermochemistry,wB97M-V,-64.96999723643837,-62.995411793931794,1.97458544250658,1.97458544250658,single_atom
HAT707_541,HAT707nonMR,Bond Dissociation Energies,Thermochemistry,wB97M-V,-127.60999469232983,-125.83830213904088,1.7716925532889576,1.7716925532889576,single_atom
HAT707_542,HAT707nonMR,Bond Dissociation Energies,Thermochemistry,wB97M-V,-194.27999227766205,-193.4120255029672,0.8679667746948496,0.8679667746948496,single_atom
HAT707_543,HAT707nonMR,Bond Dissociation Energies,Thermochemistry,wB97M-V,-62.86999724839971,-63.26742980895369,-0.39743256055398035,0.39743256055398035,single_atom
HAT707_544,HAT707nonMR,Bond Dissociation Energies,Thermochemistry,wB97M-V,-41.159998008531126,-39.66096296533169,1.4990350431994344,1.4990350431994344,single_atom
HAT707_545,HAT707nonMR,Bond Dissociation Energies,Thermochemistry,wB97M-V,-100.97999612592326,-99.96348122974088,1.016514896182386,1.016514896182386,single_atom
HAT707_548,HAT707nonMR,Bond Dissociation Energies,Thermochemistry,wB97M-V,29.32999864067189,29.664468971425645,0.33447033075375643,0.33447033075375643,single_atom
HAT707_549,HAT707nonMR,Bond Dissociation Energies,Thermochemistry,wB97M-V,-2.8799999118805024,-3.30668257161104,-0.42668265973053776,0.42668265973053776,single_atom
HAT707_55,HAT707nonMR,Bond Dissociation Energies,Thermochemistry,wB97M-V,-23.20999914168056,-22.3539834104042,0.8560157312763579,0.8560157312763579,single_atom
HAT707_550,HAT707nonMR,Bond Dissociation Energies,Thermochemistry,wB97M-V,-58.02999784969072,-56.512082928913074,1.517914920777649,1.517914920777649,single_atom
HAT707_551,HAT707nonMR,Bond Dissociation Energies,Thermochemistry,wB97M-V,-65.00999720035286,-64.90096404068817,0.10903315966469052,0.10903315966469052,single_atom
HAT707_552,HAT707nonMR,Bond Dissociation Energies,Thermochemistry,wB97M-V,-69.50999690578877,-72.83323142030926,-3.323234514520493,3.323234514520493,single_atom
HAT707_553,HAT707nonMR,Bond Dissociation Energies,Thermochemistry,wB97M-V,-63.25999752407538,-62.965420919846345,0.29457660422903587,0.29457660422903587,single_atom
HAT707_554,HAT707nonMR,Bond Dissociation Energies,Thermochemistry,wB97M-V,-79.90999693619585,-79.44727709760001,0.4627198385958451,0.4627198385958451,single_atom
HAT707_555,HAT707nonMR,Bond Dissociation Energies,Thermochemistry,wB97M-V,-44.349998268258325,-49.54652068867013,-5.196522420411803,5.196522420411803,single_atom
HAT707_556,HAT707nonMR,Bond Dissociation Energies,Thermochemistry,wB97M-V,-69.91999716342167,-70.96509756345708,-1.045100400035409,1.045100400035409,single_atom
HAT707_557,HAT707nonMR,Bond Dissociation Energies,Thermochemistry,wB97M-V,-119.71999490759433,-120.77307898522656,-1.053084077632235,1.053084077632235,single_atom
HAT707_558,HAT707nonMR,Bond Dissociation Energies,Thermochemistry,wB97M-V,-39.07999862995919,-34.25969305129138,4.8203055786678135,4.8203055786678135,single_atom
HAT707_559,HAT707nonMR,Bond Dissociation Energies,Thermochemistry,wB97M-V,-20.87999936113364,-17.510198623570854,3.369800737562784,3.369800737562784,single_atom
HAT707_56,HAT707nonMR,Bond Dissociation Energies,Thermochemistry,wB97M-V,-185.0999924016656,-183.0016920230416,2.098300378623975,2.098300378623975,single_atom
HAT707_560,HAT707nonMR,Bond Dissociation Energies,Thermochemistry,wB97M-V,-68.70999699998968,-64.77563891528874,3.9343580847009463,3.9343580847009463,single_atom
HAT707_561,HAT707nonMR,Bond Dissociation Energies,Thermochemistry,wB97M-V,-61.01999766233604,-60.504564455163646,0.5154332071723928,0.5154332071723928,single_atom
HAT707_562,HAT707nonMR,Bond Dissociation Energies,Thermochemistry,wB97M-V,-3.049999758517045,-2.9649115446158305,0.08508821390121435,0.08508821390121435,single_atom
HAT707_563,HAT707nonMR,Bond Dissociation Energies,Thermochemistry,wB97M-V,23.75999927301414,26.63878294604089,2.8787836730267493,2.8787836730267493,single_atom
HAT707_564,HAT707nonMR,Bond Dissociation Energies,Thermochemistry,wB97M-V,-55.37999773031848,-56.13441108086571,-0.7544133505472317,0.7544133505472317,single_atom
HAT707_57,HAT707nonMR,Bond Dissociation Energies,Thermochemistry,wB97M-V,-87.99999654050376,-87.4163930258262,0.5836035146775629,0.5836035146775629,single_atom
HAT707_578,HAT707nonMR,Bond Dissociation Energies,Thermochemistry,wB97M-V,-6.4299998468380295,-7.703832595740892,-1.273832748902863,1.273832748902863,single_atom
HAT707_579,HAT707nonMR,Bond Dissociation Energies,Thermochemistry,wB97M-V,2.8799999118805024,3.306682571646709,0.42668265976620656,0.42668265976620656,single_atom
HAT707_58,HAT707nonMR,Bond Dissociation Energies,Thermochemistry,wB97M-V,-84.48999656946073,-82.72805156007247,1.7619450093882563,1.7619450093882563,single_atom
HAT707_589,HAT707nonMR,Bond Dissociation Energies,Thermochemistry,wB97M-V,-54.05999766612167,-55.17487291537061,-1.1148752492489393,1.1148752492489393,single_atom
HAT707_59,HAT707nonMR,Bond Dissociation Energies,Thermochemistry,wB97M-V,-119.12999481234624,-118.39513829659651,0.7348565157497262,0.7348565157497262,single_atom
HAT707_590,HAT707nonMR,Bond Dissociation Energies,Thermochemistry,wB97M-V,-84.41999663261038,-84.37044170744262,0.049554925167754504,0.049554925167754504,single_atom
HAT707_60,HAT707nonMR,Bond Dissociation Energies,Thermochemistry,wB97M-V,-85.83999660659339,-85.19687375557572,0.6431228510176652,0.6431228510176652,single_atom
HAT707_61,HAT707nonMR,Bond Dissociation Energies,Thermochemistry,wB97M-V,-175.50999289554568,-176.14069131000224,-0.6306984144565604,0.6306984144565604,single_atom
HAT707_615,HAT707nonMR,Bond Dissociation Energies,Thermochemistry,wB97M-V,0.0,0.6113244986982584,0.6113244986982584,0.6113244986982584,single_atom
HAT707_616,HAT707nonMR,Bond Dissociation Energies,Thermochemistry,wB97M-V,-124.72999478044932,-122.53161956739416,2.198375213055158,2.198375213055158,single_atom
HAT707_617,HAT707nonMR,Bond Dissociation Energies,Thermochemistry,wB97M-V,-87.5099963550419,-88.11297378546888,-0.602977430426975,0.602977430426975,single_atom
HAT707_618,HAT707nonMR,Bond Dissociation Energies,Thermochemistry,wB97M-V,-191.3999923657816,-190.10534293132045,1.2946494344611494,1.2946494344611494,single_atom
HAT707_62,HAT707nonMR,Bond Dissociation Energies,Thermochemistry,wB97M-V,-152.51999355539476,-152.77059711947524,-0.25060356408047824,0.25060356408047824,single_atom
HAT707_620,HAT707nonMR,Bond Dissociation Energies,Thermochemistry,wB97M-V,-9.13999991208199,-3.3914510067101684,5.7485489053718215,5.7485489053718215,single_atom
HAT707_621,HAT707nonMR,Bond Dissociation Energies,Thermochemistry,wB97M-V,-82.66999632882344,-76.18825136048973,6.4817449683337145,6.4817449683337145,single_atom
HAT707_622,HAT707nonMR,Bond Dissociation Energies,Thermochemistry,wB97M-V,-63.59999721734846,-64.80622567229521,-1.2062284549467535,1.2062284549467535,single_atom
HAT707_623,HAT707nonMR,Bond Dissociation Energies,Thermochemistry,wB97M-V,-112.33999529027788,-112.92720572938944,-0.5872104391115585,0.5872104391115585,single_atom
HAT707_63,HAT707nonMR,Bond Dissociation Energies,Thermochemistry,wB97M-V,-146.09999369953536,-143.84939156322096,2.2506021363143986,2.2506021363143986,single_atom
HAT707_64,HAT707nonMR,Bond Dissociation Energies,Thermochemistry,wB97M-V,-97.12999583409766,-91.41916853124351,5.710827302854142,5.710827302854142,single_atom
HAT707_642,HAT707nonMR,Bond Dissociation Energies,Thermochemistry,wB97M-V,-91.25999610957184,-92.4110015972842,-1.1510054877123537,1.1510054877123537,single_atom
HAT707_644,HAT707nonMR,Bond Dissociation Energies,Thermochemistry,wB97M-V,-81.27999632777627,-83.92882206317697,-2.648825735400692,2.648825735400692,single_atom
HAT707_645,HAT707nonMR,Bond Dissociation Energies,Thermochemistry,wB97M-V,39.48999826008261,37.534079341860405,-1.9559189182222028,1.9559189182222028,single_atom
HAT707_646,HAT707nonMR,Bond Dissociation Energies,Thermochemistry,wB97M-V,-131.06999470847975,-133.7368034848751,-2.6668087763953565,2.6668087763953565,single_atom
HAT707_647,HAT707nonMR,Bond Dissociation Energies,Thermochemistry,wB97M-V,-7.129999842850914,-8.23426309111758,-1.1042632482666654,1.1042632482666654,single_atom
HAT707_65,HAT707nonMR,Bond Dissociation Energies,Thermochemistry,wB97M-V,-98.24999607872208,-90.48425534353758,7.765740735184494,7.765740735184494,single_atom
HAT707_651,HAT707nonMR,Bond Dissociation Energies,Thermochemistry,wB97M-V,-58.13999775045554,-57.19788188355261,0.942115866902931,0.942115866902931,single_atom
HAT707_652,HAT707nonMR,Bond Dissociation Energies,Thermochemistry,wB97M-V,-0.7299999689487457,-1.5387958633058532,-0.8087958943571074,0.8087958943571074,single_atom
HAT707_653,HAT707nonMR,Bond Dissociation Energies,Thermochemistry,wB97M-V,-3.779999727465791,-4.503707407886014,-0.7237076804202234,0.7237076804202234,single_atom
HAT707_654,HAT707nonMR,Bond Dissociation Energies,Thermochemistry,wB97M-V,-11.349999800885463,-12.963724499684208,-1.6137246987987446,1.6137246987987446,single_atom
HAT707_655,HAT707nonMR,Bond Dissociation Energies,Thermochemistry,wB97M-V,12.399999481150058,13.67505844632102,1.2750589651709614,1.2750589651709614,single_atom
HAT707_656,HAT707nonMR,Bond Dissociation Energies,Thermochemistry,wB97M-V,-52.499997818437976,-52.82772850921901,-0.32773069078103134,0.32773069078103134,single_atom
HAT707_657,HAT707nonMR,Bond Dissociation Energies,Thermochemistry,wB97M-V,-129.79999459917607,-130.8515148603965,-1.0515202612204178,1.0515202612204178,single_atom
HAT707_66,HAT707nonMR,Bond Dissociation Energies,Thermochemistry,wB97M-V,13.309999287713968,12.47644532083476,-0.833553966879208,0.833553966879208,single_atom
HAT707_67,HAT707nonMR,Bond Dissociation Energies,Thermochemistry,wB97M-V,-49.04999779326665,-49.67971817146817,-0.6297203782015188,0.6297203782015188,single_atom
HAT707_68,HAT707nonMR,Bond Dissociation Energies,Thermochemistry,wB97M-V,-15.119999537372635,-16.64635126025111,-1.5263517228784735,1.5263517228784735,single_atom
HAT707_69,HAT707nonMR,Bond Dissociation Energies,Thermochemistry,wB97M-V,-90.20999642930724,-89.34068113674635,0.8693152925608842,0.8693152925608842,single_atom
HAT707_70,HAT707nonMR,Bond Dissociation Energies,Thermochemistry,wB97M-V,-22.13999885194925,-23.89957149900953,-1.7595726470602777,1.7595726470602777,single_atom
HAT707_73,HAT707nonMR,Bond Dissociation Energies,Thermochemistry,wB97M-V,71.08999706128031,70.30589735495325,-0.7840997063270692,0.7840997063270692,single_atom
HAT707_74,HAT707nonMR,Bond Dissociation Energies,Thermochemistry,wB97M-V,10.329999466047262,10.007124945602998,-0.32287452044426423,0.32287452044426423,single_atom
HAT707_75,HAT707nonMR,Bond Dissociation Energies,Thermochemistry,wB97M-V,38.87999818287731,37.33474581185413,-1.5452523710231816,1.5452523710231816,single_atom
HAT707_76,HAT707nonMR,Bond Dissociation Energies,Thermochemistry,wB97M-V,-16.26999912742343,-15.870654545421148,0.3993445820022803,0.3993445820022803,single_atom
HAT707_77,HAT707nonMR,Bond Dissociation Energies,Thermochemistry,wB97M-V,-30.849998524441105,-30.39158089080884,0.4584176336322656,0.4584176336322656,single_atom
HAT707_78,HAT707nonMR,Bond Dissociation Energies,Thermochemistry,wB97M-V,-57.28999788976335,-56.99315905113023,0.2968388386331213,0.2968388386331213,single_atom
HAT707_79,HAT707nonMR,Bond Dissociation Energies,Thermochemistry,wB97M-V,-64.2799972314041,-64.12560768695096,0.15438954445313868,0.15438954445313868,single_atom
HAT707_80,HAT707nonMR,Bond Dissociation Energies,Thermochemistry,wB97M-V,13.829999446111689,11.16294569001645,-2.667053756095239,2.667053756095239,single_atom
HAT707_81,HAT707nonMR,Bond Dissociation Energies,Thermochemistry,wB97M-V,-66.70999754924671,-67.15206667855867,-0.4420691293119603,0.4420691293119603,single_atom
HAT707_82,HAT707nonMR,Bond Dissociation Energies,Thermochemistry,wB97M-V,-59.45999781465235,-59.184165671424296,0.27583214322805105,0.27583214322805105,single_atom
HAT707_83,HAT707nonMR,Bond Dissociation Energies,Thermochemistry,wB97M-V,-53.98999772927132,-53.76853765044984,0.22146007882148666,0.22146007882148666,single_atom
HAT707_84,HAT707nonMR,Bond Dissociation Energies,Thermochemistry,wB97M-V,-43.07999815895462,-41.023199499942656,2.0567986590119673,2.0567986590119673,single_atom
HAT707_85,HAT707nonMR,Bond Dissociation Energies,Thermochemistry,wB97M-V,9.329999740675772,3.230678310395348,-6.099321430280424,6.099321430280424,single_atom
HAT707_86,HAT707nonMR,Bond Dissociation Energies,Thermochemistry,wB97M-V,-130.55999454106066,-129.14001891444724,1.4199756266134216,1.4199756266134216,single_atom
HAT707_87,HAT707nonMR,Bond Dissociation Energies,Thermochemistry,wB97M-V,-33.389998743048515,-33.78856602911141,-0.3985672860628924,0.3985672860628924,single_atom
HAT707_88,HAT707nonMR,Bond Dissociation Energies,Thermochemistry,wB97M-V,-135.5199944590226,-140.09784204852454,-4.577847589501943,4.577847589501943,single_atom
HAT707_89,HAT707nonMR,Bond Dissociation Energies,Thermochemistry,wB97M-V,15.579999122389165,13.098488810849348,-2.4815103115398163,2.4815103115398163,single_atom
HAT707_90,HAT707nonMR,Bond Dissociation Energies,Thermochemistry,wB97M-V,2.969999830688084,2.438287709962815,-0.5317121207252691,0.5317121207252691,single_atom
HAT707_91,HAT707nonMR,Bond Dissociation Energies,Thermochemistry,wB97M-V,-1.0699996622218313,-3.383367366904313,-2.3133677046824817,2.3133677046824817,single_atom
HAT707_92,HAT707nonMR,Bond Dissociation Energies,Thermochemistry,wB97M-V,-68.78999692781865,-68.80398806730075,-0.013991139482101289,0.013991139482101289,single_atom
HAT707_93,HAT707nonMR,Bond Dissociation Energies,Thermochemistry,wB97M-V,3.400000070278225,-2.9254421399675428,-6.325442210245768,6.325442210245768,single_atom
HAT707_94,HAT707nonMR,Bond Dissociation Energies,Thermochemistry,wB97M-V,8.919999483042872,5.098812167247529,-3.821187315795343,3.821187315795343,single_atom
HAT707_95,HAT707nonMR,Bond Dissociation Energies,Thermochemistry,wB97M-V,-48.499998289442544,-50.493638182655125,-1.9936398932125812,1.9936398932125812,single_atom
HAT707_96,HAT707nonMR,Bond Dissociation Energies,Thermochemistry,wB97M-V,-40.87999826112976,-44.70916925447737,-3.82917099334761,3.82917099334761,single_atom
HAT707_97,HAT707nonMR,Bond Dissociation Energies,Thermochemistry,wB97M-V,-97.51999610977332,-99.32897678204276,-1.808980672269442,1.808980672269442,single_atom
HAT707_98,HAT707nonMR,Bond Dissociation Energies,Thermochemistry,wB97M-V,-20.81999941526192,-22.4925374395386,-1.6725380242766832,1.6725380242766832,single_atom
HAT707_99,HAT707nonMR,Bond Dissociation Energies,Thermochemistry,wB97M-V,-22.7199989562187,-22.53026707417436,0.1897318820443381,0.1897318820443381,single_atom
HNBrBDE18_1,HNBrBDE18,Bond Dissociation Energies,Thermochemistry,wB97M-V,58.89101112916212,57.0318639609598,-1.8591471682023268,1.8591471682023268,single_atom
HNBrBDE18_10,HNBrBDE18,Bond Dissociation Energies,Thermochemistry,wB97M-V,62.47609700134277,60.65731576076918,-1.8187812405735926,1.8187812405735926,single_atom
HNBrBDE18_11,HNBrBDE18,Bond Dissociation Energies,Thermochemistry,wB97M-V,61.20936621639891,59.12256984347584,-2.086796372923075,2.086796372923075,single_atom
HNBrBDE18_12,HNBrBDE18,Bond Dissociation Energies,Thermochemistry,wB97M-V,60.70745464610045,58.91648600579305,-1.7909686403074048,1.7909686403074048,single_atom
HNBrBDE18_13,HNBrBDE18,Bond Dissociation Energies,Thermochemistry,wB97M-V,63.38431844605719,61.41976292643682,-1.964555519620376,1.964555519620376,single_atom
HNBrBDE18_14,HNBrBDE18,Bond Dissociation Energies,Thermochemistry,wB97M-V,59.77533199302855,56.66716373776685,-3.1081682552617025,3.1081682552617025,single_atom
HNBrBDE18_15,HNBrBDE18,Bond Dissociation Energies,Thermochemistry,wB97M-V,58.74760764407415,56.27578444725623,-2.4718231968179225,2.4718231968179225,single_atom
HNBrBDE18_16,HNBrBDE18,Bond Dissociation Energies,Thermochemistry,wB97M-V,68.2122345223337,65.54070838046657,-2.671526141867133,2.671526141867133,single_atom
HNBrBDE18_17,HNBrBDE18,Bond Dissociation Energies,Thermochemistry,wB97M-V,47.94454886583622,45.03380324881776,-2.9107456170184562,2.9107456170184562,single_atom
HNBrBDE18_18,HNBrBDE18,Bond Dissociation Energies,Thermochemistry,wB97M-V,49.54588715514256,46.55166112915818,-2.994226025984382,2.994226025984382,single_atom
HNBrBDE18_2,HNBrBDE18,Bond Dissociation Energies,Thermochemistry,wB97M-V,67.04110606078183,66.74887740880416,-0.29222865197766623,0.29222865197766623,single_atom
HNBrBDE18_3,HNBrBDE18,Bond Dissociation Energies,Thermochemistry,wB97M-V,55.71223450388797,52.727046935944216,-2.985187567943754,2.985187567943754,single_atom
HNBrBDE18_4,HNBrBDE18,Bond Dissociation Energies,Thermochemistry,wB97M-V,55.83173740812796,52.80578531859787,-3.0259520895300867,3.0259520895300867,single_atom
HNBrBDE18_5,HNBrBDE18,Bond Dissociation Energies,Thermochemistry,wB97M-V,52.55735908697128,48.730118187340594,-3.827240899630688,3.827240899630688,single_atom
HNBrBDE18_6,HNBrBDE18,Bond Dissociation Energies,Thermochemistry,wB97M-V,48.70936682546265,44.57006195044917,-4.1393048750134795,4.1393048750134795,single_atom
HNBrBDE18_7,HNBrBDE18,Bond Dissociation Energies,Thermochemistry,wB97M-V,56.978965288831816,54.79957870088654,-2.179386587945274,2.179386587945274,single_atom
HNBrBDE18_8,HNBrBDE18,Bond Dissociation Energies,Thermochemistry,wB97M-V,45.17208211497801,42.68500541797109,-2.48707669700692,2.48707669700692,single_atom
HNBrBDE18_9,HNBrBDE18,Bond Dissociation Energies,Thermochemistry,wB97M-V,44.57456822128756,42.45788921981881,-2.1166790014687464,2.1166790014687464,single_atom
EA50_1,EA50,Electron Affinities,Thermochemistry,wB97M-V,14.528145151628726,10.63838542027019,-3.889759731358536,3.889759731358536,single_atom
EA50_10,EA50,Electron Affinities,Thermochemistry,wB97M-V,17.75662178226739,18.156615836704745,0.3999940544373537,0.3999940544373537,single_atom
EA50_2,EA50,Electron Affinities,Thermochemistry,wB97M-V,6.918164567088265,7.604539826395176,0.686375259306911,0.686375259306911,single_atom
EA50_3,EA50,Electron Affinities,Thermochemistry,wB97M-V,12.913906522554656,11.156826970643277,-1.7570795519113798,1.7570795519113798,single_atom
EA50_4,EA50,Electron Affinities,Thermochemistry,wB97M-V,10.838457215179126,8.063913721721075,-2.774543493458051,2.774543493458051,single_atom
EA50_5,EA50,Electron Affinities,Thermochemistry,wB97M-V,83.94039427913368,83.82483257364218,-0.11556170549150124,0.11556170549150124,single_atom
EA50_6,EA50,Electron Affinities,Thermochemistry,wB97M-V,32.976583578857785,28.62559547349046,-4.350988105367325,4.350988105367325,single_atom
EA50_7,EA50,Electron Affinities,Thermochemistry,wB97M-V,48.1965447479387,46.93437131329908,-1.262173434639621,1.262173434639621,single_atom
EA50_8,EA50,Electron Affinities,Thermochemistry,wB97M-V,81.63433963260744,78.71875604279407,-2.915583589813366,2.915583589813366,single_atom
EA50_9,EA50,Electron Affinities,Thermochemistry,wB97M-V,9.22421921361453,6.365930502055369,-2.858288711559161,2.858288711559161,single_atom
G21EA_1,G21EA,Electron Affinities,Thermochemistry,wB97M-V,29.435340538610763,30.682470186619348,1.2471296480085847,1.2471296480085847,single_atom
G21EA_2,G21EA,Electron Affinities,Thermochemistry,wB97M-V,33.98432175106338,34.48840362562944,0.5040818745660545,0.5040818745660545,single_atom
G21EA_3,G21EA,Electron Affinities,Thermochemistry,wB97M-V,79.21368481336201,77.3841606731818,-1.8295241401802116,1.8295241401802116,single_atom
G21EA_4,G21EA,Electron Affinities,Thermochemistry,wB97M-V,32.69559613154425,29.835886173745727,-2.859709957798522,2.859709957798522,single_atom
G21EA_5,G21EA,Electron Affinities,Thermochemistry,wB97M-V,17.059833379742745,18.64440267060856,1.584569290865815,1.584569290865815,single_atom
G21EA_6,G21EA,Electron Affinities,Thermochemistry,wB97M-V,48.2112021142338,49.09855064856335,0.8873485343295471,0.8873485343295471,single_atom
G21EA_7,G21EA,Electron Affinities,Thermochemistry,wB97M-V,84.40050995340292,83.82457102769851,-0.5759389257044063,0.5759389257044063,single_atom
BH76RC_1,BH76RC,General Reaction Energies,Thermochemistry,wB97M-V,-64.91004874634352,-66.04795327954747,-1.137904533203951,1.137904533203951,single_atom
BH76RC_10,BH76RC,General Reaction Energies,Thermochemistry,wB97M-V,-19.550014993695065,-19.500762841843287,0.049252151851778336,0.049252151851778336,single_atom
BH76RC_11,BH76RC,General Reaction Energies,Thermochemistry,wB97M-V,-40.02003041244213,-40.8353921266629,-0.8153617142207708,0.8153617142207708,single_atom
BH76RC_14,BH76RC,General Reaction Energies,Thermochemistry,wB97M-V,-1.9000014234852007,-1.1018446384771785,0.7981567850080222,0.7981567850080222,single_atom
BH76RC_15,BH76RC,General Reaction Energies,Thermochemistry,wB97M-V,-16.390012196865825,-15.876655983271233,0.5133562135945926,0.5133562135945926,single_atom
BH76RC_16,BH76RC,General Reaction Energies,Thermochemistry,wB97M-V,-3.1100022144266624,-3.992250288998679,-0.8822480745720167,0.8822480745720167,single_atom
BH76RC_19,BH76RC,General Reaction Energies,Thermochemistry,wB97M-V,-5.010003637911863,-5.094094927491393,-0.08409128957953005,0.08409128957953005,single_atom
BH76RC_2,BH76RC,General Reaction Energies,Thermochemistry,wB97M-V,-26.320020181391445,-24.511856777466107,1.808163403925338,1.808163403925338,single_atom
BH76RC_21,BH76RC,General Reaction Energies,Thermochemistry,wB97M-V,-32.22002427141945,-31.30508439651946,0.9149398748999857,0.9149398748999857,single_atom
BH76RC_22,BH76RC,General Reaction Energies,Thermochemistry,wB97M-V,5.440003877502003,4.909223984850086,-0.5307798926519176,0.5307798926519176,single_atom
BH76RC_23,BH76RC,General Reaction Energies,Thermochemistry,wB97M-V,-21.74001615556025,-20.5194969252998,1.2205192302604502,1.2205192302604502,single_atom
BH76RC_24,BH76RC,General Reaction Energies,Thermochemistry,wB97M-V,-2.3200016720967214,-0.9169736958492472,1.4030279762474742,1.4030279762474742,single_atom
BH76RC_25,BH76RC,General Reaction Energies,Thermochemistry,wB97M-V,-13.260010000481923,-12.48237785813548,0.7776321423464427,0.7776321423464427,single_atom
BH76RC_26,BH76RC,General Reaction Energies,Thermochemistry,wB97M-V,0.4200002486115208,-0.1848709426636009,-0.6048711912751217,0.6048711912751217,single_atom
BH76RC_3,BH76RC,General Reaction Energies,Thermochemistry,wB97M-V,-103.28007813727544,-102.32923606083185,0.9508420764435925,0.9508420764435925,single_atom
BH76RC_4,BH76RC,General Reaction Energies,Thermochemistry,wB97M-V,-52.64003973527342,-51.54151437082339,1.0985253644500261,1.0985253644500261,single_atom
BH76RC_5,BH76RC,General Reaction Energies,Thermochemistry,wB97M-V,-32.16002432554773,-32.7181173838184,-0.5580930582706713,0.5580930582706713,single_atom
BH76RC_7,BH76RC,General Reaction Energies,Thermochemistry,wB97M-V,-20.32001555406776,-20.42230838346364,-0.10229282939588202,0.10229282939588202,single_atom
BH76RC_9,BH76RC,General Reaction Energies,Thermochemistry,wB97M-V,3.690002946205579,1.2992638253742994,-2.3907391208312796,2.3907391208312796,single_atom
RC21_5,RC21,General Reaction Energies,Thermochemistry,wB97M-V,57.93004374809611,60.399566557874046,2.469522809777935,2.469522809777935,single_atom
RC21_9,RC21,General Reaction Energies,Thermochemistry,wB97M-V,49.85003785967208,52.428685257269045,2.578647397596967,2.578647397596967,single_atom
G21IP_1,G21IP,Ionization Potentials,Thermochemistry,wB97M-V,314.90023800463126,310.41081522238443,-4.489422782246834,4.489422782246834,single_atom
G21IP_10,G21IP,Ionization Potentials,Thermochemistry,wB97M-V,175.80566343704274,176.79027336705923,0.9846099300164894,0.9846099300164894,single_atom
G21IP_11,G21IP,Ionization Potentials,Thermochemistry,wB97M-V,137.8464212006242,131.1260321202693,-6.72038908035492,6.72038908035492,single_atom
G21IP_12,G21IP,Ionization Potentials,Thermochemistry,wB97M-V,188.2112534000972,182.81464180274023,-5.39661159735698,5.39661159735698,single_atom
G21IP_13,G21IP,Ionization Potentials,Thermochemistry,wB97M-V,242.8497106347295,236.8057453292138,-6.043965305515684,6.043965305515684,single_atom
G21IP_14,G21IP,Ionization Potentials,Thermochemistry,wB97M-V,238.3966530305196,239.9935828147904,1.5969297842707988,1.5969297842707988,single_atom
G21IP_15,G21IP,Ionization Potentials,Thermochemistry,wB97M-V,299.3854138987464,299.3212103924077,-0.06420350633868566,0.06420350633868566,single_atom
G21IP_2,G21IP,Ionization Potentials,Thermochemistry,wB97M-V,124.21389271090446,124.39847349318217,0.18458078227770613,0.18458078227770613,single_atom
G21IP_3,G21IP,Ionization Potentials,Thermochemistry,wB97M-V,214.8551500463352,208.3505274631032,-6.50462258323202,6.50462258323202,single_atom
G21IP_4,G21IP,Ionization Potentials,Thermochemistry,wB97M-V,191.49708941674075,190.4590480590218,-1.038041357718953,1.038041357718953,single_atom
G21IP_5,G21IP,Ionization Potentials,Thermochemistry,wB97M-V,259.71308836840933,260.6915739942156,0.978485625806286,0.978485625806286,single_atom
G21IP_6,G21IP,Ionization Potentials,Thermochemistry,wB97M-V,335.58670465883216,334.9438886599244,-0.6428159989077358,0.6428159989077358,single_atom
G21IP_7,G21IP,Ionization Potentials,Thermochemistry,wB97M-V,314.02657601669125,318.1974591766684,4.170883159977166,4.170883159977166,single_atom
G21IP_8,G21IP,Ionization Potentials,Thermochemistry,wB97M-V,402.1511488755327,402.161445301986,0.010296426453294316,0.010296426453294316,single_atom
G21IP_9,G21IP,Ionization Potentials,Thermochemistry,wB97M-V,118.13057490572878,119.19525272286768,1.0646778171389002,1.0646778171389002,single_atom
IP23_1,IP23,Ionization Potentials,Thermochemistry,wB97M-V,362.9499624783957,362.8210465555362,-0.12891592285950537,0.12891592285950537,single_atom
IP23_20,IP23,Ionization Potentials,Thermochemistry,wB97M-V,496.5627761780404,494.1196648027413,-2.443111375299111,2.443111375299111,single_atom
