Identifier,Dataset,Subset,Source_Datatype,Model,Reference,Prediction,DeltaE,Abs_DeltaE,exclusion_type
BDE99_1,BDE99MR,Bond Dissociation Energies,Thermochemistry,MACE-MP-0b3,-17.64999913749196,-34.73502840592165,-17.085029268429693,17.085029268429693,single_atom
BDE99_12,BDE99MR,Bond Dissociation Energies,Thermochemistry,MACE-MP-0b3,-105.5799957411454,-120.64823270078092,-15.068236959635527,15.068236959635527,single_atom
BDE99_3,BDE99MR,Bond Dissociation Energies,Thermochemistry,MACE-MP-0b3,-62.66999742882732,-86.50712437352948,-23.837126944702156,23.837126944702156,single_atom
BDE99_4,BDE99MR,Bond Dissociation Energies,Thermochemistry,MACE-MP-0b3,-60.939997734507074,-93.37134434049968,-32.4313466059926,32.4313466059926,single_atom
BDE99_5,BDE99MR,Bond Dissociation Energies,Thermochemistry,MACE-MP-0b3,-5.560000004188602,-29.07692218466001,-23.516922180471408,23.516922180471408,single_atom
BDE99_55,BDE99MR,Bond Dissociation Energies,Thermochemistry,MACE-MP-0b3,-57.7599974657585,-79.99829507293762,-22.23829760717912,22.23829760717912,single_atom
BDE99_57,BDE99MR,Bond Dissociation Energies,Thermochemistry,MACE-MP-0b3,-85.86999657952926,-82.93778566630706,2.9322109132221925,2.9322109132221925,single_atom
BDE99_58,BDE99MR,Bond Dissociation Energies,Thermochemistry,MACE-MP-0b3,-26.59999859347069,-55.21502222272353,-28.615023629252843,28.615023629252843,single_atom
BDE99_6,BDE99MR,Bond Dissociation Energies,Thermochemistry,MACE-MP-0b3,-81.6499966214947,-117.33394318765777,-35.68394656616307,35.68394656616307,single_atom
BDE99_7,BDE99MR,Bond Dissociation Energies,Thermochemistry,MACE-MP-0b3,-13.89999938296203,-26.28849175796189,-12.38849237499986,12.38849237499986,single_atom
BDE99_8,BDE99MR,Bond Dissociation Energies,Thermochemistry,MACE-MP-0b3,-36.009998261975426,-53.40595976100676,-17.395961499031337,17.395961499031337,single_atom
BDE99_9,BDE99MR,Bond Dissociation Energies,Thermochemistry,MACE-MP-0b3,-40.6999984235146,-66.0740500728174,-25.3740516493028,25.3740516493028,single_atom
BDE99_97,BDE99MR,Bond Dissociation Energies,Thermochemistry,MACE-MP-0b3,-65.97999758029796,-69.15154890367774,-3.1715513233797736,3.1715513233797736,single_atom
BDE99_1,BDE99MR,Bond Dissociation Energies,Thermochemistry,MACE-OMOL-0-100M,-17.64999913749196,-22.1915000447248,-4.541500907232841,4.541500907232841,single_atom
BDE99_12,BDE99MR,Bond Dissociation Energies,Thermochemistry,MACE-OMOL-0-100M,-105.5799957411454,-109.32272897812024,-3.7427332369748427,3.7427332369748427,single_atom
BDE99_3,BDE99MR,Bond Dissociation Energies,Thermochemistry,MACE-OMOL-0-100M,-62.66999742882732,-62.785864453838855,-0.11586702501153212,0.11586702501153212,single_atom
BDE99_4,BDE99MR,Bond Dissociation Energies,Thermochemistry,MACE-OMOL-0-100M,-60.939997734507074,-54.528786811306674,6.4112109232004,6.4112109232004,single_atom
BDE99_5,BDE99MR,Bond Dissociation Energies,Thermochemistry,MACE-OMOL-0-100M,-5.560000004188602,-1.2732583943775893,4.2867416098110125,4.2867416098110125,single_atom
BDE99_55,BDE99MR,Bond Dissociation Energies,Thermochemistry,MACE-OMOL-0-100M,-57.7599974657585,-64.56009985690551,-6.800102391147007,6.800102391147007,single_atom
BDE99_57,BDE99MR,Bond Dissociation Energies,Thermochemistry,MACE-OMOL-0-100M,-85.86999657952926,-87.30901504035981,-1.4390184608305532,1.4390184608305532,single_atom
BDE99_58,BDE99MR,Bond Dissociation Energies,Thermochemistry,MACE-OMOL-0-100M,-26.59999859347069,-28.374641173288044,-1.7746425798173533,1.7746425798173533,single_atom
BDE99_6,BDE99MR,Bond Dissociation Energies,Thermochemistry,MACE-OMOL-0-100M,-81.6499966214947,-86.36533337003917,-4.715336748544473,4.715336748544473,single_atom
BDE99_7,BDE99MR,Bond Dissociation Energies,Thermochemistry,MACE-OMOL-0-100M,-13.89999938296203,-17.919347686487455,-4.019348303525426,4.019348303525426,single_atom
BDE99_8,BDE99MR,Bond Dissociation Energies,Thermochemistry,MACE-OMOL-0-100M,-36.009998261975426,-29.90445230327141,6.105545958704017,6.105545958704017,single_atom
BDE99_9,BDE99MR,Bond Dissociation Energies,Thermochemistry,MACE-OMOL-0-100M,-40.6999984235146,-49.48251290111993,-8.782514477605332,8.782514477605332,single_atom
BDE99_97,BDE99MR,Bond Dissociation Energies,Thermochemistry,MACE-OMOL-0-100M,-65.97999758029796,-63.544967588620366,2.4350299916775953,2.4350299916775953,single_atom
BDE99_1,BDE99MR,Bond Dissociation Energies,Thermochemistry,MACE-OMOL-0-4M,-17.64999913749196,-11.033794014643314,6.616205122848646,6.616205122848646,single_atom
BDE99_12,BDE99MR,Bond Dissociation Energies,Thermochemistry,MACE-OMOL-0-4M,-105.5799957411454,-99.10991164095682,6.470084100188572,6.470084100188572,single_atom
BDE99_3,BDE99MR,Bond Dissociation Energies,Thermochemistry,MACE-OMOL-0-4M,-62.66999742882732,-50.803537293617175,11.866460135210147,11.866460135210147,single_atom
BDE99_4,BDE99MR,Bond Dissociation Energies,Thermochemistry,MACE-OMOL-0-4M,-60.939997734507074,-41.30493464026882,19.635063094238255,19.635063094238255,single_atom
BDE99_5,BDE99MR,Bond Dissociation Energies,Thermochemistry,MACE-OMOL-0-4M,-5.560000004188602,-1.777687634576107,3.782312369612495,3.782312369612495,single_atom
BDE99_55,BDE99MR,Bond Dissociation Energies,Thermochemistry,MACE-OMOL-0-4M,-57.7599974657585,-50.591076924352656,7.168920541405846,7.168920541405846,single_atom
BDE99_57,BDE99MR,Bond Dissociation Energies,Thermochemistry,MACE-OMOL-0-4M,-85.86999657952926,-99.57929872292456,-13.709302143395306,13.709302143395306,single_atom
BDE99_58,BDE99MR,Bond Dissociation Energies,Thermochemistry,MACE-OMOL-0-4M,-26.59999859347069,-18.93700940182419,7.662989191646499,7.662989191646499,single_atom
BDE99_6,BDE99MR,Bond Dissociation Energies,Thermochemistry,MACE-OMOL-0-4M,-81.6499966214947,-58.55771667238282,23.092279949111877,23.092279949111877,single_atom
BDE99_7,BDE99MR,Bond Dissociation Energies,Thermochemistry,MACE-OMOL-0-4M,-13.89999938296203,3.679374415059786,17.579373798021816,17.579373798021816,single_atom
BDE99_8,BDE99MR,Bond Dissociation Energies,Thermochemistry,MACE-OMOL-0-4M,-36.009998261975426,-23.555545692482877,12.454452569492549,12.454452569492549,single_atom
BDE99_9,BDE99MR,Bond Dissociation Energies,Thermochemistry,MACE-OMOL-0-4M,-40.6999984235146,-18.43305652374612,22.26694189976848,22.26694189976848,single_atom
BDE99_97,BDE99MR,Bond Dissociation Energies,Thermochemistry,MACE-OMOL-0-4M,-65.97999758029796,-60.12263596176664,5.857361618531321,5.857361618531321,single_atom
BDE99_1,BDE99MR,Bond Dissociation Energies,Thermochemistry,MACE-POLAR-1-L,-17.64999913749196,-16.532905004653358,1.1170941328386021,1.1170941328386021,single_atom
BDE99_12,BDE99MR,Bond Dissociation Energies,Thermochemistry,MACE-POLAR-1-L,-105.5799957411454,-100.2382662135024,5.341729527642997,5.341729527642997,single_atom
BDE99_3,BDE99MR,Bond Dissociation Energies,Thermochemistry,MACE-POLAR-1-L,-62.66999742882732,-44.9132581004435,17.756739328383823,17.756739328383823,single_atom
BDE99_4,BDE99MR,Bond Dissociation Energies,Thermochemistry,MACE-POLAR-1-L,-60.939997734507074,-41.083874270204205,19.85612346430287,19.85612346430287,single_atom
BDE99_5,BDE99MR,Bond Dissociation Energies,Thermochemistry,MACE-POLAR-1-L,-5.560000004188602,0.8661887562801452,6.426188760468747,6.426188760468747,single_atom
BDE99_55,BDE99MR,Bond Dissociation Energies,Thermochemistry,MACE-POLAR-1-L,-57.7599974657585,-40.24829284219496,17.511704623563546,17.511704623563546,single_atom
BDE99_57,BDE99MR,Bond Dissociation Energies,Thermochemistry,MACE-POLAR-1-L,-85.86999657952926,-91.72857664055262,-5.8585800610233605,5.8585800610233605,single_atom
BDE99_58,BDE99MR,Bond Dissociation Energies,Thermochemistry,MACE-POLAR-1-L,-26.59999859347069,-2.5034559828498737,24.096542610620816,24.096542610620816,single_atom
BDE99_6,BDE99MR,Bond Dissociation Energies,Thermochemistry,MACE-POLAR-1-L,-81.6499966214947,-60.514555553212325,21.13544106828237,21.13544106828237,single_atom
BDE99_7,BDE99MR,Bond Dissociation Energies,Thermochemistry,MACE-POLAR-1-L,-13.89999938296203,-6.991691810963803,6.908307571998226,6.908307571998226,single_atom
BDE99_8,BDE99MR,Bond Dissociation Energies,Thermochemistry,MACE-POLAR-1-L,-36.009998261975426,-34.24805741319449,1.761940848780938,1.761940848780938,single_atom
BDE99_9,BDE99MR,Bond Dissociation Energies,Thermochemistry,MACE-POLAR-1-L,-40.6999984235146,-36.23407561128409,4.4659228122305095,4.4659228122305095,single_atom
BDE99_97,BDE99MR,Bond Dissociation Energies,Thermochemistry,MACE-POLAR-1-L,-65.97999758029796,-56.98245448302074,8.997543097277223,8.997543097277223,single_atom
BDE99_1,BDE99MR,Bond Dissociation Energies,Thermochemistry,MACE-POLAR-1-M,-17.64999913749196,-23.204077469191525,-5.554078331699564,5.554078331699564,single_atom
BDE99_12,BDE99MR,Bond Dissociation Energies,Thermochemistry,MACE-POLAR-1-M,-105.5799957411454,-101.47255605611282,4.107439685032574,4.107439685032574,single_atom
BDE99_3,BDE99MR,Bond Dissociation Energies,Thermochemistry,MACE-POLAR-1-M,-62.66999742882732,-53.41541055224621,9.254586876581115,9.254586876581115,single_atom
BDE99_4,BDE99MR,Bond Dissociation Energies,Thermochemistry,MACE-POLAR-1-M,-60.939997734507074,-53.10229374433344,7.837703990173637,7.837703990173637,single_atom
BDE99_5,BDE99MR,Bond Dissociation Energies,Thermochemistry,MACE-POLAR-1-M,-5.560000004188602,1.0869630309436258,6.646963035132227,6.646963035132227,single_atom
BDE99_55,BDE99MR,Bond Dissociation Energies,Thermochemistry,MACE-POLAR-1-M,-57.7599974657585,-51.656540051205326,6.103457414553176,6.103457414553176,single_atom
BDE99_57,BDE99MR,Bond Dissociation Energies,Thermochemistry,MACE-POLAR-1-M,-85.86999657952926,-88.94249667077929,-3.072500091250035,3.072500091250035,single_atom
BDE99_58,BDE99MR,Bond Dissociation Energies,Thermochemistry,MACE-POLAR-1-M,-26.59999859347069,-14.058867433826745,12.541131159643946,12.541131159643946,single_atom
BDE99_6,BDE99MR,Bond Dissociation Energies,Thermochemistry,MACE-POLAR-1-M,-81.6499966214947,-74.21439911372507,7.435597507769629,7.435597507769629,single_atom
BDE99_7,BDE99MR,Bond Dissociation Energies,Thermochemistry,MACE-POLAR-1-M,-13.89999938296203,-9.047299220998813,4.852700161963217,4.852700161963217,single_atom
BDE99_8,BDE99MR,Bond Dissociation Energies,Thermochemistry,MACE-POLAR-1-M,-36.009998261975426,-36.351781904032094,-0.34178364205666867,0.34178364205666867,single_atom
BDE99_9,BDE99MR,Bond Dissociation Energies,Thermochemistry,MACE-POLAR-1-M,-40.6999984235146,-42.856980969317256,-2.1569825458026557,2.1569825458026557,single_atom
BDE99_97,BDE99MR,Bond Dissociation Energies,Thermochemistry,MACE-POLAR-1-M,-65.97999758029796,-65.2483751488606,0.7316224314373585,0.7316224314373585,single_atom
BDE99_1,BDE99MR,Bond Dissociation Energies,Thermochemistry,MACE-POLAR-1-S,-17.64999913749196,-33.25619493808302,-15.60619580059106,15.60619580059106,single_atom
BDE99_12,BDE99MR,Bond Dissociation Energies,Thermochemistry,MACE-POLAR-1-S,-105.5799957411454,-181.70370516866845,-76.12370942752305,76.12370942752305,single_atom
BDE99_3,BDE99MR,Bond Dissociation Energies,Thermochemistry,MACE-POLAR-1-S,-62.66999742882732,-65.42019389707298,-2.7501964682456546,2.7501964682456546,single_atom
BDE99_4,BDE99MR,Bond Dissociation Energies,Thermochemistry,MACE-POLAR-1-S,-60.939997734507074,-68.73948993964619,-7.799492205139117,7.799492205139117,single_atom
BDE99_5,BDE99MR,Bond Dissociation Energies,Thermochemistry,MACE-POLAR-1-S,-5.560000004188602,-3.868022713337807,1.691977290850795,1.691977290850795,single_atom
BDE99_55,BDE99MR,Bond Dissociation Energies,Thermochemistry,MACE-POLAR-1-S,-57.7599974657585,-60.88659721422734,-3.1265997484688413,3.1265997484688413,single_atom
BDE99_57,BDE99MR,Bond Dissociation Energies,Thermochemistry,MACE-POLAR-1-S,-85.86999657952926,-164.20033067329754,-78.33033409376829,78.33033409376829,single_atom
BDE99_58,BDE99MR,Bond Dissociation Energies,Thermochemistry,MACE-POLAR-1-S,-26.59999859347069,-26.640344204327786,-0.04034561085709498,0.04034561085709498,single_atom
BDE99_6,BDE99MR,Bond Dissociation Energies,Thermochemistry,MACE-POLAR-1-S,-81.6499966214947,-85.11117649698191,-3.4611798754872183,3.4611798754872183,single_atom
BDE99_7,BDE99MR,Bond Dissociation Energies,Thermochemistry,MACE-POLAR-1-S,-13.89999938296203,-17.493851905071605,-3.593852522109575,3.593852522109575,single_atom
BDE99_8,BDE99MR,Bond Dissociation Energies,Thermochemistry,MACE-POLAR-1-S,-36.009998261975426,-51.22138660661215,-15.211388344636724,15.211388344636724,single_atom
BDE99_9,BDE99MR,Bond Dissociation Energies,Thermochemistry,MACE-POLAR-1-S,-40.6999984235146,-55.04268056835625,-14.342682144841653,14.342682144841653,single_atom
BDE99_97,BDE99MR,Bond Dissociation Energies,Thermochemistry,MACE-POLAR-1-S,-65.97999758029796,-62.49731163329027,3.4826859470076883,3.4826859470076883,single_atom
BDE99_1,BDE99MR,Bond Dissociation Energies,Thermochemistry,wB97M-V,-17.64999913749196,-18.74985871253946,-1.0998595750474998,1.0998595750474998,single_atom
BDE99_12,BDE99MR,Bond Dissociation Energies,Thermochemistry,wB97M-V,-105.5799957411454,-103.7048288836004,1.875166857544997,1.875166857544997,single_atom
BDE99_3,BDE99MR,Bond Dissociation Energies,Thermochemistry,wB97M-V,-62.66999742882732,-60.0937737238428,2.576223704984521,2.576223704984521,single_atom
BDE99_4,BDE99MR,Bond Dissociation Energies,Thermochemistry,wB97M-V,-60.939997734507074,-57.04185962214195,3.8981381123651246,3.8981381123651246,single_atom
BDE99_5,BDE99MR,Bond Dissociation Energies,Thermochemistry,wB97M-V,-5.560000004188602,-0.9074485412940716,4.652551462894531,4.652551462894531,single_atom
BDE99_55,BDE99MR,Bond Dissociation Energies,Thermochemistry,wB97M-V,-57.7599974657585,-54.18054888768057,3.5794485780779297,3.5794485780779297,single_atom
BDE99_57,BDE99MR,Bond Dissociation Energies,Thermochemistry,wB97M-V,-85.86999657952926,-90.75458084012462,-4.884584260595361,4.884584260595361,single_atom
BDE99_58,BDE99MR,Bond Dissociation Energies,Thermochemistry,wB97M-V,-26.59999859347069,-18.23115774976568,8.368840843705012,8.368840843705012,single_atom
BDE99_6,BDE99MR,Bond Dissociation Energies,Thermochemistry,wB97M-V,-81.6499966214947,-76.92984601023682,4.720150611257878,4.720150611257878,single_atom
BDE99_7,BDE99MR,Bond Dissociation Energies,Thermochemistry,wB97M-V,-13.89999938296203,-8.559674569660347,5.340324813301683,5.340324813301683,single_atom
BDE99_8,BDE99MR,Bond Dissociation Energies,Thermochemistry,wB97M-V,-36.009998261975426,-35.89862693928336,0.11137132269206518,0.11137132269206518,single_atom
BDE99_9,BDE99MR,Bond Dissociation Energies,Thermochemistry,wB97M-V,-40.6999984235146,-40.06812361702644,0.6318748064881632,0.6318748064881632,single_atom
BDE99_97,BDE99MR,Bond Dissociation Energies,Thermochemistry,wB97M-V,-65.97999758029796,-64.68279550005312,1.297202080244844,1.297202080244844,single_atom
BDE99_10,BDE99nonMR,Bond Dissociation Energies,Thermochemistry,MACE-MP-0b3,-100.7799956788414,-97.40711696280574,3.3728787160356575,3.3728787160356575,single_atom
BDE99_11,BDE99nonMR,Bond Dissociation Energies,Thermochemistry,MACE-MP-0b3,-59.019997584083576,-54.76171867074503,4.258278913338543,4.258278913338543,single_atom
BDE99_13,BDE99nonMR,Bond Dissociation Energies,Thermochemistry,MACE-MP-0b3,-51.44999813817338,-51.251805134864014,0.1981930033093633,0.1981930033093633,single_atom
BDE99_14,BDE99nonMR,Bond Dissociation Energies,Thermochemistry,MACE-MP-0b3,-75.13999684682771,-96.89516544395092,-21.755168597123202,21.755168597123202,single_atom
BDE99_15,BDE99nonMR,Bond Dissociation Energies,Thermochemistry,MACE-MP-0b3,-118.09999511403888,-125.59493425941534,-7.494939145376463,7.494939145376463,single_atom
BDE99_16,BDE99nonMR,Bond Dissociation Energies,Thermochemistry,MACE-MP-0b3,-42.3599981809845,-74.015180107995,-31.655181927010496,31.655181927010496,single_atom
BDE99_17,BDE99nonMR,Bond Dissociation Energies,Thermochemistry,MACE-MP-0b3,-84.76999631686209,-74.88520196952057,9.884794347341526,9.884794347341526,single_atom
BDE99_19,BDE99nonMR,Bond Dissociation Energies,Thermochemistry,MACE-MP-0b3,-116.8499949866924,-64.43284171526031,52.417153271432085,52.417153271432085,single_atom
BDE99_20,BDE99nonMR,Bond Dissociation Energies,Thermochemistry,MACE-MP-0b3,-215.1099910563931,-190.02564728901925,25.084343767373866,25.084343767373866,single_atom
BDE99_24,BDE99nonMR,Bond Dissociation Energies,Thermochemistry,MACE-MP-0b3,-53.13999786857913,-53.49270720563272,-0.3527093370535894,0.3527093370535894,single_atom
BDE99_25,BDE99nonMR,Bond Dissociation Energies,Thermochemistry,MACE-MP-0b3,-122.7899946480686,-131.72641092211794,-8.936416274049336,8.936416274049336,single_atom
BDE99_28,BDE99nonMR,Bond Dissociation Energies,Thermochemistry,MACE-MP-0b3,-43.04999818601876,-37.14328227276746,5.906715913251304,5.906715913251304,single_atom
BDE99_30,BDE99nonMR,Bond Dissociation Energies,Thermochemistry,MACE-MP-0b3,-173.5299927992505,-191.5145349582652,-17.984542159014694,17.984542159014694,single_atom
BDE99_34,BDE99nonMR,Bond Dissociation Energies,Thermochemistry,MACE-MP-0b3,-161.84999329607052,-186.97252936899432,-25.122536072923793,25.122536072923793,single_atom
BDE99_35,BDE99nonMR,Bond Dissociation Energies,Thermochemistry,MACE-MP-0b3,-124.31999515032588,-114.49907051786803,9.820924632457846,9.820924632457846,single_atom
BDE99_36,BDE99nonMR,Bond Dissociation Energies,Thermochemistry,MACE-MP-0b3,-95.23999628411951,-82.36262719444932,12.877369089670196,12.877369089670196,single_atom
BDE99_37,BDE99nonMR,Bond Dissociation Energies,Thermochemistry,MACE-MP-0b3,-183.90999222019084,-187.30318611703413,-3.393193896843286,3.393193896843286,single_atom
BDE99_38,BDE99nonMR,Bond Dissociation Energies,Thermochemistry,MACE-MP-0b3,-19.68999917965889,-49.51686886428626,-29.82686968462737,29.82686968462737,single_atom
BDE99_39,BDE99nonMR,Bond Dissociation Energies,Thermochemistry,MACE-MP-0b3,-195.19999207520456,-204.4016775478274,-9.201685472622842,9.201685472622842,single_atom
BDE99_40,BDE99nonMR,Bond Dissociation Energies,Thermochemistry,MACE-MP-0b3,-108.55999556281208,-146.41047546266438,-37.8504798998523,37.8504798998523,single_atom
BDE99_41,BDE99nonMR,Bond Dissociation Energies,Thermochemistry,MACE-MP-0b3,-130.40999467638136,-161.01608902435575,-30.60609434797439,30.60609434797439,single_atom
BDE99_43,BDE99nonMR,Bond Dissociation Energies,Thermochemistry,MACE-MP-0b3,-42.82999838448911,-72.49709483970966,-29.667096455220552,29.667096455220552,single_atom
BDE99_45,BDE99nonMR,Bond Dissociation Energies,Thermochemistry,MACE-MP-0b3,-35.1899983742191,-57.13782187813326,-21.947823503914158,21.947823503914158,single_atom
BDE99_46,BDE99nonMR,Bond Dissociation Energies,Thermochemistry,MACE-MP-0b3,-100.0299957279354,-84.21367699460511,15.816318733330291,15.816318733330291,single_atom
BDE99_47,BDE99nonMR,Bond Dissociation Energies,Thermochemistry,MACE-MP-0b3,-107.66999573820544,-99.57294995618152,8.097045782023926,8.097045782023926,single_atom
BDE99_48,BDE99nonMR,Bond Dissociation Energies,Thermochemistry,MACE-MP-0b3,-103.18999601472676,-74.47421570503677,28.71578030968999,28.71578030968999,single_atom
BDE99_50,BDE99nonMR,Bond Dissociation Energies,Thermochemistry,MACE-MP-0b3,-22.82999885698352,-53.74601895266005,-30.916020095676533,30.916020095676533,single_atom
BDE99_51,BDE99nonMR,Bond Dissociation Energies,Thermochemistry,MACE-MP-0b3,-132.06999443385126,-86.72130014006615,45.348694293785115,45.348694293785115,single_atom
BDE99_52,BDE99nonMR,Bond Dissociation Energies,Thermochemistry,MACE-MP-0b3,-229.1999902679489,-206.2080721159805,22.991918151968378,22.991918151968378,single_atom
BDE99_54,BDE99nonMR,Bond Dissociation Energies,Thermochemistry,MACE-MP-0b3,-96.17999606361928,-79.36695487438627,16.81304118923302,16.81304118923302,single_atom
BDE99_59,BDE99nonMR,Bond Dissociation Energies,Thermochemistry,MACE-MP-0b3,-93.55999591718287,-85.85983327856556,7.700162638617314,7.700162638617314,single_atom
BDE99_61,BDE99nonMR,Bond Dissociation Energies,Thermochemistry,MACE-MP-0b3,-77.39999669052429,-79.13470068161902,-1.734703991094733,1.734703991094733,single_atom
BDE99_62,BDE99nonMR,Bond Dissociation Energies,Thermochemistry,MACE-MP-0b3,-60.87999778863536,-67.83109951375225,-6.951101725116892,6.951101725116892,single_atom
BDE99_63,BDE99nonMR,Bond Dissociation Energies,Thermochemistry,MACE-MP-0b3,-68.32999734280212,-79.8035366798719,-11.47353933706978,11.47353933706978,single_atom
BDE99_64,BDE99nonMR,Bond Dissociation Energies,Thermochemistry,MACE-MP-0b3,-54.70999770724145,-58.15451281609294,-3.4445151088514905,3.4445151088514905,single_atom
BDE99_65,BDE99nonMR,Bond Dissociation Energies,Thermochemistry,MACE-MP-0b3,-125.76999509724476,-111.77131681361116,13.998678283633595,13.998678283633595,single_atom
BDE99_69,BDE99nonMR,Bond Dissociation Energies,Thermochemistry,MACE-MP-0b3,-141.76999384073596,-145.72961581718485,-3.9596219764488865,3.9596219764488865,single_atom
BDE99_70,BDE99nonMR,Bond Dissociation Energies,Thermochemistry,MACE-MP-0b3,-65.46999741287885,-58.27587037892316,7.194127033955695,7.194127033955695,single_atom
BDE99_71,BDE99nonMR,Bond Dissociation Energies,Thermochemistry,MACE-MP-0b3,-115.4299950127094,-102.69647793512338,12.733517077586015,12.733517077586015,single_atom
BDE99_72,BDE99nonMR,Bond Dissociation Energies,Thermochemistry,MACE-MP-0b3,-99.49999557855908,-103.9440149717437,-4.444019393184618,4.444019393184618,single_atom
BDE99_76,BDE99nonMR,Bond Dissociation Energies,Thermochemistry,MACE-MP-0b3,-127.80999451190225,-116.77609551084808,11.033899001054166,11.033899001054166,single_atom
BDE99_79,BDE99nonMR,Bond Dissociation Energies,Thermochemistry,MACE-MP-0b3,-86.14999632693062,-97.073767749616,-10.923771422685377,10.923771422685377,single_atom
BDE99_80,BDE99nonMR,Bond Dissociation Energies,Thermochemistry,MACE-MP-0b3,-40.55999854981392,-64.11427636972375,-23.554277819909835,23.554277819909835,single_atom
BDE99_81,BDE99nonMR,Bond Dissociation Energies,Thermochemistry,MACE-MP-0b3,-169.18999294947247,-169.0348661776346,0.15512677183787105,0.15512677183787105,single_atom
BDE99_82,BDE99nonMR,Bond Dissociation Energies,Thermochemistry,MACE-MP-0b3,-132.30999421733813,-120.77576523975004,11.534228977588086,11.534228977588086,single_atom
BDE99_84,BDE99nonMR,Bond Dissociation Energies,Thermochemistry,MACE-MP-0b3,-139.3599941323601,-115.73991453477372,23.620079597586383,23.620079597586383,single_atom
BDE99_86,BDE99nonMR,Bond Dissociation Energies,Thermochemistry,MACE-MP-0b3,-115.08999531943633,-112.64022159120115,2.449773728235172,2.449773728235172,single_atom
BDE99_87,BDE99nonMR,Bond Dissociation Energies,Thermochemistry,MACE-MP-0b3,-112.54999510082892,-102.70668166822944,9.843313432599487,9.843313432599487,single_atom
BDE99_88,BDE99nonMR,Bond Dissociation Energies,Thermochemistry,MACE-MP-0b3,-117.12999536160324,-113.19065014035152,3.9393452212517133,3.9393452212517133,single_atom
BDE99_89,BDE99nonMR,Bond Dissociation Energies,Thermochemistry,MACE-MP-0b3,-106.51999552064515,-99.4611186252426,7.058876895402548,7.058876895402548,single_atom
BDE99_90,BDE99nonMR,Bond Dissociation Energies,Thermochemistry,MACE-MP-0b3,-126.05999483562476,-121.71232572821702,4.347669107407739,4.347669107407739,single_atom
BDE99_91,BDE99nonMR,Bond Dissociation Energies,Thermochemistry,MACE-MP-0b3,-104.09999582129066,-83.51658216432885,20.58341365696181,20.58341365696181,single_atom
BDE99_93,BDE99nonMR,Bond Dissociation Energies,Thermochemistry,MACE-MP-0b3,-104.52999543337133,-113.55153225626924,-9.021536822897914,9.021536822897914,single_atom
BDE99_94,BDE99nonMR,Bond Dissociation Energies,Thermochemistry,MACE-MP-0b3,-82.31999664457172,-85.51498074414452,-3.1949840995728067,3.1949840995728067,single_atom
BDE99_95,BDE99nonMR,Bond Dissociation Energies,Thermochemistry,MACE-MP-0b3,-86.31999617356716,-104.39990525067564,-18.079909077108482,18.079909077108482,single_atom
BDE99_96,BDE99nonMR,Bond Dissociation Energies,Thermochemistry,MACE-MP-0b3,-134.1599944309113,-143.18622155071145,-9.026227119800154,9.026227119800154,single_atom
BDE99_10,BDE99nonMR,Bond Dissociation Energies,Thermochemistry,MACE-OMOL-0-100M,-100.7799956788414,-96.25170661289448,4.528289065946922,4.528289065946922,single_atom
BDE99_11,BDE99nonMR,Bond Dissociation Energies,Thermochemistry,MACE-OMOL-0-100M,-59.019997584083576,-54.59090393748941,4.429093646594168,4.429093646594168,single_atom
BDE99_13,BDE99nonMR,Bond Dissociation Energies,Thermochemistry,MACE-OMOL-0-100M,-51.44999813817338,-52.47146903610304,-1.0214708979296603,1.0214708979296603,single_atom
BDE99_14,BDE99nonMR,Bond Dissociation Energies,Thermochemistry,MACE-OMOL-0-100M,-75.13999684682771,-79.23344043929093,-4.093443592463217,4.093443592463217,single_atom
BDE99_15,BDE99nonMR,Bond Dissociation Energies,Thermochemistry,MACE-OMOL-0-100M,-118.09999511403888,-134.77577368179888,-16.675778567760005,16.675778567760005,single_atom
BDE99_16,BDE99nonMR,Bond Dissociation Energies,Thermochemistry,MACE-OMOL-0-100M,-42.3599981809845,-44.986613333644414,-2.626615152659916,2.626615152659916,single_atom
BDE99_17,BDE99nonMR,Bond Dissociation Energies,Thermochemistry,MACE-OMOL-0-100M,-84.76999631686209,-82.66605808475295,2.1039382321091438,2.1039382321091438,single_atom
BDE99_19,BDE99nonMR,Bond Dissociation Energies,Thermochemistry,MACE-OMOL-0-100M,-116.8499949866924,-117.87061749208064,-1.0206225053882463,1.0206225053882463,single_atom
BDE99_20,BDE99nonMR,Bond Dissociation Energies,Thermochemistry,MACE-OMOL-0-100M,-215.1099910563931,-209.68981403838944,5.42017701800367,5.42017701800367,single_atom
BDE99_24,BDE99nonMR,Bond Dissociation Energies,Thermochemistry,MACE-OMOL-0-100M,-53.13999786857913,-50.84564149986066,2.294356368718468,2.294356368718468,single_atom
BDE99_25,BDE99nonMR,Bond Dissociation Energies,Thermochemistry,MACE-OMOL-0-100M,-122.7899946480686,-122.60463021480682,0.18536443326178187,0.18536443326178187,single_atom
BDE99_28,BDE99nonMR,Bond Dissociation Energies,Thermochemistry,MACE-OMOL-0-100M,-43.04999818601876,-40.514174229412994,2.5358239566057676,2.5358239566057676,single_atom
BDE99_30,BDE99nonMR,Bond Dissociation Energies,Thermochemistry,MACE-OMOL-0-100M,-173.5299927992505,-176.85319898272022,-3.323206183469722,3.323206183469722,single_atom
BDE99_34,BDE99nonMR,Bond Dissociation Energies,Thermochemistry,MACE-OMOL-0-100M,-161.84999329607052,-163.60581710019142,-1.7558238041208938,1.7558238041208938,single_atom
BDE99_35,BDE99nonMR,Bond Dissociation Energies,Thermochemistry,MACE-OMOL-0-100M,-124.31999515032588,-124.20284591539534,0.11714923493053675,0.11714923493053675,single_atom
BDE99_36,BDE99nonMR,Bond Dissociation Energies,Thermochemistry,MACE-OMOL-0-100M,-95.23999628411951,-91.02332300854324,4.2166732755762695,4.2166732755762695,single_atom
BDE99_37,BDE99nonMR,Bond Dissociation Energies,Thermochemistry,MACE-OMOL-0-100M,-183.90999222019084,-182.26099413456507,1.6489980856257773,1.6489980856257773,single_atom
BDE99_38,BDE99nonMR,Bond Dissociation Energies,Thermochemistry,MACE-OMOL-0-100M,-19.68999917965889,-19.667422124572543,0.022577055086347997,0.022577055086347997,single_atom
BDE99_39,BDE99nonMR,Bond Dissociation Energies,Thermochemistry,MACE-OMOL-0-100M,-195.19999207520456,-204.7609718106244,-9.560979735419835,9.560979735419835,single_atom
BDE99_40,BDE99nonMR,Bond Dissociation Energies,Thermochemistry,MACE-OMOL-0-100M,-108.55999556281208,-107.71989446357414,0.8401010992379412,0.8401010992379412,single_atom
BDE99_41,BDE99nonMR,Bond Dissociation Energies,Thermochemistry,MACE-OMOL-0-100M,-130.40999467638136,-133.57165425176635,-3.161659575384988,3.161659575384988,single_atom
BDE99_43,BDE99nonMR,Bond Dissociation Energies,Thermochemistry,MACE-OMOL-0-100M,-42.82999838448911,-43.75200918976685,-0.9220108052777434,0.9220108052777434,single_atom
BDE99_45,BDE99nonMR,Bond Dissociation Energies,Thermochemistry,MACE-OMOL-0-100M,-35.1899983742191,-35.16225962107822,0.02773875314088059,0.02773875314088059,single_atom
BDE99_46,BDE99nonMR,Bond Dissociation Energies,Thermochemistry,MACE-OMOL-0-100M,-100.0299957279354,-95.69789948143612,4.332096246499276,4.332096246499276,single_atom
BDE99_47,BDE99nonMR,Bond Dissociation Energies,Thermochemistry,MACE-OMOL-0-100M,-107.66999573820544,-104.28764905012476,3.3823466880806876,3.3823466880806876,single_atom
BDE99_48,BDE99nonMR,Bond Dissociation Energies,Thermochemistry,MACE-OMOL-0-100M,-103.18999601472676,-100.21380224740696,2.976193767319799,2.976193767319799,single_atom
BDE99_50,BDE99nonMR,Bond Dissociation Energies,Thermochemistry,MACE-OMOL-0-100M,-22.82999885698352,-23.571897718205825,-0.7418988612223067,0.7418988612223067,single_atom
BDE99_51,BDE99nonMR,Bond Dissociation Energies,Thermochemistry,MACE-OMOL-0-100M,-132.06999443385126,-130.26889483544397,1.8010995984072906,1.8010995984072906,single_atom
BDE99_52,BDE99nonMR,Bond Dissociation Energies,Thermochemistry,MACE-OMOL-0-100M,-229.1999902679489,-250.39286839012036,-21.192878122171464,21.192878122171464,single_atom
BDE99_54,BDE99nonMR,Bond Dissociation Energies,Thermochemistry,MACE-OMOL-0-100M,-96.17999606361928,-93.24562219615336,2.934373867465922,2.934373867465922,single_atom
BDE99_59,BDE99nonMR,Bond Dissociation Energies,Thermochemistry,MACE-OMOL-0-100M,-93.55999591718287,-100.15055136936064,-6.590555452177767,6.590555452177767,single_atom
BDE99_61,BDE99nonMR,Bond Dissociation Energies,Thermochemistry,MACE-OMOL-0-100M,-77.39999669052429,-76.94489917174408,0.45509751878020666,0.45509751878020666,single_atom
BDE99_62,BDE99nonMR,Bond Dissociation Energies,Thermochemistry,MACE-OMOL-0-100M,-60.87999778863536,-63.93457202678803,-3.054574238152675,3.054574238152675,single_atom
BDE99_63,BDE99nonMR,Bond Dissociation Energies,Thermochemistry,MACE-OMOL-0-100M,-68.32999734280212,-62.718282098276845,5.611715244525271,5.611715244525271,single_atom
BDE99_64,BDE99nonMR,Bond Dissociation Energies,Thermochemistry,MACE-OMOL-0-100M,-54.70999770724145,-51.12355635674263,3.5864413504988164,3.5864413504988164,single_atom
BDE99_65,BDE99nonMR,Bond Dissociation Energies,Thermochemistry,MACE-OMOL-0-100M,-125.76999509724476,-122.04418322601276,3.725811871231997,3.725811871231997,single_atom
BDE99_69,BDE99nonMR,Bond Dissociation Energies,Thermochemistry,MACE-OMOL-0-100M,-141.76999384073596,-156.44698674869585,-14.676992907959885,14.676992907959885,single_atom
BDE99_70,BDE99nonMR,Bond Dissociation Energies,Thermochemistry,MACE-OMOL-0-100M,-65.46999741287885,-60.88666760217676,4.5833298107020966,4.5833298107020966,single_atom
BDE99_71,BDE99nonMR,Bond Dissociation Energies,Thermochemistry,MACE-OMOL-0-100M,-115.4299950127094,-112.0316212741674,3.3983737385419914,3.3983737385419914,single_atom
BDE99_72,BDE99nonMR,Bond Dissociation Energies,Thermochemistry,MACE-OMOL-0-100M,-99.49999557855908,-95.34367376398264,4.156321814576444,4.156321814576444,single_atom
BDE99_76,BDE99nonMR,Bond Dissociation Energies,Thermochemistry,MACE-OMOL-0-100M,-127.80999451190225,-128.7338788054254,-0.9238842935231588,0.9238842935231588,single_atom
BDE99_79,BDE99nonMR,Bond Dissociation Energies,Thermochemistry,MACE-OMOL-0-100M,-86.14999632693062,-83.27931070323321,2.870685623697412,2.870685623697412,single_atom
BDE99_80,BDE99nonMR,Bond Dissociation Energies,Thermochemistry,MACE-OMOL-0-100M,-40.55999854981392,-41.414088301940446,-0.8540897521265265,0.8540897521265265,single_atom
BDE99_81,BDE99nonMR,Bond Dissociation Energies,Thermochemistry,MACE-OMOL-0-100M,-169.18999294947247,-162.88040528601869,6.309587663453783,6.309587663453783,single_atom
BDE99_82,BDE99nonMR,Bond Dissociation Energies,Thermochemistry,MACE-OMOL-0-100M,-132.30999421733813,-130.44745536692702,1.862538850411113,1.862538850411113,single_atom
BDE99_84,BDE99nonMR,Bond Dissociation Energies,Thermochemistry,MACE-OMOL-0-100M,-139.3599941323601,-132.59325738670782,6.766736745652281,6.766736745652281,single_atom
BDE99_86,BDE99nonMR,Bond Dissociation Energies,Thermochemistry,MACE-OMOL-0-100M,-115.08999531943633,-113.2825156391171,1.8074796803192328,1.8074796803192328,single_atom
BDE99_87,BDE99nonMR,Bond Dissociation Energies,Thermochemistry,MACE-OMOL-0-100M,-112.54999510082892,-107.04037755668502,5.509617544143907,5.509617544143907,single_atom
BDE99_88,BDE99nonMR,Bond Dissociation Energies,Thermochemistry,MACE-OMOL-0-100M,-117.12999536160324,-113.63994607815714,3.4900492834460977,3.4900492834460977,single_atom
BDE99_89,BDE99nonMR,Bond Dissociation Energies,Thermochemistry,MACE-OMOL-0-100M,-106.51999552064515,-113.52330068459209,-7.0033051639469335,7.0033051639469335,single_atom
BDE99_90,BDE99nonMR,Bond Dissociation Energies,Thermochemistry,MACE-OMOL-0-100M,-126.05999483562476,-130.7905781929909,-4.730583357366129,4.730583357366129,single_atom
BDE99_91,BDE99nonMR,Bond Dissociation Energies,Thermochemistry,MACE-OMOL-0-100M,-104.09999582129066,-100.53989183493847,3.560103986352189,3.560103986352189,single_atom
BDE99_93,BDE99nonMR,Bond Dissociation Energies,Thermochemistry,MACE-OMOL-0-100M,-104.52999543337133,-106.77316525076192,-2.2431698173905943,2.2431698173905943,single_atom
BDE99_94,BDE99nonMR,Bond Dissociation Energies,Thermochemistry,MACE-OMOL-0-100M,-82.31999664457172,-75.3677270954786,6.952269549093117,6.952269549093117,single_atom
BDE99_95,BDE99nonMR,Bond Dissociation Energies,Thermochemistry,MACE-OMOL-0-100M,-86.31999617356716,-87.32600188930998,-1.0060057157428162,1.0060057157428162,single_atom
BDE99_96,BDE99nonMR,Bond Dissociation Energies,Thermochemistry,MACE-OMOL-0-100M,-134.1599944309113,-132.39947872281004,1.7605157081012521,1.7605157081012521,single_atom
BDE99_10,BDE99nonMR,Bond Dissociation Energies,Thermochemistry,MACE-OMOL-0-4M,-100.7799956788414,-96.0371914853534,4.7428041934879985,4.7428041934879985,single_atom
BDE99_11,BDE99nonMR,Bond Dissociation Energies,Thermochemistry,MACE-OMOL-0-4M,-59.019997584083576,-57.75363405531423,1.2663635287693467,1.2663635287693467,single_atom
BDE99_13,BDE99nonMR,Bond Dissociation Energies,Thermochemistry,MACE-OMOL-0-4M,-51.44999813817338,-38.11651012916776,13.33348800900562,13.33348800900562,single_atom
BDE99_14,BDE99nonMR,Bond Dissociation Energies,Thermochemistry,MACE-OMOL-0-4M,-75.13999684682771,-75.4301939501308,-0.2901971033030861,0.2901971033030861,single_atom
BDE99_15,BDE99nonMR,Bond Dissociation Energies,Thermochemistry,MACE-OMOL-0-4M,-118.09999511403888,-141.4541658912421,-23.354170777203223,23.354170777203223,single_atom
BDE99_16,BDE99nonMR,Bond Dissociation Energies,Thermochemistry,MACE-OMOL-0-4M,-42.3599981809845,-40.67248166343423,1.6875165175502644,1.6875165175502644,single_atom
BDE99_17,BDE99nonMR,Bond Dissociation Energies,Thermochemistry,MACE-OMOL-0-4M,-84.76999631686209,-88.17490454450171,-3.4049082276396234,3.4049082276396234,single_atom
BDE99_19,BDE99nonMR,Bond Dissociation Energies,Thermochemistry,MACE-OMOL-0-4M,-116.8499949866924,-124.18523891910344,-7.335243932411046,7.335243932411046,single_atom
BDE99_20,BDE99nonMR,Bond Dissociation Energies,Thermochemistry,MACE-OMOL-0-4M,-215.1099910563931,-254.55542782502948,-39.44543676863637,39.44543676863637,single_atom
BDE99_24,BDE99nonMR,Bond Dissociation Energies,Thermochemistry,MACE-OMOL-0-4M,-53.13999786857913,-57.1263420051366,-3.98634413655747,3.98634413655747,single_atom
BDE99_25,BDE99nonMR,Bond Dissociation Energies,Thermochemistry,MACE-OMOL-0-4M,-122.7899946480686,-131.87439415094786,-9.084399502879265,9.084399502879265,single_atom
BDE99_28,BDE99nonMR,Bond Dissociation Energies,Thermochemistry,MACE-OMOL-0-4M,-43.04999818601876,-48.45977083832287,-5.409772652304106,5.409772652304106,single_atom
BDE99_30,BDE99nonMR,Bond Dissociation Energies,Thermochemistry,MACE-OMOL-0-4M,-173.5299927992505,-172.89820648724944,0.6317863120010543,0.6317863120010543,single_atom
BDE99_34,BDE99nonMR,Bond Dissociation Energies,Thermochemistry,MACE-OMOL-0-4M,-161.84999329607052,-160.47908645208747,1.3709068439830503,1.3709068439830503,single_atom
BDE99_35,BDE99nonMR,Bond Dissociation Energies,Thermochemistry,MACE-OMOL-0-4M,-124.31999515032588,-110.66970417585978,13.650290974466103,13.650290974466103,single_atom
BDE99_36,BDE99nonMR,Bond Dissociation Energies,Thermochemistry,MACE-OMOL-0-4M,-95.23999628411951,-98.72456865287684,-3.484572368757327,3.484572368757327,single_atom
BDE99_37,BDE99nonMR,Bond Dissociation Energies,Thermochemistry,MACE-OMOL-0-4M,-183.90999222019084,-186.67787600587616,-2.7678837856853136,2.7678837856853136,single_atom
BDE99_38,BDE99nonMR,Bond Dissociation Energies,Thermochemistry,MACE-OMOL-0-4M,-19.68999917965889,-29.08760055583504,-9.397601376176148,9.397601376176148,single_atom
BDE99_39,BDE99nonMR,Bond Dissociation Energies,Thermochemistry,MACE-OMOL-0-4M,-195.19999207520456,-187.72695933984667,7.47303273535789,7.47303273535789,single_atom
BDE99_40,BDE99nonMR,Bond Dissociation Energies,Thermochemistry,MACE-OMOL-0-4M,-108.55999556281208,-102.07057734782563,6.4894182149864434,6.4894182149864434,single_atom
BDE99_41,BDE99nonMR,Bond Dissociation Energies,Thermochemistry,MACE-OMOL-0-4M,-130.40999467638136,-129.2088164063815,1.2011782699998719,1.2011782699998719,single_atom
BDE99_43,BDE99nonMR,Bond Dissociation Energies,Thermochemistry,MACE-OMOL-0-4M,-42.82999838448911,-51.69775772195167,-8.867759337462559,8.867759337462559,single_atom
BDE99_45,BDE99nonMR,Bond Dissociation Energies,Thermochemistry,MACE-OMOL-0-4M,-35.1899983742191,-42.734729127256045,-7.544730753036944,7.544730753036944,single_atom
BDE99_46,BDE99nonMR,Bond Dissociation Energies,Thermochemistry,MACE-OMOL-0-4M,-100.0299957279354,-105.11268586993174,-5.082690141996338,5.082690141996338,single_atom
BDE99_47,BDE99nonMR,Bond Dissociation Energies,Thermochemistry,MACE-OMOL-0-4M,-107.66999573820544,-114.07571446462735,-6.4057187264219095,6.4057187264219095,single_atom
BDE99_48,BDE99nonMR,Bond Dissociation Energies,Thermochemistry,MACE-OMOL-0-4M,-103.18999601472676,-108.92189398702796,-5.731897972301198,5.731897972301198,single_atom
BDE99_50,BDE99nonMR,Bond Dissociation Energies,Thermochemistry,MACE-OMOL-0-4M,-22.82999885698352,-32.1463847199622,-9.31638586297868,9.31638586297868,single_atom
BDE99_51,BDE99nonMR,Bond Dissociation Energies,Thermochemistry,MACE-OMOL-0-4M,-132.06999443385126,-136.49902211634216,-4.429027682490897,4.429027682490897,single_atom
BDE99_52,BDE99nonMR,Bond Dissociation Energies,Thermochemistry,MACE-OMOL-0-4M,-229.1999902679489,-245.9792739560856,-16.7792836881367,16.7792836881367,single_atom
BDE99_54,BDE99nonMR,Bond Dissociation Energies,Thermochemistry,MACE-OMOL-0-4M,-96.17999606361928,-100.7720494624041,-4.592053398784813,4.592053398784813,single_atom
BDE99_59,BDE99nonMR,Bond Dissociation Energies,Thermochemistry,MACE-OMOL-0-4M,-93.55999591718287,-96.517604497996,-2.9576085808131296,2.9576085808131296,single_atom
BDE99_61,BDE99nonMR,Bond Dissociation Energies,Thermochemistry,MACE-OMOL-0-4M,-77.39999669052429,-72.4300996868481,4.969897003676195,4.969897003676195,single_atom
BDE99_62,BDE99nonMR,Bond Dissociation Energies,Thermochemistry,MACE-OMOL-0-4M,-60.87999778863536,-68.84010920409155,-7.96011141545619,7.96011141545619,single_atom
BDE99_63,BDE99nonMR,Bond Dissociation Energies,Thermochemistry,MACE-OMOL-0-4M,-68.32999734280212,-69.16892077604963,-0.8389234332475155,0.8389234332475155,single_atom
BDE99_64,BDE99nonMR,Bond Dissociation Energies,Thermochemistry,MACE-OMOL-0-4M,-54.70999770724145,-67.92523120038891,-13.215233493147458,13.215233493147458,single_atom
BDE99_65,BDE99nonMR,Bond Dissociation Energies,Thermochemistry,MACE-OMOL-0-4M,-125.76999509724476,-129.26818769814182,-3.498192600897056,3.498192600897056,single_atom
BDE99_69,BDE99nonMR,Bond Dissociation Energies,Thermochemistry,MACE-OMOL-0-4M,-141.76999384073596,-177.55021085524834,-35.780217014512374,35.780217014512374,single_atom
BDE99_70,BDE99nonMR,Bond Dissociation Energies,Thermochemistry,MACE-OMOL-0-4M,-65.46999741287885,-66.16983471471943,-0.6998373018405744,0.6998373018405744,single_atom
BDE99_71,BDE99nonMR,Bond Dissociation Energies,Thermochemistry,MACE-OMOL-0-4M,-115.4299950127094,-122.66097142615254,-7.230976413443145,7.230976413443145,single_atom
BDE99_72,BDE99nonMR,Bond Dissociation Energies,Thermochemistry,MACE-OMOL-0-4M,-99.49999557855908,-115.5081551633584,-16.008159584799316,16.008159584799316,single_atom
BDE99_76,BDE99nonMR,Bond Dissociation Energies,Thermochemistry,MACE-OMOL-0-4M,-127.80999451190225,-117.26601149294976,10.543983018952488,10.543983018952488,single_atom
BDE99_79,BDE99nonMR,Bond Dissociation Energies,Thermochemistry,MACE-OMOL-0-4M,-86.14999632693062,-91.486348266995,-5.336351940064375,5.336351940064375,single_atom
BDE99_80,BDE99nonMR,Bond Dissociation Energies,Thermochemistry,MACE-OMOL-0-4M,-40.55999854981392,-49.13393987121418,-8.573941321400262,8.573941321400262,single_atom
BDE99_81,BDE99nonMR,Bond Dissociation Energies,Thermochemistry,MACE-OMOL-0-4M,-169.18999294947247,-202.58548378499808,-33.39549083552561,33.39549083552561,single_atom
BDE99_82,BDE99nonMR,Bond Dissociation Energies,Thermochemistry,MACE-OMOL-0-4M,-132.30999421733813,-116.58245905521012,15.727535162128007,15.727535162128007,single_atom
BDE99_84,BDE99nonMR,Bond Dissociation Energies,Thermochemistry,MACE-OMOL-0-4M,-139.3599941323601,-139.01560203014262,0.3443921022174834,0.3443921022174834,single_atom
BDE99_86,BDE99nonMR,Bond Dissociation Energies,Thermochemistry,MACE-OMOL-0-4M,-115.08999531943633,-101.11589712121796,13.974098198218371,13.974098198218371,single_atom
BDE99_87,BDE99nonMR,Bond Dissociation Energies,Thermochemistry,MACE-OMOL-0-4M,-112.54999510082892,-115.81343906693614,-3.263443966107218,3.263443966107218,single_atom
BDE99_88,BDE99nonMR,Bond Dissociation Energies,Thermochemistry,MACE-OMOL-0-4M,-117.12999536160324,-131.00594447404197,-13.875949112438732,13.875949112438732,single_atom
BDE99_89,BDE99nonMR,Bond Dissociation Energies,Thermochemistry,MACE-OMOL-0-4M,-106.51999552064515,-99.77365198684738,6.74634353379777,6.74634353379777,single_atom
BDE99_90,BDE99nonMR,Bond Dissociation Energies,Thermochemistry,MACE-OMOL-0-4M,-126.05999483562476,-110.56551704342684,15.494477792197927,15.494477792197927,single_atom
BDE99_91,BDE99nonMR,Bond Dissociation Energies,Thermochemistry,MACE-OMOL-0-4M,-104.09999582129066,-101.36001143019566,2.739984391095007,2.739984391095007,single_atom
BDE99_93,BDE99nonMR,Bond Dissociation Energies,Thermochemistry,MACE-OMOL-0-4M,-104.52999543337133,-93.14651115382593,11.3834842795454,11.3834842795454,single_atom
BDE99_94,BDE99nonMR,Bond Dissociation Energies,Thermochemistry,MACE-OMOL-0-4M,-82.31999664457172,-74.91480542953755,7.405191215034165,7.405191215034165,single_atom
BDE99_95,BDE99nonMR,Bond Dissociation Energies,Thermochemistry,MACE-OMOL-0-4M,-86.31999617356716,-86.86924346170001,-0.5492472881328467,0.5492472881328467,single_atom
BDE99_96,BDE99nonMR,Bond Dissociation Energies,Thermochemistry,MACE-OMOL-0-4M,-134.1599944309113,-136.7669200316244,-2.6069256007131116,2.6069256007131116,single_atom
BDE99_10,BDE99nonMR,Bond Dissociation Energies,Thermochemistry,MACE-POLAR-1-L,-100.7799956788414,-97.94836819025628,2.831627488585127,2.831627488585127,single_atom
BDE99_11,BDE99nonMR,Bond Dissociation Energies,Thermochemistry,MACE-POLAR-1-L,-59.019997584083576,-57.655787157792574,1.3642104262910024,1.3642104262910024,single_atom
BDE99_13,BDE99nonMR,Bond Dissociation Energies,Thermochemistry,MACE-POLAR-1-L,-51.44999813817338,-48.37288446528502,3.077113672888359,3.077113672888359,single_atom
BDE99_14,BDE99nonMR,Bond Dissociation Energies,Thermochemistry,MACE-POLAR-1-L,-75.13999684682771,-60.92103996470329,14.218956882124424,14.218956882124424,single_atom
BDE99_15,BDE99nonMR,Bond Dissociation Energies,Thermochemistry,MACE-POLAR-1-L,-118.09999511403888,-118.42875177036872,-0.3287566563298441,0.3287566563298441,single_atom
BDE99_16,BDE99nonMR,Bond Dissociation Energies,Thermochemistry,MACE-POLAR-1-L,-42.3599981809845,-27.33627220426726,15.023725976717238,15.023725976717238,single_atom
BDE99_17,BDE99nonMR,Bond Dissociation Energies,Thermochemistry,MACE-POLAR-1-L,-84.76999631686209,-84.20972685606996,0.5602694607921279,0.5602694607921279,single_atom
BDE99_19,BDE99nonMR,Bond Dissociation Energies,Thermochemistry,MACE-POLAR-1-L,-116.8499949866924,-129.28642411735208,-12.43642913065969,12.43642913065969,single_atom
BDE99_20,BDE99nonMR,Bond Dissociation Energies,Thermochemistry,MACE-POLAR-1-L,-215.1099910563931,-208.3313139011031,6.778677155290012,6.778677155290012,single_atom
BDE99_24,BDE99nonMR,Bond Dissociation Energies,Thermochemistry,MACE-POLAR-1-L,-53.13999786857913,-51.36933618153376,1.7706616870453686,1.7706616870453686,single_atom
BDE99_25,BDE99nonMR,Bond Dissociation Energies,Thermochemistry,MACE-POLAR-1-L,-122.7899946480686,-108.98437538901636,13.805619259052236,13.805619259052236,single_atom
BDE99_28,BDE99nonMR,Bond Dissociation Energies,Thermochemistry,MACE-POLAR-1-L,-43.04999818601876,-43.34638795361205,-0.29638976759328983,0.29638976759328983,single_atom
BDE99_30,BDE99nonMR,Bond Dissociation Energies,Thermochemistry,MACE-POLAR-1-L,-173.5299927992505,-159.3120484747147,14.217944324535807,14.217944324535807,single_atom
BDE99_34,BDE99nonMR,Bond Dissociation Energies,Thermochemistry,MACE-POLAR-1-L,-161.84999329607052,-146.48270501131358,15.367288284756938,15.367288284756938,single_atom
BDE99_35,BDE99nonMR,Bond Dissociation Energies,Thermochemistry,MACE-POLAR-1-L,-124.31999515032588,-122.13547607650476,2.1845190738211215,2.1845190738211215,single_atom
BDE99_36,BDE99nonMR,Bond Dissociation Energies,Thermochemistry,MACE-POLAR-1-L,-95.23999628411951,-93.44862076051952,1.7913755235999957,1.7913755235999957,single_atom
BDE99_37,BDE99nonMR,Bond Dissociation Energies,Thermochemistry,MACE-POLAR-1-L,-183.90999222019084,-171.53845428075027,12.371537939440572,12.371537939440572,single_atom
BDE99_38,BDE99nonMR,Bond Dissociation Energies,Thermochemistry,MACE-POLAR-1-L,-19.68999917965889,-18.25086241355825,1.439136766100642,1.439136766100642,single_atom
BDE99_39,BDE99nonMR,Bond Dissociation Energies,Thermochemistry,MACE-POLAR-1-L,-195.19999207520456,-184.18743331418295,11.012558761021609,11.012558761021609,single_atom
BDE99_40,BDE99nonMR,Bond Dissociation Energies,Thermochemistry,MACE-POLAR-1-L,-108.55999556281208,-102.77027027907783,5.789725283734242,5.789725283734242,single_atom
BDE99_41,BDE99nonMR,Bond Dissociation Energies,Thermochemistry,MACE-POLAR-1-L,-130.40999467638136,-116.12795364434938,14.282041032031984,14.282041032031984,single_atom
BDE99_43,BDE99nonMR,Bond Dissociation Energies,Thermochemistry,MACE-POLAR-1-L,-42.82999838448911,-42.82112594436169,0.008872440127419168,0.008872440127419168,single_atom
BDE99_45,BDE99nonMR,Bond Dissociation Energies,Thermochemistry,MACE-POLAR-1-L,-35.1899983742191,-35.19272563927985,-0.002727265060748607,0.002727265060748607,single_atom
BDE99_46,BDE99nonMR,Bond Dissociation Energies,Thermochemistry,MACE-POLAR-1-L,-100.0299957279354,-98.04015325289274,1.9898424750426642,1.9898424750426642,single_atom
BDE99_47,BDE99nonMR,Bond Dissociation Energies,Thermochemistry,MACE-POLAR-1-L,-107.66999573820544,-105.66855355797458,2.0014421802308675,2.0014421802308675,single_atom
BDE99_48,BDE99nonMR,Bond Dissociation Energies,Thermochemistry,MACE-POLAR-1-L,-103.18999601472676,-101.76617350334476,1.4238225113819993,1.4238225113819993,single_atom
BDE99_50,BDE99nonMR,Bond Dissociation Energies,Thermochemistry,MACE-POLAR-1-L,-22.82999885698352,-23.17825985749893,-0.34826100051541076,0.34826100051541076,single_atom
BDE99_51,BDE99nonMR,Bond Dissociation Energies,Thermochemistry,MACE-POLAR-1-L,-132.06999443385126,-141.54782775937073,-9.47783332551947,9.47783332551947,single_atom
BDE99_52,BDE99nonMR,Bond Dissociation Energies,Thermochemistry,MACE-POLAR-1-L,-229.1999902679489,-232.8039554793839,-3.6039652114349963,3.6039652114349963,single_atom
BDE99_54,BDE99nonMR,Bond Dissociation Energies,Thermochemistry,MACE-POLAR-1-L,-96.17999606361928,-94.30925964647808,1.8707364171412024,1.8707364171412024,single_atom
BDE99_59,BDE99nonMR,Bond Dissociation Energies,Thermochemistry,MACE-POLAR-1-L,-93.55999591718287,-90.45498878054234,3.1050071366405376,3.1050071366405376,single_atom
BDE99_61,BDE99nonMR,Bond Dissociation Energies,Thermochemistry,MACE-POLAR-1-L,-77.39999669052429,-71.83089483188257,5.569101858641716,5.569101858641716,single_atom
BDE99_62,BDE99nonMR,Bond Dissociation Energies,Thermochemistry,MACE-POLAR-1-L,-60.87999778863536,-64.11635131771241,-3.236353529077057,3.236353529077057,single_atom
BDE99_63,BDE99nonMR,Bond Dissociation Energies,Thermochemistry,MACE-POLAR-1-L,-68.32999734280212,-55.641221775238655,12.68877556756346,12.68877556756346,single_atom
BDE99_64,BDE99nonMR,Bond Dissociation Energies,Thermochemistry,MACE-POLAR-1-L,-54.70999770724145,-53.98373978121006,0.7262579260313871,0.7262579260313871,single_atom
BDE99_65,BDE99nonMR,Bond Dissociation Energies,Thermochemistry,MACE-POLAR-1-L,-125.76999509724476,-122.66396323868932,3.10603185855544,3.10603185855544,single_atom
BDE99_69,BDE99nonMR,Bond Dissociation Energies,Thermochemistry,MACE-POLAR-1-L,-141.76999384073596,-145.2136843397815,-3.4436904990455446,3.4436904990455446,single_atom
BDE99_70,BDE99nonMR,Bond Dissociation Energies,Thermochemistry,MACE-POLAR-1-L,-65.46999741287885,-65.12119818920746,0.34879922367139216,0.34879922367139216,single_atom
BDE99_71,BDE99nonMR,Bond Dissociation Energies,Thermochemistry,MACE-POLAR-1-L,-115.4299950127094,-113.61498091364454,1.8150140990648538,1.8150140990648538,single_atom
BDE99_72,BDE99nonMR,Bond Dissociation Energies,Thermochemistry,MACE-POLAR-1-L,-99.49999557855908,-98.93290705367876,0.5670885248803188,0.5670885248803188,single_atom
BDE99_76,BDE99nonMR,Bond Dissociation Energies,Thermochemistry,MACE-POLAR-1-L,-127.80999451190225,-126.8307830544013,0.9792114575009521,0.9792114575009521,single_atom
BDE99_79,BDE99nonMR,Bond Dissociation Energies,Thermochemistry,MACE-POLAR-1-L,-86.14999632693062,-81.7962418490272,4.353754477903422,4.353754477903422,single_atom
BDE99_80,BDE99nonMR,Bond Dissociation Energies,Thermochemistry,MACE-POLAR-1-L,-40.55999854981392,-40.129358872642825,0.43063967717109364,0.43063967717109364,single_atom
BDE99_81,BDE99nonMR,Bond Dissociation Energies,Thermochemistry,MACE-POLAR-1-L,-169.18999294947247,-164.41444547226837,4.7755474772041,4.7755474772041,single_atom
BDE99_82,BDE99nonMR,Bond Dissociation Energies,Thermochemistry,MACE-POLAR-1-L,-132.30999421733813,-135.68108716292858,-3.3710929455904477,3.3710929455904477,single_atom
BDE99_84,BDE99nonMR,Bond Dissociation Energies,Thermochemistry,MACE-POLAR-1-L,-139.3599941323601,-142.3847583071404,-3.0247641747803016,3.0247641747803016,single_atom
BDE99_86,BDE99nonMR,Bond Dissociation Energies,Thermochemistry,MACE-POLAR-1-L,-115.08999531943633,-113.20074010425972,1.889255215176604,1.889255215176604,single_atom
BDE99_87,BDE99nonMR,Bond Dissociation Energies,Thermochemistry,MACE-POLAR-1-L,-112.54999510082892,-111.36329970742842,1.1866953934004982,1.1866953934004982,single_atom
BDE99_88,BDE99nonMR,Bond Dissociation Energies,Thermochemistry,MACE-POLAR-1-L,-117.12999536160324,-117.19729926277232,-0.06730390116908325,0.06730390116908325,single_atom
BDE99_89,BDE99nonMR,Bond Dissociation Energies,Thermochemistry,MACE-POLAR-1-L,-106.51999552064515,-106.097599793947,0.4223957266981557,0.4223957266981557,single_atom
BDE99_90,BDE99nonMR,Bond Dissociation Energies,Thermochemistry,MACE-POLAR-1-L,-126.05999483562476,-123.11138111585107,2.9486137197736895,2.9486137197736895,single_atom
BDE99_91,BDE99nonMR,Bond Dissociation Energies,Thermochemistry,MACE-POLAR-1-L,-104.09999582129066,-114.2356386865584,-10.13564286526774,10.13564286526774,single_atom
BDE99_93,BDE99nonMR,Bond Dissociation Energies,Thermochemistry,MACE-POLAR-1-L,-104.52999543337133,-89.40547742411026,15.124518009261067,15.124518009261067,single_atom
BDE99_94,BDE99nonMR,Bond Dissociation Energies,Thermochemistry,MACE-POLAR-1-L,-82.31999664457172,-72.22798245569436,10.092014188877357,10.092014188877357,single_atom
BDE99_95,BDE99nonMR,Bond Dissociation Energies,Thermochemistry,MACE-POLAR-1-L,-86.31999617356716,-69.39650975103221,16.92348642253495,16.92348642253495,single_atom
BDE99_96,BDE99nonMR,Bond Dissociation Energies,Thermochemistry,MACE-POLAR-1-L,-134.1599944309113,-116.82485552273022,17.33513890818108,17.33513890818108,single_atom
BDE99_10,BDE99nonMR,Bond Dissociation Energies,Thermochemistry,MACE-POLAR-1-M,-100.7799956788414,-96.64258350653245,4.137412172308956,4.137412172308956,single_atom
BDE99_11,BDE99nonMR,Bond Dissociation Energies,Thermochemistry,MACE-POLAR-1-M,-59.019997584083576,-59.4917238335022,-0.47172624941862296,0.47172624941862296,single_atom
BDE99_13,BDE99nonMR,Bond Dissociation Energies,Thermochemistry,MACE-POLAR-1-M,-51.44999813817338,-53.34385326561242,-1.8938551274390392,1.8938551274390392,single_atom
BDE99_14,BDE99nonMR,Bond Dissociation Energies,Thermochemistry,MACE-POLAR-1-M,-75.13999684682771,-73.84771780503814,1.2922790417895698,1.2922790417895698,single_atom
BDE99_15,BDE99nonMR,Bond Dissociation Energies,Thermochemistry,MACE-POLAR-1-M,-118.09999511403888,-125.10359760399288,-7.003602489954005,7.003602489954005,single_atom
BDE99_16,BDE99nonMR,Bond Dissociation Energies,Thermochemistry,MACE-POLAR-1-M,-42.3599981809845,-40.33176006111488,2.02823811986962,2.02823811986962,single_atom
BDE99_17,BDE99nonMR,Bond Dissociation Energies,Thermochemistry,MACE-POLAR-1-M,-84.76999631686209,-81.99736695715127,2.7726293597108196,2.7726293597108196,single_atom
BDE99_19,BDE99nonMR,Bond Dissociation Energies,Thermochemistry,MACE-POLAR-1-M,-116.8499949866924,-127.91552983875896,-11.065534852066563,11.065534852066563,single_atom
BDE99_20,BDE99nonMR,Bond Dissociation Energies,Thermochemistry,MACE-POLAR-1-M,-215.1099910563931,-218.5777737694698,-3.467782713076673,3.467782713076673,single_atom
BDE99_24,BDE99nonMR,Bond Dissociation Energies,Thermochemistry,MACE-POLAR-1-M,-53.13999786857913,-49.36853046902636,3.771467399552769,3.771467399552769,single_atom
BDE99_25,BDE99nonMR,Bond Dissociation Energies,Thermochemistry,MACE-POLAR-1-M,-122.7899946480686,-121.93409975939448,0.8558948886741149,0.8558948886741149,single_atom
BDE99_28,BDE99nonMR,Bond Dissociation Energies,Thermochemistry,MACE-POLAR-1-M,-43.04999818601876,-42.54353156750822,0.5064666185105438,0.5064666185105438,single_atom
BDE99_30,BDE99nonMR,Bond Dissociation Energies,Thermochemistry,MACE-POLAR-1-M,-173.5299927992505,-172.1735533947609,1.3564394044896062,1.3564394044896062,single_atom
BDE99_34,BDE99nonMR,Bond Dissociation Energies,Thermochemistry,MACE-POLAR-1-M,-161.84999329607052,-159.43207695988568,2.4179163361848452,2.4179163361848452,single_atom
BDE99_35,BDE99nonMR,Bond Dissociation Energies,Thermochemistry,MACE-POLAR-1-M,-124.31999515032588,-128.1070100117009,-3.7870148613750274,3.7870148613750274,single_atom
BDE99_36,BDE99nonMR,Bond Dissociation Energies,Thermochemistry,MACE-POLAR-1-M,-95.23999628411951,-92.7996251957107,2.44037108840881,2.44037108840881,single_atom
BDE99_37,BDE99nonMR,Bond Dissociation Energies,Thermochemistry,MACE-POLAR-1-M,-183.90999222019084,-181.5099525612208,2.40003965897003,2.40003965897003,single_atom
BDE99_38,BDE99nonMR,Bond Dissociation Energies,Thermochemistry,MACE-POLAR-1-M,-19.68999917965889,-15.461385786831988,4.228613392826903,4.228613392826903,single_atom
BDE99_39,BDE99nonMR,Bond Dissociation Energies,Thermochemistry,MACE-POLAR-1-M,-195.19999207520456,-196.87428125605263,-1.6742891808480636,1.6742891808480636,single_atom
BDE99_40,BDE99nonMR,Bond Dissociation Energies,Thermochemistry,MACE-POLAR-1-M,-108.55999556281208,-110.19727653506514,-1.6372809722530661,1.6372809722530661,single_atom
BDE99_41,BDE99nonMR,Bond Dissociation Energies,Thermochemistry,MACE-POLAR-1-M,-130.40999467638136,-128.99045499201276,1.4195396843686012,1.4195396843686012,single_atom
BDE99_43,BDE99nonMR,Bond Dissociation Energies,Thermochemistry,MACE-POLAR-1-M,-42.82999838448911,-40.94045262607257,1.8895457584165385,1.8895457584165385,single_atom
BDE99_45,BDE99nonMR,Bond Dissociation Energies,Thermochemistry,MACE-POLAR-1-M,-35.1899983742191,-33.11426234542946,2.075736028789642,2.075736028789642,single_atom
BDE99_46,BDE99nonMR,Bond Dissociation Energies,Thermochemistry,MACE-POLAR-1-M,-100.0299957279354,-96.1974764416221,3.8325192863132997,3.8325192863132997,single_atom
BDE99_47,BDE99nonMR,Bond Dissociation Energies,Thermochemistry,MACE-POLAR-1-M,-107.66999573820544,-104.0236667222652,3.646329015940239,3.646329015940239,single_atom
BDE99_48,BDE99nonMR,Bond Dissociation Energies,Thermochemistry,MACE-POLAR-1-M,-103.18999601472676,-101.4824985556257,1.707497459101063,1.707497459101063,single_atom
BDE99_50,BDE99nonMR,Bond Dissociation Energies,Thermochemistry,MACE-POLAR-1-M,-22.82999885698352,-19.993940935373672,2.8360579216098465,2.8360579216098465,single_atom
BDE99_51,BDE99nonMR,Bond Dissociation Energies,Thermochemistry,MACE-POLAR-1-M,-132.06999443385126,-140.37526728957846,-8.305272855727196,8.305272855727196,single_atom
BDE99_52,BDE99nonMR,Bond Dissociation Energies,Thermochemistry,MACE-POLAR-1-M,-229.1999902679489,-240.67713339927136,-11.477143131322464,11.477143131322464,single_atom
BDE99_54,BDE99nonMR,Bond Dissociation Energies,Thermochemistry,MACE-POLAR-1-M,-96.17999606361928,-92.93555494713132,3.2444411164879625,3.2444411164879625,single_atom
BDE99_59,BDE99nonMR,Bond Dissociation Energies,Thermochemistry,MACE-POLAR-1-M,-93.55999591718287,-88.23277899281695,5.327216924365928,5.327216924365928,single_atom
BDE99_61,BDE99nonMR,Bond Dissociation Energies,Thermochemistry,MACE-POLAR-1-M,-77.39999669052429,-79.13609779263751,-1.7361011021132242,1.7361011021132242,single_atom
BDE99_62,BDE99nonMR,Bond Dissociation Energies,Thermochemistry,MACE-POLAR-1-M,-60.87999778863536,-60.47226387776826,0.4077339108670941,0.4077339108670941,single_atom
BDE99_63,BDE99nonMR,Bond Dissociation Energies,Thermochemistry,MACE-POLAR-1-M,-68.32999734280212,-68.38322115562656,-0.05322381282444155,0.05322381282444155,single_atom
BDE99_64,BDE99nonMR,Bond Dissociation Energies,Thermochemistry,MACE-POLAR-1-M,-54.70999770724145,-51.34482405339731,3.3651736538441384,3.3651736538441384,single_atom
BDE99_65,BDE99nonMR,Bond Dissociation Energies,Thermochemistry,MACE-POLAR-1-M,-125.76999509724476,-120.50712072886353,5.262874368381233,5.262874368381233,single_atom
BDE99_69,BDE99nonMR,Bond Dissociation Energies,Thermochemistry,MACE-POLAR-1-M,-141.76999384073596,-151.17105735457267,-9.401063513836704,9.401063513836704,single_atom
BDE99_70,BDE99nonMR,Bond Dissociation Energies,Thermochemistry,MACE-POLAR-1-M,-65.46999741287885,-66.77342837183394,-1.30343095895509,1.30343095895509,single_atom
BDE99_71,BDE99nonMR,Bond Dissociation Energies,Thermochemistry,MACE-POLAR-1-M,-115.4299950127094,-111.121760531136,4.308234481573393,4.308234481573393,single_atom
BDE99_72,BDE99nonMR,Bond Dissociation Energies,Thermochemistry,MACE-POLAR-1-M,-99.49999557855908,-98.03954429852266,1.4604512800364233,1.4604512800364233,single_atom
BDE99_76,BDE99nonMR,Bond Dissociation Energies,Thermochemistry,MACE-POLAR-1-M,-127.80999451190225,-131.6348547863998,-3.824860274497567,3.824860274497567,single_atom
BDE99_79,BDE99nonMR,Bond Dissociation Energies,Thermochemistry,MACE-POLAR-1-M,-86.14999632693062,-80.12518328050612,6.024813046424498,6.024813046424498,single_atom
BDE99_80,BDE99nonMR,Bond Dissociation Energies,Thermochemistry,MACE-POLAR-1-M,-40.55999854981392,-38.29544982364988,2.264548726164037,2.264548726164037,single_atom
BDE99_81,BDE99nonMR,Bond Dissociation Energies,Thermochemistry,MACE-POLAR-1-M,-169.18999294947247,-171.88217023795588,-2.692177288483407,2.692177288483407,single_atom
BDE99_82,BDE99nonMR,Bond Dissociation Energies,Thermochemistry,MACE-POLAR-1-M,-132.30999421733813,-141.86919800937568,-9.55920379203755,9.55920379203755,single_atom
BDE99_84,BDE99nonMR,Bond Dissociation Energies,Thermochemistry,MACE-POLAR-1-M,-139.3599941323601,-141.77631296497535,-2.4163188326152465,2.4163188326152465,single_atom
BDE99_86,BDE99nonMR,Bond Dissociation Energies,Thermochemistry,MACE-POLAR-1-M,-115.08999531943633,-118.16499731333634,-3.075001993900017,3.075001993900017,single_atom
BDE99_87,BDE99nonMR,Bond Dissociation Energies,Thermochemistry,MACE-POLAR-1-M,-112.54999510082892,-109.82822302068809,2.7217720801408376,2.7217720801408376,single_atom
BDE99_88,BDE99nonMR,Bond Dissociation Energies,Thermochemistry,MACE-POLAR-1-M,-117.12999536160324,-112.54905404601344,4.580941315589797,4.580941315589797,single_atom
BDE99_89,BDE99nonMR,Bond Dissociation Energies,Thermochemistry,MACE-POLAR-1-M,-106.51999552064515,-108.16395389055302,-1.643958369907864,1.643958369907864,single_atom
BDE99_90,BDE99nonMR,Bond Dissociation Energies,Thermochemistry,MACE-POLAR-1-M,-126.05999483562476,-129.09221168797316,-3.032216852348398,3.032216852348398,single_atom
BDE99_91,BDE99nonMR,Bond Dissociation Energies,Thermochemistry,MACE-POLAR-1-M,-104.09999582129066,-117.05437270783663,-12.954376886545973,12.954376886545973,single_atom
BDE99_93,BDE99nonMR,Bond Dissociation Energies,Thermochemistry,MACE-POLAR-1-M,-104.52999543337133,-100.78894994720407,3.741045486167252,3.741045486167252,single_atom
BDE99_94,BDE99nonMR,Bond Dissociation Energies,Thermochemistry,MACE-POLAR-1-M,-82.31999664457172,-81.51870102488296,0.8012956196887586,0.8012956196887586,single_atom
BDE99_95,BDE99nonMR,Bond Dissociation Energies,Thermochemistry,MACE-POLAR-1-M,-86.31999617356716,-81.83542329750814,4.484572876059019,4.484572876059019,single_atom
BDE99_96,BDE99nonMR,Bond Dissociation Energies,Thermochemistry,MACE-POLAR-1-M,-134.1599944309113,-131.34500139658255,2.814993034328751,2.814993034328751,single_atom
BDE99_10,BDE99nonMR,Bond Dissociation Energies,Thermochemistry,MACE-POLAR-1-S,-100.7799956788414,-183.45278564422543,-82.67278996538403,82.67278996538403,single_atom
BDE99_11,BDE99nonMR,Bond Dissociation Energies,Thermochemistry,MACE-POLAR-1-S,-59.019997584083576,-65.70361797422473,-6.683620390141151,6.683620390141151,single_atom
BDE99_13,BDE99nonMR,Bond Dissociation Energies,Thermochemistry,MACE-POLAR-1-S,-51.44999813817338,-61.20868013304483,-9.758681994871452,9.758681994871452,single_atom
BDE99_14,BDE99nonMR,Bond Dissociation Energies,Thermochemistry,MACE-POLAR-1-S,-75.13999684682771,-87.03229649598006,-11.89229964915235,11.89229964915235,single_atom
BDE99_15,BDE99nonMR,Bond Dissociation Energies,Thermochemistry,MACE-POLAR-1-S,-118.09999511403888,-132.25602532824544,-14.156030214206567,14.156030214206567,single_atom
BDE99_16,BDE99nonMR,Bond Dissociation Energies,Thermochemistry,MACE-POLAR-1-S,-42.3599981809845,-50.946707814564114,-8.586709633579616,8.586709633579616,single_atom
BDE99_17,BDE99nonMR,Bond Dissociation Energies,Thermochemistry,MACE-POLAR-1-S,-84.76999631686209,-161.08847656083697,-76.31848024397488,76.31848024397488,single_atom
BDE99_19,BDE99nonMR,Bond Dissociation Energies,Thermochemistry,MACE-POLAR-1-S,-116.8499949866924,-214.0952801280373,-97.24528514134491,97.24528514134491,single_atom
BDE99_20,BDE99nonMR,Bond Dissociation Energies,Thermochemistry,MACE-POLAR-1-S,-215.1099910563931,-214.09183952518688,1.0181515312062288,1.0181515312062288,single_atom
BDE99_24,BDE99nonMR,Bond Dissociation Energies,Thermochemistry,MACE-POLAR-1-S,-53.13999786857913,-131.08748168670024,-77.94748381812111,77.94748381812111,single_atom
BDE99_25,BDE99nonMR,Bond Dissociation Energies,Thermochemistry,MACE-POLAR-1-S,-122.7899946480686,-127.66287244767864,-4.872877799610038,4.872877799610038,single_atom
BDE99_28,BDE99nonMR,Bond Dissociation Energies,Thermochemistry,MACE-POLAR-1-S,-43.04999818601876,-121.02468655291712,-77.97468836689836,77.97468836689836,single_atom
BDE99_30,BDE99nonMR,Bond Dissociation Energies,Thermochemistry,MACE-POLAR-1-S,-173.5299927992505,-182.6323851258864,-9.102392326635908,9.102392326635908,single_atom
BDE99_34,BDE99nonMR,Bond Dissociation Energies,Thermochemistry,MACE-POLAR-1-S,-161.84999329607052,-170.3621185229321,-8.51212522686157,8.51212522686157,single_atom
BDE99_35,BDE99nonMR,Bond Dissociation Energies,Thermochemistry,MACE-POLAR-1-S,-124.31999515032588,-136.42610143179928,-12.106106281473402,12.106106281473402,single_atom
BDE99_36,BDE99nonMR,Bond Dissociation Energies,Thermochemistry,MACE-POLAR-1-S,-95.23999628411951,-171.8054691509611,-76.56547286684159,76.56547286684159,single_atom
BDE99_37,BDE99nonMR,Bond Dissociation Energies,Thermochemistry,MACE-POLAR-1-S,-183.90999222019084,-188.2637538306636,-4.353761610472759,4.353761610472759,single_atom
BDE99_38,BDE99nonMR,Bond Dissociation Energies,Thermochemistry,MACE-POLAR-1-S,-19.68999917965889,-93.54113219238744,-73.85113301272855,73.85113301272855,single_atom
BDE99_39,BDE99nonMR,Bond Dissociation Energies,Thermochemistry,MACE-POLAR-1-S,-195.19999207520456,-213.8836403132381,-18.683648238033527,18.683648238033527,single_atom
BDE99_40,BDE99nonMR,Bond Dissociation Energies,Thermochemistry,MACE-POLAR-1-S,-108.55999556281208,-113.33730636728072,-4.777310804468641,4.777310804468641,single_atom
BDE99_41,BDE99nonMR,Bond Dissociation Energies,Thermochemistry,MACE-POLAR-1-S,-130.40999467638136,-139.5652382187343,-9.155243542352935,9.155243542352935,single_atom
BDE99_43,BDE99nonMR,Bond Dissociation Energies,Thermochemistry,MACE-POLAR-1-S,-42.82999838448911,-118.26062475378136,-75.43062636929224,75.43062636929224,single_atom
BDE99_45,BDE99nonMR,Bond Dissociation Energies,Thermochemistry,MACE-POLAR-1-S,-35.1899983742191,-109.2397613863504,-74.0497630121313,74.0497630121313,single_atom
BDE99_46,BDE99nonMR,Bond Dissociation Energies,Thermochemistry,MACE-POLAR-1-S,-100.0299957279354,-175.94171029663676,-75.91171456870136,75.91171456870136,single_atom
BDE99_47,BDE99nonMR,Bond Dissociation Energies,Thermochemistry,MACE-POLAR-1-S,-107.66999573820544,-184.9625736640677,-77.29257792586225,77.29257792586225,single_atom
BDE99_48,BDE99nonMR,Bond Dissociation Energies,Thermochemistry,MACE-POLAR-1-S,-103.18999601472676,-181.8688620990244,-78.67886608429764,78.67886608429764,single_atom
BDE99_50,BDE99nonMR,Bond Dissociation Energies,Thermochemistry,MACE-POLAR-1-S,-22.82999885698352,-96.50254836148586,-73.67254950450234,73.67254950450234,single_atom
BDE99_51,BDE99nonMR,Bond Dissociation Energies,Thermochemistry,MACE-POLAR-1-S,-132.06999443385126,-226.16321520925112,-94.09322077539986,94.09322077539986,single_atom
BDE99_52,BDE99nonMR,Bond Dissociation Energies,Thermochemistry,MACE-POLAR-1-S,-229.1999902679489,-251.34351401446665,-22.143523746517758,22.143523746517758,single_atom
BDE99_54,BDE99nonMR,Bond Dissociation Energies,Thermochemistry,MACE-POLAR-1-S,-96.17999606361928,-171.07279517242273,-74.89279910880344,74.89279910880344,single_atom
BDE99_59,BDE99nonMR,Bond Dissociation Energies,Thermochemistry,MACE-POLAR-1-S,-93.55999591718287,-168.58985526274554,-75.02985934556267,75.02985934556267,single_atom
BDE99_61,BDE99nonMR,Bond Dissociation Energies,Thermochemistry,MACE-POLAR-1-S,-77.39999669052429,-80.03228954950896,-2.6322928589846697,2.6322928589846697,single_atom
BDE99_62,BDE99nonMR,Bond Dissociation Energies,Thermochemistry,MACE-POLAR-1-S,-60.87999778863536,-145.8516570664985,-84.97165927786313,84.97165927786313,single_atom
BDE99_63,BDE99nonMR,Bond Dissociation Energies,Thermochemistry,MACE-POLAR-1-S,-68.32999734280212,-77.07637721968469,-8.746379876882571,8.746379876882571,single_atom
BDE99_64,BDE99nonMR,Bond Dissociation Energies,Thermochemistry,MACE-POLAR-1-S,-54.70999770724145,-129.95407766339662,-75.24407995615516,75.24407995615516,single_atom
BDE99_65,BDE99nonMR,Bond Dissociation Energies,Thermochemistry,MACE-POLAR-1-S,-125.76999509724476,-199.1438692068873,-73.37387410964254,73.37387410964254,single_atom
BDE99_69,BDE99nonMR,Bond Dissociation Energies,Thermochemistry,MACE-POLAR-1-S,-141.76999384073596,-145.4774194098989,-3.7074255691629503,3.7074255691629503,single_atom
BDE99_70,BDE99nonMR,Bond Dissociation Energies,Thermochemistry,MACE-POLAR-1-S,-65.46999741287885,-72.01700868151889,-6.547011268640034,6.547011268640034,single_atom
BDE99_71,BDE99nonMR,Bond Dissociation Energies,Thermochemistry,MACE-POLAR-1-S,-115.4299950127094,-189.1989015299392,-73.76890651722981,73.76890651722981,single_atom
BDE99_72,BDE99nonMR,Bond Dissociation Energies,Thermochemistry,MACE-POLAR-1-S,-99.49999557855908,-172.364178506674,-72.86418292811491,72.86418292811491,single_atom
BDE99_76,BDE99nonMR,Bond Dissociation Energies,Thermochemistry,MACE-POLAR-1-S,-127.80999451190225,-142.33725854957106,-14.527264037668814,14.527264037668814,single_atom
BDE99_79,BDE99nonMR,Bond Dissociation Energies,Thermochemistry,MACE-POLAR-1-S,-86.14999632693062,-155.69417716736538,-69.54418084043476,69.54418084043476,single_atom
BDE99_80,BDE99nonMR,Bond Dissociation Energies,Thermochemistry,MACE-POLAR-1-S,-40.55999854981392,-114.03670874860114,-73.47671019878723,73.47671019878723,single_atom
BDE99_81,BDE99nonMR,Bond Dissociation Energies,Thermochemistry,MACE-POLAR-1-S,-169.18999294947247,-167.81057193906275,1.3794210104097147,1.3794210104097147,single_atom
BDE99_82,BDE99nonMR,Bond Dissociation Energies,Thermochemistry,MACE-POLAR-1-S,-132.30999421733813,-153.62013919520192,-21.310144977863786,21.310144977863786,single_atom
BDE99_84,BDE99nonMR,Bond Dissociation Energies,Thermochemistry,MACE-POLAR-1-S,-139.3599941323601,-223.9260861583855,-84.56609202602539,84.56609202602539,single_atom
BDE99_86,BDE99nonMR,Bond Dissociation Energies,Thermochemistry,MACE-POLAR-1-S,-115.08999531943633,-126.80249830863325,-11.71250298919692,11.71250298919692,single_atom
BDE99_87,BDE99nonMR,Bond Dissociation Energies,Thermochemistry,MACE-POLAR-1-S,-112.54999510082892,-188.98748379181828,-76.43748869098935,76.43748869098935,single_atom
BDE99_88,BDE99nonMR,Bond Dissociation Energies,Thermochemistry,MACE-POLAR-1-S,-117.12999536160324,-186.7036601779112,-69.57366481630795,69.57366481630795,single_atom
BDE99_89,BDE99nonMR,Bond Dissociation Energies,Thermochemistry,MACE-POLAR-1-S,-106.51999552064515,-197.4253556335356,-90.90536011289043,90.90536011289043,single_atom
BDE99_90,BDE99nonMR,Bond Dissociation Energies,Thermochemistry,MACE-POLAR-1-S,-126.05999483562476,-139.36471971777056,-13.304724882145791,13.304724882145791,single_atom
BDE99_91,BDE99nonMR,Bond Dissociation Energies,Thermochemistry,MACE-POLAR-1-S,-104.09999582129066,-130.625588762027,-26.525592940736345,26.525592940736345,single_atom
BDE99_93,BDE99nonMR,Bond Dissociation Energies,Thermochemistry,MACE-POLAR-1-S,-104.52999543337133,-119.67792017338849,-15.14792474001716,15.14792474001716,single_atom
BDE99_94,BDE99nonMR,Bond Dissociation Energies,Thermochemistry,MACE-POLAR-1-S,-82.31999664457172,-89.2017717308047,-6.881775086232977,6.881775086232977,single_atom
BDE99_95,BDE99nonMR,Bond Dissociation Energies,Thermochemistry,MACE-POLAR-1-S,-86.31999617356716,-92.30622798595216,-5.986231812385,5.986231812385,single_atom
BDE99_96,BDE99nonMR,Bond Dissociation Energies,Thermochemistry,MACE-POLAR-1-S,-134.1599944309113,-146.7507142584276,-12.590719827516295,12.590719827516295,single_atom
BDE99_10,BDE99nonMR,Bond Dissociation Energies,Thermochemistry,wB97M-V,-100.7799956788414,-99.92908561565216,0.8509100631892466,0.8509100631892466,single_atom
BDE99_11,BDE99nonMR,Bond Dissociation Energies,Thermochemistry,wB97M-V,-59.019997584083576,-59.287657232186994,-0.26765964810341814,0.26765964810341814,single_atom
BDE99_13,BDE99nonMR,Bond Dissociation Energies,Thermochemistry,wB97M-V,-51.44999813817338,-50.82764014037989,0.6223579977934861,0.6223579977934861,single_atom
BDE99_14,BDE99nonMR,Bond Dissociation Energies,Thermochemistry,wB97M-V,-75.13999684682771,-74.82468877283763,0.31530807399008154,0.31530807399008154,single_atom
BDE99_15,BDE99nonMR,Bond Dissociation Energies,Thermochemistry,wB97M-V,-118.09999511403888,-117.10373503137932,0.9962600826595605,0.9962600826595605,single_atom
BDE99_16,BDE99nonMR,Bond Dissociation Energies,Thermochemistry,wB97M-V,-42.3599981809845,-41.42709308634453,0.9329050946399704,0.9329050946399704,single_atom
BDE99_17,BDE99nonMR,Bond Dissociation Energies,Thermochemistry,wB97M-V,-84.76999631686209,-85.6969121473251,-0.9269158304630025,0.9269158304630025,single_atom
BDE99_19,BDE99nonMR,Bond Dissociation Energies,Thermochemistry,wB97M-V,-116.8499949866924,-125.50216395080292,-8.65216896411053,8.65216896411053,single_atom
BDE99_20,BDE99nonMR,Bond Dissociation Energies,Thermochemistry,wB97M-V,-215.1099910563931,-215.9864192943405,-0.8764282379473798,0.8764282379473798,single_atom
BDE99_24,BDE99nonMR,Bond Dissociation Energies,Thermochemistry,wB97M-V,-53.13999786857913,-52.45804529605812,0.6819525725210127,0.6819525725210127,single_atom
BDE99_25,BDE99nonMR,Bond Dissociation Energies,Thermochemistry,wB97M-V,-122.7899946480686,-121.92892219445876,0.861072453609836,0.861072453609836,single_atom
BDE99_28,BDE99nonMR,Bond Dissociation Energies,Thermochemistry,wB97M-V,-43.04999818601876,-44.53202778526984,-1.482029599251078,1.482029599251078,single_atom
BDE99_30,BDE99nonMR,Bond Dissociation Energies,Thermochemistry,wB97M-V,-173.5299927992505,-173.2372094288436,0.2927833704068803,0.2927833704068803,single_atom
BDE99_34,BDE99nonMR,Bond Dissociation Energies,Thermochemistry,wB97M-V,-161.84999329607052,-160.43541268215503,1.41458061391549,1.41458061391549,single_atom
BDE99_35,BDE99nonMR,Bond Dissociation Energies,Thermochemistry,wB97M-V,-124.31999515032588,-124.3743724230472,-0.0543772727213252,0.0543772727213252,single_atom
BDE99_36,BDE99nonMR,Bond Dissociation Energies,Thermochemistry,wB97M-V,-95.23999628411951,-94.48623403741227,0.7537622467072396,0.7537622467072396,single_atom
BDE99_37,BDE99nonMR,Bond Dissociation Energies,Thermochemistry,wB97M-V,-183.90999222019084,-184.0375427451836,-0.1275505249927562,0.1275505249927562,single_atom
BDE99_38,BDE99nonMR,Bond Dissociation Energies,Thermochemistry,wB97M-V,-19.68999917965889,-19.51994442594201,0.1700547537168795,0.1700547537168795,single_atom
BDE99_39,BDE99nonMR,Bond Dissociation Energies,Thermochemistry,wB97M-V,-195.19999207520456,-195.66063573594425,-0.46064366073969154,0.46064366073969154,single_atom
BDE99_40,BDE99nonMR,Bond Dissociation Energies,Thermochemistry,wB97M-V,-108.55999556281208,-108.965642661756,-0.40564709894391626,0.40564709894391626,single_atom
BDE99_41,BDE99nonMR,Bond Dissociation Energies,Thermochemistry,wB97M-V,-130.40999467638136,-129.98690162182402,0.4230930545573415,0.4230930545573415,single_atom
BDE99_43,BDE99nonMR,Bond Dissociation Energies,Thermochemistry,wB97M-V,-42.82999838448911,-44.36068444083992,-1.5306860563508096,1.5306860563508096,single_atom
BDE99_45,BDE99nonMR,Bond Dissociation Energies,Thermochemistry,wB97M-V,-35.1899983742191,-36.5432984209226,-1.3533000467035023,1.3533000467035023,single_atom
BDE99_46,BDE99nonMR,Bond Dissociation Energies,Thermochemistry,wB97M-V,-100.0299957279354,-98.98603695587576,1.0439587720596393,1.0439587720596393,single_atom
BDE99_47,BDE99nonMR,Bond Dissociation Energies,Thermochemistry,wB97M-V,-107.66999573820544,-106.80342297579308,0.8665727624123605,0.8665727624123605,single_atom
BDE99_48,BDE99nonMR,Bond Dissociation Energies,Thermochemistry,wB97M-V,-103.18999601472676,-102.83086362034756,0.35913239437920197,0.35913239437920197,single_atom
BDE99_50,BDE99nonMR,Bond Dissociation Energies,Thermochemistry,wB97M-V,-22.82999885698352,-24.80375504575977,-1.9737561887762531,1.9737561887762531,single_atom
BDE99_51,BDE99nonMR,Bond Dissociation Energies,Thermochemistry,wB97M-V,-132.06999443385126,-137.62796024056942,-5.557965806718158,5.557965806718158,single_atom
BDE99_52,BDE99nonMR,Bond Dissociation Energies,Thermochemistry,wB97M-V,-229.1999902679489,-229.0471287718108,0.15286149613808675,0.15286149613808675,single_atom
BDE99_54,BDE99nonMR,Bond Dissociation Energies,Thermochemistry,wB97M-V,-96.17999606361928,-96.07116941729208,0.10882664632720207,0.10882664632720207,single_atom
BDE99_59,BDE99nonMR,Bond Dissociation Energies,Thermochemistry,wB97M-V,-93.55999591718287,-91.4471177404578,2.1128781767250757,2.1128781767250757,single_atom
BDE99_61,BDE99nonMR,Bond Dissociation Energies,Thermochemistry,wB97M-V,-77.39999669052429,-78.94404054104352,-1.5440438505192304,1.5440438505192304,single_atom
BDE99_62,BDE99nonMR,Bond Dissociation Energies,Thermochemistry,wB97M-V,-60.87999778863536,-62.37508598553917,-1.495088196903815,1.495088196903815,single_atom
BDE99_63,BDE99nonMR,Bond Dissociation Energies,Thermochemistry,wB97M-V,-68.32999734280212,-70.29817239956569,-1.9681750567635703,1.9681750567635703,single_atom
BDE99_64,BDE99nonMR,Bond Dissociation Energies,Thermochemistry,wB97M-V,-54.70999770724145,-54.805189702202966,-0.09519199496151742,0.09519199496151742,single_atom
BDE99_65,BDE99nonMR,Bond Dissociation Energies,Thermochemistry,wB97M-V,-125.76999509724476,-124.4182692835569,1.3517258136878638,1.3517258136878638,single_atom
BDE99_69,BDE99nonMR,Bond Dissociation Energies,Thermochemistry,wB97M-V,-141.76999384073596,-143.93770228927545,-2.1677084485394857,2.1677084485394857,single_atom
BDE99_70,BDE99nonMR,Bond Dissociation Energies,Thermochemistry,wB97M-V,-65.46999741287885,-66.31015754850024,-0.8401601356213888,0.8401601356213888,single_atom
BDE99_71,BDE99nonMR,Bond Dissociation Energies,Thermochemistry,wB97M-V,-115.4299950127094,-115.08807495218944,0.3419200605199535,0.3419200605199535,single_atom
BDE99_72,BDE99nonMR,Bond Dissociation Energies,Thermochemistry,wB97M-V,-99.49999557855908,-99.30921136312335,0.19078421543572688,0.19078421543572688,single_atom
BDE99_76,BDE99nonMR,Bond Dissociation Energies,Thermochemistry,wB97M-V,-127.80999451190225,-128.692328680779,-0.882334168876767,0.882334168876767,single_atom
BDE99_79,BDE99nonMR,Bond Dissociation Energies,Thermochemistry,wB97M-V,-86.14999632693062,-83.22014499165238,2.9298513352782436,2.9298513352782436,single_atom
BDE99_80,BDE99nonMR,Bond Dissociation Energies,Thermochemistry,wB97M-V,-40.55999854981392,-41.56284246187877,-1.0028439120648542,1.0028439120648542,single_atom
BDE99_81,BDE99nonMR,Bond Dissociation Energies,Thermochemistry,wB97M-V,-169.18999294947247,-171.7455404055575,-2.555547456085037,2.555547456085037,single_atom
BDE99_82,BDE99nonMR,Bond Dissociation Energies,Thermochemistry,wB97M-V,-132.30999421733813,-136.6245960604001,-4.314601843061979,4.314601843061979,single_atom
BDE99_84,BDE99nonMR,Bond Dissociation Energies,Thermochemistry,wB97M-V,-139.3599941323601,-142.3069938582934,-2.9469997259332956,2.9469997259332956,single_atom
BDE99_86,BDE99nonMR,Bond Dissociation Energies,Thermochemistry,wB97M-V,-115.08999531943633,-115.30879965266573,-0.21880433322940007,0.21880433322940007,single_atom
BDE99_87,BDE99nonMR,Bond Dissociation Energies,Thermochemistry,wB97M-V,-112.54999510082892,-112.54001418614143,0.009980914687488962,0.009980914687488962,single_atom
BDE99_88,BDE99nonMR,Bond Dissociation Energies,Thermochemistry,wB97M-V,-117.12999536160324,-116.93432372587615,0.19567163572708068,0.19567163572708068,single_atom
BDE99_89,BDE99nonMR,Bond Dissociation Energies,Thermochemistry,wB97M-V,-106.51999552064515,-106.10932702817294,0.4106684924722117,0.4106684924722117,single_atom
BDE99_90,BDE99nonMR,Bond Dissociation Energies,Thermochemistry,wB97M-V,-126.05999483562476,-126.7567855599372,-0.6967907243124358,0.6967907243124358,single_atom
BDE99_91,BDE99nonMR,Bond Dissociation Energies,Thermochemistry,wB97M-V,-104.09999582129066,-110.37297378420756,-6.272977962916897,6.272977962916897,single_atom
BDE99_93,BDE99nonMR,Bond Dissociation Energies,Thermochemistry,wB97M-V,-104.52999543337133,-101.25118287925494,3.278812554116385,3.278812554116385,single_atom
BDE99_94,BDE99nonMR,Bond Dissociation Energies,Thermochemistry,wB97M-V,-82.31999664457172,-79.27524863832535,3.0447480062463654,3.0447480062463654,single_atom
BDE99_95,BDE99nonMR,Bond Dissociation Energies,Thermochemistry,wB97M-V,-86.31999617356716,-84.50168845153442,1.818307722032742,1.818307722032742,single_atom
BDE99_96,BDE99nonMR,Bond Dissociation Energies,Thermochemistry,wB97M-V,-134.1599944309113,-131.76712874318096,2.3928656877303354,2.3928656877303354,single_atom
HAT707_10,HAT707MR,Bond Dissociation Energies,Thermochemistry,MACE-MP-0b3,100.9399958273404,56.37817604194766,-44.561819785392736,44.561819785392736,single_atom
HAT707_103,HAT707MR,Bond Dissociation Energies,Thermochemistry,MACE-MP-0b3,-111.77999516796568,-85.89267969439736,25.88731547356832,25.88731547356832,single_atom
HAT707_108,HAT707MR,Bond Dissociation Energies,Thermochemistry,MACE-MP-0b3,21.74999920378307,40.268498081958704,18.518498878175635,18.518498878175635,single_atom
HAT707_109,HAT707MR,Bond Dissociation Energies,Thermochemistry,MACE-MP-0b3,23.61999877180399,32.73484125162601,9.11484247982202,9.11484247982202,single_atom
HAT707_11,HAT707MR,Bond Dissociation Energies,Thermochemistry,MACE-MP-0b3,52.46999784550211,19.07733580068621,-33.39266204481589,33.39266204481589,single_atom
HAT707_117,HAT707MR,Bond Dissociation Energies,Thermochemistry,MACE-MP-0b3,17.539999236727137,-2.8268784614358164,-20.366877698162952,20.366877698162952,single_atom
HAT707_119,HAT707MR,Bond Dissociation Energies,Thermochemistry,MACE-MP-0b3,115.06999533747909,94.75409206792108,-20.315903269558007,20.315903269558007,single_atom
HAT707_120,HAT707MR,Bond Dissociation Energies,Thermochemistry,MACE-MP-0b3,201.13999168527053,166.5350232328354,-34.604968452435116,34.604968452435116,single_atom
HAT707_121,HAT707MR,Bond Dissociation Energies,Thermochemistry,MACE-MP-0b3,178.0799926385257,135.19600156593964,-42.88399107258607,42.88399107258607,single_atom
HAT707_122,HAT707MR,Bond Dissociation Energies,Thermochemistry,MACE-MP-0b3,118.81999508821634,103.20062871588088,-15.619366372335463,15.619366372335463,single_atom
HAT707_123,HAT707MR,Bond Dissociation Energies,Thermochemistry,MACE-MP-0b3,197.04999185434352,166.02282038006794,-31.027171474275576,31.027171474275576,single_atom
HAT707_124,HAT707MR,Bond Dissociation Energies,Thermochemistry,MACE-MP-0b3,218.0199909874852,184.2342145692809,-33.78577641820428,33.78577641820428,single_atom
HAT707_125,HAT707MR,Bond Dissociation Energies,Thermochemistry,MACE-MP-0b3,92.01999605145645,63.415070401025375,-28.60492565043107,28.60492565043107,single_atom
HAT707_126,HAT707MR,Bond Dissociation Energies,Thermochemistry,MACE-MP-0b3,204.98999152611952,147.43772685380492,-57.55226467231461,57.55226467231461,single_atom
HAT707_129,HAT707MR,Bond Dissociation Energies,Thermochemistry,MACE-MP-0b3,79.64999670742696,74.71599433928097,-4.934002368145997,4.934002368145997,single_atom
HAT707_130,HAT707MR,Bond Dissociation Energies,Thermochemistry,MACE-MP-0b3,206.64999145749803,197.75681861903564,-8.893172838462391,8.893172838462391,single_atom
HAT707_16,HAT707MR,Bond Dissociation Energies,Thermochemistry,MACE-MP-0b3,88.55999633910517,67.67909998020326,-20.880896358901907,20.880896358901907,single_atom
HAT707_161,HAT707MR,Bond Dissociation Energies,Thermochemistry,MACE-MP-0b3,233.119990363281,197.31492253087387,-35.80506783240713,35.80506783240713,single_atom
HAT707_17,HAT707MR,Bond Dissociation Energies,Thermochemistry,MACE-MP-0b3,54.129997602972,69.39642756591691,15.266429962944912,15.266429962944912,single_atom
HAT707_176,HAT707MR,Bond Dissociation Energies,Thermochemistry,MACE-MP-0b3,-27.29999858948358,-52.71510179056396,-25.415103201080385,25.415103201080385,single_atom
HAT707_181,HAT707MR,Bond Dissociation Energies,Thermochemistry,MACE-MP-0b3,106.22999578226516,73.44607598579213,-32.78391979647303,32.78391979647303,single_atom
HAT707_182,HAT707MR,Bond Dissociation Energies,Thermochemistry,MACE-MP-0b3,108.09999553136022,65.9124191554594,-42.18757637590082,42.18757637590082,single_atom
HAT707_188,HAT707MR,Bond Dissociation Energies,Thermochemistry,MACE-MP-0b3,94.15999610761192,83.77788466793487,-10.382111439677047,10.382111439677047,single_atom
HAT707_189,HAT707MR,Bond Dissociation Energies,Thermochemistry,MACE-MP-0b3,71.09999706086647,52.438863001039145,-18.661134059827326,18.661134059827326,single_atom
HAT707_190,HAT707MR,Bond Dissociation Energies,Thermochemistry,MACE-MP-0b3,90.06999627668488,83.26568181516744,-6.804314461517436,6.804314461517436,single_atom
HAT707_191,HAT707MR,Bond Dissociation Energies,Thermochemistry,MACE-MP-0b3,111.03999540982656,101.47707600438036,-9.562919405446195,9.562919405446195,single_atom
HAT707_192,HAT707MR,Bond Dissociation Energies,Thermochemistry,MACE-MP-0b3,98.0099959484609,64.6805882889044,-33.329407659556495,33.329407659556495,single_atom
HAT707_196,HAT707MR,Bond Dissociation Energies,Thermochemistry,MACE-MP-0b3,99.6699958798394,114.9996800541351,15.329684174295693,15.329684174295693,single_atom
HAT707_2,HAT707MR,Bond Dissociation Energies,Thermochemistry,MACE-MP-0b3,123.98999487449908,87.71719770884339,-36.27279716565569,36.27279716565569,single_atom
HAT707_221,HAT707MR,Bond Dissociation Energies,Thermochemistry,MACE-MP-0b3,-145.50999423179678,-100.19489131770428,45.315102914092506,45.315102914092506,single_atom
HAT707_236,HAT707MR,Bond Dissociation Energies,Thermochemistry,MACE-MP-0b3,94.97999607371467,89.77451111575924,-5.205484957955434,5.205484957955434,single_atom
HAT707_237,HAT707MR,Bond Dissociation Energies,Thermochemistry,MACE-MP-0b3,126.13999478562236,114.55778396597331,-11.582210819649049,11.582210819649049,single_atom
HAT707_260,HAT707MR,Bond Dissociation Energies,Thermochemistry,MACE-MP-0b3,38.35999865198906,77.332986769584,38.97298811759494,38.97298811759494,single_atom
HAT707_261,HAT707MR,Bond Dissociation Energies,Thermochemistry,MACE-MP-0b3,-62.009997396728906,-57.867095456639326,4.14290194008958,4.14290194008958,single_atom
HAT707_262,HAT707MR,Bond Dissociation Energies,Thermochemistry,MACE-MP-0b3,35.42999878521545,20.03809772864013,-15.391901056575325,15.391901056575325,single_atom
HAT707_263,HAT707MR,Bond Dissociation Energies,Thermochemistry,MACE-MP-0b3,62.22999719825855,59.823656043495625,-2.406341154762927,2.406341154762927,single_atom
HAT707_264,HAT707MR,Bond Dissociation Energies,Thermochemistry,MACE-MP-0b3,39.17999853974538,28.4846343765999,-10.695364163145477,10.695364163145477,single_atom
HAT707_265,HAT707MR,Bond Dissociation Energies,Thermochemistry,MACE-MP-0b3,58.14999774143416,59.31145319072819,1.1614554492940243,1.1614554492940243,single_atom
HAT707_266,HAT707MR,Bond Dissociation Energies,Thermochemistry,MACE-MP-0b3,29.439998541436715,28.11819564741126,-1.3218028940254563,1.3218028940254563,single_atom
HAT707_267,HAT707MR,Bond Dissociation Energies,Thermochemistry,MACE-MP-0b3,79.11999672933624,77.52284737994115,-1.5971493493950817,1.5971493493950817,single_atom
HAT707_268,HAT707MR,Bond Dissociation Energies,Thermochemistry,MACE-MP-0b3,12.369999508214198,-11.300923938255597,-23.670923446469793,23.670923446469793,single_atom
HAT707_269,HAT707MR,Bond Dissociation Energies,Thermochemistry,MACE-MP-0b3,66.08999726796996,40.72635966446517,-25.36363760350479,25.36363760350479,single_atom
HAT707_273,HAT707MR,Bond Dissociation Energies,Thermochemistry,MACE-MP-0b3,67.7499971993491,91.04545142969586,23.295454230346763,23.295454230346763,single_atom
HAT707_296,HAT707MR,Bond Dissociation Energies,Thermochemistry,MACE-MP-0b3,-67.12999717034874,-64.79685461007749,2.3331425602712557,2.3331425602712557,single_atom
HAT707_297,HAT707MR,Bond Dissociation Energies,Thermochemistry,MACE-MP-0b3,-71.2499972185971,-59.72594438330626,11.524052835290838,11.524052835290838,single_atom
HAT707_3,HAT707MR,Bond Dissociation Energies,Thermochemistry,MACE-MP-0b3,48.619998181185984,38.17463217971667,-10.445366001469317,10.445366001469317,single_atom
HAT707_315,HAT707MR,Bond Dissociation Energies,Thermochemistry,MACE-MP-0b3,-110.70999550574386,-77.16103732672968,33.54895817901418,33.54895817901418,single_atom
HAT707_316,HAT707MR,Bond Dissociation Energies,Thermochemistry,MACE-MP-0b3,63.05999739322439,65.82028249132004,2.7602850980956504,2.7602850980956504,single_atom
HAT707_317,HAT707MR,Bond Dissociation Energies,Thermochemistry,MACE-MP-0b3,94.21999610513204,90.60355534153412,-3.6164407635979217,3.6164407635979217,single_atom
HAT707_325,HAT707MR,Bond Dissociation Energies,Thermochemistry,MACE-MP-0b3,-74.7399972076829,-62.002969376286224,12.73702783139668,12.73702783139668,single_atom
HAT707_330,HAT707MR,Bond Dissociation Energies,Thermochemistry,MACE-MP-0b3,-79.2299969221402,-66.00263910518828,13.227357816951923,13.227357816951923,single_atom
HAT707_334,HAT707MR,Bond Dissociation Energies,Thermochemistry,MACE-MP-0b3,-72.98999690389596,-66.93919959365522,6.050797310240739,6.050797310240739,single_atom
HAT707_336,HAT707MR,Bond Dissociation Energies,Thermochemistry,MACE-MP-0b3,-89.62999632503781,-95.50215269034322,-5.872156365305415,5.872156365305415,single_atom
HAT707_339,HAT707MR,Bond Dissociation Energies,Thermochemistry,MACE-MP-0b3,-79.64999654324225,-74.71599433928097,4.934002203961285,4.934002203961285,single_atom
HAT707_341,HAT707MR,Bond Dissociation Energies,Thermochemistry,MACE-MP-0b3,-129.43999492394573,-105.79008935325818,23.64990557068755,23.64990557068755,single_atom
HAT707_346,HAT707MR,Bond Dissociation Energies,Thermochemistry,MACE-MP-0b3,-73.04999684976768,-46.55252701440588,26.497469835361798,26.497469835361798,single_atom
HAT707_349,HAT707MR,Bond Dissociation Energies,Thermochemistry,MACE-MP-0b3,60.47999752198108,79.60865076195022,19.128653239969132,19.128653239969132,single_atom
HAT707_350,HAT707MR,Bond Dissociation Energies,Thermochemistry,MACE-MP-0b3,62.34999771751146,72.07499393161748,9.724996214106028,9.724996214106028,single_atom
HAT707_354,HAT707MR,Bond Dissociation Energies,Thermochemistry,MACE-MP-0b3,-9.71999938884196,-9.685166453348897,0.03483293549306232,0.03483293549306232,single_atom
HAT707_355,HAT707MR,Bond Dissociation Energies,Thermochemistry,MACE-MP-0b3,14.029999265684092,39.0181678269751,24.988168561291012,24.988168561291012,single_atom
HAT707_358,HAT707MR,Bond Dissociation Energies,Thermochemistry,MACE-MP-0b3,21.38999890104327,-18.98007009833499,-40.37006899937826,40.37006899937826,single_atom
HAT707_359,HAT707MR,Bond Dissociation Energies,Thermochemistry,MACE-MP-0b3,-5.510000049295501,-31.22179538620026,-25.711795336904757,25.711795336904757,single_atom
HAT707_360,HAT707MR,Bond Dissociation Energies,Thermochemistry,MACE-MP-0b3,-28.569998698787284,-62.56081705309598,-33.9908183543087,33.9908183543087,single_atom
HAT707_361,HAT707MR,Bond Dissociation Energies,Thermochemistry,MACE-MP-0b3,25.1399986555732,-10.53353345037522,-35.673532105948425,35.673532105948425,single_atom
HAT707_362,HAT707MR,Bond Dissociation Energies,Thermochemistry,MACE-MP-0b3,-9.599999497098516,-31.733998238967693,-22.133998741869178,22.133998741869178,single_atom
HAT707_363,HAT707MR,Bond Dissociation Energies,Thermochemistry,MACE-MP-0b3,55.49999762206192,42.2455903702209,-13.254407251841016,13.254407251841016,single_atom
HAT707_364,HAT707MR,Bond Dissociation Energies,Thermochemistry,MACE-MP-0b3,26.78999904957395,11.05233282690397,-15.737666222669981,15.737666222669981,single_atom
HAT707_365,HAT707MR,Bond Dissociation Energies,Thermochemistry,MACE-MP-0b3,11.369999782842708,-13.522604049754728,-24.892603832597437,24.892603832597437,single_atom
HAT707_366,HAT707MR,Bond Dissociation Energies,Thermochemistry,MACE-MP-0b3,-1.6599997574698946,-50.31909176523072,-48.659092007760826,48.659092007760826,single_atom
HAT707_367,HAT707MR,Bond Dissociation Energies,Thermochemistry,MACE-MP-0b3,-5.649999922996183,-30.678855686190904,-25.02885576319472,25.02885576319472,single_atom
HAT707_368,HAT707MR,Bond Dissociation Energies,Thermochemistry,MACE-MP-0b3,36.05999821686853,1.80399341398412,-34.256004802884405,34.256004802884405,single_atom
HAT707_370,HAT707MR,Bond Dissociation Energies,Thermochemistry,MACE-MP-0b3,-12.369999508214198,-26.751029273856187,-14.381029765641989,14.381029765641989,single_atom
HAT707_371,HAT707MR,Bond Dissociation Energies,Thermochemistry,MACE-MP-0b3,-14.029999265684092,-39.0181678269751,-24.988168561291012,24.988168561291012,single_atom
HAT707_372,HAT707MR,Bond Dissociation Energies,Thermochemistry,MACE-MP-0b3,-22.059998924120293,-42.122039309389095,-20.0620403852688,20.0620403852688,single_atom
HAT707_373,HAT707MR,Bond Dissociation Energies,Thermochemistry,MACE-MP-0b3,10.709999750744302,-19.242053973433208,-29.95205372417751,29.95205372417751,single_atom
HAT707_374,HAT707MR,Bond Dissociation Energies,Thermochemistry,MACE-MP-0b3,-53.6799980089341,-63.51453407327694,-9.834536064342842,9.834536064342842,single_atom
HAT707_376,HAT707MR,Bond Dissociation Energies,Thermochemistry,MACE-MP-0b3,-68.23999742399454,-92.52864731472366,-24.28864989072912,24.28864989072912,single_atom
HAT707_377,HAT707MR,Bond Dissociation Energies,Thermochemistry,MACE-MP-0b3,-99.66999605270507,-114.99968005413513,-15.329684001430053,15.329684001430053,single_atom
HAT707_378,HAT707MR,Bond Dissociation Energies,Thermochemistry,MACE-MP-0b3,2.5299996001193223,-15.060635616863076,-17.5906352169824,17.5906352169824,single_atom
HAT707_379,HAT707MR,Bond Dissociation Energies,Thermochemistry,MACE-MP-0b3,-34.35999849548415,-43.17603026192141,-8.816031766437263,8.816031766437263,single_atom
HAT707_380,HAT707MR,Bond Dissociation Energies,Thermochemistry,MACE-MP-0b3,-40.009998418480336,-56.13864144995482,-16.128643031474482,16.128643031474482,single_atom
HAT707_382,HAT707MR,Bond Dissociation Energies,Thermochemistry,MACE-MP-0b3,-78.65999680884937,-87.31071506079043,-8.650718251941058,8.650718251941058,single_atom
HAT707_383,HAT707MR,Bond Dissociation Energies,Thermochemistry,MACE-MP-0b3,-126.34999457400474,-130.36444767661845,-4.0144531026137145,4.0144531026137145,single_atom
HAT707_385,HAT707MR,Bond Dissociation Energies,Thermochemistry,MACE-MP-0b3,-120.44999487654304,-136.74140882370344,-16.291413947160393,16.291413947160393,single_atom
HAT707_387,HAT707MR,Bond Dissociation Energies,Thermochemistry,MACE-MP-0b3,-125.94999493485992,-150.83432844949925,-24.884333514639337,24.884333514639337,single_atom
HAT707_390,HAT707MR,Bond Dissociation Energies,Thermochemistry,MACE-MP-0b3,-60.6899973325321,-78.31901837262448,-17.629021040092383,17.629021040092383,single_atom
HAT707_391,HAT707MR,Bond Dissociation Energies,Thermochemistry,MACE-MP-0b3,-108.77999536434172,-132.1994032344325,-23.419407870090794,23.419407870090794,single_atom
HAT707_392,HAT707MR,Bond Dissociation Energies,Thermochemistry,MACE-MP-0b3,-194.1399917764519,-187.8376788898321,6.302312886619802,6.302312886619802,single_atom
HAT707_394,HAT707MR,Bond Dissociation Energies,Thermochemistry,MACE-MP-0b3,-130.83999428846204,-132.53005998247232,-1.6900656940102863,1.6900656940102863,single_atom
HAT707_396,HAT707MR,Bond Dissociation Energies,Thermochemistry,MACE-MP-0b3,-142.12999414347578,-149.62855141326557,-7.498557269789785,7.498557269789785,single_atom
HAT707_398,HAT707MR,Bond Dissociation Energies,Thermochemistry,MACE-MP-0b3,-110.44999574029973,-154.87494190785247,-44.42494616755275,44.42494616755275,single_atom
HAT707_4,HAT707MR,Bond Dissociation Energies,Thermochemistry,MACE-MP-0b3,25.559998904184724,6.835610512820946,-18.724388391363778,18.724388391363778,single_atom
HAT707_400,HAT707MR,Bond Dissociation Energies,Thermochemistry,MACE-MP-0b3,-77.33999674465257,-106.24296288979396,-28.90296614514139,28.90296614514139,single_atom
HAT707_404,HAT707MR,Bond Dissociation Energies,Thermochemistry,MACE-MP-0b3,-139.979994200544,-119.88623583565796,20.093758364886057,20.093758364886057,single_atom
HAT707_406,HAT707MR,Bond Dissociation Energies,Thermochemistry,MACE-MP-0b3,-206.6499911583668,-197.75681861903564,8.893172539331147,8.893172539331147,single_atom
HAT707_411,HAT707MR,Bond Dissociation Energies,Thermochemistry,MACE-MP-0b3,-4.689999534029699,-25.2251689383758,-20.5351694043461,20.5351694043461,single_atom
HAT707_412,HAT707MR,Bond Dissociation Energies,Thermochemistry,MACE-MP-0b3,26.46999871074863,-0.4418960881617484,-26.911894798910378,26.911894798910378,single_atom
HAT707_413,HAT707MR,Bond Dissociation Energies,Thermochemistry,MACE-MP-0b3,16.959999132457696,0.8810729897355236,-16.07892614272217,16.07892614272217,single_atom
HAT707_414,HAT707MR,Bond Dissociation Energies,Thermochemistry,MACE-MP-0b3,-70.40999734888354,-74.62690382030871,-4.216906471425176,4.216906471425176,single_atom
HAT707_432,HAT707MR,Bond Dissociation Energies,Thermochemistry,MACE-MP-0b3,-51.44999813817338,-58.77840612170747,-7.328407983534092,7.328407983534092,single_atom
HAT707_433,HAT707MR,Bond Dissociation Energies,Thermochemistry,MACE-MP-0b3,-33.24999886934784,-49.62677911611377,-16.376780246765925,16.376780246765925,single_atom
HAT707_434,HAT707MR,Bond Dissociation Energies,Thermochemistry,MACE-MP-0b3,-81.07999650820388,-88.41309541614962,-7.33309890794574,7.33309890794574,single_atom
HAT707_435,HAT707MR,Bond Dissociation Energies,Thermochemistry,MACE-MP-0b3,-73.38999717055023,-93.98707353106616,-20.597076360515928,20.597076360515928,single_atom
HAT707_438,HAT707MR,Bond Dissociation Energies,Thermochemistry,MACE-MP-0b3,-67.74999723853267,-91.04545142969587,-23.295454191163202,23.295454191163202,single_atom
HAT707_439,HAT707MR,Bond Dissociation Energies,Thermochemistry,MACE-MP-0b3,115.05999524364726,69.43595072090723,-45.624044522740036,45.624044522740036,single_atom
HAT707_440,HAT707MR,Bond Dissociation Energies,Thermochemistry,MACE-MP-0b3,67.87999719397493,62.76527814486589,-5.114719049109041,5.114719049109041,single_atom
HAT707_441,HAT707MR,Bond Dissociation Energies,Thermochemistry,MACE-MP-0b3,44.81999784425348,31.426256477970163,-13.393741366283315,13.393741366283315,single_atom
HAT707_442,HAT707MR,Bond Dissociation Energies,Thermochemistry,MACE-MP-0b3,63.78999736304788,62.25307529209845,-1.53692207094943,1.53692207094943,single_atom
HAT707_443,HAT707MR,Bond Dissociation Energies,Thermochemistry,MACE-MP-0b3,84.75999649618954,80.46446948131141,-4.295527014878132,4.295527014878132,single_atom
HAT707_444,HAT707MR,Bond Dissociation Energies,Thermochemistry,MACE-MP-0b3,71.72999678557086,43.66798176583543,-28.062015019735433,28.062015019735433,single_atom
HAT707_448,HAT707MR,Bond Dissociation Energies,Thermochemistry,MACE-MP-0b3,73.38999696620303,93.98707353106614,20.597076564863116,20.597076564863116,single_atom
HAT707_45,HAT707MR,Bond Dissociation Energies,Thermochemistry,MACE-MP-0b3,-242.63999006589444,-219.68166329361864,22.958326772275797,22.958326772275797,single_atom
HAT707_469,HAT707MR,Bond Dissociation Energies,Thermochemistry,MACE-MP-0b3,-154.63999352539065,-174.72917447420505,-20.089180948814402,20.089180948814402,single_atom
HAT707_484,HAT707MR,Bond Dissociation Energies,Thermochemistry,MACE-MP-0b3,68.69999716007831,68.7619045926903,0.06190743261198861,0.06190743261198861,single_atom
HAT707_485,HAT707MR,Bond Dissociation Energies,Thermochemistry,MACE-MP-0b3,99.85999588129889,93.5451774429044,-6.314818438394482,6.314818438394482,single_atom
HAT707_5,HAT707MR,Bond Dissociation Energies,Thermochemistry,MACE-MP-0b3,127.73999457505188,96.16373435680316,-31.57626021824872,31.57626021824872,single_atom
HAT707_501,HAT707MR,Bond Dissociation Energies,Thermochemistry,MACE-MP-0b3,-95.25999626607674,-74.5890785265306,20.67091773954614,20.67091773954614,single_atom
HAT707_505,HAT707MR,Bond Dissociation Energies,Thermochemistry,MACE-MP-0b3,38.269998105672,51.57209924982551,13.30210114415351,13.30210114415351,single_atom
HAT707_506,HAT707MR,Bond Dissociation Energies,Thermochemistry,MACE-MP-0b3,40.13999830120239,44.038442419492746,3.8984441182903566,3.8984441182903566,single_atom
HAT707_509,HAT707MR,Bond Dissociation Energies,Thermochemistry,MACE-MP-0b3,45.149998174057416,29.72326418198906,-15.426733992068357,15.426733992068357,single_atom
HAT707_510,HAT707MR,Bond Dissociation Energies,Thermochemistry,MACE-MP-0b3,6.859999458918696,-4.470766112344041,-11.330765571262738,11.330765571262738,single_atom
HAT707_511,HAT707MR,Bond Dissociation Energies,Thermochemistry,MACE-MP-0b3,-16.199999190573088,-35.80978777923976,-19.609788588666675,19.609788588666675,single_atom
HAT707_512,HAT707MR,Bond Dissociation Energies,Thermochemistry,MACE-MP-0b3,48.89999792858734,38.16980082994883,-10.730197098638513,10.730197098638513,single_atom
HAT707_513,HAT707MR,Bond Dissociation Energies,Thermochemistry,MACE-MP-0b3,2.7700000111156804,-4.982968965111474,-7.752968976227154,7.752968976227154,single_atom
HAT707_514,HAT707MR,Bond Dissociation Energies,Thermochemistry,MACE-MP-0b3,52.44999786354487,44.42168276741842,-8.028315096126455,8.028315096126455,single_atom
HAT707_515,HAT707MR,Bond Dissociation Energies,Thermochemistry,MACE-MP-0b3,23.739999291056904,13.228425224101448,-10.511574066955456,10.511574066955456,single_atom
HAT707_516,HAT707MR,Bond Dissociation Energies,Thermochemistry,MACE-MP-0b3,22.089998897056155,-1.6157574849066652,-23.70575638196282,23.70575638196282,single_atom
HAT707_517,HAT707MR,Bond Dissociation Energies,Thermochemistry,MACE-MP-0b3,10.709999750744302,-23.568062491374494,-34.27806224211879,34.27806224211879,single_atom
HAT707_521,HAT707MR,Bond Dissociation Energies,Thermochemistry,MACE-MP-0b3,9.71999938884196,9.685166453348897,-0.03483293549306232,0.03483293549306232,single_atom
HAT707_546,HAT707MR,Bond Dissociation Energies,Thermochemistry,MACE-MP-0b3,7.679999974184497,1.5258603354803368,-6.1541396387041605,6.1541396387041605,single_atom
HAT707_547,HAT707MR,Bond Dissociation Energies,Thermochemistry,MACE-MP-0b3,38.839998218962826,26.30913318569447,-12.530865033268356,12.530865033268356,single_atom
HAT707_580,HAT707MR,Bond Dissociation Energies,Thermochemistry,MACE-MP-0b3,-1.6299997845340342,-3.5213209996977963,-1.8913212151637622,1.8913212151637622,single_atom
HAT707_581,HAT707MR,Bond Dissociation Energies,Thermochemistry,MACE-MP-0b3,15.2499994200947,25.03041054531009,9.780411125215391,9.780411125215391,single_atom
HAT707_6,HAT707MR,Bond Dissociation Energies,Thermochemistry,MACE-MP-0b3,44.529998105873496,37.66242932694924,-6.867568778924259,6.867568778924259,single_atom
HAT707_666,HAT707MR,Bond Dissociation Energies,Thermochemistry,MACE-MP-0b3,16.199999190573088,35.80978777923978,19.60978858866669,19.60978858866669,single_atom
HAT707_667,HAT707MR,Bond Dissociation Energies,Thermochemistry,MACE-MP-0b3,-12.369999508214198,11.30092393825559,23.670923446469786,23.670923446469786,single_atom
HAT707_668,HAT707MR,Bond Dissociation Energies,Thermochemistry,MACE-MP-0b3,28.569998698787284,62.56081705309596,33.99081835430867,33.99081835430867,single_atom
HAT707_673,HAT707MR,Bond Dissociation Energies,Thermochemistry,MACE-MP-0b3,-71.0999973539178,-52.43886300103909,18.66113435287871,18.66113435287871,single_atom
HAT707_688,HAT707MR,Bond Dissociation Energies,Thermochemistry,MACE-MP-0b3,-111.40999550175673,-57.325418782561975,54.08457671919475,54.08457671919475,single_atom
HAT707_689,HAT707MR,Bond Dissociation Energies,Thermochemistry,MACE-MP-0b3,-178.07999245957947,-135.1960015659397,42.883990893639776,42.883990893639776,single_atom
HAT707_690,HAT707MR,Bond Dissociation Energies,Thermochemistry,MACE-MP-0b3,-123.07999501395804,-65.86011338847413,57.21988162548391,57.21988162548391,single_atom
HAT707_698,HAT707MR,Bond Dissociation Energies,Thermochemistry,MACE-MP-0b3,-101.99999583325202,-84.20122875208762,17.7987670811644,17.7987670811644,single_atom
HAT707_699,HAT707MR,Bond Dissociation Energies,Thermochemistry,MACE-MP-0b3,-92.01999605145645,-63.415070401025375,28.60492565043107,28.60492565043107,single_atom
HAT707_7,HAT707MR,Bond Dissociation Energies,Thermochemistry,MACE-MP-0b3,100.19999585793012,71.26658833278125,-28.933407525148866,28.933407525148866,single_atom
HAT707_700,HAT707MR,Bond Dissociation Energies,Thermochemistry,MACE-MP-0b3,-141.80999443215993,-94.4891654150026,47.32082901715732,47.32082901715732,single_atom
HAT707_704,HAT707MR,Bond Dissociation Energies,Thermochemistry,MACE-MP-0b3,-44.81999784425348,-31.426256477970185,13.393741366283294,13.393741366283294,single_atom
HAT707_705,HAT707MR,Bond Dissociation Energies,Thermochemistry,MACE-MP-0b3,-22.089998897056155,1.615757484906678,23.705756381962832,23.705756381962832,single_atom
HAT707_706,HAT707MR,Bond Dissociation Energies,Thermochemistry,MACE-MP-0b3,1.6599997574698946,50.319091765230695,48.6590920077608,48.6590920077608,single_atom
HAT707_707,HAT707MR,Bond Dissociation Energies,Thermochemistry,MACE-MP-0b3,-39.17999853974538,-28.484634376599907,10.69536416314547,10.69536416314547,single_atom
HAT707_71,HAT707MR,Bond Dissociation Energies,Thermochemistry,MACE-MP-0b3,49.43999806894231,44.17125862754113,-5.268739441401181,5.268739441401181,single_atom
HAT707_72,HAT707MR,Bond Dissociation Energies,Thermochemistry,MACE-MP-0b3,80.59999666815555,68.95453147775518,-11.645465190400373,11.645465190400373,single_atom
HAT707_8,HAT707MR,Bond Dissociation Energies,Thermochemistry,MACE-MP-0b3,71.48999704474521,40.07333078946427,-31.416666255280937,31.416666255280937,single_atom
HAT707_9,HAT707MR,Bond Dissociation Energies,Thermochemistry,MACE-MP-0b3,65.49999738581472,55.87382351616216,-9.626173869652561,9.626173869652561,single_atom
HAT707_10,HAT707MR,Bond Dissociation Energies,Thermochemistry,MACE-OMOL-0-100M,100.9399958273404,89.58151117486474,-11.358484652475653,11.358484652475653,single_atom
HAT707_103,HAT707MR,Bond Dissociation Energies,Thermochemistry,MACE-OMOL-0-100M,-111.77999516796568,-115.43003812439548,-3.6500429564298003,3.6500429564298003,single_atom
HAT707_108,HAT707MR,Bond Dissociation Energies,Thermochemistry,MACE-OMOL-0-100M,21.74999920378307,22.960962487619675,1.2109632838366053,1.2109632838366053,single_atom
HAT707_109,HAT707MR,Bond Dissociation Energies,Thermochemistry,MACE-OMOL-0-100M,23.61999877180399,26.002225460818675,2.3822266890146864,2.3822266890146864,single_atom
HAT707_11,HAT707MR,Bond Dissociation Energies,Thermochemistry,MACE-OMOL-0-100M,52.46999784550211,47.79361499470048,-4.67638285080163,4.67638285080163,single_atom
HAT707_117,HAT707MR,Bond Dissociation Energies,Thermochemistry,MACE-OMOL-0-100M,17.539999236727137,13.342505556740374,-4.1974936799867635,4.1974936799867635,single_atom
HAT707_119,HAT707MR,Bond Dissociation Energies,Thermochemistry,MACE-OMOL-0-100M,115.06999533747909,108.27854901731888,-6.791446320160205,6.791446320160205,single_atom
HAT707_120,HAT707MR,Bond Dissociation Energies,Thermochemistry,MACE-OMOL-0-100M,201.13999168527053,200.95894315401696,-0.18104853125356613,0.18104853125356613,single_atom
HAT707_121,HAT707MR,Bond Dissociation Energies,Thermochemistry,MACE-OMOL-0-100M,178.0799926385257,173.66793029760083,-4.4120623409248765,4.4120623409248765,single_atom
HAT707_122,HAT707MR,Bond Dissociation Energies,Thermochemistry,MACE-OMOL-0-100M,118.81999508821634,112.55070137554571,-6.269293712670631,6.269293712670631,single_atom
HAT707_123,HAT707MR,Bond Dissociation Energies,Thermochemistry,MACE-OMOL-0-100M,197.04999185434352,197.2473992138012,0.19740735945768506,0.19740735945768506,single_atom
HAT707_124,HAT707MR,Bond Dissociation Energies,Thermochemistry,MACE-OMOL-0-100M,218.0199909874852,214.7542902654646,-3.265700722020597,3.265700722020597,single_atom
HAT707_125,HAT707MR,Bond Dissociation Energies,Thermochemistry,MACE-OMOL-0-100M,92.01999605145645,80.98753616092374,-11.032459890532706,11.032459890532706,single_atom
HAT707_126,HAT707MR,Bond Dissociation Energies,Thermochemistry,MACE-OMOL-0-100M,204.98999152611952,199.0850377891884,-5.904953736931134,5.904953736931134,single_atom
HAT707_129,HAT707MR,Bond Dissociation Energies,Thermochemistry,MACE-OMOL-0-100M,79.64999670742696,78.57946813088776,-1.0705285765392034,1.0705285765392034,single_atom
HAT707_130,HAT707MR,Bond Dissociation Energies,Thermochemistry,MACE-OMOL-0-100M,206.64999145749803,208.1426827365051,1.4926912790070617,1.4926912790070617,single_atom
HAT707_16,HAT707MR,Bond Dissociation Energies,Thermochemistry,MACE-OMOL-0-100M,88.55999633910517,87.17344314484973,-1.3865531942554412,1.3865531942554412,single_atom
HAT707_161,HAT707MR,Bond Dissociation Energies,Thermochemistry,MACE-OMOL-0-100M,233.119990363281,231.65862249436245,-1.4613678689185576,1.4613678689185576,single_atom
HAT707_17,HAT707MR,Bond Dissociation Energies,Thermochemistry,MACE-OMOL-0-100M,54.129997602972,56.851259942017215,2.721262339045218,2.721262339045218,single_atom
HAT707_176,HAT707MR,Bond Dissociation Energies,Thermochemistry,MACE-OMOL-0-100M,-27.29999858948358,-35.42419256931845,-8.124193979834871,8.124193979834871,single_atom
HAT707_181,HAT707MR,Bond Dissociation Energies,Thermochemistry,MACE-OMOL-0-100M,106.22999578226516,102.96680804269673,-3.263187739568437,3.263187739568437,single_atom
HAT707_182,HAT707MR,Bond Dissociation Energies,Thermochemistry,MACE-OMOL-0-100M,108.09999553136022,106.00807101589572,-2.0919245154644983,2.0919245154644983,single_atom
HAT707_188,HAT707MR,Bond Dissociation Energies,Thermochemistry,MACE-OMOL-0-100M,94.15999610761192,115.92915919128966,21.76916308367774,21.76916308367774,single_atom
HAT707_189,HAT707MR,Bond Dissociation Energies,Thermochemistry,MACE-OMOL-0-100M,71.09999706086647,88.63814633487355,17.538149274007083,17.538149274007083,single_atom
HAT707_190,HAT707MR,Bond Dissociation Energies,Thermochemistry,MACE-OMOL-0-100M,90.06999627668488,112.21761525107388,22.147618974389005,22.147618974389005,single_atom
HAT707_191,HAT707MR,Bond Dissociation Energies,Thermochemistry,MACE-OMOL-0-100M,111.03999540982656,129.72450630269535,18.684510892868786,18.684510892868786,single_atom
HAT707_192,HAT707MR,Bond Dissociation Energies,Thermochemistry,MACE-OMOL-0-100M,98.0099959484609,114.05525382646104,16.045257878000143,16.045257878000143,single_atom
HAT707_196,HAT707MR,Bond Dissociation Energies,Thermochemistry,MACE-OMOL-0-100M,99.6699958798394,123.11289877378827,23.44290289394887,23.44290289394887,single_atom
HAT707_2,HAT707MR,Bond Dissociation Energies,Thermochemistry,MACE-OMOL-0-100M,123.98999487449908,116.87252403130182,-7.117470843197253,7.117470843197253,single_atom
HAT707_221,HAT707MR,Bond Dissociation Energies,Thermochemistry,MACE-OMOL-0-100M,-145.50999423179678,-128.42966298666954,17.08033124512724,17.08033124512724,single_atom
HAT707_236,HAT707MR,Bond Dissociation Energies,Thermochemistry,MACE-OMOL-0-100M,94.97999607371467,110.4433798480072,15.463383774292524,15.463383774292524,single_atom
HAT707_237,HAT707MR,Bond Dissociation Energies,Thermochemistry,MACE-OMOL-0-100M,126.13999478562236,146.62883853164564,20.488843746023278,20.488843746023278,single_atom
HAT707_260,HAT707MR,Bond Dissociation Energies,Thermochemistry,MACE-OMOL-0-100M,38.35999865198906,56.105477182146494,17.745478530157435,17.745478530157435,single_atom
HAT707_261,HAT707MR,Bond Dissociation Energies,Thermochemistry,MACE-OMOL-0-100M,-62.009997396728906,-61.39193470796644,0.6180626887624641,0.6180626887624641,single_atom
HAT707_262,HAT707MR,Bond Dissociation Energies,Thermochemistry,MACE-OMOL-0-100M,35.42999878521545,29.6990808864416,-5.730917898773853,5.730917898773853,single_atom
HAT707_263,HAT707MR,Bond Dissociation Energies,Thermochemistry,MACE-OMOL-0-100M,62.22999719825855,61.26224610107408,-0.9677510971844683,0.9677510971844683,single_atom
HAT707_264,HAT707MR,Bond Dissociation Energies,Thermochemistry,MACE-OMOL-0-100M,39.17999853974538,33.97123324465797,-5.20876529508741,5.20876529508741,single_atom
HAT707_265,HAT707MR,Bond Dissociation Energies,Thermochemistry,MACE-OMOL-0-100M,58.14999774143416,57.550702160816336,-0.5992955806178273,0.5992955806178273,single_atom
HAT707_266,HAT707MR,Bond Dissociation Energies,Thermochemistry,MACE-OMOL-0-100M,29.439998541436715,37.17658589447567,7.736587353038956,7.736587353038956,single_atom
HAT707_267,HAT707MR,Bond Dissociation Energies,Thermochemistry,MACE-OMOL-0-100M,79.11999672933624,75.05759321239587,-4.062403516940364,4.062403516940364,single_atom
HAT707_268,HAT707MR,Bond Dissociation Energies,Thermochemistry,MACE-OMOL-0-100M,12.369999508214198,2.408068030004516,-9.961931478209682,9.961931478209682,single_atom
HAT707_269,HAT707MR,Bond Dissociation Energies,Thermochemistry,MACE-OMOL-0-100M,66.08999726796996,59.38834073620352,-6.701656531766446,6.701656531766446,single_atom
HAT707_273,HAT707MR,Bond Dissociation Energies,Thermochemistry,MACE-OMOL-0-100M,67.7499971993491,68.44598568355171,0.6959884842026156,0.6959884842026156,single_atom
HAT707_296,HAT707MR,Bond Dissociation Energies,Thermochemistry,MACE-OMOL-0-100M,-67.12999717034874,-63.46008685528914,3.669910315059603,3.669910315059603,single_atom
HAT707_297,HAT707MR,Bond Dissociation Energies,Thermochemistry,MACE-OMOL-0-100M,-71.2499972185971,-72.31226498424992,-1.0622677656528197,1.0622677656528197,single_atom
HAT707_3,HAT707MR,Bond Dissociation Energies,Thermochemistry,MACE-OMOL-0-100M,48.619998181185984,49.667520359529085,1.047522178343101,1.047522178343101,single_atom
HAT707_315,HAT707MR,Bond Dissociation Energies,Thermochemistry,MACE-OMOL-0-100M,-110.70999550574386,-131.8881199330021,-21.178124427258226,21.178124427258226,single_atom
HAT707_316,HAT707MR,Bond Dissociation Energies,Thermochemistry,MACE-OMOL-0-100M,63.05999739322439,55.77646675779163,-7.283530635432761,7.283530635432761,single_atom
HAT707_317,HAT707MR,Bond Dissociation Energies,Thermochemistry,MACE-OMOL-0-100M,94.21999610513204,91.9619254414091,-2.258070663722947,2.258070663722947,single_atom
HAT707_325,HAT707MR,Bond Dissociation Energies,Thermochemistry,MACE-OMOL-0-100M,-74.7399972076829,-76.84329787428,-2.103300666597093,2.103300666597093,single_atom
HAT707_330,HAT707MR,Bond Dissociation Energies,Thermochemistry,MACE-OMOL-0-100M,-79.2299969221402,-78.5568744357816,0.6731224863586078,0.6731224863586078,single_atom
HAT707_334,HAT707MR,Bond Dissociation Energies,Thermochemistry,MACE-OMOL-0-100M,-72.98999690389596,-78.89999726184546,-5.9100003579494995,5.9100003579494995,single_atom
HAT707_336,HAT707MR,Bond Dissociation Energies,Thermochemistry,MACE-OMOL-0-100M,-89.62999632503781,-107.48726793725584,-17.857271612218028,17.857271612218028,single_atom
HAT707_339,HAT707MR,Bond Dissociation Energies,Thermochemistry,MACE-OMOL-0-100M,-79.64999654324225,-78.57946813090349,1.07052841233876,1.07052841233876,single_atom
HAT707_341,HAT707MR,Bond Dissociation Energies,Thermochemistry,MACE-OMOL-0-100M,-129.43999492394573,-136.4996816139605,-7.0596866900147575,7.0596866900147575,single_atom
HAT707_346,HAT707MR,Bond Dissociation Energies,Thermochemistry,MACE-OMOL-0-100M,-73.04999684976768,-71.01427282415581,2.03572402561187,2.03572402561187,single_atom
HAT707_349,HAT707MR,Bond Dissociation Energies,Thermochemistry,MACE-OMOL-0-100M,60.47999752198108,67.37672778794325,6.896730265962169,6.896730265962169,single_atom
HAT707_350,HAT707MR,Bond Dissociation Energies,Thermochemistry,MACE-OMOL-0-100M,62.34999771751146,70.41799076114225,8.067993043630793,8.067993043630793,single_atom
HAT707_354,HAT707MR,Bond Dissociation Energies,Thermochemistry,MACE-OMOL-0-100M,-9.71999938884196,-8.799555898134685,0.9204434907072745,0.9204434907072745,single_atom
HAT707_355,HAT707MR,Bond Dissociation Energies,Thermochemistry,MACE-OMOL-0-100M,14.029999265684092,11.465712977352707,-2.5642862883313846,2.5642862883313846,single_atom
HAT707_358,HAT707MR,Bond Dissociation Energies,Thermochemistry,MACE-OMOL-0-100M,21.38999890104327,18.233367909067915,-3.156630991975355,3.156630991975355,single_atom
HAT707_359,HAT707MR,Bond Dissociation Energies,Thermochemistry,MACE-OMOL-0-100M,-5.510000049295501,-7.183739582498614,-1.673739533203113,1.673739533203113,single_atom
HAT707_360,HAT707MR,Bond Dissociation Energies,Thermochemistry,MACE-OMOL-0-100M,-28.569998698787284,-34.47475243887278,-5.904753740085493,5.904753740085493,single_atom
HAT707_361,HAT707MR,Bond Dissociation Energies,Thermochemistry,MACE-OMOL-0-100M,25.1399986555732,22.50552026732623,-2.634478388246972,2.634478388246972,single_atom
HAT707_362,HAT707MR,Bond Dissociation Energies,Thermochemistry,MACE-OMOL-0-100M,-9.599999497098516,-10.895283522714406,-1.2952840256158904,1.2952840256158904,single_atom
HAT707_363,HAT707MR,Bond Dissociation Energies,Thermochemistry,MACE-OMOL-0-100M,55.49999762206192,51.15980079237034,-4.340196829691578,4.340196829691578,single_atom
HAT707_364,HAT707MR,Bond Dissociation Energies,Thermochemistry,MACE-OMOL-0-100M,26.78999904957395,30.78568452602967,3.9956854764557193,3.9956854764557193,single_atom
HAT707_365,HAT707MR,Bond Dissociation Energies,Thermochemistry,MACE-OMOL-0-100M,11.369999782842708,6.611607528949026,-4.758392253893682,4.758392253893682,single_atom
HAT707_366,HAT707MR,Bond Dissociation Energies,Thermochemistry,MACE-OMOL-0-100M,-1.6599997574698946,-9.05764494732722,-7.397645189857324,7.397645189857324,single_atom
HAT707_367,HAT707MR,Bond Dissociation Energies,Thermochemistry,MACE-OMOL-0-100M,-5.649999922996183,-10.421955689858772,-4.771955766862589,4.771955766862589,single_atom
HAT707_368,HAT707MR,Bond Dissociation Energies,Thermochemistry,MACE-OMOL-0-100M,36.05999821686853,29.741295097874907,-6.318703118993621,6.318703118993621,single_atom
HAT707_370,HAT707MR,Bond Dissociation Energies,Thermochemistry,MACE-OMOL-0-100M,-12.369999508214198,-15.19045726662263,-2.8204577584084323,2.8204577584084323,single_atom
HAT707_371,HAT707MR,Bond Dissociation Energies,Thermochemistry,MACE-OMOL-0-100M,-14.029999265684092,-11.465712977352707,2.5642862883313846,2.5642862883313846,single_atom
HAT707_372,HAT707MR,Bond Dissociation Energies,Thermochemistry,MACE-OMOL-0-100M,-22.059998924120293,-27.34285950814552,-5.282860584025226,5.282860584025226,single_atom
HAT707_373,HAT707MR,Bond Dissociation Energies,Thermochemistry,MACE-OMOL-0-100M,10.709999750744302,6.90396759750101,-3.806032153243292,3.806032153243292,single_atom
HAT707_374,HAT707MR,Bond Dissociation Energies,Thermochemistry,MACE-OMOL-0-100M,-53.6799980089341,-59.1632760930378,-5.483278084103702,5.483278084103702,single_atom
HAT707_376,HAT707MR,Bond Dissociation Energies,Thermochemistry,MACE-OMOL-0-100M,-68.23999742399454,-75.6085204865811,-7.368523062586561,7.368523062586561,single_atom
HAT707_377,HAT707MR,Bond Dissociation Energies,Thermochemistry,MACE-OMOL-0-100M,-99.66999605270507,-123.1128987737778,-23.442902721072727,23.442902721072727,single_atom
HAT707_378,HAT707MR,Bond Dissociation Energies,Thermochemistry,MACE-OMOL-0-100M,2.5299996001193223,-4.112534337185092,-6.642533937304415,6.642533937304415,single_atom
HAT707_379,HAT707MR,Bond Dissociation Energies,Thermochemistry,MACE-OMOL-0-100M,-34.35999849548415,-40.78124391056973,-6.421245415085579,6.421245415085579,single_atom
HAT707_380,HAT707MR,Bond Dissociation Energies,Thermochemistry,MACE-OMOL-0-100M,-40.009998418480336,-44.50847713718352,-4.498478718703183,4.498478718703183,single_atom
HAT707_382,HAT707MR,Bond Dissociation Energies,Thermochemistry,MACE-OMOL-0-100M,-78.65999680884937,-79.8612644243051,-1.201267615455734,1.201267615455734,single_atom
HAT707_383,HAT707MR,Bond Dissociation Energies,Thermochemistry,MACE-OMOL-0-100M,-126.34999457400474,-129.69912013282308,-3.3491255588183435,3.3491255588183435,single_atom
HAT707_385,HAT707MR,Bond Dissociation Energies,Thermochemistry,MACE-OMOL-0-100M,-120.44999487654304,-124.96261805157478,-4.5126231750317345,4.5126231750317345,single_atom
HAT707_387,HAT707MR,Bond Dissociation Energies,Thermochemistry,MACE-OMOL-0-100M,-125.94999493485992,-130.44908216925137,-4.499087234391453,4.499087234391453,single_atom
HAT707_390,HAT707MR,Bond Dissociation Energies,Thermochemistry,MACE-OMOL-0-100M,-60.6899973325321,-66.46456955367505,-5.774572221142947,5.774572221142947,single_atom
HAT707_391,HAT707MR,Bond Dissociation Energies,Thermochemistry,MACE-OMOL-0-100M,-108.77999536434172,-111.715236169046,-2.9352408047042786,2.9352408047042786,single_atom
HAT707_392,HAT707MR,Bond Dissociation Energies,Thermochemistry,MACE-OMOL-0-100M,-194.1399917764519,-193.02330146092743,1.1166903155244654,1.1166903155244654,single_atom
HAT707_394,HAT707MR,Bond Dissociation Energies,Thermochemistry,MACE-OMOL-0-100M,-130.83999428846204,-130.3704132034144,0.4695810850476505,0.4695810850476505,single_atom
HAT707_396,HAT707MR,Bond Dissociation Energies,Thermochemistry,MACE-OMOL-0-100M,-142.12999414347578,-152.8703908794737,-10.740396735997905,10.740396735997905,single_atom
HAT707_398,HAT707MR,Bond Dissociation Energies,Thermochemistry,MACE-OMOL-0-100M,-110.44999574029973,-117.25354594414286,-6.80355020384313,6.80355020384313,single_atom
HAT707_4,HAT707MR,Bond Dissociation Energies,Thermochemistry,MACE-OMOL-0-100M,25.559998904184724,22.376507503112972,-3.183491401071752,3.183491401071752,single_atom
HAT707_400,HAT707MR,Bond Dissociation Energies,Thermochemistry,MACE-OMOL-0-100M,-77.33999674465257,-81.68107332062094,-4.341076575968373,4.341076575968373,single_atom
HAT707_404,HAT707MR,Bond Dissociation Energies,Thermochemistry,MACE-OMOL-0-100M,-139.979994200544,-152.78387136895043,-12.803877168406416,12.803877168406416,single_atom
HAT707_406,HAT707MR,Bond Dissociation Energies,Thermochemistry,MACE-OMOL-0-100M,-206.6499911583668,-208.14268273649984,-1.4926915781330479,1.4926915781330479,single_atom
HAT707_411,HAT707MR,Bond Dissociation Energies,Thermochemistry,MACE-OMOL-0-100M,-4.689999534029699,-12.66951892578106,-7.979519391751362,7.979519391751362,single_atom
HAT707_412,HAT707MR,Bond Dissociation Energies,Thermochemistry,MACE-OMOL-0-100M,26.46999871074863,23.515939757857375,-2.9540589528912555,2.9540589528912555,single_atom
HAT707_413,HAT707MR,Bond Dissociation Energies,Thermochemistry,MACE-OMOL-0-100M,16.959999132457696,11.065930689520696,-5.894068442937,5.894068442937,single_atom
HAT707_414,HAT707MR,Bond Dissociation Energies,Thermochemistry,MACE-OMOL-0-100M,-70.40999734888354,-73.85228296851112,-3.442285619627583,3.442285619627583,single_atom
HAT707_432,HAT707MR,Bond Dissociation Energies,Thermochemistry,MACE-OMOL-0-100M,-51.44999813817338,-54.88258431957456,-3.4325861814011844,3.4325861814011844,single_atom
HAT707_433,HAT707MR,Bond Dissociation Energies,Thermochemistry,MACE-OMOL-0-100M,-33.24999886934784,-35.43542095816455,-2.1854220888167077,2.1854220888167077,single_atom
HAT707_434,HAT707MR,Bond Dissociation Energies,Thermochemistry,MACE-OMOL-0-100M,-81.07999650820388,-80.50889779166462,0.5710987165392538,0.5710987165392538,single_atom
HAT707_435,HAT707MR,Bond Dissociation Energies,Thermochemistry,MACE-OMOL-0-100M,-73.38999717055023,-79.03111444535527,-5.64111727480504,5.64111727480504,single_atom
HAT707_438,HAT707MR,Bond Dissociation Energies,Thermochemistry,MACE-OMOL-0-100M,-67.74999723853267,-68.44598568355171,-0.6959884450190401,0.6959884450190401,single_atom
HAT707_439,HAT707MR,Bond Dissociation Energies,Thermochemistry,MACE-OMOL-0-100M,115.05999524364726,114.64431248926496,-0.41568275438230273,0.41568275438230273,single_atom
HAT707_440,HAT707MR,Bond Dissociation Energies,Thermochemistry,MACE-OMOL-0-100M,67.87999719397493,71.84737486285665,3.967377668881724,3.967377668881724,single_atom
HAT707_441,HAT707MR,Bond Dissociation Energies,Thermochemistry,MACE-OMOL-0-100M,44.81999784425348,44.55636200644055,-0.2636358378129273,0.2636358378129273,single_atom
HAT707_442,HAT707MR,Bond Dissociation Energies,Thermochemistry,MACE-OMOL-0-100M,63.78999736304788,68.13583092259891,4.345833559551032,4.345833559551032,single_atom
HAT707_443,HAT707MR,Bond Dissociation Energies,Thermochemistry,MACE-OMOL-0-100M,84.75999649618954,85.64272197422041,0.8827254780308635,0.8827254780308635,single_atom
HAT707_444,HAT707MR,Bond Dissociation Energies,Thermochemistry,MACE-OMOL-0-100M,71.72999678557086,69.97346949807,-1.7565272875008588,1.7565272875008588,single_atom
HAT707_448,HAT707MR,Bond Dissociation Energies,Thermochemistry,MACE-OMOL-0-100M,73.38999696620303,79.03111444535527,5.641117479152243,5.641117479152243,single_atom
HAT707_45,HAT707MR,Bond Dissociation Energies,Thermochemistry,MACE-OMOL-0-100M,-242.63999006589444,-248.5536365413305,-5.913646475436053,5.913646475436053,single_atom
HAT707_469,HAT707MR,Bond Dissociation Energies,Thermochemistry,MACE-OMOL-0-100M,-154.63999352539065,-156.98157489165402,-2.3415813662633695,2.3415813662633695,single_atom
HAT707_484,HAT707MR,Bond Dissociation Energies,Thermochemistry,MACE-OMOL-0-100M,68.69999716007831,66.36159551961616,-2.338401640462152,2.338401640462152,single_atom
HAT707_485,HAT707MR,Bond Dissociation Energies,Thermochemistry,MACE-OMOL-0-100M,99.85999588129889,102.5470542032546,2.6870583219557176,2.6870583219557176,single_atom
HAT707_5,HAT707MR,Bond Dissociation Energies,Thermochemistry,MACE-OMOL-0-100M,127.73999457505188,121.1446763895077,-6.595318185544187,6.595318185544187,single_atom
HAT707_501,HAT707MR,Bond Dissociation Energies,Thermochemistry,MACE-OMOL-0-100M,-95.25999626607674,-102.41971097946012,-7.15971471338338,7.15971471338338,single_atom
HAT707_505,HAT707MR,Bond Dissociation Energies,Thermochemistry,MACE-OMOL-0-100M,38.269998105672,35.97128963263894,-2.2987084730330594,2.2987084730330594,single_atom
HAT707_506,HAT707MR,Bond Dissociation Energies,Thermochemistry,MACE-OMOL-0-100M,40.13999830120239,39.01255260583794,-1.1274456953644503,1.1274456953644503,single_atom
HAT707_509,HAT707MR,Bond Dissociation Energies,Thermochemistry,MACE-OMOL-0-100M,45.149998174057416,38.49863678461823,-6.651361389439188,6.651361389439188,single_atom
HAT707_510,HAT707MR,Bond Dissociation Energies,Thermochemistry,MACE-OMOL-0-100M,6.859999458918696,8.006717684165963,1.146718225247267,1.146718225247267,single_atom
HAT707_511,HAT707MR,Bond Dissociation Energies,Thermochemistry,MACE-OMOL-0-100M,-16.199999190573088,-19.284295172250147,-3.0842959816770588,3.0842959816770588,single_atom
HAT707_512,HAT707MR,Bond Dissociation Energies,Thermochemistry,MACE-OMOL-0-100M,48.89999792858734,42.7707891428346,-6.129208785752738,6.129208785752738,single_atom
HAT707_513,HAT707MR,Bond Dissociation Energies,Thermochemistry,MACE-OMOL-0-100M,2.7700000111156804,4.295173743908224,1.5251737327925436,1.5251737327925436,single_atom
HAT707_514,HAT707MR,Bond Dissociation Energies,Thermochemistry,MACE-OMOL-0-100M,52.44999786354487,42.17618106187037,-10.2738168016745,10.2738168016745,single_atom
HAT707_515,HAT707MR,Bond Dissociation Energies,Thermochemistry,MACE-OMOL-0-100M,23.739999291056904,21.80206479552971,-1.9379344955271947,1.9379344955271947,single_atom
HAT707_516,HAT707MR,Bond Dissociation Energies,Thermochemistry,MACE-OMOL-0-100M,22.089998897056155,11.207623928181148,-10.882374968875007,10.882374968875007,single_atom
HAT707_517,HAT707MR,Bond Dissociation Energies,Thermochemistry,MACE-OMOL-0-100M,10.709999750744302,6.13281231929541,-4.577187431448892,4.577187431448892,single_atom
HAT707_521,HAT707MR,Bond Dissociation Energies,Thermochemistry,MACE-OMOL-0-100M,9.71999938884196,8.799555898197605,-0.9204434906443542,0.9204434906443542,single_atom
HAT707_546,HAT707MR,Bond Dissociation Energies,Thermochemistry,MACE-OMOL-0-100M,7.679999974184497,2.5209383408415693,-5.159061633342928,5.159061633342928,single_atom
HAT707_547,HAT707MR,Bond Dissociation Energies,Thermochemistry,MACE-OMOL-0-100M,38.839998218962826,38.706397024480005,-0.13360119448282148,0.13360119448282148,single_atom
HAT707_580,HAT707MR,Bond Dissociation Energies,Thermochemistry,MACE-OMOL-0-100M,-1.6299997845340342,0.5808881049681016,2.2108878895021356,2.2108878895021356,single_atom
HAT707_581,HAT707MR,Bond Dissociation Energies,Thermochemistry,MACE-OMOL-0-100M,15.2499994200947,10.82770116714191,-4.422298252952789,4.422298252952789,single_atom
HAT707_6,HAT707MR,Bond Dissociation Energies,Thermochemistry,MACE-OMOL-0-100M,44.529998105873496,45.955976419271344,1.4259783133978488,1.4259783133978488,single_atom
HAT707_666,HAT707MR,Bond Dissociation Energies,Thermochemistry,MACE-OMOL-0-100M,16.199999190573088,19.2842951722082,3.084295981635112,3.084295981635112,single_atom
HAT707_667,HAT707MR,Bond Dissociation Energies,Thermochemistry,MACE-OMOL-0-100M,-12.369999508214198,-2.4080680300254893,9.961931478188708,9.961931478188708,single_atom
HAT707_668,HAT707MR,Bond Dissociation Energies,Thermochemistry,MACE-OMOL-0-100M,28.569998698787284,34.47475243889375,5.904753740106468,5.904753740106468,single_atom
HAT707_673,HAT707MR,Bond Dissociation Energies,Thermochemistry,MACE-OMOL-0-100M,-71.0999973539178,-88.63814633488404,-17.53814898096624,17.53814898096624,single_atom
HAT707_688,HAT707MR,Bond Dissociation Energies,Thermochemistry,MACE-OMOL-0-100M,-111.40999550175673,-118.30911893005668,-6.8991234282999585,6.8991234282999585,single_atom
HAT707_689,HAT707MR,Bond Dissociation Energies,Thermochemistry,MACE-OMOL-0-100M,-178.07999245957947,-173.6679302976061,4.412062161973381,4.412062161973381,single_atom
HAT707_690,HAT707MR,Bond Dissociation Energies,Thermochemistry,MACE-OMOL-0-100M,-123.07999501395804,-134.29618796300662,-11.216192949048576,11.216192949048576,single_atom
HAT707_698,HAT707MR,Bond Dissociation Energies,Thermochemistry,MACE-OMOL-0-100M,-101.99999583325202,-109.89533596730232,-7.895340134050301,7.895340134050301,single_atom
HAT707_699,HAT707MR,Bond Dissociation Energies,Thermochemistry,MACE-OMOL-0-100M,-92.01999605145645,-80.98753616090801,11.032459890548438,11.032459890548438,single_atom
HAT707_7,HAT707MR,Bond Dissociation Energies,Thermochemistry,MACE-OMOL-0-100M,100.19999585793012,91.4898721527276,-8.71012370520252,8.71012370520252,single_atom
HAT707_700,HAT707MR,Bond Dissociation Energies,Thermochemistry,MACE-OMOL-0-100M,-141.80999443215993,-138.907749643986,2.902244788173931,2.902244788173931,single_atom
HAT707_704,HAT707MR,Bond Dissociation Energies,Thermochemistry,MACE-OMOL-0-100M,-44.81999784425348,-44.55636200644055,0.2636358378129273,0.2636358378129273,single_atom
HAT707_705,HAT707MR,Bond Dissociation Energies,Thermochemistry,MACE-OMOL-0-100M,-22.089998897056155,-11.207623928181148,10.882374968875007,10.882374968875007,single_atom
HAT707_706,HAT707MR,Bond Dissociation Energies,Thermochemistry,MACE-OMOL-0-100M,1.6599997574698946,9.05764494732722,7.397645189857324,7.397645189857324,single_atom
HAT707_707,HAT707MR,Bond Dissociation Energies,Thermochemistry,MACE-OMOL-0-100M,-39.17999853974538,-33.97123324465797,5.20876529508741,5.20876529508741,single_atom
HAT707_71,HAT707MR,Bond Dissociation Energies,Thermochemistry,MACE-OMOL-0-100M,49.43999806894231,44.18174101624664,-5.258257052695669,5.258257052695669,single_atom
HAT707_72,HAT707MR,Bond Dissociation Energies,Thermochemistry,MACE-OMOL-0-100M,80.59999666815555,80.36719969987459,-0.2327969682809652,0.2327969682809652,single_atom
HAT707_8,HAT707MR,Bond Dissociation Energies,Thermochemistry,MACE-OMOL-0-100M,71.48999704474521,71.11575588638692,-0.37424115835828786,0.37424115835828786,single_atom
HAT707_9,HAT707MR,Bond Dissociation Energies,Thermochemistry,MACE-OMOL-0-100M,65.49999738581472,63.46286747093478,-2.037129914879941,2.037129914879941,single_atom
HAT707_10,HAT707MR,Bond Dissociation Energies,Thermochemistry,MACE-OMOL-0-4M,100.9399958273404,116.95246542250725,16.01246959516685,16.01246959516685,single_atom
HAT707_103,HAT707MR,Bond Dissociation Energies,Thermochemistry,MACE-OMOL-0-4M,-111.77999516796568,-110.95016301868024,0.829832149285437,0.829832149285437,single_atom
HAT707_108,HAT707MR,Bond Dissociation Energies,Thermochemistry,MACE-OMOL-0-4M,21.74999920378307,32.87397241982693,11.123973216043858,11.123973216043858,single_atom
HAT707_109,HAT707MR,Bond Dissociation Energies,Thermochemistry,MACE-OMOL-0-4M,23.61999877180399,47.57084979956107,23.95085102775708,23.95085102775708,single_atom
HAT707_11,HAT707MR,Bond Dissociation Energies,Thermochemistry,MACE-OMOL-0-4M,52.46999784550211,58.22089312068781,5.750895275185705,5.750895275185705,single_atom
HAT707_117,HAT707MR,Bond Dissociation Energies,Thermochemistry,MACE-OMOL-0-4M,17.539999236727137,-11.390619826683537,-28.930619063410674,28.930619063410674,single_atom
HAT707_119,HAT707MR,Bond Dissociation Energies,Thermochemistry,MACE-OMOL-0-4M,115.06999533747909,144.89871492283308,29.828719585353994,29.828719585353994,single_atom
HAT707_120,HAT707MR,Bond Dissociation Energies,Thermochemistry,MACE-OMOL-0-4M,201.13999168527053,235.7402691295784,34.600277444307864,34.600277444307864,single_atom
HAT707_121,HAT707MR,Bond Dissociation Energies,Thermochemistry,MACE-OMOL-0-4M,178.0799926385257,228.34100662045464,50.261013981928926,50.261013981928926,single_atom
HAT707_122,HAT707MR,Bond Dissociation Energies,Thermochemistry,MACE-OMOL-0-4M,118.81999508821634,159.6118833525257,40.79188826430935,40.79188826430935,single_atom
HAT707_123,HAT707MR,Bond Dissociation Energies,Thermochemistry,MACE-OMOL-0-4M,197.04999185434352,236.0951859992203,39.045194144876774,39.045194144876774,single_atom
HAT707_124,HAT707MR,Bond Dissociation Energies,Thermochemistry,MACE-OMOL-0-4M,218.0199909874852,245.2384196259668,27.218428638481612,27.218428638481612,single_atom
HAT707_125,HAT707MR,Bond Dissociation Energies,Thermochemistry,MACE-OMOL-0-4M,92.01999605145645,137.49945241370932,45.479456362252876,45.479456362252876,single_atom
HAT707_126,HAT707MR,Bond Dissociation Energies,Thermochemistry,MACE-OMOL-0-4M,204.98999152611952,230.7926187093421,25.80262718322257,25.80262718322257,single_atom
HAT707_129,HAT707MR,Bond Dissociation Energies,Thermochemistry,MACE-OMOL-0-4M,79.64999670742696,102.59891274507176,22.948916037644793,22.948916037644793,single_atom
HAT707_130,HAT707MR,Bond Dissociation Energies,Thermochemistry,MACE-OMOL-0-4M,206.64999145749803,233.56512710044333,26.9151356429453,26.9151356429453,single_atom
HAT707_16,HAT707MR,Bond Dissociation Energies,Thermochemistry,MACE-OMOL-0-4M,88.55999633910517,82.05192575385922,-6.508070585245946,6.508070585245946,single_atom
HAT707_161,HAT707MR,Bond Dissociation Energies,Thermochemistry,MACE-OMOL-0-4M,233.119990363281,267.9617138910133,34.841723527732285,34.841723527732285,single_atom
HAT707_17,HAT707MR,Bond Dissociation Energies,Thermochemistry,MACE-OMOL-0-4M,54.129997602972,60.99340151178907,6.8634039088170695,6.8634039088170695,single_atom
HAT707_176,HAT707MR,Bond Dissociation Energies,Thermochemistry,MACE-OMOL-0-4M,-27.29999858948358,-6.698103844796707,20.601894744686874,20.601894744686874,single_atom
HAT707_181,HAT707MR,Bond Dissociation Energies,Thermochemistry,MACE-OMOL-0-4M,106.22999578226516,137.12603159387825,30.89603581161309,30.89603581161309,single_atom
HAT707_182,HAT707MR,Bond Dissociation Energies,Thermochemistry,MACE-OMOL-0-4M,108.09999553136022,151.8229089736124,43.72291344225219,43.72291344225219,single_atom
HAT707_188,HAT707MR,Bond Dissociation Energies,Thermochemistry,MACE-OMOL-0-4M,94.15999610761192,130.95902542519354,36.79902931758163,36.79902931758163,single_atom
HAT707_189,HAT707MR,Bond Dissociation Energies,Thermochemistry,MACE-OMOL-0-4M,71.09999706086647,123.55976291606976,52.45976585520329,52.45976585520329,single_atom
HAT707_190,HAT707MR,Bond Dissociation Energies,Thermochemistry,MACE-OMOL-0-4M,90.06999627668488,131.31394229487736,41.24394601819249,41.24394601819249,single_atom
HAT707_191,HAT707MR,Bond Dissociation Energies,Thermochemistry,MACE-OMOL-0-4M,111.03999540982656,140.45717592162387,29.417180511797312,29.417180511797312,single_atom
HAT707_192,HAT707MR,Bond Dissociation Energies,Thermochemistry,MACE-OMOL-0-4M,98.0099959484609,126.0113750049572,28.001379056496305,28.001379056496305,single_atom
HAT707_196,HAT707MR,Bond Dissociation Energies,Thermochemistry,MACE-OMOL-0-4M,99.6699958798394,128.78388339606892,29.11388751622951,29.11388751622951,single_atom
HAT707_2,HAT707MR,Bond Dissociation Energies,Thermochemistry,MACE-OMOL-0-4M,123.98999487449908,124.35172793158908,0.3617330570900066,0.3617330570900066,single_atom
HAT707_221,HAT707MR,Bond Dissociation Energies,Thermochemistry,MACE-OMOL-0-4M,-145.50999423179678,-117.47084336824642,28.03915086355036,28.03915086355036,single_atom
HAT707_236,HAT707MR,Bond Dissociation Energies,Thermochemistry,MACE-OMOL-0-4M,94.97999607371467,131.52640266409992,36.546406590385246,36.546406590385246,single_atom
HAT707_237,HAT707MR,Bond Dissociation Energies,Thermochemistry,MACE-OMOL-0-4M,126.13999478562236,163.18047018663887,37.04047540101651,37.04047540101651,single_atom
HAT707_260,HAT707MR,Bond Dissociation Energies,Thermochemistry,MACE-OMOL-0-4M,38.35999865198906,50.49006565525279,12.130067003263733,12.130067003263733,single_atom
HAT707_261,HAT707MR,Bond Dissociation Energies,Thermochemistry,MACE-OMOL-0-4M,-62.009997396728906,-47.78230092881333,14.227696467915578,14.227696467915578,single_atom
HAT707_262,HAT707MR,Bond Dissociation Energies,Thermochemistry,MACE-OMOL-0-4M,35.42999878521545,42.2998021777718,6.869803392556349,6.869803392556349,single_atom
HAT707_263,HAT707MR,Bond Dissociation Energies,Thermochemistry,MACE-OMOL-0-4M,62.22999719825855,64.4122331165777,2.1822359183191438,2.1822359183191438,single_atom
HAT707_264,HAT707MR,Bond Dissociation Energies,Thermochemistry,MACE-OMOL-0-4M,39.17999853974538,57.01297060745392,17.832972067708546,17.832972067708546,single_atom
HAT707_265,HAT707MR,Bond Dissociation Energies,Thermochemistry,MACE-OMOL-0-4M,58.14999774143416,64.76714998624055,6.617152244806391,6.617152244806391,single_atom
HAT707_266,HAT707MR,Bond Dissociation Energies,Thermochemistry,MACE-OMOL-0-4M,29.439998541436715,52.48789458168214,23.047896040245426,23.047896040245426,single_atom
HAT707_267,HAT707MR,Bond Dissociation Energies,Thermochemistry,MACE-OMOL-0-4M,79.11999672933624,73.91038361298708,-5.209613116349161,5.209613116349161,single_atom
HAT707_268,HAT707MR,Bond Dissociation Energies,Thermochemistry,MACE-OMOL-0-4M,12.369999508214198,34.90053966864802,22.530540160433823,22.530540160433823,single_atom
HAT707_269,HAT707MR,Bond Dissociation Energies,Thermochemistry,MACE-OMOL-0-4M,66.08999726796996,59.46458269634136,-6.625414571628603,6.625414571628603,single_atom
HAT707_273,HAT707MR,Bond Dissociation Energies,Thermochemistry,MACE-OMOL-0-4M,67.7499971993491,62.23709108744261,-5.512906111906489,5.512906111906489,single_atom
HAT707_296,HAT707MR,Bond Dissociation Energies,Thermochemistry,MACE-OMOL-0-4M,-67.12999717034874,-68.31173642402351,-1.1817392536747633,1.1817392536747633,single_atom
HAT707_297,HAT707MR,Bond Dissociation Energies,Thermochemistry,MACE-OMOL-0-4M,-71.2499972185971,-57.33610798346564,13.913889235131464,13.913889235131464,single_atom
HAT707_3,HAT707MR,Bond Dissociation Energies,Thermochemistry,MACE-OMOL-0-4M,48.619998181185984,63.168543540882204,14.54854535969622,14.54854535969622,single_atom
HAT707_315,HAT707MR,Bond Dissociation Energies,Thermochemistry,MACE-OMOL-0-4M,-110.70999550574386,-65.17844862435877,45.5315468813851,45.5315468813851,single_atom
HAT707_316,HAT707MR,Bond Dissociation Energies,Thermochemistry,MACE-OMOL-0-4M,63.05999739322439,64.9796103554841,1.9196129622597056,1.9196129622597056,single_atom
HAT707_317,HAT707MR,Bond Dissociation Energies,Thermochemistry,MACE-OMOL-0-4M,94.21999610513204,96.63367787801256,2.4136817728805227,2.4136817728805227,single_atom
HAT707_325,HAT707MR,Bond Dissociation Energies,Thermochemistry,MACE-OMOL-0-4M,-74.7399972076829,-63.93241530055562,10.807581907127286,10.807581907127286,single_atom
HAT707_330,HAT707MR,Bond Dissociation Energies,Thermochemistry,MACE-OMOL-0-4M,-79.2299969221402,-63.248862862815976,15.981134059324226,15.981134059324226,single_atom
HAT707_334,HAT707MR,Bond Dissociation Energies,Thermochemistry,MACE-OMOL-0-4M,-72.98999690389596,-57.23192085105368,15.758076052842277,15.758076052842277,single_atom
HAT707_336,HAT707MR,Bond Dissociation Energies,Thermochemistry,MACE-OMOL-0-4M,-89.62999632503781,-95.34972956687552,-5.719733241837716,5.719733241837716,single_atom
HAT707_339,HAT707MR,Bond Dissociation Energies,Thermochemistry,MACE-OMOL-0-4M,-79.64999654324225,-102.59891274509276,-22.94891620185051,22.94891620185051,single_atom
HAT707_341,HAT707MR,Bond Dissociation Energies,Thermochemistry,MACE-OMOL-0-4M,-129.43999492394573,-94.92031541832216,34.51967950562357,34.51967950562357,single_atom
HAT707_346,HAT707MR,Bond Dissociation Energies,Thermochemistry,MACE-OMOL-0-4M,-73.04999684976768,-89.1284668116425,-16.078469961874816,16.078469961874816,single_atom
HAT707_349,HAT707MR,Bond Dissociation Energies,Thermochemistry,MACE-OMOL-0-4M,60.47999752198108,54.695668626906624,-5.784328895074459,5.784328895074459,single_atom
HAT707_350,HAT707MR,Bond Dissociation Energies,Thermochemistry,MACE-OMOL-0-4M,62.34999771751146,69.39254600664077,7.042548289129314,7.042548289129314,single_atom
HAT707_354,HAT707MR,Bond Dissociation Energies,Thermochemistry,MACE-OMOL-0-4M,-9.71999938884196,1.627770566003983,11.347769954845942,11.347769954845942,single_atom
HAT707_355,HAT707MR,Bond Dissociation Energies,Thermochemistry,MACE-OMOL-0-4M,14.029999265684092,37.67304805974928,23.643048794065187,23.643048794065187,single_atom
HAT707_358,HAT707MR,Bond Dissociation Energies,Thermochemistry,MACE-OMOL-0-4M,21.38999890104327,4.626754118001548,-16.76324478304172,16.76324478304172,single_atom
HAT707_359,HAT707MR,Bond Dissociation Energies,Thermochemistry,MACE-OMOL-0-4M,-5.510000049295501,2.175142029114116,7.685142078409617,7.685142078409617,single_atom
HAT707_360,HAT707MR,Bond Dissociation Energies,Thermochemistry,MACE-OMOL-0-4M,-28.569998698787284,-5.224120479967713,23.34587821881957,23.34587821881957,single_atom
HAT707_361,HAT707MR,Bond Dissociation Energies,Thermochemistry,MACE-OMOL-0-4M,25.1399986555732,19.33992254772562,-5.80007610784758,5.80007610784758,single_atom
HAT707_362,HAT707MR,Bond Dissociation Energies,Thermochemistry,MACE-OMOL-0-4M,-9.599999497098516,2.53005889873502,12.130058395833537,12.130058395833537,single_atom
HAT707_363,HAT707MR,Bond Dissociation Energies,Thermochemistry,MACE-OMOL-0-4M,55.49999762206192,40.42953533840277,-15.070462283659147,15.070462283659147,single_atom
HAT707_364,HAT707MR,Bond Dissociation Energies,Thermochemistry,MACE-OMOL-0-4M,26.78999904957395,28.150279933907285,1.360280884333335,1.360280884333335,single_atom
HAT707_365,HAT707MR,Bond Dissociation Energies,Thermochemistry,MACE-OMOL-0-4M,11.369999782842708,11.673292525565431,0.3032927427227232,0.3032927427227232,single_atom
HAT707_366,HAT707MR,Bond Dissociation Energies,Thermochemistry,MACE-OMOL-0-4M,-1.6599997574698946,-2.772508391122229,-1.1125086336523344,1.1125086336523344,single_atom
HAT707_367,HAT707MR,Bond Dissociation Energies,Thermochemistry,MACE-OMOL-0-4M,-5.649999922996183,-6.014919114394468,-0.3649191913982852,0.3649191913982852,single_atom
HAT707_368,HAT707MR,Bond Dissociation Energies,Thermochemistry,MACE-OMOL-0-4M,36.05999821686853,36.27561030529654,0.21561208842800994,0.21561208842800994,single_atom
HAT707_370,HAT707MR,Bond Dissociation Energies,Thermochemistry,MACE-OMOL-0-4M,-12.369999508214198,-22.709844081770875,-10.339844573556677,10.339844573556677,single_atom
HAT707_371,HAT707MR,Bond Dissociation Energies,Thermochemistry,MACE-OMOL-0-4M,-14.029999265684092,-37.67304805974928,-23.643048794065187,23.643048794065187,single_atom
HAT707_372,HAT707MR,Bond Dissociation Energies,Thermochemistry,MACE-OMOL-0-4M,-22.059998924120293,-22.096597757736667,-0.03659883361637384,0.03659883361637384,single_atom
HAT707_373,HAT707MR,Bond Dissociation Energies,Thermochemistry,MACE-OMOL-0-4M,10.709999750744302,12.661114528959908,1.9511147782156062,1.9511147782156062,single_atom
HAT707_374,HAT707MR,Bond Dissociation Energies,Thermochemistry,MACE-OMOL-0-4M,-53.6799980089341,-53.145160297091294,0.5348377118428047,0.5348377118428047,single_atom
HAT707_376,HAT707MR,Bond Dissociation Energies,Thermochemistry,MACE-OMOL-0-4M,-68.23999742399454,-69.95368279850658,-1.713685374512039,1.713685374512039,single_atom
HAT707_377,HAT707MR,Bond Dissociation Energies,Thermochemistry,MACE-OMOL-0-4M,-99.66999605270507,-128.7838833960637,-29.113887343358613,29.113887343358613,single_atom
HAT707_378,HAT707MR,Bond Dissociation Energies,Thermochemistry,MACE-OMOL-0-4M,2.5299996001193223,2.43218070680789,-0.09781889331143256,0.09781889331143256,single_atom
HAT707_379,HAT707MR,Bond Dissociation Energies,Thermochemistry,MACE-OMOL-0-4M,-34.35999849548415,-34.83772729916505,-0.477728803680904,0.477728803680904,single_atom
HAT707_380,HAT707MR,Bond Dissociation Energies,Thermochemistry,MACE-OMOL-0-4M,-40.009998418480336,-38.72739385856018,1.2826045599201592,1.2826045599201592,single_atom
HAT707_382,HAT707MR,Bond Dissociation Energies,Thermochemistry,MACE-OMOL-0-4M,-78.65999680884937,-83.07948199893326,-4.41948519008389,4.41948519008389,single_atom
HAT707_383,HAT707MR,Bond Dissociation Energies,Thermochemistry,MACE-OMOL-0-4M,-126.34999457400474,-123.81774809162796,2.5322464823767774,2.5322464823767774,single_atom
HAT707_385,HAT707MR,Bond Dissociation Energies,Thermochemistry,MACE-OMOL-0-4M,-120.44999487654304,-119.56461029485529,0.8853845816877595,0.8853845816877595,single_atom
HAT707_387,HAT707MR,Bond Dissociation Energies,Thermochemistry,MACE-OMOL-0-4M,-125.94999493485992,-125.1138083593742,0.8361865754857121,0.8361865754857121,single_atom
HAT707_390,HAT707MR,Bond Dissociation Energies,Thermochemistry,MACE-OMOL-0-4M,-60.6899973325321,-60.54560685500304,0.14439047752906475,0.14439047752906475,single_atom
HAT707_391,HAT707MR,Bond Dissociation Energies,Thermochemistry,MACE-OMOL-0-4M,-108.77999536434172,-107.14549025969336,1.6345051046483547,1.6345051046483547,single_atom
HAT707_392,HAT707MR,Bond Dissociation Energies,Thermochemistry,MACE-OMOL-0-4M,-194.1399917764519,-199.27795077938453,-5.137959002932632,5.137959002932632,single_atom
HAT707_394,HAT707MR,Bond Dissociation Energies,Thermochemistry,MACE-OMOL-0-4M,-130.83999428846204,-133.34427981348725,-2.5042855250252103,2.5042855250252103,single_atom
HAT707_396,HAT707MR,Bond Dissociation Energies,Thermochemistry,MACE-OMOL-0-4M,-142.12999414347578,-134.39336314744727,7.736630996028509,7.736630996028509,single_atom
HAT707_398,HAT707MR,Bond Dissociation Energies,Thermochemistry,MACE-OMOL-0-4M,-110.44999574029973,-108.2616804019343,2.1883153383654275,2.1883153383654275,single_atom
HAT707_4,HAT707MR,Bond Dissociation Energies,Thermochemistry,MACE-OMOL-0-4M,25.559998904184724,55.769281031800375,30.20928212761565,30.20928212761565,single_atom
HAT707_400,HAT707MR,Bond Dissociation Energies,Thermochemistry,MACE-OMOL-0-4M,-77.33999674465257,-75.87522021398733,1.4647765306652332,1.4647765306652332,single_atom
HAT707_404,HAT707MR,Bond Dissociation Energies,Thermochemistry,MACE-OMOL-0-4M,-139.979994200544,-135.1021243026488,4.877869897895209,4.877869897895209,single_atom
HAT707_406,HAT707MR,Bond Dissociation Energies,Thermochemistry,MACE-OMOL-0-4M,-206.6499911583668,-233.56512710045385,-26.915135942087062,26.915135942087062,single_atom
HAT707_411,HAT707MR,Bond Dissociation Energies,Thermochemistry,MACE-OMOL-0-4M,-4.689999534029699,2.7425192680624555,7.432518802092154,7.432518802092154,single_atom
HAT707_412,HAT707MR,Bond Dissociation Energies,Thermochemistry,MACE-OMOL-0-4M,26.46999871074863,34.39658679059092,7.926588079842293,7.926588079842293,single_atom
HAT707_413,HAT707MR,Bond Dissociation Energies,Thermochemistry,MACE-OMOL-0-4M,16.959999132457696,16.915258616490313,-0.04474051596738349,0.04474051596738349,single_atom
HAT707_414,HAT707MR,Bond Dissociation Energies,Thermochemistry,MACE-OMOL-0-4M,-70.40999734888354,-67.95551306150759,2.454484287375948,2.454484287375948,single_atom
HAT707_432,HAT707MR,Bond Dissociation Energies,Thermochemistry,MACE-OMOL-0-4M,-51.44999813817338,-39.8129149614108,11.63708317676258,11.63708317676258,single_atom
HAT707_433,HAT707MR,Bond Dissociation Energies,Thermochemistry,MACE-OMOL-0-4M,-33.24999886934784,-33.53564726936878,-0.28564840002093916,0.28564840002093916,single_atom
HAT707_434,HAT707MR,Bond Dissociation Energies,Thermochemistry,MACE-OMOL-0-4M,-81.07999650820388,-83.4333238392093,-2.353327331005417,2.353327331005417,single_atom
HAT707_435,HAT707MR,Bond Dissociation Energies,Thermochemistry,MACE-OMOL-0-4M,-73.38999717055023,-61.48470839632108,11.905288774229149,11.905288774229149,single_atom
HAT707_438,HAT707MR,Bond Dissociation Energies,Thermochemistry,MACE-OMOL-0-4M,-67.74999723853267,-62.23709108744261,5.512906151090064,5.512906151090064,single_atom
HAT707_439,HAT707MR,Bond Dissociation Energies,Thermochemistry,MACE-OMOL-0-4M,115.05999524364726,51.090951075779934,-63.96904416786733,63.96904416786733,single_atom
HAT707_440,HAT707MR,Bond Dissociation Energies,Thermochemistry,MACE-OMOL-0-4M,67.87999719397493,63.65985042545616,-4.220146768518767,4.220146768518767,single_atom
HAT707_441,HAT707MR,Bond Dissociation Energies,Thermochemistry,MACE-OMOL-0-4M,44.81999784425348,56.26058791633239,11.440590072078912,11.440590072078912,single_atom
HAT707_442,HAT707MR,Bond Dissociation Energies,Thermochemistry,MACE-OMOL-0-4M,63.78999736304788,64.01476729513999,0.2247699320921086,0.2247699320921086,single_atom
HAT707_443,HAT707MR,Bond Dissociation Energies,Thermochemistry,MACE-OMOL-0-4M,84.75999649618954,73.15800092188651,-11.601995574303032,11.601995574303032,single_atom
HAT707_444,HAT707MR,Bond Dissociation Energies,Thermochemistry,MACE-OMOL-0-4M,71.72999678557086,58.71220000526177,-13.01779678030909,13.01779678030909,single_atom
HAT707_448,HAT707MR,Bond Dissociation Energies,Thermochemistry,MACE-OMOL-0-4M,73.38999696620303,61.48470839636303,-11.905288569839996,11.905288569839996,single_atom
HAT707_45,HAT707MR,Bond Dissociation Energies,Thermochemistry,MACE-OMOL-0-4M,-242.63999006589444,-226.95109520803516,15.688894857859282,15.688894857859282,single_atom
HAT707_469,HAT707MR,Bond Dissociation Energies,Thermochemistry,MACE-OMOL-0-4M,-154.63999352539065,-157.96179216117412,-3.321798635783466,3.321798635783466,single_atom
HAT707_484,HAT707MR,Bond Dissociation Energies,Thermochemistry,MACE-OMOL-0-4M,68.69999716007831,64.22722766436256,-4.472769495715752,4.472769495715752,single_atom
HAT707_485,HAT707MR,Bond Dissociation Energies,Thermochemistry,MACE-OMOL-0-4M,99.85999588129889,95.88129518689102,-3.9787006944078627,3.9787006944078627,single_atom
HAT707_5,HAT707MR,Bond Dissociation Energies,Thermochemistry,MACE-OMOL-0-4M,127.73999457505188,139.06489636131317,11.324901786261293,11.324901786261293,single_atom
HAT707_501,HAT707MR,Bond Dissociation Energies,Thermochemistry,MACE-OMOL-0-4M,-95.25999626607674,-107.36017253595185,-12.100176269875107,12.100176269875107,single_atom
HAT707_505,HAT707MR,Bond Dissociation Energies,Thermochemistry,MACE-OMOL-0-4M,38.269998105672,36.46396290268118,-1.8060352029908202,1.8060352029908202,single_atom
HAT707_506,HAT707MR,Bond Dissociation Energies,Thermochemistry,MACE-OMOL-0-4M,40.13999830120239,51.16084028241532,11.020841981212932,11.020841981212932,single_atom
HAT707_509,HAT707MR,Bond Dissociation Energies,Thermochemistry,MACE-OMOL-0-4M,45.149998174057416,40.672031611704895,-4.47796656235252,4.47796656235252,single_atom
HAT707_510,HAT707MR,Bond Dissociation Energies,Thermochemistry,MACE-OMOL-0-4M,6.859999458918696,24.88498611086402,18.024986651945323,18.024986651945323,single_atom
HAT707_511,HAT707MR,Bond Dissociation Energies,Thermochemistry,MACE-OMOL-0-4M,-16.199999190573088,17.485723601740244,33.68572279231333,33.68572279231333,single_atom
HAT707_512,HAT707MR,Bond Dissociation Energies,Thermochemistry,MACE-OMOL-0-4M,48.89999792858734,55.38520004138702,6.4852021127996835,6.4852021127996835,single_atom
HAT707_513,HAT707MR,Bond Dissociation Energies,Thermochemistry,MACE-OMOL-0-4M,2.7700000111156804,25.239902980547843,22.469902969432162,22.469902969432162,single_atom
HAT707_514,HAT707MR,Bond Dissociation Energies,Thermochemistry,MACE-OMOL-0-4M,52.44999786354487,46.66239201187374,-5.787605851671131,5.787605851671131,single_atom
HAT707_515,HAT707MR,Bond Dissociation Energies,Thermochemistry,MACE-OMOL-0-4M,23.739999291056904,34.3831366074202,10.643137316363294,10.643137316363294,single_atom
HAT707_516,HAT707MR,Bond Dissociation Energies,Thermochemistry,MACE-OMOL-0-4M,22.089998897056155,33.272769102623066,11.18277020556691,11.18277020556691,single_atom
HAT707_517,HAT707MR,Bond Dissociation Energies,Thermochemistry,MACE-OMOL-0-4M,10.709999750744302,19.93733569066962,9.227335939925318,9.227335939925318,single_atom
HAT707_521,HAT707MR,Bond Dissociation Energies,Thermochemistry,MACE-OMOL-0-4M,9.71999938884196,-1.6277705660249564,-11.347769954866916,11.347769954866916,single_atom
HAT707_546,HAT707MR,Bond Dissociation Energies,Thermochemistry,MACE-OMOL-0-4M,7.679999974184497,25.45236334977041,17.77236337558591,17.77236337558591,single_atom
HAT707_547,HAT707MR,Bond Dissociation Energies,Thermochemistry,MACE-OMOL-0-4M,38.839998218962826,57.10643087229888,18.266432653336054,18.266432653336054,single_atom
HAT707_580,HAT707MR,Bond Dissociation Energies,Thermochemistry,MACE-OMOL-0-4M,-1.6299997845340342,-15.217086063226375,-13.587086278692341,13.587086278692341,single_atom
HAT707_581,HAT707MR,Bond Dissociation Energies,Thermochemistry,MACE-OMOL-0-4M,15.2499994200947,15.835324583655488,0.585325163560789,0.585325163560789,single_atom
HAT707_6,HAT707MR,Bond Dissociation Energies,Thermochemistry,MACE-OMOL-0-4M,44.529998105873496,63.52346041062895,18.993462304755454,18.993462304755454,single_atom
HAT707_666,HAT707MR,Bond Dissociation Energies,Thermochemistry,MACE-OMOL-0-4M,16.199999190573088,-17.485723601761215,-33.6857227923343,33.6857227923343,single_atom
HAT707_667,HAT707MR,Bond Dissociation Energies,Thermochemistry,MACE-OMOL-0-4M,-12.369999508214198,-34.90053966864802,-22.530540160433823,22.530540160433823,single_atom
HAT707_668,HAT707MR,Bond Dissociation Energies,Thermochemistry,MACE-OMOL-0-4M,28.569998698787284,5.224120479988686,-23.345878218798596,23.345878218798596,single_atom
HAT707_673,HAT707MR,Bond Dissociation Energies,Thermochemistry,MACE-OMOL-0-4M,-71.0999973539178,-123.55976291609598,-52.45976556217818,52.45976556217818,single_atom
HAT707_688,HAT707MR,Bond Dissociation Energies,Thermochemistry,MACE-OMOL-0-4M,-111.40999550175673,-129.87800382268108,-18.468008320924355,18.468008320924355,single_atom
HAT707_689,HAT707MR,Bond Dissociation Energies,Thermochemistry,MACE-OMOL-0-4M,-178.07999245957947,-228.34100662046512,-50.26101416088565,50.26101416088565,single_atom
HAT707_690,HAT707MR,Bond Dissociation Energies,Thermochemistry,MACE-OMOL-0-4M,-123.07999501395804,-100.0789882930068,23.00100672095124,23.00100672095124,single_atom
HAT707_698,HAT707MR,Bond Dissociation Energies,Thermochemistry,MACE-OMOL-0-4M,-101.99999583325202,-130.25026923552355,-28.25027340227153,28.25027340227153,single_atom
HAT707_699,HAT707MR,Bond Dissociation Energies,Thermochemistry,MACE-OMOL-0-4M,-92.01999605145645,-137.49945241374078,-45.47945636228434,45.47945636228434,single_atom
HAT707_7,HAT707MR,Bond Dissociation Energies,Thermochemistry,MACE-OMOL-0-4M,100.19999585793012,101.4558261648263,1.2558303068961862,1.2558303068961862,single_atom
HAT707_700,HAT707MR,Bond Dissociation Energies,Thermochemistry,MACE-OMOL-0-4M,-141.80999443215993,-129.82085508697017,11.989139345189756,11.989139345189756,single_atom
HAT707_704,HAT707MR,Bond Dissociation Energies,Thermochemistry,MACE-OMOL-0-4M,-44.81999784425348,-56.260587916311415,-11.440590072057937,11.440590072057937,single_atom
HAT707_705,HAT707MR,Bond Dissociation Energies,Thermochemistry,MACE-OMOL-0-4M,-22.089998897056155,-33.27276910264404,-11.182770205587886,11.182770205587886,single_atom
HAT707_706,HAT707MR,Bond Dissociation Energies,Thermochemistry,MACE-OMOL-0-4M,1.6599997574698946,2.7725083910802817,1.112508633610387,1.112508633610387,single_atom
HAT707_707,HAT707MR,Bond Dissociation Energies,Thermochemistry,MACE-OMOL-0-4M,-39.17999853974538,-57.01297060745392,-17.832972067708546,17.832972067708546,single_atom
HAT707_71,HAT707MR,Bond Dissociation Energies,Thermochemistry,MACE-OMOL-0-4M,49.43999806894231,63.73592077983055,14.295922710888242,14.295922710888242,single_atom
HAT707_72,HAT707MR,Bond Dissociation Energies,Thermochemistry,MACE-OMOL-0-4M,80.59999666815555,95.389988302359,14.789991634203446,14.789991634203446,single_atom
HAT707_8,HAT707MR,Bond Dissociation Energies,Thermochemistry,MACE-OMOL-0-4M,71.48999704474521,89.17657076024693,17.686573715501723,17.686573715501723,single_atom
HAT707_9,HAT707MR,Bond Dissociation Energies,Thermochemistry,MACE-OMOL-0-4M,65.49999738581472,72.66669403737546,7.166696651560741,7.166696651560741,single_atom
HAT707_10,HAT707MR,Bond Dissociation Energies,Thermochemistry,MACE-POLAR-1-L,100.9399958273404,99.62577962387094,-1.3142162034694564,1.3142162034694564,single_atom
HAT707_103,HAT707MR,Bond Dissociation Energies,Thermochemistry,MACE-POLAR-1-L,-111.77999516796568,-115.00416758236668,-3.2241724144009964,3.2241724144009964,single_atom
HAT707_108,HAT707MR,Bond Dissociation Energies,Thermochemistry,MACE-POLAR-1-L,21.74999920378307,24.84532616640595,3.095326962622881,3.095326962622881,single_atom
HAT707_109,HAT707MR,Bond Dissociation Energies,Thermochemistry,MACE-POLAR-1-L,23.61999877180399,25.898751670060605,2.2787528982566165,2.2787528982566165,single_atom
HAT707_11,HAT707MR,Bond Dissociation Energies,Thermochemistry,MACE-POLAR-1-L,52.46999784550211,48.37639034538041,-4.093607500121699,4.093607500121699,single_atom
HAT707_117,HAT707MR,Bond Dissociation Energies,Thermochemistry,MACE-POLAR-1-L,17.539999236727137,23.586878195049174,6.046878958322036,6.046878958322036,single_atom
HAT707_119,HAT707MR,Bond Dissociation Energies,Thermochemistry,MACE-POLAR-1-L,115.06999533747909,108.32065751739306,-6.749337820086026,6.749337820086026,single_atom
HAT707_120,HAT707MR,Bond Dissociation Energies,Thermochemistry,MACE-POLAR-1-L,201.13999168527053,196.5887522374966,-4.5512394477739235,4.5512394477739235,single_atom
HAT707_121,HAT707MR,Bond Dissociation Energies,Thermochemistry,MACE-POLAR-1-L,178.0799926385257,176.88758163087635,-1.1924110076493548,1.1924110076493548,single_atom
HAT707_122,HAT707MR,Bond Dissociation Energies,Thermochemistry,MACE-POLAR-1-L,118.81999508821634,117.8618707110826,-0.9581243771337427,0.9581243771337427,single_atom
HAT707_123,HAT707MR,Bond Dissociation Energies,Thermochemistry,MACE-POLAR-1-L,197.04999185434352,192.48887908366615,-4.561112770677369,4.561112770677369,single_atom
HAT707_124,HAT707MR,Bond Dissociation Energies,Thermochemistry,MACE-POLAR-1-L,218.0199909874852,209.09952948146932,-8.920461506015869,8.920461506015869,single_atom
HAT707_125,HAT707MR,Bond Dissociation Energies,Thermochemistry,MACE-POLAR-1-L,92.01999605145645,88.61948691075183,-3.4005091407046137,3.4005091407046137,single_atom
HAT707_126,HAT707MR,Bond Dissociation Energies,Thermochemistry,MACE-POLAR-1-L,204.98999152611952,193.8302293323343,-11.159762193785213,11.159762193785213,single_atom
HAT707_129,HAT707MR,Bond Dissociation Energies,Thermochemistry,MACE-POLAR-1-L,79.64999670742696,84.77064607316048,5.120649365733513,5.120649365733513,single_atom
HAT707_130,HAT707MR,Bond Dissociation Energies,Thermochemistry,MACE-POLAR-1-L,206.64999145749803,197.31922073520275,-9.330770722295284,9.330770722295284,single_atom
HAT707_16,HAT707MR,Bond Dissociation Energies,Thermochemistry,MACE-POLAR-1-L,88.55999633910517,95.7769387862586,7.2169424471534285,7.2169424471534285,single_atom
HAT707_161,HAT707MR,Bond Dissociation Energies,Thermochemistry,MACE-POLAR-1-L,233.119990363281,234.8986812012388,1.7786908379577824,1.7786908379577824,single_atom
HAT707_17,HAT707MR,Bond Dissociation Energies,Thermochemistry,MACE-POLAR-1-L,54.129997602972,51.86538174821739,-2.2646158547546094,2.2646158547546094,single_atom
HAT707_176,HAT707MR,Bond Dissociation Energies,Thermochemistry,MACE-POLAR-1-L,-27.29999858948358,-40.42047696597994,-13.120478376496358,13.120478376496358,single_atom
HAT707_181,HAT707MR,Bond Dissociation Energies,Thermochemistry,MACE-POLAR-1-L,106.22999578226516,99.42901678283464,-6.8009789994305265,6.8009789994305265,single_atom
HAT707_182,HAT707MR,Bond Dissociation Energies,Thermochemistry,MACE-POLAR-1-L,108.09999553136022,100.48244228632151,-7.617553245038707,7.617553245038707,single_atom
HAT707_188,HAT707MR,Bond Dissociation Energies,Thermochemistry,MACE-POLAR-1-L,94.15999610761192,100.47845848061918,6.318462373007264,6.318462373007264,single_atom
HAT707_189,HAT707MR,Bond Dissociation Energies,Thermochemistry,MACE-POLAR-1-L,71.09999706086647,80.77728787397795,9.677290813111483,9.677290813111483,single_atom
HAT707_190,HAT707MR,Bond Dissociation Energies,Thermochemistry,MACE-POLAR-1-L,90.06999627668488,96.3785853267468,6.308589050061926,6.308589050061926,single_atom
HAT707_191,HAT707MR,Bond Dissociation Energies,Thermochemistry,MACE-POLAR-1-L,111.03999540982656,112.98923572459192,1.9492403147653619,1.9492403147653619,single_atom
HAT707_192,HAT707MR,Bond Dissociation Energies,Thermochemistry,MACE-POLAR-1-L,98.0099959484609,97.71993557545689,-0.29006037300401033,0.29006037300401033,single_atom
HAT707_196,HAT707MR,Bond Dissociation Energies,Thermochemistry,MACE-POLAR-1-L,99.6699958798394,101.20892697832532,1.538931098485918,1.538931098485918,single_atom
HAT707_2,HAT707MR,Bond Dissociation Energies,Thermochemistry,MACE-POLAR-1-L,123.98999487449908,119.32695023051215,-4.663044643986922,4.663044643986922,single_atom
HAT707_221,HAT707MR,Bond Dissociation Energies,Thermochemistry,MACE-POLAR-1-L,-145.50999423179678,-155.4089625855614,-9.898968353764616,9.898968353764616,single_atom
HAT707_236,HAT707MR,Bond Dissociation Energies,Thermochemistry,MACE-POLAR-1-L,94.97999607371467,101.04355058501628,6.063554511301604,6.063554511301604,single_atom
HAT707_237,HAT707MR,Bond Dissociation Energies,Thermochemistry,MACE-POLAR-1-L,126.13999478562236,138.78838744436138,12.648392658739013,12.648392658739013,single_atom
HAT707_260,HAT707MR,Bond Dissociation Energies,Thermochemistry,MACE-POLAR-1-L,38.35999865198906,48.7347819271244,10.374783275135343,10.374783275135343,single_atom
HAT707_261,HAT707MR,Bond Dissociation Energies,Thermochemistry,MACE-POLAR-1-L,-62.009997396728906,-73.11782365538429,-11.107826258655379,11.107826258655379,single_atom
HAT707_262,HAT707MR,Bond Dissociation Energies,Thermochemistry,MACE-POLAR-1-L,35.42999878521545,23.55001144424306,-11.879987340972392,11.879987340972392,single_atom
HAT707_263,HAT707MR,Bond Dissociation Energies,Thermochemistry,MACE-POLAR-1-L,62.22999719825855,52.792395244552864,-9.437601953705688,9.437601953705688,single_atom
HAT707_264,HAT707MR,Bond Dissociation Energies,Thermochemistry,MACE-POLAR-1-L,39.17999853974538,33.091224637911644,-6.088773901833733,6.088773901833733,single_atom
HAT707_265,HAT707MR,Bond Dissociation Energies,Thermochemistry,MACE-POLAR-1-L,58.14999774143416,48.69252209072241,-9.45747565071175,9.45747565071175,single_atom
HAT707_266,HAT707MR,Bond Dissociation Energies,Thermochemistry,MACE-POLAR-1-L,29.439998541436715,17.40765975149757,-12.032338789939146,12.032338789939146,single_atom
HAT707_267,HAT707MR,Bond Dissociation Energies,Thermochemistry,MACE-POLAR-1-L,79.11999672933624,65.30317248860949,-13.816824240726746,13.816824240726746,single_atom
HAT707_268,HAT707MR,Bond Dissociation Energies,Thermochemistry,MACE-POLAR-1-L,12.369999508214198,3.848840837601843,-8.521158670612355,8.521158670612355,single_atom
HAT707_269,HAT707MR,Bond Dissociation Energies,Thermochemistry,MACE-POLAR-1-L,66.08999726796996,50.03387233939057,-16.056124928579393,16.056124928579393,single_atom
HAT707_273,HAT707MR,Bond Dissociation Energies,Thermochemistry,MACE-POLAR-1-L,67.7499971993491,53.522863742248525,-14.227133457100571,14.227133457100571,single_atom
HAT707_296,HAT707MR,Bond Dissociation Energies,Thermochemistry,MACE-POLAR-1-L,-67.12999717034874,-80.72851940495237,-13.598522234603621,13.598522234603621,single_atom
HAT707_297,HAT707MR,Bond Dissociation Energies,Thermochemistry,MACE-POLAR-1-L,-71.2499972185971,-82.05255962761882,-10.802562409021718,10.802562409021718,single_atom
HAT707_3,HAT707MR,Bond Dissociation Energies,Thermochemistry,MACE-POLAR-1-L,48.619998181185984,51.1349132505427,2.514915069356718,2.514915069356718,single_atom
HAT707_315,HAT707MR,Bond Dissociation Energies,Thermochemistry,MACE-POLAR-1-L,-110.70999550574386,-130.09046819732848,-19.380472691584615,19.380472691584615,single_atom
HAT707_316,HAT707MR,Bond Dissociation Energies,Thermochemistry,MACE-POLAR-1-L,63.05999739322439,53.357487348929,-9.702510044295394,9.702510044295394,single_atom
HAT707_317,HAT707MR,Bond Dissociation Energies,Thermochemistry,MACE-POLAR-1-L,94.21999610513204,91.1023242082846,-3.1176718968474404,3.1176718968474404,single_atom
HAT707_325,HAT707MR,Bond Dissociation Energies,Thermochemistry,MACE-POLAR-1-L,-74.7399972076829,-86.74786660551536,-12.00786939783245,12.00786939783245,single_atom
HAT707_330,HAT707MR,Bond Dissociation Energies,Thermochemistry,MACE-POLAR-1-L,-79.2299969221402,-95.59817071404264,-16.368173791902436,16.368173791902436,single_atom
HAT707_334,HAT707MR,Bond Dissociation Energies,Thermochemistry,MACE-POLAR-1-L,-72.98999690389596,-83.02846466696515,-10.038467763069193,10.038467763069193,single_atom
HAT707_336,HAT707MR,Bond Dissociation Energies,Thermochemistry,MACE-POLAR-1-L,-89.62999632503781,-92.39485144931204,-2.7648551242742343,2.7648551242742343,single_atom
HAT707_339,HAT707MR,Bond Dissociation Energies,Thermochemistry,MACE-POLAR-1-L,-79.64999654324225,-84.77064607316572,-5.120649529923469,5.120649529923469,single_atom
HAT707_341,HAT707MR,Bond Dissociation Energies,Thermochemistry,MACE-POLAR-1-L,-129.43999492394573,-146.20467078499166,-16.76467586104593,16.76467586104593,single_atom
HAT707_346,HAT707MR,Bond Dissociation Energies,Thermochemistry,MACE-POLAR-1-L,-73.04999684976768,-90.11212909982004,-17.062132250052358,17.062132250052358,single_atom
HAT707_349,HAT707MR,Bond Dissociation Energies,Thermochemistry,MACE-POLAR-1-L,60.47999752198108,49.7373646490365,-10.742632872944583,10.742632872944583,single_atom
HAT707_350,HAT707MR,Bond Dissociation Energies,Thermochemistry,MACE-POLAR-1-L,62.34999771751146,50.79079015269115,-11.559207564820305,11.559207564820305,single_atom
HAT707_354,HAT707MR,Bond Dissociation Energies,Thermochemistry,MACE-POLAR-1-L,-9.71999938884196,-19.861754257021563,-10.141754868179603,10.141754868179603,single_atom
HAT707_355,HAT707MR,Bond Dissociation Energies,Thermochemistry,MACE-POLAR-1-L,14.029999265684092,7.337832240449311,-6.692167025234781,6.692167025234781,single_atom
HAT707_358,HAT707MR,Bond Dissociation Energies,Thermochemistry,MACE-POLAR-1-L,21.38999890104327,16.21217920380424,-5.1778196972390305,5.1778196972390305,single_atom
HAT707_359,HAT707MR,Bond Dissociation Energies,Thermochemistry,MACE-POLAR-1-L,-5.510000049295501,-0.7304684976746871,4.7795315516208134,4.7795315516208134,single_atom
HAT707_360,HAT707MR,Bond Dissociation Energies,Thermochemistry,MACE-POLAR-1-L,-28.569998698787284,-20.431639104315902,8.138359594471382,8.138359594471382,single_atom
HAT707_361,HAT707MR,Bond Dissociation Energies,Thermochemistry,MACE-POLAR-1-L,25.1399986555732,25.753392397483303,0.6133937419101017,0.6133937419101017,single_atom
HAT707_362,HAT707MR,Bond Dissociation Energies,Thermochemistry,MACE-POLAR-1-L,-9.599999497098516,-4.830341651547082,4.769657845551434,4.769657845551434,single_atom
HAT707_363,HAT707MR,Bond Dissociation Energies,Thermochemistry,MACE-POLAR-1-L,55.49999762206192,56.98147563195883,1.481478009896911,1.481478009896911,single_atom
HAT707_364,HAT707MR,Bond Dissociation Energies,Thermochemistry,MACE-POLAR-1-L,26.78999904957395,25.69661329272349,-1.0933857568504592,1.0933857568504592,single_atom
HAT707_365,HAT707MR,Bond Dissociation Energies,Thermochemistry,MACE-POLAR-1-L,11.369999782842708,11.780308746298047,0.4103089634553392,0.4103089634553392,single_atom
HAT707_366,HAT707MR,Bond Dissociation Energies,Thermochemistry,MACE-POLAR-1-L,-1.6599997574698946,-3.4889914028369806,-1.828991645367086,1.828991645367086,single_atom
HAT707_367,HAT707MR,Bond Dissociation Energies,Thermochemistry,MACE-POLAR-1-L,-5.649999922996183,-4.8174317075597335,0.8325682154364493,0.8325682154364493,single_atom
HAT707_368,HAT707MR,Bond Dissociation Energies,Thermochemistry,MACE-POLAR-1-L,36.05999821686853,35.62158902163166,-0.43840919523687205,0.43840919523687205,single_atom
HAT707_370,HAT707MR,Bond Dissociation Energies,Thermochemistry,MACE-POLAR-1-L,-12.369999508214198,-11.572800715753688,0.7971987924605095,0.7971987924605095,single_atom
HAT707_371,HAT707MR,Bond Dissociation Energies,Thermochemistry,MACE-POLAR-1-L,-14.029999265684092,-7.337832240438824,6.692167025245268,6.692167025245268,single_atom
HAT707_372,HAT707MR,Bond Dissociation Energies,Thermochemistry,MACE-POLAR-1-L,-22.059998924120293,-20.83812351582784,1.2218754082924548,1.2218754082924548,single_atom
HAT707_373,HAT707MR,Bond Dissociation Energies,Thermochemistry,MACE-POLAR-1-L,10.709999750744302,12.746644244629158,2.0366444938848556,2.0366444938848556,single_atom
HAT707_374,HAT707MR,Bond Dissociation Energies,Thermochemistry,MACE-POLAR-1-L,-53.6799980089341,-53.67851419034307,0.00148381859102642,0.00148381859102642,single_atom
HAT707_376,HAT707MR,Bond Dissociation Energies,Thermochemistry,MACE-POLAR-1-L,-68.23999742399454,-70.20928686715315,-1.9692894431586154,1.9692894431586154,single_atom
HAT707_377,HAT707MR,Bond Dissociation Energies,Thermochemistry,MACE-POLAR-1-L,-99.66999605270507,-101.2089269783096,-1.5389309256045323,1.5389309256045323,single_atom
HAT707_378,HAT707MR,Bond Dissociation Energies,Thermochemistry,MACE-POLAR-1-L,2.5299996001193223,1.507987370334162,-1.0220122297851604,1.0220122297851604,single_atom
HAT707_379,HAT707MR,Bond Dissociation Energies,Thermochemistry,MACE-POLAR-1-L,-34.35999849548415,-35.13482716191223,-0.7748286664280783,0.7748286664280783,single_atom
HAT707_380,HAT707MR,Bond Dissociation Energies,Thermochemistry,MACE-POLAR-1-L,-40.009998418480336,-39.03297603723343,0.9770223812469041,0.9770223812469041,single_atom
HAT707_382,HAT707MR,Bond Dissociation Energies,Thermochemistry,MACE-POLAR-1-L,-78.65999680884937,-81.35330502496733,-2.6933082161179556,2.6933082161179556,single_atom
HAT707_383,HAT707MR,Bond Dissociation Energies,Thermochemistry,MACE-POLAR-1-L,-126.34999457400474,-123.62244816162648,2.72754641237826,2.72754641237826,single_atom
HAT707_385,HAT707MR,Bond Dissociation Energies,Thermochemistry,MACE-POLAR-1-L,-120.44999487654304,-119.22913202581827,1.220862850724771,1.220862850724771,single_atom
HAT707_387,HAT707MR,Bond Dissociation Energies,Thermochemistry,MACE-POLAR-1-L,-125.94999493485992,-124.69474010385927,1.2552548310006415,1.2552548310006415,single_atom
HAT707_390,HAT707MR,Bond Dissociation Energies,Thermochemistry,MACE-POLAR-1-L,-60.6899973325321,-60.76835300461748,-0.07835567208537952,0.07835567208537952,single_atom
HAT707_391,HAT707MR,Bond Dissociation Energies,Thermochemistry,MACE-POLAR-1-L,-108.77999536434172,-106.39978856241716,2.380206801924558,2.380206801924558,single_atom
HAT707_392,HAT707MR,Bond Dissociation Energies,Thermochemistry,MACE-POLAR-1-L,-194.1399917764519,-193.2770940669737,0.8628977094782044,0.8628977094782044,single_atom
HAT707_394,HAT707MR,Bond Dissociation Energies,Thermochemistry,MACE-POLAR-1-L,-130.83999428846204,-131.45553783186432,-0.615543543402282,0.615543543402282,single_atom
HAT707_396,HAT707MR,Bond Dissociation Energies,Thermochemistry,MACE-POLAR-1-L,-142.12999414347578,-144.1045168652918,-1.9745227218160153,1.9745227218160153,single_atom
HAT707_398,HAT707MR,Bond Dissociation Energies,Thermochemistry,MACE-POLAR-1-L,-110.44999574029973,-111.29259935093636,-0.8426036106366297,0.8426036106366297,single_atom
HAT707_4,HAT707MR,Bond Dissociation Energies,Thermochemistry,MACE-POLAR-1-L,25.559998904184724,31.43374264390148,5.873743739716755,5.873743739716755,single_atom
HAT707_400,HAT707MR,Bond Dissociation Energies,Thermochemistry,MACE-POLAR-1-L,-77.33999674465257,-76.04503719545296,1.2949595491996035,1.2949595491996035,single_atom
HAT707_404,HAT707MR,Bond Dissociation Energies,Thermochemistry,MACE-POLAR-1-L,-139.979994200544,-128.71854213021317,11.261452070330847,11.261452070330847,single_atom
HAT707_406,HAT707MR,Bond Dissociation Energies,Thermochemistry,MACE-POLAR-1-L,-206.6499911583668,-197.31922073518703,9.330770423179757,9.330770423179757,single_atom
HAT707_411,HAT707MR,Bond Dissociation Energies,Thermochemistry,MACE-POLAR-1-L,-4.689999534029699,-0.1653763932985469,4.524623140731152,4.524623140731152,single_atom
HAT707_412,HAT707MR,Bond Dissociation Energies,Thermochemistry,MACE-POLAR-1-L,26.46999871074863,37.57946046602557,11.109461755276943,11.109461755276943,single_atom
HAT707_413,HAT707MR,Bond Dissociation Energies,Thermochemistry,MACE-POLAR-1-L,16.959999132457696,16.650669131804744,-0.30933000065295246,0.30933000065295246,single_atom
HAT707_414,HAT707MR,Bond Dissociation Energies,Thermochemistry,MACE-POLAR-1-L,-70.40999734888354,-68.1419572410121,2.2680401078714425,2.2680401078714425,single_atom
HAT707_432,HAT707MR,Bond Dissociation Energies,Thermochemistry,MACE-POLAR-1-L,-51.44999813817338,-49.32256097521384,2.127437162959538,2.127437162959538,single_atom
HAT707_433,HAT707MR,Bond Dissociation Energies,Thermochemistry,MACE-POLAR-1-L,-33.24999886934784,-29.31359330213579,3.936405567212052,3.936405567212052,single_atom
HAT707_434,HAT707MR,Bond Dissociation Energies,Thermochemistry,MACE-POLAR-1-L,-81.07999650820388,-76.74193907387574,4.338057434328135,4.338057434328135,single_atom
HAT707_435,HAT707MR,Bond Dissociation Energies,Thermochemistry,MACE-POLAR-1-L,-73.38999717055023,-66.63690268316081,6.7530944873894185,6.7530944873894185,single_atom
HAT707_438,HAT707MR,Bond Dissociation Energies,Thermochemistry,MACE-POLAR-1-L,-67.74999723853267,-53.522863742248525,14.227133496284146,14.227133496284146,single_atom
HAT707_439,HAT707MR,Bond Dissociation Energies,Thermochemistry,MACE-POLAR-1-L,115.05999524364726,122.39472874743416,7.334733503786893,7.334733503786893,single_atom
HAT707_440,HAT707MR,Bond Dissociation Energies,Thermochemistry,MACE-POLAR-1-L,67.87999719397493,65.90643418544418,-1.9735630085307463,1.9735630085307463,single_atom
HAT707_441,HAT707MR,Bond Dissociation Energies,Thermochemistry,MACE-POLAR-1-L,44.81999784425348,46.20526357884491,1.385265734591428,1.385265734591428,single_atom
HAT707_442,HAT707MR,Bond Dissociation Energies,Thermochemistry,MACE-POLAR-1-L,63.78999736304788,61.80656103157179,-1.983436331476092,1.983436331476092,single_atom
HAT707_443,HAT707MR,Bond Dissociation Energies,Thermochemistry,MACE-POLAR-1-L,84.75999649618954,78.41721142945886,-6.342785066730684,6.342785066730684,single_atom
HAT707_444,HAT707MR,Bond Dissociation Energies,Thermochemistry,MACE-POLAR-1-L,71.72999678557086,63.14791128032383,-8.58208550524703,8.58208550524703,single_atom
HAT707_448,HAT707MR,Bond Dissociation Energies,Thermochemistry,MACE-POLAR-1-L,73.38999696620303,66.6369026831713,-6.753094283031729,6.753094283031729,single_atom
HAT707_45,HAT707MR,Bond Dissociation Energies,Thermochemistry,MACE-POLAR-1-L,-242.63999006589444,-246.66509030556665,-4.025100239672213,4.025100239672213,single_atom
HAT707_469,HAT707MR,Bond Dissociation Energies,Thermochemistry,MACE-POLAR-1-L,-154.63999352539065,-161.71918532320663,-7.07919179781598,7.07919179781598,single_atom
HAT707_484,HAT707MR,Bond Dissociation Energies,Thermochemistry,MACE-POLAR-1-L,68.69999716007831,66.47152628986227,-2.228470870216043,2.228470870216043,single_atom
HAT707_485,HAT707MR,Bond Dissociation Energies,Thermochemistry,MACE-POLAR-1-L,99.85999588129889,104.21636314922831,4.3563672679294285,4.3563672679294285,single_atom
HAT707_5,HAT707MR,Bond Dissociation Energies,Thermochemistry,MACE-POLAR-1-L,127.73999457505188,128.86816342418075,1.128168849128869,1.128168849128869,single_atom
HAT707_501,HAT707MR,Bond Dissociation Energies,Thermochemistry,MACE-POLAR-1-L,-95.25999626607674,-107.28962406815204,-12.029627802075296,12.029627802075296,single_atom
HAT707_505,HAT707MR,Bond Dissociation Energies,Thermochemistry,MACE-POLAR-1-L,38.269998105672,32.559869680662544,-5.710128425009458,5.710128425009458,single_atom
HAT707_506,HAT707MR,Bond Dissociation Energies,Thermochemistry,MACE-POLAR-1-L,40.13999830120239,33.613295184149415,-6.526703117052975,6.526703117052975,single_atom
HAT707_509,HAT707MR,Bond Dissociation Energies,Thermochemistry,MACE-POLAR-1-L,45.149998174057416,43.41176570122268,-1.7382324728347385,1.7382324728347385,single_atom
HAT707_510,HAT707MR,Bond Dissociation Energies,Thermochemistry,MACE-POLAR-1-L,6.859999458918696,10.842332218037054,3.982332759118358,3.982332759118358,single_atom
HAT707_511,HAT707MR,Bond Dissociation Energies,Thermochemistry,MACE-POLAR-1-L,-16.199999190573088,-8.85883838856222,7.341160802010869,7.341160802010869,single_atom
HAT707_512,HAT707MR,Bond Dissociation Energies,Thermochemistry,MACE-POLAR-1-L,48.89999792858734,52.95297889494369,4.052980966356351,4.052980966356351,single_atom
HAT707_513,HAT707MR,Bond Dissociation Energies,Thermochemistry,MACE-POLAR-1-L,2.7700000111156804,6.74245906416466,3.972459053048979,3.972459053048979,single_atom
HAT707_514,HAT707MR,Bond Dissociation Energies,Thermochemistry,MACE-POLAR-1-L,52.44999786354487,54.63797180124512,2.1879739377002494,2.1879739377002494,single_atom
HAT707_515,HAT707MR,Bond Dissociation Energies,Thermochemistry,MACE-POLAR-1-L,23.739999291056904,23.35310946200979,-0.38688982904711366,0.38688982904711366,single_atom
HAT707_516,HAT707MR,Bond Dissociation Energies,Thermochemistry,MACE-POLAR-1-L,22.089998897056155,23.710595094623407,1.6205961975672523,1.6205961975672523,single_atom
HAT707_517,HAT707MR,Bond Dissociation Energies,Thermochemistry,MACE-POLAR-1-L,10.709999750744302,8.083809312916706,-2.6261904378275958,2.6261904378275958,single_atom
HAT707_521,HAT707MR,Bond Dissociation Energies,Thermochemistry,MACE-POLAR-1-L,9.71999938884196,19.861754256979616,10.141754868137657,10.141754868137657,single_atom
HAT707_546,HAT707MR,Bond Dissociation Energies,Thermochemistry,MACE-POLAR-1-L,7.679999974184497,11.40742432245514,3.7274243482706435,3.7274243482706435,single_atom
HAT707_547,HAT707MR,Bond Dissociation Energies,Thermochemistry,MACE-POLAR-1-L,38.839998218962826,49.1522611818212,10.312262962858377,10.312262962858377,single_atom
HAT707_580,HAT707MR,Bond Dissociation Energies,Thermochemistry,MACE-POLAR-1-L,-1.6299997845340342,8.289968016388599,9.919967800922633,9.919967800922633,single_atom
HAT707_581,HAT707MR,Bond Dissociation Energies,Thermochemistry,MACE-POLAR-1-L,15.2499994200947,15.558305326342238,0.3083059062475382,0.3083059062475382,single_atom
HAT707_6,HAT707MR,Bond Dissociation Energies,Thermochemistry,MACE-POLAR-1-L,44.529998105873496,47.03504009667031,2.505041990796812,2.505041990796812,single_atom
HAT707_666,HAT707MR,Bond Dissociation Energies,Thermochemistry,MACE-POLAR-1-L,16.199999190573088,8.85883838856222,-7.341160802010869,7.341160802010869,single_atom
HAT707_667,HAT707MR,Bond Dissociation Energies,Thermochemistry,MACE-POLAR-1-L,-12.369999508214198,-3.848840837601843,8.521158670612355,8.521158670612355,single_atom
HAT707_668,HAT707MR,Bond Dissociation Energies,Thermochemistry,MACE-POLAR-1-L,28.569998698787284,20.431639104326397,-8.138359594460887,8.138359594460887,single_atom
HAT707_673,HAT707MR,Bond Dissociation Energies,Thermochemistry,MACE-POLAR-1-L,-71.0999973539178,-80.77728787399369,-9.677290520075886,9.677290520075886,single_atom
HAT707_688,HAT707MR,Bond Dissociation Energies,Thermochemistry,MACE-POLAR-1-L,-111.40999550175673,-108.28690302589726,3.1230924758594654,3.1230924758594654,single_atom
HAT707_689,HAT707MR,Bond Dissociation Energies,Thermochemistry,MACE-POLAR-1-L,-178.07999245957947,-176.88758163087113,1.192410828708347,1.192410828708347,single_atom
HAT707_690,HAT707MR,Bond Dissociation Energies,Thermochemistry,MACE-POLAR-1-L,-123.07999501395804,-133.93930903493032,-10.859314020972278,10.859314020972278,single_atom
HAT707_698,HAT707MR,Bond Dissociation Energies,Thermochemistry,MACE-POLAR-1-L,-101.99999583325202,-96.24369228691388,5.756303546338131,5.756303546338131,single_atom
HAT707_699,HAT707MR,Bond Dissociation Energies,Thermochemistry,MACE-POLAR-1-L,-92.01999605145645,-88.61948691076756,3.4005091406888823,3.4005091406888823,single_atom
HAT707_7,HAT707MR,Bond Dissociation Energies,Thermochemistry,MACE-POLAR-1-L,100.19999585793012,101.74054212449109,1.5405462665609662,1.5405462665609662,single_atom
HAT707_700,HAT707MR,Bond Dissociation Energies,Thermochemistry,MACE-POLAR-1-L,-141.80999443215993,-150.0535116225935,-8.243517190433579,8.243517190433579,single_atom
HAT707_704,HAT707MR,Bond Dissociation Energies,Thermochemistry,MACE-POLAR-1-L,-44.81999784425348,-46.20526357880296,-1.3852657345494848,1.3852657345494848,single_atom
HAT707_705,HAT707MR,Bond Dissociation Energies,Thermochemistry,MACE-POLAR-1-L,-22.089998897056155,-23.71059509458146,-1.6205961975253054,1.6205961975253054,single_atom
HAT707_706,HAT707MR,Bond Dissociation Energies,Thermochemistry,MACE-POLAR-1-L,1.6599997574698946,3.488991402826494,1.8289916453565993,1.8289916453565993,single_atom
HAT707_707,HAT707MR,Bond Dissociation Energies,Thermochemistry,MACE-POLAR-1-L,-39.17999853974538,-33.091224637911644,6.088773901833733,6.088773901833733,single_atom
HAT707_71,HAT707MR,Bond Dissociation Energies,Thermochemistry,MACE-POLAR-1-L,49.43999806894231,51.70000535491884,2.2600072859765277,2.2600072859765277,single_atom
HAT707_72,HAT707MR,Bond Dissociation Energies,Thermochemistry,MACE-POLAR-1-L,80.59999666815555,89.44484221425344,8.844845546097886,8.844845546097886,single_atom
HAT707_8,HAT707MR,Bond Dissociation Energies,Thermochemistry,MACE-POLAR-1-L,71.48999704474521,70.45567978525574,-1.0343172594894696,1.0343172594894696,single_atom
HAT707_9,HAT707MR,Bond Dissociation Energies,Thermochemistry,MACE-POLAR-1-L,65.49999738581472,63.64569049451544,-1.8543068912992808,1.8543068912992808,single_atom
HAT707_10,HAT707MR,Bond Dissociation Energies,Thermochemistry,MACE-POLAR-1-M,100.9399958273404,96.1038763057286,-4.836119521611792,4.836119521611792,single_atom
HAT707_103,HAT707MR,Bond Dissociation Energies,Thermochemistry,MACE-POLAR-1-M,-111.77999516796568,-116.87315665690018,-5.0931614889344985,5.0931614889344985,single_atom
HAT707_108,HAT707MR,Bond Dissociation Energies,Thermochemistry,MACE-POLAR-1-M,21.74999920378307,21.581818163607625,-0.168181040175444,0.168181040175444,single_atom
HAT707_109,HAT707MR,Bond Dissociation Energies,Thermochemistry,MACE-POLAR-1-M,23.61999877180399,25.085539112690377,1.4655403408863883,1.4655403408863883,single_atom
HAT707_11,HAT707MR,Bond Dissociation Energies,Thermochemistry,MACE-POLAR-1-M,52.46999784550211,47.98223777505857,-4.487760070443535,4.487760070443535,single_atom
HAT707_117,HAT707MR,Bond Dissociation Energies,Thermochemistry,MACE-POLAR-1-M,17.539999236727137,21.051156224994852,3.5111569882677145,3.5111569882677145,single_atom
HAT707_119,HAT707MR,Bond Dissociation Energies,Thermochemistry,MACE-POLAR-1-M,115.06999533747909,115.6283521709832,0.5583568335041207,0.5583568335041207,single_atom
HAT707_120,HAT707MR,Bond Dissociation Energies,Thermochemistry,MACE-POLAR-1-M,201.13999168527053,205.56129515208497,4.421303466814436,4.421303466814436,single_atom
HAT707_121,HAT707MR,Bond Dissociation Energies,Thermochemistry,MACE-POLAR-1-M,178.0799926385257,185.90839165195925,7.82839901343354,7.82839901343354,single_atom
HAT707_122,HAT707MR,Bond Dissociation Energies,Thermochemistry,MACE-POLAR-1-M,118.81999508821634,129.78513041916543,10.965135330949082,10.965135330949082,single_atom
HAT707_123,HAT707MR,Bond Dissociation Energies,Thermochemistry,MACE-POLAR-1-M,197.04999185434352,206.7073802133909,9.657388359047388,9.657388359047388,single_atom
HAT707_124,HAT707MR,Bond Dissociation Energies,Thermochemistry,MACE-POLAR-1-M,218.0199909874852,220.10778892496285,2.08779793747766,2.08779793747766,single_atom
HAT707_125,HAT707MR,Bond Dissociation Energies,Thermochemistry,MACE-POLAR-1-M,92.01999605145645,95.9754486708365,3.955452619380054,3.955452619380054,single_atom
HAT707_126,HAT707MR,Bond Dissociation Energies,Thermochemistry,MACE-POLAR-1-M,204.98999152611952,204.96094220237603,-0.029049323743493005,0.029049323743493005,single_atom
HAT707_129,HAT707MR,Bond Dissociation Energies,Thermochemistry,MACE-POLAR-1-M,79.64999670742696,83.81704609231878,4.167049384891811,4.167049384891811,single_atom
HAT707_130,HAT707MR,Bond Dissociation Energies,Thermochemistry,MACE-POLAR-1-M,206.64999145749803,205.1074072178493,-1.5425842396487326,1.5425842396487326,single_atom
HAT707_16,HAT707MR,Bond Dissociation Energies,Thermochemistry,MACE-POLAR-1-M,88.55999633910517,83.9454737271899,-4.6145226119152625,4.6145226119152625,single_atom
HAT707_161,HAT707MR,Bond Dissociation Energies,Thermochemistry,MACE-POLAR-1-M,233.119990363281,246.06392333186804,12.943932968587035,12.943932968587035,single_atom
HAT707_17,HAT707MR,Bond Dissociation Energies,Thermochemistry,MACE-POLAR-1-M,54.129997602972,48.1287027905004,-6.001294812471599,6.001294812471599,single_atom
HAT707_176,HAT707MR,Bond Dissociation Energies,Thermochemistry,MACE-POLAR-1-M,-27.29999858948358,-29.86723119950826,-2.567232610024682,2.567232610024682,single_atom
HAT707_181,HAT707MR,Bond Dissociation Energies,Thermochemistry,MACE-POLAR-1-M,106.22999578226516,108.58774362099956,2.3577478387343973,2.3577478387343973,single_atom
HAT707_182,HAT707MR,Bond Dissociation Energies,Thermochemistry,MACE-POLAR-1-M,108.09999553136022,112.0914645700823,3.991469038722073,3.991469038722073,single_atom
HAT707_188,HAT707MR,Bond Dissociation Energies,Thermochemistry,MACE-POLAR-1-M,94.15999610761192,106.35359115222158,12.193595044609665,12.193595044609665,single_atom
HAT707_189,HAT707MR,Bond Dissociation Energies,Thermochemistry,MACE-POLAR-1-M,71.09999706086647,86.70068765209585,15.60069059122938,15.60069059122938,single_atom
HAT707_190,HAT707MR,Bond Dissociation Energies,Thermochemistry,MACE-POLAR-1-M,90.06999627668488,107.49967621354848,17.429679936863607,17.429679936863607,single_atom
HAT707_191,HAT707MR,Bond Dissociation Energies,Thermochemistry,MACE-POLAR-1-M,111.03999540982656,120.90008492512042,9.860089515293865,9.860089515293865,single_atom
HAT707_192,HAT707MR,Bond Dissociation Energies,Thermochemistry,MACE-POLAR-1-M,98.0099959484609,105.75323820251263,7.7432422540517365,7.7432422540517365,single_atom
HAT707_196,HAT707MR,Bond Dissociation Energies,Thermochemistry,MACE-POLAR-1-M,99.6699958798394,105.89970321797544,6.229707338136038,6.229707338136038,single_atom
HAT707_2,HAT707MR,Bond Dissociation Energies,Thermochemistry,MACE-POLAR-1-M,123.98999487449908,115.75677980583336,-8.233215068665714,8.233215068665714,single_atom
HAT707_221,HAT707MR,Bond Dissociation Energies,Thermochemistry,MACE-POLAR-1-M,-145.50999423179678,-150.4725923647072,-4.962598132910415,4.962598132910415,single_atom
HAT707_236,HAT707MR,Bond Dissociation Energies,Thermochemistry,MACE-POLAR-1-M,94.97999607371467,109.25854671461558,14.278550640900903,14.278550640900903,single_atom
HAT707_237,HAT707MR,Bond Dissociation Energies,Thermochemistry,MACE-POLAR-1-M,126.13999478562236,146.85621933199417,20.716224546371805,20.716224546371805,single_atom
HAT707_260,HAT707MR,Bond Dissociation Energies,Thermochemistry,MACE-POLAR-1-M,38.35999865198906,50.03991305438776,11.679914402398701,11.679914402398701,single_atom
HAT707_261,HAT707MR,Bond Dissociation Energies,Thermochemistry,MACE-POLAR-1-M,-62.009997396728906,-63.14961376549088,-1.1396163687619705,1.1396163687619705,single_atom
HAT707_262,HAT707MR,Bond Dissociation Energies,Thermochemistry,MACE-POLAR-1-M,35.42999878521545,31.811306078648705,-3.6186927065667476,3.6186927065667476,single_atom
HAT707_263,HAT707MR,Bond Dissociation Energies,Thermochemistry,MACE-POLAR-1-M,62.22999719825855,65.62098782695666,3.3909906286981126,3.3909906286981126,single_atom
HAT707_264,HAT707MR,Bond Dissociation Energies,Thermochemistry,MACE-POLAR-1-M,39.17999853974538,45.968084326830926,6.788085787085549,6.788085787085549,single_atom
HAT707_265,HAT707MR,Bond Dissociation Energies,Thermochemistry,MACE-POLAR-1-M,58.14999774143416,66.76707288830454,8.617075146870377,8.617075146870377,single_atom
HAT707_266,HAT707MR,Bond Dissociation Energies,Thermochemistry,MACE-POLAR-1-M,29.439998541436715,29.64144476125732,0.2014462198206033,0.2014462198206033,single_atom
HAT707_267,HAT707MR,Bond Dissociation Energies,Thermochemistry,MACE-POLAR-1-M,79.11999672933624,80.16748159991842,1.0474848705821813,1.0474848705821813,single_atom
HAT707_268,HAT707MR,Bond Dissociation Energies,Thermochemistry,MACE-POLAR-1-M,12.369999508214198,12.158402578543946,-0.211596929670252,0.211596929670252,single_atom
HAT707_269,HAT707MR,Bond Dissociation Energies,Thermochemistry,MACE-POLAR-1-M,66.08999726796996,65.02063487728967,-1.069362390680297,1.069362390680297,single_atom
HAT707_273,HAT707MR,Bond Dissociation Energies,Thermochemistry,MACE-POLAR-1-M,67.7499971993491,65.167099892721,-2.582897306628098,2.582897306628098,single_atom
HAT707_296,HAT707MR,Bond Dissociation Energies,Thermochemistry,MACE-POLAR-1-M,-67.12999717034874,-69.36156300518131,-2.2315658348325655,2.2315658348325655,single_atom
HAT707_297,HAT707MR,Bond Dissociation Energies,Thermochemistry,MACE-POLAR-1-M,-71.2499972185971,-73.09162646386069,-1.84162924526359,1.84162924526359,single_atom
HAT707_3,HAT707MR,Bond Dissociation Energies,Thermochemistry,MACE-POLAR-1-M,48.619998181185984,48.58259072472557,-0.03740745646041432,0.03740745646041432,single_atom
HAT707_315,HAT707MR,Bond Dissociation Energies,Thermochemistry,MACE-POLAR-1-M,-110.70999550574386,-119.44544516595089,-8.735449660207024,8.735449660207024,single_atom
HAT707_316,HAT707MR,Bond Dissociation Energies,Thermochemistry,MACE-POLAR-1-M,63.05999739322439,68.52594338937163,5.465945996147241,5.465945996147241,single_atom
HAT707_317,HAT707MR,Bond Dissociation Energies,Thermochemistry,MACE-POLAR-1-M,94.21999610513204,106.12361600673974,11.903619901607698,11.903619901607698,single_atom
HAT707_325,HAT707MR,Bond Dissociation Energies,Thermochemistry,MACE-POLAR-1-M,-74.7399972076829,-76.6194712385596,-1.8794740308766933,1.8794740308766933,single_atom
HAT707_330,HAT707MR,Bond Dissociation Energies,Thermochemistry,MACE-POLAR-1-M,-79.2299969221402,-86.85381446153545,-7.623817539395247,7.623817539395247,single_atom
HAT707_334,HAT707MR,Bond Dissociation Energies,Thermochemistry,MACE-POLAR-1-M,-72.98999690389596,-74.07682814013293,-1.086831236236975,1.086831236236975,single_atom
HAT707_336,HAT707MR,Bond Dissociation Energies,Thermochemistry,MACE-POLAR-1-M,-89.62999632503781,-91.21901695787744,-1.5890206328396346,1.5890206328396346,single_atom
HAT707_339,HAT707MR,Bond Dissociation Energies,Thermochemistry,MACE-POLAR-1-M,-79.64999654324225,-83.81704609230829,-4.167049549066036,4.167049549066036,single_atom
HAT707_341,HAT707MR,Bond Dissociation Energies,Thermochemistry,MACE-POLAR-1-M,-129.43999492394573,-147.02354089784575,-17.583545973900016,17.583545973900016,single_atom
HAT707_346,HAT707MR,Bond Dissociation Energies,Thermochemistry,MACE-POLAR-1-M,-73.04999684976768,-78.93907381969747,-5.889076969929789,5.889076969929789,single_atom
HAT707_349,HAT707MR,Bond Dissociation Energies,Thermochemistry,MACE-POLAR-1-M,60.47999752198108,59.5159010007684,-0.9640965212126815,0.9640965212126815,single_atom
HAT707_350,HAT707MR,Bond Dissociation Energies,Thermochemistry,MACE-POLAR-1-M,62.34999771751146,63.01962194985114,0.6696242323396859,0.6696242323396859,single_atom
HAT707_354,HAT707MR,Bond Dissociation Energies,Thermochemistry,MACE-POLAR-1-M,-9.71999938884196,-11.892460093444129,-2.1724607046021696,2.1724607046021696,single_atom
HAT707_355,HAT707MR,Bond Dissociation Energies,Thermochemistry,MACE-POLAR-1-M,14.029999265684092,12.304867593964802,-1.7251316717192893,1.7251316717192893,single_atom
HAT707_358,HAT707MR,Bond Dissociation Energies,Thermochemistry,MACE-POLAR-1-M,21.38999890104327,19.5064384846839,-1.8835604163593693,1.8835604163593693,single_atom
HAT707_359,HAT707MR,Bond Dissociation Energies,Thermochemistry,MACE-POLAR-1-M,-5.510000049295501,0.4538879342461441,5.963887983541645,5.963887983541645,single_atom
HAT707_360,HAT707MR,Bond Dissociation Energies,Thermochemistry,MACE-POLAR-1-M,-28.569998698787284,-19.199015565879588,9.370983132907696,9.370983132907696,single_atom
HAT707_361,HAT707MR,Bond Dissociation Energies,Thermochemistry,MACE-POLAR-1-M,25.1399986555732,33.66321673287661,8.523218077303412,8.523218077303412,single_atom
HAT707_362,HAT707MR,Bond Dissociation Energies,Thermochemistry,MACE-POLAR-1-M,-9.599999497098516,1.5999729955730475,11.199972492671563,11.199972492671563,single_atom
HAT707_363,HAT707MR,Bond Dissociation Energies,Thermochemistry,MACE-POLAR-1-M,55.49999762206192,67.68168986433095,12.18169224226903,12.18169224226903,single_atom
HAT707_364,HAT707MR,Bond Dissociation Energies,Thermochemistry,MACE-POLAR-1-M,26.78999904957395,30.55606173727324,3.7660626876992893,3.7660626876992893,single_atom
HAT707_365,HAT707MR,Bond Dissociation Energies,Thermochemistry,MACE-POLAR-1-M,11.369999782842708,15.000381707144989,3.630381924302281,3.630381924302281,single_atom
HAT707_366,HAT707MR,Bond Dissociation Energies,Thermochemistry,MACE-POLAR-1-M,-1.6599997574698946,-0.1464650154208569,1.5135347420490377,1.5135347420490377,single_atom
HAT707_367,HAT707MR,Bond Dissociation Energies,Thermochemistry,MACE-POLAR-1-M,-5.649999922996183,-2.4562624863904223,3.1937374366057605,3.1937374366057605,single_atom
HAT707_368,HAT707MR,Bond Dissociation Energies,Thermochemistry,MACE-POLAR-1-M,36.05999821686853,37.48830121892256,1.4283030020540295,1.4283030020540295,single_atom
HAT707_370,HAT707MR,Bond Dissociation Energies,Thermochemistry,MACE-POLAR-1-M,-12.369999508214198,-10.977843117470156,1.3921563907440415,1.3921563907440415,single_atom
HAT707_371,HAT707MR,Bond Dissociation Energies,Thermochemistry,MACE-POLAR-1-M,-14.029999265684092,-12.304867593970046,1.7251316717140455,1.7251316717140455,single_atom
HAT707_372,HAT707MR,Bond Dissociation Energies,Thermochemistry,MACE-POLAR-1-M,-22.059998924120293,-18.832334257213645,3.227664666906648,3.227664666906648,single_atom
HAT707_373,HAT707MR,Bond Dissociation Energies,Thermochemistry,MACE-POLAR-1-M,10.709999750744302,14.683623486730598,3.973623735986296,3.973623735986296,single_atom
HAT707_374,HAT707MR,Bond Dissociation Energies,Thermochemistry,MACE-POLAR-1-M,-53.6799980089341,-51.46117074531758,2.218827263616518,2.218827263616518,single_atom
HAT707_376,HAT707MR,Bond Dissociation Energies,Thermochemistry,MACE-POLAR-1-M,-68.23999742399454,-67.926197652869,0.3137997711255309,0.3137997711255309,single_atom
HAT707_377,HAT707MR,Bond Dissociation Energies,Thermochemistry,MACE-POLAR-1-M,-99.66999605270507,-105.8997032179702,-6.2297071652651255,6.2297071652651255,single_atom
HAT707_378,HAT707MR,Bond Dissociation Energies,Thermochemistry,MACE-POLAR-1-M,2.5299996001193223,3.8850887363128206,1.3550891361934982,1.3550891361934982,single_atom
HAT707_379,HAT707MR,Bond Dissociation Energies,Thermochemistry,MACE-POLAR-1-M,-34.35999849548415,-32.84346908407832,1.516529411405827,1.516529411405827,single_atom
HAT707_380,HAT707MR,Bond Dissociation Energies,Thermochemistry,MACE-POLAR-1-M,-40.009998418480336,-36.67192627950734,3.338072138972997,3.338072138972997,single_atom
HAT707_382,HAT707MR,Bond Dissociation Energies,Thermochemistry,MACE-POLAR-1-M,-78.65999680884937,-76.23847538516762,2.421521423681753,2.421521423681753,single_atom
HAT707_383,HAT707MR,Bond Dissociation Energies,Thermochemistry,MACE-POLAR-1-M,-126.34999457400474,-121.6067434749191,4.74325109908564,4.74325109908564,single_atom
HAT707_385,HAT707MR,Bond Dissociation Energies,Thermochemistry,MACE-POLAR-1-M,-120.44999487654304,-117.1581698469154,3.2918250296276454,3.2918250296276454,single_atom
HAT707_387,HAT707MR,Bond Dissociation Energies,Thermochemistry,MACE-POLAR-1-M,-125.94999493485992,-122.66798456267522,3.2820103721847005,3.2820103721847005,single_atom
HAT707_390,HAT707MR,Bond Dissociation Energies,Thermochemistry,MACE-POLAR-1-M,-60.6899973325321,-58.45825520580261,2.2317421267294932,2.2317421267294932,single_atom
HAT707_391,HAT707MR,Bond Dissociation Energies,Thermochemistry,MACE-POLAR-1-M,-108.77999536434172,-104.4166934120402,4.363301952301512,4.363301952301512,single_atom
HAT707_392,HAT707MR,Bond Dissociation Energies,Thermochemistry,MACE-POLAR-1-M,-194.1399917764519,-190.6519241306856,3.488067645766307,3.488067645766307,single_atom
HAT707_394,HAT707MR,Bond Dissociation Energies,Thermochemistry,MACE-POLAR-1-M,-130.83999428846204,-126.4945690133701,4.345425275091941,4.345425275091941,single_atom
HAT707_396,HAT707MR,Bond Dissociation Energies,Thermochemistry,MACE-POLAR-1-M,-142.12999414347578,-141.85889770821242,0.2710964352633596,0.2710964352633596,single_atom
HAT707_398,HAT707MR,Bond Dissociation Energies,Thermochemistry,MACE-POLAR-1-M,-110.44999574029973,-109.3048836783461,1.1451120619536255,1.1451120619536255,single_atom
HAT707_4,HAT707MR,Bond Dissociation Energies,Thermochemistry,MACE-POLAR-1-M,25.559998904184724,28.92968722462081,3.3696883204360866,3.3696883204360866,single_atom
HAT707_400,HAT707MR,Bond Dissociation Energies,Thermochemistry,MACE-POLAR-1-M,-77.33999674465257,-73.9750714441673,3.364925300485268,3.364925300485268,single_atom
HAT707_404,HAT707MR,Bond Dissociation Energies,Thermochemistry,MACE-POLAR-1-M,-139.979994200544,-136.74717340311958,3.232820797424438,3.232820797424438,single_atom
HAT707_406,HAT707MR,Bond Dissociation Energies,Thermochemistry,MACE-POLAR-1-M,-206.6499911583668,-205.1074072178336,1.5425839405331772,1.5425839405331772,single_atom
HAT707_411,HAT707MR,Bond Dissociation Energies,Thermochemistry,MACE-POLAR-1-M,-4.689999534029699,3.358843496661121,8.04884303069082,8.04884303069082,single_atom
HAT707_412,HAT707MR,Bond Dissociation Energies,Thermochemistry,MACE-POLAR-1-M,26.46999871074863,40.956516114018726,14.486517403270096,14.486517403270096,single_atom
HAT707_413,HAT707MR,Bond Dissociation Energies,Thermochemistry,MACE-POLAR-1-M,16.959999132457696,18.90650412826549,1.9465049958077927,1.9465049958077927,single_atom
HAT707_414,HAT707MR,Bond Dissociation Energies,Thermochemistry,MACE-POLAR-1-M,-70.40999734888354,-65.93339319506379,4.47660415381975,4.47660415381975,single_atom
HAT707_432,HAT707MR,Bond Dissociation Energies,Thermochemistry,MACE-POLAR-1-M,-51.44999813817338,-45.77356639937958,5.676431738793795,5.676431738793795,single_atom
HAT707_433,HAT707MR,Bond Dissociation Energies,Thermochemistry,MACE-POLAR-1-M,-33.24999886934784,-26.820039749683644,6.429959119664197,6.429959119664197,single_atom
HAT707_434,HAT707MR,Bond Dissociation Energies,Thermochemistry,MACE-POLAR-1-M,-81.07999650820388,-76.3296178487161,4.7503786594877795,4.7503786594877795,single_atom
HAT707_435,HAT707MR,Bond Dissociation Energies,Thermochemistry,MACE-POLAR-1-M,-73.38999717055023,-69.74889260180974,3.641104568740488,3.641104568740488,single_atom
HAT707_438,HAT707MR,Bond Dissociation Energies,Thermochemistry,MACE-POLAR-1-M,-67.74999723853267,-65.16709989271575,2.5828973458169173,2.5828973458169173,single_atom
HAT707_439,HAT707MR,Bond Dissociation Energies,Thermochemistry,MACE-POLAR-1-M,115.05999524364726,126.24322534085788,11.183230097210611,11.183230097210611,single_atom
HAT707_440,HAT707MR,Bond Dissociation Energies,Thermochemistry,MACE-POLAR-1-M,67.87999719397493,70.20278053603491,2.322783342059978,2.322783342059978,single_atom
HAT707_441,HAT707MR,Bond Dissociation Energies,Thermochemistry,MACE-POLAR-1-M,44.81999784425348,50.54987703595113,5.729879191697648,5.729879191697648,single_atom
HAT707_442,HAT707MR,Bond Dissociation Energies,Thermochemistry,MACE-POLAR-1-M,63.78999736304788,71.3488655973828,7.558868234334916,7.558868234334916,single_atom
HAT707_443,HAT707MR,Bond Dissociation Energies,Thermochemistry,MACE-POLAR-1-M,84.75999649618954,84.74927430895472,-0.010722187234819103,0.010722187234819103,single_atom
HAT707_444,HAT707MR,Bond Dissociation Energies,Thermochemistry,MACE-POLAR-1-M,71.72999678557086,69.60242758636791,-2.127569199202952,2.127569199202952,single_atom
HAT707_448,HAT707MR,Bond Dissociation Energies,Thermochemistry,MACE-POLAR-1-M,73.38999696620303,69.74889260180974,-3.6411043643932857,3.6411043643932857,single_atom
HAT707_45,HAT707MR,Bond Dissociation Energies,Thermochemistry,MACE-POLAR-1-M,-242.63999006589444,-250.7744584744072,-8.13446840851276,8.13446840851276,single_atom
HAT707_469,HAT707MR,Bond Dissociation Energies,Thermochemistry,MACE-POLAR-1-M,-154.63999352539065,-155.64823500095827,-1.0082414755676155,1.0082414755676155,single_atom
HAT707_484,HAT707MR,Bond Dissociation Energies,Thermochemistry,MACE-POLAR-1-M,68.69999716007831,73.10773609844989,4.40773893837158,4.40773893837158,single_atom
HAT707_485,HAT707MR,Bond Dissociation Energies,Thermochemistry,MACE-POLAR-1-M,99.85999588129889,110.70540871584944,10.845412834550558,10.845412834550558,single_atom
HAT707_5,HAT707MR,Bond Dissociation Energies,Thermochemistry,MACE-POLAR-1-M,127.73999457505188,129.91355805403657,2.17356347898469,2.17356347898469,single_atom
HAT707_501,HAT707MR,Bond Dissociation Energies,Thermochemistry,MACE-POLAR-1-M,-95.25999626607674,-98.20932274201336,-2.9493264759366156,2.9493264759366156,single_atom
HAT707_505,HAT707MR,Bond Dissociation Energies,Thermochemistry,MACE-POLAR-1-M,38.269998105672,40.2456520785364,1.9756539728644,1.9756539728644,single_atom
HAT707_506,HAT707MR,Bond Dissociation Energies,Thermochemistry,MACE-POLAR-1-M,40.13999830120239,43.74937302761915,3.6093747264167604,3.6093747264167604,single_atom
HAT707_509,HAT707MR,Bond Dissociation Energies,Thermochemistry,MACE-POLAR-1-M,45.149998174057416,43.70376617215575,-1.446232001901663,1.446232001901663,single_atom
HAT707_510,HAT707MR,Bond Dissociation Energies,Thermochemistry,MACE-POLAR-1-M,6.859999458918696,11.431731051737271,4.571731592818575,4.571731592818575,single_atom
HAT707_511,HAT707MR,Bond Dissociation Energies,Thermochemistry,MACE-POLAR-1-M,-16.199999190573088,-8.221172448430407,7.978826742142681,7.978826742142681,single_atom
HAT707_512,HAT707MR,Bond Dissociation Energies,Thermochemistry,MACE-POLAR-1-M,48.89999792858734,57.86054442030652,8.960546491719178,8.960546491719178,single_atom
HAT707_513,HAT707MR,Bond Dissociation Energies,Thermochemistry,MACE-POLAR-1-M,2.7700000111156804,12.57781611308515,9.80781610196947,9.80781610196947,single_atom
HAT707_514,HAT707MR,Bond Dissociation Energies,Thermochemistry,MACE-POLAR-1-M,52.44999786354487,63.1038529517148,10.653855088169927,10.653855088169927,single_atom
HAT707_515,HAT707MR,Bond Dissociation Energies,Thermochemistry,MACE-POLAR-1-M,23.739999291056904,25.9782248245732,2.238225533516296,2.238225533516296,single_atom
HAT707_516,HAT707MR,Bond Dissociation Energies,Thermochemistry,MACE-POLAR-1-M,22.089998897056155,24.0508626719671,1.960863774910944,1.960863774910944,single_atom
HAT707_517,HAT707MR,Bond Dissociation Energies,Thermochemistry,MACE-POLAR-1-M,10.709999750744302,10.831378101986378,0.12137835124207541,0.12137835124207541,single_atom
HAT707_521,HAT707MR,Bond Dissociation Energies,Thermochemistry,MACE-POLAR-1-M,9.71999938884196,11.892460093438885,2.1724607045969258,2.1724607045969258,single_atom
HAT707_546,HAT707MR,Bond Dissociation Energies,Thermochemistry,MACE-POLAR-1-M,7.679999974184497,14.336686614068356,6.6566866398838584,6.6566866398838584,single_atom
HAT707_547,HAT707MR,Bond Dissociation Energies,Thermochemistry,MACE-POLAR-1-M,38.839998218962826,51.93435923146791,13.094361012505082,13.094361012505082,single_atom
HAT707_580,HAT707MR,Bond Dissociation Energies,Thermochemistry,MACE-POLAR-1-M,-1.6299997845340342,-1.6715302822330529,-0.04153049769901873,0.04153049769901873,single_atom
HAT707_581,HAT707MR,Bond Dissociation Energies,Thermochemistry,MACE-POLAR-1-M,15.2499994200947,13.367837607781086,-1.8821618123136137,1.8821618123136137,single_atom
HAT707_6,HAT707MR,Bond Dissociation Energies,Thermochemistry,MACE-POLAR-1-M,44.529998105873496,49.728675786073445,5.19867768019995,5.19867768019995,single_atom
HAT707_666,HAT707MR,Bond Dissociation Energies,Thermochemistry,MACE-POLAR-1-M,16.199999190573088,8.22117244845138,-7.978826742121708,7.978826742121708,single_atom
HAT707_667,HAT707MR,Bond Dissociation Energies,Thermochemistry,MACE-POLAR-1-M,-12.369999508214198,-12.158402578528216,0.21159692968598165,0.21159692968598165,single_atom
HAT707_668,HAT707MR,Bond Dissociation Energies,Thermochemistry,MACE-POLAR-1-M,28.569998698787284,19.199015565879588,-9.370983132907696,9.370983132907696,single_atom
HAT707_673,HAT707MR,Bond Dissociation Energies,Thermochemistry,MACE-POLAR-1-M,-71.0999973539178,-86.70068765209061,-15.600690298172808,15.600690298172808,single_atom
HAT707_688,HAT707MR,Bond Dissociation Energies,Thermochemistry,MACE-POLAR-1-M,-111.40999550175673,-117.54815783721902,-6.138162335462297,6.138162335462297,single_atom
HAT707_689,HAT707MR,Bond Dissociation Energies,Thermochemistry,MACE-POLAR-1-M,-178.07999245957947,-185.90839165197497,-7.828399192395494,7.828399192395494,single_atom
HAT707_690,HAT707MR,Bond Dissociation Energies,Thermochemistry,MACE-POLAR-1-M,-123.07999501395804,-131.60384774445288,-8.523852730494838,8.523852730494838,single_atom
HAT707_698,HAT707MR,Bond Dissociation Energies,Thermochemistry,MACE-POLAR-1-M,-101.99999583325202,-103.37741953637942,-1.3774237031274055,1.3774237031274055,single_atom
HAT707_699,HAT707MR,Bond Dissociation Energies,Thermochemistry,MACE-POLAR-1-M,-92.01999605145645,-95.97544867083126,-3.9554526193748103,3.9554526193748103,single_atom
HAT707_7,HAT707MR,Bond Dissociation Energies,Thermochemistry,MACE-POLAR-1-M,100.19999585793012,105.9380103606378,5.738014502707685,5.738014502707685,single_atom
HAT707_700,HAT707MR,Bond Dissociation Energies,Thermochemistry,MACE-POLAR-1-M,-141.80999443215993,-159.18194347636873,-17.371949044208804,17.371949044208804,single_atom
HAT707_704,HAT707MR,Bond Dissociation Energies,Thermochemistry,MACE-POLAR-1-M,-44.81999784425348,-50.54987703588821,-5.72987919163473,5.72987919163473,single_atom
HAT707_705,HAT707MR,Bond Dissociation Energies,Thermochemistry,MACE-POLAR-1-M,-22.089998897056155,-24.05086267203002,-1.9608637749738662,1.9608637749738662,single_atom
HAT707_706,HAT707MR,Bond Dissociation Energies,Thermochemistry,MACE-POLAR-1-M,1.6599997574698946,0.1464650154418304,-1.5135347420280643,1.5135347420280643,single_atom
HAT707_707,HAT707MR,Bond Dissociation Energies,Thermochemistry,MACE-POLAR-1-M,-39.17999853974538,-45.968084326857145,-6.788085787111768,6.788085787111768,single_atom
HAT707_71,HAT707MR,Bond Dissociation Energies,Thermochemistry,MACE-POLAR-1-M,49.43999806894231,51.48754628714055,2.0475482181982443,2.0475482181982443,single_atom
HAT707_72,HAT707MR,Bond Dissociation Energies,Thermochemistry,MACE-POLAR-1-M,80.59999666815555,89.08521890451912,8.485222236363569,8.485222236363569,single_atom
HAT707_8,HAT707MR,Bond Dissociation Energies,Thermochemistry,MACE-POLAR-1-M,71.48999704474521,68.81238223358008,-2.677614811165128,2.677614811165128,single_atom
HAT707_9,HAT707MR,Bond Dissociation Energies,Thermochemistry,MACE-POLAR-1-M,65.49999738581472,63.12908449764539,-2.370912888169336,2.370912888169336,single_atom
HAT707_10,HAT707MR,Bond Dissociation Energies,Thermochemistry,MACE-POLAR-1-S,100.9399958273404,170.372484575681,69.4324887483406,69.4324887483406,single_atom
HAT707_103,HAT707MR,Bond Dissociation Energies,Thermochemistry,MACE-POLAR-1-S,-111.77999516796568,-37.91609844048555,73.86389672748012,73.86389672748012,single_atom
HAT707_108,HAT707MR,Bond Dissociation Energies,Thermochemistry,MACE-POLAR-1-S,21.74999920378307,106.3351413696482,84.58514216586514,84.58514216586514,single_atom
HAT707_109,HAT707MR,Bond Dissociation Energies,Thermochemistry,MACE-POLAR-1-S,23.61999877180399,96.71837700802098,73.09837823621699,73.09837823621699,single_atom
HAT707_11,HAT707MR,Bond Dissociation Energies,Thermochemistry,MACE-POLAR-1-S,52.46999784550211,124.06768883841694,71.59769099291483,71.59769099291483,single_atom
HAT707_117,HAT707MR,Bond Dissociation Energies,Thermochemistry,MACE-POLAR-1-S,17.539999236727137,60.37303536988195,42.833036133154806,42.833036133154806,single_atom
HAT707_119,HAT707MR,Bond Dissociation Energies,Thermochemistry,MACE-POLAR-1-S,115.06999533747909,110.54648971864498,-4.523505618834108,4.523505618834108,single_atom
HAT707_120,HAT707MR,Bond Dissociation Energies,Thermochemistry,MACE-POLAR-1-S,201.13999168527053,206.8766516730493,5.736659987778779,5.736659987778779,single_atom
HAT707_121,HAT707MR,Bond Dissociation Energies,Thermochemistry,MACE-POLAR-1-S,178.0799926385257,185.0901660427761,7.010173404250395,7.010173404250395,single_atom
HAT707_122,HAT707MR,Bond Dissociation Energies,Thermochemistry,MACE-POLAR-1-S,118.81999508821634,126.3088327516564,7.4888376634400515,7.4888376634400515,single_atom
HAT707_123,HAT707MR,Bond Dissociation Energies,Thermochemistry,MACE-POLAR-1-S,197.04999185434352,204.78114864263785,7.731156788294328,7.731156788294328,single_atom
HAT707_124,HAT707MR,Bond Dissociation Energies,Thermochemistry,MACE-POLAR-1-S,218.0199909874852,219.25353100946535,1.2335400219801613,1.2335400219801613,single_atom
HAT707_125,HAT707MR,Bond Dissociation Energies,Thermochemistry,MACE-POLAR-1-S,92.01999605145645,88.76000408835078,-3.259991963105662,3.259991963105662,single_atom
HAT707_126,HAT707MR,Bond Dissociation Energies,Thermochemistry,MACE-POLAR-1-S,204.98999152611952,202.2340504092604,-2.755941116859134,2.755941116859134,single_atom
HAT707_129,HAT707MR,Bond Dissociation Energies,Thermochemistry,MACE-POLAR-1-S,79.64999670742696,72.26272872343708,-7.3872679839898865,7.3872679839898865,single_atom
HAT707_130,HAT707MR,Bond Dissociation Energies,Thermochemistry,MACE-POLAR-1-S,206.64999145749803,198.6613866064776,-7.988604851020426,7.988604851020426,single_atom
HAT707_16,HAT707MR,Bond Dissociation Energies,Thermochemistry,MACE-POLAR-1-S,88.55999633910517,153.87520921076728,65.31521287166211,65.31521287166211,single_atom
HAT707_161,HAT707MR,Bond Dissociation Energies,Thermochemistry,MACE-POLAR-1-S,233.119990363281,243.56099833541973,10.44100797213872,10.44100797213872,single_atom
HAT707_17,HAT707MR,Bond Dissociation Energies,Thermochemistry,MACE-POLAR-1-S,54.129997602972,120.4950250356236,66.3650274326516,66.3650274326516,single_atom
HAT707_176,HAT707MR,Bond Dissociation Energies,Thermochemistry,MACE-POLAR-1-S,-27.29999858948358,-30.43799972253699,-3.138001133053411,3.138001133053411,single_atom
HAT707_181,HAT707MR,Bond Dissociation Energies,Thermochemistry,MACE-POLAR-1-S,106.22999578226516,113.81324008759675,7.58324430533159,7.58324430533159,single_atom
HAT707_182,HAT707MR,Bond Dissociation Energies,Thermochemistry,MACE-POLAR-1-S,108.09999553136022,104.19647572596952,-3.903519805390701,3.903519805390701,single_atom
HAT707_188,HAT707MR,Bond Dissociation Energies,Thermochemistry,MACE-POLAR-1-S,94.15999610761192,108.2932737212364,14.133277613624486,14.133277613624486,single_atom
HAT707_189,HAT707MR,Bond Dissociation Energies,Thermochemistry,MACE-POLAR-1-S,71.09999706086647,86.50678809096316,15.406791030096684,15.406791030096684,single_atom
HAT707_190,HAT707MR,Bond Dissociation Energies,Thermochemistry,MACE-POLAR-1-S,90.06999627668488,106.1977706908249,16.12777441414002,16.12777441414002,single_atom
HAT707_191,HAT707MR,Bond Dissociation Energies,Thermochemistry,MACE-POLAR-1-S,111.03999540982656,120.6701530576524,9.63015764782584,9.63015764782584,single_atom
HAT707_192,HAT707MR,Bond Dissociation Energies,Thermochemistry,MACE-POLAR-1-S,98.0099959484609,103.65067245744748,5.640676508986587,5.640676508986587,single_atom
HAT707_196,HAT707MR,Bond Dissociation Energies,Thermochemistry,MACE-POLAR-1-S,99.6699958798394,100.0780086546856,0.408012774846199,0.408012774846199,single_atom
HAT707_2,HAT707MR,Bond Dissociation Energies,Thermochemistry,MACE-POLAR-1-S,123.98999487449908,192.1589702059333,68.16897533143421,68.16897533143421,single_atom
HAT707_221,HAT707MR,Bond Dissociation Energies,Thermochemistry,MACE-POLAR-1-S,-145.50999423179678,-151.90775317168297,-6.397758939886188,6.397758939886188,single_atom
HAT707_236,HAT707MR,Bond Dissociation Energies,Thermochemistry,MACE-POLAR-1-S,94.97999607371467,110.73136737371772,15.751371300003044,15.751371300003044,single_atom
HAT707_237,HAT707MR,Bond Dissociation Energies,Thermochemistry,MACE-POLAR-1-S,126.13999478562236,144.97762038362777,18.837625598005403,18.837625598005403,single_atom
HAT707_260,HAT707MR,Bond Dissociation Energies,Thermochemistry,MACE-POLAR-1-S,38.35999865198906,31.73749248560689,-6.62250616638217,6.62250616638217,single_atom
HAT707_261,HAT707MR,Bond Dissociation Energies,Thermochemistry,MACE-POLAR-1-S,-62.009997396728906,-55.262542375358045,6.747455021370861,6.747455021370861,single_atom
HAT707_262,HAT707MR,Bond Dissociation Energies,Thermochemistry,MACE-POLAR-1-S,35.42999878521545,38.28376099518169,2.8537622099662343,2.8537622099662343,single_atom
HAT707_263,HAT707MR,Bond Dissociation Energies,Thermochemistry,MACE-POLAR-1-S,62.22999719825855,75.83258965847682,13.602592460218268,13.602592460218268,single_atom
HAT707_264,HAT707MR,Bond Dissociation Energies,Thermochemistry,MACE-POLAR-1-S,39.17999853974538,54.04610402820359,14.86610548845821,14.86610548845821,single_atom
HAT707_265,HAT707MR,Bond Dissociation Energies,Thermochemistry,MACE-POLAR-1-S,58.14999774143416,73.73708662810728,15.587088886673115,15.587088886673115,single_atom
HAT707_266,HAT707MR,Bond Dissociation Energies,Thermochemistry,MACE-POLAR-1-S,29.439998541436715,23.06442669225449,-6.375571849182226,6.375571849182226,single_atom
HAT707_267,HAT707MR,Bond Dissociation Energies,Thermochemistry,MACE-POLAR-1-S,79.11999672933624,88.2094689949348,9.089472265598559,9.089472265598559,single_atom
HAT707_268,HAT707MR,Bond Dissociation Energies,Thermochemistry,MACE-POLAR-1-S,12.369999508214198,16.497275364929433,4.127275856715235,4.127275856715235,single_atom
HAT707_269,HAT707MR,Bond Dissociation Energies,Thermochemistry,MACE-POLAR-1-S,66.08999726796996,71.18998839472985,5.099991126759889,5.099991126759889,single_atom
HAT707_273,HAT707MR,Bond Dissociation Energies,Thermochemistry,MACE-POLAR-1-S,67.7499971993491,67.61732459190506,-0.13267260744403586,0.13267260744403586,single_atom
HAT707_296,HAT707MR,Bond Dissociation Energies,Thermochemistry,MACE-POLAR-1-S,-67.12999717034874,-56.74554385605165,10.384453314297097,10.384453314297097,single_atom
HAT707_297,HAT707MR,Bond Dissociation Energies,Thermochemistry,MACE-POLAR-1-S,-71.2499972185971,-64.88614549853459,6.363851720062513,6.363851720062513,single_atom
HAT707_3,HAT707MR,Bond Dissociation Energies,Thermochemistry,MACE-POLAR-1-S,48.619998181185984,128.71029010216392,80.09029192097793,80.09029192097793,single_atom
HAT707_315,HAT707MR,Bond Dissociation Energies,Thermochemistry,MACE-POLAR-1-S,-110.70999550574386,-103.84118702460404,6.868808481139823,6.868808481139823,single_atom
HAT707_316,HAT707MR,Bond Dissociation Energies,Thermochemistry,MACE-POLAR-1-S,63.05999739322439,78.27068331095816,15.21068591773377,15.21068591773377,single_atom
HAT707_317,HAT707MR,Bond Dissociation Energies,Thermochemistry,MACE-POLAR-1-S,94.21999610513204,112.51693632084722,18.296940215715182,18.296940215715182,single_atom
HAT707_325,HAT707MR,Bond Dissociation Energies,Thermochemistry,MACE-POLAR-1-S,-74.7399972076829,-70.79730261630635,3.9426945913765508,3.9426945913765508,single_atom
HAT707_330,HAT707MR,Bond Dissociation Energies,Thermochemistry,MACE-POLAR-1-S,-79.2299969221402,-82.0801832619372,-2.8501863397969913,2.8501863397969913,single_atom
HAT707_334,HAT707MR,Bond Dissociation Energies,Thermochemistry,MACE-POLAR-1-S,-72.98999690389596,-67.82476378448486,5.1652331194110985,5.1652331194110985,single_atom
HAT707_336,HAT707MR,Bond Dissociation Energies,Thermochemistry,MACE-POLAR-1-S,-89.62999632503781,-80.20655327371551,9.423443051322295,9.423443051322295,single_atom
HAT707_339,HAT707MR,Bond Dissociation Energies,Thermochemistry,MACE-POLAR-1-S,-79.64999654324225,-72.26272872345281,7.387267819789443,7.387267819789443,single_atom
HAT707_341,HAT707MR,Bond Dissociation Energies,Thermochemistry,MACE-POLAR-1-S,-129.43999492394573,-156.81442716626822,-27.374432242322484,27.374432242322484,single_atom
HAT707_346,HAT707MR,Bond Dissociation Energies,Thermochemistry,MACE-POLAR-1-S,-73.04999684976768,-73.25931751487695,-0.20932066510927427,0.20932066510927427,single_atom
HAT707_349,HAT707MR,Bond Dissociation Energies,Thermochemistry,MACE-POLAR-1-S,60.47999752198108,70.99192229517291,10.51192477319183,10.51192477319183,single_atom
HAT707_350,HAT707MR,Bond Dissociation Energies,Thermochemistry,MACE-POLAR-1-S,62.34999771751146,61.37515793371347,-0.9748397837979894,0.9748397837979894,single_atom
HAT707_354,HAT707MR,Bond Dissociation Energies,Thermochemistry,MACE-POLAR-1-S,-9.71999938884196,-9.570630259023572,0.14936912981838724,0.14936912981838724,single_atom
HAT707_355,HAT707MR,Bond Dissociation Energies,Thermochemistry,MACE-POLAR-1-S,14.029999265684092,12.924611562115134,-1.105387703568958,1.105387703568958,single_atom
HAT707_358,HAT707MR,Bond Dissociation Energies,Thermochemistry,MACE-POLAR-1-S,21.38999890104327,25.359149433087527,3.9691505320442566,3.9691505320442566,single_atom
HAT707_359,HAT707MR,Bond Dissociation Energies,Thermochemistry,MACE-POLAR-1-S,-5.510000049295501,8.215265066582246,13.725265115877747,13.725265115877747,single_atom
HAT707_360,HAT707MR,Bond Dissociation Energies,Thermochemistry,MACE-POLAR-1-S,-28.569998698787284,-13.571220563690984,14.9987781350963,14.9987781350963,single_atom
HAT707_361,HAT707MR,Bond Dissociation Energies,Thermochemistry,MACE-POLAR-1-S,25.1399986555732,41.12149246609894,15.981493810525741,15.981493810525741,single_atom
HAT707_362,HAT707MR,Bond Dissociation Energies,Thermochemistry,MACE-POLAR-1-S,-9.599999497098516,6.119762036191728,15.719761533290244,15.719761533290244,single_atom
HAT707_363,HAT707MR,Bond Dissociation Energies,Thermochemistry,MACE-POLAR-1-S,55.49999762206192,80.56185952151843,25.06186189945651,25.06186189945651,single_atom
HAT707_364,HAT707MR,Bond Dissociation Energies,Thermochemistry,MACE-POLAR-1-S,26.78999904957395,29.889199585676128,3.0992005361021775,3.0992005361021775,single_atom
HAT707_365,HAT707MR,Bond Dissociation Energies,Thermochemistry,MACE-POLAR-1-S,11.369999782842708,20.592144403019248,9.22214462017654,9.22214462017654,single_atom
HAT707_366,HAT707MR,Bond Dissociation Energies,Thermochemistry,MACE-POLAR-1-S,-1.6599997574698946,3.572663802793324,5.2326635602632185,5.2326635602632185,single_atom
HAT707_367,HAT707MR,Bond Dissociation Energies,Thermochemistry,MACE-POLAR-1-S,-5.649999922996183,3.5313060447883493,9.181305967784532,9.181305967784532,single_atom
HAT707_368,HAT707MR,Bond Dissociation Energies,Thermochemistry,MACE-POLAR-1-S,36.05999821686853,43.71145997536879,7.651461758500261,7.651461758500261,single_atom
HAT707_370,HAT707MR,Bond Dissociation Energies,Thermochemistry,MACE-POLAR-1-S,-12.369999508214198,-2.7458573656019265,9.624142142612271,9.624142142612271,single_atom
HAT707_371,HAT707MR,Bond Dissociation Energies,Thermochemistry,MACE-POLAR-1-S,-14.029999265684092,-12.924611562120376,1.105387703563716,1.105387703563716,single_atom
HAT707_372,HAT707MR,Bond Dissociation Energies,Thermochemistry,MACE-POLAR-1-S,-22.059998924120293,-15.49234056273109,6.567658361389203,6.567658361389203,single_atom
HAT707_373,HAT707MR,Bond Dissociation Energies,Thermochemistry,MACE-POLAR-1-S,10.709999750744302,20.59324811870584,9.883248367961539,9.883248367961539,single_atom
HAT707_374,HAT707MR,Bond Dissociation Energies,Thermochemistry,MACE-POLAR-1-S,-53.6799980089341,-45.493335436825895,8.186662572108204,8.186662572108204,single_atom
HAT707_376,HAT707MR,Bond Dissociation Energies,Thermochemistry,MACE-POLAR-1-S,-68.23999742399454,-61.948018197653525,6.291979226341013,6.291979226341013,single_atom
HAT707_377,HAT707MR,Bond Dissociation Energies,Thermochemistry,MACE-POLAR-1-S,-99.66999605270507,-100.07800865469083,-0.40801260198576017,0.40801260198576017,single_atom
HAT707_378,HAT707MR,Bond Dissociation Energies,Thermochemistry,MACE-POLAR-1-S,2.5299996001193223,10.063180187249646,7.533180587130324,7.533180587130324,single_atom
HAT707_379,HAT707MR,Bond Dissociation Energies,Thermochemistry,MACE-POLAR-1-S,-34.35999849548415,-26.85871969814987,7.50127879733428,7.50127879733428,single_atom
HAT707_380,HAT707MR,Bond Dissociation Energies,Thermochemistry,MACE-POLAR-1-S,-40.009998418480336,-30.65611588945105,9.353882529029285,9.353882529029285,single_atom
HAT707_382,HAT707MR,Bond Dissociation Energies,Thermochemistry,MACE-POLAR-1-S,-78.65999680884937,-65.94301529934442,12.716981509504947,12.716981509504947,single_atom
HAT707_383,HAT707MR,Bond Dissociation Energies,Thermochemistry,MACE-POLAR-1-S,-126.34999457400474,-116.01060174866556,10.339392825339175,10.339392825339175,single_atom
HAT707_385,HAT707MR,Bond Dissociation Energies,Thermochemistry,MACE-POLAR-1-S,-120.44999487654304,-111.0924291926164,9.357565683926651,9.357565683926651,single_atom
HAT707_387,HAT707MR,Bond Dissociation Energies,Thermochemistry,MACE-POLAR-1-S,-125.94999493485992,-116.62693563915408,9.323059295705832,9.323059295705832,single_atom
HAT707_390,HAT707MR,Bond Dissociation Energies,Thermochemistry,MACE-POLAR-1-S,-60.6899973325321,-52.5294450731144,8.160552259417699,8.160552259417699,single_atom
HAT707_391,HAT707MR,Bond Dissociation Energies,Thermochemistry,MACE-POLAR-1-S,-108.77999536434172,-98.8221625896831,9.957832774658613,9.957832774658613,single_atom
HAT707_392,HAT707MR,Bond Dissociation Energies,Thermochemistry,MACE-POLAR-1-S,-194.1399917764519,-183.14420173909735,10.995790037354539,10.995790037354539,single_atom
HAT707_394,HAT707MR,Bond Dissociation Energies,Thermochemistry,MACE-POLAR-1-S,-130.83999428846204,-116.72379789740936,14.116196391052682,14.116196391052682,single_atom
HAT707_396,HAT707MR,Bond Dissociation Energies,Thermochemistry,MACE-POLAR-1-S,-142.12999414347578,-142.3436843799629,-0.2136902364871105,0.2136902364871105,single_atom
HAT707_398,HAT707MR,Bond Dissociation Energies,Thermochemistry,MACE-POLAR-1-S,-110.44999574029973,-103.42861910459126,7.021376635708464,7.021376635708464,single_atom
HAT707_4,HAT707MR,Bond Dissociation Energies,Thermochemistry,MACE-POLAR-1-S,25.559998904184724,106.92380447191164,81.36380556772691,81.36380556772691,single_atom
HAT707_400,HAT707MR,Bond Dissociation Energies,Thermochemistry,MACE-POLAR-1-S,-77.33999674465257,-68.02528228546433,9.314714459188238,9.314714459188238,single_atom
HAT707_404,HAT707MR,Bond Dissociation Energies,Thermochemistry,MACE-POLAR-1-S,-139.979994200544,-137.54379272599073,2.436201474553286,2.436201474553286,single_atom
HAT707_406,HAT707MR,Bond Dissociation Energies,Thermochemistry,MACE-POLAR-1-S,-206.6499911583668,-198.66138660649852,7.988604551868264,7.988604551868264,single_atom
HAT707_411,HAT707MR,Bond Dissociation Energies,Thermochemistry,MACE-POLAR-1-S,-4.689999534029699,10.653358719063585,15.343358253093283,15.343358253093283,single_atom
HAT707_412,HAT707MR,Bond Dissociation Energies,Thermochemistry,MACE-POLAR-1-S,26.46999871074863,44.89961172894217,18.42961301819354,18.42961301819354,single_atom
HAT707_413,HAT707MR,Bond Dissociation Energies,Thermochemistry,MACE-POLAR-1-S,16.959999132457696,25.017592657727047,8.05759352526935,8.05759352526935,single_atom
HAT707_414,HAT707MR,Bond Dissociation Energies,Thermochemistry,MACE-POLAR-1-S,-70.40999734888354,-60.003974242059854,10.406023106823682,10.406023106823682,single_atom
HAT707_432,HAT707MR,Bond Dissociation Energies,Thermochemistry,MACE-POLAR-1-S,-51.44999813817338,-48.13796424011854,3.3120338980548354,3.3120338980548354,single_atom
HAT707_433,HAT707MR,Bond Dissociation Energies,Thermochemistry,MACE-POLAR-1-S,-33.24999886934784,-20.7662720526822,12.48372681666564,12.48372681666564,single_atom
HAT707_434,HAT707MR,Bond Dissociation Energies,Thermochemistry,MACE-POLAR-1-S,-81.07999650820388,-75.2107583251157,5.8692381830881715,5.8692381830881715,single_atom
HAT707_435,HAT707MR,Bond Dissociation Energies,Thermochemistry,MACE-POLAR-1-S,-73.38999717055023,-61.94927799519848,11.440719175351752,11.440719175351752,single_atom
HAT707_438,HAT707MR,Bond Dissociation Energies,Thermochemistry,MACE-POLAR-1-S,-67.74999723853267,-67.61732459189982,0.13267264663285516,0.13267264663285516,single_atom
HAT707_439,HAT707MR,Bond Dissociation Energies,Thermochemistry,MACE-POLAR-1-S,115.05999524364726,93.37560802069648,-21.68438722295079,21.68438722295079,single_atom
HAT707_440,HAT707MR,Bond Dissociation Energies,Thermochemistry,MACE-POLAR-1-S,67.87999719397493,70.16454306184364,2.284545867868715,2.284545867868715,single_atom
HAT707_441,HAT707MR,Bond Dissociation Energies,Thermochemistry,MACE-POLAR-1-S,44.81999784425348,48.37805743148652,3.558059587233039,3.558059587233039,single_atom
HAT707_442,HAT707MR,Bond Dissociation Energies,Thermochemistry,MACE-POLAR-1-S,63.78999736304788,68.06904003143215,4.279042668384271,4.279042668384271,single_atom
HAT707_443,HAT707MR,Bond Dissociation Energies,Thermochemistry,MACE-POLAR-1-S,84.75999649618954,82.54142239821772,-2.2185740979718247,2.2185740979718247,single_atom
HAT707_444,HAT707MR,Bond Dissociation Energies,Thermochemistry,MACE-POLAR-1-S,71.72999678557086,65.52194179801278,-6.208054987558086,6.208054987558086,single_atom
HAT707_448,HAT707MR,Bond Dissociation Energies,Thermochemistry,MACE-POLAR-1-S,73.38999696620303,61.94927799521945,-11.440718970983582,11.440718970983582,single_atom
HAT707_45,HAT707MR,Bond Dissociation Energies,Thermochemistry,MACE-POLAR-1-S,-242.63999006589444,-177.08805197691805,65.55193808897639,65.55193808897639,single_atom
HAT707_469,HAT707MR,Bond Dissociation Energies,Thermochemistry,MACE-POLAR-1-S,-154.63999352539065,-150.63633467491738,4.003658850473272,4.003658850473272,single_atom
HAT707_484,HAT707MR,Bond Dissociation Energies,Thermochemistry,MACE-POLAR-1-S,68.69999716007831,72.60263671424109,3.902639554162775,3.902639554162775,single_atom
HAT707_485,HAT707MR,Bond Dissociation Energies,Thermochemistry,MACE-POLAR-1-S,99.85999588129889,106.84888972420356,6.988893842904673,6.988893842904673,single_atom
HAT707_5,HAT707MR,Bond Dissociation Energies,Thermochemistry,MACE-POLAR-1-S,127.73999457505188,207.92131323896564,80.18131866391376,80.18131866391376,single_atom
HAT707_501,HAT707MR,Bond Dissociation Energies,Thermochemistry,MACE-POLAR-1-S,-95.25999626607674,-103.73546595745552,-8.475469691378777,8.475469691378777,single_atom
HAT707_505,HAT707MR,Bond Dissociation Energies,Thermochemistry,MACE-POLAR-1-S,38.269998105672,40.515773852720194,2.2457757470481923,2.2457757470481923,single_atom
HAT707_506,HAT707MR,Bond Dissociation Energies,Thermochemistry,MACE-POLAR-1-S,40.13999830120239,30.89900949109296,-9.240988810109428,9.240988810109428,single_atom
HAT707_509,HAT707MR,Bond Dissociation Energies,Thermochemistry,MACE-POLAR-1-S,45.149998174057416,47.85439125422624,2.7043930801688276,2.7043930801688276,single_atom
HAT707_510,HAT707MR,Bond Dissociation Energies,Thermochemistry,MACE-POLAR-1-S,6.859999458918696,10.9611224321632,4.101122973244505,4.101122973244505,single_atom
HAT707_511,HAT707MR,Bond Dissociation Energies,Thermochemistry,MACE-POLAR-1-S,-16.199999190573088,-10.825363198110033,5.374635992463055,5.374635992463055,single_atom
HAT707_512,HAT707MR,Bond Dissociation Energies,Thermochemistry,MACE-POLAR-1-S,48.89999792858734,63.61673428723765,14.716736358650309,14.716736358650309,single_atom
HAT707_513,HAT707MR,Bond Dissociation Energies,Thermochemistry,MACE-POLAR-1-S,2.7700000111156804,8.8656194018356,6.09561939071992,6.09561939071992,single_atom
HAT707_514,HAT707MR,Bond Dissociation Energies,Thermochemistry,MACE-POLAR-1-S,52.44999786354487,74.01066170450542,21.56066384096055,21.56066384096055,single_atom
HAT707_515,HAT707MR,Bond Dissociation Energies,Thermochemistry,MACE-POLAR-1-S,23.739999291056904,23.33800176857923,-0.40199752247767506,0.40199752247767506,single_atom
HAT707_516,HAT707MR,Bond Dissociation Energies,Thermochemistry,MACE-POLAR-1-S,22.089998897056155,26.067905623973974,3.977906726917819,3.977906726917819,single_atom
HAT707_517,HAT707MR,Bond Dissociation Energies,Thermochemistry,MACE-POLAR-1-S,10.709999750744302,6.318521168416225,-4.3914785823280775,4.3914785823280775,single_atom
HAT707_521,HAT707MR,Bond Dissociation Energies,Thermochemistry,MACE-POLAR-1-S,9.71999938884196,9.570630259060277,-0.14936912978168237,0.14936912978168237,single_atom
HAT707_546,HAT707MR,Bond Dissociation Energies,Thermochemistry,MACE-POLAR-1-S,7.679999974184497,13.399216084644536,5.719216110460039,5.719216110460039,single_atom
HAT707_547,HAT707MR,Bond Dissociation Energies,Thermochemistry,MACE-POLAR-1-S,38.839998218962826,47.64546909452312,8.805470875560296,8.805470875560296,single_atom
HAT707_580,HAT707MR,Bond Dissociation Energies,Thermochemistry,MACE-POLAR-1-S,-1.6299997845340342,-10.33127580022512,-8.701276015691086,8.701276015691086,single_atom
HAT707_581,HAT707MR,Bond Dissociation Energies,Thermochemistry,MACE-POLAR-1-S,15.2499994200947,5.536421286414733,-9.713578133679967,9.713578133679967,single_atom
HAT707_6,HAT707MR,Bond Dissociation Energies,Thermochemistry,MACE-POLAR-1-S,44.529998105873496,126.61478707179435,82.08478896592086,82.08478896592086,single_atom
HAT707_666,HAT707MR,Bond Dissociation Energies,Thermochemistry,MACE-POLAR-1-S,16.199999190573088,10.825363198089056,-5.374635992484032,5.374635992484032,single_atom
HAT707_667,HAT707MR,Bond Dissociation Energies,Thermochemistry,MACE-POLAR-1-S,-12.369999508214198,-16.4972753649137,-4.127275856699503,4.127275856699503,single_atom
HAT707_668,HAT707MR,Bond Dissociation Energies,Thermochemistry,MACE-POLAR-1-S,28.569998698787284,13.571220563711956,-14.998778135075328,14.998778135075328,single_atom
HAT707_673,HAT707MR,Bond Dissociation Energies,Thermochemistry,MACE-POLAR-1-S,-71.0999973539178,-86.50678809097889,-15.406790737061087,15.406790737061087,single_atom
HAT707_688,HAT707MR,Bond Dissociation Energies,Thermochemistry,MACE-POLAR-1-S,-111.40999550175673,-123.97257216227878,-12.562576660522055,12.562576660522055,single_atom
HAT707_689,HAT707MR,Bond Dissociation Energies,Thermochemistry,MACE-POLAR-1-S,-178.07999245957947,-185.0901660427866,-7.01017358320712,7.01017358320712,single_atom
HAT707_690,HAT707MR,Bond Dissociation Energies,Thermochemistry,MACE-POLAR-1-S,-123.07999501395804,-120.33846238949153,2.7415326244665152,2.7415326244665152,single_atom
HAT707_698,HAT707MR,Bond Dissociation Energies,Thermochemistry,MACE-POLAR-1-S,-101.99999583325202,-96.703828638603,5.296167194649016,5.296167194649016,single_atom
HAT707_699,HAT707MR,Bond Dissociation Energies,Thermochemistry,MACE-POLAR-1-S,-92.01999605145645,-88.7600040883403,3.25999196311615,3.25999196311615,single_atom
HAT707_7,HAT707MR,Bond Dissociation Energies,Thermochemistry,MACE-POLAR-1-S,100.19999585793012,189.18122238384584,88.98122652591572,88.98122652591572,single_atom
HAT707_700,HAT707MR,Bond Dissociation Energies,Thermochemistry,MACE-POLAR-1-S,-141.80999443215993,-173.31170253117668,-31.501708099016753,31.501708099016753,single_atom
HAT707_704,HAT707MR,Bond Dissociation Energies,Thermochemistry,MACE-POLAR-1-S,-44.81999784425348,-48.37805743150749,-3.5580595872540144,3.5580595872540144,single_atom
HAT707_705,HAT707MR,Bond Dissociation Energies,Thermochemistry,MACE-POLAR-1-S,-22.089998897056155,-26.067905623953003,-3.9779067268968475,3.9779067268968475,single_atom
HAT707_706,HAT707MR,Bond Dissociation Energies,Thermochemistry,MACE-POLAR-1-S,1.6599997574698946,-3.5726638028142976,-5.232663560284192,5.232663560284192,single_atom
HAT707_707,HAT707MR,Bond Dissociation Energies,Thermochemistry,MACE-POLAR-1-S,-39.17999853974538,-54.04610402818786,-14.866105488442486,14.866105488442486,single_atom
HAT707_71,HAT707MR,Bond Dissociation Energies,Thermochemistry,MACE-POLAR-1-S,49.43999806894231,131.1483837546662,81.7083856857239,81.7083856857239,single_atom
HAT707_72,HAT707MR,Bond Dissociation Energies,Thermochemistry,MACE-POLAR-1-S,80.59999666815555,165.39463676456575,84.79464009641019,84.79464009641019,single_atom
HAT707_8,HAT707MR,Bond Dissociation Energies,Thermochemistry,MACE-POLAR-1-S,71.48999704474521,138.50856244800357,67.01856540325836,67.01856540325836,single_atom
HAT707_9,HAT707MR,Bond Dissociation Energies,Thermochemistry,MACE-POLAR-1-S,65.49999738581472,141.08716943866384,75.58717205284911,75.58717205284911,single_atom
HAT707_10,HAT707MR,Bond Dissociation Energies,Thermochemistry,wB97M-V,100.9399958273404,99.78715075374228,-1.1528450735981153,1.1528450735981153,single_atom
HAT707_103,HAT707MR,Bond Dissociation Energies,Thermochemistry,wB97M-V,-111.77999516796568,-113.45664733261894,-1.6766521646532624,1.6766521646532624,single_atom
HAT707_108,HAT707MR,Bond Dissociation Energies,Thermochemistry,wB97M-V,21.74999920378307,24.2683699865934,2.5183707828103294,2.5183707828103294,single_atom
HAT707_109,HAT707MR,Bond Dissociation Energies,Thermochemistry,wB97M-V,23.61999877180399,29.25052996231726,5.6305311905132704,5.6305311905132704,single_atom
HAT707_11,HAT707MR,Bond Dissociation Energies,Thermochemistry,wB97M-V,52.46999784550211,49.96164682023511,-2.5083510252669967,2.5083510252669967,single_atom
HAT707_117,HAT707MR,Bond Dissociation Energies,Thermochemistry,wB97M-V,17.539999236727137,25.09564032460528,7.5556410878781435,7.5556410878781435,single_atom
HAT707_119,HAT707MR,Bond Dissociation Energies,Thermochemistry,wB97M-V,115.06999533747909,116.00660349101292,0.9366081535338395,0.9366081535338395,single_atom
HAT707_120,HAT707MR,Bond Dissociation Energies,Thermochemistry,wB97M-V,201.13999168527053,204.79193422514967,3.651942539879144,3.651942539879144,single_atom
HAT707_121,HAT707MR,Bond Dissociation Energies,Thermochemistry,wB97M-V,178.0799926385257,183.4736693206449,5.393676682119178,5.393676682119178,single_atom
HAT707_122,HAT707MR,Bond Dissociation Energies,Thermochemistry,wB97M-V,118.81999508821634,126.1967876338742,7.37679254565785,7.37679254565785,single_atom
HAT707_123,HAT707MR,Bond Dissociation Energies,Thermochemistry,wB97M-V,197.04999185434352,200.30974160704773,3.2597497527042094,3.2597497527042094,single_atom
HAT707_124,HAT707MR,Bond Dissociation Energies,Thermochemistry,wB97M-V,218.0199909874852,218.33985165914544,0.31986067166025123,0.31986067166025123,single_atom
HAT707_125,HAT707MR,Bond Dissociation Energies,Thermochemistry,wB97M-V,92.01999605145645,94.68833858652594,2.668342535069499,2.668342535069499,single_atom
HAT707_126,HAT707MR,Bond Dissociation Energies,Thermochemistry,wB97M-V,204.98999152611952,202.73224393974155,-2.257747586377974,2.257747586377974,single_atom
HAT707_129,HAT707MR,Bond Dissociation Energies,Thermochemistry,wB97M-V,79.64999670742696,80.0007327353531,0.350736027926132,0.350736027926132,single_atom
HAT707_130,HAT707MR,Bond Dissociation Energies,Thermochemistry,wB97M-V,206.64999145749803,205.6477858626913,-1.0022055948067248,1.0022055948067248,single_atom
HAT707_16,HAT707MR,Bond Dissociation Energies,Thermochemistry,wB97M-V,88.55999633910517,85.09954490259616,-3.460451436509004,3.460451436509004,single_atom
HAT707_161,HAT707MR,Bond Dissociation Energies,Thermochemistry,wB97M-V,233.119990363281,242.172357581116,9.052367217834984,9.052367217834984,single_atom
HAT707_17,HAT707MR,Bond Dissociation Energies,Thermochemistry,wB97M-V,54.129997602972,52.87718874322052,-1.2528088597514753,1.2528088597514753,single_atom
HAT707_176,HAT707MR,Bond Dissociation Energies,Thermochemistry,wB97M-V,-27.29999858948358,-30.72859577254201,-3.4285971830584323,3.4285971830584323,single_atom
HAT707_181,HAT707MR,Bond Dissociation Energies,Thermochemistry,wB97M-V,106.22999578226516,106.99642154656333,0.7664257642981624,0.7664257642981624,single_atom
HAT707_182,HAT707MR,Bond Dissociation Energies,Thermochemistry,wB97M-V,108.09999553136022,111.9785815222872,3.878585990926979,3.878585990926979,single_atom
HAT707_188,HAT707MR,Bond Dissociation Energies,Thermochemistry,wB97M-V,94.15999610761192,99.05703300127183,4.897036893659916,4.897036893659916,single_atom
HAT707_189,HAT707MR,Bond Dissociation Energies,Thermochemistry,wB97M-V,71.09999706086647,77.7387680967492,6.638771035882726,6.638771035882726,single_atom
HAT707_190,HAT707MR,Bond Dissociation Energies,Thermochemistry,wB97M-V,90.06999627668488,94.5748403831343,4.504844106449426,4.504844106449426,single_atom
HAT707_191,HAT707MR,Bond Dissociation Energies,Thermochemistry,wB97M-V,111.03999540982656,112.60495043530328,1.5649550254767206,1.5649550254767206,single_atom
HAT707_192,HAT707MR,Bond Dissociation Energies,Thermochemistry,wB97M-V,98.0099959484609,96.99734271584587,-1.0126532326150226,1.0126532326150226,single_atom
HAT707_196,HAT707MR,Bond Dissociation Energies,Thermochemistry,wB97M-V,99.6699958798394,99.91288463880456,0.24288875896515094,0.24288875896515094,single_atom
HAT707_2,HAT707MR,Bond Dissociation Energies,Thermochemistry,wB97M-V,123.98999487449908,121.10541565822923,-2.8845792162698416,2.8845792162698416,single_atom
HAT707_221,HAT707MR,Bond Dissociation Energies,Thermochemistry,wB97M-V,-145.50999423179678,-151.44281480829144,-5.932820576494663,5.932820576494663,single_atom
HAT707_236,HAT707MR,Bond Dissociation Energies,Thermochemistry,wB97M-V,94.97999607371467,100.48806521932327,5.5080691456086015,5.5080691456086015,single_atom
HAT707_237,HAT707MR,Bond Dissociation Energies,Thermochemistry,wB97M-V,126.13999478562236,136.43745635722033,10.297461571597964,10.297461571597964,single_atom
HAT707_260,HAT707MR,Bond Dissociation Energies,Thermochemistry,wB97M-V,38.35999865198906,47.58817776414387,9.228179112154812,9.228179112154812,single_atom
HAT707_261,HAT707MR,Bond Dissociation Energies,Thermochemistry,wB97M-V,-62.009997396728906,-60.55307018447089,1.456927212258016,1.456927212258016,single_atom
HAT707_262,HAT707MR,Bond Dissociation Energies,Thermochemistry,wB97M-V,35.42999878521545,36.00587075565092,0.5758719704354647,0.5758719704354647,single_atom
HAT707_263,HAT707MR,Bond Dissociation Energies,Thermochemistry,wB97M-V,62.22999719825855,67.51431980303484,5.2843226047762855,5.2843226047762855,single_atom
HAT707_264,HAT707MR,Bond Dissociation Energies,Thermochemistry,wB97M-V,39.17999853974538,46.19605489854786,7.01605635880248,7.01605635880248,single_atom
HAT707_265,HAT707MR,Bond Dissociation Energies,Thermochemistry,wB97M-V,58.14999774143416,63.03212718496864,4.882129443534474,4.882129443534474,single_atom
HAT707_266,HAT707MR,Bond Dissociation Energies,Thermochemistry,wB97M-V,29.439998541436715,31.09286288867128,1.6528643472345657,1.6528643472345657,single_atom
HAT707_267,HAT707MR,Bond Dissociation Energies,Thermochemistry,wB97M-V,79.11999672933624,81.06223723706628,1.9422405077300482,1.9422405077300482,single_atom
HAT707_268,HAT707MR,Bond Dissociation Energies,Thermochemistry,wB97M-V,12.369999508214198,14.68760585116394,2.317606342949743,2.317606342949743,single_atom
HAT707_269,HAT707MR,Bond Dissociation Energies,Thermochemistry,wB97M-V,66.08999726796996,65.4546295176089,-0.6353677503610697,0.6353677503610697,single_atom
HAT707_273,HAT707MR,Bond Dissociation Energies,Thermochemistry,wB97M-V,67.7499971993491,68.37017144056756,0.6201742412184643,0.6201742412184643,single_atom
HAT707_296,HAT707MR,Bond Dissociation Energies,Thermochemistry,wB97M-V,-67.12999717034874,-66.72129202952829,0.4087051408204587,0.4087051408204587,single_atom
HAT707_297,HAT707MR,Bond Dissociation Energies,Thermochemistry,wB97M-V,-71.2499972185971,-69.61864295483898,1.6313542637581264,1.6313542637581264,single_atom
HAT707_3,HAT707MR,Bond Dissociation Energies,Thermochemistry,wB97M-V,48.619998181185984,52.02133710564322,3.401338924457235,3.401338924457235,single_atom
HAT707_315,HAT707MR,Bond Dissociation Energies,Thermochemistry,wB97M-V,-110.70999550574386,-108.99911640158786,1.7108791041560067,1.7108791041560067,single_atom
HAT707_316,HAT707MR,Bond Dissociation Energies,Thermochemistry,wB97M-V,63.05999739322439,68.94535202108628,5.8853546278618865,5.8853546278618865,single_atom
HAT707_317,HAT707MR,Bond Dissociation Energies,Thermochemistry,wB97M-V,94.21999610513204,104.894743159019,10.67474705388696,10.67474705388696,single_atom
HAT707_325,HAT707MR,Bond Dissociation Energies,Thermochemistry,wB97M-V,-74.7399972076829,-73.9365992125708,0.8033979951121069,0.8033979951121069,single_atom
HAT707_330,HAT707MR,Bond Dissociation Energies,Thermochemistry,wB97M-V,-79.2299969221402,-81.86886659219189,-2.6388696700516903,2.6388696700516903,single_atom
HAT707_334,HAT707MR,Bond Dissociation Energies,Thermochemistry,wB97M-V,-72.98999690389596,-72.00105609172898,0.9889408121669732,0.9889408121669732,single_atom
HAT707_336,HAT707MR,Bond Dissociation Energies,Thermochemistry,wB97M-V,-89.62999632503781,-88.48291226948264,1.147084055555169,1.147084055555169,single_atom
HAT707_339,HAT707MR,Bond Dissociation Energies,Thermochemistry,wB97M-V,-79.64999654324225,-80.00073273533971,-0.35073619209745743,0.35073619209745743,single_atom
HAT707_341,HAT707MR,Bond Dissociation Energies,Thermochemistry,wB97M-V,-129.43999492394573,-129.80871415707352,-0.3687192331277913,0.3687192331277913,single_atom
HAT707_346,HAT707MR,Bond Dissociation Energies,Thermochemistry,wB97M-V,-73.04999684976768,-74.91175853614718,-1.861761686379495,1.861761686379495,single_atom
HAT707_349,HAT707MR,Bond Dissociation Energies,Thermochemistry,wB97M-V,60.47999752198108,62.8132587830295,2.3332612610484134,2.3332612610484134,single_atom
HAT707_350,HAT707MR,Bond Dissociation Energies,Thermochemistry,wB97M-V,62.34999771751146,67.79541875875336,5.4454210412419,5.4454210412419,single_atom
HAT707_354,HAT707MR,Bond Dissociation Energies,Thermochemistry,wB97M-V,-9.71999938884196,-9.035635171846964,0.6843642169949948,0.6843642169949948,single_atom
HAT707_355,HAT707MR,Bond Dissociation Energies,Thermochemistry,wB97M-V,14.029999265684092,17.603147774122597,3.5731485084385053,3.5731485084385053,single_atom
HAT707_358,HAT707MR,Bond Dissociation Energies,Thermochemistry,wB97M-V,21.38999890104327,18.40272298151049,-2.987275919532781,2.987275919532781,single_atom
HAT707_359,HAT707MR,Bond Dissociation Energies,Thermochemistry,wB97M-V,-5.510000049295501,-0.8558516375683827,4.654148411727118,4.654148411727118,single_atom
HAT707_360,HAT707MR,Bond Dissociation Energies,Thermochemistry,wB97M-V,-28.569998698787284,-22.174116542037524,6.39588215674976,6.39588215674976,single_atom
HAT707_361,HAT707MR,Bond Dissociation Energies,Thermochemistry,wB97M-V,25.1399986555732,28.59290712440744,3.452908468834238,3.452908468834238,single_atom
HAT707_362,HAT707MR,Bond Dissociation Energies,Thermochemistry,wB97M-V,-9.599999497098516,-5.338044255670251,4.261955241428264,4.261955241428264,single_atom
HAT707_363,HAT707MR,Bond Dissociation Energies,Thermochemistry,wB97M-V,55.49999762206192,59.83200199708701,4.332004375025093,4.332004375025093,single_atom
HAT707_364,HAT707MR,Bond Dissociation Energies,Thermochemistry,wB97M-V,26.78999904957395,27.89273770084316,1.1027386512692097,1.1027386512692097,single_atom
HAT707_365,HAT707MR,Bond Dissociation Energies,Thermochemistry,wB97M-V,11.369999782842708,12.692065796570066,1.3220660137273583,1.3220660137273583,single_atom
HAT707_366,HAT707MR,Bond Dissociation Energies,Thermochemistry,wB97M-V,-1.6599997574698946,-2.915541922976491,-1.2555421655065964,1.2555421655065964,single_atom
HAT707_367,HAT707MR,Bond Dissociation Energies,Thermochemistry,wB97M-V,-5.649999922996183,-4.717314331167493,0.9326855918286894,0.9326855918286894,single_atom
HAT707_368,HAT707MR,Bond Dissociation Energies,Thermochemistry,wB97M-V,36.05999821686853,36.150445487177215,0.09044727030868671,0.09044727030868671,single_atom
HAT707_370,HAT707MR,Bond Dissociation Energies,Thermochemistry,wB97M-V,-12.369999508214198,-12.235760359746427,0.13423914846777052,0.13423914846777052,single_atom
HAT707_371,HAT707MR,Bond Dissociation Energies,Thermochemistry,wB97M-V,-14.029999265684092,-17.603147774113676,-3.5731485084295844,3.5731485084295844,single_atom
HAT707_372,HAT707MR,Bond Dissociation Energies,Thermochemistry,wB97M-V,-22.059998924120293,-20.06895930463834,1.9910396194819526,1.9910396194819526,single_atom
HAT707_373,HAT707MR,Bond Dissociation Energies,Thermochemistry,wB97M-V,10.709999750744302,13.328636381872595,2.618636631128293,2.618636631128293,single_atom
HAT707_374,HAT707MR,Bond Dissociation Energies,Thermochemistry,wB97M-V,-53.6799980089341,-53.30782615588748,0.37217185304661626,0.37217185304661626,single_atom
HAT707_376,HAT707MR,Bond Dissociation Energies,Thermochemistry,wB97M-V,-68.23999742399454,-69.70234512585411,-1.4623477018595707,1.4623477018595707,single_atom
HAT707_377,HAT707MR,Bond Dissociation Energies,Thermochemistry,wB97M-V,-99.66999605270507,-99.9128846388001,-0.2428885860950203,0.2428885860950203,single_atom
HAT707_378,HAT707MR,Bond Dissociation Energies,Thermochemistry,wB97M-V,2.5299996001193223,2.386528218522846,-0.14347138159647654,0.14347138159647654,single_atom
HAT707_379,HAT707MR,Bond Dissociation Energies,Thermochemistry,wB97M-V,-34.35999849548415,-34.53759785834401,-0.17759936285985845,0.17759936285985845,single_atom
HAT707_380,HAT707MR,Bond Dissociation Energies,Thermochemistry,wB97M-V,-40.009998418480336,-38.7341403827238,1.275858035756535,1.275858035756535,single_atom
HAT707_382,HAT707MR,Bond Dissociation Energies,Thermochemistry,wB97M-V,-78.65999680884937,-79.32760702484187,-0.6676102159924966,0.6676102159924966,single_atom
HAT707_383,HAT707MR,Bond Dissociation Energies,Thermochemistry,wB97M-V,-126.34999457400474,-123.46417808853764,2.885816485467103,2.885816485467103,single_atom
HAT707_385,HAT707MR,Bond Dissociation Energies,Thermochemistry,wB97M-V,-120.44999487654304,-118.48147996064432,1.968514915898723,1.968514915898723,single_atom
HAT707_387,HAT707MR,Bond Dissociation Energies,Thermochemistry,wB97M-V,-125.94999493485992,-124.39087253368471,1.5591224011752018,1.5591224011752018,single_atom
HAT707_390,HAT707MR,Bond Dissociation Energies,Thermochemistry,wB97M-V,-60.6899973325321,-60.2264337446995,0.46356358783260276,0.46356358783260276,single_atom
HAT707_391,HAT707MR,Bond Dissociation Energies,Thermochemistry,wB97M-V,-108.77999536434172,-105.67968321393788,3.1003121504038376,3.1003121504038376,single_atom
HAT707_392,HAT707MR,Bond Dissociation Energies,Thermochemistry,wB97M-V,-194.1399917764519,-192.3683451568308,1.7716466196210945,1.7716466196210945,single_atom
HAT707_394,HAT707MR,Bond Dissociation Energies,Thermochemistry,wB97M-V,-130.83999428846204,-129.28181327697538,1.5581810114866528,1.5581810114866528,single_atom
HAT707_396,HAT707MR,Bond Dissociation Energies,Thermochemistry,wB97M-V,-142.12999414347578,-140.9049062677539,1.225087875721897,1.225087875721897,single_atom
HAT707_398,HAT707MR,Bond Dissociation Energies,Thermochemistry,wB97M-V,-110.44999574029973,-110.78063857703988,-0.3306428367401537,0.3306428367401537,single_atom
HAT707_4,HAT707MR,Bond Dissociation Energies,Thermochemistry,wB97M-V,25.559998904184724,30.70307220117408,5.143073296989357,5.143073296989357,single_atom
HAT707_400,HAT707MR,Bond Dissociation Energies,Thermochemistry,wB97M-V,-77.33999674465257,-75.23117215364256,2.1088245910100056,2.1088245910100056,single_atom
HAT707_404,HAT707MR,Bond Dissociation Energies,Thermochemistry,wB97M-V,-139.979994200544,-138.07406249875166,1.9059317017923547,1.9059317017923547,single_atom
HAT707_406,HAT707MR,Bond Dissociation Energies,Thermochemistry,wB97M-V,-206.6499911583668,-205.64778586267792,1.0022052956888672,1.0022052956888672,single_atom
HAT707_411,HAT707MR,Bond Dissociation Energies,Thermochemistry,wB97M-V,-4.689999534029699,0.575180580500889,5.265180114530588,5.265180114530588,single_atom
HAT707_412,HAT707MR,Bond Dissociation Energies,Thermochemistry,wB97M-V,26.46999871074863,36.52457171843361,10.054573007684983,10.054573007684983,single_atom
HAT707_413,HAT707MR,Bond Dissociation Energies,Thermochemistry,wB97M-V,16.959999132457696,17.42870861173272,0.4687094792750237,0.4687094792750237,single_atom
HAT707_414,HAT707MR,Bond Dissociation Energies,Thermochemistry,wB97M-V,-70.40999734888354,-68.74784328862383,1.6621540602597094,1.6621540602597094,single_atom
HAT707_432,HAT707MR,Bond Dissociation Energies,Thermochemistry,wB97M-V,-51.44999813817338,-46.49545341103781,4.95454472713557,4.95454472713557,single_atom
HAT707_433,HAT707MR,Bond Dissociation Energies,Thermochemistry,wB97M-V,-33.24999886934784,-29.745958983317283,3.504039886030558,3.504039886030558,single_atom
HAT707_434,HAT707MR,Bond Dissociation Energies,Thermochemistry,wB97M-V,-81.07999650820388,-77.0113992749995,4.068597233204372,4.068597233204372,single_atom
HAT707_435,HAT707MR,Bond Dissociation Energies,Thermochemistry,wB97M-V,-73.38999717055023,-72.7403248148744,0.6496723556758326,0.6496723556758326,single_atom
HAT707_438,HAT707MR,Bond Dissociation Energies,Thermochemistry,wB97M-V,-67.74999723853267,-68.37017144057647,-0.620174202043799,0.620174202043799,single_atom
HAT707_439,HAT707MR,Bond Dissociation Energies,Thermochemistry,wB97M-V,115.05999524364726,124.42461710664806,9.364621863000792,9.364621863000792,single_atom
HAT707_440,HAT707MR,Bond Dissociation Energies,Thermochemistry,wB97M-V,67.87999719397493,71.88447317734169,4.00447598336676,4.00447598336676,single_atom
HAT707_441,HAT707MR,Bond Dissociation Energies,Thermochemistry,wB97M-V,44.81999784425348,50.56620827287255,5.746210428619072,5.746210428619072,single_atom
HAT707_442,HAT707MR,Bond Dissociation Energies,Thermochemistry,wB97M-V,63.78999736304788,67.40228055931117,3.6122831962632844,3.6122831962632844,single_atom
HAT707_443,HAT707MR,Bond Dissociation Energies,Thermochemistry,wB97M-V,84.75999649618954,85.4323906114088,0.6723941152192623,0.6723941152192623,single_atom
HAT707_444,HAT707MR,Bond Dissociation Energies,Thermochemistry,wB97M-V,71.72999678557086,69.82478289193358,-1.9052138936372813,1.9052138936372813,single_atom
HAT707_448,HAT707MR,Bond Dissociation Energies,Thermochemistry,wB97M-V,73.38999696620303,72.7403248149279,-0.6496721512751265,0.6496721512751265,single_atom
HAT707_45,HAT707MR,Bond Dissociation Energies,Thermochemistry,wB97M-V,-242.63999006589444,-242.8619833395216,-0.22199327362716303,0.22199327362716303,single_atom
HAT707_469,HAT707MR,Bond Dissociation Energies,Thermochemistry,wB97M-V,-154.63999352539065,-155.4455903137311,-0.8055967883404378,0.8055967883404378,single_atom
HAT707_484,HAT707MR,Bond Dissociation Energies,Thermochemistry,wB97M-V,68.69999716007831,73.31550539541097,4.615508235332655,4.615508235332655,single_atom
HAT707_485,HAT707MR,Bond Dissociation Energies,Thermochemistry,wB97M-V,99.85999588129889,109.26489653330802,9.404900652009133,9.404900652009133,single_atom
HAT707_5,HAT707MR,Bond Dissociation Energies,Thermochemistry,wB97M-V,127.73999457505188,131.2955998011262,3.55560522607432,3.55560522607432,single_atom
HAT707_501,HAT707MR,Bond Dissociation Energies,Thermochemistry,wB97M-V,-95.25999626607674,-96.88769277710352,-1.6276965110267838,1.6276965110267838,single_atom
HAT707_505,HAT707MR,Bond Dissociation Energies,Thermochemistry,wB97M-V,38.269998105672,40.83732454225151,2.5673264365795063,2.5673264365795063,single_atom
HAT707_506,HAT707MR,Bond Dissociation Energies,Thermochemistry,wB97M-V,40.13999830120239,45.81948451790402,5.679486216701633,5.679486216701633,single_atom
HAT707_509,HAT707MR,Bond Dissociation Energies,Thermochemistry,wB97M-V,45.149998174057416,45.04150592749788,-0.10849224655953549,0.10849224655953549,single_atom
HAT707_510,HAT707MR,Bond Dissociation Energies,Thermochemistry,wB97M-V,6.859999458918696,11.379908722142376,4.51990926322368,4.51990926322368,single_atom
HAT707_511,HAT707MR,Bond Dissociation Energies,Thermochemistry,wB97M-V,-16.199999190573088,-9.938356182326764,6.261643008246324,6.261643008246324,single_atom
HAT707_512,HAT707MR,Bond Dissociation Energies,Thermochemistry,wB97M-V,48.89999792858734,55.231690070394826,6.331692141807487,6.331692141807487,single_atom
HAT707_513,HAT707MR,Bond Dissociation Energies,Thermochemistry,wB97M-V,2.7700000111156804,6.897716104076178,4.1277160929604975,4.1277160929604975,single_atom
HAT707_514,HAT707MR,Bond Dissociation Energies,Thermochemistry,wB97M-V,52.44999786354487,56.867090452489016,4.4170925889441435,4.4170925889441435,single_atom
HAT707_515,HAT707MR,Bond Dissociation Energies,Thermochemistry,wB97M-V,23.739999291056904,24.92782615617382,1.1878268651169144,1.1878268651169144,single_atom
HAT707_516,HAT707MR,Bond Dissociation Energies,Thermochemistry,wB97M-V,22.089998897056155,23.723241023010903,1.633242125954748,1.633242125954748,single_atom
HAT707_517,HAT707MR,Bond Dissociation Energies,Thermochemistry,wB97M-V,10.709999750744302,9.320218436734269,-1.3897813140100332,1.3897813140100332,single_atom
HAT707_521,HAT707MR,Bond Dissociation Energies,Thermochemistry,wB97M-V,9.71999938884196,9.035635171873716,-0.6843642169682429,0.6843642169682429,single_atom
HAT707_546,HAT707MR,Bond Dissociation Energies,Thermochemistry,wB97M-V,7.679999974184497,12.81094094021165,5.130940966027152,5.130940966027152,single_atom
HAT707_547,HAT707MR,Bond Dissociation Energies,Thermochemistry,wB97M-V,38.839998218962826,48.76033207818004,9.920333859217216,9.920333859217216,single_atom
HAT707_580,HAT707MR,Bond Dissociation Energies,Thermochemistry,wB97M-V,-1.6299997845340342,-3.928089327810493,-2.2980895432764585,2.2980895432764585,single_atom
HAT707_581,HAT707MR,Bond Dissociation Energies,Thermochemistry,wB97M-V,15.2499994200947,15.542442931375303,0.2924435112806041,0.2924435112806041,single_atom
HAT707_6,HAT707MR,Bond Dissociation Energies,Thermochemistry,wB97M-V,44.529998105873496,47.53914448757702,3.0091463817035233,3.0091463817035233,single_atom
HAT707_666,HAT707MR,Bond Dissociation Energies,Thermochemistry,wB97M-V,16.199999190573088,9.938356182255426,-6.261643008317662,6.261643008317662,single_atom
HAT707_667,HAT707MR,Bond Dissociation Energies,Thermochemistry,wB97M-V,-12.369999508214198,-14.687605851172856,-2.3176063429586584,2.3176063429586584,single_atom
HAT707_668,HAT707MR,Bond Dissociation Energies,Thermochemistry,wB97M-V,28.569998698787284,22.174116542037524,-6.39588215674976,6.39588215674976,single_atom
HAT707_673,HAT707MR,Bond Dissociation Energies,Thermochemistry,wB97M-V,-71.0999973539178,-77.7387680967804,-6.638770742862604,6.638770742862604,single_atom
HAT707_688,HAT707MR,Bond Dissociation Energies,Thermochemistry,wB97M-V,-111.40999550175673,-115.8999459567498,-4.489950454993078,4.489950454993078,single_atom
HAT707_689,HAT707MR,Bond Dissociation Energies,Thermochemistry,wB97M-V,-178.07999245957947,-183.47366932065825,-5.393676861078774,5.393676861078774,single_atom
HAT707_690,HAT707MR,Bond Dissociation Energies,Thermochemistry,wB97M-V,-123.07999501395804,-123.68672225271612,-0.6067272387580829,0.6067272387580829,single_atom
HAT707_698,HAT707MR,Bond Dissociation Energies,Thermochemistry,wB97M-V,-101.99999583325202,-103.17051812064658,-1.1705222873945615,1.1705222873945615,single_atom
HAT707_699,HAT707MR,Bond Dissociation Energies,Thermochemistry,wB97M-V,-92.01999605145645,-94.68833858650366,-2.6683425350472163,2.6683425350472163,single_atom
HAT707_7,HAT707MR,Bond Dissociation Energies,Thermochemistry,wB97M-V,100.19999585793012,103.48816900126296,3.288173143332841,3.288173143332841,single_atom
HAT707_700,HAT707MR,Bond Dissociation Energies,Thermochemistry,wB97M-V,-141.80999443215993,-144.49632000823746,-2.686325576077536,2.686325576077536,single_atom
HAT707_704,HAT707MR,Bond Dissociation Energies,Thermochemistry,wB97M-V,-44.81999784425348,-50.56620827287255,-5.746210428619072,5.746210428619072,single_atom
HAT707_705,HAT707MR,Bond Dissociation Energies,Thermochemistry,wB97M-V,-22.089998897056155,-23.723241023010903,-1.633242125954748,1.633242125954748,single_atom
HAT707_706,HAT707MR,Bond Dissociation Energies,Thermochemistry,wB97M-V,1.6599997574698946,2.9155419229586563,1.2555421654887617,1.2555421654887617,single_atom
HAT707_707,HAT707MR,Bond Dissociation Energies,Thermochemistry,wB97M-V,-39.17999853974538,-46.19605489855678,-7.016056358811404,7.016056358811404,single_atom
HAT707_71,HAT707MR,Bond Dissociation Energies,Thermochemistry,wB97M-V,49.43999806894231,53.45236932374816,4.012371254805849,4.012371254805849,single_atom
HAT707_72,HAT707MR,Bond Dissociation Energies,Thermochemistry,wB97M-V,80.59999666815555,89.40176046164522,8.80176379348967,8.80176379348967,single_atom
HAT707_8,HAT707MR,Bond Dissociation Energies,Thermochemistry,wB97M-V,71.48999704474521,71.54890470494774,0.058907660202535794,0.058907660202535794,single_atom
HAT707_9,HAT707MR,Bond Dissociation Energies,Thermochemistry,wB97M-V,65.49999738581472,65.56925453967466,0.0692571538599367,0.0692571538599367,single_atom
HAT707_1,HAT707nonMR,Bond Dissociation Energies,Thermochemistry,MACE-MP-0b3,26.54999863857759,9.812004523563886,-16.737994115013706,16.737994115013706,single_atom
HAT707_100,HAT707nonMR,Bond Dissociation Energies,Thermochemistry,MACE-MP-0b3,5.409999511999825,23.905066241491937,18.495066729492113,18.495066729492113,single_atom
HAT707_101,HAT707nonMR,Bond Dissociation Energies,Thermochemistry,MACE-MP-0b3,2.6800000923080995,10.61802144420946,7.93802135190136,7.93802135190136,single_atom
HAT707_102,HAT707nonMR,Bond Dissociation Energies,Thermochemistry,MACE-MP-0b3,20.889999352112262,19.76964844980304,-1.120350902309223,1.120350902309223,single_atom
HAT707_104,HAT707nonMR,Bond Dissociation Energies,Thermochemistry,MACE-MP-0b3,-26.94999890523187,-19.016667850232693,7.933331054999176,7.933331054999176,single_atom
HAT707_105,HAT707nonMR,Bond Dissociation Energies,Thermochemistry,MACE-MP-0b3,-52.06999757884783,-36.70779666644521,15.36220091240262,15.36220091240262,single_atom
HAT707_106,HAT707nonMR,Bond Dissociation Energies,Thermochemistry,MACE-MP-0b3,-38.72999831819801,-39.34015267999148,-0.6101543617934766,0.6101543617934766,single_atom
HAT707_107,HAT707nonMR,Bond Dissociation Energies,Thermochemistry,MACE-MP-0b3,-19.25999894006875,-24.59064596514924,-5.330647025080488,5.330647025080488,single_atom
HAT707_110,HAT707nonMR,Bond Dissociation Energies,Thermochemistry,MACE-MP-0b3,-16.519999529398408,-11.30360116786674,5.2163983615316685,5.2163983615316685,single_atom
HAT707_111,HAT707nonMR,Bond Dissociation Energies,Thermochemistry,MACE-MP-0b3,47.74999833853655,26.84490556536284,-20.90509277317371,20.90509277317371,single_atom
HAT707_112,HAT707nonMR,Bond Dissociation Energies,Thermochemistry,MACE-MP-0b3,44.69999795251003,29.02099796256033,-15.678999989949702,15.678999989949702,single_atom
HAT707_113,HAT707nonMR,Bond Dissociation Energies,Thermochemistry,MACE-MP-0b3,78.83999674091037,57.993933526854335,-20.84606321405603,20.84606321405603,single_atom
HAT707_114,HAT707nonMR,Bond Dissociation Energies,Thermochemistry,MACE-MP-0b3,102.59999575871892,106.69726780717836,4.097272048459445,4.097272048459445,single_atom
HAT707_115,HAT707nonMR,Bond Dissociation Energies,Thermochemistry,MACE-MP-0b3,-13.619999635560664,-21.64902386377896,-8.029024228218297,8.029024228218297,single_atom
HAT707_116,HAT707nonMR,Bond Dissociation Energies,Thermochemistry,MACE-MP-0b3,-145.38999371254386,-129.81345786790553,15.576535844638329,15.576535844638329,single_atom
HAT707_118,HAT707nonMR,Bond Dissociation Energies,Thermochemistry,MACE-MP-0b3,17.62999915553472,16.848898882641596,-0.7811002728931236,0.7811002728931236,single_atom
HAT707_12,HAT707nonMR,Bond Dissociation Energies,Thermochemistry,MACE-MP-0b3,48.4799983074853,38.71757187972602,-9.76242642775928,9.76242642775928,single_atom
HAT707_127,HAT707nonMR,Bond Dissociation Energies,Thermochemistry,MACE-MP-0b3,242.7099899668493,199.56081203301972,-43.14917793382958,43.14917793382958,single_atom
HAT707_128,HAT707nonMR,Bond Dissociation Energies,Thermochemistry,MACE-MP-0b3,194.27999227766205,171.00578934517944,-23.27420293248261,23.27420293248261,single_atom
HAT707_13,HAT707nonMR,Bond Dissociation Energies,Thermochemistry,MACE-MP-0b3,90.18999627172391,71.20042097990105,-18.98957529182286,18.98957529182286,single_atom
HAT707_131,HAT707nonMR,Bond Dissociation Energies,Thermochemistry,MACE-MP-0b3,184.5899923694152,155.6347793096465,-28.95521305976871,28.95521305976871,single_atom
HAT707_132,HAT707nonMR,Bond Dissociation Energies,Thermochemistry,MACE-MP-0b3,74.28999692899828,96.2825139775805,21.99251704858223,21.99251704858223,single_atom
HAT707_133,HAT707nonMR,Bond Dissociation Energies,Thermochemistry,MACE-MP-0b3,217.359991014768,178.5147646456024,-38.8452263691656,38.8452263691656,single_atom
HAT707_134,HAT707nonMR,Bond Dissociation Energies,Thermochemistry,MACE-MP-0b3,63.24999738537037,91.53697378655532,28.28697640118495,28.28697640118495,single_atom
HAT707_135,HAT707nonMR,Bond Dissociation Energies,Thermochemistry,MACE-MP-0b3,152.96999367652305,134.24228454575868,-18.727709130764367,18.727709130764367,single_atom
HAT707_136,HAT707nonMR,Bond Dissociation Energies,Thermochemistry,MACE-MP-0b3,44.229998376514885,79.55182482415292,35.32182644763803,35.32182644763803,single_atom
HAT707_137,HAT707nonMR,Bond Dissociation Energies,Thermochemistry,MACE-MP-0b3,26.039999098667963,68.02374002853209,41.983740929864126,41.983740929864126,single_atom
HAT707_138,HAT707nonMR,Bond Dissociation Energies,Thermochemistry,MACE-MP-0b3,138.40999427840475,105.228171304312,-33.18182297409275,33.18182297409275,single_atom
HAT707_139,HAT707nonMR,Bond Dissociation Energies,Thermochemistry,MACE-MP-0b3,82.66999658258575,118.03594835211976,35.36595176953401,35.36595176953401,single_atom
HAT707_14,HAT707nonMR,Bond Dissociation Energies,Thermochemistry,MACE-MP-0b3,42.04999846064728,11.955135142053054,-30.09486331859423,30.09486331859423,single_atom
HAT707_140,HAT707nonMR,Bond Dissociation Energies,Thermochemistry,MACE-MP-0b3,28.609998662701766,47.35910185727376,18.74910319457199,18.74910319457199,single_atom
HAT707_141,HAT707nonMR,Bond Dissociation Energies,Thermochemistry,MACE-MP-0b3,106.97999557765864,82.75713856490052,-24.222857012758126,24.222857012758126,single_atom
HAT707_142,HAT707nonMR,Bond Dissociation Energies,Thermochemistry,MACE-MP-0b3,209.17999135291325,182.6961830021725,-26.48380835074076,26.48380835074076,single_atom
HAT707_143,HAT707nonMR,Bond Dissociation Energies,Thermochemistry,MACE-MP-0b3,172.29999287745918,154.58078835711422,-17.71920452034496,17.71920452034496,single_atom
HAT707_144,HAT707nonMR,Bond Dissociation Energies,Thermochemistry,MACE-MP-0b3,166.64999311101909,141.6181771690808,-25.031815941938277,25.031815941938277,single_atom
HAT707_145,HAT707nonMR,Bond Dissociation Energies,Thermochemistry,MACE-MP-0b3,127.99999470873362,110.44610355824516,-17.553891150488468,17.553891150488468,single_atom
HAT707_146,HAT707nonMR,Bond Dissociation Energies,Thermochemistry,MACE-MP-0b3,80.29999668055672,67.39237094241709,-12.907625738139629,12.907625738139629,single_atom
HAT707_147,HAT707nonMR,Bond Dissociation Energies,Thermochemistry,MACE-MP-0b3,86.19999643666293,61.01540979533221,-25.184586641330718,25.184586641330718,single_atom
HAT707_148,HAT707nonMR,Bond Dissociation Energies,Thermochemistry,MACE-MP-0b3,80.69999666402163,46.92249016953637,-33.77750649448526,33.77750649448526,single_atom
HAT707_149,HAT707nonMR,Bond Dissociation Energies,Thermochemistry,MACE-MP-0b3,145.95999382583466,119.43780024641114,-26.522193579423515,26.522193579423515,single_atom
HAT707_15,HAT707nonMR,Bond Dissociation Energies,Thermochemistry,MACE-MP-0b3,41.759998094757805,42.64539829206072,0.8854001973029142,0.8854001973029142,single_atom
HAT707_150,HAT707nonMR,Bond Dissociation Energies,Thermochemistry,MACE-MP-0b3,97.86999595424828,65.5574153846031,-32.31258056964518,32.31258056964518,single_atom
HAT707_151,HAT707nonMR,Bond Dissociation Energies,Thermochemistry,MACE-MP-0b3,8.399999952154623,14.990049955974742,6.590050003820119,6.590050003820119,single_atom
HAT707_152,HAT707nonMR,Bond Dissociation Energies,Thermochemistry,MACE-MP-0b3,75.80999686990474,65.2267586365633,-10.583238233341433,10.583238233341433,single_atom
HAT707_153,HAT707nonMR,Bond Dissociation Energies,Thermochemistry,MACE-MP-0b3,64.52999733245754,48.12826720577001,-16.401730126687532,16.401730126687532,single_atom
HAT707_154,HAT707nonMR,Bond Dissociation Energies,Thermochemistry,MACE-MP-0b3,63.65999736842143,-3.812850573194516,-67.47284794161594,67.47284794161594,single_atom
HAT707_155,HAT707nonMR,Bond Dissociation Energies,Thermochemistry,MACE-MP-0b3,96.19999602328237,42.881876711183125,-53.31811931209924,53.31811931209924,single_atom
HAT707_156,HAT707nonMR,Bond Dissociation Energies,Thermochemistry,MACE-MP-0b3,129.30999465458058,91.51385572924168,-37.796138925338894,37.796138925338894,single_atom
HAT707_157,HAT707nonMR,Bond Dissociation Energies,Thermochemistry,MACE-MP-0b3,66.67999694880136,77.87058278337767,11.19058583457631,11.19058583457631,single_atom
HAT707_158,HAT707nonMR,Bond Dissociation Energies,Thermochemistry,MACE-MP-0b3,-47.84999824832275,10.923835929990114,58.77383417831286,58.77383417831286,single_atom
HAT707_159,HAT707nonMR,Bond Dissociation Energies,Thermochemistry,MACE-MP-0b3,97.79999595714196,60.3514635886665,-37.44853236847546,37.44853236847546,single_atom
HAT707_160,HAT707nonMR,Bond Dissociation Energies,Thermochemistry,MACE-MP-0b3,-31.0599989625016,-2.4450429874487405,28.614955975052858,28.614955975052858,single_atom
HAT707_162,HAT707nonMR,Bond Dissociation Energies,Thermochemistry,MACE-MP-0b3,223.6099907564051,198.63789160877116,-24.97209914763394,24.97209914763394,single_atom
HAT707_163,HAT707nonMR,Bond Dissociation Energies,Thermochemistry,MACE-MP-0b3,94.8199960803291,63.46292420785086,-31.357071872478244,31.357071872478244,single_atom
HAT707_164,HAT707nonMR,Bond Dissociation Energies,Thermochemistry,MACE-MP-0b3,191.39999208790343,172.72640807372554,-18.67358401417789,18.67358401417789,single_atom
HAT707_165,HAT707nonMR,Bond Dissociation Energies,Thermochemistry,MACE-MP-0b3,136.24999436769463,123.12991479872692,-13.12007956896771,13.12007956896771,single_atom
HAT707_166,HAT707nonMR,Bond Dissociation Energies,Thermochemistry,MACE-MP-0b3,67.40999721340434,112.30884509852906,44.898847885124724,44.898847885124724,single_atom
HAT707_167,HAT707nonMR,Bond Dissociation Energies,Thermochemistry,MACE-MP-0b3,4.909999963068817,12.713024962994703,7.803024999925887,7.803024999925887,single_atom
HAT707_168,HAT707nonMR,Bond Dissociation Energies,Thermochemistry,MACE-MP-0b3,0.4100002576329006,8.713355234092724,8.303354976459824,8.303354976459824,single_atom
HAT707_169,HAT707nonMR,Bond Dissociation Energies,Thermochemistry,MACE-MP-0b3,6.659999639346293,7.776794745625743,1.11679510627945,1.11679510627945,single_atom
HAT707_170,HAT707nonMR,Bond Dissociation Energies,Thermochemistry,MACE-MP-0b3,-9.989999772774176,-20.786158351062248,-10.796158578288072,10.796158578288072,single_atom
HAT707_171,HAT707nonMR,Bond Dissociation Energies,Thermochemistry,MACE-MP-0b3,-49.79999774417263,-31.07409501397721,18.72590273019542,18.72590273019542,single_atom
HAT707_172,HAT707nonMR,Bond Dissociation Energies,Thermochemistry,MACE-MP-0b3,75.53999687732633,48.67165650947389,-26.86834036785244,26.86834036785244,single_atom
HAT707_173,HAT707nonMR,Bond Dissociation Energies,Thermochemistry,MACE-MP-0b3,89.89999628371187,57.08264414532533,-32.81735213838654,32.81735213838654,single_atom
HAT707_174,HAT707nonMR,Bond Dissociation Energies,Thermochemistry,MACE-MP-0b3,155.19999358433947,138.97841249732815,-16.221581087011316,16.221581087011316,single_atom
HAT707_175,HAT707nonMR,Bond Dissociation Energies,Thermochemistry,MACE-MP-0b3,173.39999283198716,148.1300395029218,-25.269953329065373,25.269953329065373,single_atom
HAT707_177,HAT707nonMR,Bond Dissociation Energies,Thermochemistry,MACE-MP-0b3,125.56999480918508,109.34372320288595,-16.22627160629912,16.22627160629912,single_atom
HAT707_178,HAT707nonMR,Bond Dissociation Energies,Thermochemistry,MACE-MP-0b3,32.41999836310342,-3.530218762611855,-35.95021712571527,35.95021712571527,single_atom
HAT707_179,HAT707nonMR,Bond Dissociation Energies,Thermochemistry,MACE-MP-0b3,45.749998260284094,-6.162574776158079,-51.912573036442176,51.912573036442176,single_atom
HAT707_18,HAT707nonMR,Bond Dissociation Energies,Thermochemistry,MACE-MP-0b3,32.06999867885171,27.274388256527835,-4.795610422323875,4.795610422323875,single_atom
HAT707_180,HAT707nonMR,Bond Dissociation Energies,Thermochemistry,MACE-MP-0b3,133.25999449129563,103.76974508796948,-29.490249403326146,29.490249403326146,single_atom
HAT707_183,HAT707nonMR,Bond Dissociation Energies,Thermochemistry,MACE-MP-0b3,67.96999704006231,21.87397673596666,-46.096020304095646,46.096020304095646,single_atom
HAT707_184,HAT707nonMR,Bond Dissociation Energies,Thermochemistry,MACE-MP-0b3,69.91999710964599,65.03082788593207,-4.889169223713921,4.889169223713921,single_atom
HAT707_185,HAT707nonMR,Bond Dissociation Energies,Thermochemistry,MACE-MP-0b3,93.67999612745452,113.73416216625608,20.05416603880157,20.05416603880157,single_atom
HAT707_186,HAT707nonMR,Bond Dissociation Energies,Thermochemistry,MACE-MP-0b3,138.89999425814892,106.71136718933975,-32.18862706880917,32.18862706880917,single_atom
HAT707_187,HAT707nonMR,Bond Dissociation Energies,Thermochemistry,MACE-MP-0b3,-47.12999827035263,-4.220652294146587,42.90934597620604,42.90934597620604,single_atom
HAT707_19,HAT707nonMR,Bond Dissociation Energies,Thermochemistry,MACE-MP-0b3,-23.959999092586543,-29.310291596178438,-5.350292503591895,5.350292503591895,single_atom
HAT707_193,HAT707nonMR,Bond Dissociation Energies,Thermochemistry,MACE-MP-0b3,94.01999611339927,84.32082436794423,-9.699171745455047,9.699171745455047,single_atom
HAT707_194,HAT707nonMR,Bond Dissociation Energies,Thermochemistry,MACE-MP-0b3,135.72999438919072,116.80367346811924,-18.92632092107148,18.92632092107148,single_atom
HAT707_195,HAT707nonMR,Bond Dissociation Energies,Thermochemistry,MACE-MP-0b3,87.29999639119096,88.24865078027892,0.9486543890879631,0.9486543890879631,single_atom
HAT707_197,HAT707nonMR,Bond Dissociation Energies,Thermochemistry,MACE-MP-0b3,77.60999679175653,72.87764074474595,-4.732356047010583,4.732356047010583,single_atom
HAT707_198,HAT707nonMR,Bond Dissociation Energies,Thermochemistry,MACE-MP-0b3,121.42999498032408,100.50316627172704,-20.926828708597043,20.926828708597043,single_atom
HAT707_199,HAT707nonMR,Bond Dissociation Energies,Thermochemistry,MACE-MP-0b3,110.37999543710936,95.75762608070188,-14.622369356407475,14.622369356407475,single_atom
HAT707_20,HAT707nonMR,Bond Dissociation Energies,Thermochemistry,MACE-MP-0b3,64.83999731964255,50.15437359248376,-14.685623727158791,14.685623727158791,single_atom
HAT707_200,HAT707nonMR,Bond Dissociation Energies,Thermochemistry,MACE-MP-0b3,45.98999804377098,51.48514598085814,5.495147937087161,5.495147937087161,single_atom
HAT707_201,HAT707nonMR,Bond Dissociation Energies,Thermochemistry,MACE-MP-0b3,91.36999622294502,83.77247711829948,-7.597519104645542,7.597519104645542,single_atom
HAT707_202,HAT707nonMR,Bond Dissociation Energies,Thermochemistry,MACE-MP-0b3,73.1699969752973,72.24439232267864,-0.9256046526186594,0.9256046526186594,single_atom
HAT707_203,HAT707nonMR,Bond Dissociation Energies,Thermochemistry,MACE-MP-0b3,-47.49999793656158,-10.757560195022,36.742437741539575,36.742437741539575,single_atom
HAT707_204,HAT707nonMR,Bond Dissociation Energies,Thermochemistry,MACE-MP-0b3,31.42999862871055,22.471032739411434,-8.958965889299115,8.958965889299115,single_atom
HAT707_205,HAT707nonMR,Bond Dissociation Energies,Thermochemistry,MACE-MP-0b3,129.79999463432537,122.2566006462663,-7.543393988059066,7.543393988059066,single_atom
HAT707_206,HAT707nonMR,Bond Dissociation Energies,Thermochemistry,MACE-MP-0b3,75.73999686905847,51.57975415142035,-24.16024271763812,24.16024271763812,single_atom
HAT707_207,HAT707nonMR,Bond Dissociation Energies,Thermochemistry,MACE-MP-0b3,102.19999577525464,99.93904443727192,-2.2609513379827177,2.2609513379827177,single_atom
HAT707_208,HAT707nonMR,Bond Dissociation Energies,Thermochemistry,MACE-MP-0b3,65.30999730021375,71.82364979221367,6.51365249199992,6.51365249199992,single_atom
HAT707_209,HAT707nonMR,Bond Dissociation Energies,Thermochemistry,MACE-MP-0b3,59.65999763422474,58.861038604180266,-0.7989590300444718,0.7989590300444718,single_atom
HAT707_21,HAT707nonMR,Bond Dissociation Energies,Thermochemistry,MACE-MP-0b3,-35.00999853660394,-34.055831787203616,0.9541667494003221,0.9541667494003221,single_atom
HAT707_210,HAT707nonMR,Bond Dissociation Energies,Thermochemistry,MACE-MP-0b3,91.84999620310305,113.88268266940936,22.032686466306316,22.032686466306316,single_atom
HAT707_211,HAT707nonMR,Bond Dissociation Energies,Thermochemistry,MACE-MP-0b3,21.009999243855702,27.688964993344616,6.678965749488913,6.678965749488913,single_atom
HAT707_212,HAT707nonMR,Bond Dissociation Energies,Thermochemistry,MACE-MP-0b3,-26.679999148809127,-15.36476762248337,11.315231526325757,11.315231526325757,single_atom
HAT707_213,HAT707nonMR,Bond Dissociation Energies,Thermochemistry,MACE-MP-0b3,-51.459998129152005,-17.362837996944542,34.09716013220746,34.09716013220746,single_atom
HAT707_214,HAT707nonMR,Bond Dissociation Energies,Thermochemistry,MACE-MP-0b3,-20.77999945134744,-21.741728769568347,-0.9617293182209075,0.9617293182209075,single_atom
HAT707_215,HAT707nonMR,Bond Dissociation Energies,Thermochemistry,MACE-MP-0b3,22.54999910958216,43.88569302710496,21.335693917522804,21.335693917522804,single_atom
HAT707_216,HAT707nonMR,Bond Dissociation Energies,Thermochemistry,MACE-MP-0b3,-26.27999888215485,-35.83464839536418,-9.554649513209327,9.554649513209327,single_atom
HAT707_217,HAT707nonMR,Bond Dissociation Energies,Thermochemistry,MACE-MP-0b3,48.14999797768136,66.9177491594904,18.76775118180904,18.76775118180904,single_atom
HAT707_218,HAT707nonMR,Bond Dissociation Energies,Thermochemistry,MACE-MP-0b3,16.989999105393554,49.132485238440125,32.142486133046575,32.142486133046575,single_atom
HAT707_219,HAT707nonMR,Bond Dissociation Energies,Thermochemistry,MACE-MP-0b3,38.97999809266351,36.68066168151059,-2.2993364111529146,2.2993364111529146,single_atom
HAT707_22,HAT707nonMR,Bond Dissociation Energies,Thermochemistry,MACE-MP-0b3,0.4500002215473813,5.881893492640027,5.431893271092646,5.431893271092646,single_atom
HAT707_220,HAT707nonMR,Bond Dissociation Energies,Thermochemistry,MACE-MP-0b3,-9.109999311636654,-17.19972318029744,-8.089723868660785,8.089723868660785,single_atom
HAT707_222,HAT707nonMR,Bond Dissociation Energies,Thermochemistry,MACE-MP-0b3,-31.169998863266425,-17.530379928337247,13.639618934929178,13.639618934929178,single_atom
HAT707_223,HAT707nonMR,Bond Dissociation Energies,Thermochemistry,MACE-MP-0b3,39.66999809769778,68.6633377477275,28.993339650029718,28.993339650029718,single_atom
HAT707_224,HAT707nonMR,Bond Dissociation Energies,Thermochemistry,MACE-MP-0b3,-42.459998090770696,-34.628871359130535,7.831126731640161,7.831126731640161,single_atom
HAT707_225,HAT707nonMR,Bond Dissociation Energies,Thermochemistry,MACE-MP-0b3,4.820000044261236,48.8474558473396,44.02745580307837,44.02745580307837,single_atom
HAT707_226,HAT707nonMR,Bond Dissociation Energies,Thermochemistry,MACE-MP-0b3,-10.779999687594644,-39.87526185371743,-29.095262166122787,29.095262166122787,single_atom
HAT707_227,HAT707nonMR,Bond Dissociation Energies,Thermochemistry,MACE-MP-0b3,-27.929998648646123,13.646414779714403,41.576413428360524,41.576413428360524,single_atom
HAT707_228,HAT707nonMR,Bond Dissociation Energies,Thermochemistry,MACE-MP-0b3,22.32999930805251,8.756717164341127,-13.573282143711383,13.573282143711383,single_atom
HAT707_229,HAT707nonMR,Bond Dissociation Energies,Thermochemistry,MACE-MP-0b3,-87.96999656756792,-50.595548167724864,37.374448399843054,37.374448399843054,single_atom
HAT707_23,HAT707nonMR,Bond Dissociation Energies,Thermochemistry,MACE-MP-0b3,-54.01999770220718,-46.04098074960602,7.979016952601157,7.979016952601157,single_atom
HAT707_230,HAT707nonMR,Bond Dissociation Energies,Thermochemistry,MACE-MP-0b3,9.12999992110337,74.53428315650079,65.40428323539743,65.40428323539743,single_atom
HAT707_231,HAT707nonMR,Bond Dissociation Energies,Thermochemistry,MACE-MP-0b3,-40.30999814783893,-4.886555781522828,35.4234423663161,35.4234423663161,single_atom
HAT707_232,HAT707nonMR,Bond Dissociation Energies,Thermochemistry,MACE-MP-0b3,-78.37999706144801,-35.398036707626794,42.981960353821215,42.981960353821215,single_atom
HAT707_233,HAT707nonMR,Bond Dissociation Energies,Thermochemistry,MACE-MP-0b3,-106.97999573317117,-82.75713856490054,24.22285716827062,24.22285716827062,single_atom
HAT707_234,HAT707nonMR,Bond Dissociation Energies,Thermochemistry,MACE-MP-0b3,-0.7099999869915055,15.144488224136673,15.854488211128178,15.854488211128178,single_atom
HAT707_235,HAT707nonMR,Bond Dissociation Energies,Thermochemistry,MACE-MP-0b3,47.12999827035263,4.220652294146593,-42.90934597620604,42.90934597620604,single_atom
HAT707_238,HAT707nonMR,Bond Dissociation Energies,Thermochemistry,MACE-MP-0b3,116.62999517874648,115.88075304387056,-0.749242134875928,0.749242134875928,single_atom
HAT707_239,HAT707nonMR,Bond Dissociation Energies,Thermochemistry,MACE-MP-0b3,84.41999651024416,89.96926950882498,5.549272998580818,5.549272998580818,single_atom
HAT707_24,HAT707nonMR,Bond Dissociation Energies,Thermochemistry,MACE-MP-0b3,-72.21999697103273,-57.56906554522685,14.65093142580588,14.65093142580588,single_atom
HAT707_240,HAT707nonMR,Bond Dissociation Energies,Thermochemistry,MACE-MP-0b3,29.259998703821548,40.37277623382637,11.112777530004823,11.112777530004823,single_atom
HAT707_241,HAT707nonMR,Bond Dissociation Energies,Thermochemistry,MACE-MP-0b3,114.53999526514332,116.52949739267562,1.9895021275323046,1.9895021275323046,single_atom
HAT707_242,HAT707nonMR,Bond Dissociation Energies,Thermochemistry,MACE-MP-0b3,39.83999857184379,74.0095831101246,34.1695845382808,34.1695845382808,single_atom
HAT707_243,HAT707nonMR,Bond Dissociation Energies,Thermochemistry,MACE-MP-0b3,32.84999860269356,61.634500317423246,28.784501714729686,28.784501714729686,single_atom
HAT707_244,HAT707nonMR,Bond Dissociation Energies,Thermochemistry,MACE-MP-0b3,30.41999891236044,60.07805033942467,29.65805142706423,29.65805142706423,single_atom
HAT707_245,HAT707nonMR,Bond Dissociation Energies,Thermochemistry,MACE-MP-0b3,37.6699986469548,71.31286216110988,33.642863514155074,33.642863514155074,single_atom
HAT707_246,HAT707nonMR,Bond Dissociation Energies,Thermochemistry,MACE-MP-0b3,43.13999810482634,64.21392425907153,21.073926154245193,21.073926154245193,single_atom
HAT707_247,HAT707nonMR,Bond Dissociation Energies,Thermochemistry,MACE-MP-0b3,54.04999767514305,74.1163463952816,20.06634872013855,20.06634872013855,single_atom
HAT707_248,HAT707nonMR,Bond Dissociation Energies,Thermochemistry,MACE-MP-0b3,-33.429998706963005,15.137550488443766,48.56754919540677,48.56754919540677,single_atom
HAT707_249,HAT707nonMR,Bond Dissociation Energies,Thermochemistry,MACE-MP-0b3,63.73999736511453,91.8126824255946,28.07268506048007,28.07268506048007,single_atom
HAT707_25,HAT707nonMR,Bond Dissociation Energies,Thermochemistry,MACE-MP-0b3,-144.62999377065924,-130.24433217093636,14.38566159972288,14.38566159972288,single_atom
HAT707_250,HAT707nonMR,Bond Dissociation Energies,Thermochemistry,MACE-MP-0b3,-38.38999862492492,-18.314579848502472,20.07541877642245,20.07541877642245,single_atom
HAT707_251,HAT707nonMR,Bond Dissociation Energies,Thermochemistry,MACE-MP-0b3,100.09999586206406,126.56649390989116,26.466498047827102,26.466498047827102,single_atom
HAT707_252,HAT707nonMR,Bond Dissociation Energies,Thermochemistry,MACE-MP-0b3,48.6299981721646,87.64278757212789,39.01278939996329,39.01278939996329,single_atom
HAT707_253,HAT707nonMR,Bond Dissociation Energies,Thermochemistry,MACE-MP-0b3,-76.6999966945114,7.897036048676791,84.5970327431882,84.5970327431882,single_atom
HAT707_254,HAT707nonMR,Bond Dissociation Energies,Thermochemistry,MACE-MP-0b3,122.66999492906533,52.89230880362049,-69.77768612544483,69.77768612544483,single_atom
HAT707_255,HAT707nonMR,Bond Dissociation Energies,Thermochemistry,MACE-MP-0b3,48.20999792355308,56.22127393242766,8.011276008874574,8.011276008874574,single_atom
HAT707_256,HAT707nonMR,Bond Dissociation Energies,Thermochemistry,MACE-MP-0b3,66.41999725432856,65.37290093802123,-1.0470963163073321,1.0470963163073321,single_atom
HAT707_257,HAT707nonMR,Bond Dissociation Energies,Thermochemistry,MACE-MP-0b3,18.589999544501204,26.58658463798542,7.996585093484217,7.996585093484217,single_atom
HAT707_258,HAT707nonMR,Bond Dissociation Energies,Thermochemistry,MACE-MP-0b3,26.27999888215485,21.01260652306896,-5.267392359085889,5.267392359085889,single_atom
HAT707_259,HAT707nonMR,Bond Dissociation Energies,Thermochemistry,MACE-MP-0b3,31.91999881417241,23.95422862443924,-7.9657701897331705,7.9657701897331705,single_atom
HAT707_26,HAT707nonMR,Bond Dissociation Energies,Thermochemistry,MACE-MP-0b3,-14.109999193513053,-23.13221974880668,-9.022220555293627,9.022220555293627,single_atom
HAT707_27,HAT707nonMR,Bond Dissociation Energies,Thermochemistry,MACE-MP-0b3,-15.589999113367783,-7.556857221639188,8.033141891728595,8.033141891728595,single_atom
HAT707_270,HAT707nonMR,Bond Dissociation Energies,Thermochemistry,MACE-MP-0b3,62.08999732455786,60.36659574350498,-1.723401581052876,1.723401581052876,single_atom
HAT707_271,HAT707nonMR,Bond Dissociation Energies,Thermochemistry,MACE-MP-0b3,103.80999570870044,92.84944484368,-10.960550865020437,10.960550865020437,single_atom
HAT707_272,HAT707nonMR,Bond Dissociation Energies,Thermochemistry,MACE-MP-0b3,55.37999773031848,64.29442215583967,8.91442442552119,8.91442442552119,single_atom
HAT707_274,HAT707nonMR,Bond Dissociation Energies,Thermochemistry,MACE-MP-0b3,45.68999831441237,48.92341212030675,3.2334138058943793,3.2334138058943793,single_atom
HAT707_275,HAT707nonMR,Bond Dissociation Energies,Thermochemistry,MACE-MP-0b3,14.059999238619952,27.53091735641894,13.470918117798988,13.470918117798988,single_atom
HAT707_276,HAT707nonMR,Bond Dissociation Energies,Thermochemistry,MACE-MP-0b3,15.629999077282264,32.19272296687916,16.562723889596896,16.562723889596896,single_atom
HAT707_277,HAT707nonMR,Bond Dissociation Energies,Thermochemistry,MACE-MP-0b3,-2.570000191543277,20.66463817125833,23.234638362801604,23.234638362801604,single_atom
HAT707_278,HAT707nonMR,Bond Dissociation Energies,Thermochemistry,MACE-MP-0b3,30.879998497376967,24.640476512604792,-6.239521984772175,6.239521984772175,single_atom
HAT707_279,HAT707nonMR,Bond Dissociation Energies,Thermochemistry,MACE-MP-0b3,-0.500000176440482,-1.4831958850277265,-0.9831957085872445,0.9831957085872445,single_atom
HAT707_28,HAT707nonMR,Bond Dissociation Energies,Thermochemistry,MACE-MP-0b3,-69.64999740699892,-78.23370371648522,-8.583706309486303,8.583706309486303,single_atom
HAT707_280,HAT707nonMR,Bond Dissociation Energies,Thermochemistry,MACE-MP-0b3,54.05999766612167,70.67684649484599,16.616848828724322,16.616848828724322,single_atom
HAT707_281,HAT707nonMR,Bond Dissociation Energies,Thermochemistry,MACE-MP-0b3,-31.91999881417241,-23.95422862443923,7.965770189733178,7.965770189733178,single_atom
HAT707_282,HAT707nonMR,Bond Dissociation Energies,Thermochemistry,MACE-MP-0b3,70.27999709476371,75.98481581283268,5.704818718068964,5.704818718068964,single_atom
HAT707_283,HAT707nonMR,Bond Dissociation Energies,Thermochemistry,MACE-MP-0b3,33.389998743048515,47.86942116777451,14.479422424725996,14.479422424725996,single_atom
HAT707_284,HAT707nonMR,Bond Dissociation Energies,Thermochemistry,MACE-MP-0b3,27.73999882005234,34.906809979741105,7.166811159688766,7.166811159688766,single_atom
HAT707_285,HAT707nonMR,Bond Dissociation Energies,Thermochemistry,MACE-MP-0b3,170.229992963029,149.28071937703615,-20.94927358599284,20.94927358599284,single_atom
HAT707_286,HAT707nonMR,Bond Dissociation Energies,Thermochemistry,MACE-MP-0b3,-10.909999570316703,3.7347363689054136,14.644735939222116,14.644735939222116,single_atom
HAT707_287,HAT707nonMR,Bond Dissociation Energies,Thermochemistry,MACE-MP-0b3,-58.59999733547206,-39.31899624692269,19.281001088549374,19.281001088549374,single_atom
HAT707_288,HAT707nonMR,Bond Dissociation Energies,Thermochemistry,MACE-MP-0b3,26.91999893229601,18.035198710682128,-8.884800221613883,8.884800221613883,single_atom
HAT707_289,HAT707nonMR,Bond Dissociation Energies,Thermochemistry,MACE-MP-0b3,-52.69999763801037,-45.69595739400751,7.004040244002866,7.004040244002866,single_atom
HAT707_29,HAT707nonMR,Bond Dissociation Energies,Thermochemistry,MACE-MP-0b3,-45.5399978222236,-45.60325248821819,-0.06325466599459162,0.06325466599459162,single_atom
HAT707_290,HAT707nonMR,Bond Dissociation Energies,Thermochemistry,MACE-MP-0b3,100.91999582816683,79.28372973473179,-21.63626609343504,21.63626609343504,single_atom
HAT707_291,HAT707nonMR,Bond Dissociation Energies,Thermochemistry,MACE-MP-0b3,-58.20999768730587,-59.78887701980334,-1.5788793324974648,1.5788793324974648,single_atom
HAT707_292,HAT707nonMR,Bond Dissociation Energies,Thermochemistry,MACE-MP-0b3,126.52999476950046,102.31578586711724,-24.21420890238322,24.21420890238322,single_atom
HAT707_293,HAT707nonMR,Bond Dissociation Energies,Thermochemistry,MACE-MP-0b3,95.35999605800664,84.53052194606695,-10.829474111939689,10.829474111939689,single_atom
HAT707_294,HAT707nonMR,Bond Dissociation Energies,Thermochemistry,MACE-MP-0b3,7.059999906000574,12.726433057071434,5.66643315107086,5.66643315107086,single_atom
HAT707_295,HAT707nonMR,Bond Dissociation Energies,Thermochemistry,MACE-MP-0b3,-41.029998125809065,-41.15395180473664,-0.12395367892757747,0.12395367892757747,single_atom
HAT707_298,HAT707nonMR,Bond Dissociation Energies,Thermochemistry,MACE-MP-0b3,-63.08999767743883,-41.48460855277645,21.60538912466238,21.60538912466238,single_atom
HAT707_299,HAT707nonMR,Bond Dissociation Energies,Thermochemistry,MACE-MP-0b3,118.03999512046012,104.06137445535428,-13.978620665105836,13.978620665105836,single_atom
HAT707_30,HAT707nonMR,Bond Dissociation Energies,Thermochemistry,MACE-MP-0b3,56.6599978306008,54.33579194905373,-2.3242058815470727,2.3242058815470727,single_atom
HAT707_300,HAT707nonMR,Bond Dissociation Energies,Thermochemistry,MACE-MP-0b3,-74.37999690494311,-58.58309998356974,15.796896921373374,15.796896921373374,single_atom
HAT707_301,HAT707nonMR,Bond Dissociation Energies,Thermochemistry,MACE-MP-0b3,17.90999953044556,2.349724202963559,-15.560275327482001,15.560275327482001,single_atom
HAT707_302,HAT707nonMR,Bond Dissociation Energies,Thermochemistry,MACE-MP-0b3,83.19999656067712,84.24549255496639,1.0454959942892685,1.0454959942892685,single_atom
HAT707_303,HAT707nonMR,Bond Dissociation Energies,Thermochemistry,MACE-MP-0b3,-42.699998501767055,-63.82949047815663,-21.129491976389573,21.129491976389573,single_atom
HAT707_304,HAT707nonMR,Bond Dissociation Energies,Thermochemistry,MACE-MP-0b3,50.44999778529241,49.0444514873412,-1.4055462979512114,1.4055462979512114,single_atom
HAT707_305,HAT707nonMR,Bond Dissociation Energies,Thermochemistry,MACE-MP-0b3,-9.589999506119897,-15.197511460098074,-5.607511953978177,5.607511953978177,single_atom
HAT707_306,HAT707nonMR,Bond Dissociation Energies,Thermochemistry,MACE-MP-0b3,87.50999638250988,109.93231986412754,22.422323481617653,22.422323481617653,single_atom
HAT707_307,HAT707nonMR,Bond Dissociation Energies,Thermochemistry,MACE-MP-0b3,-45.749998260284094,6.16257477615807,51.91257303644216,51.91257303644216,single_atom
HAT707_308,HAT707nonMR,Bond Dissociation Energies,Thermochemistry,MACE-MP-0b3,-72.22999696201134,-28.840784405962072,43.38921255604927,43.38921255604927,single_atom
HAT707_309,HAT707nonMR,Bond Dissociation Energies,Thermochemistry,MACE-MP-0b3,-138.89999454734357,-106.71136718933975,32.188627358003814,32.188627358003814,single_atom
HAT707_31,HAT707nonMR,Bond Dissociation Energies,Thermochemistry,MACE-MP-0b3,19.77999909846648,26.22039730399556,6.440398205529082,6.440398205529082,single_atom
HAT707_310,HAT707nonMR,Bond Dissociation Energies,Thermochemistry,MACE-MP-0b3,-76.4499969200459,-36.435265927283645,40.01473099276226,40.01473099276226,single_atom
HAT707_311,HAT707nonMR,Bond Dissociation Energies,Thermochemistry,MACE-MP-0b3,78.37999675992594,35.39803670762676,-42.981960052299186,42.981960052299186,single_atom
HAT707_312,HAT707nonMR,Bond Dissociation Energies,Thermochemistry,MACE-MP-0b3,-28.609998662701766,-47.35910185727376,-18.74910319457199,18.74910319457199,single_atom
HAT707_313,HAT707nonMR,Bond Dissociation Energies,Thermochemistry,MACE-MP-0b3,52.04999759689059,66.51403836482457,14.46404076793398,14.46404076793398,single_atom
HAT707_314,HAT707nonMR,Bond Dissociation Energies,Thermochemistry,MACE-MP-0b3,-57.16999737051044,-21.66646459866223,35.50353277184821,35.50353277184821,single_atom
HAT707_318,HAT707nonMR,Bond Dissociation Energies,Thermochemistry,MACE-MP-0b3,84.70999649825619,91.92652441943136,7.216527921175171,7.216527921175171,single_atom
HAT707_319,HAT707nonMR,Bond Dissociation Energies,Thermochemistry,MACE-MP-0b3,49.06999777522388,69.62549898400893,20.555501208785046,20.555501208785046,single_atom
HAT707_32,HAT707nonMR,Bond Dissociation Energies,Thermochemistry,MACE-MP-0b3,14.129999175470292,13.257786115962148,-0.8722130595081445,0.8722130595081445,single_atom
HAT707_320,HAT707nonMR,Bond Dissociation Energies,Thermochemistry,MACE-MP-0b3,52.499997818437976,66.01504088438577,13.515043065947793,13.515043065947793,single_atom
HAT707_321,HAT707nonMR,Bond Dissociation Energies,Thermochemistry,MACE-MP-0b3,-2.660000110350859,16.418547609387165,19.078547719738022,19.078547719738022,single_atom
HAT707_322,HAT707nonMR,Bond Dissociation Energies,Thermochemistry,MACE-MP-0b3,38.79999825504834,64.9497432412553,26.14974498620697,26.14974498620697,single_atom
HAT707_323,HAT707nonMR,Bond Dissociation Energies,Thermochemistry,MACE-MP-0b3,118.21999500578232,109.40761981775142,-8.812375188030899,8.812375188030899,single_atom
HAT707_324,HAT707nonMR,Bond Dissociation Energies,Thermochemistry,MACE-MP-0b3,111.22999540197188,97.03253702505016,-14.197458376921716,14.197458376921716,single_atom
HAT707_326,HAT707nonMR,Bond Dissociation Energies,Thermochemistry,MACE-MP-0b3,108.78999550283716,95.47608704705152,-13.313908455785636,13.313908455785636,single_atom
HAT707_327,HAT707nonMR,Bond Dissociation Energies,Thermochemistry,MACE-MP-0b3,116.04999520272304,106.71089886873654,-9.339096333986504,9.339096333986504,single_atom
HAT707_328,HAT707nonMR,Bond Dissociation Energies,Thermochemistry,MACE-MP-0b3,121.51999497660395,99.61196096669832,-21.908034009905634,21.908034009905634,single_atom
HAT707_329,HAT707nonMR,Bond Dissociation Energies,Thermochemistry,MACE-MP-0b3,132.41999452601925,109.51438310290838,-22.90561142311087,22.90561142311087,single_atom
HAT707_33,HAT707nonMR,Bond Dissociation Energies,Thermochemistry,MACE-MP-0b3,-5.2799996292777625,-5.604089306505043,-0.3240896772272803,0.3240896772272803,single_atom
HAT707_331,HAT707nonMR,Bond Dissociation Energies,Thermochemistry,MACE-MP-0b3,44.94999835448501,50.53558719607056,5.5855888415855475,5.5855888415855475,single_atom
HAT707_332,HAT707nonMR,Bond Dissociation Energies,Thermochemistry,MACE-MP-0b3,142.11999412504048,127.21071913322136,-14.909274991819117,14.909274991819117,single_atom
HAT707_333,HAT707nonMR,Bond Dissociation Energies,Thermochemistry,MACE-MP-0b3,39.989998436523095,17.083456859124322,-22.906541577398773,22.906541577398773,single_atom
HAT707_335,HAT707nonMR,Bond Dissociation Energies,Thermochemistry,MACE-MP-0b3,178.47999262199,161.9645306175179,-16.515462004472084,16.515462004472084,single_atom
HAT707_337,HAT707nonMR,Bond Dissociation Energies,Thermochemistry,MACE-MP-0b3,50.3399978845276,24.38408314531472,-25.95591473921288,25.95591473921288,single_atom
HAT707_338,HAT707nonMR,Bond Dissociation Energies,Thermochemistry,MACE-MP-0b3,-38.64999839036904,-1.9924267559108604,36.65757163445818,36.65757163445818,single_atom
HAT707_34,HAT707nonMR,Bond Dissociation Energies,Thermochemistry,MACE-MP-0b3,-24.51999921489875,-17.91428749487358,6.60571172002517,6.60571172002517,single_atom
HAT707_340,HAT707nonMR,Bond Dissociation Energies,Thermochemistry,MACE-MP-0b3,127.00999474965847,123.04082427975464,-3.9691704699038297,3.9691704699038297,single_atom
HAT707_342,HAT707nonMR,Bond Dissociation Energies,Thermochemistry,MACE-MP-0b3,46.92999782327075,1.312554652200135,-45.61744317107062,45.61744317107062,single_atom
HAT707_343,HAT707nonMR,Bond Dissociation Energies,Thermochemistry,MACE-MP-0b3,44.14999844868593,63.245218921483406,19.09522047279748,19.09522047279748,single_atom
HAT707_344,HAT707nonMR,Bond Dissociation Energies,Thermochemistry,MACE-MP-0b3,16.28999910938067,32.26704530798841,15.977046198607741,15.977046198607741,single_atom
HAT707_345,HAT707nonMR,Bond Dissociation Energies,Thermochemistry,MACE-MP-0b3,34.49999836918484,41.41867231358203,6.918673944397192,6.918673944397192,single_atom
HAT707_347,HAT707nonMR,Bond Dissociation Energies,Thermochemistry,MACE-MP-0b3,-13.329999269671209,2.6323560135462194,15.962355283217429,15.962355283217429,single_atom
HAT707_348,HAT707nonMR,Bond Dissociation Energies,Thermochemistry,MACE-MP-0b3,-5.639999932017563,-2.9416221013702826,2.6983778306472805,2.6983778306472805,single_atom
HAT707_35,HAT707nonMR,Bond Dissociation Energies,Thermochemistry,MACE-MP-0b3,-72.20999698005411,-60.96802011070165,11.241976869352463,11.241976869352463,single_atom
HAT707_351,HAT707nonMR,Bond Dissociation Energies,Thermochemistry,MACE-MP-0b3,22.209998788799595,28.03655151212473,5.826552723325136,5.826552723325136,single_atom
HAT707_352,HAT707nonMR,Bond Dissociation Energies,Thermochemistry,MACE-MP-0b3,5.699999877889284,14.88977042330978,9.189770545420497,9.189770545420497,single_atom
HAT707_353,HAT707nonMR,Bond Dissociation Energies,Thermochemistry,MACE-MP-0b3,2.6500001193722382,17.06586282050729,14.415862701135053,14.415862701135053,single_atom
HAT707_356,HAT707nonMR,Bond Dissociation Energies,Thermochemistry,MACE-MP-0b3,-75.7399969330544,-51.579754151420346,24.160242781634054,24.160242781634054,single_atom
HAT707_357,HAT707nonMR,Bond Dissociation Energies,Thermochemistry,MACE-MP-0b3,-76.04999665339162,-96.8852632836144,-20.83526663022279,20.83526663022279,single_atom
HAT707_36,HAT707nonMR,Bond Dissociation Energies,Thermochemistry,MACE-MP-0b3,10.499999312683803,13.66001443014204,3.1600151174582365,3.1600151174582365,single_atom
HAT707_369,HAT707nonMR,Bond Dissociation Energies,Thermochemistry,MACE-MP-0b3,-2.6500001193722382,-17.06586282050728,-14.415862701135042,14.415862701135042,single_atom
HAT707_37,HAT707nonMR,Bond Dissociation Energies,Thermochemistry,MACE-MP-0b3,-148.58999396324967,-136.8496099728591,11.74038399039057,11.74038399039057,single_atom
HAT707_375,HAT707nonMR,Bond Dissociation Energies,Thermochemistry,MACE-MP-0b3,-96.12999610872616,-98.40034776714984,-2.270351658423678,2.270351658423678,single_atom
HAT707_38,HAT707nonMR,Bond Dissociation Energies,Thermochemistry,MACE-MP-0b3,-66.31999727357103,-67.34498125778646,-1.0249839842154245,1.0249839842154245,single_atom
HAT707_381,HAT707nonMR,Bond Dissociation Energies,Thermochemistry,MACE-MP-0b3,43.219998032655305,26.23989509728152,-16.980102935373786,16.980102935373786,single_atom
HAT707_384,HAT707nonMR,Bond Dissociation Energies,Thermochemistry,MACE-MP-0b3,-100.08999567380712,-105.00562556907248,-4.915629895265354,4.915629895265354,single_atom
HAT707_386,HAT707nonMR,Bond Dissociation Energies,Thermochemistry,MACE-MP-0b3,-26.07999906258244,-43.75709454502291,-17.677095482440468,17.677095482440468,single_atom
HAT707_388,HAT707nonMR,Bond Dissociation Energies,Thermochemistry,MACE-MP-0b3,-0.4800001944832417,-20.72503841263748,-20.24503821815424,20.24503821815424,single_atom
HAT707_389,HAT707nonMR,Bond Dissociation Energies,Thermochemistry,MACE-MP-0b3,-31.639998439261568,-38.51030233368775,-6.870303894426179,6.870303894426179,single_atom
HAT707_39,HAT707nonMR,Bond Dissociation Energies,Thermochemistry,MACE-MP-0b3,-74.57999672451551,-75.60107894880943,-1.0210822242939201,1.0210822242939201,single_atom
HAT707_393,HAT707nonMR,Bond Dissociation Energies,Thermochemistry,MACE-MP-0b3,-85.27999648428118,-98.74411221028134,-13.46411572600016,13.46411572600016,single_atom
HAT707_395,HAT707nonMR,Bond Dissociation Energies,Thermochemistry,MACE-MP-0b3,-8.959999446957351,-18.97944982440034,-10.01945037744299,10.01945037744299,single_atom
HAT707_397,HAT707nonMR,Bond Dissociation Energies,Thermochemistry,MACE-MP-0b3,-43.80999812790336,-38.79533172478824,5.014666403115122,5.014666403115122,single_atom
HAT707_399,HAT707nonMR,Bond Dissociation Energies,Thermochemistry,MACE-MP-0b3,-76.55999682081072,-73.99637279241342,2.5636240283972995,2.5636240283972995,single_atom
HAT707_40,HAT707nonMR,Bond Dissociation Energies,Thermochemistry,MACE-MP-0b3,-71.81999733188792,-81.43790088358229,-9.617903551694369,9.617903551694369,single_atom
HAT707_401,HAT707nonMR,Bond Dissociation Energies,Thermochemistry,MACE-MP-0b3,-136.59999411222302,-138.2383357398527,-1.6383416276296714,1.6383416276296714,single_atom
HAT707_402,HAT707nonMR,Bond Dissociation Energies,Thermochemistry,MACE-MP-0b3,-39.49999825106123,-13.108504415627124,26.391493835434105,26.391493835434105,single_atom
HAT707_403,HAT707nonMR,Bond Dissociation Energies,Thermochemistry,MACE-MP-0b3,-50.3399978845276,-24.384083145314744,25.955914739212854,25.955914739212854,single_atom
HAT707_405,HAT707nonMR,Bond Dissociation Energies,Thermochemistry,MACE-MP-0b3,-127.00999460610312,-123.04082427975466,3.9691703263484612,3.9691703263484612,single_atom
HAT707_407,HAT707nonMR,Bond Dissociation Energies,Thermochemistry,MACE-MP-0b3,-48.6299981721646,-87.6427875721279,-39.0127893999633,39.0127893999633,single_atom
HAT707_408,HAT707nonMR,Bond Dissociation Energies,Thermochemistry,MACE-MP-0b3,41.159998008531126,28.74354345421129,-12.416454554319834,12.416454554319834,single_atom
HAT707_409,HAT707nonMR,Bond Dissociation Energies,Thermochemistry,MACE-MP-0b3,-59.81999748988267,-38.73232741916951,21.08767007071316,21.08767007071316,single_atom
HAT707_41,HAT707nonMR,Bond Dissociation Energies,Thermochemistry,MACE-MP-0b3,-48.97999785641631,-52.569022816424,-3.5890249600076913,3.5890249600076913,single_atom
HAT707_410,HAT707nonMR,Bond Dissociation Energies,Thermochemistry,MACE-MP-0b3,-124.73999477142792,-116.1792051537048,8.560789617723117,8.560789617723117,single_atom
HAT707_415,HAT707nonMR,Bond Dissociation Energies,Thermochemistry,MACE-MP-0b3,-8.78999960032081,-13.633204462003276,-4.843204861682466,4.843204861682466,single_atom
HAT707_416,HAT707nonMR,Bond Dissociation Energies,Thermochemistry,MACE-MP-0b3,-15.779999569471045,-26.008287254704623,-10.228287685233578,10.228287685233578,single_atom
HAT707_417,HAT707nonMR,Bond Dissociation Energies,Thermochemistry,MACE-MP-0b3,-88.769996473367,-101.0211372032613,-12.251140729894303,12.251140729894303,single_atom
HAT707_418,HAT707nonMR,Bond Dissociation Energies,Thermochemistry,MACE-MP-0b3,-18.209999259804164,-27.5647372327032,-9.354737972899038,9.354737972899038,single_atom
HAT707_419,HAT707nonMR,Bond Dissociation Energies,Thermochemistry,MACE-MP-0b3,-10.959999525209806,-16.32992541101808,-5.369925885808275,5.369925885808275,single_atom
HAT707_42,HAT707nonMR,Bond Dissociation Energies,Thermochemistry,MACE-MP-0b3,-80.1399967287041,-70.35428673747427,9.785709991229837,9.785709991229837,single_atom
HAT707_420,HAT707nonMR,Bond Dissociation Energies,Thermochemistry,MACE-MP-0b3,-5.49000006733826,-23.428863313056304,-17.938863245718046,17.938863245718046,single_atom
HAT707_421,HAT707nonMR,Bond Dissociation Energies,Thermochemistry,MACE-MP-0b3,5.4199995029784445,-13.52644117684624,-18.946440679824683,18.946440679824683,single_atom
HAT707_422,HAT707nonMR,Bond Dissociation Energies,Thermochemistry,MACE-MP-0b3,-93.26999617880293,-105.02080693216335,-11.750810753360426,11.750810753360426,single_atom
HAT707_423,HAT707nonMR,Bond Dissociation Energies,Thermochemistry,MACE-MP-0b3,-82.05999687912761,-72.50523708368407,9.554759795443545,9.554759795443545,single_atom
HAT707_424,HAT707nonMR,Bond Dissociation Energies,Thermochemistry,MACE-MP-0b3,15.109999546394016,4.169894853466691,-10.940104692927324,10.940104692927324,single_atom
HAT707_425,HAT707nonMR,Bond Dissociation Energies,Thermochemistry,MACE-MP-0b3,-87.01999616958005,-105.95736742063036,-18.93737125105031,18.93737125105031,single_atom
HAT707_426,HAT707nonMR,Bond Dissociation Energies,Thermochemistry,MACE-MP-0b3,51.46999812013062,38.92370633776324,-12.546291782367376,12.546291782367376,single_atom
HAT707_427,HAT707nonMR,Bond Dissociation Energies,Thermochemistry,MACE-MP-0b3,-103.66999558170052,-134.52032051731834,-30.85032493561782,30.85032493561782,single_atom
HAT707_428,HAT707nonMR,Bond Dissociation Energies,Thermochemistry,MACE-MP-0b3,-41.29999850974128,-19.058289576418108,22.24170893332317,22.24170893332317,single_atom
HAT707_429,HAT707nonMR,Bond Dissociation Energies,Thermochemistry,MACE-MP-0b3,-93.6799964364358,-113.73416216625608,-20.054165729820284,20.054165729820284,single_atom
HAT707_43,HAT707nonMR,Bond Dissociation Energies,Thermochemistry,MACE-MP-0b3,-6.559999729560092,-8.92259080670752,-2.362591077147428,2.362591077147428,single_atom
HAT707_430,HAT707nonMR,Bond Dissociation Energies,Thermochemistry,MACE-MP-0b3,-143.47999418060846,-144.8082571802333,-1.3282629996248545,1.3282629996248545,single_atom
HAT707_431,HAT707nonMR,Bond Dissociation Energies,Thermochemistry,MACE-MP-0b3,76.69999682937386,-7.897036048676797,-84.59703287805065,84.59703287805065,single_atom
HAT707_436,HAT707nonMR,Bond Dissociation Energies,Thermochemistry,MACE-MP-0b3,3.049999758517045,-2.1760923971974964,-5.226092155714541,5.226092155714541,single_atom
HAT707_437,HAT707nonMR,Bond Dissociation Energies,Thermochemistry,MACE-MP-0b3,-23.75999927301414,-48.70333428032402,-24.94333500730988,24.94333500730988,single_atom
HAT707_44,HAT707nonMR,Bond Dissociation Energies,Thermochemistry,MACE-MP-0b3,-54.64999776136973,-62.80297566851555,-8.152977907145818,8.152977907145818,single_atom
HAT707_445,HAT707nonMR,Bond Dissociation Energies,Thermochemistry,MACE-MP-0b3,67.7399971997623,63.30821784487525,-4.431779354887048,4.431779354887048,single_atom
HAT707_446,HAT707nonMR,Bond Dissociation Energies,Thermochemistry,MACE-MP-0b3,109.44999547555372,95.79106694505026,-13.65892853050346,13.65892853050346,single_atom
HAT707_447,HAT707nonMR,Bond Dissociation Energies,Thermochemistry,MACE-MP-0b3,61.01999766233604,67.23604425720995,6.216046594873916,6.216046594873916,single_atom
HAT707_449,HAT707nonMR,Bond Dissociation Energies,Thermochemistry,MACE-MP-0b3,51.32999761892047,51.86503422167701,0.5350366027565343,0.5350366027565343,single_atom
HAT707_450,HAT707nonMR,Bond Dissociation Energies,Thermochemistry,MACE-MP-0b3,84.09999652347236,74.74501955763294,-9.354976965839413,9.354976965839413,single_atom
HAT707_451,HAT707nonMR,Bond Dissociation Energies,Thermochemistry,MACE-MP-0b3,19.70999916161613,30.472539457789207,10.762540296173079,10.762540296173079,single_atom
HAT707_452,HAT707nonMR,Bond Dissociation Energies,Thermochemistry,MACE-MP-0b3,-56.62999785766494,-85.29184335152281,-28.661845493857875,28.661845493857875,single_atom
HAT707_453,HAT707nonMR,Bond Dissociation Energies,Thermochemistry,MACE-MP-0b3,5.149999746555701,1.458426216342497,-3.691573530213204,3.691573530213204,single_atom
HAT707_454,HAT707nonMR,Bond Dissociation Energies,Thermochemistry,MACE-MP-0b3,-26.27999888215485,-21.012606523068968,5.267392359085882,5.267392359085882,single_atom
HAT707_455,HAT707nonMR,Bond Dissociation Energies,Thermochemistry,MACE-MP-0b3,75.91999686161765,78.92643791420299,3.0064410525853447,3.0064410525853447,single_atom
HAT707_456,HAT707nonMR,Bond Dissociation Energies,Thermochemistry,MACE-MP-0b3,39.02999867506608,50.81104326914473,11.78104459407865,11.78104459407865,single_atom
HAT707_457,HAT707nonMR,Bond Dissociation Energies,Thermochemistry,MACE-MP-0b3,33.3799987520699,37.848432081111326,4.468433329041424,4.468433329041424,single_atom
HAT707_458,HAT707nonMR,Bond Dissociation Energies,Thermochemistry,MACE-MP-0b3,82.7199965805191,39.348399512908586,-43.37159706761051,43.37159706761051,single_atom
HAT707_459,HAT707nonMR,Bond Dissociation Energies,Thermochemistry,MACE-MP-0b3,-5.269999638299143,6.676358470275678,11.94635810857482,11.94635810857482,single_atom
HAT707_46,HAT707nonMR,Bond Dissociation Energies,Thermochemistry,MACE-MP-0b3,17.319999435197495,7.953155596896949,-9.366843838300547,9.366843838300547,single_atom
HAT707_460,HAT707nonMR,Bond Dissociation Energies,Thermochemistry,MACE-MP-0b3,-52.95999803096397,-36.37737414555239,16.582623885411586,16.582623885411586,single_atom
HAT707_461,HAT707nonMR,Bond Dissociation Energies,Thermochemistry,MACE-MP-0b3,-60.589997422745896,-91.8971211534454,-31.3071237306995,31.3071237306995,single_atom
HAT707_462,HAT707nonMR,Bond Dissociation Energies,Thermochemistry,MACE-MP-0b3,-47.059998333502286,-42.754335292637286,4.305663040864999,4.305663040864999,single_atom
HAT707_463,HAT707nonMR,Bond Dissociation Energies,Thermochemistry,MACE-MP-0b3,13.409999197500166,-30.64859012939588,-44.05858932689605,44.05858932689605,single_atom
HAT707_464,HAT707nonMR,Bond Dissociation Energies,Thermochemistry,MACE-MP-0b3,-52.55999776430969,-56.84725491843312,-4.287257154123431,4.287257154123431,single_atom
HAT707_465,HAT707nonMR,Bond Dissociation Energies,Thermochemistry,MACE-MP-0b3,39.01999868408747,-7.616533997010456,-46.636532681097925,46.636532681097925,single_atom
HAT707_466,HAT707nonMR,Bond Dissociation Energies,Thermochemistry,MACE-MP-0b3,7.859999811799661,-25.401797918060726,-33.26179772986039,33.26179772986039,single_atom
HAT707_467,HAT707nonMR,Bond Dissociation Energies,Thermochemistry,MACE-MP-0b3,12.69999921050866,15.668055158441655,2.9680559479329958,2.9680559479329958,single_atom
HAT707_468,HAT707nonMR,Bond Dissociation Energies,Thermochemistry,MACE-MP-0b3,-35.38999882130098,-38.21232970336638,-2.822330882065401,2.822330882065401,single_atom
HAT707_47,HAT707nonMR,Bond Dissociation Energies,Thermochemistry,MACE-MP-0b3,-76.70999668549003,-63.133632416555365,13.576364268934661,13.576364268934661,single_atom
HAT707_470,HAT707nonMR,Bond Dissociation Energies,Thermochemistry,MACE-MP-0b3,-57.44999774542127,-38.542986451406186,18.907011294015085,18.907011294015085,single_atom
HAT707_471,HAT707nonMR,Bond Dissociation Energies,Thermochemistry,MACE-MP-0b3,30.529998813125257,-5.870945408773277,-36.400944221898534,36.400944221898534,single_atom
HAT707_472,HAT707nonMR,Bond Dissociation Energies,Thermochemistry,MACE-MP-0b3,-68.73999697292554,-55.641477882199474,13.098519090726064,13.098519090726064,single_atom
HAT707_473,HAT707nonMR,Bond Dissociation Energies,Thermochemistry,MACE-MP-0b3,-4.3099998768421335,-25.68682730916117,-21.376827432319036,21.376827432319036,single_atom
HAT707_474,HAT707nonMR,Bond Dissociation Energies,Thermochemistry,MACE-MP-0b3,-37.05999856974949,-60.887868376786365,-23.827869807036876,23.827869807036876,single_atom
HAT707_475,HAT707nonMR,Bond Dissociation Energies,Thermochemistry,MACE-MP-0b3,28.2299990055142,21.007899975216485,-7.222099030297713,7.222099030297713,single_atom
HAT707_476,HAT707nonMR,Bond Dissociation Energies,Thermochemistry,MACE-MP-0b3,-3.9499995741023337,-12.25588935872781,-8.305889784625476,8.305889784625476,single_atom
HAT707_477,HAT707nonMR,Bond Dissociation Energies,Thermochemistry,MACE-MP-0b3,-97.09999586116182,-125.12983132422563,-28.02983546306382,28.02983546306382,single_atom
HAT707_478,HAT707nonMR,Bond Dissociation Energies,Thermochemistry,MACE-MP-0b3,-67.96999704006231,-21.87397673596666,46.096020304095646,46.096020304095646,single_atom
HAT707_479,HAT707nonMR,Bond Dissociation Energies,Thermochemistry,MACE-MP-0b3,-66.58999702999378,-25.89916230459181,40.69083472540197,40.69083472540197,single_atom
HAT707_48,HAT707nonMR,Bond Dissociation Energies,Thermochemistry,MACE-MP-0b3,-57.45999773639989,-50.82343422818687,6.6365635082130225,6.6365635082130225,single_atom
HAT707_480,HAT707nonMR,Bond Dissociation Energies,Thermochemistry,MACE-MP-0b3,-87.5099963550419,-109.93231986412756,-22.422323509085658,22.422323509085658,single_atom
HAT707_481,HAT707nonMR,Bond Dissociation Energies,Thermochemistry,MACE-MP-0b3,-133.259994615326,-103.76974508796948,29.490249527356525,29.490249527356525,single_atom
HAT707_482,HAT707nonMR,Bond Dissociation Energies,Thermochemistry,MACE-MP-0b3,-9.12999992110337,-74.53428315650079,-65.40428323539743,65.40428323539743,single_atom
HAT707_483,HAT707nonMR,Bond Dissociation Energies,Thermochemistry,MACE-MP-0b3,29.82999881711237,38.47748685269984,8.647488035587472,8.647488035587472,single_atom
HAT707_486,HAT707nonMR,Bond Dissociation Energies,Thermochemistry,MACE-MP-0b3,90.34999626511012,94.86814652080164,4.518150255691523,4.518150255691523,single_atom
HAT707_487,HAT707nonMR,Bond Dissociation Energies,Thermochemistry,MACE-MP-0b3,2.979999821666704,19.360169710757432,16.38016988909073,16.38016988909073,single_atom
HAT707_488,HAT707nonMR,Bond Dissociation Energies,Thermochemistry,MACE-MP-0b3,30.70999865074042,-0.5247000463762521,-31.234698697116674,31.234698697116674,single_atom
HAT707_489,HAT707nonMR,Bond Dissociation Energies,Thermochemistry,MACE-MP-0b3,23.719999309099663,-12.899782839077602,-36.619782148177265,36.619782148177265,single_atom
HAT707_49,HAT707nonMR,Bond Dissociation Energies,Thermochemistry,MACE-MP-0b3,-87.98999654952515,-80.23212384734873,7.757872702176414,7.757872702176414,single_atom
HAT707_490,HAT707nonMR,Bond Dissociation Energies,Thermochemistry,MACE-MP-0b3,21.289998991257068,-14.456232817076176,-35.74623180833324,35.74623180833324,single_atom
HAT707_491,HAT707nonMR,Bond Dissociation Energies,Thermochemistry,MACE-MP-0b3,28.539998725851422,-3.221420995390978,-31.7614197212424,31.7614197212424,single_atom
HAT707_492,HAT707nonMR,Bond Dissociation Energies,Thermochemistry,MACE-MP-0b3,34.00999881123245,-10.320358897429282,-44.33035770866173,44.33035770866173,single_atom
HAT707_493,HAT707nonMR,Bond Dissociation Energies,Thermochemistry,MACE-MP-0b3,44.909998390570536,-0.4179367612191754,-45.32793515178971,45.32793515178971,single_atom
HAT707_494,HAT707nonMR,Bond Dissociation Energies,Thermochemistry,MACE-MP-0b3,-42.559998000556895,-59.396732668057,-16.836734667500103,16.836734667500103,single_atom
HAT707_495,HAT707nonMR,Bond Dissociation Energies,Thermochemistry,MACE-MP-0b3,54.60999779745524,17.278399269093796,-37.33159852836145,37.33159852836145,single_atom
HAT707_496,HAT707nonMR,Bond Dissociation Energies,Thermochemistry,MACE-MP-0b3,-47.51999791851881,-92.84886300500324,-45.32886508648443,45.32886508648443,single_atom
HAT707_497,HAT707nonMR,Bond Dissociation Energies,Thermochemistry,MACE-MP-0b3,90.96999623948012,52.03221075339034,-38.93778548608979,38.93778548608979,single_atom
HAT707_498,HAT707nonMR,Bond Dissociation Energies,Thermochemistry,MACE-MP-0b3,39.49999825106123,13.10850441562709,-26.39149383543414,26.39149383543414,single_atom
HAT707_499,HAT707nonMR,Bond Dissociation Energies,Thermochemistry,MACE-MP-0b3,21.93999903237685,35.208667409358675,13.268668376981825,13.268668376981825,single_atom
HAT707_50,HAT707nonMR,Bond Dissociation Energies,Thermochemistry,MACE-MP-0b3,-20.82999940624054,-36.99042847702788,-16.160429070787345,16.160429070787345,single_atom
HAT707_500,HAT707nonMR,Bond Dissociation Energies,Thermochemistry,MACE-MP-0b3,40.13999830120239,44.36029441495229,4.220296113749903,4.220296113749903,single_atom
HAT707_502,HAT707nonMR,Bond Dissociation Energies,Thermochemistry,MACE-MP-0b3,-7.689999965163118,5.573978114916484,13.263978080079601,13.263978080079601,single_atom
HAT707_503,HAT707nonMR,Bond Dissociation Energies,Thermochemistry,MACE-MP-0b3,-35.5499986769589,-25.40419549857849,10.145803178380412,10.145803178380412,single_atom
HAT707_504,HAT707nonMR,Bond Dissociation Energies,Thermochemistry,MACE-MP-0b3,-22.209998788799595,-28.03655151212473,-5.826552723325136,5.826552723325136,single_atom
HAT707_507,HAT707nonMR,Bond Dissociation Energies,Thermochemistry,MACE-MP-0b3,5.639999932017563,2.9416221013702595,-2.6983778306473036,2.6983778306473036,single_atom
HAT707_508,HAT707nonMR,Bond Dissociation Energies,Thermochemistry,MACE-MP-0b3,-52.28999800788695,-48.181929003290485,4.108069004596466,4.108069004596466,single_atom
HAT707_51,HAT707nonMR,Bond Dissociation Energies,Thermochemistry,MACE-MP-0b3,-92.3099964173459,-70.63931612857472,21.67068028877118,21.67068028877118,single_atom
HAT707_518,HAT707nonMR,Bond Dissociation Energies,Thermochemistry,MACE-MP-0b3,6.719999585218013,-3.9278264123346855,-10.6478259975527,10.6478259975527,single_atom
HAT707_519,HAT707nonMR,Bond Dissociation Energies,Thermochemistry,MACE-MP-0b3,48.42999772508273,28.55502268784034,-19.87497503724239,19.87497503724239,single_atom
HAT707_52,HAT707nonMR,Bond Dissociation Energies,Thermochemistry,MACE-MP-0b3,-56.31999750981824,-85.47851434193562,-29.158516832117378,29.158516832117378,single_atom
HAT707_520,HAT707nonMR,Bond Dissociation Energies,Thermochemistry,MACE-MP-0b3,-5.699999877889284,-14.889770423309796,-9.189770545420512,9.189770545420512,single_atom
HAT707_522,HAT707nonMR,Bond Dissociation Energies,Thermochemistry,MACE-MP-0b3,-9.6899994159061,-15.371010035532958,-5.681010619626859,5.681010619626859,single_atom
HAT707_523,HAT707nonMR,Bond Dissociation Energies,Thermochemistry,MACE-MP-0b3,23.07999925895849,7.508975300422969,-15.571023958535523,15.571023958535523,single_atom
HAT707_524,HAT707nonMR,Bond Dissociation Energies,Thermochemistry,MACE-MP-0b3,-41.3099985007199,-36.76350479942072,4.546493701299177,4.546493701299177,single_atom
HAT707_525,HAT707nonMR,Bond Dissociation Energies,Thermochemistry,MACE-MP-0b3,-55.86999791578034,-65.77761804086744,-9.9076201250871,9.9076201250871,single_atom
HAT707_526,HAT707nonMR,Bond Dissociation Energies,Thermochemistry,MACE-MP-0b3,-87.2999965444909,-88.2486507802789,-0.9486542357879983,0.9486542357879983,single_atom
HAT707_527,HAT707nonMR,Bond Dissociation Energies,Thermochemistry,MACE-MP-0b3,14.89999910833352,11.69039365699298,-3.20960545134054,3.20960545134054,single_atom
HAT707_528,HAT707nonMR,Bond Dissociation Energies,Thermochemistry,MACE-MP-0b3,-21.979998996291336,-16.425000988065193,5.554998008226143,5.554998008226143,single_atom
HAT707_529,HAT707nonMR,Bond Dissociation Energies,Thermochemistry,MACE-MP-0b3,-27.62999891928752,-29.387612176098603,-1.7576132568110836,1.7576132568110836,single_atom
HAT707_53,HAT707nonMR,Bond Dissociation Energies,Thermochemistry,MACE-MP-0b3,-125.05999511025324,-105.8403571962,19.219637914053237,19.219637914053237,single_atom
HAT707_530,HAT707nonMR,Bond Dissociation Energies,Thermochemistry,MACE-MP-0b3,-66.28999730063518,-60.55968578693429,5.73031151370089,5.73031151370089,single_atom
HAT707_531,HAT707nonMR,Bond Dissociation Energies,Thermochemistry,MACE-MP-0b3,-113.97999506579052,-103.6134184027624,10.366576663028113,10.366576663028113,single_atom
HAT707_532,HAT707nonMR,Bond Dissociation Energies,Thermochemistry,MACE-MP-0b3,-108.07999536832884,-109.9903795498472,-1.910384181518367,1.910384181518367,single_atom
HAT707_533,HAT707nonMR,Bond Dissociation Energies,Thermochemistry,MACE-MP-0b3,-113.57999542664574,-124.08329917564303,-10.503303748997297,10.503303748997297,single_atom
HAT707_534,HAT707nonMR,Bond Dissociation Energies,Thermochemistry,MACE-MP-0b3,-48.3199978243179,-51.56798909876827,-3.2479912744503707,3.2479912744503707,single_atom
HAT707_535,HAT707nonMR,Bond Dissociation Energies,Thermochemistry,MACE-MP-0b3,-96.40999585612754,-105.4483739605763,-9.038378104448768,9.038378104448768,single_atom
HAT707_536,HAT707nonMR,Bond Dissociation Energies,Thermochemistry,MACE-MP-0b3,-61.51999721126704,-50.040777929957336,11.479219281309703,11.479219281309703,single_atom
HAT707_537,HAT707nonMR,Bond Dissociation Energies,Thermochemistry,MACE-MP-0b3,-118.46999540775732,-105.77903070861612,12.690964699141205,12.690964699141205,single_atom
HAT707_538,HAT707nonMR,Bond Dissociation Energies,Thermochemistry,MACE-MP-0b3,-129.74999464428296,-122.87752213940944,6.872472504873528,6.872472504873528,single_atom
HAT707_539,HAT707nonMR,Bond Dissociation Energies,Thermochemistry,MACE-MP-0b3,-98.07999623208552,-128.12391263399633,-30.043916401910806,30.043916401910806,single_atom
HAT707_54,HAT707nonMR,Bond Dissociation Energies,Thermochemistry,MACE-MP-0b3,11.709999476115794,9.704298807349684,-2.00570066876611,2.00570066876611,single_atom
HAT707_540,HAT707nonMR,Bond Dissociation Energies,Thermochemistry,MACE-MP-0b3,-64.96999723643837,-79.49193361593774,-14.521936379499365,14.521936379499365,single_atom
HAT707_541,HAT707nonMR,Bond Dissociation Energies,Thermochemistry,MACE-MP-0b3,-127.60999469232983,-93.13520656180174,34.4747881305281,34.4747881305281,single_atom
HAT707_542,HAT707nonMR,Bond Dissociation Energies,Thermochemistry,MACE-MP-0b3,-194.27999227766205,-171.0057893451794,23.274202932482638,23.274202932482638,single_atom
HAT707_543,HAT707nonMR,Bond Dissociation Energies,Thermochemistry,MACE-MP-0b3,-62.86999724839971,-36.55623502197202,26.31376222642769,26.31376222642769,single_atom
HAT707_544,HAT707nonMR,Bond Dissociation Energies,Thermochemistry,MACE-MP-0b3,-41.159998008531126,-28.74354345421129,12.416454554319834,12.416454554319834,single_atom
HAT707_545,HAT707nonMR,Bond Dissociation Energies,Thermochemistry,MACE-MP-0b3,-100.97999612592326,-67.4758708733808,33.504125252542465,33.504125252542465,single_atom
HAT707_548,HAT707nonMR,Bond Dissociation Energies,Thermochemistry,MACE-MP-0b3,29.32999864067189,27.63210226359166,-1.6978963770802302,1.6978963770802302,single_atom
HAT707_549,HAT707nonMR,Bond Dissociation Energies,Thermochemistry,MACE-MP-0b3,-2.8799999118805024,1.72061872854611,4.600618640426612,4.600618640426612,single_atom
HAT707_55,HAT707nonMR,Bond Dissociation Energies,Thermochemistry,MACE-MP-0b3,-23.20999914168056,-36.846535323876985,-13.636536182196426,13.636536182196426,single_atom
HAT707_550,HAT707nonMR,Bond Dissociation Energies,Thermochemistry,MACE-MP-0b3,-58.02999784969072,-47.8758745464525,10.154123303238222,10.154123303238222,single_atom
HAT707_551,HAT707nonMR,Bond Dissociation Energies,Thermochemistry,MACE-MP-0b3,-65.00999720035286,-52.317802922937375,12.692194277415481,12.692194277415481,single_atom
HAT707_552,HAT707nonMR,Bond Dissociation Energies,Thermochemistry,MACE-MP-0b3,-69.50999690578877,-56.31747265183935,13.192524253949415,13.192524253949415,single_atom
HAT707_553,HAT707nonMR,Bond Dissociation Energies,Thermochemistry,MACE-MP-0b3,-63.25999752407538,-57.25403314030629,6.00596438376909,6.00596438376909,single_atom
HAT707_554,HAT707nonMR,Bond Dissociation Energies,Thermochemistry,MACE-MP-0b3,-79.90999693619585,-85.81698623699428,-5.906989300798429,5.906989300798429,single_atom
HAT707_555,HAT707nonMR,Bond Dissociation Energies,Thermochemistry,MACE-MP-0b3,-44.349998268258325,-16.88219717922069,27.467801089037636,27.467801089037636,single_atom
HAT707_556,HAT707nonMR,Bond Dissociation Energies,Thermochemistry,MACE-MP-0b3,-69.91999716342167,-65.03082788593208,4.889169277489586,4.889169277489586,single_atom
HAT707_557,HAT707nonMR,Bond Dissociation Energies,Thermochemistry,MACE-MP-0b3,-119.71999490759433,-96.10492289990924,23.615072007685086,23.615072007685086,single_atom
HAT707_558,HAT707nonMR,Bond Dissociation Energies,Thermochemistry,MACE-MP-0b3,-39.07999862995919,-32.02737684785125,7.052621782107941,7.052621782107941,single_atom
HAT707_559,HAT707nonMR,Bond Dissociation Energies,Thermochemistry,MACE-MP-0b3,-20.87999936113364,-22.875749842257715,-1.9957504811240767,1.9957504811240767,single_atom
HAT707_56,HAT707nonMR,Bond Dissociation Energies,Thermochemistry,MACE-MP-0b3,-185.0999924016656,-170.0823201436392,15.01767225802638,15.01767225802638,single_atom
HAT707_560,HAT707nonMR,Bond Dissociation Energies,Thermochemistry,MACE-MP-0b3,-68.70999699998968,-61.66206614229348,7.047930857696201,7.047930857696201,single_atom
HAT707_561,HAT707nonMR,Bond Dissociation Energies,Thermochemistry,MACE-MP-0b3,-61.01999766233604,-67.23604425720995,-6.216046594873916,6.216046594873916,single_atom
HAT707_562,HAT707nonMR,Bond Dissociation Energies,Thermochemistry,MACE-MP-0b3,-3.049999758517045,2.176092397197504,5.226092155714548,5.226092155714548,single_atom
HAT707_563,HAT707nonMR,Bond Dissociation Energies,Thermochemistry,MACE-MP-0b3,23.75999927301414,48.70333428032401,24.943335007309866,24.943335007309866,single_atom
HAT707_564,HAT707nonMR,Bond Dissociation Energies,Thermochemistry,MACE-MP-0b3,-55.37999773031848,-64.29442215583967,-8.91442442552119,8.91442442552119,single_atom
HAT707_57,HAT707nonMR,Bond Dissociation Energies,Thermochemistry,MACE-MP-0b3,-87.99999654050376,-44.95248881941361,43.04750772109015,43.04750772109015,single_atom
HAT707_578,HAT707nonMR,Bond Dissociation Energies,Thermochemistry,MACE-MP-0b3,-6.4299998468380295,-26.76243673767297,-20.33243689083494,20.33243689083494,single_atom
HAT707_579,HAT707nonMR,Bond Dissociation Energies,Thermochemistry,MACE-MP-0b3,2.8799999118805024,-1.7206187285460972,-4.6006186404266,4.6006186404266,single_atom
HAT707_58,HAT707nonMR,Bond Dissociation Energies,Thermochemistry,MACE-MP-0b3,-84.48999656946073,-33.1775779038334,51.31241866562733,51.31241866562733,single_atom
HAT707_589,HAT707nonMR,Bond Dissociation Energies,Thermochemistry,MACE-MP-0b3,-54.05999766612167,-70.67684649484599,-16.616848828724322,16.616848828724322,single_atom
HAT707_59,HAT707nonMR,Bond Dissociation Energies,Thermochemistry,MACE-MP-0b3,-119.12999481234624,-95.5167599791674,23.613234833178836,23.613234833178836,single_atom
HAT707_590,HAT707nonMR,Bond Dissociation Energies,Thermochemistry,MACE-MP-0b3,-84.41999663261038,-89.96926950882501,-5.54927287621463,5.54927287621463,single_atom
HAT707_60,HAT707nonMR,Bond Dissociation Energies,Thermochemistry,MACE-MP-0b3,-85.83999660659339,-50.48980826974103,35.350188336852355,35.350188336852355,single_atom
HAT707_61,HAT707nonMR,Bond Dissociation Energies,Thermochemistry,MACE-MP-0b3,-175.50999289554568,-154.88480868354114,20.62518421200454,20.62518421200454,single_atom
HAT707_615,HAT707nonMR,Bond Dissociation Energies,Thermochemistry,MACE-MP-0b3,0.0,35.27963502793504,35.27963502793504,35.27963502793504,single_atom
HAT707_616,HAT707nonMR,Bond Dissociation Energies,Thermochemistry,MACE-MP-0b3,-124.72999478044932,-94.85582529034784,29.87416949010148,29.87416949010148,single_atom
HAT707_617,HAT707nonMR,Bond Dissociation Energies,Thermochemistry,MACE-MP-0b3,-87.5099963550419,-74.65268483619245,12.857311518849457,12.857311518849457,single_atom
HAT707_618,HAT707nonMR,Bond Dissociation Energies,Thermochemistry,MACE-MP-0b3,-191.3999923657816,-172.72640807372554,18.673584292056063,18.673584292056063,single_atom
HAT707_62,HAT707nonMR,Bond Dissociation Energies,Thermochemistry,MACE-MP-0b3,-152.51999355539476,-128.3603910531187,24.159602502276073,24.159602502276073,single_atom
HAT707_620,HAT707nonMR,Bond Dissociation Energies,Thermochemistry,MACE-MP-0b3,-9.13999991208199,-39.254648128565655,-30.114648216483666,30.114648216483666,single_atom
HAT707_621,HAT707nonMR,Bond Dissociation Energies,Thermochemistry,MACE-MP-0b3,-82.66999632882344,-118.0359483521197,-35.36595202329626,35.36595202329626,single_atom
HAT707_622,HAT707nonMR,Bond Dissociation Energies,Thermochemistry,MACE-MP-0b3,-63.59999721734846,-48.4289013363352,15.171095881013258,15.171095881013258,single_atom
HAT707_623,HAT707nonMR,Bond Dissociation Energies,Thermochemistry,MACE-MP-0b3,-112.33999529027788,-80.68235832642748,31.657636963850408,31.657636963850408,single_atom
HAT707_63,HAT707nonMR,Bond Dissociation Energies,Thermochemistry,MACE-MP-0b3,-146.09999369953536,-114.6689696437689,31.431024055766457,31.431024055766457,single_atom
HAT707_64,HAT707nonMR,Bond Dissociation Energies,Thermochemistry,MACE-MP-0b3,-97.12999583409766,-119.4867719759144,-22.356776141816738,22.356776141816738,single_atom
HAT707_642,HAT707nonMR,Bond Dissociation Energies,Thermochemistry,MACE-MP-0b3,-91.25999610957184,-99.02347369004102,-7.763477580469171,7.763477580469171,single_atom
HAT707_644,HAT707nonMR,Bond Dissociation Energies,Thermochemistry,MACE-MP-0b3,-81.27999632777627,-78.23731533897876,3.042680988797514,3.042680988797514,single_atom
HAT707_645,HAT707nonMR,Bond Dissociation Energies,Thermochemistry,MACE-MP-0b3,39.48999826008261,48.38813944356219,8.89814118347958,8.89814118347958,single_atom
HAT707_646,HAT707nonMR,Bond Dissociation Energies,Thermochemistry,MACE-MP-0b3,-131.06999470847975,-109.31141035295596,21.758584355523794,21.758584355523794,single_atom
HAT707_647,HAT707nonMR,Bond Dissociation Energies,Thermochemistry,MACE-MP-0b3,-7.129999842850914,-69.36429184264586,-62.23429199979494,62.23429199979494,single_atom
HAT707_65,HAT707nonMR,Bond Dissociation Energies,Thermochemistry,MACE-MP-0b3,-98.24999607872208,-125.59280557375898,-27.342809495036903,27.342809495036903,single_atom
HAT707_651,HAT707nonMR,Bond Dissociation Energies,Thermochemistry,MACE-MP-0b3,-58.13999775045554,-68.95666298575605,-10.816665235300512,10.816665235300512,single_atom
HAT707_652,HAT707nonMR,Bond Dissociation Energies,Thermochemistry,MACE-MP-0b3,-0.7299999689487457,-11.872666314363164,-11.142666345414417,11.142666345414417,single_atom
HAT707_653,HAT707nonMR,Bond Dissociation Energies,Thermochemistry,MACE-MP-0b3,-3.779999727465791,-9.696573917165694,-5.916574189699903,5.916574189699903,single_atom
HAT707_654,HAT707nonMR,Bond Dissociation Energies,Thermochemistry,MACE-MP-0b3,-11.349999800885463,-13.206487453046709,-1.8564876521612454,1.8564876521612454,single_atom
HAT707_655,HAT707nonMR,Bond Dissociation Energies,Thermochemistry,MACE-MP-0b3,12.399999481150058,35.49684682727732,23.09684734612726,23.09684734612726,single_atom
HAT707_656,HAT707nonMR,Bond Dissociation Energies,Thermochemistry,MACE-MP-0b3,-52.499997818437976,-66.01504088438581,-13.515043065947836,13.515043065947836,single_atom
HAT707_657,HAT707nonMR,Bond Dissociation Energies,Thermochemistry,MACE-MP-0b3,-129.79999459917607,-122.25660064626636,7.54339395290971,7.54339395290971,single_atom
HAT707_66,HAT707nonMR,Bond Dissociation Energies,Thermochemistry,MACE-MP-0b3,13.309999287713968,27.173885684833092,13.863886397119124,13.863886397119124,single_atom
HAT707_67,HAT707nonMR,Bond Dissociation Energies,Thermochemistry,MACE-MP-0b3,-49.04999779326665,-42.31838817554965,6.731609617716998,6.731609617716998,single_atom
HAT707_68,HAT707nonMR,Bond Dissociation Energies,Thermochemistry,MACE-MP-0b3,-15.119999537372635,-9.711329456609173,5.4086700807634625,5.4086700807634625,single_atom
HAT707_69,HAT707nonMR,Bond Dissociation Energies,Thermochemistry,MACE-MP-0b3,-90.20999642930724,-71.06193162976093,19.148064799546304,19.148064799546304,single_atom
HAT707_70,HAT707nonMR,Bond Dissociation Energies,Thermochemistry,MACE-MP-0b3,-22.13999885194925,-9.481937346526452,12.658061505422799,12.658061505422799,single_atom
HAT707_73,HAT707nonMR,Bond Dissociation Energies,Thermochemistry,MACE-MP-0b3,71.08999706128031,70.27750055565237,-0.8124965056279478,0.8124965056279478,single_atom
HAT707_74,HAT707nonMR,Bond Dissociation Energies,Thermochemistry,MACE-MP-0b3,10.329999466047262,30.28534630401746,19.955346837970197,19.955346837970197,single_atom
HAT707_75,HAT707nonMR,Bond Dissociation Energies,Thermochemistry,MACE-MP-0b3,38.87999818287731,44.36601702060682,5.48601883772951,5.48601883772951,single_atom
HAT707_76,HAT707nonMR,Bond Dissociation Energies,Thermochemistry,MACE-MP-0b3,-16.26999912742343,-5.230476254391788,11.03952287303164,11.03952287303164,single_atom
HAT707_77,HAT707nonMR,Bond Dissociation Energies,Thermochemistry,MACE-MP-0b3,-30.849998524441105,-13.283960475229874,17.56603804921123,17.56603804921123,single_atom
HAT707_78,HAT707nonMR,Bond Dissociation Energies,Thermochemistry,MACE-MP-0b3,-57.28999788976335,-45.4771888657898,11.81280902397355,11.81280902397355,single_atom
HAT707_79,HAT707nonMR,Bond Dissociation Energies,Thermochemistry,MACE-MP-0b3,-64.2799972314041,-57.85227165849115,6.427725572912948,6.427725572912948,single_atom
HAT707_80,HAT707nonMR,Bond Dissociation Energies,Thermochemistry,MACE-MP-0b3,13.829999446111689,5.676130603916993,-8.153868842194695,8.153868842194695,single_atom
HAT707_81,HAT707nonMR,Bond Dissociation Energies,Thermochemistry,MACE-MP-0b3,-66.70999754924671,-59.40872163648972,7.301275912756985,7.301275912756985,single_atom
HAT707_82,HAT707nonMR,Bond Dissociation Energies,Thermochemistry,MACE-MP-0b3,-59.45999781465235,-48.17390981480469,11.286087999847659,11.286087999847659,single_atom
HAT707_83,HAT707nonMR,Bond Dissociation Energies,Thermochemistry,MACE-MP-0b3,-53.98999772927132,-55.27284771684283,-1.2828499875715096,1.2828499875715096,single_atom
HAT707_84,HAT707nonMR,Bond Dissociation Energies,Thermochemistry,MACE-MP-0b3,-43.07999815895462,-45.37042558063272,-2.290427421678096,2.290427421678096,single_atom
HAT707_85,HAT707nonMR,Bond Dissociation Energies,Thermochemistry,MACE-MP-0b3,9.329999740675772,1.676460875014972,-7.6535388656608,7.6535388656608,single_atom
HAT707_86,HAT707nonMR,Bond Dissociation Energies,Thermochemistry,MACE-MP-0b3,-130.55999454106066,-104.3492214874706,26.21077305359006,26.21077305359006,single_atom
HAT707_87,HAT707nonMR,Bond Dissociation Energies,Thermochemistry,MACE-MP-0b3,-33.389998743048515,-27.674089550319792,5.7159091927287236,5.7159091927287236,single_atom
HAT707_88,HAT707nonMR,Bond Dissociation Energies,Thermochemistry,MACE-MP-0b3,-135.5199944590226,-137.80135182441683,-2.2813573653942285,2.2813573653942285,single_atom
HAT707_89,HAT707nonMR,Bond Dissociation Energies,Thermochemistry,MACE-MP-0b3,15.579999122389165,0.7399003865480326,-14.840098735841131,14.840098735841131,single_atom
HAT707_90,HAT707nonMR,Bond Dissociation Energies,Thermochemistry,MACE-MP-0b3,2.969999830688084,7.079721933976751,4.109722103288667,4.109722103288667,single_atom
HAT707_91,HAT707nonMR,Bond Dissociation Energies,Thermochemistry,MACE-MP-0b3,-1.0699996622218313,-27.82305271013996,-26.75305304791813,26.75305304791813,single_atom
HAT707_92,HAT707nonMR,Bond Dissociation Energies,Thermochemistry,MACE-MP-0b3,-68.78999692781865,-71.13267683385267,-2.3426799060340215,2.3426799060340215,single_atom
HAT707_93,HAT707nonMR,Bond Dissociation Energies,Thermochemistry,MACE-MP-0b3,3.400000070278225,9.962708386142156,6.562708315863931,6.562708315863931,single_atom
HAT707_94,HAT707nonMR,Bond Dissociation Energies,Thermochemistry,MACE-MP-0b3,8.919999483042872,-7.036894359077715,-15.956893842120587,15.956893842120587,single_atom
HAT707_95,HAT707nonMR,Bond Dissociation Energies,Thermochemistry,MACE-MP-0b3,-48.499998289442544,-31.8439844037865,16.656013885656044,16.656013885656044,single_atom
HAT707_96,HAT707nonMR,Bond Dissociation Energies,Thermochemistry,MACE-MP-0b3,-40.87999826112976,-38.11098937305493,2.769008888074829,2.769008888074829,single_atom
HAT707_97,HAT707nonMR,Bond Dissociation Energies,Thermochemistry,MACE-MP-0b3,-97.51999610977332,-72.26282918234304,25.257166927430276,25.257166927430276,single_atom
HAT707_98,HAT707nonMR,Bond Dissociation Energies,Thermochemistry,MACE-MP-0b3,-20.81999941526192,-80.15986523101982,-59.3398658157579,59.3398658157579,single_atom
HAT707_99,HAT707nonMR,Bond Dissociation Energies,Thermochemistry,MACE-MP-0b3,-22.7199989562187,-76.92114906428509,-54.201150108066386,54.201150108066386,single_atom
HAT707_1,HAT707nonMR,Bond Dissociation Energies,Thermochemistry,MACE-OMOL-0-100M,26.54999863857759,25.781508436872816,-0.7684902017047754,0.7684902017047754,single_atom
HAT707_100,HAT707nonMR,Bond Dissociation Energies,Thermochemistry,MACE-OMOL-0-100M,5.409999511999825,11.138202980761449,5.728203468761624,5.728203468761624,single_atom
HAT707_101,HAT707nonMR,Bond Dissociation Energies,Thermochemistry,MACE-OMOL-0-100M,2.6800000923080995,1.9686756224111956,-0.7113244698969039,0.7113244698969039,single_atom
HAT707_102,HAT707nonMR,Bond Dissociation Energies,Thermochemistry,MACE-OMOL-0-100M,20.889999352112262,21.415838983821203,0.5258396317089407,0.5258396317089407,single_atom
HAT707_104,HAT707nonMR,Bond Dissociation Energies,Thermochemistry,MACE-OMOL-0-100M,-26.94999890523187,-23.657637849636924,3.292361055594945,3.292361055594945,single_atom
HAT707_105,HAT707nonMR,Bond Dissociation Energies,Thermochemistry,MACE-OMOL-0-100M,-52.06999757884783,-56.47867740833161,-4.408679829483781,4.408679829483781,single_atom
HAT707_106,HAT707nonMR,Bond Dissociation Energies,Thermochemistry,MACE-OMOL-0-100M,-38.72999831819801,-44.41576530021871,-5.685766982020702,5.685766982020702,single_atom
HAT707_107,HAT707nonMR,Bond Dissociation Energies,Thermochemistry,MACE-OMOL-0-100M,-19.25999894006875,-22.17985450332757,-2.9198555632588175,2.9198555632588175,single_atom
HAT707_110,HAT707nonMR,Bond Dissociation Energies,Thermochemistry,MACE-OMOL-0-100M,-16.519999529398408,-13.01032714497732,3.509672384421089,3.509672384421089,single_atom
HAT707_111,HAT707nonMR,Bond Dissociation Energies,Thermochemistry,MACE-OMOL-0-100M,47.74999833853655,49.31369109085722,1.5636927523206694,1.5636927523206694,single_atom
HAT707_112,HAT707nonMR,Bond Dissociation Energies,Thermochemistry,MACE-OMOL-0-100M,44.69999795251003,40.3300713603992,-4.369926592110829,4.369926592110829,single_atom
HAT707_113,HAT707nonMR,Bond Dissociation Energies,Thermochemistry,MACE-OMOL-0-100M,78.83999674091037,78.37388724672553,-0.4661094941848347,0.4661094941848347,single_atom
HAT707_114,HAT707nonMR,Bond Dissociation Energies,Thermochemistry,MACE-OMOL-0-100M,102.59999575871892,98.63915612220244,-3.960839636516482,3.960839636516482,single_atom
HAT707_115,HAT707nonMR,Bond Dissociation Energies,Thermochemistry,MACE-OMOL-0-100M,-13.619999635560664,-11.594725741534504,2.02527389402616,2.02527389402616,single_atom
HAT707_116,HAT707nonMR,Bond Dissociation Energies,Thermochemistry,MACE-OMOL-0-100M,-145.38999371254386,-161.54814906310065,-16.158155350556797,16.158155350556797,single_atom
HAT707_118,HAT707nonMR,Bond Dissociation Energies,Thermochemistry,MACE-OMOL-0-100M,17.62999915553472,17.18753342292133,-0.44246573261338895,0.44246573261338895,single_atom
HAT707_12,HAT707nonMR,Bond Dissociation Energies,Thermochemistry,MACE-OMOL-0-100M,48.4799983074853,46.42930425221087,-2.050694055274434,2.050694055274434,single_atom
HAT707_127,HAT707nonMR,Bond Dissociation Energies,Thermochemistry,MACE-OMOL-0-100M,242.7099899668493,237.88397783438,-4.8260121324692875,4.8260121324692875,single_atom
HAT707_128,HAT707nonMR,Bond Dissociation Energies,Thermochemistry,MACE-OMOL-0-100M,194.27999227766205,192.9522254698929,-1.3277668077691374,1.3277668077691374,single_atom
HAT707_13,HAT707nonMR,Bond Dissociation Energies,Thermochemistry,MACE-OMOL-0-100M,90.18999627172391,86.59255503989212,-3.5974412318317945,3.5974412318317945,single_atom
HAT707_131,HAT707nonMR,Bond Dissociation Energies,Thermochemistry,MACE-OMOL-0-100M,184.5899923694152,180.7998232283596,-3.7901691410555998,3.7901691410555998,single_atom
HAT707_132,HAT707nonMR,Bond Dissociation Energies,Thermochemistry,MACE-OMOL-0-100M,74.28999692899828,61.16333400676357,-13.126662922234708,13.126662922234708,single_atom
HAT707_133,HAT707nonMR,Bond Dissociation Energies,Thermochemistry,MACE-OMOL-0-100M,217.359991014768,215.0466503340061,-2.313340680761911,2.313340680761911,single_atom
HAT707_134,HAT707nonMR,Bond Dissociation Energies,Thermochemistry,MACE-OMOL-0-100M,63.24999738537037,60.28791385448169,-2.962083530888684,2.962083530888684,single_atom
HAT707_135,HAT707nonMR,Bond Dissociation Energies,Thermochemistry,MACE-OMOL-0-100M,152.96999367652305,148.97940664346729,-3.9905870330557605,3.9905870330557605,single_atom
HAT707_136,HAT707nonMR,Bond Dissociation Energies,Thermochemistry,MACE-OMOL-0-100M,44.229998376514885,29.62083227876345,-14.609166097751434,14.609166097751434,single_atom
HAT707_137,HAT707nonMR,Bond Dissociation Energies,Thermochemistry,MACE-OMOL-0-100M,26.039999098667963,21.93268953905284,-4.107309559615121,4.107309559615121,single_atom
HAT707_138,HAT707nonMR,Bond Dissociation Energies,Thermochemistry,MACE-OMOL-0-100M,138.40999427840475,132.53416224992398,-5.875832028480772,5.875832028480772,single_atom
HAT707_139,HAT707nonMR,Bond Dissociation Energies,Thermochemistry,MACE-OMOL-0-100M,82.66999658258575,77.95640720465934,-4.713589377926411,4.713589377926411,single_atom
HAT707_14,HAT707nonMR,Bond Dissociation Energies,Thermochemistry,MACE-OMOL-0-100M,42.04999846064728,33.93916999193223,-8.110828468715049,8.110828468715049,single_atom
HAT707_140,HAT707nonMR,Bond Dissociation Energies,Thermochemistry,MACE-OMOL-0-100M,28.609998662701766,20.06020783135737,-8.549790831344396,8.549790831344396,single_atom
HAT707_141,HAT707nonMR,Bond Dissociation Energies,Thermochemistry,MACE-OMOL-0-100M,106.97999557765864,85.0297839627273,-21.950211614931348,21.950211614931348,single_atom
HAT707_142,HAT707nonMR,Bond Dissociation Energies,Thermochemistry,MACE-OMOL-0-100M,209.17999135291325,204.03014839932,-5.149842953593236,5.149842953593236,single_atom
HAT707_143,HAT707nonMR,Bond Dissociation Energies,Thermochemistry,MACE-OMOL-0-100M,172.29999287745918,167.36143882593535,-4.938554051523823,4.938554051523823,single_atom
HAT707_144,HAT707nonMR,Bond Dissociation Energies,Thermochemistry,MACE-OMOL-0-100M,166.64999311101909,163.63420559932158,-3.0157875116975106,3.0157875116975106,single_atom
HAT707_145,HAT707nonMR,Bond Dissociation Energies,Thermochemistry,MACE-OMOL-0-100M,127.99999470873362,128.28141831222095,0.2814236034873261,0.2814236034873261,single_atom
HAT707_146,HAT707nonMR,Bond Dissociation Energies,Thermochemistry,MACE-OMOL-0-100M,80.29999668055672,78.44356260368201,-1.8564340768747059,1.8564340768747059,single_atom
HAT707_147,HAT707nonMR,Bond Dissociation Energies,Thermochemistry,MACE-OMOL-0-100M,86.19999643666293,83.1800646849303,-3.019931751732628,3.019931751732628,single_atom
HAT707_148,HAT707nonMR,Bond Dissociation Energies,Thermochemistry,MACE-OMOL-0-100M,80.69999666402163,77.6936005672642,-3.0063960967574275,3.0063960967574275,single_atom
HAT707_149,HAT707nonMR,Bond Dissociation Energies,Thermochemistry,MACE-OMOL-0-100M,145.95999382583466,141.67811318283003,-4.281880643004627,4.281880643004627,single_atom
HAT707_15,HAT707nonMR,Bond Dissociation Energies,Thermochemistry,MACE-OMOL-0-100M,41.759998094757805,41.66080267540507,-0.09919541935273202,0.09919541935273202,single_atom
HAT707_150,HAT707nonMR,Bond Dissociation Energies,Thermochemistry,MACE-OMOL-0-100M,97.86999595424828,96.42744656746956,-1.4425493867787225,1.4425493867787225,single_atom
HAT707_151,HAT707nonMR,Bond Dissociation Energies,Thermochemistry,MACE-OMOL-0-100M,8.399999952154623,6.267203146637836,-2.1327968055167865,2.1327968055167865,single_atom
HAT707_152,HAT707nonMR,Bond Dissociation Energies,Thermochemistry,MACE-OMOL-0-100M,75.80999686990474,77.7722695330907,1.9622726631859564,1.9622726631859564,single_atom
HAT707_153,HAT707nonMR,Bond Dissociation Energies,Thermochemistry,MACE-OMOL-0-100M,64.52999733245754,55.27229185703138,-9.257705475426164,9.257705475426164,single_atom
HAT707_154,HAT707nonMR,Bond Dissociation Energies,Thermochemistry,MACE-OMOL-0-100M,63.65999736842143,58.79188116774294,-4.868116200678486,4.868116200678486,single_atom
HAT707_155,HAT707nonMR,Bond Dissociation Energies,Thermochemistry,MACE-OMOL-0-100M,96.19999602328237,90.88913679241466,-5.310859230867706,5.310859230867706,single_atom
HAT707_156,HAT707nonMR,Bond Dissociation Energies,Thermochemistry,MACE-OMOL-0-100M,129.30999465458058,126.46160941588414,-2.8483852386964372,2.8483852386964372,single_atom
HAT707_157,HAT707nonMR,Bond Dissociation Energies,Thermochemistry,MACE-OMOL-0-100M,66.67999694880136,55.35881136756513,-11.321185581236229,11.321185581236229,single_atom
HAT707_158,HAT707nonMR,Bond Dissociation Energies,Thermochemistry,MACE-OMOL-0-100M,-47.84999824832275,-55.32918085383976,-7.4791826055170105,7.4791826055170105,single_atom
HAT707_159,HAT707nonMR,Bond Dissociation Energies,Thermochemistry,MACE-OMOL-0-100M,97.79999595714196,91.80338355843205,-5.996612398709914,5.996612398709914,single_atom
HAT707_160,HAT707nonMR,Bond Dissociation Energies,Thermochemistry,MACE-OMOL-0-100M,-31.0599989625016,-53.30865180208287,-22.248652839581272,22.248652839581272,single_atom
HAT707_162,HAT707nonMR,Bond Dissociation Energies,Thermochemistry,MACE-OMOL-0-100M,223.6099907564051,219.20861342602575,-4.401377330379347,4.401377330379347,single_atom
HAT707_163,HAT707nonMR,Bond Dissociation Energies,Thermochemistry,MACE-OMOL-0-100M,94.8199960803291,89.566876459573,-5.2531196207561095,5.2531196207561095,single_atom
HAT707_164,HAT707nonMR,Bond Dissociation Energies,Thermochemistry,MACE-OMOL-0-100M,191.39999208790343,197.31498156937369,5.914989481470258,5.914989481470258,single_atom
HAT707_165,HAT707nonMR,Bond Dissociation Energies,Thermochemistry,MACE-OMOL-0-100M,136.24999436769463,134.29039976801494,-1.95959459967969,1.95959459967969,single_atom
HAT707_166,HAT707nonMR,Bond Dissociation Energies,Thermochemistry,MACE-OMOL-0-100M,67.40999721340434,63.11301884621826,-4.296978367186078,4.296978367186078,single_atom
HAT707_167,HAT707nonMR,Bond Dissociation Energies,Thermochemistry,MACE-OMOL-0-100M,4.909999963068817,1.7361702566077717,-3.173829706461045,3.173829706461045,single_atom
HAT707_168,HAT707nonMR,Bond Dissociation Energies,Thermochemistry,MACE-OMOL-0-100M,0.4100002576329006,0.022593695106163,-0.3874065625267376,0.3874065625267376,single_atom
HAT707_169,HAT707nonMR,Bond Dissociation Energies,Thermochemistry,MACE-OMOL-0-100M,6.659999639346293,-0.320529130957697,-6.98052877030399,6.98052877030399,single_atom
HAT707_170,HAT707nonMR,Bond Dissociation Energies,Thermochemistry,MACE-OMOL-0-100M,-9.989999772774176,-28.90779980637858,-18.917800033604404,18.917800033604404,single_atom
HAT707_171,HAT707nonMR,Bond Dissociation Energies,Thermochemistry,MACE-OMOL-0-100M,-49.79999774417263,-57.92021348307273,-8.1202157389001,8.1202157389001,single_atom
HAT707_172,HAT707nonMR,Bond Dissociation Energies,Thermochemistry,MACE-OMOL-0-100M,75.53999687732633,65.21226029829312,-10.327736579033214,10.327736579033214,single_atom
HAT707_173,HAT707nonMR,Bond Dissociation Energies,Thermochemistry,MACE-OMOL-0-100M,89.89999628371187,91.1440485358385,1.2440522521266217,1.2440522521266217,single_atom
HAT707_174,HAT707nonMR,Bond Dissociation Energies,Thermochemistry,MACE-OMOL-0-100M,155.19999358433947,153.26009841694102,-1.939895167398447,1.939895167398447,single_atom
HAT707_175,HAT707nonMR,Bond Dissociation Energies,Thermochemistry,MACE-OMOL-0-100M,173.39999283198716,172.707261778351,-0.6927310536361517,0.6927310536361517,single_atom
HAT707_177,HAT707nonMR,Bond Dissociation Energies,Thermochemistry,MACE-OMOL-0-100M,125.56999480918508,127.63378494485094,2.0637901356658688,2.0637901356658688,single_atom
HAT707_178,HAT707nonMR,Bond Dissociation Energies,Thermochemistry,MACE-OMOL-0-100M,32.41999836310342,23.52716814670348,-8.892830216399936,8.892830216399936,single_atom
HAT707_179,HAT707nonMR,Bond Dissociation Energies,Thermochemistry,MACE-OMOL-0-100M,45.749998260284094,35.590080254816385,-10.15991800546771,10.15991800546771,single_atom
HAT707_18,HAT707nonMR,Bond Dissociation Energies,Thermochemistry,MACE-OMOL-0-100M,32.06999867885171,29.508400433871696,-2.561598244980015,2.561598244980015,single_atom
HAT707_180,HAT707nonMR,Bond Dissociation Energies,Thermochemistry,MACE-OMOL-0-100M,133.25999449129563,129.1115682911603,-4.148426200135333,4.148426200135333,single_atom
HAT707_183,HAT707nonMR,Bond Dissociation Energies,Thermochemistry,MACE-OMOL-0-100M,67.96999704006231,66.99551841009972,-0.97447862996259,0.97447862996259,single_atom
HAT707_184,HAT707nonMR,Bond Dissociation Energies,Thermochemistry,MACE-OMOL-0-100M,69.91999710964599,69.77991223274259,-0.14008487690340132,0.14008487690340132,single_atom
HAT707_185,HAT707nonMR,Bond Dissociation Energies,Thermochemistry,MACE-OMOL-0-100M,93.67999612745452,90.04518110824047,-3.634815019214045,3.634815019214045,single_atom
HAT707_186,HAT707nonMR,Bond Dissociation Energies,Thermochemistry,MACE-OMOL-0-100M,138.89999425814892,139.69669705295337,0.7967027948044461,0.7967027948044461,single_atom
HAT707_187,HAT707nonMR,Bond Dissociation Energies,Thermochemistry,MACE-OMOL-0-100M,-47.12999827035263,-69.72895251679711,-22.598954246444478,22.598954246444478,single_atom
HAT707_19,HAT707nonMR,Bond Dissociation Energies,Thermochemistry,MACE-OMOL-0-100M,-23.959999092586543,-30.655862539539967,-6.695863446953425,6.695863446953425,single_atom
HAT707_193,HAT707nonMR,Bond Dissociation Energies,Thermochemistry,MACE-OMOL-0-100M,94.01999611339927,112.69094308397143,18.67094697057216,18.67094697057216,single_atom
HAT707_194,HAT707nonMR,Bond Dissociation Energies,Thermochemistry,MACE-OMOL-0-100M,135.72999438919072,152.85419387166317,17.12419948247245,17.12419948247245,single_atom
HAT707_195,HAT707nonMR,Bond Dissociation Energies,Thermochemistry,MACE-OMOL-0-100M,87.29999639119096,107.92244150716564,20.622445115974685,20.622445115974685,single_atom
HAT707_197,HAT707nonMR,Bond Dissociation Energies,Thermochemistry,MACE-OMOL-0-100M,77.60999679175653,95.77003926564277,18.160042473886236,18.160042473886236,single_atom
HAT707_198,HAT707nonMR,Bond Dissociation Energies,Thermochemistry,MACE-OMOL-0-100M,121.42999498032408,130.89228652357116,9.462291543247076,9.462291543247076,single_atom
HAT707_199,HAT707nonMR,Bond Dissociation Energies,Thermochemistry,MACE-OMOL-0-100M,110.37999543710936,130.0168663712893,19.63687093417994,19.63687093417994,single_atom
HAT707_20,HAT707nonMR,Bond Dissociation Energies,Thermochemistry,MACE-OMOL-0-100M,64.83999731964255,63.75522753951822,-1.0847697801243257,1.0847697801243257,single_atom
HAT707_200,HAT707nonMR,Bond Dissociation Energies,Thermochemistry,MACE-OMOL-0-100M,45.98999804377098,63.94962268075048,17.9596246369795,17.9596246369795,single_atom
HAT707_201,HAT707nonMR,Bond Dissociation Energies,Thermochemistry,MACE-OMOL-0-100M,91.36999622294502,99.34978479556057,7.979788572615547,7.979788572615547,single_atom
HAT707_202,HAT707nonMR,Bond Dissociation Energies,Thermochemistry,MACE-OMOL-0-100M,73.1699969752973,91.66164205586044,18.491645080563146,18.491645080563146,single_atom
HAT707_203,HAT707nonMR,Bond Dissociation Energies,Thermochemistry,MACE-OMOL-0-100M,-47.49999793656158,-31.918875048375853,15.581122888185725,15.581122888185725,single_atom
HAT707_204,HAT707nonMR,Bond Dissociation Energies,Thermochemistry,MACE-OMOL-0-100M,31.42999862871055,47.50437828720718,16.074379658496632,16.074379658496632,single_atom
HAT707_205,HAT707nonMR,Bond Dissociation Energies,Thermochemistry,MACE-OMOL-0-100M,129.79999463432537,147.68535972144596,17.88536508712059,17.88536508712059,single_atom
HAT707_206,HAT707nonMR,Bond Dissociation Energies,Thermochemistry,MACE-OMOL-0-100M,75.73999686905847,89.78916034816497,14.049163479106497,14.049163479106497,single_atom
HAT707_207,HAT707nonMR,Bond Dissociation Energies,Thermochemistry,MACE-OMOL-0-100M,102.19999577525464,119.00036443660318,16.800368661348543,16.800368661348543,single_atom
HAT707_208,HAT707nonMR,Bond Dissociation Energies,Thermochemistry,MACE-OMOL-0-100M,65.30999730021375,82.33165486321855,17.021657563004794,17.021657563004794,single_atom
HAT707_209,HAT707nonMR,Bond Dissociation Energies,Thermochemistry,MACE-OMOL-0-100M,59.65999763422474,78.60442163658378,18.944424002359042,18.944424002359042,single_atom
HAT707_21,HAT707nonMR,Bond Dissociation Energies,Thermochemistry,MACE-OMOL-0-100M,-35.00999853660394,-31.531282691821847,3.4787158447820907,3.4787158447820907,single_atom
HAT707_210,HAT707nonMR,Bond Dissociation Energies,Thermochemistry,MACE-OMOL-0-100M,91.84999620310305,105.63485161381992,13.784855410716872,13.784855410716872,single_atom
HAT707_211,HAT707nonMR,Bond Dissociation Energies,Thermochemistry,MACE-OMOL-0-100M,21.009999243855702,43.25163434948317,22.241635105627466,22.241635105627466,single_atom
HAT707_212,HAT707nonMR,Bond Dissociation Energies,Thermochemistry,MACE-OMOL-0-100M,-26.679999148809127,-6.586221359055771,20.093777789753357,20.093777789753357,single_atom
HAT707_213,HAT707nonMR,Bond Dissociation Energies,Thermochemistry,MACE-OMOL-0-100M,-51.459998129152005,-35.1301992085448,16.329798920607203,16.329798920607203,single_atom
HAT707_214,HAT707nonMR,Bond Dissociation Energies,Thermochemistry,MACE-OMOL-0-100M,-20.77999945134744,-1.8497192778074791,18.93028017353996,18.93028017353996,single_atom
HAT707_215,HAT707nonMR,Bond Dissociation Energies,Thermochemistry,MACE-OMOL-0-100M,22.54999910958216,37.591077402106734,15.041078292524574,15.041078292524574,single_atom
HAT707_216,HAT707nonMR,Bond Dissociation Energies,Thermochemistry,MACE-OMOL-0-100M,-26.27999888215485,-7.336183395463096,18.943815486691754,18.943815486691754,single_atom
HAT707_217,HAT707nonMR,Bond Dissociation Energies,Thermochemistry,MACE-OMOL-0-100M,48.14999797768136,65.31682789965559,17.166829921974234,17.166829921974234,single_atom
HAT707_218,HAT707nonMR,Bond Dissociation Energies,Thermochemistry,MACE-OMOL-0-100M,16.989999105393554,33.05686701381368,16.066867908420125,16.066867908420125,single_atom
HAT707_219,HAT707nonMR,Bond Dissociation Energies,Thermochemistry,MACE-OMOL-0-100M,38.97999809266351,56.648329220113226,17.66833112744972,17.66833112744972,single_atom
HAT707_22,HAT707nonMR,Bond Dissociation Energies,Thermochemistry,MACE-OMOL-0-100M,0.4500002215473813,-2.3120161510205866,-2.7620163725679676,2.7620163725679676,single_atom
HAT707_220,HAT707nonMR,Bond Dissociation Energies,Thermochemistry,MACE-OMOL-0-100M,-9.109999311636654,11.39766260474228,20.507661916378936,20.507661916378936,single_atom
HAT707_222,HAT707nonMR,Bond Dissociation Energies,Thermochemistry,MACE-OMOL-0-100M,-31.169998863266425,-7.257514429647089,23.912484433619337,23.912484433619337,single_atom
HAT707_223,HAT707nonMR,Bond Dissociation Energies,Thermochemistry,MACE-OMOL-0-100M,39.66999809769778,55.12570283468968,15.455704736991905,15.455704736991905,single_atom
HAT707_224,HAT707nonMR,Bond Dissociation Energies,Thermochemistry,MACE-OMOL-0-100M,-42.459998090770696,-29.757492105706397,12.702505985064299,12.702505985064299,single_atom
HAT707_225,HAT707nonMR,Bond Dissociation Energies,Thermochemistry,MACE-OMOL-0-100M,4.820000044261236,20.34827466266964,15.528274618408403,15.528274618408403,single_atom
HAT707_226,HAT707nonMR,Bond Dissociation Energies,Thermochemistry,MACE-OMOL-0-100M,-10.779999687594644,5.859352829687363,16.639352517282006,16.639352517282006,single_atom
HAT707_227,HAT707nonMR,Bond Dissociation Energies,Thermochemistry,MACE-OMOL-0-100M,-27.929998648646123,-9.670519593761169,18.259479054884956,18.259479054884956,single_atom
HAT707_228,HAT707nonMR,Bond Dissociation Energies,Thermochemistry,MACE-OMOL-0-100M,22.32999930805251,41.43182545314637,19.101826145093856,19.101826145093856,single_atom
HAT707_229,HAT707nonMR,Bond Dissociation Energies,Thermochemistry,MACE-OMOL-0-100M,-87.96999656756792,-78.20466376844963,9.765332799118283,9.765332799118283,single_atom
HAT707_23,HAT707nonMR,Bond Dissociation Energies,Thermochemistry,MACE-OMOL-0-100M,-54.01999770220718,-62.19836426754008,-8.178366565332901,8.178366565332901,single_atom
HAT707_230,HAT707nonMR,Bond Dissociation Energies,Thermochemistry,MACE-OMOL-0-100M,9.12999992110337,28.551911904984475,19.421911983881106,19.421911983881106,single_atom
HAT707_231,HAT707nonMR,Bond Dissociation Energies,Thermochemistry,MACE-OMOL-0-100M,-40.30999814783893,-29.67097259516216,10.639025552676774,10.639025552676774,single_atom
HAT707_232,HAT707nonMR,Bond Dissociation Energies,Thermochemistry,MACE-OMOL-0-100M,-78.37999706144801,-64.96957613136992,13.41042093007809,13.41042093007809,single_atom
HAT707_233,HAT707nonMR,Bond Dissociation Energies,Thermochemistry,MACE-OMOL-0-100M,-106.97999573317117,-85.02978396273254,21.950211770438628,21.950211770438628,single_atom
HAT707_234,HAT707nonMR,Bond Dissociation Energies,Thermochemistry,MACE-OMOL-0-100M,-0.7099999869915055,14.399771662957347,15.109771649948852,15.109771649948852,single_atom
HAT707_235,HAT707nonMR,Bond Dissociation Energies,Thermochemistry,MACE-OMOL-0-100M,47.12999827035263,69.72895251679186,22.598954246439234,22.598954246439234,single_atom
HAT707_238,HAT707nonMR,Bond Dissociation Energies,Thermochemistry,MACE-OMOL-0-100M,116.62999517874648,134.17882946330897,17.54883428456249,17.54883428456249,single_atom
HAT707_239,HAT707nonMR,Bond Dissociation Energies,Thermochemistry,MACE-OMOL-0-100M,84.41999651024416,112.28519760665684,27.865201096412676,27.865201096412676,single_atom
HAT707_24,HAT707nonMR,Bond Dissociation Energies,Thermochemistry,MACE-OMOL-0-100M,-72.21999697103273,-69.8865070072507,2.3334899637820286,2.3334899637820286,single_atom
HAT707_240,HAT707nonMR,Bond Dissociation Energies,Thermochemistry,MACE-OMOL-0-100M,29.259998703821548,49.26061580527715,20.0006171014556,20.0006171014556,single_atom
HAT707_241,HAT707nonMR,Bond Dissociation Energies,Thermochemistry,MACE-OMOL-0-100M,114.53999526514332,132.8419713630049,18.30197609786157,18.30197609786157,single_atom
HAT707_242,HAT707nonMR,Bond Dissociation Energies,Thermochemistry,MACE-OMOL-0-100M,39.83999857184379,57.27373247550128,17.43373390365749,17.43373390365749,single_atom
HAT707_243,HAT707nonMR,Bond Dissociation Energies,Thermochemistry,MACE-OMOL-0-100M,32.84999860269356,50.09709749684005,17.24709889414649,17.24709889414649,single_atom
HAT707_244,HAT707nonMR,Bond Dissociation Energies,Thermochemistry,MACE-OMOL-0-100M,30.41999891236044,47.09255445889846,16.67255554653802,16.67255554653802,single_atom
HAT707_245,HAT707nonMR,Bond Dissociation Energies,Thermochemistry,MACE-OMOL-0-100M,37.6699986469548,55.01295943029472,17.34296078333992,17.34296078333992,single_atom
HAT707_246,HAT707nonMR,Bond Dissociation Energies,Thermochemistry,MACE-OMOL-0-100M,43.13999810482634,62.54391762519105,19.40391952036471,19.40391952036471,single_atom
HAT707_247,HAT707nonMR,Bond Dissociation Energies,Thermochemistry,MACE-OMOL-0-100M,54.04999767514305,73.10696181588968,19.05696414074663,19.05696414074663,single_atom
HAT707_248,HAT707nonMR,Bond Dissociation Energies,Thermochemistry,MACE-OMOL-0-100M,-33.429998706963005,-9.681940151025636,23.74805855593737,23.74805855593737,single_atom
HAT707_249,HAT707nonMR,Bond Dissociation Energies,Thermochemistry,MACE-OMOL-0-100M,63.73999736511453,80.30364524089661,16.56364787578208,16.56364787578208,single_atom
HAT707_25,HAT707nonMR,Bond Dissociation Energies,Thermochemistry,MACE-OMOL-0-100M,-144.62999377065924,-152.04284860306822,-7.412854832408982,7.412854832408982,single_atom
HAT707_250,HAT707nonMR,Bond Dissociation Energies,Thermochemistry,MACE-OMOL-0-100M,-38.38999862492492,-25.77207176497175,12.617926859953172,12.617926859953172,single_atom
HAT707_251,HAT707nonMR,Bond Dissociation Energies,Thermochemistry,MACE-OMOL-0-100M,100.09999586206406,111.64383306960868,11.543837207544613,11.543837207544613,single_atom
HAT707_252,HAT707nonMR,Bond Dissociation Energies,Thermochemistry,MACE-OMOL-0-100M,48.6299981721646,64.5936384742474,15.963640302082801,15.963640302082801,single_atom
HAT707_253,HAT707nonMR,Bond Dissociation Energies,Thermochemistry,MACE-OMOL-0-100M,-76.6999966945114,-58.53883530712894,18.161161387382457,18.161161387382457,single_atom
HAT707_254,HAT707nonMR,Bond Dissociation Energies,Thermochemistry,MACE-OMOL-0-100M,122.66999492906533,134.94121281509024,12.271217886024914,12.271217886024914,single_atom
HAT707_255,HAT707nonMR,Bond Dissociation Energies,Thermochemistry,MACE-OMOL-0-100M,48.20999792355308,68.23031445417178,20.020316530618693,20.020316530618693,single_atom
HAT707_256,HAT707nonMR,Bond Dissociation Energies,Thermochemistry,MACE-OMOL-0-100M,66.41999725432856,87.67747781562373,21.257480561295168,21.257480561295168,single_atom
HAT707_257,HAT707nonMR,Bond Dissociation Energies,Thermochemistry,MACE-OMOL-0-100M,18.589999544501204,42.60400098212365,24.014001437622447,24.014001437622447,single_atom
HAT707_258,HAT707nonMR,Bond Dissociation Energies,Thermochemistry,MACE-OMOL-0-100M,26.27999888215485,44.081784328433,17.801785446278153,17.801785446278153,single_atom
HAT707_259,HAT707nonMR,Bond Dissociation Energies,Thermochemistry,MACE-OMOL-0-100M,31.91999881417241,54.66691309023656,22.746914276064153,22.746914276064153,single_atom
HAT707_26,HAT707nonMR,Bond Dissociation Energies,Thermochemistry,MACE-OMOL-0-100M,-14.109999193513053,-18.757260544563884,-4.647261351050831,4.647261351050831,single_atom
HAT707_27,HAT707nonMR,Bond Dissociation Energies,Thermochemistry,MACE-OMOL-0-100M,-15.589999113367783,-13.86278934164419,1.7272097717235937,1.7272097717235937,single_atom
HAT707_270,HAT707nonMR,Bond Dissociation Energies,Thermochemistry,MACE-OMOL-0-100M,62.08999732455786,58.02402999375586,-4.065967330801996,4.065967330801996,single_atom
HAT707_271,HAT707nonMR,Bond Dissociation Energies,Thermochemistry,MACE-OMOL-0-100M,103.80999570870044,98.18728078142662,-5.622714927273819,5.622714927273819,single_atom
HAT707_272,HAT707nonMR,Bond Dissociation Energies,Thermochemistry,MACE-OMOL-0-100M,55.37999773031848,53.25552841690811,-2.1244693134103656,2.1244693134103656,single_atom
HAT707_274,HAT707nonMR,Bond Dissociation Energies,Thermochemistry,MACE-OMOL-0-100M,45.68999831441237,41.1031261754062,-4.586872139006168,4.586872139006168,single_atom
HAT707_275,HAT707nonMR,Bond Dissociation Energies,Thermochemistry,MACE-OMOL-0-100M,14.059999238619952,9.282709590513916,-4.777289648106036,4.777289648106036,single_atom
HAT707_276,HAT707nonMR,Bond Dissociation Energies,Thermochemistry,MACE-OMOL-0-100M,15.629999077282264,9.5606244473956,-6.0693746298866635,6.0693746298866635,single_atom
HAT707_277,HAT707nonMR,Bond Dissociation Energies,Thermochemistry,MACE-OMOL-0-100M,-2.570000191543277,1.8724817076954716,4.442481899238748,4.442481899238748,single_atom
HAT707_278,HAT707nonMR,Bond Dissociation Energies,Thermochemistry,MACE-OMOL-0-100M,30.879998497376967,33.050701082983586,2.1707025856066196,2.1707025856066196,single_atom
HAT707_279,HAT707nonMR,Bond Dissociation Energies,Thermochemistry,MACE-OMOL-0-100M,-0.500000176440482,-7.16253480302938,-6.662534626588898,6.662534626588898,single_atom
HAT707_28,HAT707nonMR,Bond Dissociation Energies,Thermochemistry,MACE-OMOL-0-100M,-69.64999740699892,-71.75898871494617,-2.1089913079472495,2.1089913079472495,single_atom
HAT707_280,HAT707nonMR,Bond Dissociation Energies,Thermochemistry,MACE-OMOL-0-100M,54.05999766612167,57.896199373301975,3.836201707180308,3.836201707180308,single_atom
HAT707_281,HAT707nonMR,Bond Dissociation Energies,Thermochemistry,MACE-OMOL-0-100M,-31.91999881417241,-54.66691309022608,-22.746914276053673,22.746914276053673,single_atom
HAT707_282,HAT707nonMR,Bond Dissociation Energies,Thermochemistry,MACE-OMOL-0-100M,70.27999709476371,64.33345134636663,-5.946545748397085,5.946545748397085,single_atom
HAT707_283,HAT707nonMR,Bond Dissociation Energies,Thermochemistry,MACE-OMOL-0-100M,33.389998743048515,27.664741772981984,-5.725256970066532,5.725256970066532,single_atom
HAT707_284,HAT707nonMR,Bond Dissociation Energies,Thermochemistry,MACE-OMOL-0-100M,27.73999882005234,23.9375085463682,-3.802490273684139,3.802490273684139,single_atom
HAT707_285,HAT707nonMR,Bond Dissociation Energies,Thermochemistry,MACE-OMOL-0-100M,170.229992963029,170.60442774520035,0.37443478217136317,0.37443478217136317,single_atom
HAT707_286,HAT707nonMR,Bond Dissociation Energies,Thermochemistry,MACE-OMOL-0-100M,-10.909999570316703,-11.41527874073242,-0.5052791704157169,0.5052791704157169,single_atom
HAT707_287,HAT707nonMR,Bond Dissociation Energies,Thermochemistry,MACE-OMOL-0-100M,-58.59999733547206,-61.25313444927136,-2.6531371137992963,2.6531371137992963,single_atom
HAT707_288,HAT707nonMR,Bond Dissociation Energies,Thermochemistry,MACE-OMOL-0-100M,26.91999893229601,29.839376922835605,2.9193779905395942,2.9193779905395942,single_atom
HAT707_289,HAT707nonMR,Bond Dissociation Energies,Thermochemistry,MACE-OMOL-0-100M,-52.69999763801037,-56.51663236802307,-3.8166347300126944,3.8166347300126944,single_atom
HAT707_29,HAT707nonMR,Bond Dissociation Energies,Thermochemistry,MACE-OMOL-0-100M,-45.5399978222236,-66.26163883176058,-20.72164100953698,20.72164100953698,single_atom
HAT707_290,HAT707nonMR,Bond Dissociation Energies,Thermochemistry,MACE-OMOL-0-100M,100.91999582816683,102.56065353348714,1.640657705320308,1.640657705320308,single_atom
HAT707_291,HAT707nonMR,Bond Dissociation Energies,Thermochemistry,MACE-OMOL-0-100M,-58.20999768730587,-62.00309648567868,-3.79309879837281,3.79309879837281,single_atom
HAT707_292,HAT707nonMR,Bond Dissociation Energies,Thermochemistry,MACE-OMOL-0-100M,126.52999476950046,130.286404031036,3.756409261535538,3.756409261535538,single_atom
HAT707_293,HAT707nonMR,Bond Dissociation Energies,Thermochemistry,MACE-OMOL-0-100M,95.35999605800664,98.02644314517312,2.6664470871664747,2.6664470871664747,single_atom
HAT707_294,HAT707nonMR,Bond Dissociation Energies,Thermochemistry,MACE-OMOL-0-100M,7.059999906000574,1.9814161298766688,-5.078583776123905,5.078583776123905,single_atom
HAT707_295,HAT707nonMR,Bond Dissociation Energies,Thermochemistry,MACE-OMOL-0-100M,-41.029998125809065,-43.26925048547331,-2.239252359664242,2.239252359664242,single_atom
HAT707_298,HAT707nonMR,Bond Dissociation Energies,Thermochemistry,MACE-OMOL-0-100M,-63.08999767743883,-61.92442751988365,1.1655701575551802,1.1655701575551802,single_atom
HAT707_299,HAT707nonMR,Bond Dissociation Energies,Thermochemistry,MACE-OMOL-0-100M,118.03999512046012,120.09527896604912,2.0552838455890026,2.0552838455890026,single_atom
HAT707_30,HAT707nonMR,Bond Dissociation Energies,Thermochemistry,MACE-OMOL-0-100M,56.6599978306008,52.73872560483212,-3.921272225768682,3.921272225768682,single_atom
HAT707_300,HAT707nonMR,Bond Dissociation Energies,Thermochemistry,MACE-OMOL-0-100M,-74.37999690494311,-84.42440519592198,-10.044408290978865,10.044408290978865,single_atom
HAT707_301,HAT707nonMR,Bond Dissociation Energies,Thermochemistry,MACE-OMOL-0-100M,17.90999953044556,23.201800912905583,5.291801382460022,5.291801382460022,single_atom
HAT707_302,HAT707nonMR,Bond Dissociation Energies,Thermochemistry,MACE-OMOL-0-100M,83.19999656067712,85.31785079400811,2.1178542333309878,2.1178542333309878,single_atom
HAT707_303,HAT707nonMR,Bond Dissociation Energies,Thermochemistry,MACE-OMOL-0-100M,-42.699998501767055,-48.80756026052823,-6.107561758761172,6.107561758761172,single_atom
HAT707_304,HAT707nonMR,Bond Dissociation Energies,Thermochemistry,MACE-OMOL-0-100M,50.44999778529241,55.29905653762973,4.849058752337321,4.849058752337321,single_atom
HAT707_305,HAT707nonMR,Bond Dissociation Energies,Thermochemistry,MACE-OMOL-0-100M,-9.589999506119897,-13.23508763706922,-3.6450881309493237,3.6450881309493237,single_atom
HAT707_306,HAT707nonMR,Bond Dissociation Energies,Thermochemistry,MACE-OMOL-0-100M,87.50999638250988,93.52148803632294,6.011491653813053,6.011491653813053,single_atom
HAT707_307,HAT707nonMR,Bond Dissociation Energies,Thermochemistry,MACE-OMOL-0-100M,-45.749998260284094,-35.59008025482163,10.159918005462465,10.159918005462465,single_atom
HAT707_308,HAT707nonMR,Bond Dissociation Energies,Thermochemistry,MACE-OMOL-0-100M,-72.22999696201134,-84.33788568537774,-12.1078887233664,12.1078887233664,single_atom
HAT707_309,HAT707nonMR,Bond Dissociation Energies,Thermochemistry,MACE-OMOL-0-100M,-138.89999454734357,-139.69669705296909,-0.7967025056255181,0.7967025056255181,single_atom
HAT707_31,HAT707nonMR,Bond Dissociation Energies,Thermochemistry,MACE-OMOL-0-100M,19.77999909846648,16.070016031447484,-3.709983067018996,3.709983067018996,single_atom
HAT707_310,HAT707nonMR,Bond Dissociation Energies,Thermochemistry,MACE-OMOL-0-100M,-76.4499969200459,-75.38938868519713,1.0606082348487718,1.0606082348487718,single_atom
HAT707_311,HAT707nonMR,Bond Dissociation Energies,Thermochemistry,MACE-OMOL-0-100M,78.37999675992594,64.96957613135943,-13.410420628566513,13.410420628566513,single_atom
HAT707_312,HAT707nonMR,Bond Dissociation Energies,Thermochemistry,MACE-OMOL-0-100M,-28.609998662701766,-20.0602078313731,8.549790831328668,8.549790831328668,single_atom
HAT707_313,HAT707nonMR,Bond Dissociation Energies,Thermochemistry,MACE-OMOL-0-100M,52.04999759689059,56.21330330363664,4.163305706746051,4.163305706746051,single_atom
HAT707_314,HAT707nonMR,Bond Dissociation Energies,Thermochemistry,MACE-OMOL-0-100M,-57.16999737051044,-73.90573994689062,-16.735742576380183,16.735742576380183,single_atom
HAT707_318,HAT707nonMR,Bond Dissociation Energies,Thermochemistry,MACE-OMOL-0-100M,84.70999649825619,79.51191637307241,-5.198080125183779,5.198080125183779,single_atom
HAT707_319,HAT707nonMR,Bond Dissociation Energies,Thermochemistry,MACE-OMOL-0-100M,49.06999777522388,53.97679620473563,4.9067984295117455,4.9067984295117455,single_atom
HAT707_32,HAT707nonMR,Bond Dissociation Energies,Thermochemistry,MACE-OMOL-0-100M,14.129999175470292,12.342782804833694,-1.7872163706365978,1.7872163706365978,single_atom
HAT707_320,HAT707nonMR,Bond Dissociation Energies,Thermochemistry,MACE-OMOL-0-100M,52.499997818437976,57.61828451642029,5.118286697982313,5.118286697982313,single_atom
HAT707_321,HAT707nonMR,Bond Dissociation Energies,Thermochemistry,MACE-OMOL-0-100M,-2.660000110350859,-5.406297284938437,-2.746297174587578,2.746297174587578,single_atom
HAT707_322,HAT707nonMR,Bond Dissociation Energies,Thermochemistry,MACE-OMOL-0-100M,38.79999825504834,43.052811014860886,4.252812759812549,4.252812759812549,single_atom
HAT707_323,HAT707nonMR,Bond Dissociation Energies,Thermochemistry,MACE-OMOL-0-100M,118.21999500578232,122.2433086068817,4.023313601099375,4.023313601099375,single_atom
HAT707_324,HAT707nonMR,Bond Dissociation Energies,Thermochemistry,MACE-OMOL-0-100M,111.22999540197188,115.06667362819948,3.8366782262276047,3.8366782262276047,single_atom
HAT707_326,HAT707nonMR,Bond Dissociation Energies,Thermochemistry,MACE-OMOL-0-100M,108.78999550283716,112.06213059025792,3.2721350874207644,3.2721350874207644,single_atom
HAT707_327,HAT707nonMR,Bond Dissociation Energies,Thermochemistry,MACE-OMOL-0-100M,116.04999520272304,119.98253556166463,3.932540358941594,3.932540358941594,single_atom
HAT707_328,HAT707nonMR,Bond Dissociation Energies,Thermochemistry,MACE-OMOL-0-100M,121.51999497660395,127.51349375655047,5.9934987799465205,5.9934987799465205,single_atom
HAT707_329,HAT707nonMR,Bond Dissociation Energies,Thermochemistry,MACE-OMOL-0-100M,132.41999452601925,138.07653794722816,5.656543421208909,5.656543421208909,single_atom
HAT707_33,HAT707nonMR,Bond Dissociation Energies,Thermochemistry,MACE-OMOL-0-100M,-5.2799996292777625,-14.489121940851469,-9.209122311573706,9.209122311573706,single_atom
HAT707_331,HAT707nonMR,Bond Dissociation Energies,Thermochemistry,MACE-OMOL-0-100M,44.94999835448501,55.28763598034429,10.33763762585928,10.33763762585928,single_atom
HAT707_332,HAT707nonMR,Bond Dissociation Energies,Thermochemistry,MACE-OMOL-0-100M,142.11999412504048,145.27322137223507,3.153227247194593,3.153227247194593,single_atom
HAT707_333,HAT707nonMR,Bond Dissociation Energies,Thermochemistry,MACE-OMOL-0-100M,39.989998436523095,39.197504366408666,-0.7924940701144294,0.7924940701144294,single_atom
HAT707_335,HAT707nonMR,Bond Dissociation Energies,Thermochemistry,MACE-OMOL-0-100M,178.47999262199,176.61340920098908,-1.866583421000911,1.866583421000911,single_atom
HAT707_337,HAT707nonMR,Bond Dissociation Energies,Thermochemistry,MACE-OMOL-0-100M,50.3399978845276,45.29660343169458,-5.04339445283302,5.04339445283302,single_atom
HAT707_338,HAT707nonMR,Bond Dissociation Energies,Thermochemistry,MACE-OMOL-0-100M,-38.64999839036904,-33.45885363713898,5.191144753230063,5.191144753230063,single_atom
HAT707_34,HAT707nonMR,Bond Dissociation Energies,Thermochemistry,MACE-OMOL-0-100M,-24.51999921489875,-23.01000448227741,1.5099947326213403,1.5099947326213403,single_atom
HAT707_340,HAT707nonMR,Bond Dissociation Energies,Thermochemistry,MACE-OMOL-0-100M,127.00999474965847,129.56321460560684,2.5532198559483703,2.5532198559483703,single_atom
HAT707_342,HAT707nonMR,Bond Dissociation Energies,Thermochemistry,MACE-OMOL-0-100M,46.92999782327075,45.15205246693576,-1.777945356334996,1.777945356334996,single_atom
HAT707_343,HAT707nonMR,Bond Dissociation Energies,Thermochemistry,MACE-OMOL-0-100M,44.14999844868593,55.553968281001126,11.403969832315198,11.403969832315198,single_atom
HAT707_344,HAT707nonMR,Bond Dissociation Energies,Thermochemistry,MACE-OMOL-0-100M,16.28999910938067,13.563401363872291,-2.7265977455083785,2.7265977455083785,single_atom
HAT707_345,HAT707nonMR,Bond Dissociation Energies,Thermochemistry,MACE-OMOL-0-100M,34.49999836918484,33.010564725366194,-1.4894336438186428,1.4894336438186428,single_atom
HAT707_347,HAT707nonMR,Bond Dissociation Energies,Thermochemistry,MACE-OMOL-0-100M,-13.329999269671209,-12.06291210813388,1.2670871615373294,1.2670871615373294,single_atom
HAT707_348,HAT707nonMR,Bond Dissociation Energies,Thermochemistry,MACE-OMOL-0-100M,-5.639999932017563,-10.58512876182453,-4.945128829806967,4.945128829806967,single_atom
HAT707_35,HAT707nonMR,Bond Dissociation Energies,Thermochemistry,MACE-OMOL-0-100M,-72.20999698005411,-72.84786019080586,-0.6378632107517461,0.6378632107517461,single_atom
HAT707_351,HAT707nonMR,Bond Dissociation Energies,Thermochemistry,MACE-OMOL-0-100M,22.209998788799595,31.40543815526236,9.195439366462764,9.195439366462764,single_atom
HAT707_352,HAT707nonMR,Bond Dissociation Energies,Thermochemistry,MACE-OMOL-0-100M,5.699999877889284,15.37452109894596,9.674521221056676,9.674521221056676,single_atom
HAT707_353,HAT707nonMR,Bond Dissociation Energies,Thermochemistry,MACE-OMOL-0-100M,2.6500001193722382,6.390901368487945,3.740901249115707,3.740901249115707,single_atom
HAT707_356,HAT707nonMR,Bond Dissociation Energies,Thermochemistry,MACE-OMOL-0-100M,-75.7399969330544,-89.78916034815448,-14.049163415100082,14.049163415100082,single_atom
HAT707_357,HAT707nonMR,Bond Dissociation Energies,Thermochemistry,MACE-OMOL-0-100M,-76.04999665339162,-72.85764768534011,3.1923489680515047,3.1923489680515047,single_atom
HAT707_36,HAT707nonMR,Bond Dissociation Energies,Thermochemistry,MACE-OMOL-0-100M,10.499999312683803,8.682148805793911,-1.8178505068898918,1.8178505068898918,single_atom
HAT707_369,HAT707nonMR,Bond Dissociation Energies,Thermochemistry,MACE-OMOL-0-100M,-2.6500001193722382,-6.390901368466972,-3.7409012490947338,3.7409012490947338,single_atom
HAT707_37,HAT707nonMR,Bond Dissociation Energies,Thermochemistry,MACE-OMOL-0-100M,-148.58999396324967,-155.25417276320573,-6.664178799956062,6.664178799956062,single_atom
HAT707_375,HAT707nonMR,Bond Dissociation Energies,Thermochemistry,MACE-OMOL-0-100M,-96.12999610872616,-96.51251352263374,-0.38251741390757843,0.38251741390757843,single_atom
HAT707_38,HAT707nonMR,Bond Dissociation Energies,Thermochemistry,MACE-OMOL-0-100M,-66.31999727357103,-68.11135810955757,-1.7913608359865378,1.7913608359865378,single_atom
HAT707_381,HAT707nonMR,Bond Dissociation Energies,Thermochemistry,MACE-OMOL-0-100M,43.219998032655305,41.04121313956205,-2.178784893093251,2.178784893093251,single_atom
HAT707_384,HAT707nonMR,Bond Dissociation Energies,Thermochemistry,MACE-OMOL-0-100M,-100.08999567380712,-99.72383768276076,0.3661579910463644,0.3661579910463644,single_atom
HAT707_386,HAT707nonMR,Bond Dissociation Energies,Thermochemistry,MACE-OMOL-0-100M,-26.07999906258244,-27.00256107213017,-0.9225620095477289,0.9225620095477289,single_atom
HAT707_388,HAT707nonMR,Bond Dissociation Energies,Thermochemistry,MACE-OMOL-0-100M,-0.4800001944832417,0.7231894253977145,1.2031896198809562,1.2031896198809562,single_atom
HAT707_389,HAT707nonMR,Bond Dissociation Energies,Thermochemistry,MACE-OMOL-0-100M,-31.639998439261568,-31.536771460444204,0.10322697881736431,0.10322697881736431,single_atom
HAT707_39,HAT707nonMR,Bond Dissociation Energies,Thermochemistry,MACE-OMOL-0-100M,-74.57999672451551,-82.53289615256467,-7.9528994280491645,7.9528994280491645,single_atom
HAT707_393,HAT707nonMR,Bond Dissociation Energies,Thermochemistry,MACE-OMOL-0-100M,-85.27999648428118,-83.77797796158167,1.5020185226995153,1.5020185226995153,single_atom
HAT707_395,HAT707nonMR,Bond Dissociation Energies,Thermochemistry,MACE-OMOL-0-100M,-8.959999446957351,-9.467935639547228,-0.5079361925898773,0.5079361925898773,single_atom
HAT707_397,HAT707nonMR,Bond Dissociation Energies,Thermochemistry,MACE-OMOL-0-100M,-43.80999812790336,-44.24536381158824,-0.4353656836848785,0.4353656836848785,single_atom
HAT707_399,HAT707nonMR,Bond Dissociation Energies,Thermochemistry,MACE-OMOL-0-100M,-76.55999682081072,-74.264158068061,2.295838752749731,2.295838752749731,single_atom
HAT707_40,HAT707nonMR,Bond Dissociation Energies,Thermochemistry,MACE-OMOL-0-100M,-71.81999733188792,-73.59782222722367,-1.7778248953357547,1.7778248953357547,single_atom
HAT707_401,HAT707nonMR,Bond Dissociation Energies,Thermochemistry,MACE-OMOL-0-100M,-136.59999411222302,-142.79830224267604,-6.198308130453029,6.198308130453029,single_atom
HAT707_402,HAT707nonMR,Bond Dissociation Energies,Thermochemistry,MACE-OMOL-0-100M,-39.49999825106123,-36.04172656927341,3.4582716817878207,3.4582716817878207,single_atom
HAT707_403,HAT707nonMR,Bond Dissociation Energies,Thermochemistry,MACE-OMOL-0-100M,-50.3399978845276,-45.2966034316736,5.043394452853995,5.043394452853995,single_atom
HAT707_405,HAT707nonMR,Bond Dissociation Energies,Thermochemistry,MACE-OMOL-0-100M,-127.00999460610312,-129.56321460560684,-2.5532199995037246,2.5532199995037246,single_atom
HAT707_407,HAT707nonMR,Bond Dissociation Energies,Thermochemistry,MACE-OMOL-0-100M,-48.6299981721646,-64.59363847423691,-15.963640302072314,15.963640302072314,single_atom
HAT707_408,HAT707nonMR,Bond Dissociation Energies,Thermochemistry,MACE-OMOL-0-100M,41.159998008531126,42.791922719488845,1.631924710957719,1.631924710957719,single_atom
HAT707_409,HAT707nonMR,Bond Dissociation Energies,Thermochemistry,MACE-OMOL-0-100M,-59.81999748988267,-80.29664131533661,-20.476643825453948,20.476643825453948,single_atom
HAT707_41,HAT707nonMR,Bond Dissociation Energies,Thermochemistry,MACE-OMOL-0-100M,-48.97999785641631,-54.8071456550263,-5.827147798609985,5.827147798609985,single_atom
HAT707_410,HAT707nonMR,Bond Dissociation Energies,Thermochemistry,MACE-OMOL-0-100M,-124.73999477142792,-143.35383291033384,-18.61383813890592,18.61383813890592,single_atom
HAT707_415,HAT707nonMR,Bond Dissociation Energies,Thermochemistry,MACE-OMOL-0-100M,-8.78999960032081,-7.319905998735625,1.4700936015851847,1.4700936015851847,single_atom
HAT707_416,HAT707nonMR,Bond Dissociation Energies,Thermochemistry,MACE-OMOL-0-100M,-15.779999569471045,-14.496540977417837,1.2834585920532078,1.2834585920532078,single_atom
HAT707_417,HAT707nonMR,Bond Dissociation Energies,Thermochemistry,MACE-OMOL-0-100M,-88.769996473367,-88.3090108516327,0.46098562173429514,0.46098562173429514,single_atom
HAT707_418,HAT707nonMR,Bond Dissociation Energies,Thermochemistry,MACE-OMOL-0-100M,-18.209999259804164,-17.501084015359417,0.7089152444447464,0.7089152444447464,single_atom
HAT707_419,HAT707nonMR,Bond Dissociation Energies,Thermochemistry,MACE-OMOL-0-100M,-10.959999525209806,-9.580679043952678,1.3793204812571283,1.3793204812571283,single_atom
HAT707_42,HAT707nonMR,Bond Dissociation Energies,Thermochemistry,MACE-OMOL-0-100M,-80.1399967287041,-87.0671065408787,-6.927109812174592,6.927109812174592,single_atom
HAT707_420,HAT707nonMR,Bond Dissociation Energies,Thermochemistry,MACE-OMOL-0-100M,-5.49000006733826,-2.0497208490458574,3.4402792182924022,3.4402792182924022,single_atom
HAT707_421,HAT707nonMR,Bond Dissociation Energies,Thermochemistry,MACE-OMOL-0-100M,5.4199995029784445,8.513323341631802,3.0933238386533572,3.0933238386533572,single_atom
HAT707_422,HAT707nonMR,Bond Dissociation Energies,Thermochemistry,MACE-OMOL-0-100M,-93.26999617880293,-90.0225874131343,3.2474087656686237,3.2474087656686237,single_atom
HAT707_423,HAT707nonMR,Bond Dissociation Energies,Thermochemistry,MACE-OMOL-0-100M,-82.05999687912761,-74.27557862527303,7.784418253854582,7.784418253854582,single_atom
HAT707_424,HAT707nonMR,Bond Dissociation Energies,Thermochemistry,MACE-OMOL-0-100M,15.109999546394016,15.710006766638736,0.60000722024472,0.60000722024472,single_atom
HAT707_425,HAT707nonMR,Bond Dissociation Energies,Thermochemistry,MACE-OMOL-0-100M,-87.01999616958005,-90.36571023921914,-3.3457140696390866,3.3457140696390866,single_atom
HAT707_426,HAT707nonMR,Bond Dissociation Energies,Thermochemistry,MACE-OMOL-0-100M,51.46999812013062,47.05019459537177,-4.419803524758848,4.419803524758848,single_atom
HAT707_427,HAT707nonMR,Bond Dissociation Energies,Thermochemistry,MACE-OMOL-0-100M,-103.66999558170052,-118.95298091462952,-15.282985332929002,15.282985332929002,single_atom
HAT707_428,HAT707nonMR,Bond Dissociation Energies,Thermochemistry,MACE-OMOL-0-100M,-41.29999850974128,-39.84975500558498,1.4502435041562975,1.4502435041562975,single_atom
HAT707_429,HAT707nonMR,Bond Dissociation Energies,Thermochemistry,MACE-OMOL-0-100M,-93.6799964364358,-90.04518110823523,3.634815328200574,3.634815328200574,single_atom
HAT707_43,HAT707nonMR,Bond Dissociation Energies,Thermochemistry,MACE-OMOL-0-100M,-6.559999729560092,-9.613309611657836,-3.0533098820977447,3.0533098820977447,single_atom
HAT707_430,HAT707nonMR,Bond Dissociation Energies,Thermochemistry,MACE-OMOL-0-100M,-143.47999418060846,-147.9653945913132,-4.485400410704756,4.485400410704756,single_atom
HAT707_431,HAT707nonMR,Bond Dissociation Energies,Thermochemistry,MACE-OMOL-0-100M,76.69999682937386,58.53883530711845,-18.161161522255412,18.161161522255412,single_atom
HAT707_436,HAT707nonMR,Bond Dissociation Energies,Thermochemistry,MACE-OMOL-0-100M,3.049999758517045,8.983619730499962,5.9336199719829175,5.9336199719829175,single_atom
HAT707_437,HAT707nonMR,Bond Dissociation Energies,Thermochemistry,MACE-OMOL-0-100M,-23.75999927301414,-20.26526887555032,3.4947303974638224,3.4947303974638224,single_atom
HAT707_44,HAT707nonMR,Bond Dissociation Energies,Thermochemistry,MACE-OMOL-0-100M,-54.64999776136973,-54.8639762270183,-0.21397846564856593,0.21397846564856593,single_atom
HAT707_445,HAT707nonMR,Bond Dissociation Energies,Thermochemistry,MACE-OMOL-0-100M,67.7399971997623,68.60915875553845,0.8691615557761452,0.8691615557761452,single_atom
HAT707_446,HAT707nonMR,Bond Dissociation Energies,Thermochemistry,MACE-OMOL-0-100M,109.44999547555372,108.77240954323018,-0.677585932323538,0.677585932323538,single_atom
HAT707_447,HAT707nonMR,Bond Dissociation Energies,Thermochemistry,MACE-OMOL-0-100M,61.01999766233604,63.84065717877459,2.8206595164385533,2.8206595164385533,single_atom
HAT707_449,HAT707nonMR,Bond Dissociation Energies,Thermochemistry,MACE-OMOL-0-100M,51.32999761892047,51.68825493716781,0.35825731824733964,0.35825731824733964,single_atom
HAT707_450,HAT707nonMR,Bond Dissociation Energies,Thermochemistry,MACE-OMOL-0-100M,84.09999652347236,85.93508204285628,1.8350855193839237,1.8350855193839237,single_atom
HAT707_451,HAT707nonMR,Bond Dissociation Energies,Thermochemistry,MACE-OMOL-0-100M,19.70999916161613,19.86783835235942,0.15783919074329233,0.15783919074329233,single_atom
HAT707_452,HAT707nonMR,Bond Dissociation Energies,Thermochemistry,MACE-OMOL-0-100M,-56.62999785766494,-60.47078695337081,-3.8407890957058726,3.8407890957058726,single_atom
HAT707_453,HAT707nonMR,Bond Dissociation Energies,Thermochemistry,MACE-OMOL-0-100M,5.149999746555701,3.4225939587741765,-1.7274057877815245,1.7274057877815245,single_atom
HAT707_454,HAT707nonMR,Bond Dissociation Energies,Thermochemistry,MACE-OMOL-0-100M,-26.27999888215485,-44.08178432842252,-17.801785446267672,17.801785446267672,single_atom
HAT707_455,HAT707nonMR,Bond Dissociation Energies,Thermochemistry,MACE-OMOL-0-100M,75.91999686161765,74.91858010817018,-1.0014167534474723,1.0014167534474723,single_atom
HAT707_456,HAT707nonMR,Bond Dissociation Energies,Thermochemistry,MACE-OMOL-0-100M,39.02999867506608,38.24987053478554,-0.7801281402805387,0.7801281402805387,single_atom
HAT707_457,HAT707nonMR,Bond Dissociation Energies,Thermochemistry,MACE-OMOL-0-100M,33.3799987520699,34.52263730815078,1.1426385560808754,1.1426385560808754,single_atom
HAT707_458,HAT707nonMR,Bond Dissociation Energies,Thermochemistry,MACE-OMOL-0-100M,82.7199965805191,77.08293970882498,-5.637056871694114,5.637056871694114,single_atom
HAT707_459,HAT707nonMR,Bond Dissociation Energies,Thermochemistry,MACE-OMOL-0-100M,-5.269999638299143,-0.8301499789498359,4.439849659349306,4.439849659349306,single_atom
HAT707_46,HAT707nonMR,Bond Dissociation Energies,Thermochemistry,MACE-OMOL-0-100M,17.319999435197495,14.861178160599806,-2.458821274597689,2.458821274597689,single_atom
HAT707_460,HAT707nonMR,Bond Dissociation Energies,Thermochemistry,MACE-OMOL-0-100M,-52.95999803096397,-50.66800568744683,2.291992343517144,2.291992343517144,single_atom
HAT707_461,HAT707nonMR,Bond Dissociation Energies,Thermochemistry,MACE-OMOL-0-100M,-60.589997422745896,-63.68211111348733,-3.092113690741435,3.092113690741435,single_atom
HAT707_462,HAT707nonMR,Bond Dissociation Energies,Thermochemistry,MACE-OMOL-0-100M,-47.059998333502286,-45.93150360624048,1.1284947272618027,1.1284947272618027,single_atom
HAT707_463,HAT707nonMR,Bond Dissociation Energies,Thermochemistry,MACE-OMOL-0-100M,13.409999197500166,9.039165497111773,-4.370833700388394,4.370833700388394,single_atom
HAT707_464,HAT707nonMR,Bond Dissociation Energies,Thermochemistry,MACE-OMOL-0-100M,-52.55999776430969,-51.4179677238961,1.1420300404135943,1.1420300404135943,single_atom
HAT707_465,HAT707nonMR,Bond Dissociation Energies,Thermochemistry,MACE-OMOL-0-100M,39.01999868408747,36.76491599467112,-2.255082689416348,2.255082689416348,single_atom
HAT707_466,HAT707nonMR,Bond Dissociation Energies,Thermochemistry,MACE-OMOL-0-100M,7.859999811799661,4.504955108818716,-3.355044702980945,3.355044702980945,single_atom
HAT707_467,HAT707nonMR,Bond Dissociation Energies,Thermochemistry,MACE-OMOL-0-100M,12.69999921050866,12.566544891680223,-0.13345431882843606,0.13345431882843606,single_atom
HAT707_468,HAT707nonMR,Bond Dissociation Energies,Thermochemistry,MACE-OMOL-0-100M,-35.38999882130098,-32.68412172369072,2.705877097610255,2.705877097610255,single_atom
HAT707_47,HAT707nonMR,Bond Dissociation Energies,Thermochemistry,MACE-OMOL-0-100M,-76.70999668549003,-73.51915326140767,3.1908434240823595,3.1908434240823595,single_atom
HAT707_470,HAT707nonMR,Bond Dissociation Energies,Thermochemistry,MACE-OMOL-0-100M,-57.44999774542127,-51.33929875805912,6.110698987362149,6.110698987362149,single_atom
HAT707_471,HAT707nonMR,Bond Dissociation Energies,Thermochemistry,MACE-OMOL-0-100M,30.529998813125257,26.57379092971569,-3.9562078834095686,3.9562078834095686,single_atom
HAT707_472,HAT707nonMR,Bond Dissociation Energies,Thermochemistry,MACE-OMOL-0-100M,-68.73999697292554,-73.83927643413939,-5.099279461213854,5.099279461213854,single_atom
HAT707_473,HAT707nonMR,Bond Dissociation Energies,Thermochemistry,MACE-OMOL-0-100M,-4.3099998768421335,-8.203637242398724,-3.8936373655565903,3.8936373655565903,single_atom
HAT707_474,HAT707nonMR,Bond Dissociation Energies,Thermochemistry,MACE-OMOL-0-100M,-37.05999856974949,-38.22243149874564,-1.1624329289961537,1.1624329289961537,single_atom
HAT707_475,HAT707nonMR,Bond Dissociation Energies,Thermochemistry,MACE-OMOL-0-100M,28.2299990055142,23.893618382325425,-4.336380623188774,4.336380623188774,single_atom
HAT707_476,HAT707nonMR,Bond Dissociation Energies,Thermochemistry,MACE-OMOL-0-100M,-3.9499995741023337,-2.64995887524469,1.3000406988576438,1.3000406988576438,single_atom
HAT707_477,HAT707nonMR,Bond Dissociation Energies,Thermochemistry,MACE-OMOL-0-100M,-97.09999586116182,-106.75657567340264,-9.656579812240821,9.656579812240821,single_atom
HAT707_478,HAT707nonMR,Bond Dissociation Energies,Thermochemistry,MACE-OMOL-0-100M,-67.96999704006231,-66.99551841012594,0.974478629936371,0.974478629936371,single_atom
HAT707_479,HAT707nonMR,Bond Dissociation Energies,Thermochemistry,MACE-OMOL-0-100M,-66.58999702999378,-73.75275692359516,-7.162759893601375,7.162759893601375,single_atom
HAT707_48,HAT707nonMR,Bond Dissociation Energies,Thermochemistry,MACE-OMOL-0-100M,-57.45999773639989,-64.99827071998172,-7.538272983581827,7.538272983581827,single_atom
HAT707_480,HAT707nonMR,Bond Dissociation Energies,Thermochemistry,MACE-OMOL-0-100M,-87.5099963550419,-93.52148803634392,-6.011491681302019,6.011491681302019,single_atom
HAT707_481,HAT707nonMR,Bond Dissociation Energies,Thermochemistry,MACE-OMOL-0-100M,-133.259994615326,-129.11156829114458,4.148426324181429,4.148426324181429,single_atom
HAT707_482,HAT707nonMR,Bond Dissociation Energies,Thermochemistry,MACE-OMOL-0-100M,-9.12999992110337,-28.551911904973988,-19.42191198387062,19.42191198387062,single_atom
HAT707_483,HAT707nonMR,Bond Dissociation Energies,Thermochemistry,MACE-OMOL-0-100M,29.82999881711237,24.80786514833233,-5.0221336687800395,5.0221336687800395,single_atom
HAT707_486,HAT707nonMR,Bond Dissociation Energies,Thermochemistry,MACE-OMOL-0-100M,90.34999626511012,90.09704513487596,-0.25295113023416604,0.25295113023416604,single_atom
HAT707_487,HAT707nonMR,Bond Dissociation Energies,Thermochemistry,MACE-OMOL-0-100M,2.979999821666704,5.178831476844146,2.1988316551774423,2.1988316551774423,single_atom
HAT707_488,HAT707nonMR,Bond Dissociation Energies,Thermochemistry,MACE-OMOL-0-100M,30.70999865074042,28.72182057054827,-1.9881780801921494,1.9881780801921494,single_atom
HAT707_489,HAT707nonMR,Bond Dissociation Energies,Thermochemistry,MACE-OMOL-0-100M,23.719999309099663,21.545185591845087,-2.174813717254576,2.174813717254576,single_atom
HAT707_49,HAT707nonMR,Bond Dissociation Energies,Thermochemistry,MACE-OMOL-0-100M,-87.98999654952515,-96.01913093745648,-8.029134387931336,8.029134387931336,single_atom
HAT707_490,HAT707nonMR,Bond Dissociation Energies,Thermochemistry,MACE-OMOL-0-100M,21.289998991257068,18.540642553903503,-2.7493564373535655,2.7493564373535655,single_atom
HAT707_491,HAT707nonMR,Bond Dissociation Energies,Thermochemistry,MACE-OMOL-0-100M,28.539998725851422,26.46104752531024,-2.0789512005411837,2.0789512005411837,single_atom
HAT707_492,HAT707nonMR,Bond Dissociation Energies,Thermochemistry,MACE-OMOL-0-100M,34.00999881123245,33.992005720217065,-0.017993091015384266,0.017993091015384266,single_atom
HAT707_493,HAT707nonMR,Bond Dissociation Energies,Thermochemistry,MACE-OMOL-0-100M,44.909998390570536,44.55504991094716,-0.35494847962337417,0.35494847962337417,single_atom
HAT707_494,HAT707nonMR,Bond Dissociation Energies,Thermochemistry,MACE-OMOL-0-100M,-42.559998000556895,-38.23385205601011,4.326145944546788,4.326145944546788,single_atom
HAT707_495,HAT707nonMR,Bond Dissociation Energies,Thermochemistry,MACE-OMOL-0-100M,54.60999779745524,51.75173333582825,-2.8582644616269945,2.8582644616269945,single_atom
HAT707_496,HAT707nonMR,Bond Dissociation Energies,Thermochemistry,MACE-OMOL-0-100M,-47.51999791851881,-54.32398366991428,-6.803985751395466,6.803985751395466,single_atom
HAT707_497,HAT707nonMR,Bond Dissociation Energies,Thermochemistry,MACE-OMOL-0-100M,90.96999623948012,83.09192116461371,-7.878075074866416,7.878075074866416,single_atom
HAT707_498,HAT707nonMR,Bond Dissociation Energies,Thermochemistry,MACE-OMOL-0-100M,39.49999825106123,36.04172656927341,-3.4582716817878207,3.4582716817878207,single_atom
HAT707_499,HAT707nonMR,Bond Dissociation Energies,Thermochemistry,MACE-OMOL-0-100M,21.93999903237685,24.148530125696823,2.208531093319973,2.208531093319973,single_atom
HAT707_50,HAT707nonMR,Bond Dissociation Energies,Thermochemistry,MACE-OMOL-0-100M,-20.82999940624054,-21.213964387334094,-0.3839649810935555,0.3839649810935555,single_atom
HAT707_500,HAT707nonMR,Bond Dissociation Energies,Thermochemistry,MACE-OMOL-0-100M,40.13999830120239,43.59569348714878,3.4556951859463894,3.4556951859463894,single_atom
HAT707_502,HAT707nonMR,Bond Dissociation Energies,Thermochemistry,MACE-OMOL-0-100M,-7.689999965163118,-1.4777833463512977,6.21221661881182,6.21221661881182,single_atom
HAT707_503,HAT707nonMR,Bond Dissociation Energies,Thermochemistry,MACE-OMOL-0-100M,-35.5499986769589,-43.46835026343819,-7.9183515864792895,7.9183515864792895,single_atom
HAT707_504,HAT707nonMR,Bond Dissociation Energies,Thermochemistry,MACE-OMOL-0-100M,-22.209998788799595,-31.40543815532528,-9.195439366525687,9.195439366525687,single_atom
HAT707_507,HAT707nonMR,Bond Dissociation Energies,Thermochemistry,MACE-OMOL-0-100M,5.639999932017563,10.585128761803556,4.945128829785993,4.945128829785993,single_atom
HAT707_508,HAT707nonMR,Bond Dissociation Energies,Thermochemistry,MACE-OMOL-0-100M,-52.28999800788695,-52.59237880983175,-0.30238080194479977,0.30238080194479977,single_atom
HAT707_51,HAT707nonMR,Bond Dissociation Energies,Thermochemistry,MACE-OMOL-0-100M,-92.3099964173459,-99.77569889207516,-7.465702474729255,7.465702474729255,single_atom
HAT707_518,HAT707nonMR,Bond Dissociation Energies,Thermochemistry,MACE-OMOL-0-100M,6.719999585218013,4.768501576763856,-1.9514980084541573,1.9514980084541573,single_atom
HAT707_519,HAT707nonMR,Bond Dissociation Energies,Thermochemistry,MACE-OMOL-0-100M,48.42999772508273,44.93175236453949,-3.498245360543237,3.498245360543237,single_atom
HAT707_52,HAT707nonMR,Bond Dissociation Energies,Thermochemistry,MACE-OMOL-0-100M,-56.31999750981824,-60.40228600207321,-4.082288492254968,4.082288492254968,single_atom
HAT707_520,HAT707nonMR,Bond Dissociation Energies,Thermochemistry,MACE-OMOL-0-100M,-5.699999877889284,-15.374521098966934,-9.67452122107765,9.67452122107765,single_atom
HAT707_522,HAT707nonMR,Bond Dissociation Energies,Thermochemistry,MACE-OMOL-0-100M,-9.6899994159061,-12.152402241522886,-2.4624028256167865,2.4624028256167865,single_atom
HAT707_523,HAT707nonMR,Bond Dissociation Energies,Thermochemistry,MACE-OMOL-0-100M,23.07999925895849,22.09442486408169,-0.9855743948767994,0.9855743948767994,single_atom
HAT707_524,HAT707nonMR,Bond Dissociation Energies,Thermochemistry,MACE-OMOL-0-100M,-41.3099985007199,-43.97281882641517,-2.6628203256952716,2.6628203256952716,single_atom
HAT707_525,HAT707nonMR,Bond Dissociation Energies,Thermochemistry,MACE-OMOL-0-100M,-55.86999791578034,-60.41806321995847,-4.548065304178131,4.548065304178131,single_atom
HAT707_526,HAT707nonMR,Bond Dissociation Energies,Thermochemistry,MACE-OMOL-0-100M,-87.2999965444909,-107.92244150715516,-20.62244496266426,20.62244496266426,single_atom
HAT707_527,HAT707nonMR,Bond Dissociation Energies,Thermochemistry,MACE-OMOL-0-100M,14.89999910833352,11.07792292939559,-3.8220761789379285,3.8220761789379285,single_atom
HAT707_528,HAT707nonMR,Bond Dissociation Energies,Thermochemistry,MACE-OMOL-0-100M,-21.979998996291336,-25.590786643905155,-3.6107876476138188,3.6107876476138188,single_atom
HAT707_529,HAT707nonMR,Bond Dissociation Energies,Thermochemistry,MACE-OMOL-0-100M,-27.62999891928752,-29.31801987053992,-1.6880209512524011,1.6880209512524011,single_atom
HAT707_53,HAT707nonMR,Bond Dissociation Energies,Thermochemistry,MACE-OMOL-0-100M,-125.05999511025324,-129.79449314842208,-4.734498038168837,4.734498038168837,single_atom
HAT707_530,HAT707nonMR,Bond Dissociation Energies,Thermochemistry,MACE-OMOL-0-100M,-66.28999730063518,-64.67080715768248,1.6191901429527036,1.6191901429527036,single_atom
HAT707_531,HAT707nonMR,Bond Dissociation Energies,Thermochemistry,MACE-OMOL-0-100M,-113.97999506579052,-114.5086628662214,-0.5286678004308811,0.5286678004308811,single_atom
HAT707_532,HAT707nonMR,Bond Dissociation Energies,Thermochemistry,MACE-OMOL-0-100M,-108.07999536832884,-109.77216078493116,-1.6921654166023217,1.6921654166023217,single_atom
HAT707_533,HAT707nonMR,Bond Dissociation Energies,Thermochemistry,MACE-OMOL-0-100M,-113.57999542664574,-115.25862490267068,-1.6786294760249376,1.6786294760249376,single_atom
HAT707_534,HAT707nonMR,Bond Dissociation Energies,Thermochemistry,MACE-OMOL-0-100M,-48.3199978243179,-51.27411228701047,-2.9541144626925657,2.9541144626925657,single_atom
HAT707_535,HAT707nonMR,Bond Dissociation Energies,Thermochemistry,MACE-OMOL-0-100M,-96.40999585612754,-96.52477890246531,-0.11478304633777725,0.11478304633777725,single_atom
HAT707_536,HAT707nonMR,Bond Dissociation Energies,Thermochemistry,MACE-OMOL-0-100M,-61.51999721126704,-63.51270908607329,-1.992711874806254,1.992711874806254,single_atom
HAT707_537,HAT707nonMR,Bond Dissociation Energies,Thermochemistry,MACE-OMOL-0-100M,-118.46999540775732,-115.17995593679176,3.290039470965567,3.290039470965567,single_atom
HAT707_538,HAT707nonMR,Bond Dissociation Energies,Thermochemistry,MACE-OMOL-0-100M,-129.74999464428296,-137.6799336128301,-7.929938968547134,7.929938968547134,single_atom
HAT707_539,HAT707nonMR,Bond Dissociation Energies,Thermochemistry,MACE-OMOL-0-100M,-98.07999623208552,-102.06308867752024,-3.983092445434721,3.983092445434721,single_atom
HAT707_54,HAT707nonMR,Bond Dissociation Energies,Thermochemistry,MACE-OMOL-0-100M,11.709999476115794,10.883291237390052,-0.8267082387257414,0.8267082387257414,single_atom
HAT707_540,HAT707nonMR,Bond Dissociation Energies,Thermochemistry,MACE-OMOL-0-100M,-64.96999723643837,-66.49061605401928,-1.5206188175809103,1.5206188175809103,single_atom
HAT707_541,HAT707nonMR,Bond Dissociation Energies,Thermochemistry,MACE-OMOL-0-100M,-127.60999469232983,-137.59341410236976,-9.983419410039929,9.983419410039929,single_atom
HAT707_542,HAT707nonMR,Bond Dissociation Energies,Thermochemistry,MACE-OMOL-0-100M,-194.27999227766205,-192.9522254698772,1.3277668077848546,1.3277668077848546,single_atom
HAT707_543,HAT707nonMR,Bond Dissociation Energies,Thermochemistry,MACE-OMOL-0-100M,-62.86999724839971,-89.28026104583658,-26.41026379743687,26.41026379743687,single_atom
HAT707_544,HAT707nonMR,Bond Dissociation Energies,Thermochemistry,MACE-OMOL-0-100M,-41.159998008531126,-42.791922719488845,-1.631924710957719,1.631924710957719,single_atom
HAT707_545,HAT707nonMR,Bond Dissociation Energies,Thermochemistry,MACE-OMOL-0-100M,-100.97999612592326,-123.08856403482548,-22.108567908902216,22.108567908902216,single_atom
HAT707_548,HAT707nonMR,Bond Dissociation Energies,Thermochemistry,MACE-OMOL-0-100M,29.32999864067189,26.256387956143325,-3.073610684528564,3.073610684528564,single_atom
HAT707_549,HAT707nonMR,Bond Dissociation Energies,Thermochemistry,MACE-OMOL-0-100M,-2.8799999118805024,4.362756099522667,7.242756011403169,7.242756011403169,single_atom
HAT707_55,HAT707nonMR,Bond Dissociation Energies,Thermochemistry,MACE-OMOL-0-100M,-23.20999914168056,-24.829813378603724,-1.6198142369231654,1.6198142369231654,single_atom
HAT707_550,HAT707nonMR,Bond Dissociation Energies,Thermochemistry,MACE-OMOL-0-100M,-58.02999784969072,-58.661825701888496,-0.6318278521977732,0.6318278521977732,single_atom
HAT707_551,HAT707nonMR,Bond Dissociation Energies,Thermochemistry,MACE-OMOL-0-100M,-65.00999720035286,-68.04374197612434,-3.0337447757714813,3.0337447757714813,single_atom
HAT707_552,HAT707nonMR,Bond Dissociation Energies,Thermochemistry,MACE-OMOL-0-100M,-69.50999690578877,-69.75731853764691,-0.24732163185814215,0.24732163185814215,single_atom
HAT707_553,HAT707nonMR,Bond Dissociation Energies,Thermochemistry,MACE-OMOL-0-100M,-63.25999752407538,-70.10044136371077,-6.840443839635391,6.840443839635391,single_atom
HAT707_554,HAT707nonMR,Bond Dissociation Energies,Thermochemistry,MACE-OMOL-0-100M,-79.90999693619585,-98.68771203916312,-18.777715102967264,18.777715102967264,single_atom
HAT707_555,HAT707nonMR,Bond Dissociation Energies,Thermochemistry,MACE-OMOL-0-100M,-44.349998268258325,-48.83337473608494,-4.483376467826616,4.483376467826616,single_atom
HAT707_556,HAT707nonMR,Bond Dissociation Energies,Thermochemistry,MACE-OMOL-0-100M,-69.91999716342167,-69.77991223272686,0.14008493069481176,0.14008493069481176,single_atom
HAT707_557,HAT707nonMR,Bond Dissociation Energies,Thermochemistry,MACE-OMOL-0-100M,-119.71999490759433,-127.70012571578386,-7.980130808189529,7.980130808189529,single_atom
HAT707_558,HAT707nonMR,Bond Dissociation Energies,Thermochemistry,MACE-OMOL-0-100M,-39.07999862995919,-39.69212705299388,-0.6121284230346902,0.6121284230346902,single_atom
HAT707_559,HAT707nonMR,Bond Dissociation Energies,Thermochemistry,MACE-OMOL-0-100M,-20.87999936113364,-20.24496369154192,0.6350356695917192,0.6350356695917192,single_atom
HAT707_56,HAT707nonMR,Bond Dissociation Energies,Thermochemistry,MACE-OMOL-0-100M,-185.0999924016656,-198.32863732312103,-13.228644921455441,13.228644921455441,single_atom
HAT707_560,HAT707nonMR,Bond Dissociation Energies,Thermochemistry,MACE-OMOL-0-100M,-68.70999699998968,-65.31844052504199,3.3915564749476914,3.3915564749476914,single_atom
HAT707_561,HAT707nonMR,Bond Dissociation Energies,Thermochemistry,MACE-OMOL-0-100M,-61.01999766233604,-63.84065717873264,-2.820659516396603,2.820659516396603,single_atom
HAT707_562,HAT707nonMR,Bond Dissociation Energies,Thermochemistry,MACE-OMOL-0-100M,-3.049999758517045,-8.983619730541909,-5.933619972024864,5.933619972024864,single_atom
HAT707_563,HAT707nonMR,Bond Dissociation Energies,Thermochemistry,MACE-OMOL-0-100M,23.75999927301414,20.26526887550837,-3.494730397505773,3.494730397505773,single_atom
HAT707_564,HAT707nonMR,Bond Dissociation Energies,Thermochemistry,MACE-OMOL-0-100M,-55.37999773031848,-53.25552841697103,2.124469313347447,2.124469313347447,single_atom
HAT707_57,HAT707nonMR,Bond Dissociation Energies,Thermochemistry,MACE-OMOL-0-100M,-87.99999654050376,-91.57206164967644,-3.5720651091726836,3.5720651091726836,single_atom
HAT707_578,HAT707nonMR,Bond Dissociation Energies,Thermochemistry,MACE-OMOL-0-100M,-6.4299998468380295,-12.49013426032059,-6.06013441348256,6.06013441348256,single_atom
HAT707_579,HAT707nonMR,Bond Dissociation Energies,Thermochemistry,MACE-OMOL-0-100M,2.8799999118805024,-4.362756099522667,-7.242756011403169,7.242756011403169,single_atom
HAT707_58,HAT707nonMR,Bond Dissociation Energies,Thermochemistry,MACE-OMOL-0-100M,-84.48999656946073,-80.00584555501936,4.484151014441366,4.484151014441366,single_atom
HAT707_589,HAT707nonMR,Bond Dissociation Energies,Thermochemistry,MACE-OMOL-0-100M,-54.05999766612167,-57.89619937329149,-3.8362017071698205,3.8362017071698205,single_atom
HAT707_59,HAT707nonMR,Bond Dissociation Energies,Thermochemistry,MACE-OMOL-0-100M,-119.12999481234624,-116.18802287313116,2.9419719392150796,2.9419719392150796,single_atom
HAT707_590,HAT707nonMR,Bond Dissociation Energies,Thermochemistry,MACE-OMOL-0-100M,-84.41999663261038,-112.28519760663588,-27.8652009740255,27.8652009740255,single_atom
HAT707_60,HAT707nonMR,Bond Dissociation Energies,Thermochemistry,MACE-OMOL-0-100M,-85.83999660659339,-95.93261142692272,-10.09261482032933,10.09261482032933,single_atom
HAT707_61,HAT707nonMR,Bond Dissociation Energies,Thermochemistry,MACE-OMOL-0-100M,-175.50999289554568,-185.0935496860413,-9.583556790495635,9.583556790495635,single_atom
HAT707_615,HAT707nonMR,Bond Dissociation Energies,Thermochemistry,MACE-OMOL-0-100M,0.0,4.447069287795769,4.447069287795769,4.447069287795769,single_atom
HAT707_616,HAT707nonMR,Bond Dissociation Energies,Thermochemistry,MACE-OMOL-0-100M,-124.72999478044932,-141.95617020180853,-17.226175421359216,17.226175421359216,single_atom
HAT707_617,HAT707nonMR,Bond Dissociation Energies,Thermochemistry,MACE-OMOL-0-100M,-87.5099963550419,-89.07441874859009,-1.5644223935481847,1.5644223935481847,single_atom
HAT707_618,HAT707nonMR,Bond Dissociation Energies,Thermochemistry,MACE-OMOL-0-100M,-191.3999923657816,-197.3149815693789,-5.914989203597287,5.914989203597287,single_atom
HAT707_62,HAT707nonMR,Bond Dissociation Energies,Thermochemistry,MACE-OMOL-0-100M,-152.51999355539476,-151.29142279449312,1.228570760901647,1.228570760901647,single_atom
HAT707_620,HAT707nonMR,Bond Dissociation Energies,Thermochemistry,MACE-OMOL-0-100M,-9.13999991208199,-24.104842617220164,-14.964842705138174,14.964842705138174,single_atom
HAT707_621,HAT707nonMR,Bond Dissociation Energies,Thermochemistry,MACE-OMOL-0-100M,-82.66999632882344,-77.95640720466459,4.713589124158858,4.713589124158858,single_atom
HAT707_622,HAT707nonMR,Bond Dissociation Energies,Thermochemistry,MACE-OMOL-0-100M,-63.59999721734846,-86.39587420719025,-22.795876989841787,22.795876989841787,single_atom
HAT707_623,HAT707nonMR,Bond Dissociation Energies,Thermochemistry,MACE-OMOL-0-100M,-112.33999529027788,-131.30723182801302,-18.967236537735133,18.967236537735133,single_atom
HAT707_63,HAT707nonMR,Bond Dissociation Energies,Thermochemistry,MACE-OMOL-0-100M,-146.09999369953536,-147.1483774001433,-1.0483837006079284,1.0483837006079284,single_atom
HAT707_64,HAT707nonMR,Bond Dissociation Energies,Thermochemistry,MACE-OMOL-0-100M,-97.12999583409766,-120.12397355467664,-22.993977720578982,22.993977720578982,single_atom
HAT707_642,HAT707nonMR,Bond Dissociation Energies,Thermochemistry,MACE-OMOL-0-100M,-91.25999610957184,-106.90637983230872,-15.646383722736871,15.646383722736871,single_atom
HAT707_644,HAT707nonMR,Bond Dissociation Energies,Thermochemistry,MACE-OMOL-0-100M,-81.27999632777627,-77.9985800259354,3.2814163018408777,3.2814163018408777,single_atom
HAT707_645,HAT707nonMR,Bond Dissociation Energies,Thermochemistry,MACE-OMOL-0-100M,39.48999826008261,40.48879585702723,0.9987975969446197,0.9987975969446197,single_atom
HAT707_646,HAT707nonMR,Bond Dissociation Energies,Thermochemistry,MACE-OMOL-0-100M,-131.06999470847975,-135.91879350901337,-4.848798800533615,4.848798800533615,single_atom
HAT707_647,HAT707nonMR,Bond Dissociation Energies,Thermochemistry,MACE-OMOL-0-100M,-7.129999842850914,-12.74414690637671,-5.614147063525795,5.614147063525795,single_atom
HAT707_65,HAT707nonMR,Bond Dissociation Energies,Thermochemistry,MACE-OMOL-0-100M,-98.24999607872208,-91.81919654630876,6.430799532413317,6.430799532413317,single_atom
HAT707_651,HAT707nonMR,Bond Dissociation Energies,Thermochemistry,MACE-OMOL-0-100M,-58.13999775045554,-68.20341327821336,-10.063415527757819,10.063415527757819,single_atom
HAT707_652,HAT707nonMR,Bond Dissociation Energies,Thermochemistry,MACE-OMOL-0-100M,-0.7299999689487457,2.884386838646344,3.61438680759509,3.61438680759509,single_atom
HAT707_653,HAT707nonMR,Bond Dissociation Energies,Thermochemistry,MACE-OMOL-0-100M,-3.779999727465791,-6.099232891811671,-2.3192331643458806,2.3192331643458806,single_atom
HAT707_654,HAT707nonMR,Bond Dissociation Energies,Thermochemistry,MACE-OMOL-0-100M,-11.349999800885463,-8.218667793187556,3.1313320076979068,3.1313320076979068,single_atom
HAT707_655,HAT707nonMR,Bond Dissociation Energies,Thermochemistry,MACE-OMOL-0-100M,12.399999481150058,12.04660108232081,-0.3533983988292473,0.3533983988292473,single_atom
HAT707_656,HAT707nonMR,Bond Dissociation Energies,Thermochemistry,MACE-OMOL-0-100M,-52.499997818437976,-57.61828451640981,-5.118286697971833,5.118286697971833,single_atom
HAT707_657,HAT707nonMR,Bond Dissociation Energies,Thermochemistry,MACE-OMOL-0-100M,-129.79999459917607,-147.68535972144596,-17.88536512226989,17.88536512226989,single_atom
HAT707_66,HAT707nonMR,Bond Dissociation Energies,Thermochemistry,MACE-OMOL-0-100M,13.309999287713968,11.797538003396957,-1.5124612843170109,1.5124612843170109,single_atom
HAT707_67,HAT707nonMR,Bond Dissociation Energies,Thermochemistry,MACE-OMOL-0-100M,-49.04999779326665,-54.51525881310651,-5.465261019839865,5.465261019839865,single_atom
HAT707_68,HAT707nonMR,Bond Dissociation Energies,Thermochemistry,MACE-OMOL-0-100M,-15.119999537372635,-39.96656995497937,-24.846570417606735,24.846570417606735,single_atom
HAT707_69,HAT707nonMR,Bond Dissociation Energies,Thermochemistry,MACE-OMOL-0-100M,-90.20999642930724,-97.3071815325534,-7.0971851032461615,7.0971851032461615,single_atom
HAT707_70,HAT707nonMR,Bond Dissociation Energies,Thermochemistry,MACE-OMOL-0-100M,-22.13999885194925,-44.71467678809993,-22.574677936150678,22.574677936150678,single_atom
HAT707_73,HAT707nonMR,Bond Dissociation Energies,Thermochemistry,MACE-OMOL-0-100M,71.08999706128031,67.9171906315379,-3.1728064297424083,3.1728064297424083,single_atom
HAT707_74,HAT707nonMR,Bond Dissociation Energies,Thermochemistry,MACE-OMOL-0-100M,10.329999466047262,9.56103090449595,-0.7689685615513113,0.7689685615513113,single_atom
HAT707_75,HAT707nonMR,Bond Dissociation Energies,Thermochemistry,MACE-OMOL-0-100M,38.87999818287731,46.02355877488579,7.143560592008484,7.143560592008484,single_atom
HAT707_76,HAT707nonMR,Bond Dissociation Energies,Thermochemistry,MACE-OMOL-0-100M,-16.26999912742343,-17.001023026483427,-0.7310238990599984,0.7310238990599984,single_atom
HAT707_77,HAT707nonMR,Bond Dissociation Energies,Thermochemistry,MACE-OMOL-0-100M,-30.849998524441105,-28.706177700095765,2.1438208243453403,2.1438208243453403,single_atom
HAT707_78,HAT707nonMR,Bond Dissociation Energies,Thermochemistry,MACE-OMOL-0-100M,-57.28999788976335,-62.850241079170125,-5.560243189406776,5.560243189406776,single_atom
HAT707_79,HAT707nonMR,Bond Dissociation Energies,Thermochemistry,MACE-OMOL-0-100M,-64.2799972314041,-70.02687605785233,-5.746878826448238,5.746878826448238,single_atom
HAT707_80,HAT707nonMR,Bond Dissociation Energies,Thermochemistry,MACE-OMOL-0-100M,13.829999446111689,10.330145270569744,-3.4998541755419446,3.4998541755419446,single_atom
HAT707_81,HAT707nonMR,Bond Dissociation Energies,Thermochemistry,MACE-OMOL-0-100M,-66.70999754924671,-73.03141909579392,-6.321421546547214,6.321421546547214,single_atom
HAT707_82,HAT707nonMR,Bond Dissociation Energies,Thermochemistry,MACE-OMOL-0-100M,-59.45999781465235,-65.11101412438194,-5.651016309729592,5.651016309729592,single_atom
HAT707_83,HAT707nonMR,Bond Dissociation Energies,Thermochemistry,MACE-OMOL-0-100M,-53.98999772927132,-57.5800559294856,-3.59005820021428,3.59005820021428,single_atom
HAT707_84,HAT707nonMR,Bond Dissociation Energies,Thermochemistry,MACE-OMOL-0-100M,-43.07999815895462,-47.01701173879221,-3.93701357983759,3.93701357983759,single_atom
HAT707_85,HAT707nonMR,Bond Dissociation Energies,Thermochemistry,MACE-OMOL-0-100M,9.329999740675772,8.616568709068133,-0.7134310316076391,0.7134310316076391,single_atom
HAT707_86,HAT707nonMR,Bond Dissociation Energies,Thermochemistry,MACE-OMOL-0-100M,-130.55999454106066,-129.8059137057023,0.7540808353583657,0.7540808353583657,single_atom
HAT707_87,HAT707nonMR,Bond Dissociation Energies,Thermochemistry,MACE-OMOL-0-100M,-33.389998743048515,-39.820328313848194,-6.430329570799678,6.430329570799678,single_atom
HAT707_88,HAT707nonMR,Bond Dissociation Energies,Thermochemistry,MACE-OMOL-0-100M,-135.5199944590226,-145.89604531963266,-10.376050860610064,10.376050860610064,single_atom
HAT707_89,HAT707nonMR,Bond Dissociation Energies,Thermochemistry,MACE-OMOL-0-100M,15.579999122389165,8.273445883004273,-7.3065532393848915,7.3065532393848915,single_atom
HAT707_90,HAT707nonMR,Bond Dissociation Energies,Thermochemistry,MACE-OMOL-0-100M,2.969999830688084,-8.48014048506273,-11.450140315750815,11.450140315750815,single_atom
HAT707_91,HAT707nonMR,Bond Dissociation Energies,Thermochemistry,MACE-OMOL-0-100M,-1.0699996622218313,-20.31382479239564,-19.243825130173807,19.243825130173807,single_atom
HAT707_92,HAT707nonMR,Bond Dissociation Energies,Thermochemistry,MACE-OMOL-0-100M,-68.78999692781865,-70.89141944145756,-2.1014225136389086,2.1014225136389086,single_atom
HAT707_93,HAT707nonMR,Bond Dissociation Energies,Thermochemistry,MACE-OMOL-0-100M,3.400000070278225,0.4803163547722762,-2.9196837155059487,2.9196837155059487,single_atom
HAT707_94,HAT707nonMR,Bond Dissociation Energies,Thermochemistry,MACE-OMOL-0-100M,8.919999483042872,8.593975013956728,-0.32602446908614446,0.32602446908614446,single_atom
HAT707_95,HAT707nonMR,Bond Dissociation Energies,Thermochemistry,MACE-OMOL-0-100M,-48.499998289442544,-55.53033508042401,-7.030336790981465,7.030336790981465,single_atom
HAT707_96,HAT707nonMR,Bond Dissociation Energies,Thermochemistry,MACE-OMOL-0-100M,-40.87999826112976,-49.32623846911076,-8.446240207981006,8.446240207981006,single_atom
HAT707_97,HAT707nonMR,Bond Dissociation Energies,Thermochemistry,MACE-OMOL-0-100M,-97.51999610977332,-101.30180693252984,-3.781810822756526,3.781810822756526,single_atom
HAT707_98,HAT707nonMR,Bond Dissociation Energies,Thermochemistry,MACE-OMOL-0-100M,-20.81999941526192,-42.76297162540613,-21.942972210144212,21.942972210144212,single_atom
HAT707_99,HAT707nonMR,Bond Dissociation Energies,Thermochemistry,MACE-OMOL-0-100M,-22.7199989562187,-26.606936248010413,-3.886937291791714,3.886937291791714,single_atom
HAT707_1,HAT707nonMR,Bond Dissociation Energies,Thermochemistry,MACE-OMOL-0-4M,26.54999863857759,34.26962482502492,7.719626186447329,7.719626186447329,single_atom
HAT707_100,HAT707nonMR,Bond Dissociation Energies,Thermochemistry,MACE-OMOL-0-4M,5.409999511999825,18.08180295218186,12.671803440182035,12.671803440182035,single_atom
HAT707_101,HAT707nonMR,Bond Dissociation Energies,Thermochemistry,MACE-OMOL-0-4M,2.6800000923080995,21.180486550399237,18.50048645809114,18.50048645809114,single_atom
HAT707_102,HAT707nonMR,Bond Dissociation Energies,Thermochemistry,MACE-OMOL-0-4M,20.889999352112262,27.457754242525148,6.5677548904128855,6.5677548904128855,single_atom
HAT707_104,HAT707nonMR,Bond Dissociation Energies,Thermochemistry,MACE-OMOL-0-4M,-26.94999890523187,-22.439922327483156,4.510076577748713,4.510076577748713,single_atom
HAT707_105,HAT707nonMR,Bond Dissociation Energies,Thermochemistry,MACE-OMOL-0-4M,-52.06999757884783,-43.01792895884638,9.05206862000145,9.05206862000145,single_atom
HAT707_106,HAT707nonMR,Bond Dissociation Energies,Thermochemistry,MACE-OMOL-0-4M,-38.72999831819801,-21.821696207058725,16.90830211113928,16.90830211113928,single_atom
HAT707_107,HAT707nonMR,Bond Dissociation Energies,Thermochemistry,MACE-OMOL-0-4M,-19.25999894006875,-0.4913068845949325,18.768692055473817,18.768692055473817,single_atom
HAT707_110,HAT707nonMR,Bond Dissociation Energies,Thermochemistry,MACE-OMOL-0-4M,-16.519999529398408,-3.589990482728414,12.930009046669994,12.930009046669994,single_atom
HAT707_111,HAT707nonMR,Bond Dissociation Energies,Thermochemistry,MACE-OMOL-0-4M,47.74999833853655,54.79343415295256,7.043435814416007,7.043435814416007,single_atom
HAT707_112,HAT707nonMR,Bond Dissociation Energies,Thermochemistry,MACE-OMOL-0-4M,44.69999795251003,61.02629082633965,16.326292873829615,16.326292873829615,single_atom
HAT707_113,HAT707nonMR,Bond Dissociation Energies,Thermochemistry,MACE-OMOL-0-4M,78.83999674091037,83.67969631990515,4.839699578994782,4.839699578994782,single_atom
HAT707_114,HAT707nonMR,Bond Dissociation Energies,Thermochemistry,MACE-OMOL-0-4M,102.59999575871892,119.7249738136085,17.12497805488958,17.12497805488958,single_atom
HAT707_115,HAT707nonMR,Bond Dissociation Energies,Thermochemistry,MACE-OMOL-0-4M,-13.619999635560664,-1.2436895756535478,12.376310059907116,12.376310059907116,single_atom
HAT707_116,HAT707nonMR,Bond Dissociation Energies,Thermochemistry,MACE-OMOL-0-4M,-145.38999371254386,-175.5297363736244,-30.139742661080533,30.139742661080533,single_atom
HAT707_118,HAT707nonMR,Bond Dissociation Energies,Thermochemistry,MACE-OMOL-0-4M,17.62999915553472,54.81661181625845,37.18661266072373,37.18661266072373,single_atom
HAT707_12,HAT707nonMR,Bond Dissociation Energies,Thermochemistry,MACE-OMOL-0-4M,48.4799983074853,54.97848239733168,6.498484089846379,6.498484089846379,single_atom
HAT707_127,HAT707nonMR,Bond Dissociation Energies,Thermochemistry,MACE-OMOL-0-4M,242.7099899668493,269.8407374057608,27.130747438911527,27.130747438911527,single_atom
HAT707_128,HAT707nonMR,Bond Dissociation Energies,Thermochemistry,MACE-OMOL-0-4M,194.27999227766205,210.8552830187144,16.575290741052356,16.575290741052356,single_atom
HAT707_13,HAT707nonMR,Bond Dissociation Energies,Thermochemistry,MACE-OMOL-0-4M,90.18999627172391,97.2690118170856,7.079015545361685,7.079015545361685,single_atom
HAT707_131,HAT707nonMR,Bond Dissociation Energies,Thermochemistry,MACE-OMOL-0-4M,184.5899923694152,211.46852934272763,26.878536973312436,26.878536973312436,single_atom
HAT707_132,HAT707nonMR,Bond Dissociation Energies,Thermochemistry,MACE-OMOL-0-4M,74.28999692899828,95.76263008982596,21.472633160827684,21.472633160827684,single_atom
HAT707_133,HAT707nonMR,Bond Dissociation Energies,Thermochemistry,MACE-OMOL-0-4M,217.359991014768,246.2262416294242,28.866250614656195,28.866250614656195,single_atom
HAT707_134,HAT707nonMR,Bond Dissociation Energies,Thermochemistry,MACE-OMOL-0-4M,63.24999738537037,96.28545045734622,33.035453071975844,33.035453071975844,single_atom
HAT707_135,HAT707nonMR,Bond Dissociation Energies,Thermochemistry,MACE-OMOL-0-4M,152.96999367652305,180.419966803373,27.449973126849954,27.449973126849954,single_atom
HAT707_136,HAT707nonMR,Bond Dissociation Energies,Thermochemistry,MACE-OMOL-0-4M,44.229998376514885,75.5129567457308,31.28295836921592,31.28295836921592,single_atom
HAT707_137,HAT707nonMR,Bond Dissociation Energies,Thermochemistry,MACE-OMOL-0-4M,26.039999098667963,56.20002274143294,30.160023642764976,30.160023642764976,single_atom
HAT707_138,HAT707nonMR,Bond Dissociation Energies,Thermochemistry,MACE-OMOL-0-4M,138.40999427840475,163.61144430193673,25.201450023531976,25.201450023531976,single_atom
HAT707_139,HAT707nonMR,Bond Dissociation Energies,Thermochemistry,MACE-OMOL-0-4M,82.66999658258575,112.82279245914565,30.152795876559892,30.152795876559892,single_atom
HAT707_14,HAT707nonMR,Bond Dissociation Energies,Thermochemistry,MACE-OMOL-0-4M,42.04999846064728,36.68867617854381,-5.3613222821034725,5.3613222821034725,single_atom
HAT707_140,HAT707nonMR,Bond Dissociation Energies,Thermochemistry,MACE-OMOL-0-4M,28.609998662701766,55.62213676010953,27.01213809740776,27.01213809740776,single_atom
HAT707_141,HAT707nonMR,Bond Dissociation Energies,Thermochemistry,MACE-OMOL-0-4M,106.97999557765864,104.78124370437963,-2.198751873279008,2.198751873279008,single_atom
HAT707_142,HAT707nonMR,Bond Dissociation Energies,Thermochemistry,MACE-OMOL-0-4M,209.17999135291325,235.9973078072512,26.81731645433794,26.81731645433794,single_atom
HAT707_143,HAT707nonMR,Bond Dissociation Energies,Thermochemistry,MACE-OMOL-0-4M,172.29999287745918,198.72739980127827,26.427406923819092,26.427406923819092,single_atom
HAT707_144,HAT707nonMR,Bond Dissociation Energies,Thermochemistry,MACE-OMOL-0-4M,166.64999311101909,194.83773324188317,28.187740130864086,28.187740130864086,single_atom
HAT707_145,HAT707nonMR,Bond Dissociation Energies,Thermochemistry,MACE-OMOL-0-4M,127.99999470873362,150.48564510153105,22.485650392797425,22.485650392797425,single_atom
HAT707_146,HAT707nonMR,Bond Dissociation Energies,Thermochemistry,MACE-OMOL-0-4M,80.29999668055672,109.74737900883632,29.447382328279602,29.447382328279602,single_atom
HAT707_147,HAT707nonMR,Bond Dissociation Energies,Thermochemistry,MACE-OMOL-0-4M,86.19999643666293,114.000516805609,27.800520368946067,27.800520368946067,single_atom
HAT707_148,HAT707nonMR,Bond Dissociation Energies,Thermochemistry,MACE-OMOL-0-4M,80.69999666402163,108.45131874109008,27.75132207706845,27.75132207706845,single_atom
HAT707_149,HAT707nonMR,Bond Dissociation Energies,Thermochemistry,MACE-OMOL-0-4M,145.95999382583466,173.01952024544028,27.059526419605618,27.059526419605618,single_atom
HAT707_15,HAT707nonMR,Bond Dissociation Energies,Thermochemistry,MACE-OMOL-0-4M,41.759998094757805,38.28355743003916,-3.4764406647186448,3.4764406647186448,single_atom
HAT707_150,HAT707nonMR,Bond Dissociation Energies,Thermochemistry,MACE-OMOL-0-4M,97.86999595424828,126.41963684077096,28.54964088652268,28.54964088652268,single_atom
HAT707_151,HAT707nonMR,Bond Dissociation Energies,Thermochemistry,MACE-OMOL-0-4M,8.399999952154623,45.26280476162711,36.862804809472486,36.862804809472486,single_atom
HAT707_152,HAT707nonMR,Bond Dissociation Energies,Thermochemistry,MACE-OMOL-0-4M,75.80999686990474,100.22084728695609,24.41085041705135,24.41085041705135,single_atom
HAT707_153,HAT707nonMR,Bond Dissociation Energies,Thermochemistry,MACE-OMOL-0-4M,64.52999733245754,99.17176395299605,34.641766620538505,34.641766620538505,single_atom
HAT707_154,HAT707nonMR,Bond Dissociation Energies,Thermochemistry,MACE-OMOL-0-4M,63.65999736842143,95.1780902077773,31.518092839355873,31.518092839355873,single_atom
HAT707_155,HAT707nonMR,Bond Dissociation Energies,Thermochemistry,MACE-OMOL-0-4M,96.19999602328237,125.30344669855096,29.10345067526859,29.10345067526859,single_atom
HAT707_156,HAT707nonMR,Bond Dissociation Energies,Thermochemistry,MACE-OMOL-0-4M,129.30999465458058,157.68990688647696,28.379912231896384,28.379912231896384,single_atom
HAT707_157,HAT707nonMR,Bond Dissociation Energies,Thermochemistry,MACE-OMOL-0-4M,66.67999694880136,98.4630027978155,31.783005849014145,31.783005849014145,single_atom
HAT707_158,HAT707nonMR,Bond Dissociation Energies,Thermochemistry,MACE-OMOL-0-4M,-47.84999824832275,-8.239657607507763,39.61034064081498,39.61034064081498,single_atom
HAT707_159,HAT707nonMR,Bond Dissociation Energies,Thermochemistry,MACE-OMOL-0-4M,97.79999595714196,125.78608585996564,27.98608990282368,27.98608990282368,single_atom
HAT707_160,HAT707nonMR,Bond Dissociation Energies,Thermochemistry,MACE-OMOL-0-4M,-31.0599989625016,37.42046412074448,68.48046308324608,68.48046308324608,single_atom
HAT707_162,HAT707nonMR,Bond Dissociation Energies,Thermochemistry,MACE-OMOL-0-4M,223.6099907564051,250.48038571693365,26.870394960528557,26.870394960528557,single_atom
HAT707_163,HAT707nonMR,Bond Dissociation Energies,Thermochemistry,MACE-OMOL-0-4M,94.8199960803291,124.81856786875484,29.998571788425735,29.998571788425735,single_atom
HAT707_164,HAT707nonMR,Bond Dissociation Energies,Thermochemistry,MACE-OMOL-0-4M,191.39999208790343,217.7298025168088,26.329810428905375,26.329810428905375,single_atom
HAT707_165,HAT707nonMR,Bond Dissociation Energies,Thermochemistry,MACE-OMOL-0-4M,136.24999436769463,165.6096140389462,29.35961967125158,29.35961967125158,single_atom
HAT707_166,HAT707nonMR,Bond Dissociation Energies,Thermochemistry,MACE-OMOL-0-4M,67.40999721340434,94.47119756198992,27.061200348585587,27.061200348585587,single_atom
HAT707_167,HAT707nonMR,Bond Dissociation Energies,Thermochemistry,MACE-OMOL-0-4M,4.909999963068817,38.66649744453713,33.756497481468315,33.756497481468315,single_atom
HAT707_168,HAT707nonMR,Bond Dissociation Energies,Thermochemistry,MACE-OMOL-0-4M,0.4100002576329006,39.35004988227677,38.94004962464387,38.94004962464387,single_atom
HAT707_169,HAT707nonMR,Bond Dissociation Energies,Thermochemistry,MACE-OMOL-0-4M,6.659999639346293,45.36699189406004,38.70699225471375,38.70699225471375,single_atom
HAT707_170,HAT707nonMR,Bond Dissociation Energies,Thermochemistry,MACE-OMOL-0-4M,-9.989999772774176,7.249183178185768,17.239182950959943,17.239182950959943,single_atom
HAT707_171,HAT707nonMR,Bond Dissociation Energies,Thermochemistry,MACE-OMOL-0-4M,-49.79999774417263,7.678597326770594,57.47859507094322,57.47859507094322,single_atom
HAT707_172,HAT707nonMR,Bond Dissociation Energies,Thermochemistry,MACE-OMOL-0-4M,75.53999687732633,90.08659015840442,14.546593281078088,14.546593281078088,single_atom
HAT707_173,HAT707nonMR,Bond Dissociation Energies,Thermochemistry,MACE-OMOL-0-4M,89.89999628371187,122.3338621260654,32.433865842353526,32.433865842353526,single_atom
HAT707_174,HAT707nonMR,Bond Dissociation Energies,Thermochemistry,MACE-OMOL-0-4M,155.19999358433947,193.75221213899056,38.55221855465109,38.55221855465109,single_atom
HAT707_175,HAT707nonMR,Bond Dissociation Energies,Thermochemistry,MACE-OMOL-0-4M,173.39999283198716,200.02947983111648,26.629486999129313,26.629486999129313,single_atom
HAT707_177,HAT707nonMR,Bond Dissociation Energies,Thermochemistry,MACE-OMOL-0-4M,125.56999480918508,150.131803261234,24.561808452048936,24.561808452048936,single_atom
HAT707_178,HAT707nonMR,Bond Dissociation Energies,Thermochemistry,MACE-OMOL-0-4M,32.41999836310342,61.234130215121056,28.81413185201764,28.81413185201764,single_atom
HAT707_179,HAT707nonMR,Bond Dissociation Energies,Thermochemistry,MACE-OMOL-0-4M,45.749998260284094,82.43036296690872,36.68036470662462,36.68036470662462,single_atom
HAT707_18,HAT707nonMR,Bond Dissociation Energies,Thermochemistry,MACE-OMOL-0-4M,32.06999867885171,38.8968037540524,6.826805075200689,6.826805075200689,single_atom
HAT707_180,HAT707nonMR,Bond Dissociation Energies,Thermochemistry,MACE-OMOL-0-4M,133.25999449129563,172.08041870412225,38.82042421282662,38.82042421282662,single_atom
HAT707_183,HAT707nonMR,Bond Dissociation Energies,Thermochemistry,MACE-OMOL-0-4M,67.96999704006231,100.66206869115511,32.6920716510928,32.6920716510928,single_atom
HAT707_184,HAT707nonMR,Bond Dissociation Energies,Thermochemistry,MACE-OMOL-0-4M,69.91999710964599,104.2266833111282,34.30668620148221,34.30668620148221,single_atom
HAT707_185,HAT707nonMR,Bond Dissociation Energies,Thermochemistry,MACE-OMOL-0-4M,93.67999612745452,140.27196080484202,46.59196467738751,46.59196467738751,single_atom
HAT707_186,HAT707nonMR,Bond Dissociation Energies,Thermochemistry,MACE-OMOL-0-4M,138.89999425814892,171.3280360130007,32.42804175485179,32.42804175485179,single_atom
HAT707_187,HAT707nonMR,Bond Dissociation Energies,Thermochemistry,MACE-OMOL-0-4M,-47.12999827035263,-45.159547467698346,1.970450802654284,1.970450802654284,single_atom
HAT707_19,HAT707nonMR,Bond Dissociation Energies,Thermochemistry,MACE-OMOL-0-4M,-23.959999092586543,-34.60755881610533,-10.647559723518789,10.647559723518789,single_atom
HAT707_193,HAT707nonMR,Bond Dissociation Energies,Thermochemistry,MACE-OMOL-0-4M,94.01999611339927,122.76896428166395,28.748968168264682,28.748968168264682,single_atom
HAT707_194,HAT707nonMR,Bond Dissociation Energies,Thermochemistry,MACE-OMOL-0-4M,135.72999438919072,165.05949370136543,29.329499312174704,29.329499312174704,single_atom
HAT707_195,HAT707nonMR,Bond Dissociation Energies,Thermochemistry,MACE-OMOL-0-4M,87.29999639119096,106.07403931432953,18.774042923138566,18.774042923138566,single_atom
HAT707_197,HAT707nonMR,Bond Dissociation Energies,Thermochemistry,MACE-OMOL-0-4M,77.60999679175653,106.68728563833228,29.077288846575755,29.077288846575755,single_atom
HAT707_198,HAT707nonMR,Bond Dissociation Energies,Thermochemistry,MACE-OMOL-0-4M,121.42999498032408,140.92217755750858,19.492182577184494,19.492182577184494,single_atom
HAT707_199,HAT707nonMR,Bond Dissociation Energies,Thermochemistry,MACE-OMOL-0-4M,110.37999543710936,141.44499792502884,31.065002487919486,31.065002487919486,single_atom
HAT707_20,HAT707nonMR,Bond Dissociation Energies,Thermochemistry,MACE-OMOL-0-4M,64.83999731964255,73.65451604074897,8.814518721106424,8.814518721106424,single_atom
HAT707_200,HAT707nonMR,Bond Dissociation Energies,Thermochemistry,MACE-OMOL-0-4M,45.98999804377098,75.63872309897764,29.648725055206654,29.648725055206654,single_atom
HAT707_201,HAT707nonMR,Bond Dissociation Energies,Thermochemistry,MACE-OMOL-0-4M,91.36999622294502,120.67250421340296,29.30250799045794,29.30250799045794,single_atom
HAT707_202,HAT707nonMR,Bond Dissociation Energies,Thermochemistry,MACE-OMOL-0-4M,73.1699969752973,101.35957020913654,28.18957323383924,28.18957323383924,single_atom
HAT707_203,HAT707nonMR,Bond Dissociation Energies,Thermochemistry,MACE-OMOL-0-4M,-47.49999793656158,-20.542479513639893,26.957518422921684,26.957518422921684,single_atom
HAT707_204,HAT707nonMR,Bond Dissociation Energies,Thermochemistry,MACE-OMOL-0-4M,31.42999862871055,58.830200597562346,27.400201968851796,27.400201968851796,single_atom
HAT707_205,HAT707nonMR,Bond Dissociation Energies,Thermochemistry,MACE-OMOL-0-4M,129.79999463432537,157.98233992684925,28.182345292523877,28.182345292523877,single_atom
HAT707_206,HAT707nonMR,Bond Dissociation Energies,Thermochemistry,MACE-OMOL-0-4M,75.73999686905847,100.78168422781312,25.041687358754643,25.041687358754643,single_atom
HAT707_207,HAT707nonMR,Bond Dissociation Energies,Thermochemistry,MACE-OMOL-0-4M,102.19999577525464,131.21606410287683,29.016068327622193,29.016068327622193,single_atom
HAT707_208,HAT707nonMR,Bond Dissociation Energies,Thermochemistry,MACE-OMOL-0-4M,65.30999730021375,93.94615609690388,28.636158796690125,28.636158796690125,single_atom
HAT707_209,HAT707nonMR,Bond Dissociation Energies,Thermochemistry,MACE-OMOL-0-4M,59.65999763422474,90.05648953750875,30.396491903284016,30.396491903284016,single_atom
HAT707_21,HAT707nonMR,Bond Dissociation Energies,Thermochemistry,MACE-OMOL-0-4M,-35.00999853660394,-34.08473844858507,0.9252600880188666,0.9252600880188666,single_atom
HAT707_210,HAT707nonMR,Bond Dissociation Energies,Thermochemistry,MACE-OMOL-0-4M,91.84999620310305,116.88870706388126,25.03871086077821,25.03871086077821,single_atom
HAT707_211,HAT707nonMR,Bond Dissociation Energies,Thermochemistry,MACE-OMOL-0-4M,21.009999243855702,45.70440139713568,24.69440215327998,24.69440215327998,single_atom
HAT707_212,HAT707nonMR,Bond Dissociation Energies,Thermochemistry,MACE-OMOL-0-4M,-26.679999148809127,4.966135304440961,31.646134453250088,31.646134453250088,single_atom
HAT707_213,HAT707nonMR,Bond Dissociation Energies,Thermochemistry,MACE-OMOL-0-4M,-51.459998129152005,-23.84429964424751,27.615698484904495,27.615698484904495,single_atom
HAT707_214,HAT707nonMR,Bond Dissociation Energies,Thermochemistry,MACE-OMOL-0-4M,-20.77999945134744,9.219273101213638,29.999272552561077,29.999272552561077,single_atom
HAT707_215,HAT707nonMR,Bond Dissociation Energies,Thermochemistry,MACE-OMOL-0-4M,22.54999910958216,48.93380208220647,26.38380297262431,26.38380297262431,single_atom
HAT707_216,HAT707nonMR,Bond Dissociation Energies,Thermochemistry,MACE-OMOL-0-4M,-26.27999888215485,3.67007503670522,29.95007391886007,29.95007391886007,single_atom
HAT707_217,HAT707nonMR,Bond Dissociation Energies,Thermochemistry,MACE-OMOL-0-4M,48.14999797768136,77.01732660582007,28.867328628138715,28.867328628138715,single_atom
HAT707_218,HAT707nonMR,Bond Dissociation Energies,Thermochemistry,MACE-OMOL-0-4M,16.989999105393554,44.53484953701648,27.544850431622923,27.544850431622923,single_atom
HAT707_219,HAT707nonMR,Bond Dissociation Energies,Thermochemistry,MACE-OMOL-0-4M,38.97999809266351,68.2382765410659,29.258278448402393,29.258278448402393,single_atom
HAT707_22,HAT707nonMR,Bond Dissociation Energies,Thermochemistry,MACE-OMOL-0-4M,0.4500002215473813,7.848241214697768,7.398240993150386,7.398240993150386,single_atom
HAT707_220,HAT707nonMR,Bond Dissociation Energies,Thermochemistry,MACE-OMOL-0-4M,-9.109999311636654,21.63839313638607,30.748392448022727,30.748392448022727,single_atom
HAT707_222,HAT707nonMR,Bond Dissociation Energies,Thermochemistry,MACE-OMOL-0-4M,-31.169998863266425,-4.560396417418319,26.609602445848104,26.609602445848104,single_atom
HAT707_223,HAT707nonMR,Bond Dissociation Energies,Thermochemistry,MACE-OMOL-0-4M,39.66999809769778,66.62390924932727,26.95391115162949,26.95391115162949,single_atom
HAT707_224,HAT707nonMR,Bond Dissociation Energies,Thermochemistry,MACE-OMOL-0-4M,-42.459998090770696,-5.609479751378357,36.85051833939234,36.85051833939234,single_atom
HAT707_225,HAT707nonMR,Bond Dissociation Energies,Thermochemistry,MACE-OMOL-0-4M,4.820000044261236,35.006970309591814,30.18697026533058,30.18697026533058,single_atom
HAT707_226,HAT707nonMR,Bond Dissociation Energies,Thermochemistry,MACE-OMOL-0-4M,-10.779999687594644,20.522202994166086,31.302202681760733,31.302202681760733,single_atom
HAT707_227,HAT707nonMR,Bond Dissociation Energies,Thermochemistry,MACE-OMOL-0-4M,-27.929998648646123,-6.28602321260164,21.64397543604448,21.64397543604448,single_atom
HAT707_228,HAT707nonMR,Bond Dissociation Energies,Thermochemistry,MACE-OMOL-0-4M,22.32999930805251,52.90866318208159,30.57866387402908,30.57866387402908,single_atom
HAT707_229,HAT707nonMR,Bond Dissociation Energies,Thermochemistry,MACE-OMOL-0-4M,-87.96999656756792,-62.79723607082008,25.17276049674784,25.17276049674784,single_atom
HAT707_23,HAT707nonMR,Bond Dissociation Energies,Thermochemistry,MACE-OMOL-0-4M,-54.01999770220718,-54.85723216021096,-0.8372344580037847,0.8372344580037847,single_atom
HAT707_230,HAT707nonMR,Bond Dissociation Energies,Thermochemistry,MACE-OMOL-0-4M,9.12999992110337,40.49094879296964,31.36094887186627,31.36094887186627,single_atom
HAT707_231,HAT707nonMR,Bond Dissociation Energies,Thermochemistry,MACE-OMOL-0-4M,-40.30999814783893,-6.31824090656938,33.99175724126955,33.99175724126955,single_atom
HAT707_232,HAT707nonMR,Bond Dissociation Energies,Thermochemistry,MACE-OMOL-0-4M,-78.37999706144801,-49.15910694427535,29.220890117172658,29.220890117172658,single_atom
HAT707_233,HAT707nonMR,Bond Dissociation Energies,Thermochemistry,MACE-OMOL-0-4M,-106.97999573317117,-104.78124370438488,2.198752028786288,2.198752028786288,single_atom
HAT707_234,HAT707nonMR,Bond Dissociation Energies,Thermochemistry,MACE-OMOL-0-4M,-0.7099999869915055,36.91988986019583,37.629889847187336,37.629889847187336,single_atom
HAT707_235,HAT707nonMR,Bond Dissociation Energies,Thermochemistry,MACE-OMOL-0-4M,47.12999827035263,45.15954746770359,-1.9704508026490402,1.9704508026490402,single_atom
HAT707_238,HAT707nonMR,Bond Dissociation Energies,Thermochemistry,MACE-OMOL-0-4M,116.62999517874648,145.69914201255924,29.069146833812752,29.069146833812752,single_atom
HAT707_239,HAT707nonMR,Bond Dissociation Energies,Thermochemistry,MACE-OMOL-0-4M,84.41999651024416,112.94855881241344,28.528562302169277,28.528562302169277,single_atom
HAT707_24,HAT707nonMR,Bond Dissociation Energies,Thermochemistry,MACE-OMOL-0-4M,-72.21999697103273,-74.17016616447738,-1.9501691934446512,1.9501691934446512,single_atom
HAT707_240,HAT707nonMR,Bond Dissociation Energies,Thermochemistry,MACE-OMOL-0-4M,29.259998703821548,60.828370334561335,31.568371630739787,31.568371630739787,single_atom
HAT707_241,HAT707nonMR,Bond Dissociation Energies,Thermochemistry,MACE-OMOL-0-4M,114.53999526514332,139.630745029683,25.09074976453968,25.09074976453968,single_atom
HAT707_242,HAT707nonMR,Bond Dissociation Energies,Thermochemistry,MACE-OMOL-0-4M,39.83999857184379,68.628525282385,28.788526710541205,28.788526710541205,single_atom
HAT707_243,HAT707nonMR,Bond Dissociation Energies,Thermochemistry,MACE-OMOL-0-4M,32.84999860269356,61.51475606959746,28.6647574669039,28.6647574669039,single_atom
HAT707_244,HAT707nonMR,Bond Dissociation Energies,Thermochemistry,MACE-OMOL-0-4M,30.41999891236044,58.52361439888968,28.103615486529236,28.103615486529236,single_atom
HAT707_245,HAT707nonMR,Bond Dissociation Energies,Thermochemistry,MACE-OMOL-0-4M,37.6699986469548,66.35306253345934,28.683063886504534,28.683063886504534,single_atom
HAT707_246,HAT707nonMR,Bond Dissociation Energies,Thermochemistry,MACE-OMOL-0-4M,43.13999810482634,74.67372877063197,31.533730665805628,31.533730665805628,single_atom
HAT707_247,HAT707nonMR,Bond Dissociation Energies,Thermochemistry,MACE-OMOL-0-4M,54.04999767514305,82.95335267318313,28.903354998040086,28.903354998040086,single_atom
HAT707_248,HAT707nonMR,Bond Dissociation Energies,Thermochemistry,MACE-OMOL-0-4M,-33.429998706963005,-7.198275832195812,26.231722874767193,26.231722874767193,single_atom
HAT707_249,HAT707nonMR,Bond Dissociation Energies,Thermochemistry,MACE-OMOL-0-4M,63.73999736511453,93.8334288716769,30.093431506562368,30.093431506562368,single_atom
HAT707_25,HAT707nonMR,Bond Dissociation Energies,Thermochemistry,MACE-OMOL-0-4M,-144.62999377065924,-130.02273135337617,14.607262417283067,14.607262417283067,single_atom
HAT707_250,HAT707nonMR,Bond Dissociation Energies,Thermochemistry,MACE-OMOL-0-4M,-38.38999862492492,-13.097861499696275,25.292137125228646,25.292137125228646,single_atom
HAT707_251,HAT707nonMR,Bond Dissociation Energies,Thermochemistry,MACE-OMOL-0-4M,100.09999586206406,132.01267600131217,31.91268013924811,31.91268013924811,single_atom
HAT707_252,HAT707nonMR,Bond Dissociation Energies,Thermochemistry,MACE-OMOL-0-4M,48.6299981721646,81.80710741110668,33.17710923894209,33.17710923894209,single_atom
HAT707_253,HAT707nonMR,Bond Dissociation Energies,Thermochemistry,MACE-OMOL-0-4M,-76.6999966945114,-0.6008854205271449,76.09911127398425,76.09911127398425,single_atom
HAT707_254,HAT707nonMR,Bond Dissociation Energies,Thermochemistry,MACE-OMOL-0-4M,122.66999492906533,135.246137626108,12.576142697042684,12.576142697042684,single_atom
HAT707_255,HAT707nonMR,Bond Dissociation Energies,Thermochemistry,MACE-OMOL-0-4M,48.20999792355308,88.97096843464765,40.76097051109456,40.76097051109456,single_atom
HAT707_256,HAT707nonMR,Bond Dissociation Energies,Thermochemistry,MACE-OMOL-0-4M,66.41999725432856,95.24823612677356,28.828238872445,28.828238872445,single_atom
HAT707_257,HAT707nonMR,Bond Dissociation Energies,Thermochemistry,MACE-OMOL-0-4M,18.589999544501204,45.35055955684914,26.760560012347938,26.760560012347938,single_atom
HAT707_258,HAT707nonMR,Bond Dissociation Energies,Thermochemistry,MACE-OMOL-0-4M,26.27999888215485,67.29917499973736,41.01917611758251,41.01917611758251,single_atom
HAT707_259,HAT707nonMR,Bond Dissociation Energies,Thermochemistry,MACE-OMOL-0-4M,31.91999881417241,66.54679230862632,34.62679349445391,34.62679349445391,single_atom
HAT707_26,HAT707nonMR,Bond Dissociation Energies,Thermochemistry,MACE-OMOL-0-4M,-14.109999193513053,-8.960281286717517,5.149717906795535,5.149717906795535,single_atom
HAT707_27,HAT707nonMR,Bond Dissociation Energies,Thermochemistry,MACE-OMOL-0-4M,-15.589999113367783,-17.54739644678564,-1.9573973334178572,1.9573973334178572,single_atom
HAT707_270,HAT707nonMR,Bond Dissociation Energies,Thermochemistry,MACE-OMOL-0-4M,62.08999732455786,56.22217197302717,-5.8678253515306835,5.8678253515306835,single_atom
HAT707_271,HAT707nonMR,Bond Dissociation Energies,Thermochemistry,MACE-OMOL-0-4M,103.80999570870044,98.51270139273916,-5.297294315961281,5.297294315961281,single_atom
HAT707_272,HAT707nonMR,Bond Dissociation Energies,Thermochemistry,MACE-OMOL-0-4M,55.37999773031848,39.52724700565077,-15.852750724667708,15.852750724667708,single_atom
HAT707_274,HAT707nonMR,Bond Dissociation Energies,Thermochemistry,MACE-OMOL-0-4M,45.68999831441237,40.14049332970595,-5.549504984706424,5.549504984706424,single_atom
HAT707_275,HAT707nonMR,Bond Dissociation Energies,Thermochemistry,MACE-OMOL-0-4M,14.059999238619952,9.091930790351316,-4.968068448268635,4.968068448268635,single_atom
HAT707_276,HAT707nonMR,Bond Dissociation Energies,Thermochemistry,MACE-OMOL-0-4M,15.629999077282264,19.8908199856108,4.260820908328537,4.260820908328537,single_atom
HAT707_277,HAT707nonMR,Bond Dissociation Energies,Thermochemistry,MACE-OMOL-0-4M,-2.570000191543277,0.5778859813339026,3.14788617287718,3.14788617287718,single_atom
HAT707_278,HAT707nonMR,Bond Dissociation Energies,Thermochemistry,MACE-OMOL-0-4M,30.879998497376967,28.616627430635457,-2.2633710667415095,2.2633710667415095,single_atom
HAT707_279,HAT707nonMR,Bond Dissociation Energies,Thermochemistry,MACE-OMOL-0-4M,-0.500000176440482,-7.71659171106397,-7.216591534623488,7.216591534623488,single_atom
HAT707_28,HAT707nonMR,Bond Dissociation Energies,Thermochemistry,MACE-OMOL-0-4M,-69.64999740699892,-74.74805214581652,-5.098054738817595,5.098054738817595,single_atom
HAT707_280,HAT707nonMR,Bond Dissociation Energies,Thermochemistry,MACE-OMOL-0-4M,54.05999766612167,57.20065569902563,3.140658032903964,3.140658032903964,single_atom
HAT707_281,HAT707nonMR,Bond Dissociation Energies,Thermochemistry,MACE-OMOL-0-4M,-31.91999881417241,-66.54679230864204,-34.62679349446963,34.62679349446963,single_atom
HAT707_282,HAT707nonMR,Bond Dissociation Energies,Thermochemistry,MACE-OMOL-0-4M,70.27999709476371,64.6692717942505,-5.610725300513209,5.610725300513209,single_atom
HAT707_283,HAT707nonMR,Bond Dissociation Energies,Thermochemistry,MACE-OMOL-0-4M,33.389998743048515,27.39936378827756,-5.990634954770954,5.990634954770954,single_atom
HAT707_284,HAT707nonMR,Bond Dissociation Energies,Thermochemistry,MACE-OMOL-0-4M,27.73999882005234,23.50969722886146,-4.23030159119088,4.23030159119088,single_atom
HAT707_285,HAT707nonMR,Bond Dissociation Energies,Thermochemistry,MACE-OMOL-0-4M,170.229992963029,166.04781400815662,-4.18217895487237,4.18217895487237,single_atom
HAT707_286,HAT707nonMR,Bond Dissociation Energies,Thermochemistry,MACE-OMOL-0-4M,-10.909999570316703,-20.842390911490643,-9.93239134117394,9.93239134117394,single_atom
HAT707_287,HAT707nonMR,Bond Dissociation Energies,Thermochemistry,MACE-OMOL-0-4M,-58.59999733547206,-61.58065700418536,-2.980659668713301,2.980659668713301,single_atom
HAT707_288,HAT707nonMR,Bond Dissociation Energies,Thermochemistry,MACE-OMOL-0-4M,26.91999893229601,25.31480730003833,-1.6051916322576822,1.6051916322576822,single_atom
HAT707_289,HAT707nonMR,Bond Dissociation Energies,Thermochemistry,MACE-OMOL-0-4M,-52.69999763801037,-57.32751920741268,-4.627521569402305,4.627521569402305,single_atom
HAT707_29,HAT707nonMR,Bond Dissociation Energies,Thermochemistry,MACE-OMOL-0-4M,-45.5399978222236,-67.79048188429559,-22.25048406207199,22.25048406207199,single_atom
HAT707_290,HAT707nonMR,Bond Dissociation Energies,Thermochemistry,MACE-OMOL-0-4M,100.91999582816683,98.09290902648182,-2.827086801685013,2.827086801685013,single_atom
HAT707_291,HAT707nonMR,Bond Dissociation Energies,Thermochemistry,MACE-OMOL-0-4M,-58.20999768730587,-62.87671727191061,-4.666719584604735,4.666719584604735,single_atom
HAT707_292,HAT707nonMR,Bond Dissociation Energies,Thermochemistry,MACE-OMOL-0-4M,126.52999476950046,126.17643355008497,-0.35356121941549645,0.35356121941549645,single_atom
HAT707_293,HAT707nonMR,Bond Dissociation Energies,Thermochemistry,MACE-OMOL-0-4M,95.35999605800664,93.69395648129183,-1.6660395767148088,1.6660395767148088,single_atom
HAT707_294,HAT707nonMR,Bond Dissociation Energies,Thermochemistry,MACE-OMOL-0-4M,7.059999906000574,1.691484232439579,-5.368515673560995,5.368515673560995,single_atom
HAT707_295,HAT707nonMR,Bond Dissociation Energies,Thermochemistry,MACE-OMOL-0-4M,-41.029998125809065,-44.90839917227171,-3.878401046462642,3.878401046462642,single_atom
HAT707_298,HAT707nonMR,Bond Dissociation Energies,Thermochemistry,MACE-OMOL-0-4M,-63.08999767743883,-71.10718872604464,-8.01719104860581,8.01719104860581,single_atom
HAT707_299,HAT707nonMR,Bond Dissociation Energies,Thermochemistry,MACE-OMOL-0-4M,118.03999512046012,115.78301619360262,-2.2569789268574993,2.2569789268574993,single_atom
HAT707_30,HAT707nonMR,Bond Dissociation Energies,Thermochemistry,MACE-OMOL-0-4M,56.6599978306008,63.42558221859696,6.765584387996157,6.765584387996157,single_atom
HAT707_300,HAT707nonMR,Bond Dissociation Energies,Thermochemistry,MACE-OMOL-0-4M,-74.37999690494311,-72.15627206002564,2.22372484491747,2.22372484491747,single_atom
HAT707_301,HAT707nonMR,Bond Dissociation Energies,Thermochemistry,MACE-OMOL-0-4M,17.90999953044556,12.747727240931514,-5.162272289514046,5.162272289514046,single_atom
HAT707_302,HAT707nonMR,Bond Dissociation Energies,Thermochemistry,MACE-OMOL-0-4M,83.19999656067712,84.16607725385668,0.9660806931795634,0.9660806931795634,single_atom
HAT707_303,HAT707nonMR,Bond Dissociation Energies,Thermochemistry,MACE-OMOL-0-4M,-42.699998501767055,-46.02458931451266,-3.3245908127456048,3.3245908127456048,single_atom
HAT707_304,HAT707nonMR,Bond Dissociation Energies,Thermochemistry,MACE-OMOL-0-4M,50.44999778529241,42.87308373162128,-7.576914053671132,7.576914053671132,single_atom
HAT707_305,HAT707nonMR,Bond Dissociation Energies,Thermochemistry,MACE-OMOL-0-4M,-9.589999506119897,-13.638129126544726,-4.048129620424829,4.048129620424829,single_atom
HAT707_306,HAT707nonMR,Bond Dissociation Energies,Thermochemistry,MACE-OMOL-0-4M,87.50999638250988,89.65005573719256,2.140059354682677,2.140059354682677,single_atom
HAT707_307,HAT707nonMR,Bond Dissociation Energies,Thermochemistry,MACE-OMOL-0-4M,-45.749998260284094,-82.4303629669192,-36.68036470663511,36.68036470663511,single_atom
HAT707_308,HAT707nonMR,Bond Dissociation Energies,Thermochemistry,MACE-OMOL-0-4M,-72.22999696201134,-72.86503321522716,-0.6350362532158158,0.6350362532158158,single_atom
HAT707_309,HAT707nonMR,Bond Dissociation Energies,Thermochemistry,MACE-OMOL-0-4M,-138.89999454734357,-171.3280360130112,-32.42804146566763,32.42804146566763,single_atom
HAT707_31,HAT707nonMR,Bond Dissociation Energies,Thermochemistry,MACE-OMOL-0-4M,19.77999909846648,26.15567421262401,6.375675114157531,6.375675114157531,single_atom
HAT707_310,HAT707nonMR,Bond Dissociation Energies,Thermochemistry,MACE-OMOL-0-4M,-76.4499969200459,-63.861794367606805,12.5882025524391,12.5882025524391,single_atom
HAT707_311,HAT707nonMR,Bond Dissociation Energies,Thermochemistry,MACE-OMOL-0-4M,78.37999675992594,49.1591069442806,-29.220889815645343,29.220889815645343,single_atom
HAT707_312,HAT707nonMR,Bond Dissociation Energies,Thermochemistry,MACE-OMOL-0-4M,-28.609998662701766,-55.62213676009904,-27.012138097397273,27.012138097397273,single_atom
HAT707_313,HAT707nonMR,Bond Dissociation Energies,Thermochemistry,MACE-OMOL-0-4M,52.04999759689059,43.355722893077896,-8.694274703812695,8.694274703812695,single_atom
HAT707_314,HAT707nonMR,Bond Dissociation Energies,Thermochemistry,MACE-OMOL-0-4M,-57.16999737051044,-21.665563551261165,35.50443381924927,35.50443381924927,single_atom
HAT707_318,HAT707nonMR,Bond Dissociation Energies,Thermochemistry,MACE-OMOL-0-4M,84.70999649825619,79.15234970393293,-5.5576467943232615,5.5576467943232615,single_atom
HAT707_319,HAT707nonMR,Bond Dissociation Energies,Thermochemistry,MACE-OMOL-0-4M,49.06999777522388,42.38820490190907,-6.681792873314812,6.681792873314812,single_atom
HAT707_32,HAT707nonMR,Bond Dissociation Energies,Thermochemistry,MACE-OMOL-0-4M,14.129999175470292,22.26600765320791,8.136008477737619,8.136008477737619,single_atom
HAT707_320,HAT707nonMR,Bond Dissociation Energies,Thermochemistry,MACE-OMOL-0-4M,52.499997818437976,46.40176650378712,-6.098231314650853,6.098231314650853,single_atom
HAT707_321,HAT707nonMR,Bond Dissociation Energies,Thermochemistry,MACE-OMOL-0-4M,-2.660000110350859,-5.718421974064981,-3.058421863714122,3.058421863714122,single_atom
HAT707_322,HAT707nonMR,Bond Dissociation Energies,Thermochemistry,MACE-OMOL-0-4M,38.79999825504834,38.84906080188038,0.049062546832040255,0.049062546832040255,single_atom
HAT707_323,HAT707nonMR,Bond Dissociation Energies,Thermochemistry,MACE-OMOL-0-4M,118.21999500578232,117.78763222663936,-0.43236277914296295,0.43236277914296295,single_atom
HAT707_324,HAT707nonMR,Bond Dissociation Energies,Thermochemistry,MACE-OMOL-0-4M,111.22999540197188,110.67386301387282,-0.5561323880990585,0.5561323880990585,single_atom
HAT707_326,HAT707nonMR,Bond Dissociation Energies,Thermochemistry,MACE-OMOL-0-4M,108.78999550283716,107.68272134316504,-1.1072741596721158,1.1072741596721158,single_atom
HAT707_327,HAT707nonMR,Bond Dissociation Energies,Thermochemistry,MACE-OMOL-0-4M,116.04999520272304,115.51216947771373,-0.5378257250093128,0.5378257250093128,single_atom
HAT707_328,HAT707nonMR,Bond Dissociation Energies,Thermochemistry,MACE-OMOL-0-4M,121.51999497660395,123.83283571490732,2.3128407383033647,2.3128407383033647,single_atom
HAT707_329,HAT707nonMR,Bond Dissociation Energies,Thermochemistry,MACE-OMOL-0-4M,132.41999452601925,132.11245961740605,-0.3075349086132064,0.3075349086132064,single_atom
HAT707_33,HAT707nonMR,Bond Dissociation Energies,Thermochemistry,MACE-OMOL-0-4M,-5.2799996292777625,7.408455224144984,12.688454853422748,12.688454853422748,single_atom
HAT707_331,HAT707nonMR,Bond Dissociation Energies,Thermochemistry,MACE-OMOL-0-4M,44.94999835448501,41.96083111207954,-2.989167242405472,2.989167242405472,single_atom
HAT707_332,HAT707nonMR,Bond Dissociation Energies,Thermochemistry,MACE-OMOL-0-4M,142.11999412504048,142.99253581594175,0.8725416909012722,0.8725416909012722,single_atom
HAT707_333,HAT707nonMR,Bond Dissociation Energies,Thermochemistry,MACE-OMOL-0-4M,39.989998436523095,36.06124544456859,-3.9287529919545037,3.9287529919545037,single_atom
HAT707_335,HAT707nonMR,Bond Dissociation Energies,Thermochemistry,MACE-OMOL-0-4M,178.47999262199,181.17178294557704,2.6917903235870426,2.6917903235870426,single_atom
HAT707_337,HAT707nonMR,Bond Dissociation Energies,Thermochemistry,MACE-OMOL-0-4M,50.3399978845276,39.75239473577327,-10.587603148754326,10.587603148754326,single_atom
HAT707_338,HAT707nonMR,Bond Dissociation Energies,Thermochemistry,MACE-OMOL-0-4M,-38.64999839036904,-25.316571156083068,13.333427234285974,13.333427234285974,single_atom
HAT707_34,HAT707nonMR,Bond Dissociation Energies,Thermochemistry,MACE-OMOL-0-4M,-24.51999921489875,-22.08608048715468,2.4339187277440715,2.4339187277440715,single_atom
HAT707_340,HAT707nonMR,Bond Dissociation Energies,Thermochemistry,MACE-OMOL-0-4M,127.00999474965847,130.96621435536105,3.9562196057025716,3.9562196057025716,single_atom
HAT707_342,HAT707nonMR,Bond Dissociation Energies,Thermochemistry,MACE-OMOL-0-4M,46.92999782327075,34.46445339830538,-12.465544424965373,12.465544424965373,single_atom
HAT707_343,HAT707nonMR,Bond Dissociation Energies,Thermochemistry,MACE-OMOL-0-4M,44.14999844868593,39.90349915921961,-4.246499289466314,4.246499289466314,single_atom
HAT707_344,HAT707nonMR,Bond Dissociation Energies,Thermochemistry,MACE-OMOL-0-4M,16.28999910938067,22.424176126010835,6.134177016630165,6.134177016630165,single_atom
HAT707_345,HAT707nonMR,Bond Dissociation Energies,Thermochemistry,MACE-OMOL-0-4M,34.49999836918484,28.70144381813675,-5.798554551048088,5.798554551048088,single_atom
HAT707_347,HAT707nonMR,Bond Dissociation Energies,Thermochemistry,MACE-OMOL-0-4M,-13.329999269671209,-21.196232751787655,-7.866233482116446,7.866233482116446,single_atom
HAT707_348,HAT707nonMR,Bond Dissociation Energies,Thermochemistry,MACE-OMOL-0-4M,-5.639999932017563,0.7523826911005621,6.3923826231181256,6.3923826231181256,single_atom
HAT707_35,HAT707nonMR,Bond Dissociation Energies,Thermochemistry,MACE-OMOL-0-4M,-72.20999698005411,-62.8243465798389,9.385650400215212,9.385650400215212,single_atom
HAT707_351,HAT707nonMR,Bond Dissociation Energies,Thermochemistry,MACE-OMOL-0-4M,22.209998788799595,18.231705724309336,-3.978293064490259,3.978293064490259,single_atom
HAT707_352,HAT707nonMR,Bond Dissociation Energies,Thermochemistry,MACE-OMOL-0-4M,5.699999877889284,18.104757974387784,12.404758096498501,12.404758096498501,single_atom
HAT707_353,HAT707nonMR,Bond Dissociation Energies,Thermochemistry,MACE-OMOL-0-4M,2.6500001193722382,24.33761464777486,21.687614528402623,21.687614528402623,single_atom
HAT707_356,HAT707nonMR,Bond Dissociation Energies,Thermochemistry,MACE-OMOL-0-4M,-75.7399969330544,-100.78168422780789,-25.041687294753487,25.041687294753487,single_atom
HAT707_357,HAT707nonMR,Bond Dissociation Energies,Thermochemistry,MACE-OMOL-0-4M,-76.04999665339162,-85.45534898858358,-9.405352335191964,9.405352335191964,single_atom
HAT707_36,HAT707nonMR,Bond Dissociation Energies,Thermochemistry,MACE-OMOL-0-4M,10.499999312683803,17.98407027998003,7.484070967296228,7.484070967296228,single_atom
HAT707_369,HAT707nonMR,Bond Dissociation Energies,Thermochemistry,MACE-OMOL-0-4M,-2.6500001193722382,-24.33761464779583,-21.687614528423595,21.687614528423595,single_atom
HAT707_37,HAT707nonMR,Bond Dissociation Energies,Thermochemistry,MACE-OMOL-0-4M,-148.58999396324967,-133.3245514839733,15.265442479276373,15.265442479276373,single_atom
HAT707_375,HAT707nonMR,Bond Dissociation Energies,Thermochemistry,MACE-OMOL-0-4M,-96.12999610872616,-102.34958692473607,-6.219590816009912,6.219590816009912,single_atom
HAT707_38,HAT707nonMR,Bond Dissociation Energies,Thermochemistry,MACE-OMOL-0-4M,-66.31999727357103,-58.57120878306623,7.748788490504801,7.748788490504801,single_atom
HAT707_381,HAT707nonMR,Bond Dissociation Energies,Thermochemistry,MACE-OMOL-0-4M,43.219998032655305,35.081599652785066,-8.138398379870239,8.138398379870239,single_atom
HAT707_384,HAT707nonMR,Bond Dissociation Energies,Thermochemistry,MACE-OMOL-0-4M,-100.08999567380712,-105.6514070553437,-5.561411381536573,5.561411381536573,single_atom
HAT707_386,HAT707nonMR,Bond Dissociation Energies,Thermochemistry,MACE-OMOL-0-4M,-26.07999906258244,-32.87330532888973,-6.793306266307287,6.793306266307287,single_atom
HAT707_388,HAT707nonMR,Bond Dissociation Energies,Thermochemistry,MACE-OMOL-0-4M,-0.4800001944832417,-4.78978080531806,-4.309780610834818,4.309780610834818,single_atom
HAT707_389,HAT707nonMR,Bond Dissociation Energies,Thermochemistry,MACE-OMOL-0-4M,-31.639998439261568,-37.27225787407971,-5.632259434818145,5.632259434818145,single_atom
HAT707_39,HAT707nonMR,Bond Dissociation Energies,Thermochemistry,MACE-OMOL-0-4M,-74.57999672451551,-60.54644975752981,14.033546966985703,14.033546966985703,single_atom
HAT707_393,HAT707nonMR,Bond Dissociation Energies,Thermochemistry,MACE-OMOL-0-4M,-85.27999648428118,-95.00915604321492,-9.72915955893373,9.72915955893373,single_atom
HAT707_395,HAT707nonMR,Bond Dissociation Energies,Thermochemistry,MACE-OMOL-0-4M,-8.959999446957351,-15.183198161768928,-6.223198714811577,6.223198714811577,single_atom
HAT707_397,HAT707nonMR,Bond Dissociation Energies,Thermochemistry,MACE-OMOL-0-4M,-43.80999812790336,-46.80013710158827,-2.990138973684907,2.990138973684907,single_atom
HAT707_399,HAT707nonMR,Bond Dissociation Energies,Thermochemistry,MACE-OMOL-0-4M,-76.55999682081072,-88.09313062373978,-11.533133802929058,11.533133802929058,single_atom
HAT707_40,HAT707nonMR,Bond Dissociation Energies,Thermochemistry,MACE-OMOL-0-4M,-71.81999733188792,-64.12040684756415,7.699590484323764,7.699590484323764,single_atom
HAT707_401,HAT707nonMR,Bond Dissociation Energies,Thermochemistry,MACE-OMOL-0-4M,-136.59999411222302,-144.60434348192675,-8.004349369703732,8.004349369703732,single_atom
HAT707_402,HAT707nonMR,Bond Dissociation Energies,Thermochemistry,MACE-OMOL-0-4M,-39.49999825106123,-41.3161586181685,-1.8161603671072726,1.8161603671072726,single_atom
HAT707_403,HAT707nonMR,Bond Dissociation Energies,Thermochemistry,MACE-OMOL-0-4M,-50.3399978845276,-39.752394735752304,10.587603148775294,10.587603148775294,single_atom
HAT707_405,HAT707nonMR,Bond Dissociation Energies,Thermochemistry,MACE-OMOL-0-4M,-127.00999460610312,-130.96621435537153,-3.9562197492684135,3.9562197492684135,single_atom
HAT707_407,HAT707nonMR,Bond Dissociation Energies,Thermochemistry,MACE-OMOL-0-4M,-48.6299981721646,-81.80710741111193,-33.17710923894733,33.17710923894733,single_atom
HAT707_408,HAT707nonMR,Bond Dissociation Energies,Thermochemistry,MACE-OMOL-0-4M,41.159998008531126,20.8030409912638,-20.356957017267327,20.356957017267327,single_atom
HAT707_409,HAT707nonMR,Bond Dissociation Energies,Thermochemistry,MACE-OMOL-0-4M,-59.81999748988267,-46.00317819911992,13.816819290762744,13.816819290762744,single_atom
HAT707_41,HAT707nonMR,Bond Dissociation Energies,Thermochemistry,MACE-OMOL-0-4M,-48.97999785641631,-32.46292523392668,16.51707262248963,16.51707262248963,single_atom
HAT707_410,HAT707nonMR,Bond Dissociation Energies,Thermochemistry,MACE-OMOL-0-4M,-124.73999477142792,-102.85149668408708,21.888498087340835,21.888498087340835,single_atom
HAT707_415,HAT707nonMR,Bond Dissociation Energies,Thermochemistry,MACE-OMOL-0-4M,-8.78999960032081,-13.1785821287112,-4.3885825283903905,4.3885825283903905,single_atom
HAT707_416,HAT707nonMR,Bond Dissociation Energies,Thermochemistry,MACE-OMOL-0-4M,-15.779999569471045,-20.292351341519705,-4.51235177204866,4.51235177204866,single_atom
HAT707_417,HAT707nonMR,Bond Dissociation Energies,Thermochemistry,MACE-OMOL-0-4M,-88.769996473367,-101.6054633603049,-12.835466886937894,12.835466886937894,single_atom
HAT707_418,HAT707nonMR,Bond Dissociation Energies,Thermochemistry,MACE-OMOL-0-4M,-18.209999259804164,-23.28349301220652,-5.0734937524023564,5.0734937524023564,single_atom
HAT707_419,HAT707nonMR,Bond Dissociation Energies,Thermochemistry,MACE-OMOL-0-4M,-10.959999525209806,-15.45404487763686,-4.4940453524270545,4.4940453524270545,single_atom
HAT707_42,HAT707nonMR,Bond Dissociation Energies,Thermochemistry,MACE-OMOL-0-4M,-80.1399967287041,-64.9454023027198,15.194594425984306,15.194594425984306,single_atom
HAT707_420,HAT707nonMR,Bond Dissociation Energies,Thermochemistry,MACE-OMOL-0-4M,-5.49000006733826,-7.133378640485199,-1.643378573146939,1.643378573146939,single_atom
HAT707_421,HAT707nonMR,Bond Dissociation Energies,Thermochemistry,MACE-OMOL-0-4M,5.4199995029784445,1.146245262044986,-4.273754240933458,4.273754240933458,single_atom
HAT707_422,HAT707nonMR,Bond Dissociation Energies,Thermochemistry,MACE-OMOL-0-4M,-93.26999617880293,-100.92191092256526,-7.651914743762333,7.651914743762333,single_atom
HAT707_423,HAT707nonMR,Bond Dissociation Energies,Thermochemistry,MACE-OMOL-0-4M,-82.05999687912761,-89.00538324331298,-6.945386364185367,6.945386364185367,single_atom
HAT707_424,HAT707nonMR,Bond Dissociation Energies,Thermochemistry,MACE-OMOL-0-4M,15.109999546394016,12.026321460580702,-3.0836780858133146,3.0836780858133146,single_atom
HAT707_425,HAT707nonMR,Bond Dissociation Energies,Thermochemistry,MACE-OMOL-0-4M,-87.01999616958005,-94.904968910782,-7.884972741201949,7.884972741201949,single_atom
HAT707_426,HAT707nonMR,Bond Dissociation Energies,Thermochemistry,MACE-OMOL-0-4M,51.46999812013062,50.20556859020549,-1.2644295299251311,1.2644295299251311,single_atom
HAT707_427,HAT707nonMR,Bond Dissociation Energies,Thermochemistry,MACE-OMOL-0-4M,-103.66999558170052,-133.02277762664576,-29.352782044945243,29.352782044945243,single_atom
HAT707_428,HAT707nonMR,Bond Dissociation Energies,Thermochemistry,MACE-OMOL-0-4M,-41.29999850974128,-49.65418580385793,-8.354187294116649,8.354187294116649,single_atom
HAT707_429,HAT707nonMR,Bond Dissociation Energies,Thermochemistry,MACE-OMOL-0-4M,-93.6799964364358,-140.27196080482105,-46.59196436838525,46.59196436838525,single_atom
HAT707_43,HAT707nonMR,Bond Dissociation Energies,Thermochemistry,MACE-OMOL-0-4M,-6.559999729560092,0.447794656786031,7.007794386346123,7.007794386346123,single_atom
HAT707_430,HAT707nonMR,Bond Dissociation Energies,Thermochemistry,MACE-OMOL-0-4M,-143.47999418060846,-132.59336347805046,10.886630702557994,10.886630702557994,single_atom
HAT707_431,HAT707nonMR,Bond Dissociation Energies,Thermochemistry,MACE-OMOL-0-4M,76.69999682937386,0.6008854205219015,-76.09911140885195,76.09911140885195,single_atom
HAT707_436,HAT707nonMR,Bond Dissociation Energies,Thermochemistry,MACE-OMOL-0-4M,3.049999758517045,-6.232856673387076,-9.28285643190412,9.28285643190412,single_atom
HAT707_437,HAT707nonMR,Bond Dissociation Energies,Thermochemistry,MACE-OMOL-0-4M,-23.75999927301414,-36.04527749370335,-12.28527822068921,12.28527822068921,single_atom
HAT707_44,HAT707nonMR,Bond Dissociation Energies,Thermochemistry,MACE-OMOL-0-4M,-54.64999776136973,-46.152088747925255,8.497909013444477,8.497909013444477,single_atom
HAT707_445,HAT707nonMR,Bond Dissociation Energies,Thermochemistry,MACE-OMOL-0-4M,67.7399971997623,55.46978928192661,-12.270207917835691,12.270207917835691,single_atom
HAT707_446,HAT707nonMR,Bond Dissociation Energies,Thermochemistry,MACE-OMOL-0-4M,109.44999547555372,97.76031870163858,-11.689676773915139,11.689676773915139,single_atom
HAT707_447,HAT707nonMR,Bond Dissociation Energies,Thermochemistry,MACE-OMOL-0-4M,61.01999766233604,38.7748643145502,-22.24513334778584,22.24513334778584,single_atom
HAT707_449,HAT707nonMR,Bond Dissociation Energies,Thermochemistry,MACE-OMOL-0-4M,51.32999761892047,39.38811063860538,-11.94188698031509,11.94188698031509,single_atom
HAT707_450,HAT707nonMR,Bond Dissociation Energies,Thermochemistry,MACE-OMOL-0-4M,84.09999652347236,74.14582292530196,-9.9541735981704,9.9541735981704,single_atom
HAT707_451,HAT707nonMR,Bond Dissociation Energies,Thermochemistry,MACE-OMOL-0-4M,19.70999916161613,8.339548099292701,-11.370451062323427,11.370451062323427,single_atom
HAT707_452,HAT707nonMR,Bond Dissociation Energies,Thermochemistry,MACE-OMOL-0-4M,-56.62999785766494,-61.03342830659905,-4.40343044893411,4.40343044893411,single_atom
HAT707_453,HAT707nonMR,Bond Dissociation Energies,Thermochemistry,MACE-OMOL-0-4M,5.149999746555701,-8.468974402185506,-13.618974148741206,13.618974148741206,single_atom
HAT707_454,HAT707nonMR,Bond Dissociation Energies,Thermochemistry,MACE-OMOL-0-4M,-26.27999888215485,-67.29917499972163,-41.01917611756678,41.01917611756678,single_atom
HAT707_455,HAT707nonMR,Bond Dissociation Energies,Thermochemistry,MACE-OMOL-0-4M,75.91999686161765,63.91688910317092,-12.003107758446731,12.003107758446731,single_atom
HAT707_456,HAT707nonMR,Bond Dissociation Energies,Thermochemistry,MACE-OMOL-0-4M,39.02999867506608,26.646981097156026,-12.383017577910056,12.383017577910056,single_atom
HAT707_457,HAT707nonMR,Bond Dissociation Energies,Thermochemistry,MACE-OMOL-0-4M,33.3799987520699,22.75731453778187,-10.622684214288032,10.622684214288032,single_atom
HAT707_458,HAT707nonMR,Bond Dissociation Energies,Thermochemistry,MACE-OMOL-0-4M,82.7199965805191,76.39775827094309,-6.322238309576008,6.322238309576008,single_atom
HAT707_459,HAT707nonMR,Bond Dissociation Energies,Thermochemistry,MACE-OMOL-0-4M,-5.269999638299143,-21.594773602591207,-16.324773964292064,16.324773964292064,single_atom
HAT707_46,HAT707nonMR,Bond Dissociation Energies,Thermochemistry,MACE-OMOL-0-4M,17.319999435197495,24.71581777039359,7.395818335196093,7.395818335196093,single_atom
HAT707_460,HAT707nonMR,Bond Dissociation Energies,Thermochemistry,MACE-OMOL-0-4M,-52.95999803096397,-62.33303969528592,-9.373041664321946,9.373041664321946,single_atom
HAT707_461,HAT707nonMR,Bond Dissociation Energies,Thermochemistry,MACE-OMOL-0-4M,-60.589997422745896,-64.3352484371752,-3.7452510144293,3.7452510144293,single_atom
HAT707_462,HAT707nonMR,Bond Dissociation Energies,Thermochemistry,MACE-OMOL-0-4M,-47.059998333502286,-58.07990189851324,-11.019903565010956,11.019903565010956,single_atom
HAT707_463,HAT707nonMR,Bond Dissociation Energies,Thermochemistry,MACE-OMOL-0-4M,13.409999197500166,8.442853289268289,-4.967145908231878,4.967145908231878,single_atom
HAT707_464,HAT707nonMR,Bond Dissociation Energies,Thermochemistry,MACE-OMOL-0-4M,-52.55999776430969,-63.6290999629902,-11.069102198680511,11.069102198680511,single_atom
HAT707_465,HAT707nonMR,Bond Dissociation Energies,Thermochemistry,MACE-OMOL-0-4M,39.01999868408747,36.52637781289239,-2.493620871195077,2.493620871195077,single_atom
HAT707_466,HAT707nonMR,Bond Dissociation Energies,Thermochemistry,MACE-OMOL-0-4M,7.859999811799661,4.043900744057326,-3.8160990677423348,3.8160990677423348,single_atom
HAT707_467,HAT707nonMR,Bond Dissociation Energies,Thermochemistry,MACE-OMOL-0-4M,12.69999921050866,0.9391015413180432,-11.760897669190616,11.760897669190616,single_atom
HAT707_468,HAT707nonMR,Bond Dissociation Energies,Thermochemistry,MACE-OMOL-0-4M,-35.38999882130098,-45.66078186330935,-10.270783042008375,10.270783042008375,single_atom
HAT707_47,HAT707nonMR,Bond Dissociation Energies,Thermochemistry,MACE-OMOL-0-4M,-76.70999668549003,-72.35087830170868,4.35911838378135,4.35911838378135,single_atom
HAT707_470,HAT707nonMR,Bond Dissociation Energies,Thermochemistry,MACE-OMOL-0-4M,-57.44999774542127,-71.85957141712423,-14.409573671702958,14.409573671702958,single_atom
HAT707_471,HAT707nonMR,Bond Dissociation Energies,Thermochemistry,MACE-OMOL-0-4M,30.529998813125257,26.13296045641006,-4.397038356715196,4.397038356715196,single_atom
HAT707_472,HAT707nonMR,Bond Dissociation Energies,Thermochemistry,MACE-OMOL-0-4M,-68.73999697292554,-72.90865475110523,-4.168657778179693,4.168657778179693,single_atom
HAT707_473,HAT707nonMR,Bond Dissociation Energies,Thermochemistry,MACE-OMOL-0-4M,-4.3099998768421335,-5.4839784834197705,-1.173978606577637,1.173978606577637,single_atom
HAT707_474,HAT707nonMR,Bond Dissociation Energies,Thermochemistry,MACE-OMOL-0-4M,-37.05999856974949,-46.77697200552933,-9.716973435779842,9.716973435779842,single_atom
HAT707_475,HAT707nonMR,Bond Dissociation Energies,Thermochemistry,MACE-OMOL-0-4M,28.2299990055142,24.64137800739584,-3.5886209981183583,3.5886209981183583,single_atom
HAT707_476,HAT707nonMR,Bond Dissociation Energies,Thermochemistry,MACE-OMOL-0-4M,-3.9499995741023337,-14.390511817645288,-10.440512243542955,10.440512243542955,single_atom
HAT707_477,HAT707nonMR,Bond Dissociation Energies,Thermochemistry,MACE-OMOL-0-4M,-97.09999586116182,-103.28818486375826,-6.188189002596445,6.188189002596445,single_atom
HAT707_478,HAT707nonMR,Bond Dissociation Energies,Thermochemistry,MACE-OMOL-0-4M,-67.96999704006231,-100.66206869122854,-32.69207165116623,32.69207165116623,single_atom
HAT707_479,HAT707nonMR,Bond Dissociation Energies,Thermochemistry,MACE-OMOL-0-4M,-66.58999702999378,-73.6174159062648,-7.027418876271014,7.027418876271014,single_atom
HAT707_48,HAT707nonMR,Bond Dissociation Energies,Thermochemistry,MACE-OMOL-0-4M,-57.45999773639989,-42.85634259040901,14.603655145990885,14.603655145990885,single_atom
HAT707_480,HAT707nonMR,Bond Dissociation Energies,Thermochemistry,MACE-OMOL-0-4M,-87.5099963550419,-89.65005573721353,-2.1400593821716285,2.1400593821716285,single_atom
HAT707_481,HAT707nonMR,Bond Dissociation Energies,Thermochemistry,MACE-OMOL-0-4M,-133.259994615326,-172.08041870411176,-38.82042408878576,38.82042408878576,single_atom
HAT707_482,HAT707nonMR,Bond Dissociation Energies,Thermochemistry,MACE-OMOL-0-4M,-9.12999992110337,-40.49094879295391,-31.36094887185054,31.36094887185054,single_atom
HAT707_483,HAT707nonMR,Bond Dissociation Energies,Thermochemistry,MACE-OMOL-0-4M,29.82999881711237,25.12401716876856,-4.705981648343808,4.705981648343808,single_atom
HAT707_486,HAT707nonMR,Bond Dissociation Energies,Thermochemistry,MACE-OMOL-0-4M,90.34999626511012,78.39996701281139,-11.950029252298734,11.950029252298734,single_atom
HAT707_487,HAT707nonMR,Bond Dissociation Energies,Thermochemistry,MACE-OMOL-0-4M,2.979999821666704,-6.470804665165543,-9.450804486832247,9.450804486832247,single_atom
HAT707_488,HAT707nonMR,Bond Dissociation Energies,Thermochemistry,MACE-OMOL-0-4M,30.70999865074042,28.13757648944681,-2.572422161293609,2.572422161293609,single_atom
HAT707_489,HAT707nonMR,Bond Dissociation Energies,Thermochemistry,MACE-OMOL-0-4M,23.719999309099663,21.02380727663831,-2.6961920324613544,2.6961920324613544,single_atom
HAT707_49,HAT707nonMR,Bond Dissociation Energies,Thermochemistry,MACE-OMOL-0-4M,-87.98999654952515,-73.39996163567919,14.590034913845955,14.590034913845955,single_atom
HAT707_490,HAT707nonMR,Bond Dissociation Energies,Thermochemistry,MACE-OMOL-0-4M,21.289998991257068,18.032665605951497,-3.2573333853055715,3.2573333853055715,single_atom
HAT707_491,HAT707nonMR,Bond Dissociation Energies,Thermochemistry,MACE-OMOL-0-4M,28.539998725851422,25.862113740521156,-2.677884985330266,2.677884985330266,single_atom
HAT707_492,HAT707nonMR,Bond Dissociation Energies,Thermochemistry,MACE-OMOL-0-4M,34.00999881123245,34.182779977672816,0.172781166440366,0.172781166440366,single_atom
HAT707_493,HAT707nonMR,Bond Dissociation Energies,Thermochemistry,MACE-OMOL-0-4M,44.909998390570536,42.46240388017154,-2.447594510398993,2.447594510398993,single_atom
HAT707_494,HAT707nonMR,Bond Dissociation Energies,Thermochemistry,MACE-OMOL-0-4M,-42.559998000556895,-47.68922462515496,-5.129226624598061,5.129226624598061,single_atom
HAT707_495,HAT707nonMR,Bond Dissociation Energies,Thermochemistry,MACE-OMOL-0-4M,54.60999779745524,53.342480078749205,-1.2675177187060385,1.2675177187060385,single_atom
HAT707_496,HAT707nonMR,Bond Dissociation Energies,Thermochemistry,MACE-OMOL-0-4M,-47.51999791851881,-53.588810292582025,-6.068812374063214,6.068812374063214,single_atom
HAT707_497,HAT707nonMR,Bond Dissociation Energies,Thermochemistry,MACE-OMOL-0-4M,90.96999623948012,91.52172720838448,0.5517309689043515,0.5517309689043515,single_atom
HAT707_498,HAT707nonMR,Bond Dissociation Energies,Thermochemistry,MACE-OMOL-0-4M,39.49999825106123,41.3161586181685,1.8161603671072726,1.8161603671072726,single_atom
HAT707_499,HAT707nonMR,Bond Dissociation Energies,Thermochemistry,MACE-OMOL-0-4M,21.93999903237685,21.671793434910278,-0.26820559746657224,0.26820559746657224,single_atom
HAT707_50,HAT707nonMR,Bond Dissociation Energies,Thermochemistry,MACE-OMOL-0-4M,-20.82999940624054,-9.073968966106236,11.756030440134303,11.756030440134303,single_atom
HAT707_500,HAT707nonMR,Bond Dissociation Energies,Thermochemistry,MACE-OMOL-0-4M,40.13999830120239,27.949061127036188,-12.190937174166201,12.190937174166201,single_atom
HAT707_502,HAT707nonMR,Bond Dissociation Energies,Thermochemistry,MACE-OMOL-0-4M,-7.689999965163118,-21.948615442888222,-14.258615477725105,14.258615477725105,single_atom
HAT707_503,HAT707nonMR,Bond Dissociation Energies,Thermochemistry,MACE-OMOL-0-4M,-35.5499986769589,-39.42793847607602,-3.8779397991171223,3.8779397991171223,single_atom
HAT707_504,HAT707nonMR,Bond Dissociation Energies,Thermochemistry,MACE-OMOL-0-4M,-22.209998788799595,-18.231705724288364,3.978293064511231,3.978293064511231,single_atom
HAT707_507,HAT707nonMR,Bond Dissociation Energies,Thermochemistry,MACE-OMOL-0-4M,5.639999932017563,-0.7523826910795887,-6.392382623097152,6.392382623097152,single_atom
HAT707_508,HAT707nonMR,Bond Dissociation Energies,Thermochemistry,MACE-OMOL-0-4M,-52.28999800788695,-49.41007149488024,2.8799265130067084,2.8799265130067084,single_atom
HAT707_51,HAT707nonMR,Bond Dissociation Energies,Thermochemistry,MACE-OMOL-0-4M,-92.3099964173459,-74.47328153013397,17.836714887211926,17.836714887211926,single_atom
HAT707_518,HAT707nonMR,Bond Dissociation Energies,Thermochemistry,MACE-OMOL-0-4M,6.719999585218013,16.69492496733446,9.97492538211645,9.97492538211645,single_atom
HAT707_519,HAT707nonMR,Bond Dissociation Energies,Thermochemistry,MACE-OMOL-0-4M,48.42999772508273,58.985454387004495,10.555456661921767,10.555456661921767,single_atom
HAT707_52,HAT707nonMR,Bond Dissociation Energies,Thermochemistry,MACE-OMOL-0-4M,-56.31999750981824,-47.268278890124265,9.051718619693979,9.051718619693979,single_atom
HAT707_520,HAT707nonMR,Bond Dissociation Energies,Thermochemistry,MACE-OMOL-0-4M,-5.699999877889284,-18.104757974324865,-12.404758096435582,12.404758096435582,single_atom
HAT707_522,HAT707nonMR,Bond Dissociation Energies,Thermochemistry,MACE-OMOL-0-4M,-9.6899994159061,0.613246324013236,10.303245739919335,10.303245739919335,single_atom
HAT707_523,HAT707nonMR,Bond Dissociation Energies,Thermochemistry,MACE-OMOL-0-4M,23.07999925895849,35.370958610709806,12.290959351751315,12.290959351751315,single_atom
HAT707_524,HAT707nonMR,Bond Dissociation Energies,Thermochemistry,MACE-OMOL-0-4M,-41.3099985007199,-30.43531621538334,10.874682285336558,10.874682285336558,single_atom
HAT707_525,HAT707nonMR,Bond Dissociation Energies,Thermochemistry,MACE-OMOL-0-4M,-55.86999791578034,-47.24383871677765,8.626159199002686,8.626159199002686,single_atom
HAT707_526,HAT707nonMR,Bond Dissociation Energies,Thermochemistry,MACE-OMOL-0-4M,-87.2999965444909,-106.07403931431378,-18.774042769822884,18.774042769822884,single_atom
HAT707_527,HAT707nonMR,Bond Dissociation Energies,Thermochemistry,MACE-OMOL-0-4M,14.89999910833352,25.14202478857877,10.24202568024525,10.24202568024525,single_atom
HAT707_528,HAT707nonMR,Bond Dissociation Energies,Thermochemistry,MACE-OMOL-0-4M,-21.979998996291336,-12.127883217436125,9.852115778855211,9.852115778855211,single_atom
HAT707_529,HAT707nonMR,Bond Dissociation Energies,Thermochemistry,MACE-OMOL-0-4M,-27.62999891928752,-16.017549776810277,11.612449142477242,11.612449142477242,single_atom
HAT707_53,HAT707nonMR,Bond Dissociation Energies,Thermochemistry,MACE-OMOL-0-4M,-125.05999511025324,-115.76627505236938,9.29372005788386,9.29372005788386,single_atom
HAT707_530,HAT707nonMR,Bond Dissociation Energies,Thermochemistry,MACE-OMOL-0-4M,-66.28999730063518,-60.36963791718336,5.920359383451817,5.920359383451817,single_atom
HAT707_531,HAT707nonMR,Bond Dissociation Energies,Thermochemistry,MACE-OMOL-0-4M,-113.97999506579052,-101.10790400983612,12.8720910559544,12.8720910559544,single_atom
HAT707_532,HAT707nonMR,Bond Dissociation Energies,Thermochemistry,MACE-OMOL-0-4M,-108.07999536832884,-96.85476621306344,11.225229155265396,11.225229155265396,single_atom
HAT707_533,HAT707nonMR,Bond Dissociation Energies,Thermochemistry,MACE-OMOL-0-4M,-113.57999542664574,-102.40396427758236,11.176031149063377,11.176031149063377,single_atom
HAT707_534,HAT707nonMR,Bond Dissociation Energies,Thermochemistry,MACE-OMOL-0-4M,-48.3199978243179,-37.835762773274105,10.484235051043797,10.484235051043797,single_atom
HAT707_535,HAT707nonMR,Bond Dissociation Energies,Thermochemistry,MACE-OMOL-0-4M,-96.40999585612754,-84.43564617798539,11.974349678142147,11.974349678142147,single_atom
HAT707_536,HAT707nonMR,Bond Dissociation Energies,Thermochemistry,MACE-OMOL-0-4M,-61.51999721126704,-58.96387854951156,2.5561186617554768,2.5561186617554768,single_atom
HAT707_537,HAT707nonMR,Bond Dissociation Energies,Thermochemistry,MACE-OMOL-0-4M,-118.46999540775732,-110.63443573171638,7.835559676040944,7.835559676040944,single_atom
HAT707_538,HAT707nonMR,Bond Dissociation Energies,Thermochemistry,MACE-OMOL-0-4M,-129.74999464428296,-111.68351906569738,18.06647557858558,18.06647557858558,single_atom
HAT707_539,HAT707nonMR,Bond Dissociation Energies,Thermochemistry,MACE-OMOL-0-4M,-98.07999623208552,-85.55183632020537,12.528159911880152,12.528159911880152,single_atom
HAT707_54,HAT707nonMR,Bond Dissociation Energies,Thermochemistry,MACE-OMOL-0-4M,11.709999476115794,21.05138752458353,9.341388048467735,9.341388048467735,single_atom
HAT707_540,HAT707nonMR,Bond Dissociation Energies,Thermochemistry,MACE-OMOL-0-4M,-64.96999723643837,-53.16537613223744,11.804621104200933,11.804621104200933,single_atom
HAT707_541,HAT707nonMR,Bond Dissociation Energies,Thermochemistry,MACE-OMOL-0-4M,-127.60999469232983,-112.39228022094083,15.217714471389002,15.217714471389002,single_atom
HAT707_542,HAT707nonMR,Bond Dissociation Energies,Thermochemistry,MACE-OMOL-0-4M,-194.27999227766205,-210.85528301870391,-16.57529074104187,16.57529074104187,single_atom
HAT707_543,HAT707nonMR,Bond Dissociation Energies,Thermochemistry,MACE-OMOL-0-4M,-62.86999724839971,-39.77032152564895,23.09967572275076,23.09967572275076,single_atom
HAT707_544,HAT707nonMR,Bond Dissociation Energies,Thermochemistry,MACE-OMOL-0-4M,-41.159998008531126,-20.8030409912638,20.356957017267327,20.356957017267327,single_atom
HAT707_545,HAT707nonMR,Bond Dissociation Energies,Thermochemistry,MACE-OMOL-0-4M,-100.97999612592326,-66.80621919034176,34.1737769355815,34.1737769355815,single_atom
HAT707_548,HAT707nonMR,Bond Dissociation Energies,Thermochemistry,MACE-OMOL-0-4M,29.32999864067189,39.62510269821924,10.295104057547348,10.295104057547348,single_atom
HAT707_549,HAT707nonMR,Bond Dissociation Energies,Thermochemistry,MACE-OMOL-0-4M,-2.8799999118805024,6.874519498115388,9.75451940999589,9.75451940999589,single_atom
HAT707_55,HAT707nonMR,Bond Dissociation Energies,Thermochemistry,MACE-OMOL-0-4M,-23.20999914168056,-14.881818702198274,8.328180439482285,8.328180439482285,single_atom
HAT707_550,HAT707nonMR,Bond Dissociation Energies,Thermochemistry,MACE-OMOL-0-4M,-58.02999784969072,-45.24566897975769,12.784328869933034,12.784328869933034,single_atom
HAT707_551,HAT707nonMR,Bond Dissociation Energies,Thermochemistry,MACE-OMOL-0-4M,-65.00999720035286,-65.5601858665596,-0.5501886662067506,0.5501886662067506,single_atom
HAT707_552,HAT707nonMR,Bond Dissociation Energies,Thermochemistry,MACE-OMOL-0-4M,-69.50999690578877,-64.87663342886191,4.63336347692686,4.63336347692686,single_atom
HAT707_553,HAT707nonMR,Bond Dissociation Energies,Thermochemistry,MACE-OMOL-0-4M,-63.25999752407538,-58.85969141712058,4.400306106954801,4.400306106954801,single_atom
HAT707_554,HAT707nonMR,Bond Dissociation Energies,Thermochemistry,MACE-OMOL-0-4M,-79.90999693619585,-96.97750013294242,-17.06750319674657,17.06750319674657,single_atom
HAT707_555,HAT707nonMR,Bond Dissociation Energies,Thermochemistry,MACE-OMOL-0-4M,-44.349998268258325,-43.42132913038696,0.928669137871367,0.928669137871367,single_atom
HAT707_556,HAT707nonMR,Bond Dissociation Energies,Thermochemistry,MACE-OMOL-0-4M,-69.91999716342167,-104.22668331111772,-34.306686147696055,34.306686147696055,single_atom
HAT707_557,HAT707nonMR,Bond Dissociation Energies,Thermochemistry,MACE-OMOL-0-4M,-119.71999490759433,-96.54808598434713,23.1719089232472,23.1719089232472,single_atom
HAT707_558,HAT707nonMR,Bond Dissociation Energies,Thermochemistry,MACE-OMOL-0-4M,-39.07999862995919,-17.10307087972382,21.976927750235372,21.976927750235372,single_atom
HAT707_559,HAT707nonMR,Bond Dissociation Energies,Thermochemistry,MACE-OMOL-0-4M,-20.87999936113364,-10.825803187555962,10.054196173577676,10.054196173577676,single_atom
HAT707_56,HAT707nonMR,Bond Dissociation Energies,Thermochemistry,MACE-OMOL-0-4M,-185.0999924016656,-172.27748791055637,12.822504491109214,12.822504491109214,single_atom
HAT707_560,HAT707nonMR,Bond Dissociation Energies,Thermochemistry,MACE-OMOL-0-4M,-68.70999699998968,-60.72347975748037,7.986517242509315,7.986517242509315,single_atom
HAT707_561,HAT707nonMR,Bond Dissociation Energies,Thermochemistry,MACE-OMOL-0-4M,-61.01999766233604,-38.77486431459215,22.245133347743888,22.245133347743888,single_atom
HAT707_562,HAT707nonMR,Bond Dissociation Energies,Thermochemistry,MACE-OMOL-0-4M,-3.049999758517045,6.232856673387076,9.28285643190412,9.28285643190412,single_atom
HAT707_563,HAT707nonMR,Bond Dissociation Energies,Thermochemistry,MACE-OMOL-0-4M,23.75999927301414,36.0452774936614,12.28527822064726,12.28527822064726,single_atom
HAT707_564,HAT707nonMR,Bond Dissociation Energies,Thermochemistry,MACE-OMOL-0-4M,-55.37999773031848,-39.52724700567174,15.85275072464674,15.85275072464674,single_atom
HAT707_57,HAT707nonMR,Bond Dissociation Energies,Thermochemistry,MACE-OMOL-0-4M,-87.99999654050376,-68.9893030467981,19.01069349370566,19.01069349370566,single_atom
HAT707_578,HAT707nonMR,Bond Dissociation Energies,Thermochemistry,MACE-OMOL-0-4M,-6.4299998468380295,-18.289806218787863,-11.859806371949833,11.859806371949833,single_atom
HAT707_579,HAT707nonMR,Bond Dissociation Energies,Thermochemistry,MACE-OMOL-0-4M,2.8799999118805024,-6.874519498073441,-9.754519409953943,9.754519409953943,single_atom
HAT707_58,HAT707nonMR,Bond Dissociation Energies,Thermochemistry,MACE-OMOL-0-4M,-84.48999656946073,-104.25205917395697,-19.762062604496236,19.762062604496236,single_atom
HAT707_589,HAT707nonMR,Bond Dissociation Energies,Thermochemistry,MACE-OMOL-0-4M,-54.05999766612167,-57.20065569904661,-3.1406580329249394,3.1406580329249394,single_atom
HAT707_59,HAT707nonMR,Bond Dissociation Energies,Thermochemistry,MACE-OMOL-0-4M,-119.12999481234624,-94.0210963860012,25.108898426345036,25.108898426345036,single_atom
HAT707_590,HAT707nonMR,Bond Dissociation Energies,Thermochemistry,MACE-OMOL-0-4M,-84.41999663261038,-112.94855881242916,-28.528562179818778,28.528562179818778,single_atom
HAT707_60,HAT707nonMR,Bond Dissociation Energies,Thermochemistry,MACE-OMOL-0-4M,-85.83999660659339,-74.1087227908807,11.731273815712683,11.731273815712683,single_atom
HAT707_61,HAT707nonMR,Bond Dissociation Energies,Thermochemistry,MACE-OMOL-0-4M,-175.50999289554568,-158.63935878401162,16.87063411153406,16.87063411153406,single_atom
HAT707_615,HAT707nonMR,Bond Dissociation Energies,Thermochemistry,MACE-OMOL-0-4M,0.0,4.410658588886343,4.410658588886343,4.410658588886343,single_atom
HAT707_616,HAT707nonMR,Bond Dissociation Energies,Thermochemistry,MACE-OMOL-0-4M,-124.72999478044932,-119.26679971897234,5.463195061476981,5.463195061476981,single_atom
HAT707_617,HAT707nonMR,Bond Dissociation Energies,Thermochemistry,MACE-OMOL-0-4M,-87.5099963550419,-85.23939714833767,2.270599206704233,2.270599206704233,single_atom
HAT707_618,HAT707nonMR,Bond Dissociation Energies,Thermochemistry,MACE-OMOL-0-4M,-191.3999923657816,-217.72980251679832,-26.329810151016716,26.329810151016716,single_atom
HAT707_62,HAT707nonMR,Bond Dissociation Energies,Thermochemistry,MACE-OMOL-0-4M,-152.51999355539476,-172.57172558867524,-20.051732033280473,20.051732033280473,single_atom
HAT707_620,HAT707nonMR,Bond Dissociation Energies,Thermochemistry,MACE-OMOL-0-4M,-9.13999991208199,-36.08029020405708,-26.94029029197509,26.94029029197509,single_atom
HAT707_621,HAT707nonMR,Bond Dissociation Energies,Thermochemistry,MACE-OMOL-0-4M,-82.66999632882344,-112.82279245913516,-30.152796130311714,30.152796130311714,single_atom
HAT707_622,HAT707nonMR,Bond Dissociation Energies,Thermochemistry,MACE-OMOL-0-4M,-63.59999721734846,-39.95536977011195,23.64462744723651,23.64462744723651,single_atom
HAT707_623,HAT707nonMR,Bond Dissociation Energies,Thermochemistry,MACE-OMOL-0-4M,-112.33999529027788,-80.39553468754319,31.944460602734694,31.944460602734694,single_atom
HAT707_63,HAT707nonMR,Bond Dissociation Energies,Thermochemistry,MACE-OMOL-0-4M,-146.09999369953536,-138.6098465134338,7.490147186101552,7.490147186101552,single_atom
HAT707_64,HAT707nonMR,Bond Dissociation Energies,Thermochemistry,MACE-OMOL-0-4M,-97.12999583409766,-109.48025183974676,-12.3502560056491,12.3502560056491,single_atom
HAT707_642,HAT707nonMR,Bond Dissociation Energies,Thermochemistry,MACE-OMOL-0-4M,-91.25999610957184,-110.56681563014384,-19.30681952057199,19.30681952057199,single_atom
HAT707_644,HAT707nonMR,Bond Dissociation Energies,Thermochemistry,MACE-OMOL-0-4M,-81.27999632777627,-117.81599880831912,-36.53600248054285,36.53600248054285,single_atom
HAT707_645,HAT707nonMR,Bond Dissociation Energies,Thermochemistry,MACE-OMOL-0-4M,39.48999826008261,45.72681720702339,6.2368189469407795,6.2368189469407795,single_atom
HAT707_646,HAT707nonMR,Bond Dissociation Energies,Thermochemistry,MACE-OMOL-0-4M,-131.06999470847975,-110.13740148154854,20.932593226931218,20.932593226931218,single_atom
HAT707_647,HAT707nonMR,Bond Dissociation Energies,Thermochemistry,MACE-OMOL-0-4M,-7.129999842850914,-22.73620230073074,-15.606202457879824,15.606202457879824,single_atom
HAT707_65,HAT707nonMR,Bond Dissociation Energies,Thermochemistry,MACE-OMOL-0-4M,-98.24999607872208,-130.37018890592606,-32.12019282720398,32.12019282720398,single_atom
HAT707_651,HAT707nonMR,Bond Dissociation Energies,Thermochemistry,MACE-OMOL-0-4M,-58.13999775045554,-45.64938381270753,12.490613937748009,12.490613937748009,single_atom
HAT707_652,HAT707nonMR,Bond Dissociation Energies,Thermochemistry,MACE-OMOL-0-4M,-0.7299999689487457,-0.185048244463003,0.5449517244857427,0.5449517244857427,single_atom
HAT707_653,HAT707nonMR,Bond Dissociation Energies,Thermochemistry,MACE-OMOL-0-4M,-3.779999727465791,6.047808429007967,9.827808156473758,9.827808156473758,single_atom
HAT707_654,HAT707nonMR,Bond Dissociation Energies,Thermochemistry,MACE-OMOL-0-4M,-11.349999800885463,-13.589315497159475,-2.239315696274012,2.239315696274012,single_atom
HAT707_655,HAT707nonMR,Bond Dissociation Energies,Thermochemistry,MACE-OMOL-0-4M,12.399999481150058,22.455961996522905,10.055962515372848,10.055962515372848,single_atom
HAT707_656,HAT707nonMR,Bond Dissociation Energies,Thermochemistry,MACE-OMOL-0-4M,-52.499997818437976,-46.40176650378712,6.098231314650853,6.098231314650853,single_atom
HAT707_657,HAT707nonMR,Bond Dissociation Energies,Thermochemistry,MACE-OMOL-0-4M,-129.79999459917607,-157.982339926844,-28.182345327667917,28.182345327667917,single_atom
HAT707_66,HAT707nonMR,Bond Dissociation Energies,Thermochemistry,MACE-OMOL-0-4M,13.309999287713968,21.5340266859982,8.224027398284232,8.224027398284232,single_atom
HAT707_67,HAT707nonMR,Bond Dissociation Energies,Thermochemistry,MACE-OMOL-0-4M,-49.04999779326665,-35.61113781944446,13.43885997382219,13.43885997382219,single_atom
HAT707_68,HAT707nonMR,Bond Dissociation Energies,Thermochemistry,MACE-OMOL-0-4M,-15.119999537372635,15.02311262730362,30.143112164676253,30.143112164676253,single_atom
HAT707_69,HAT707nonMR,Bond Dissociation Energies,Thermochemistry,MACE-OMOL-0-4M,-90.20999642930724,-56.41417881081313,33.79581761849411,33.79581761849411,single_atom
HAT707_70,HAT707nonMR,Bond Dissociation Energies,Thermochemistry,MACE-OMOL-0-4M,-22.13999885194925,16.873477129500465,39.013475981449716,39.013475981449716,single_atom
HAT707_73,HAT707nonMR,Bond Dissociation Energies,Thermochemistry,MACE-OMOL-0-4M,71.08999706128031,77.90866012827938,6.818663066999065,6.818663066999065,single_atom
HAT707_74,HAT707nonMR,Bond Dissociation Energies,Thermochemistry,MACE-OMOL-0-4M,10.329999466047262,20.56650869487132,10.236509228824058,10.236509228824058,single_atom
HAT707_75,HAT707nonMR,Bond Dissociation Energies,Thermochemistry,MACE-OMOL-0-4M,38.87999818287731,45.158076928133575,6.278078745256266,6.278078745256266,single_atom
HAT707_76,HAT707nonMR,Bond Dissociation Energies,Thermochemistry,MACE-OMOL-0-4M,-16.26999912742343,-6.962111549729015,9.307887577694412,9.307887577694412,single_atom
HAT707_77,HAT707nonMR,Bond Dissociation Energies,Thermochemistry,MACE-OMOL-0-4M,-30.849998524441105,-35.89899134393614,-5.048992819495034,5.048992819495034,single_atom
HAT707_78,HAT707nonMR,Bond Dissociation Energies,Thermochemistry,MACE-OMOL-0-4M,-57.28999788976335,-40.85172655737225,16.438271332391096,16.438271332391096,single_atom
HAT707_79,HAT707nonMR,Bond Dissociation Energies,Thermochemistry,MACE-OMOL-0-4M,-64.2799972314041,-47.96549577015978,16.31450146124432,16.31450146124432,single_atom
HAT707_80,HAT707nonMR,Bond Dissociation Energies,Thermochemistry,MACE-OMOL-0-4M,13.829999446111689,18.1195104533036,4.289511007191912,4.289511007191912,single_atom
HAT707_81,HAT707nonMR,Bond Dissociation Energies,Thermochemistry,MACE-OMOL-0-4M,-66.70999754924671,-50.9566374408466,15.75336010840011,15.75336010840011,single_atom
HAT707_82,HAT707nonMR,Bond Dissociation Energies,Thermochemistry,MACE-OMOL-0-4M,-59.45999781465235,-43.12718930629267,16.332808508359676,16.332808508359676,single_atom
HAT707_83,HAT707nonMR,Bond Dissociation Energies,Thermochemistry,MACE-OMOL-0-4M,-53.98999772927132,-34.80652306912003,19.18347466015129,19.18347466015129,single_atom
HAT707_84,HAT707nonMR,Bond Dissociation Energies,Thermochemistry,MACE-OMOL-0-4M,-43.07999815895462,-26.52689916658461,16.553098992370014,16.553098992370014,single_atom
HAT707_85,HAT707nonMR,Bond Dissociation Energies,Thermochemistry,MACE-OMOL-0-4M,9.329999740675772,18.803062891043247,9.473063150367475,9.473063150367475,single_atom
HAT707_86,HAT707nonMR,Bond Dissociation Energies,Thermochemistry,MACE-OMOL-0-4M,-130.55999454106066,-116.67852767194782,13.881466869112842,13.881466869112842,single_atom
HAT707_87,HAT707nonMR,Bond Dissociation Energies,Thermochemistry,MACE-OMOL-0-4M,-33.389998743048515,-15.646822968048893,17.74317577499962,17.74317577499962,single_atom
HAT707_88,HAT707nonMR,Bond Dissociation Energies,Thermochemistry,MACE-OMOL-0-4M,-135.5199944590226,-122.57811333942206,12.941881119600538,12.941881119600538,single_atom
HAT707_89,HAT707nonMR,Bond Dissociation Energies,Thermochemistry,MACE-OMOL-0-4M,15.579999122389165,24.82000490282652,9.240005780437354,9.240005780437354,single_atom
HAT707_90,HAT707nonMR,Bond Dissociation Energies,Thermochemistry,MACE-OMOL-0-4M,2.969999830688084,22.53242416157065,19.562424330882564,19.562424330882564,single_atom
HAT707_91,HAT707nonMR,Bond Dissociation Energies,Thermochemistry,MACE-OMOL-0-4M,-1.0699996622218313,-13.297803813058245,-12.227804150836413,12.227804150836413,single_atom
HAT707_92,HAT707nonMR,Bond Dissociation Energies,Thermochemistry,MACE-OMOL-0-4M,-68.78999692781865,-54.26870165024889,14.521295277569756,14.521295277569756,single_atom
HAT707_93,HAT707nonMR,Bond Dissociation Energies,Thermochemistry,MACE-OMOL-0-4M,3.400000070278225,11.372105022481716,7.972104952203491,7.972104952203491,single_atom
HAT707_94,HAT707nonMR,Bond Dissociation Energies,Thermochemistry,MACE-OMOL-0-4M,8.919999483042872,-20.546986991233524,-29.466986474276396,29.466986474276396,single_atom
HAT707_95,HAT707nonMR,Bond Dissociation Energies,Thermochemistry,MACE-OMOL-0-4M,-48.499998289442544,-27.673144428650566,20.826853860791978,20.826853860791978,single_atom
HAT707_96,HAT707nonMR,Bond Dissociation Energies,Thermochemistry,MACE-OMOL-0-4M,-40.87999826112976,-12.868389664462931,28.011608596666825,28.011608596666825,single_atom
HAT707_97,HAT707nonMR,Bond Dissociation Energies,Thermochemistry,MACE-OMOL-0-4M,-97.51999610977332,-62.48157090246871,35.038425207304606,35.038425207304606,single_atom
HAT707_98,HAT707nonMR,Bond Dissociation Energies,Thermochemistry,MACE-OMOL-0-4M,-20.81999941526192,-61.88068548193632,-41.0606860666744,41.0606860666744,single_atom
HAT707_99,HAT707nonMR,Bond Dissociation Energies,Thermochemistry,MACE-OMOL-0-4M,-22.7199989562187,-40.28359874752162,-17.563599791302924,17.563599791302924,single_atom
HAT707_1,HAT707nonMR,Bond Dissociation Energies,Thermochemistry,MACE-POLAR-1-L,26.54999863857759,22.659115130884818,-3.8908835076927737,3.8908835076927737,single_atom
HAT707_100,HAT707nonMR,Bond Dissociation Energies,Thermochemistry,MACE-POLAR-1-L,5.409999511999825,9.599798193774271,4.189798681774446,4.189798681774446,single_atom
HAT707_101,HAT707nonMR,Bond Dissociation Energies,Thermochemistry,MACE-POLAR-1-L,2.6800000923080995,2.542820773003545,-0.13717931930455451,0.13717931930455451,single_atom
HAT707_102,HAT707nonMR,Bond Dissociation Energies,Thermochemistry,MACE-POLAR-1-L,20.889999352112262,22.5517884460816,1.661789093969336,1.661789093969336,single_atom
HAT707_104,HAT707nonMR,Bond Dissociation Energies,Thermochemistry,MACE-POLAR-1-L,-26.94999890523187,-24.87655732561641,2.0734415796154586,2.0734415796154586,single_atom
HAT707_105,HAT707nonMR,Bond Dissociation Energies,Thermochemistry,MACE-POLAR-1-L,-52.06999757884783,-48.11111381418436,3.958883764663476,3.958883764663476,single_atom
HAT707_106,HAT707nonMR,Bond Dissociation Energies,Thermochemistry,MACE-POLAR-1-L,-38.72999831819801,-24.8920384825886,13.837959835609407,13.837959835609407,single_atom
HAT707_107,HAT707nonMR,Bond Dissociation Energies,Thermochemistry,MACE-POLAR-1-L,-19.25999894006875,-14.771520934943428,4.488478005125323,4.488478005125323,single_atom
HAT707_110,HAT707nonMR,Bond Dissociation Energies,Thermochemistry,MACE-POLAR-1-L,-16.519999529398408,-7.714543514172702,8.805456015225706,8.805456015225706,single_atom
HAT707_111,HAT707nonMR,Bond Dissociation Energies,Thermochemistry,MACE-POLAR-1-L,47.74999833853655,47.102570323204006,-0.6474280153325438,0.6474280153325438,single_atom
HAT707_112,HAT707nonMR,Bond Dissociation Energies,Thermochemistry,MACE-POLAR-1-L,44.69999795251003,44.759066492542736,0.059068540032704675,0.059068540032704675,single_atom
HAT707_113,HAT707nonMR,Bond Dissociation Energies,Thermochemistry,MACE-POLAR-1-L,78.83999674091037,75.91518452924754,-2.9248122116628252,2.9248122116628252,single_atom
HAT707_114,HAT707nonMR,Bond Dissociation Energies,Thermochemistry,MACE-POLAR-1-L,102.59999575871892,103.11477102670791,0.5147752679889948,0.5147752679889948,single_atom
HAT707_115,HAT707nonMR,Bond Dissociation Energies,Thermochemistry,MACE-POLAR-1-L,-13.619999635560664,-1.6574819940206489,11.962517641540014,11.962517641540014,single_atom
HAT707_116,HAT707nonMR,Bond Dissociation Energies,Thermochemistry,MACE-POLAR-1-L,-145.38999371254386,-148.70751877357884,-3.317525061034985,3.317525061034985,single_atom
HAT707_118,HAT707nonMR,Bond Dissociation Energies,Thermochemistry,MACE-POLAR-1-L,17.62999915553472,11.6528224177762,-5.977176737758519,5.977176737758519,single_atom
HAT707_12,HAT707nonMR,Bond Dissociation Energies,Thermochemistry,MACE-POLAR-1-L,48.4799983074853,47.04795004065765,-1.4320482668276497,1.4320482668276497,single_atom
HAT707_127,HAT707nonMR,Bond Dissociation Energies,Thermochemistry,MACE-POLAR-1-L,242.7099899668493,232.9408097568449,-9.769180210004379,9.769180210004379,single_atom
HAT707_128,HAT707nonMR,Bond Dissociation Energies,Thermochemistry,MACE-POLAR-1-L,194.27999227766205,185.7464200194176,-8.533572258244448,8.533572258244448,single_atom
HAT707_13,HAT707nonMR,Bond Dissociation Energies,Thermochemistry,MACE-POLAR-1-L,90.18999627172391,87.48697076985952,-2.7030255018643885,2.7030255018643885,single_atom
HAT707_131,HAT707nonMR,Bond Dissociation Energies,Thermochemistry,MACE-POLAR-1-L,184.5899923694152,176.4810972193854,-8.10889515002981,8.10889515002981,single_atom
HAT707_132,HAT707nonMR,Bond Dissociation Energies,Thermochemistry,MACE-POLAR-1-L,74.28999692899828,54.114590802710055,-20.175406126288223,20.175406126288223,single_atom
HAT707_133,HAT707nonMR,Bond Dissociation Energies,Thermochemistry,MACE-POLAR-1-L,217.359991014768,210.06586497982144,-7.294126034946572,7.294126034946572,single_atom
HAT707_134,HAT707nonMR,Bond Dissociation Energies,Thermochemistry,MACE-POLAR-1-L,63.24999738537037,44.29294223311618,-18.957055152254192,18.957055152254192,single_atom
HAT707_135,HAT707nonMR,Bond Dissociation Energies,Thermochemistry,MACE-POLAR-1-L,152.96999367652305,143.6407065448492,-9.329287131673851,9.329287131673851,single_atom
HAT707_136,HAT707nonMR,Bond Dissociation Energies,Thermochemistry,MACE-POLAR-1-L,44.229998376514885,23.888603727837125,-20.34139464867776,20.34139464867776,single_atom
HAT707_137,HAT707nonMR,Bond Dissociation Energies,Thermochemistry,MACE-POLAR-1-L,26.039999098667963,3.812968522229176,-22.227030576438786,22.227030576438786,single_atom
HAT707_138,HAT707nonMR,Bond Dissociation Energies,Thermochemistry,MACE-POLAR-1-L,138.40999427840475,127.10993386803912,-11.300060410365631,11.300060410365631,single_atom
HAT707_139,HAT707nonMR,Bond Dissociation Energies,Thermochemistry,MACE-POLAR-1-L,82.66999658258575,62.008812591837966,-20.661183990747787,20.661183990747787,single_atom
HAT707_14,HAT707nonMR,Bond Dissociation Energies,Thermochemistry,MACE-POLAR-1-L,42.04999846064728,53.04802003380012,10.99802157315284,10.99802157315284,single_atom
HAT707_140,HAT707nonMR,Bond Dissociation Energies,Thermochemistry,MACE-POLAR-1-L,28.609998662701766,21.429850576278888,-7.180148086422879,7.180148086422879,single_atom
HAT707_141,HAT707nonMR,Bond Dissociation Energies,Thermochemistry,MACE-POLAR-1-L,106.97999557765864,96.11029375688268,-10.869701820775958,10.869701820775958,single_atom
HAT707_142,HAT707nonMR,Bond Dissociation Energies,Thermochemistry,MACE-POLAR-1-L,209.17999135291325,198.8272081055474,-10.352783247365835,10.352783247365835,single_atom
HAT707_143,HAT707nonMR,Bond Dissociation Energies,Thermochemistry,MACE-POLAR-1-L,172.29999287745918,162.18439357328006,-10.115599304179113,10.115599304179113,single_atom
HAT707_144,HAT707nonMR,Bond Dissociation Energies,Thermochemistry,MACE-POLAR-1-L,166.64999311101909,158.28624469795884,-8.36374841306025,8.36374841306025,single_atom
HAT707_145,HAT707nonMR,Bond Dissociation Energies,Thermochemistry,MACE-POLAR-1-L,127.99999470873362,115.96591571024592,-12.0340789984877,12.0340789984877,single_atom
HAT707_146,HAT707nonMR,Bond Dissociation Energies,Thermochemistry,MACE-POLAR-1-L,80.29999668055672,73.69677257356578,-6.603224106990936,6.603224106990936,single_atom
HAT707_147,HAT707nonMR,Bond Dissociation Energies,Thermochemistry,MACE-POLAR-1-L,86.19999643666293,78.090088709374,-8.109907727288928,8.109907727288928,single_atom
HAT707_148,HAT707nonMR,Bond Dissociation Energies,Thermochemistry,MACE-POLAR-1-L,80.69999666402163,72.62448063133297,-8.075516032688654,8.075516032688654,single_atom
HAT707_149,HAT707nonMR,Bond Dissociation Energies,Thermochemistry,MACE-POLAR-1-L,145.95999382583466,136.5508677305748,-9.409126095259865,9.409126095259865,single_atom
HAT707_15,HAT707nonMR,Bond Dissociation Energies,Thermochemistry,MACE-POLAR-1-L,41.759998094757805,40.2925810324637,-1.4674170622941034,1.4674170622941034,single_atom
HAT707_150,HAT707nonMR,Bond Dissociation Energies,Thermochemistry,MACE-POLAR-1-L,97.86999595424828,90.91943217275414,-6.9505637814941394,6.9505637814941394,single_atom
HAT707_151,HAT707nonMR,Bond Dissociation Energies,Thermochemistry,MACE-POLAR-1-L,8.399999952154623,2.718086445541658,-5.681913506612965,5.681913506612965,single_atom
HAT707_152,HAT707nonMR,Bond Dissociation Energies,Thermochemistry,MACE-POLAR-1-L,75.80999686990474,65.86368290332794,-9.946313966576795,9.946313966576795,single_atom
HAT707_153,HAT707nonMR,Bond Dissociation Energies,Thermochemistry,MACE-POLAR-1-L,64.52999733245754,53.21470386990046,-11.31529346255708,11.31529346255708,single_atom
HAT707_154,HAT707nonMR,Bond Dissociation Energies,Thermochemistry,MACE-POLAR-1-L,63.65999736842143,53.64120098677756,-10.018796381643867,10.018796381643867,single_atom
HAT707_155,HAT707nonMR,Bond Dissociation Energies,Thermochemistry,MACE-POLAR-1-L,96.19999602328237,86.02662138423493,-10.173374639047438,10.173374639047438,single_atom
HAT707_156,HAT707nonMR,Bond Dissociation Energies,Thermochemistry,MACE-POLAR-1-L,129.30999465458058,121.27418353973933,-8.035811114841252,8.035811114841252,single_atom
HAT707_157,HAT707nonMR,Bond Dissociation Energies,Thermochemistry,MACE-POLAR-1-L,66.67999694880136,68.60067860495813,1.9206816561567734,1.9206816561567734,single_atom
HAT707_158,HAT707nonMR,Bond Dissociation Energies,Thermochemistry,MACE-POLAR-1-L,-47.84999824832275,-70.082261475899,-22.232263227576254,22.232263227576254,single_atom
HAT707_159,HAT707nonMR,Bond Dissociation Energies,Thermochemistry,MACE-POLAR-1-L,97.79999595714196,86.66181871576136,-11.138177241380603,11.138177241380603,single_atom
HAT707_160,HAT707nonMR,Bond Dissociation Energies,Thermochemistry,MACE-POLAR-1-L,-31.0599989625016,-45.31982212417849,-14.259823161676895,14.259823161676895,single_atom
HAT707_162,HAT707nonMR,Bond Dissociation Energies,Thermochemistry,MACE-POLAR-1-L,223.6099907564051,213.96988986699705,-9.640100889408046,9.640100889408046,single_atom
HAT707_163,HAT707nonMR,Bond Dissociation Energies,Thermochemistry,MACE-POLAR-1-L,94.8199960803291,84.58057643397281,-10.239419646356296,10.239419646356296,single_atom
HAT707_164,HAT707nonMR,Bond Dissociation Energies,Thermochemistry,MACE-POLAR-1-L,191.39999208790343,181.76091540885,-9.639076679053431,9.639076679053431,single_atom
HAT707_165,HAT707nonMR,Bond Dissociation Energies,Thermochemistry,MACE-POLAR-1-L,136.24999436769463,129.17726349418018,-7.072730873514445,7.072730873514445,single_atom
HAT707_166,HAT707nonMR,Bond Dissociation Energies,Thermochemistry,MACE-POLAR-1-L,67.40999721340434,46.16913950824042,-21.24085770516392,21.24085770516392,single_atom
HAT707_167,HAT707nonMR,Bond Dissociation Energies,Thermochemistry,MACE-POLAR-1-L,4.909999963068817,-1.97722053235488,-6.887220495423697,6.887220495423697,single_atom
HAT707_168,HAT707nonMR,Bond Dissociation Energies,Thermochemistry,MACE-POLAR-1-L,0.4100002576329006,-10.827524640882164,-11.237524898515064,11.237524898515064,single_atom
HAT707_169,HAT707nonMR,Bond Dissociation Energies,Thermochemistry,MACE-POLAR-1-L,6.659999639346293,1.742181406195325,-4.917818233150968,4.917818233150968,single_atom
HAT707_170,HAT707nonMR,Bond Dissociation Energies,Thermochemistry,MACE-POLAR-1-L,-9.989999772774176,-7.624205376162052,2.3657943966121247,2.3657943966121247,single_atom
HAT707_171,HAT707nonMR,Bond Dissociation Energies,Thermochemistry,MACE-POLAR-1-L,-49.79999774417263,-61.43402471183118,-11.63402696765855,11.63402696765855,single_atom
HAT707_172,HAT707nonMR,Bond Dissociation Energies,Thermochemistry,MACE-POLAR-1-L,75.53999687732633,50.09405358991183,-25.4459432874145,25.4459432874145,single_atom
HAT707_173,HAT707nonMR,Bond Dissociation Energies,Thermochemistry,MACE-POLAR-1-L,89.89999628371187,84.18348881016104,-5.716507473550834,5.716507473550834,single_atom
HAT707_174,HAT707nonMR,Bond Dissociation Energies,Thermochemistry,MACE-POLAR-1-L,155.19999358433947,147.99665975995745,-7.203333824382014,7.203333824382014,single_atom
HAT707_175,HAT707nonMR,Bond Dissociation Energies,Thermochemistry,MACE-POLAR-1-L,173.39999283198716,168.00562743307745,-5.394365398909713,5.394365398909713,single_atom
HAT707_177,HAT707nonMR,Bond Dissociation Energies,Thermochemistry,MACE-POLAR-1-L,125.56999480918508,120.57728166133752,-4.992713147847553,4.992713147847553,single_atom
HAT707_178,HAT707nonMR,Bond Dissociation Energies,Thermochemistry,MACE-POLAR-1-L,32.41999836310342,26.472576802160454,-5.9474215609429635,5.9474215609429635,single_atom
HAT707_179,HAT707nonMR,Bond Dissociation Energies,Thermochemistry,MACE-POLAR-1-L,45.749998260284094,49.69165213375621,3.941653873472113,3.941653873472113,single_atom
HAT707_18,HAT707nonMR,Bond Dissociation Energies,Thermochemistry,MACE-POLAR-1-L,32.06999867885171,31.02725823240003,-1.0427404464516812,1.0427404464516812,single_atom
HAT707_180,HAT707nonMR,Bond Dissociation Energies,Thermochemistry,MACE-POLAR-1-L,133.25999449129563,130.6823180520105,-2.577676439285142,2.577676439285142,single_atom
HAT707_183,HAT707nonMR,Bond Dissociation Energies,Thermochemistry,MACE-POLAR-1-L,67.96999704006231,66.86914710221406,-1.1008499378482526,1.1008499378482526,single_atom
HAT707_184,HAT707nonMR,Bond Dissociation Energies,Thermochemistry,MACE-POLAR-1-L,69.91999710964599,64.90889181612843,-5.011105293517559,5.011105293517559,single_atom
HAT707_185,HAT707nonMR,Bond Dissociation Energies,Thermochemistry,MACE-POLAR-1-L,93.67999612745452,92.1084783136098,-1.5715178138447214,1.5715178138447214,single_atom
HAT707_186,HAT707nonMR,Bond Dissociation Energies,Thermochemistry,MACE-POLAR-1-L,138.89999425814892,143.79635699294374,4.89636273479482,4.89636273479482,single_atom
HAT707_187,HAT707nonMR,Bond Dissociation Energies,Thermochemistry,MACE-POLAR-1-L,-47.12999827035263,-69.66262898983307,-22.532630719480437,22.532630719480437,single_atom
HAT707_19,HAT707nonMR,Bond Dissociation Energies,Thermochemistry,MACE-POLAR-1-L,-23.959999092586543,-24.93029898104096,-0.9702998884544165,0.9702998884544165,single_atom
HAT707_193,HAT707nonMR,Bond Dissociation Energies,Thermochemistry,MACE-POLAR-1-L,94.01999611339927,96.39149527073414,2.371499157334867,2.371499157334867,single_atom
HAT707_194,HAT707nonMR,Bond Dissociation Energies,Thermochemistry,MACE-POLAR-1-L,135.72999438919072,136.83051599996747,1.1005216107767524,1.1005216107767524,single_atom
HAT707_195,HAT707nonMR,Bond Dissociation Energies,Thermochemistry,MACE-POLAR-1-L,87.29999639119096,89.63612626254017,2.3361298713492147,2.3361298713492147,single_atom
HAT707_197,HAT707nonMR,Bond Dissociation Energies,Thermochemistry,MACE-POLAR-1-L,77.60999679175653,80.37080346250796,2.7608066707514354,2.7608066707514354,single_atom
HAT707_198,HAT707nonMR,Bond Dissociation Energies,Thermochemistry,MACE-POLAR-1-L,121.42999498032408,123.77721979253786,2.3472248122137813,2.3472248122137813,single_atom
HAT707_199,HAT707nonMR,Bond Dissociation Energies,Thermochemistry,MACE-POLAR-1-L,110.37999543710936,113.955571222944,3.575575785834644,3.575575785834644,single_atom
HAT707_20,HAT707nonMR,Bond Dissociation Energies,Thermochemistry,MACE-POLAR-1-L,64.83999731964255,64.61202599283605,-0.22797132680649668,0.22797132680649668,single_atom
HAT707_200,HAT707nonMR,Bond Dissociation Energies,Thermochemistry,MACE-POLAR-1-L,45.98999804377098,47.53041278797176,1.5404147442007812,1.5404147442007812,single_atom
HAT707_201,HAT707nonMR,Bond Dissociation Energies,Thermochemistry,MACE-POLAR-1-L,91.36999622294502,93.55123271768592,2.181236494740901,2.181236494740901,single_atom
HAT707_202,HAT707nonMR,Bond Dissociation Energies,Thermochemistry,MACE-POLAR-1-L,73.1699969752973,73.47559751205699,0.3056005367596981,0.3056005367596981,single_atom
HAT707_203,HAT707nonMR,Bond Dissociation Energies,Thermochemistry,MACE-POLAR-1-L,-47.49999793656158,-59.178851466672754,-11.678853530111176,11.678853530111176,single_atom
HAT707_204,HAT707nonMR,Bond Dissociation Energies,Thermochemistry,MACE-POLAR-1-L,31.42999862871055,30.99964011116169,-0.4303585175488607,0.4303585175488607,single_atom
HAT707_205,HAT707nonMR,Bond Dissociation Energies,Thermochemistry,MACE-POLAR-1-L,129.79999463432537,131.6714415816658,1.8714469473404165,1.8714469473404165,single_atom
HAT707_206,HAT707nonMR,Bond Dissociation Energies,Thermochemistry,MACE-POLAR-1-L,75.73999686905847,91.0924795661067,15.35248269704823,15.35248269704823,single_atom
HAT707_207,HAT707nonMR,Bond Dissociation Energies,Thermochemistry,MACE-POLAR-1-L,102.19999577525464,102.71691434866996,0.5169185734153245,0.5169185734153245,single_atom
HAT707_208,HAT707nonMR,Bond Dissociation Energies,Thermochemistry,MACE-POLAR-1-L,65.30999730021375,66.07409981640262,0.7641025161888706,0.7641025161888706,single_atom
HAT707_209,HAT707nonMR,Bond Dissociation Energies,Thermochemistry,MACE-POLAR-1-L,59.65999763422474,62.17595094108142,2.51595330685668,2.51595330685668,single_atom
HAT707_21,HAT707nonMR,Bond Dissociation Energies,Thermochemistry,MACE-POLAR-1-L,-35.00999853660394,-34.75194755063483,0.25805098596910625,0.25805098596910625,single_atom
HAT707_210,HAT707nonMR,Bond Dissociation Energies,Thermochemistry,MACE-POLAR-1-L,91.84999620310305,78.3345678880238,-13.515428315079248,13.515428315079248,single_atom
HAT707_211,HAT707nonMR,Bond Dissociation Energies,Thermochemistry,MACE-POLAR-1-L,21.009999243855702,19.855621953368487,-1.154377290487215,1.154377290487215,single_atom
HAT707_212,HAT707nonMR,Bond Dissociation Energies,Thermochemistry,MACE-POLAR-1-L,-26.679999148809127,-22.413521183311648,4.266477965497479,4.266477965497479,single_atom
HAT707_213,HAT707nonMR,Bond Dissociation Energies,Thermochemistry,MACE-POLAR-1-L,-51.459998129152005,-61.93854940541792,-10.478551276265918,10.478551276265918,single_atom
HAT707_214,HAT707nonMR,Bond Dissociation Energies,Thermochemistry,MACE-POLAR-1-L,-20.77999945134744,-18.02020504750343,2.7597944038440083,2.7597944038440083,single_atom
HAT707_215,HAT707nonMR,Bond Dissociation Energies,Thermochemistry,MACE-POLAR-1-L,22.54999910958216,10.533654337252107,-12.016344772330052,12.016344772330052,single_atom
HAT707_216,HAT707nonMR,Bond Dissociation Energies,Thermochemistry,MACE-POLAR-1-L,-26.27999888215485,-23.485813125544453,2.7941857566103963,2.7941857566103963,single_atom
HAT707_217,HAT707nonMR,Bond Dissociation Energies,Thermochemistry,MACE-POLAR-1-L,48.14999797768136,38.429366007890366,-9.720631969790993,9.720631969790993,single_atom
HAT707_218,HAT707nonMR,Bond Dissociation Energies,Thermochemistry,MACE-POLAR-1-L,16.989999105393554,6.26384041868029,-10.726158686713266,10.726158686713266,single_atom
HAT707_219,HAT707nonMR,Bond Dissociation Energies,Thermochemistry,MACE-POLAR-1-L,38.97999809266351,40.44057397369736,1.4605758810338543,1.4605758810338543,single_atom
HAT707_22,HAT707nonMR,Bond Dissociation Energies,Thermochemistry,MACE-POLAR-1-L,0.4500002215473813,-1.813132442136176,-2.2631326636835576,2.2631326636835576,single_atom
HAT707_220,HAT707nonMR,Bond Dissociation Energies,Thermochemistry,MACE-POLAR-1-L,-9.109999311636654,-5.190861584123294,3.9191377275133608,3.9191377275133608,single_atom
HAT707_222,HAT707nonMR,Bond Dissociation Energies,Thermochemistry,MACE-POLAR-1-L,-31.169998863266425,-30.246610853549488,0.9233880097169376,0.9233880097169376,single_atom
HAT707_223,HAT707nonMR,Bond Dissociation Energies,Thermochemistry,MACE-POLAR-1-L,39.66999809769778,28.232335081105823,-11.437663016591955,11.437663016591955,single_atom
HAT707_224,HAT707nonMR,Bond Dissociation Energies,Thermochemistry,MACE-POLAR-1-L,-42.459998090770696,-42.89558988697697,-0.43559179620627475,0.43559179620627475,single_atom
HAT707_225,HAT707nonMR,Bond Dissociation Energies,Thermochemistry,MACE-POLAR-1-L,4.820000044261236,-6.917723377833201,-11.737723422094437,11.737723422094437,single_atom
HAT707_226,HAT707nonMR,Bond Dissociation Energies,Thermochemistry,MACE-POLAR-1-L,-10.779999687594644,-10.083672372642503,0.696327314952141,0.696327314952141,single_atom
HAT707_227,HAT707nonMR,Bond Dissociation Energies,Thermochemistry,MACE-POLAR-1-L,-27.929998648646123,-38.34547393013032,-10.415475281484195,10.415475281484195,single_atom
HAT707_228,HAT707nonMR,Bond Dissociation Energies,Thermochemistry,MACE-POLAR-1-L,22.32999930805251,25.16388978286188,2.833890474809369,2.833890474809369,single_atom
HAT707_229,HAT707nonMR,Bond Dissociation Energies,Thermochemistry,MACE-POLAR-1-L,-87.96999656756792,-97.20261663381346,-9.232620066245545,9.232620066245545,single_atom
HAT707_23,HAT707nonMR,Bond Dissociation Energies,Thermochemistry,MACE-POLAR-1-L,-54.01999770220718,-55.1562860559034,-1.136288353696223,1.136288353696223,single_atom
HAT707_230,HAT707nonMR,Bond Dissociation Energies,Thermochemistry,MACE-POLAR-1-L,9.12999992110337,6.31022273764524,-2.819777183458129,2.819777183458129,single_atom
HAT707_231,HAT707nonMR,Bond Dissociation Energies,Thermochemistry,MACE-POLAR-1-L,-40.30999814783893,-27.5096151519193,12.800382995919634,12.800382995919634,single_atom
HAT707_232,HAT707nonMR,Bond Dissociation Energies,Thermochemistry,MACE-POLAR-1-L,-78.37999706144801,-74.68044318059854,3.6995538808494643,3.6995538808494643,single_atom
HAT707_233,HAT707nonMR,Bond Dissociation Energies,Thermochemistry,MACE-POLAR-1-L,-106.97999573317117,-96.1102937568722,10.86970197629897,10.86970197629897,single_atom
HAT707_234,HAT707nonMR,Bond Dissociation Energies,Thermochemistry,MACE-POLAR-1-L,-0.7099999869915055,-0.4196324860711788,0.29036750092032665,0.29036750092032665,single_atom
HAT707_235,HAT707nonMR,Bond Dissociation Energies,Thermochemistry,MACE-POLAR-1-L,47.12999827035263,69.66262898982258,22.53263071946995,22.53263071946995,single_atom
HAT707_238,HAT707nonMR,Bond Dissociation Energies,Thermochemistry,MACE-POLAR-1-L,116.62999517874648,117.85959611011958,1.2296009313730991,1.2296009313730991,single_atom
HAT707_239,HAT707nonMR,Bond Dissociation Energies,Thermochemistry,MACE-POLAR-1-L,84.41999651024416,85.6506216519726,1.2306251417284386,1.2306251417284386,single_atom
HAT707_24,HAT707nonMR,Bond Dissociation Energies,Thermochemistry,MACE-POLAR-1-L,-72.21999697103273,-75.23192126152183,-3.0119242904891053,3.0119242904891053,single_atom
HAT707_240,HAT707nonMR,Bond Dissociation Energies,Thermochemistry,MACE-POLAR-1-L,29.259998703821548,33.06696973730275,3.806971033481201,3.806971033481201,single_atom
HAT707_241,HAT707nonMR,Bond Dissociation Energies,Thermochemistry,MACE-POLAR-1-L,114.53999526514332,115.83176849806824,1.2917732329249247,1.2917732329249247,single_atom
HAT707_242,HAT707nonMR,Bond Dissociation Energies,Thermochemistry,MACE-POLAR-1-L,39.83999857184379,30.28312295788567,-9.556875613958123,9.556875613958123,single_atom
HAT707_243,HAT707nonMR,Bond Dissociation Energies,Thermochemistry,MACE-POLAR-1-L,32.84999860269356,23.170345730434583,-9.679652872258977,9.679652872258977,single_atom
HAT707_244,HAT707nonMR,Bond Dissociation Energies,Thermochemistry,MACE-POLAR-1-L,30.41999891236044,20.07826299482012,-10.341735917540323,10.341735917540323,single_atom
HAT707_245,HAT707nonMR,Bond Dissociation Energies,Thermochemistry,MACE-POLAR-1-L,37.6699986469548,27.99921738605386,-9.670781260900942,9.670781260900942,single_atom
HAT707_246,HAT707nonMR,Bond Dissociation Energies,Thermochemistry,MACE-POLAR-1-L,43.13999810482634,33.70830594496169,-9.431692159864653,9.431692159864653,single_atom
HAT707_247,HAT707nonMR,Bond Dissociation Energies,Thermochemistry,MACE-POLAR-1-L,54.04999767514305,45.6207894982253,-8.429208176917747,8.429208176917747,single_atom
HAT707_248,HAT707nonMR,Bond Dissociation Energies,Thermochemistry,MACE-POLAR-1-L,-33.429998706963005,-43.35963444517832,-9.929635738215318,9.929635738215318,single_atom
HAT707_249,HAT707nonMR,Bond Dissociation Energies,Thermochemistry,MACE-POLAR-1-L,63.73999736511453,53.11623144531144,-10.623765919803091,10.623765919803091,single_atom
HAT707_25,HAT707nonMR,Bond Dissociation Energies,Thermochemistry,MACE-POLAR-1-L,-144.62999377065924,-150.43497918668845,-5.804985416029211,5.804985416029211,single_atom
HAT707_250,HAT707nonMR,Bond Dissociation Energies,Thermochemistry,MACE-POLAR-1-L,-38.38999862492492,-52.49816542598122,-14.1081668010563,14.1081668010563,single_atom
HAT707_251,HAT707nonMR,Bond Dissociation Energies,Thermochemistry,MACE-POLAR-1-L,100.09999586206406,91.54591567195806,-8.554080190106006,8.554080190106006,single_atom
HAT707_252,HAT707nonMR,Bond Dissociation Energies,Thermochemistry,MACE-POLAR-1-L,48.6299981721646,37.868131481433245,-10.761866690731352,10.761866690731352,single_atom
HAT707_253,HAT707nonMR,Bond Dissociation Energies,Thermochemistry,MACE-POLAR-1-L,-76.6999966945114,-73.65994682029927,3.04004987421213,3.04004987421213,single_atom
HAT707_254,HAT707nonMR,Bond Dissociation Energies,Thermochemistry,MACE-POLAR-1-L,122.66999492906533,119.75668257973965,-2.913312349325679,2.913312349325679,single_atom
HAT707_255,HAT707nonMR,Bond Dissociation Energies,Thermochemistry,MACE-POLAR-1-L,48.20999792355308,51.88636600308003,3.676368079526945,3.676368079526945,single_atom
HAT707_256,HAT707nonMR,Bond Dissociation Energies,Thermochemistry,MACE-POLAR-1-L,66.41999725432856,71.89533367615807,5.47533642182951,5.47533642182951,single_atom
HAT707_257,HAT707nonMR,Bond Dissociation Energies,Thermochemistry,MACE-POLAR-1-L,18.589999544501204,24.46698790450202,5.876988360000816,5.876988360000816,single_atom
HAT707_258,HAT707nonMR,Bond Dissociation Energies,Thermochemistry,MACE-POLAR-1-L,26.27999888215485,34.572024295133055,8.292025412978205,8.292025412978205,single_atom
HAT707_259,HAT707nonMR,Bond Dissociation Energies,Thermochemistry,MACE-POLAR-1-L,31.91999881417241,47.68606323606632,15.766064421893908,15.766064421893908,single_atom
HAT707_26,HAT707nonMR,Bond Dissociation Energies,Thermochemistry,MACE-POLAR-1-L,-14.109999193513053,-18.34390511894625,-4.233905925433197,4.233905925433197,single_atom
HAT707_27,HAT707nonMR,Bond Dissociation Energies,Thermochemistry,MACE-POLAR-1-L,-15.589999113367783,-17.03607719191305,-1.446078078545268,1.446078078545268,single_atom
HAT707_270,HAT707nonMR,Bond Dissociation Energies,Thermochemistry,MACE-POLAR-1-L,62.08999732455786,48.705432034625865,-13.384565289931992,13.384565289931992,single_atom
HAT707_271,HAT707nonMR,Bond Dissociation Energies,Thermochemistry,MACE-POLAR-1-L,103.80999570870044,89.14445276389067,-14.665542944809772,14.665542944809772,single_atom
HAT707_272,HAT707nonMR,Bond Dissociation Energies,Thermochemistry,MACE-POLAR-1-L,55.37999773031848,41.95006302651581,-13.429934703802672,13.429934703802672,single_atom
HAT707_274,HAT707nonMR,Bond Dissociation Energies,Thermochemistry,MACE-POLAR-1-L,45.68999831441237,32.68474022643117,-13.005258087981204,13.005258087981204,single_atom
HAT707_275,HAT707nonMR,Bond Dissociation Energies,Thermochemistry,MACE-POLAR-1-L,14.059999238619952,-0.1556504481050403,-14.215649686724992,14.215649686724992,single_atom
HAT707_276,HAT707nonMR,Bond Dissociation Energies,Thermochemistry,MACE-POLAR-1-L,15.629999077282264,2.458753151568725,-13.171245925713539,13.171245925713539,single_atom
HAT707_277,HAT707nonMR,Bond Dissociation Energies,Thermochemistry,MACE-POLAR-1-L,-2.570000191543277,-17.61688205404971,-15.046881862506433,15.046881862506433,single_atom
HAT707_278,HAT707nonMR,Bond Dissociation Energies,Thermochemistry,MACE-POLAR-1-L,30.879998497376967,15.501591713925794,-15.378406783451172,15.378406783451172,single_atom
HAT707_279,HAT707nonMR,Bond Dissociation Energies,Thermochemistry,MACE-POLAR-1-L,-0.500000176440482,-16.686423124915116,-16.186422948474632,16.186422948474632,single_atom
HAT707_28,HAT707nonMR,Bond Dissociation Energies,Thermochemistry,MACE-POLAR-1-L,-69.64999740699892,-57.615039207477366,12.034958199521554,12.034958199521554,single_atom
HAT707_280,HAT707nonMR,Bond Dissociation Energies,Thermochemistry,MACE-POLAR-1-L,54.05999766612167,40.578962015580046,-13.481035650541621,13.481035650541621,single_atom
HAT707_281,HAT707nonMR,Bond Dissociation Energies,Thermochemistry,MACE-POLAR-1-L,-31.91999881417241,-47.68606323607156,-15.766064421899152,15.766064421899152,single_atom
HAT707_282,HAT707nonMR,Bond Dissociation Energies,Thermochemistry,MACE-POLAR-1-L,70.27999709476371,55.03085111259317,-15.249145982170546,15.249145982170546,single_atom
HAT707_283,HAT707nonMR,Bond Dissociation Energies,Thermochemistry,MACE-POLAR-1-L,33.389998743048515,18.38803658032581,-15.001962162722705,15.001962162722705,single_atom
HAT707_284,HAT707nonMR,Bond Dissociation Energies,Thermochemistry,MACE-POLAR-1-L,27.73999882005234,14.489887705004609,-13.25011111504773,13.25011111504773,single_atom
HAT707_285,HAT707nonMR,Bond Dissociation Energies,Thermochemistry,MACE-POLAR-1-L,170.229992963029,153.01501106862236,-17.214981894406634,17.214981894406634,single_atom
HAT707_286,HAT707nonMR,Bond Dissociation Energies,Thermochemistry,MACE-POLAR-1-L,-10.909999570316703,-27.83044128270832,-16.920441712391618,16.920441712391618,single_atom
HAT707_287,HAT707nonMR,Bond Dissociation Energies,Thermochemistry,MACE-POLAR-1-L,-58.59999733547206,-70.09958441938845,-11.499587083916389,11.499587083916389,single_atom
HAT707_288,HAT707nonMR,Bond Dissociation Energies,Thermochemistry,MACE-POLAR-1-L,26.91999893229601,12.741893775191112,-14.178105157104898,14.178105157104898,single_atom
HAT707_289,HAT707nonMR,Bond Dissociation Energies,Thermochemistry,MACE-POLAR-1-L,-52.69999763801037,-65.70626828358024,-13.00627064556987,13.00627064556987,single_atom
HAT707_29,HAT707nonMR,Bond Dissociation Energies,Thermochemistry,MACE-POLAR-1-L,-45.5399978222236,-49.3435452301027,-3.803547407879101,3.803547407879101,single_atom
HAT707_290,HAT707nonMR,Bond Dissociation Energies,Thermochemistry,MACE-POLAR-1-L,100.91999582816683,85.21409751785065,-15.705898310316186,15.705898310316186,single_atom
HAT707_291,HAT707nonMR,Bond Dissociation Energies,Thermochemistry,MACE-POLAR-1-L,-58.20999768730587,-71.17187636163175,-12.961878674325874,12.961878674325874,single_atom
HAT707_292,HAT707nonMR,Bond Dissociation Energies,Thermochemistry,MACE-POLAR-1-L,126.52999476950046,113.1098091884994,-13.420185581001064,13.420185581001064,single_atom
HAT707_293,HAT707nonMR,Bond Dissociation Energies,Thermochemistry,MACE-POLAR-1-L,95.35999605800664,80.94428359927883,-14.41571245872781,14.41571245872781,single_atom
HAT707_294,HAT707nonMR,Bond Dissociation Energies,Thermochemistry,MACE-POLAR-1-L,7.059999906000574,-7.245489262379449,-14.305489168380022,14.305489168380022,single_atom
HAT707_295,HAT707nonMR,Bond Dissociation Energies,Thermochemistry,MACE-POLAR-1-L,-41.029998125809065,-52.876924820189615,-11.84692669438055,11.84692669438055,single_atom
HAT707_298,HAT707nonMR,Bond Dissociation Energies,Thermochemistry,MACE-POLAR-1-L,-63.08999767743883,-77.93267408962629,-14.842676412187458,14.842676412187458,single_atom
HAT707_299,HAT707nonMR,Bond Dissociation Energies,Thermochemistry,MACE-POLAR-1-L,118.03999512046012,102.91277826170436,-15.127216858755759,15.127216858755759,single_atom
HAT707_30,HAT707nonMR,Bond Dissociation Energies,Thermochemistry,MACE-POLAR-1-L,56.6599978306008,53.37336911856203,-3.2866287120387696,3.2866287120387696,single_atom
HAT707_300,HAT707nonMR,Bond Dissociation Energies,Thermochemistry,MACE-POLAR-1-L,-74.37999690494311,-90.58165312305375,-16.201656218110642,16.201656218110642,single_atom
HAT707_301,HAT707nonMR,Bond Dissociation Energies,Thermochemistry,MACE-POLAR-1-L,17.90999953044556,3.949548853021352,-13.960450677424209,13.960450677424209,single_atom
HAT707_302,HAT707nonMR,Bond Dissociation Energies,Thermochemistry,MACE-POLAR-1-L,83.19999656067712,67.76271980290167,-15.43727675777545,15.43727675777545,single_atom
HAT707_303,HAT707nonMR,Bond Dissociation Energies,Thermochemistry,MACE-POLAR-1-L,-42.699998501767055,-57.76973560870882,-15.069737106941766,15.069737106941766,single_atom
HAT707_304,HAT707nonMR,Bond Dissociation Energies,Thermochemistry,MACE-POLAR-1-L,50.44999778529241,36.33496925047872,-14.115028534813689,14.115028534813689,single_atom
HAT707_305,HAT707nonMR,Bond Dissociation Energies,Thermochemistry,MACE-POLAR-1-L,-9.589999506119897,-22.52217345321493,-12.932173947095032,12.932173947095032,single_atom
HAT707_306,HAT707nonMR,Bond Dissociation Energies,Thermochemistry,MACE-POLAR-1-L,87.50999638250988,80.99066591825427,-6.519330464255617,6.519330464255617,single_atom
HAT707_307,HAT707nonMR,Bond Dissociation Energies,Thermochemistry,MACE-POLAR-1-L,-45.749998260284094,-49.691652133771946,-3.9416538734878515,3.9416538734878515,single_atom
HAT707_308,HAT707nonMR,Bond Dissociation Energies,Thermochemistry,MACE-POLAR-1-L,-72.22999696201134,-75.19567838798562,-2.9656814259742816,2.9656814259742816,single_atom
HAT707_309,HAT707nonMR,Bond Dissociation Energies,Thermochemistry,MACE-POLAR-1-L,-138.89999454734357,-143.796356992949,-4.896362445605433,4.896362445605433,single_atom
HAT707_31,HAT707nonMR,Bond Dissociation Energies,Thermochemistry,MACE-POLAR-1-L,19.77999909846648,16.730554586294673,-3.0494445121718066,3.0494445121718066,single_atom
HAT707_310,HAT707nonMR,Bond Dissociation Energies,Thermochemistry,MACE-POLAR-1-L,-76.4499969200459,-91.51211205217788,-15.062115132131979,15.062115132131979,single_atom
HAT707_311,HAT707nonMR,Bond Dissociation Energies,Thermochemistry,MACE-POLAR-1-L,78.37999675992594,74.6804431805933,-3.699553579332644,3.699553579332644,single_atom
HAT707_312,HAT707nonMR,Bond Dissociation Energies,Thermochemistry,MACE-POLAR-1-L,-28.609998662701766,-21.42985057628413,7.180148086417635,7.180148086417635,single_atom
HAT707_313,HAT707nonMR,Bond Dissociation Energies,Thermochemistry,MACE-POLAR-1-L,52.04999759689059,36.97016658200514,-15.07983101488545,15.07983101488545,single_atom
HAT707_314,HAT707nonMR,Bond Dissociation Energies,Thermochemistry,MACE-POLAR-1-L,-57.16999737051044,-81.19743872242341,-24.027441351912977,24.027441351912977,single_atom
HAT707_318,HAT707nonMR,Bond Dissociation Energies,Thermochemistry,MACE-POLAR-1-L,84.70999649825619,70.17353287404278,-14.536463624213411,14.536463624213411,single_atom
HAT707_319,HAT707nonMR,Bond Dissociation Energies,Thermochemistry,MACE-POLAR-1-L,49.06999777522388,34.8889243002166,-14.181073475007281,14.181073475007281,single_atom
HAT707_32,HAT707nonMR,Bond Dissociation Energies,Thermochemistry,MACE-POLAR-1-L,14.129999175470292,12.832405710973472,-1.2975934644968206,1.2975934644968206,single_atom
HAT707_320,HAT707nonMR,Bond Dissociation Energies,Thermochemistry,MACE-POLAR-1-L,52.499997818437976,37.964558415895794,-14.535439402542181,14.535439402542181,single_atom
HAT707_321,HAT707nonMR,Bond Dissociation Energies,Thermochemistry,MACE-POLAR-1-L,-2.660000110350859,-14.619093498753085,-11.959093388402225,11.959093388402225,single_atom
HAT707_322,HAT707nonMR,Bond Dissociation Energies,Thermochemistry,MACE-POLAR-1-L,38.79999825504834,24.73928893196153,-14.060709323086808,14.060709323086808,single_atom
HAT707_323,HAT707nonMR,Bond Dissociation Energies,Thermochemistry,MACE-POLAR-1-L,118.21999500578232,104.9635661385052,-13.256428867277123,13.256428867277123,single_atom
HAT707_324,HAT707nonMR,Bond Dissociation Energies,Thermochemistry,MACE-POLAR-1-L,111.22999540197188,97.85078891105412,-13.379206490917753,13.379206490917753,single_atom
HAT707_326,HAT707nonMR,Bond Dissociation Energies,Thermochemistry,MACE-POLAR-1-L,108.78999550283716,94.75870617541868,-14.031289327418477,14.031289327418477,single_atom
HAT707_327,HAT707nonMR,Bond Dissociation Energies,Thermochemistry,MACE-POLAR-1-L,116.04999520272304,102.67966056667338,-13.370334636049662,13.370334636049662,single_atom
HAT707_328,HAT707nonMR,Bond Dissociation Energies,Thermochemistry,MACE-POLAR-1-L,121.51999497660395,108.38874912556022,-13.13124585104373,13.13124585104373,single_atom
HAT707_329,HAT707nonMR,Bond Dissociation Energies,Thermochemistry,MACE-POLAR-1-L,132.41999452601925,120.3012326787924,-12.11876184722685,12.11876184722685,single_atom
HAT707_33,HAT707nonMR,Bond Dissociation Energies,Thermochemistry,MACE-POLAR-1-L,-5.2799996292777625,-12.921559831991908,-7.641560202714146,7.641560202714146,single_atom
HAT707_331,HAT707nonMR,Bond Dissociation Energies,Thermochemistry,MACE-POLAR-1-L,44.94999835448501,31.320808735420236,-13.629189619064775,13.629189619064775,single_atom
HAT707_332,HAT707nonMR,Bond Dissociation Energies,Thermochemistry,MACE-POLAR-1-L,142.11999412504048,127.79667462604633,-14.323319498994152,14.323319498994152,single_atom
HAT707_333,HAT707nonMR,Bond Dissociation Energies,Thermochemistry,MACE-POLAR-1-L,39.989998436523095,22.182277754627812,-17.807720681895283,17.807720681895283,single_atom
HAT707_335,HAT707nonMR,Bond Dissociation Energies,Thermochemistry,MACE-POLAR-1-L,178.47999262199,166.2263588525671,-12.25363376942289,12.25363376942289,single_atom
HAT707_337,HAT707nonMR,Bond Dissociation Energies,Thermochemistry,MACE-POLAR-1-L,50.3399978845276,36.32369068091161,-14.016307203615987,14.016307203615987,single_atom
HAT707_338,HAT707nonMR,Bond Dissociation Energies,Thermochemistry,MACE-POLAR-1-L,-38.64999839036904,-62.57992152191878,-23.929923131549735,23.929923131549735,single_atom
HAT707_34,HAT707nonMR,Bond Dissociation Energies,Thermochemistry,MACE-POLAR-1-L,-24.51999921489875,-29.48792327673945,-4.9679240618407015,4.9679240618407015,single_atom
HAT707_340,HAT707nonMR,Bond Dissociation Energies,Thermochemistry,MACE-POLAR-1-L,127.00999474965847,112.5485746620318,-14.461420087626678,14.461420087626678,single_atom
HAT707_342,HAT707nonMR,Bond Dissociation Energies,Thermochemistry,MACE-POLAR-1-L,46.92999782327075,28.66420301363294,-18.265794809637814,18.265794809637814,single_atom
HAT707_343,HAT707nonMR,Bond Dissociation Energies,Thermochemistry,MACE-POLAR-1-L,44.14999844868593,34.491836676404816,-9.658161772281112,9.658161772281112,single_atom
HAT707_344,HAT707nonMR,Bond Dissociation Energies,Thermochemistry,MACE-POLAR-1-L,16.28999910938067,4.200302767097601,-12.08969634228307,12.08969634228307,single_atom
HAT707_345,HAT707nonMR,Bond Dissociation Energies,Thermochemistry,MACE-POLAR-1-L,34.49999836918484,24.209270440049814,-10.290727929135024,10.290727929135024,single_atom
HAT707_347,HAT707nonMR,Bond Dissociation Energies,Thermochemistry,MACE-POLAR-1-L,-13.329999269671209,-23.21907533160625,-9.88907606193504,9.88907606193504,single_atom
HAT707_348,HAT707nonMR,Bond Dissociation Energies,Thermochemistry,MACE-POLAR-1-L,-5.639999932017563,-13.114038940933266,-7.474039008915703,7.474039008915703,single_atom
HAT707_35,HAT707nonMR,Bond Dissociation Energies,Thermochemistry,MACE-POLAR-1-L,-72.20999698005411,-71.7570664134196,0.4529305666345209,0.4529305666345209,single_atom
HAT707_351,HAT707nonMR,Bond Dissociation Energies,Thermochemistry,MACE-POLAR-1-L,22.209998788799595,17.177494968373953,-5.032503820425642,5.032503820425642,single_atom
HAT707_352,HAT707nonMR,Bond Dissociation Energies,Thermochemistry,MACE-POLAR-1-L,5.699999877889284,-5.945449710554169,-11.645449588443453,11.645449588443453,single_atom
HAT707_353,HAT707nonMR,Bond Dissociation Energies,Thermochemistry,MACE-POLAR-1-L,2.6500001193722382,-8.288953541257388,-10.938953660629627,10.938953660629627,single_atom
HAT707_356,HAT707nonMR,Bond Dissociation Energies,Thermochemistry,MACE-POLAR-1-L,-75.7399969330544,-91.09247956609096,-15.352482633036558,15.352482633036558,single_atom
HAT707_357,HAT707nonMR,Bond Dissociation Energies,Thermochemistry,MACE-POLAR-1-L,-76.04999665339162,-80.4556558958231,-4.405659242431483,4.405659242431483,single_atom
HAT707_36,HAT707nonMR,Bond Dissociation Energies,Thermochemistry,MACE-POLAR-1-L,10.499999312683803,7.560508871657687,-2.9394904410261162,2.9394904410261162,single_atom
HAT707_369,HAT707nonMR,Bond Dissociation Energies,Thermochemistry,MACE-POLAR-1-L,-2.6500001193722382,8.288953541267876,10.938953660640115,10.938953660640115,single_atom
HAT707_37,HAT707nonMR,Bond Dissociation Energies,Thermochemistry,MACE-POLAR-1-L,-148.58999396324967,-153.19467712542314,-4.6046831621734725,4.6046831621734725,single_atom
HAT707_375,HAT707nonMR,Bond Dissociation Energies,Thermochemistry,MACE-POLAR-1-L,-96.12999610872616,-97.046982948106,-0.9169868393798453,0.9169868393798453,single_atom
HAT707_38,HAT707nonMR,Bond Dissociation Energies,Thermochemistry,MACE-POLAR-1-L,-66.31999727357103,-67.36375027761137,-1.0437530040403402,1.0437530040403402,single_atom
HAT707_381,HAT707nonMR,Bond Dissociation Energies,Thermochemistry,MACE-POLAR-1-L,43.219998032655305,40.46643640656958,-2.7535616260857267,2.7535616260857267,single_atom
HAT707_384,HAT707nonMR,Bond Dissociation Energies,Thermochemistry,MACE-POLAR-1-L,-100.08999567380712,-99.8066808868302,0.2833147869769306,0.2833147869769306,single_atom
HAT707_386,HAT707nonMR,Bond Dissociation Energies,Thermochemistry,MACE-POLAR-1-L,-26.07999906258244,-27.33447714418114,-1.2544780815986982,1.2544780815986982,single_atom
HAT707_388,HAT707nonMR,Bond Dissociation Energies,Thermochemistry,MACE-POLAR-1-L,-0.4800001944832417,0.5612345264780928,1.0412347209613344,1.0412347209613344,single_atom
HAT707_389,HAT707nonMR,Bond Dissociation Energies,Thermochemistry,MACE-POLAR-1-L,-31.639998439261568,-31.60429106275296,0.03570737650860778,0.03570737650860778,single_atom
HAT707_39,HAT707nonMR,Bond Dissociation Energies,Thermochemistry,MACE-POLAR-1-L,-74.57999672451551,-80.7224733827636,-6.142476658248086,6.142476658248086,single_atom
HAT707_393,HAT707nonMR,Bond Dissociation Energies,Thermochemistry,MACE-POLAR-1-L,-85.27999648428118,-89.39039186805765,-4.1103953837764635,4.1103953837764635,single_atom
HAT707_395,HAT707nonMR,Bond Dissociation Energies,Thermochemistry,MACE-POLAR-1-L,-8.959999446957351,-9.635796400327424,-0.6757969533700727,0.6757969533700727,single_atom
HAT707_397,HAT707nonMR,Bond Dissociation Energies,Thermochemistry,MACE-POLAR-1-L,-43.80999812790336,-44.785854859203525,-0.975856731300162,0.975856731300162,single_atom
HAT707_399,HAT707nonMR,Bond Dissociation Energies,Thermochemistry,MACE-POLAR-1-L,-76.55999682081072,-76.21360541154259,0.3463914092681364,0.3463914092681364,single_atom
HAT707_40,HAT707nonMR,Bond Dissociation Energies,Thermochemistry,MACE-POLAR-1-L,-71.81999733188792,-72.82935835564192,-1.0093610237539963,1.0093610237539963,single_atom
HAT707_401,HAT707nonMR,Bond Dissociation Energies,Thermochemistry,MACE-POLAR-1-L,-136.59999411222302,-135.07074811523623,1.5292459969867878,1.5292459969867878,single_atom
HAT707_402,HAT707nonMR,Bond Dissociation Energies,Thermochemistry,MACE-POLAR-1-L,-39.49999825106123,-31.55790874376704,7.942089507294188,7.942089507294188,single_atom
HAT707_403,HAT707nonMR,Bond Dissociation Energies,Thermochemistry,MACE-POLAR-1-L,-50.3399978845276,-36.32369068090112,14.016307203626475,14.016307203626475,single_atom
HAT707_405,HAT707nonMR,Bond Dissociation Energies,Thermochemistry,MACE-POLAR-1-L,-127.00999460610312,-112.5485746620318,14.461419944071324,14.461419944071324,single_atom
HAT707_407,HAT707nonMR,Bond Dissociation Energies,Thermochemistry,MACE-POLAR-1-L,-48.6299981721646,-37.86813148143849,10.761866690726109,10.761866690726109,single_atom
HAT707_408,HAT707nonMR,Bond Dissociation Energies,Thermochemistry,MACE-POLAR-1-L,41.159998008531126,37.32022875919333,-3.839769249337799,3.839769249337799,single_atom
HAT707_409,HAT707nonMR,Bond Dissociation Energies,Thermochemistry,MACE-POLAR-1-L,-59.81999748988267,-72.90848518111359,-13.088487691230924,13.088487691230924,single_atom
HAT707_41,HAT707nonMR,Bond Dissociation Energies,Thermochemistry,MACE-POLAR-1-L,-48.97999785641631,-52.82676171211485,-3.8467638556985406,3.8467638556985406,single_atom
HAT707_410,HAT707nonMR,Bond Dissociation Energies,Thermochemistry,MACE-POLAR-1-L,-124.73999477142792,-137.42830043776732,-12.688305666339403,12.688305666339403,single_atom
HAT707_415,HAT707nonMR,Bond Dissociation Energies,Thermochemistry,MACE-POLAR-1-L,-8.78999960032081,-7.585008523547578,1.204991076773232,1.204991076773232,single_atom
HAT707_416,HAT707nonMR,Bond Dissociation Energies,Thermochemistry,MACE-POLAR-1-L,-15.779999569471045,-14.697785750998664,1.0822138184723809,1.0822138184723809,single_atom
HAT707_417,HAT707nonMR,Bond Dissociation Energies,Thermochemistry,MACE-POLAR-1-L,-88.769996473367,-94.08569884597516,-5.315702372608158,5.315702372608158,single_atom
HAT707_418,HAT707nonMR,Bond Dissociation Energies,Thermochemistry,MACE-POLAR-1-L,-18.209999259804164,-17.789868486634102,0.42013077317006164,0.42013077317006164,single_atom
HAT707_419,HAT707nonMR,Bond Dissociation Energies,Thermochemistry,MACE-POLAR-1-L,-10.959999525209806,-9.868914095379388,1.091085429830418,1.091085429830418,single_atom
HAT707_42,HAT707nonMR,Bond Dissociation Energies,Thermochemistry,MACE-POLAR-1-L,-80.1399967287041,-84.99228730133541,-4.852290572631304,4.852290572631304,single_atom
HAT707_420,HAT707nonMR,Bond Dissociation Energies,Thermochemistry,MACE-POLAR-1-L,-5.49000006733826,-4.159825536492536,1.3301745308457233,1.3301745308457233,single_atom
HAT707_421,HAT707nonMR,Bond Dissociation Energies,Thermochemistry,MACE-POLAR-1-L,5.4199995029784445,7.752658016771075,2.33265851379263,2.33265851379263,single_atom
HAT707_422,HAT707nonMR,Bond Dissociation Energies,Thermochemistry,MACE-POLAR-1-L,-93.26999617880293,-102.93600295450244,-9.666006775699515,9.666006775699515,single_atom
HAT707_423,HAT707nonMR,Bond Dissociation Energies,Thermochemistry,MACE-POLAR-1-L,-82.05999687912761,-81.22776592661157,0.8322309525160421,0.8322309525160421,single_atom
HAT707_424,HAT707nonMR,Bond Dissociation Energies,Thermochemistry,MACE-POLAR-1-L,15.109999546394016,15.248099963941106,0.1381004175470899,0.1381004175470899,single_atom
HAT707_425,HAT707nonMR,Bond Dissociation Energies,Thermochemistry,MACE-POLAR-1-L,-87.01999616958005,-90.36629690740398,-3.346300737823924,3.346300737823924,single_atom
HAT707_426,HAT707nonMR,Bond Dissociation Energies,Thermochemistry,MACE-POLAR-1-L,51.46999812013062,53.67778419052481,2.2077860703941923,2.2077860703941923,single_atom
HAT707_427,HAT707nonMR,Bond Dissociation Energies,Thermochemistry,MACE-POLAR-1-L,-103.66999558170052,-99.73268368975089,3.9373118919496335,3.9373118919496335,single_atom
HAT707_428,HAT707nonMR,Bond Dissociation Energies,Thermochemistry,MACE-POLAR-1-L,-41.29999850974128,-54.29096798069285,-12.990969470951569,12.990969470951569,single_atom
HAT707_429,HAT707nonMR,Bond Dissociation Energies,Thermochemistry,MACE-POLAR-1-L,-93.6799964364358,-92.10847831360456,1.571518122831236,1.571518122831236,single_atom
HAT707_43,HAT707nonMR,Bond Dissociation Energies,Thermochemistry,MACE-POLAR-1-L,-6.559999729560092,-8.902971256410584,-2.3429715268504925,2.3429715268504925,single_atom
HAT707_430,HAT707nonMR,Bond Dissociation Energies,Thermochemistry,MACE-POLAR-1-L,-143.47999418060846,-153.54250302543048,-10.06250884482202,10.06250884482202,single_atom
HAT707_431,HAT707nonMR,Bond Dissociation Energies,Thermochemistry,MACE-POLAR-1-L,76.69999682937386,73.65994682029402,-3.0400500090798346,3.0400500090798346,single_atom
HAT707_436,HAT707nonMR,Bond Dissociation Energies,Thermochemistry,MACE-POLAR-1-L,3.049999758517045,2.343503830671759,-0.7064959278452858,0.7064959278452858,single_atom
HAT707_437,HAT707nonMR,Bond Dissociation Energies,Thermochemistry,MACE-POLAR-1-L,-23.75999927301414,-27.19958649748136,-3.4395872244672177,3.4395872244672177,single_atom
HAT707_44,HAT707nonMR,Bond Dissociation Energies,Thermochemistry,MACE-POLAR-1-L,-54.64999776136973,-54.53440681419978,0.11559094716995588,0.11559094716995588,single_atom
HAT707_445,HAT707nonMR,Bond Dissociation Energies,Thermochemistry,MACE-POLAR-1-L,67.7399971997623,61.81947097564303,-5.920526224119271,5.920526224119271,single_atom
HAT707_446,HAT707nonMR,Bond Dissociation Energies,Thermochemistry,MACE-POLAR-1-L,109.44999547555372,102.2584917048344,-7.191503770719322,7.191503770719322,single_atom
HAT707_447,HAT707nonMR,Bond Dissociation Energies,Thermochemistry,MACE-POLAR-1-L,61.01999766233604,55.06410196736518,-5.955895694970856,5.955895694970856,single_atom
HAT707_449,HAT707nonMR,Bond Dissociation Energies,Thermochemistry,MACE-POLAR-1-L,51.32999761892047,45.79877916737492,-5.531218451545556,5.531218451545556,single_atom
HAT707_450,HAT707nonMR,Bond Dissociation Energies,Thermochemistry,MACE-POLAR-1-L,84.09999652347236,79.38354692778998,-4.716449595682377,4.716449595682377,single_atom
HAT707_451,HAT707nonMR,Bond Dissociation Energies,Thermochemistry,MACE-POLAR-1-L,19.70999916161613,12.95838849281774,-6.751610668798389,6.751610668798389,single_atom
HAT707_452,HAT707nonMR,Bond Dissociation Energies,Thermochemistry,MACE-POLAR-1-L,-56.62999785766494,-65.48907420432847,-8.859076346663535,8.859076346663535,single_atom
HAT707_453,HAT707nonMR,Bond Dissociation Energies,Thermochemistry,MACE-POLAR-1-L,5.149999746555701,-3.572384183992336,-8.722383930548038,8.722383930548038,single_atom
HAT707_454,HAT707nonMR,Bond Dissociation Energies,Thermochemistry,MACE-POLAR-1-L,-26.27999888215485,-34.57202429514878,-8.29202541299393,8.29202541299393,single_atom
HAT707_455,HAT707nonMR,Bond Dissociation Energies,Thermochemistry,MACE-POLAR-1-L,75.91999686161765,68.14489005353693,-7.7751068080807215,7.7751068080807215,single_atom
HAT707_456,HAT707nonMR,Bond Dissociation Energies,Thermochemistry,MACE-POLAR-1-L,39.02999867506608,31.50207552124859,-7.527923153817493,7.527923153817493,single_atom
HAT707_457,HAT707nonMR,Bond Dissociation Energies,Thermochemistry,MACE-POLAR-1-L,33.3799987520699,27.603926645927388,-5.776072106142514,5.776072106142514,single_atom
HAT707_458,HAT707nonMR,Bond Dissociation Energies,Thermochemistry,MACE-POLAR-1-L,82.7199965805191,72.02434515038904,-10.695651430130056,10.695651430130056,single_atom
HAT707_459,HAT707nonMR,Bond Dissociation Energies,Thermochemistry,MACE-POLAR-1-L,-5.269999638299143,-14.716402341764566,-9.446402703465424,9.446402703465424,single_atom
HAT707_46,HAT707nonMR,Bond Dissociation Energies,Thermochemistry,MACE-POLAR-1-L,17.319999435197495,13.72437915863979,-3.595620276557705,3.595620276557705,single_atom
HAT707_460,HAT707nonMR,Bond Dissociation Energies,Thermochemistry,MACE-POLAR-1-L,-52.95999803096397,-56.98554547846568,-4.025547447501708,4.025547447501708,single_atom
HAT707_461,HAT707nonMR,Bond Dissociation Energies,Thermochemistry,MACE-POLAR-1-L,-60.589997422745896,-68.24877214306316,-7.658774720317268,7.658774720317268,single_atom
HAT707_462,HAT707nonMR,Bond Dissociation Energies,Thermochemistry,MACE-POLAR-1-L,-47.059998333502286,-52.592229342657454,-5.5322310091551685,5.5322310091551685,single_atom
HAT707_463,HAT707nonMR,Bond Dissociation Energies,Thermochemistry,MACE-POLAR-1-L,13.409999197500166,4.223431599596381,-9.186567597903785,9.186567597903785,single_atom
HAT707_464,HAT707nonMR,Bond Dissociation Energies,Thermochemistry,MACE-POLAR-1-L,-52.55999776430969,-58.05783742069848,-5.497839656388791,5.497839656388791,single_atom
HAT707_465,HAT707nonMR,Bond Dissociation Energies,Thermochemistry,MACE-POLAR-1-L,39.01999868408747,32.119143270245125,-6.9008554138423435,6.9008554138423435,single_atom
HAT707_466,HAT707nonMR,Bond Dissociation Energies,Thermochemistry,MACE-POLAR-1-L,7.859999811799661,-0.0463823189754364,-7.906382130775097,7.906382130775097,single_atom
HAT707_467,HAT707nonMR,Bond Dissociation Energies,Thermochemistry,MACE-POLAR-1-L,12.69999921050866,5.868549678543331,-6.831449531965329,6.831449531965329,single_atom
HAT707_468,HAT707nonMR,Bond Dissociation Energies,Thermochemistry,MACE-POLAR-1-L,-35.38999882130098,-39.762885879256345,-4.372887057955367,4.372887057955367,single_atom
HAT707_47,HAT707nonMR,Bond Dissociation Energies,Thermochemistry,MACE-POLAR-1-L,-76.70999668549003,-79.59015608364695,-2.88015939815692,2.88015939815692,single_atom
HAT707_470,HAT707nonMR,Bond Dissociation Energies,Thermochemistry,MACE-POLAR-1-L,-57.44999774542127,-64.81863514870352,-7.36863740328225,7.36863740328225,single_atom
HAT707_471,HAT707nonMR,Bond Dissociation Energies,Thermochemistry,MACE-POLAR-1-L,30.529998813125257,21.92211234345009,-8.607886469675165,8.607886469675165,single_atom
HAT707_472,HAT707nonMR,Bond Dissociation Energies,Thermochemistry,MACE-POLAR-1-L,-68.73999697292554,-77.467614182131,-8.727617209205462,8.727617209205462,single_atom
HAT707_473,HAT707nonMR,Bond Dissociation Energies,Thermochemistry,MACE-POLAR-1-L,-4.3099998768421335,-13.22794611547844,-8.917946238636308,8.917946238636308,single_atom
HAT707_474,HAT707nonMR,Bond Dissociation Energies,Thermochemistry,MACE-POLAR-1-L,-37.05999856974949,-44.6556966678175,-7.595698098068013,7.595698098068013,single_atom
HAT707_475,HAT707nonMR,Bond Dissociation Energies,Thermochemistry,MACE-POLAR-1-L,28.2299990055142,19.15747428202087,-9.072524723493327,9.072524723493327,single_atom
HAT707_476,HAT707nonMR,Bond Dissociation Energies,Thermochemistry,MACE-POLAR-1-L,-3.9499995741023337,-9.408134512292143,-5.45813493818981,5.45813493818981,single_atom
HAT707_477,HAT707nonMR,Bond Dissociation Energies,Thermochemistry,MACE-POLAR-1-L,-97.09999586116182,-103.5128393714692,-6.412843510307383,6.412843510307383,single_atom
HAT707_478,HAT707nonMR,Bond Dissociation Energies,Thermochemistry,MACE-POLAR-1-L,-67.96999704006231,-66.86914710214589,1.100849937916422,1.100849937916422,single_atom
HAT707_479,HAT707nonMR,Bond Dissociation Energies,Thermochemistry,MACE-POLAR-1-L,-66.58999702999378,-62.0816394470104,4.508357582983379,4.508357582983379,single_atom
HAT707_48,HAT707nonMR,Bond Dissociation Energies,Thermochemistry,MACE-POLAR-1-L,-57.45999773639989,-63.02379263890988,-5.56379490250999,5.56379490250999,single_atom
HAT707_480,HAT707nonMR,Bond Dissociation Energies,Thermochemistry,MACE-POLAR-1-L,-87.5099963550419,-80.99066591825427,6.519330436787641,6.519330436787641,single_atom
HAT707_481,HAT707nonMR,Bond Dissociation Energies,Thermochemistry,MACE-POLAR-1-L,-133.259994615326,-130.6823180520262,2.5776765632998035,2.5776765632998035,single_atom
HAT707_482,HAT707nonMR,Bond Dissociation Energies,Thermochemistry,MACE-POLAR-1-L,-9.12999992110337,-6.31022273766097,2.8197771834423992,2.8197771834423992,single_atom
HAT707_483,HAT707nonMR,Bond Dissociation Energies,Thermochemistry,MACE-POLAR-1-L,29.82999881711237,19.79267161358924,-10.03732720352313,10.03732720352313,single_atom
HAT707_486,HAT707nonMR,Bond Dissociation Energies,Thermochemistry,MACE-POLAR-1-L,90.34999626511012,83.28757181496556,-7.062424450144562,7.062424450144562,single_atom
HAT707_487,HAT707nonMR,Bond Dissociation Energies,Thermochemistry,MACE-POLAR-1-L,2.979999821666704,-1.505054557830303,-4.485054379497007,4.485054379497007,single_atom
HAT707_488,HAT707nonMR,Bond Dissociation Energies,Thermochemistry,MACE-POLAR-1-L,30.70999865074042,23.97290022025092,-6.7370984304895,6.7370984304895,single_atom
HAT707_489,HAT707nonMR,Bond Dissociation Energies,Thermochemistry,MACE-POLAR-1-L,23.719999309099663,16.86012299279983,-6.859876316299832,6.859876316299832,single_atom
HAT707_49,HAT707nonMR,Bond Dissociation Energies,Thermochemistry,MACE-POLAR-1-L,-87.98999654952515,-92.23913511707444,-4.249138567549295,4.249138567549295,single_atom
HAT707_490,HAT707nonMR,Bond Dissociation Energies,Thermochemistry,MACE-POLAR-1-L,21.289998991257068,13.768040257185366,-7.521958734071703,7.521958734071703,single_atom
HAT707_491,HAT707nonMR,Bond Dissociation Energies,Thermochemistry,MACE-POLAR-1-L,28.539998725851422,21.688994648419108,-6.851004077432314,6.851004077432314,single_atom
HAT707_492,HAT707nonMR,Bond Dissociation Energies,Thermochemistry,MACE-POLAR-1-L,34.00999881123245,27.398083207284984,-6.611915603947466,6.611915603947466,single_atom
HAT707_493,HAT707nonMR,Bond Dissociation Energies,Thermochemistry,MACE-POLAR-1-L,44.909998390570536,39.31056676053811,-5.599431630032427,5.599431630032427,single_atom
HAT707_494,HAT707nonMR,Bond Dissociation Energies,Thermochemistry,MACE-POLAR-1-L,-42.559998000556895,-49.66985718283404,-7.109859182277148,7.109859182277148,single_atom
HAT707_495,HAT707nonMR,Bond Dissociation Energies,Thermochemistry,MACE-POLAR-1-L,54.60999779745524,46.806008707666194,-7.803989089789049,7.803989089789049,single_atom
HAT707_496,HAT707nonMR,Bond Dissociation Energies,Thermochemistry,MACE-POLAR-1-L,-47.51999791851881,-58.80838816362646,-11.28839024510765,11.28839024510765,single_atom
HAT707_497,HAT707nonMR,Bond Dissociation Energies,Thermochemistry,MACE-POLAR-1-L,90.96999623948012,85.23569293432331,-5.734303305156814,5.734303305156814,single_atom
HAT707_498,HAT707nonMR,Bond Dissociation Energies,Thermochemistry,MACE-POLAR-1-L,39.49999825106123,31.55790874377752,-7.942089507283708,7.942089507283708,single_atom
HAT707_499,HAT707nonMR,Bond Dissociation Energies,Thermochemistry,MACE-POLAR-1-L,21.93999903237685,17.314341707905026,-4.625657324471824,4.625657324471824,single_atom
HAT707_50,HAT707nonMR,Bond Dissociation Energies,Thermochemistry,MACE-POLAR-1-L,-20.82999940624054,-20.942489629609195,-0.11249022336865622,0.11249022336865622,single_atom
HAT707_500,HAT707nonMR,Bond Dissociation Energies,Thermochemistry,MACE-POLAR-1-L,40.13999830120239,37.32330938106697,-2.8166889201354195,2.8166889201354195,single_atom
HAT707_502,HAT707nonMR,Bond Dissociation Energies,Thermochemistry,MACE-POLAR-1-L,-7.689999965163118,-10.10503639067298,-2.4150364255098626,2.4150364255098626,single_atom
HAT707_503,HAT707nonMR,Bond Dissociation Energies,Thermochemistry,MACE-POLAR-1-L,-35.5499986769589,-40.39657030001166,-4.8465716230527605,4.8465716230527605,single_atom
HAT707_504,HAT707nonMR,Bond Dissociation Energies,Thermochemistry,MACE-POLAR-1-L,-22.209998788799595,-17.1774949684159,5.032503820383695,5.032503820383695,single_atom
HAT707_507,HAT707nonMR,Bond Dissociation Energies,Thermochemistry,MACE-POLAR-1-L,5.639999932017563,13.114038940933266,7.474039008915703,7.474039008915703,single_atom
HAT707_508,HAT707nonMR,Bond Dissociation Energies,Thermochemistry,MACE-POLAR-1-L,-52.28999800788695,-53.25606939836272,-0.9660713904757685,0.9660713904757685,single_atom
HAT707_51,HAT707nonMR,Bond Dissociation Energies,Thermochemistry,MACE-POLAR-1-L,-92.3099964173459,-98.1738510977755,-5.863854680429597,5.863854680429597,single_atom
HAT707_518,HAT707nonMR,Bond Dissociation Energies,Thermochemistry,MACE-POLAR-1-L,6.719999585218013,6.755369008235901,0.03536942301788759,0.03536942301788759,single_atom
HAT707_519,HAT707nonMR,Bond Dissociation Energies,Thermochemistry,MACE-POLAR-1-L,48.42999772508273,47.19438973742729,-1.2356079876554418,1.2356079876554418,single_atom
HAT707_52,HAT707nonMR,Bond Dissociation Energies,Thermochemistry,MACE-POLAR-1-L,-56.31999750981824,-59.42721760271898,-3.1072200929007394,3.1072200929007394,single_atom
HAT707_520,HAT707nonMR,Bond Dissociation Energies,Thermochemistry,MACE-POLAR-1-L,-5.699999877889284,5.945449710554169,11.645449588443453,11.645449588443453,single_atom
HAT707_522,HAT707nonMR,Bond Dissociation Energies,Thermochemistry,MACE-POLAR-1-L,-9.6899994159061,-9.265322800032209,0.4246766158738904,0.4246766158738904,single_atom
HAT707_523,HAT707nonMR,Bond Dissociation Energies,Thermochemistry,MACE-POLAR-1-L,23.07999925895849,24.31944496038285,1.2394457014243585,1.2394457014243585,single_atom
HAT707_524,HAT707nonMR,Bond Dissociation Energies,Thermochemistry,MACE-POLAR-1-L,-41.3099985007199,-42.105713474589386,-0.7957149738694866,0.7957149738694866,single_atom
HAT707_525,HAT707nonMR,Bond Dissociation Energies,Thermochemistry,MACE-POLAR-1-L,-55.86999791578034,-58.63648615139947,-2.7664882356191285,2.7664882356191285,single_atom
HAT707_526,HAT707nonMR,Bond Dissociation Energies,Thermochemistry,MACE-POLAR-1-L,-87.2999965444909,-89.6361262625559,-2.33612971806501,2.33612971806501,single_atom
HAT707_527,HAT707nonMR,Bond Dissociation Energies,Thermochemistry,MACE-POLAR-1-L,14.89999910833352,13.080788086129797,-1.8192110222037225,1.8192110222037225,single_atom
HAT707_528,HAT707nonMR,Bond Dissociation Energies,Thermochemistry,MACE-POLAR-1-L,-21.979998996291336,-23.562026446158537,-1.5820274498672013,1.5820274498672013,single_atom
HAT707_529,HAT707nonMR,Bond Dissociation Energies,Thermochemistry,MACE-POLAR-1-L,-27.62999891928752,-27.46017532147974,0.1698235978077811,0.1698235978077811,single_atom
HAT707_53,HAT707nonMR,Bond Dissociation Energies,Thermochemistry,MACE-POLAR-1-L,-125.05999511025324,-129.6016016501565,-4.54160653990327,4.54160653990327,single_atom
HAT707_530,HAT707nonMR,Bond Dissociation Energies,Thermochemistry,MACE-POLAR-1-L,-66.28999730063518,-69.78050430917169,-3.490507008536511,3.490507008536511,single_atom
HAT707_531,HAT707nonMR,Bond Dissociation Energies,Thermochemistry,MACE-POLAR-1-L,-113.97999506579052,-112.0496474458728,1.9303476199177254,1.9303476199177254,single_atom
HAT707_532,HAT707nonMR,Bond Dissociation Energies,Thermochemistry,MACE-POLAR-1-L,-108.07999536832884,-107.65633131010654,0.42366405822230035,0.42366405822230035,single_atom
HAT707_533,HAT707nonMR,Bond Dissociation Energies,Thermochemistry,MACE-POLAR-1-L,-113.57999542664574,-113.1219393881056,0.45805603854013555,0.45805603854013555,single_atom
HAT707_534,HAT707nonMR,Bond Dissociation Energies,Thermochemistry,MACE-POLAR-1-L,-48.3199978243179,-49.19555228890575,-0.8755544645878501,0.8755544645878501,single_atom
HAT707_535,HAT707nonMR,Bond Dissociation Energies,Thermochemistry,MACE-POLAR-1-L,-96.40999585612754,-94.82698784666349,1.5830080094640522,1.5830080094640522,single_atom
HAT707_536,HAT707nonMR,Bond Dissociation Energies,Thermochemistry,MACE-POLAR-1-L,-61.51999721126704,-62.19080537059726,-0.6708081593302211,0.6708081593302211,single_atom
HAT707_537,HAT707nonMR,Bond Dissociation Energies,Thermochemistry,MACE-POLAR-1-L,-118.46999540775732,-119.88273711611065,-1.4127417083533231,1.4127417083533231,single_atom
HAT707_538,HAT707nonMR,Bond Dissociation Energies,Thermochemistry,MACE-POLAR-1-L,-129.74999464428296,-132.5317161495381,-2.781721505255149,2.781721505255149,single_atom
HAT707_539,HAT707nonMR,Bond Dissociation Energies,Thermochemistry,MACE-POLAR-1-L,-98.07999623208552,-99.71979863522463,-1.6398024031391145,1.6398024031391145,single_atom
HAT707_54,HAT707nonMR,Bond Dissociation Energies,Thermochemistry,MACE-POLAR-1-L,11.709999476115794,11.442930767890116,-0.2670687082256773,0.2670687082256773,single_atom
HAT707_540,HAT707nonMR,Bond Dissociation Energies,Thermochemistry,MACE-POLAR-1-L,-64.96999723643837,-64.47223647965733,0.49776075678104803,0.49776075678104803,single_atom
HAT707_541,HAT707nonMR,Bond Dissociation Energies,Thermochemistry,MACE-POLAR-1-L,-127.60999469232983,-117.14574141441751,10.46425327791232,10.46425327791232,single_atom
HAT707_542,HAT707nonMR,Bond Dissociation Energies,Thermochemistry,MACE-POLAR-1-L,-194.27999227766205,-185.74642001943332,8.53357225822873,8.53357225822873,single_atom
HAT707_543,HAT707nonMR,Bond Dissociation Energies,Thermochemistry,MACE-POLAR-1-L,-62.86999724839971,-75.2519890117434,-12.381991763343692,12.381991763343692,single_atom
HAT707_544,HAT707nonMR,Bond Dissociation Energies,Thermochemistry,MACE-POLAR-1-L,-41.159998008531126,-37.32022875918285,3.8397692493482793,3.8397692493482793,single_atom
HAT707_545,HAT707nonMR,Bond Dissociation Energies,Thermochemistry,MACE-POLAR-1-L,-100.97999612592326,-110.22871394030692,-9.248717814383653,9.248717814383653,single_atom
HAT707_548,HAT707nonMR,Bond Dissociation Energies,Thermochemistry,MACE-POLAR-1-L,29.32999864067189,28.22346984755843,-1.1065287931134584,1.1065287931134584,single_atom
HAT707_549,HAT707nonMR,Bond Dissociation Energies,Thermochemistry,MACE-POLAR-1-L,-2.8799999118805024,-3.985504610536117,-1.1055046986556145,1.1055046986556145,single_atom
HAT707_55,HAT707nonMR,Bond Dissociation Energies,Thermochemistry,MACE-POLAR-1-L,-23.20999914168056,-24.17965544724606,-0.9696563055655005,0.9696563055655005,single_atom
HAT707_550,HAT707nonMR,Bond Dissociation Energies,Thermochemistry,MACE-POLAR-1-L,-58.02999784969072,-56.56915652523743,1.4608413244532912,1.4608413244532912,single_atom
HAT707_551,HAT707nonMR,Bond Dissociation Energies,Thermochemistry,MACE-POLAR-1-L,-65.00999720035286,-66.88611234847282,-1.8761151481199647,1.8761151481199647,single_atom
HAT707_552,HAT707nonMR,Bond Dissociation Energies,Thermochemistry,MACE-POLAR-1-L,-69.50999690578877,-75.7364164570001,-6.226419551211336,6.226419551211336,single_atom
HAT707_553,HAT707nonMR,Bond Dissociation Energies,Thermochemistry,MACE-POLAR-1-L,-63.25999752407538,-63.16671040994359,0.09328711413179036,0.09328711413179036,single_atom
HAT707_554,HAT707nonMR,Bond Dissociation Energies,Thermochemistry,MACE-POLAR-1-L,-79.90999693619585,-72.53309719229048,7.376899743905369,7.376899743905369,single_atom
HAT707_555,HAT707nonMR,Bond Dissociation Energies,Thermochemistry,MACE-POLAR-1-L,-44.349998268258325,-56.634471811322655,-12.28447354306433,12.28447354306433,single_atom
HAT707_556,HAT707nonMR,Bond Dissociation Energies,Thermochemistry,MACE-POLAR-1-L,-69.91999716342167,-64.90889181614416,5.011105347277507,5.011105347277507,single_atom
HAT707_557,HAT707nonMR,Bond Dissociation Energies,Thermochemistry,MACE-POLAR-1-L,-119.71999490759433,-126.34291652797008,-6.622921620375749,6.622921620375749,single_atom
HAT707_558,HAT707nonMR,Bond Dissociation Energies,Thermochemistry,MACE-POLAR-1-L,-39.07999862995919,-37.7497602595021,1.3302383704570957,1.3302383704570957,single_atom
HAT707_559,HAT707nonMR,Bond Dissociation Energies,Thermochemistry,MACE-POLAR-1-L,-20.87999936113364,-17.740792586340152,3.139206774793486,3.139206774793486,single_atom
HAT707_56,HAT707nonMR,Bond Dissociation Energies,Thermochemistry,MACE-POLAR-1-L,-185.0999924016656,-188.4587443538292,-3.358751952163601,3.358751952163601,single_atom
HAT707_560,HAT707nonMR,Bond Dissociation Energies,Thermochemistry,MACE-POLAR-1-L,-68.70999699998968,-65.1691383580801,3.5408586419095798,3.5408586419095798,single_atom
HAT707_561,HAT707nonMR,Bond Dissociation Energies,Thermochemistry,MACE-POLAR-1-L,-61.01999766233604,-55.064101967407126,5.955895694928913,5.955895694928913,single_atom
HAT707_562,HAT707nonMR,Bond Dissociation Energies,Thermochemistry,MACE-POLAR-1-L,-3.049999758517045,-2.3435038306612723,0.7064959278557725,0.7064959278557725,single_atom
HAT707_563,HAT707nonMR,Bond Dissociation Energies,Thermochemistry,MACE-POLAR-1-L,23.75999927301414,27.199586497491847,3.4395872244777053,3.4395872244777053,single_atom
HAT707_564,HAT707nonMR,Bond Dissociation Energies,Thermochemistry,MACE-POLAR-1-L,-55.37999773031848,-41.95006302647386,13.429934703844616,13.429934703844616,single_atom
HAT707_57,HAT707nonMR,Bond Dissociation Energies,Thermochemistry,MACE-POLAR-1-L,-87.99999654050376,-84.94590498238095,3.0540915581228063,3.0540915581228063,single_atom
HAT707_578,HAT707nonMR,Bond Dissociation Energies,Thermochemistry,MACE-POLAR-1-L,-6.4299998468380295,6.0000699931424695,12.430069839980499,12.430069839980499,single_atom
HAT707_579,HAT707nonMR,Bond Dissociation Energies,Thermochemistry,MACE-POLAR-1-L,2.8799999118805024,3.985504610578064,1.1055046986975614,1.1055046986975614,single_atom
HAT707_58,HAT707nonMR,Bond Dissociation Energies,Thermochemistry,MACE-POLAR-1-L,-84.48999656946073,-74.58369061636054,9.906305953100187,9.906305953100187,single_atom
HAT707_589,HAT707nonMR,Bond Dissociation Energies,Thermochemistry,MACE-POLAR-1-L,-54.05999766612167,-40.578962015580046,13.481035650541621,13.481035650541621,single_atom
HAT707_59,HAT707nonMR,Bond Dissociation Energies,Thermochemistry,MACE-POLAR-1-L,-119.12999481234624,-104.21126412261437,14.918730689731873,14.918730689731873,single_atom
HAT707_590,HAT707nonMR,Bond Dissociation Energies,Thermochemistry,MACE-POLAR-1-L,-84.41999663261038,-85.65062165197784,-1.2306250193674657,1.2306250193674657,single_atom
HAT707_60,HAT707nonMR,Bond Dissociation Energies,Thermochemistry,MACE-POLAR-1-L,-85.83999660659339,-76.85316038199578,8.98683622459761,8.98683622459761,single_atom
HAT707_61,HAT707nonMR,Bond Dissociation Energies,Thermochemistry,MACE-POLAR-1-L,-175.50999289554568,-165.93657090061424,9.573421994931437,9.573421994931437,single_atom
HAT707_615,HAT707nonMR,Bond Dissociation Energies,Thermochemistry,MACE-POLAR-1-L,0.0,7.293230134709202,7.293230134709202,7.293230134709202,single_atom
HAT707_616,HAT707nonMR,Bond Dissociation Energies,Thermochemistry,MACE-POLAR-1-L,-124.72999478044932,-113.16023680388142,11.5697579765679,11.5697579765679,single_atom
HAT707_617,HAT707nonMR,Bond Dissociation Energies,Thermochemistry,MACE-POLAR-1-L,-87.5099963550419,-73.69743578355556,13.812560571486344,13.812560571486344,single_atom
HAT707_618,HAT707nonMR,Bond Dissociation Energies,Thermochemistry,MACE-POLAR-1-L,-191.3999923657816,-181.76091540885528,9.639076956926317,9.639076956926317,single_atom
HAT707_62,HAT707nonMR,Bond Dissociation Energies,Thermochemistry,MACE-POLAR-1-L,-152.51999355539476,-145.45383898698012,7.066154568414646,7.066154568414646,single_atom
HAT707_620,HAT707nonMR,Bond Dissociation Energies,Thermochemistry,MACE-POLAR-1-L,-9.13999991208199,0.9830073970587196,10.123007309140709,10.123007309140709,single_atom
HAT707_621,HAT707nonMR,Bond Dissociation Energies,Thermochemistry,MACE-POLAR-1-L,-82.66999632882344,-62.00881259184321,20.661183736980234,20.661183736980234,single_atom
HAT707_622,HAT707nonMR,Bond Dissociation Energies,Thermochemistry,MACE-POLAR-1-L,-63.59999721734846,-75.197368729239,-11.597371511890543,11.597371511890543,single_atom
HAT707_623,HAT707nonMR,Bond Dissociation Energies,Thermochemistry,MACE-POLAR-1-L,-112.33999529027788,-121.80050018093988,-9.460504890661994,9.460504890661994,single_atom
HAT707_63,HAT707nonMR,Bond Dissociation Energies,Thermochemistry,MACE-POLAR-1-L,-146.09999369953536,-149.12715125965525,-3.027157560119889,3.027157560119889,single_atom
HAT707_64,HAT707nonMR,Bond Dissociation Energies,Thermochemistry,MACE-POLAR-1-L,-97.12999583409766,-91.2561277200157,5.873868114081958,5.873868114081958,single_atom
HAT707_642,HAT707nonMR,Bond Dissociation Energies,Thermochemistry,MACE-POLAR-1-L,-91.25999610957184,-84.10488343292344,7.1551126766484,7.1551126766484,single_atom
HAT707_644,HAT707nonMR,Bond Dissociation Energies,Thermochemistry,MACE-POLAR-1-L,-81.27999632777627,-76.48067805675615,4.799318271020127,4.799318271020127,single_atom
HAT707_645,HAT707nonMR,Bond Dissociation Energies,Thermochemistry,MACE-POLAR-1-L,39.48999826008261,38.85113887849721,-0.638859381585398,0.638859381585398,single_atom
HAT707_646,HAT707nonMR,Bond Dissociation Energies,Thermochemistry,MACE-POLAR-1-L,-131.06999470847975,-137.91470276860306,-6.84470806012331,6.84470806012331,single_atom
HAT707_647,HAT707nonMR,Bond Dissociation Energies,Thermochemistry,MACE-POLAR-1-L,-7.129999842850914,-11.914759001926136,-4.784759159075222,4.784759159075222,single_atom
HAT707_65,HAT707nonMR,Bond Dissociation Energies,Thermochemistry,MACE-POLAR-1-L,-98.24999607872208,-79.04488978375102,19.20510629497106,19.20510629497106,single_atom
HAT707_651,HAT707nonMR,Bond Dissociation Energies,Thermochemistry,MACE-POLAR-1-L,-58.13999775045554,-51.07859735682906,7.061400393626485,7.061400393626485,single_atom
HAT707_652,HAT707nonMR,Bond Dissociation Energies,Thermochemistry,MACE-POLAR-1-L,-0.7299999689487457,0.0546202825463531,0.7846202514950988,0.7846202514950988,single_atom
HAT707_653,HAT707nonMR,Bond Dissociation Energies,Thermochemistry,MACE-POLAR-1-L,-3.779999727465791,-2.288883548072973,1.4911161793928178,1.4911161793928178,single_atom
HAT707_654,HAT707nonMR,Bond Dissociation Energies,Thermochemistry,MACE-POLAR-1-L,-11.349999800885463,-11.571786240570043,-0.22178643968458012,0.22178643968458012,single_atom
HAT707_655,HAT707nonMR,Bond Dissociation Energies,Thermochemistry,MACE-POLAR-1-L,12.399999481150058,15.627800256858883,3.2278007757088254,3.2278007757088254,single_atom
HAT707_656,HAT707nonMR,Bond Dissociation Energies,Thermochemistry,MACE-POLAR-1-L,-52.499997818437976,-37.964558415895794,14.535439402542181,14.535439402542181,single_atom
HAT707_657,HAT707nonMR,Bond Dissociation Energies,Thermochemistry,MACE-POLAR-1-L,-129.79999459917607,-131.67144158167102,-1.8714469824949447,1.8714469824949447,single_atom
HAT707_66,HAT707nonMR,Bond Dissociation Energies,Thermochemistry,MACE-POLAR-1-L,13.309999287713968,12.07812809941654,-1.2318711882974274,1.2318711882974274,single_atom
HAT707_67,HAT707nonMR,Bond Dissociation Energies,Thermochemistry,MACE-POLAR-1-L,-49.04999779326665,-49.75285545832415,-0.7028576650575005,0.7028576650575005,single_atom
HAT707_68,HAT707nonMR,Bond Dissociation Energies,Thermochemistry,MACE-POLAR-1-L,-15.119999537372635,-28.149418688581346,-13.02941915120871,13.02941915120871,single_atom
HAT707_69,HAT707nonMR,Bond Dissociation Energies,Thermochemistry,MACE-POLAR-1-L,-90.20999642930724,-87.07308421750699,3.136912211800251,3.136912211800251,single_atom
HAT707_70,HAT707nonMR,Bond Dissociation Energies,Thermochemistry,MACE-POLAR-1-L,-22.13999885194925,-34.31352941105939,-12.17353055911014,12.17353055911014,single_atom
HAT707_73,HAT707nonMR,Bond Dissociation Energies,Thermochemistry,MACE-POLAR-1-L,71.08999706128031,68.51605088001165,-2.573946181268667,2.573946181268667,single_atom
HAT707_74,HAT707nonMR,Bond Dissociation Energies,Thermochemistry,MACE-POLAR-1-L,10.329999466047262,9.996885817586056,-0.3331136484612056,0.3331136484612056,single_atom
HAT707_75,HAT707nonMR,Bond Dissociation Energies,Thermochemistry,MACE-POLAR-1-L,38.87999818287731,36.30707642186466,-2.572921761012651,2.572921761012651,single_atom
HAT707_76,HAT707nonMR,Bond Dissociation Energies,Thermochemistry,MACE-POLAR-1-L,-16.26999912742343,-16.276575492794706,-0.006576365371277149,0.006576365371277149,single_atom
HAT707_77,HAT707nonMR,Bond Dissociation Energies,Thermochemistry,MACE-POLAR-1-L,-30.849998524441105,-32.875750275515834,-2.025751751074729,2.025751751074729,single_atom
HAT707_78,HAT707nonMR,Bond Dissociation Energies,Thermochemistry,MACE-POLAR-1-L,-57.28999788976335,-60.97300476213003,-3.6830068723666827,3.6830068723666827,single_atom
HAT707_79,HAT707nonMR,Bond Dissociation Energies,Thermochemistry,MACE-POLAR-1-L,-64.2799972314041,-68.08578198958112,-3.805784758177026,3.805784758177026,single_atom
HAT707_80,HAT707nonMR,Bond Dissociation Energies,Thermochemistry,MACE-POLAR-1-L,13.829999446111689,9.029072180743253,-4.800927265368436,4.800927265368436,single_atom
HAT707_81,HAT707nonMR,Bond Dissociation Energies,Thermochemistry,MACE-POLAR-1-L,-66.70999754924671,-71.17786472519559,-4.467867175948882,4.467867175948882,single_atom
HAT707_82,HAT707nonMR,Bond Dissociation Energies,Thermochemistry,MACE-POLAR-1-L,-59.45999781465235,-63.2569103339566,-3.79691251930425,3.79691251930425,single_atom
HAT707_83,HAT707nonMR,Bond Dissociation Energies,Thermochemistry,MACE-POLAR-1-L,-53.98999772927132,-57.54782177505926,-3.557824045787939,3.557824045787939,single_atom
HAT707_84,HAT707nonMR,Bond Dissociation Energies,Thermochemistry,MACE-POLAR-1-L,-43.07999815895462,-45.63533822180089,-2.5553400628462697,2.5553400628462697,single_atom
HAT707_85,HAT707nonMR,Bond Dissociation Energies,Thermochemistry,MACE-POLAR-1-L,9.329999740675772,0.1787680722159657,-9.151231668459806,9.151231668459806,single_atom
HAT707_86,HAT707nonMR,Bond Dissociation Energies,Thermochemistry,MACE-POLAR-1-L,-130.55999454106066,-134.61576216518878,-4.055767624128123,4.055767624128123,single_atom
HAT707_87,HAT707nonMR,Bond Dissociation Energies,Thermochemistry,MACE-POLAR-1-L,-33.389998743048515,-38.139896274630864,-4.749897531582349,4.749897531582349,single_atom
HAT707_88,HAT707nonMR,Bond Dissociation Energies,Thermochemistry,MACE-POLAR-1-L,-135.5199944590226,-143.75429314598642,-8.234298686963825,8.234298686963825,single_atom
HAT707_89,HAT707nonMR,Bond Dissociation Energies,Thermochemistry,MACE-POLAR-1-L,15.579999122389165,12.748474119293457,-2.8315250030957078,2.8315250030957078,single_atom
HAT707_90,HAT707nonMR,Bond Dissociation Energies,Thermochemistry,MACE-POLAR-1-L,2.969999830688084,0.2897879519475999,-2.6802118787404843,2.6802118787404843,single_atom
HAT707_91,HAT707nonMR,Bond Dissociation Energies,Thermochemistry,MACE-POLAR-1-L,-1.0699996622218313,3.3820873369570528,4.452086999178884,4.452086999178884,single_atom
HAT707_92,HAT707nonMR,Bond Dissociation Energies,Thermochemistry,MACE-POLAR-1-L,-68.78999692781865,-67.88757344170276,0.9024234861158931,0.9024234861158931,single_atom
HAT707_93,HAT707nonMR,Bond Dissociation Energies,Thermochemistry,MACE-POLAR-1-L,3.400000070278225,-9.53190148811865,-12.931901558396875,12.931901558396875,single_atom
HAT707_94,HAT707nonMR,Bond Dissociation Energies,Thermochemistry,MACE-POLAR-1-L,8.919999483042872,11.006292713103376,2.0862932300605035,2.0862932300605035,single_atom
HAT707_95,HAT707nonMR,Bond Dissociation Energies,Thermochemistry,MACE-POLAR-1-L,-48.499998289442544,-53.38799623858245,-4.887997949139908,4.887997949139908,single_atom
HAT707_96,HAT707nonMR,Bond Dissociation Energies,Thermochemistry,MACE-POLAR-1-L,-40.87999826112976,-50.42773199873304,-9.54773373760328,9.54773373760328,single_atom
HAT707_97,HAT707nonMR,Bond Dissociation Energies,Thermochemistry,MACE-POLAR-1-L,-97.51999610977332,-98.80785055237972,-1.2878544426064025,1.2878544426064025,single_atom
HAT707_98,HAT707nonMR,Bond Dissociation Energies,Thermochemistry,MACE-POLAR-1-L,-20.81999941526192,-25.14790373208047,-4.32790431681855,4.32790431681855,single_atom
HAT707_99,HAT707nonMR,Bond Dissociation Energies,Thermochemistry,MACE-POLAR-1-L,-22.7199989562187,-28.950836193844427,-6.230837237625728,6.230837237625728,single_atom
HAT707_1,HAT707nonMR,Bond Dissociation Energies,Thermochemistry,MACE-POLAR-1-M,26.54999863857759,20.79585996170427,-5.754138676873321,5.754138676873321,single_atom
HAT707_100,HAT707nonMR,Bond Dissociation Energies,Thermochemistry,MACE-POLAR-1-M,5.409999511999825,5.311492287543335,-0.09850722445648952,0.09850722445648952,single_atom
HAT707_101,HAT707nonMR,Bond Dissociation Energies,Thermochemistry,MACE-POLAR-1-M,2.6800000923080995,2.35513639112082,-0.3248637011872795,0.3248637011872795,single_atom
HAT707_102,HAT707nonMR,Bond Dissociation Energies,Thermochemistry,MACE-POLAR-1-M,20.889999352112262,21.308663040816757,0.4186636887044948,0.4186636887044948,single_atom
HAT707_104,HAT707nonMR,Bond Dissociation Energies,Thermochemistry,MACE-POLAR-1-M,-26.94999890523187,-28.20091505825765,-1.2509161530257806,1.2509161530257806,single_atom
HAT707_105,HAT707nonMR,Bond Dissociation Energies,Thermochemistry,MACE-POLAR-1-M,-52.06999757884783,-49.096600793218784,2.973396785629049,2.973396785629049,single_atom
HAT707_106,HAT707nonMR,Bond Dissociation Energies,Thermochemistry,MACE-POLAR-1-M,-38.72999831819801,-37.93408283720795,0.7959154809900539,0.7959154809900539,single_atom
HAT707_107,HAT707nonMR,Bond Dissociation Energies,Thermochemistry,MACE-POLAR-1-M,-19.25999894006875,-21.620189811309345,-2.3601908712405937,2.3601908712405937,single_atom
HAT707_110,HAT707nonMR,Bond Dissociation Energies,Thermochemistry,MACE-POLAR-1-M,-16.519999529398408,-18.66383391488683,-2.1438343854884216,2.1438343854884216,single_atom
HAT707_111,HAT707nonMR,Bond Dissociation Energies,Thermochemistry,MACE-POLAR-1-M,47.74999833853655,42.83415740896494,-4.915840929571608,4.915840929571608,single_atom
HAT707_112,HAT707nonMR,Bond Dissociation Energies,Thermochemistry,MACE-POLAR-1-M,44.69999795251003,38.25632049630684,-6.44367745620319,6.44367745620319,single_atom
HAT707_113,HAT707nonMR,Bond Dissociation Energies,Thermochemistry,MACE-POLAR-1-M,78.83999674091037,72.05301363371956,-6.786983107190807,6.786983107190807,single_atom
HAT707_114,HAT707nonMR,Bond Dissociation Energies,Thermochemistry,MACE-POLAR-1-M,102.59999575871892,96.25034132115996,-6.349654437558954,6.349654437558954,single_atom
HAT707_115,HAT707nonMR,Bond Dissociation Energies,Thermochemistry,MACE-POLAR-1-M,-13.619999635560664,-17.038397102236335,-3.418397466675671,3.418397466675671,single_atom
HAT707_116,HAT707nonMR,Bond Dissociation Energies,Thermochemistry,MACE-POLAR-1-M,-145.38999371254386,-157.33740683325135,-11.947413120707495,11.947413120707495,single_atom
HAT707_118,HAT707nonMR,Bond Dissociation Energies,Thermochemistry,MACE-POLAR-1-M,17.62999915553472,20.66743232683314,3.037433171298421,3.037433171298421,single_atom
HAT707_12,HAT707nonMR,Bond Dissociation Energies,Thermochemistry,MACE-POLAR-1-M,48.4799983074853,45.672440304109976,-2.807558003375327,2.807558003375327,single_atom
HAT707_127,HAT707nonMR,Bond Dissociation Energies,Thermochemistry,MACE-POLAR-1-M,242.7099899668493,242.59570843677187,-0.11428153007742026,0.11428153007742026,single_atom
HAT707_128,HAT707nonMR,Bond Dissociation Energies,Thermochemistry,MACE-POLAR-1-M,194.27999227766205,194.12956410038964,-0.15042817727240276,0.15042817727240276,single_atom
HAT707_13,HAT707nonMR,Bond Dissociation Energies,Thermochemistry,MACE-POLAR-1-M,90.18999627172391,85.61700400942296,-4.572992262300957,4.572992262300957,single_atom
HAT707_131,HAT707nonMR,Bond Dissociation Energies,Thermochemistry,MACE-POLAR-1-M,184.5899923694152,186.27507296065664,1.6850805912414444,1.6850805912414444,single_atom
HAT707_132,HAT707nonMR,Bond Dissociation Energies,Thermochemistry,MACE-POLAR-1-M,74.28999692899828,64.43144027587631,-9.858556653121965,9.858556653121965,single_atom
HAT707_133,HAT707nonMR,Bond Dissociation Energies,Thermochemistry,MACE-POLAR-1-M,217.359991014768,219.7910307045799,2.4310396898118825,2.4310396898118825,single_atom
HAT707_134,HAT707nonMR,Bond Dissociation Energies,Thermochemistry,MACE-POLAR-1-M,63.24999738537037,53.90816380216553,-9.341833583204838,9.341833583204838,single_atom
HAT707_135,HAT707nonMR,Bond Dissociation Energies,Thermochemistry,MACE-POLAR-1-M,152.96999367652305,153.64623647253174,0.6762427960086939,0.6762427960086939,single_atom
HAT707_136,HAT707nonMR,Bond Dissociation Energies,Thermochemistry,MACE-POLAR-1-M,44.229998376514885,33.77889737211527,-10.451101004399618,10.451101004399618,single_atom
HAT707_137,HAT707nonMR,Bond Dissociation Energies,Thermochemistry,MACE-POLAR-1-M,26.039999098667963,12.267328062230437,-13.772671036437526,13.772671036437526,single_atom
HAT707_138,HAT707nonMR,Bond Dissociation Energies,Thermochemistry,MACE-POLAR-1-M,138.40999427840475,137.1812095649803,-1.22878471342446,1.22878471342446,single_atom
HAT707_139,HAT707nonMR,Bond Dissociation Energies,Thermochemistry,MACE-POLAR-1-M,82.66999658258575,71.87223050966224,-10.797766072923508,10.797766072923508,single_atom
HAT707_14,HAT707nonMR,Bond Dissociation Energies,Thermochemistry,MACE-POLAR-1-M,42.04999846064728,39.17093747231752,-2.879060988329762,2.879060988329762,single_atom
HAT707_140,HAT707nonMR,Bond Dissociation Energies,Thermochemistry,MACE-POLAR-1-M,28.609998662701766,18.096674640342737,-10.51332402235903,10.51332402235903,single_atom
HAT707_141,HAT707nonMR,Bond Dissociation Energies,Thermochemistry,MACE-POLAR-1-M,106.97999557765864,99.20770399987912,-7.7722915777795265,7.7722915777795265,single_atom
HAT707_142,HAT707nonMR,Bond Dissociation Energies,Thermochemistry,MACE-POLAR-1-M,209.17999135291325,208.9924959541621,-0.18749539875113896,0.18749539875113896,single_atom
HAT707_143,HAT707nonMR,Bond Dissociation Energies,Thermochemistry,MACE-POLAR-1-M,172.29999287745918,172.26393813377098,-0.03605474368819728,0.03605474368819728,single_atom
HAT707_144,HAT707nonMR,Bond Dissociation Energies,Thermochemistry,MACE-POLAR-1-M,166.64999311101909,168.43548093834198,1.7854878273228962,1.7854878273228962,single_atom
HAT707_145,HAT707nonMR,Bond Dissociation Energies,Thermochemistry,MACE-POLAR-1-M,127.99999470873362,128.86893183268168,0.8689371239480579,0.8689371239480579,single_atom
HAT707_146,HAT707nonMR,Bond Dissociation Energies,Thermochemistry,MACE-POLAR-1-M,80.29999668055672,83.50066374293021,3.2006670623734976,3.2006670623734976,single_atom
HAT707_147,HAT707nonMR,Bond Dissociation Energies,Thermochemistry,MACE-POLAR-1-M,86.19999643666293,87.94923737093389,1.7492409342709578,1.7492409342709578,single_atom
HAT707_148,HAT707nonMR,Bond Dissociation Energies,Thermochemistry,MACE-POLAR-1-M,80.69999666402163,82.43942265516361,1.7394259911419852,1.7394259911419852,single_atom
HAT707_149,HAT707nonMR,Bond Dissociation Energies,Thermochemistry,MACE-POLAR-1-M,145.95999382583466,146.6491520120467,0.6891581862120404,0.6891581862120404,single_atom
HAT707_15,HAT707nonMR,Bond Dissociation Energies,Thermochemistry,MACE-POLAR-1-M,41.759998094757805,37.15085967303024,-4.609138421727565,4.609138421727565,single_atom
HAT707_150,HAT707nonMR,Bond Dissociation Energies,Thermochemistry,MACE-POLAR-1-M,97.86999595424828,100.69071380579862,2.8207178515503415,2.8207178515503415,single_atom
HAT707_151,HAT707nonMR,Bond Dissociation Energies,Thermochemistry,MACE-POLAR-1-M,8.399999952154623,10.725419628463328,2.325419676308705,2.325419676308705,single_atom
HAT707_152,HAT707nonMR,Bond Dissociation Energies,Thermochemistry,MACE-POLAR-1-M,75.80999686990474,78.61283820447922,2.802841334574481,2.802841334574481,single_atom
HAT707_153,HAT707nonMR,Bond Dissociation Energies,Thermochemistry,MACE-POLAR-1-M,64.52999733245754,63.2485095096369,-1.2814878228206439,1.2814878228206439,single_atom
HAT707_154,HAT707nonMR,Bond Dissociation Energies,Thermochemistry,MACE-POLAR-1-M,63.65999736842143,63.63884223475306,-0.021155133668372628,0.021155133668372628,single_atom
HAT707_155,HAT707nonMR,Bond Dissociation Energies,Thermochemistry,MACE-POLAR-1-M,96.19999602328237,95.8025235395137,-0.3974724837686665,0.3974724837686665,single_atom
HAT707_156,HAT707nonMR,Bond Dissociation Energies,Thermochemistry,MACE-POLAR-1-M,129.30999465458058,131.132335773682,1.8223411191014236,1.8223411191014236,single_atom
HAT707_157,HAT707nonMR,Bond Dissociation Energies,Thermochemistry,MACE-POLAR-1-M,66.67999694880136,68.36023381471924,1.6802368659178768,1.6802368659178768,single_atom
HAT707_158,HAT707nonMR,Bond Dissociation Energies,Thermochemistry,MACE-POLAR-1-M,-47.84999824832275,-61.66537199311296,-13.815373744790215,13.815373744790215,single_atom
HAT707_159,HAT707nonMR,Bond Dissociation Energies,Thermochemistry,MACE-POLAR-1-M,97.79999595714196,96.77280083457124,-1.027195122570717,1.027195122570717,single_atom
HAT707_160,HAT707nonMR,Bond Dissociation Energies,Thermochemistry,MACE-POLAR-1-M,-31.0599989625016,-35.628399073616386,-4.568400111114787,4.568400111114787,single_atom
HAT707_162,HAT707nonMR,Bond Dissociation Energies,Thermochemistry,MACE-POLAR-1-M,223.6099907564051,224.0139113461148,0.40392058970971334,0.40392058970971334,single_atom
HAT707_163,HAT707nonMR,Bond Dissociation Energies,Thermochemistry,MACE-POLAR-1-M,94.8199960803291,94.7000209771807,-0.11997510314840554,0.11997510314840554,single_atom
HAT707_164,HAT707nonMR,Bond Dissociation Energies,Thermochemistry,MACE-POLAR-1-M,191.39999208790343,191.73956961006823,0.3395775221648023,0.3395775221648023,single_atom
HAT707_165,HAT707nonMR,Bond Dissociation Energies,Thermochemistry,MACE-POLAR-1-M,136.24999436769463,139.17401402276454,2.9240196550699125,2.9240196550699125,single_atom
HAT707_166,HAT707nonMR,Bond Dissociation Energies,Thermochemistry,MACE-POLAR-1-M,67.40999721340434,56.38060253025864,-11.029394683145696,11.029394683145696,single_atom
HAT707_167,HAT707nonMR,Bond Dissociation Energies,Thermochemistry,MACE-POLAR-1-M,4.909999963068817,7.197574853764423,2.2875748906956064,2.2875748906956064,single_atom
HAT707_168,HAT707nonMR,Bond Dissociation Energies,Thermochemistry,MACE-POLAR-1-M,0.4100002576329006,-3.0367683692114347,-3.446768626844335,3.446768626844335,single_atom
HAT707_169,HAT707nonMR,Bond Dissociation Energies,Thermochemistry,MACE-POLAR-1-M,6.659999639346293,9.74021795219108,3.080218312844786,3.080218312844786,single_atom
HAT707_170,HAT707nonMR,Bond Dissociation Energies,Thermochemistry,MACE-POLAR-1-M,-9.989999772774176,-7.401970865542922,2.588028907231254,2.588028907231254,single_atom
HAT707_171,HAT707nonMR,Bond Dissociation Energies,Thermochemistry,MACE-POLAR-1-M,-49.79999774417263,-63.20649480554272,-13.40649706137009,13.40649706137009,single_atom
HAT707_172,HAT707nonMR,Bond Dissociation Energies,Thermochemistry,MACE-POLAR-1-M,75.53999687732633,53.176149246937285,-22.363847630389046,22.363847630389046,single_atom
HAT707_173,HAT707nonMR,Bond Dissociation Energies,Thermochemistry,MACE-POLAR-1-M,89.89999628371187,92.31741774493526,2.417421461223384,2.417421461223384,single_atom
HAT707_174,HAT707nonMR,Bond Dissociation Energies,Thermochemistry,MACE-POLAR-1-M,155.19999358433947,159.33384081843826,4.133847234098795,4.133847234098795,single_atom
HAT707_175,HAT707nonMR,Bond Dissociation Energies,Thermochemistry,MACE-POLAR-1-M,173.39999283198716,178.2873674681342,4.88737463614703,4.88737463614703,single_atom
HAT707_177,HAT707nonMR,Bond Dissociation Energies,Thermochemistry,MACE-POLAR-1-M,125.56999480918508,128.77778936910175,3.207794559916678,3.207794559916678,single_atom
HAT707_178,HAT707nonMR,Bond Dissociation Energies,Thermochemistry,MACE-POLAR-1-M,32.41999836310342,37.909324664215085,5.489326301111667,5.489326301111667,single_atom
HAT707_179,HAT707nonMR,Bond Dissociation Energies,Thermochemistry,MACE-POLAR-1-M,45.749998260284094,49.07184262022592,3.321844359941828,3.321844359941828,single_atom
HAT707_18,HAT707nonMR,Bond Dissociation Energies,Thermochemistry,MACE-POLAR-1-M,32.06999867885171,29.296368533307724,-2.7736301455439865,2.7736301455439865,single_atom
HAT707_180,HAT707nonMR,Bond Dissociation Energies,Thermochemistry,MACE-POLAR-1-M,133.25999449129563,135.35851461605006,2.0985201247544296,2.0985201247544296,single_atom
HAT707_183,HAT707nonMR,Bond Dissociation Energies,Thermochemistry,MACE-POLAR-1-M,67.96999704006231,68.34209154250509,0.37209450244277775,0.37209450244277775,single_atom
HAT707_184,HAT707nonMR,Bond Dissociation Energies,Thermochemistry,MACE-POLAR-1-M,69.91999710964599,71.9245859988694,2.004588889223413,2.004588889223413,single_atom
HAT707_185,HAT707nonMR,Bond Dissociation Energies,Thermochemistry,MACE-POLAR-1-M,93.67999612745452,96.12191368628882,2.441917558834305,2.441917558834305,single_atom
HAT707_186,HAT707nonMR,Bond Dissociation Energies,Thermochemistry,MACE-POLAR-1-M,138.89999425814892,139.94030732511257,1.0403130669636482,1.0403130669636482,single_atom
HAT707_187,HAT707nonMR,Bond Dissociation Energies,Thermochemistry,MACE-POLAR-1-M,-47.12999827035263,-66.67516290253526,-19.545164632182633,19.545164632182633,single_atom
HAT707_19,HAT707nonMR,Bond Dissociation Energies,Thermochemistry,MACE-POLAR-1-M,-23.959999092586543,-26.230803654834546,-2.270804562248003,2.270804562248003,single_atom
HAT707_193,HAT707nonMR,Bond Dissociation Energies,Thermochemistry,MACE-POLAR-1-M,94.01999611339927,103.443440731585,9.423444618185727,9.423444618185727,single_atom
HAT707_194,HAT707nonMR,Bond Dissociation Energies,Thermochemistry,MACE-POLAR-1-M,135.72999438919072,143.388004436898,7.658010047707279,7.658010047707279,single_atom
HAT707_195,HAT707nonMR,Bond Dissociation Energies,Thermochemistry,MACE-POLAR-1-M,87.29999639119096,94.92186010050528,7.621863709314326,7.621863709314326,single_atom
HAT707_197,HAT707nonMR,Bond Dissociation Energies,Thermochemistry,MACE-POLAR-1-M,77.60999679175653,87.06736896078276,9.457372169026229,9.457372169026229,single_atom
HAT707_198,HAT707nonMR,Bond Dissociation Energies,Thermochemistry,MACE-POLAR-1-M,121.42999498032408,131.1066031784168,9.676608198092723,9.676608198092723,single_atom
HAT707_199,HAT707nonMR,Bond Dissociation Energies,Thermochemistry,MACE-POLAR-1-M,110.37999543710936,120.58332670470604,10.203331267596681,10.203331267596681,single_atom
HAT707_20,HAT707nonMR,Bond Dissociation Energies,Thermochemistry,MACE-POLAR-1-M,64.83999731964255,62.812326277230994,-2.027671042411555,2.027671042411555,single_atom
HAT707_200,HAT707nonMR,Bond Dissociation Energies,Thermochemistry,MACE-POLAR-1-M,45.98999804377098,54.438532472657855,8.448534428886873,8.448534428886873,single_atom
HAT707_201,HAT707nonMR,Bond Dissociation Energies,Thermochemistry,MACE-POLAR-1-M,91.36999622294502,100.45406027466626,9.084064051721242,9.084064051721242,single_atom
HAT707_202,HAT707nonMR,Bond Dissociation Energies,Thermochemistry,MACE-POLAR-1-M,73.1699969752973,78.94249096477094,5.772493989473645,5.772493989473645,single_atom
HAT707_203,HAT707nonMR,Bond Dissociation Energies,Thermochemistry,MACE-POLAR-1-M,-47.49999793656158,-53.03323125544907,-5.53323331888749,5.53323331888749,single_atom
HAT707_204,HAT707nonMR,Bond Dissociation Energies,Thermochemistry,MACE-POLAR-1-M,31.42999862871055,37.97350556510642,6.543506936395872,6.543506936395872,single_atom
HAT707_205,HAT707nonMR,Bond Dissociation Energies,Thermochemistry,MACE-POLAR-1-M,129.79999463432537,138.54739341220275,8.747398777877379,8.747398777877379,single_atom
HAT707_206,HAT707nonMR,Bond Dissociation Energies,Thermochemistry,MACE-POLAR-1-M,75.73999686905847,84.77183754288323,9.03184067382476,9.03184067382476,single_atom
HAT707_207,HAT707nonMR,Bond Dissociation Energies,Thermochemistry,MACE-POLAR-1-M,102.19999577525464,109.78479195428824,7.584796179033603,7.584796179033603,single_atom
HAT707_208,HAT707nonMR,Bond Dissociation Energies,Thermochemistry,MACE-POLAR-1-M,65.30999730021375,73.0562341338971,7.746236833683355,7.746236833683355,single_atom
HAT707_209,HAT707nonMR,Bond Dissociation Energies,Thermochemistry,MACE-POLAR-1-M,59.65999763422474,69.2277769384681,9.56777930424336,9.56777930424336,single_atom
HAT707_21,HAT707nonMR,Bond Dissociation Energies,Thermochemistry,MACE-POLAR-1-M,-35.00999853660394,-36.754080128545326,-1.744081591941388,1.744081591941388,single_atom
HAT707_210,HAT707nonMR,Bond Dissociation Energies,Thermochemistry,MACE-POLAR-1-M,91.84999620310305,84.53526035333805,-7.314735849765,7.314735849765,single_atom
HAT707_211,HAT707nonMR,Bond Dissociation Energies,Thermochemistry,MACE-POLAR-1-M,21.009999243855702,29.661227832807818,8.651228588952115,8.651228588952115,single_atom
HAT707_212,HAT707nonMR,Bond Dissociation Energies,Thermochemistry,MACE-POLAR-1-M,-26.679999148809127,-15.707040256943666,10.972958891865462,10.972958891865462,single_atom
HAT707_213,HAT707nonMR,Bond Dissociation Energies,Thermochemistry,MACE-POLAR-1-M,-51.459998129152005,-55.97798724985703,-4.517989120705025,4.517989120705025,single_atom
HAT707_214,HAT707nonMR,Bond Dissociation Energies,Thermochemistry,MACE-POLAR-1-M,-20.77999945134744,-11.25846662893998,9.52153282240746,9.52153282240746,single_atom
HAT707_215,HAT707nonMR,Bond Dissociation Energies,Thermochemistry,MACE-POLAR-1-M,22.54999910958216,16.465990334657207,-6.084008774924953,6.084008774924953,single_atom
HAT707_216,HAT707nonMR,Bond Dissociation Energies,Thermochemistry,MACE-POLAR-1-M,-26.27999888215485,-16.768281344720748,9.511717537434102,9.511717537434102,single_atom
HAT707_217,HAT707nonMR,Bond Dissociation Energies,Thermochemistry,MACE-POLAR-1-M,48.14999797768136,44.36218074506014,-3.7878172326212223,3.7878172326212223,single_atom
HAT707_218,HAT707nonMR,Bond Dissociation Energies,Thermochemistry,MACE-POLAR-1-M,16.989999105393554,12.270870341154223,-4.719128764239331,4.719128764239331,single_atom
HAT707_219,HAT707nonMR,Bond Dissociation Energies,Thermochemistry,MACE-POLAR-1-M,38.97999809266351,47.44144801217283,8.46144991950932,8.46144991950932,single_atom
HAT707_22,HAT707nonMR,Bond Dissociation Energies,Thermochemistry,MACE-POLAR-1-M,0.4500002215473813,-3.3324679548171794,-3.782468176364561,3.782468176364561,single_atom
HAT707_220,HAT707nonMR,Bond Dissociation Energies,Thermochemistry,MACE-POLAR-1-M,-9.109999311636654,1.4830098059352332,10.593009117571889,10.593009117571889,single_atom
HAT707_222,HAT707nonMR,Bond Dissociation Energies,Thermochemistry,MACE-POLAR-1-M,-31.169998863266425,-20.594865795394664,10.57513306787176,10.57513306787176,single_atom
HAT707_223,HAT707nonMR,Bond Dissociation Energies,Thermochemistry,MACE-POLAR-1-M,39.66999809769778,34.27916672513557,-5.390831372562211,5.390831372562211,single_atom
HAT707_224,HAT707nonMR,Bond Dissociation Energies,Thermochemistry,MACE-POLAR-1-M,-42.459998090770696,-35.95919449023698,6.500803600533715,6.500803600533715,single_atom
HAT707_225,HAT707nonMR,Bond Dissociation Energies,Thermochemistry,MACE-POLAR-1-M,4.820000044261236,0.4723933285829211,-4.347606715678315,4.347606715678315,single_atom
HAT707_226,HAT707nonMR,Bond Dissociation Energies,Thermochemistry,MACE-POLAR-1-M,-10.779999687594644,-3.405180460370667,7.374819227223977,7.374819227223977,single_atom
HAT707_227,HAT707nonMR,Bond Dissociation Energies,Thermochemistry,MACE-POLAR-1-M,-27.929998648646123,-34.38034844024336,-6.450349791597237,6.450349791597237,single_atom
HAT707_228,HAT707nonMR,Bond Dissociation Energies,Thermochemistry,MACE-POLAR-1-M,22.32999930805251,31.92463177380814,9.59463246575563,9.59463246575563,single_atom
HAT707_229,HAT707nonMR,Bond Dissociation Energies,Thermochemistry,MACE-POLAR-1-M,-87.96999656756792,-89.91900091097219,-1.949004343404269,1.949004343404269,single_atom
HAT707_23,HAT707nonMR,Bond Dissociation Energies,Thermochemistry,MACE-POLAR-1-M,-54.01999770220718,-56.8833465585851,-2.8633488563779252,2.8633488563779252,single_atom
HAT707_230,HAT707nonMR,Bond Dissociation Energies,Thermochemistry,MACE-POLAR-1-M,9.12999992110337,5.175642636293003,-3.9543572848103663,3.9543572848103663,single_atom
HAT707_231,HAT707nonMR,Bond Dissociation Energies,Thermochemistry,MACE-POLAR-1-M,-40.30999814783893,-30.847470185144143,9.46252796269479,9.46252796269479,single_atom
HAT707_232,HAT707nonMR,Bond Dissociation Energies,Thermochemistry,MACE-POLAR-1-M,-78.37999706144801,-81.11102935954162,-2.7310322980936093,2.7310322980936093,single_atom
HAT707_233,HAT707nonMR,Bond Dissociation Energies,Thermochemistry,MACE-POLAR-1-M,-106.97999573317117,-99.20770399987912,7.77229173329205,7.77229173329205,single_atom
HAT707_234,HAT707nonMR,Bond Dissociation Energies,Thermochemistry,MACE-POLAR-1-M,-0.7099999869915055,5.0097909094275375,5.719790896419043,5.719790896419043,single_atom
HAT707_235,HAT707nonMR,Bond Dissociation Energies,Thermochemistry,MACE-POLAR-1-M,47.12999827035263,66.67516290253526,19.545164632182633,19.545164632182633,single_atom
HAT707_238,HAT707nonMR,Bond Dissociation Energies,Thermochemistry,MACE-POLAR-1-M,116.62999517874648,124.80620734624092,8.176212167494441,8.176212167494441,single_atom
HAT707_239,HAT707nonMR,Bond Dissociation Energies,Thermochemistry,MACE-POLAR-1-M,84.41999651024416,92.53186561019434,8.111869099950184,8.111869099950184,single_atom
HAT707_24,HAT707nonMR,Bond Dissociation Energies,Thermochemistry,MACE-POLAR-1-M,-72.21999697103273,-78.39491586848042,-6.1749188974476965,6.1749188974476965,single_atom
HAT707_240,HAT707nonMR,Bond Dissociation Energies,Thermochemistry,MACE-POLAR-1-M,29.259998703821548,39.966310022890674,10.706311319069126,10.706311319069126,single_atom
HAT707_241,HAT707nonMR,Bond Dissociation Energies,Thermochemistry,MACE-POLAR-1-M,114.53999526514332,123.05576543279916,8.515770167655845,8.515770167655845,single_atom
HAT707_242,HAT707nonMR,Bond Dissociation Energies,Thermochemistry,MACE-POLAR-1-M,39.83999857184379,36.2846596680408,-3.5553389038029906,3.5553389038029906,single_atom
HAT707_243,HAT707nonMR,Bond Dissociation Energies,Thermochemistry,MACE-POLAR-1-M,32.84999860269356,29.180647687962463,-3.6693509147310976,3.6693509147310976,single_atom
HAT707_244,HAT707nonMR,Bond Dissociation Energies,Thermochemistry,MACE-POLAR-1-M,30.41999891236044,26.08360446064113,-4.336394451719311,4.336394451719311,single_atom
HAT707_245,HAT707nonMR,Bond Dissociation Energies,Thermochemistry,MACE-POLAR-1-M,37.6699986469548,34.05719926744949,-3.6127993795053115,3.6127993795053115,single_atom
HAT707_246,HAT707nonMR,Bond Dissociation Energies,Thermochemistry,MACE-POLAR-1-M,43.13999810482634,39.55346193369936,-3.58653617112698,3.58653617112698,single_atom
HAT707_247,HAT707nonMR,Bond Dissociation Energies,Thermochemistry,MACE-POLAR-1-M,54.04999767514305,51.92373161258625,-2.1262660625567946,2.1262660625567946,single_atom
HAT707_248,HAT707nonMR,Bond Dissociation Energies,Thermochemistry,MACE-POLAR-1-M,-33.429998706963005,-34.70014228866419,-1.2701435817011841,1.2701435817011841,single_atom
HAT707_249,HAT707nonMR,Bond Dissociation Energies,Thermochemistry,MACE-POLAR-1-M,63.73999736511453,59.42446649146861,-4.315530873645926,4.315530873645926,single_atom
HAT707_25,HAT707nonMR,Bond Dissociation Energies,Thermochemistry,MACE-POLAR-1-M,-144.62999377065924,-153.33509736513858,-8.70510359447934,8.70510359447934,single_atom
HAT707_250,HAT707nonMR,Bond Dissociation Energies,Thermochemistry,MACE-POLAR-1-M,-38.38999862492492,-46.20236396810883,-7.812365343183906,7.812365343183906,single_atom
HAT707_251,HAT707nonMR,Bond Dissociation Energies,Thermochemistry,MACE-POLAR-1-M,100.09999586206406,94.84034254342616,-5.259653318637902,5.259653318637902,single_atom
HAT707_252,HAT707nonMR,Bond Dissociation Energies,Thermochemistry,MACE-POLAR-1-M,48.6299981721646,40.17933176598891,-8.450666406175685,8.450666406175685,single_atom
HAT707_253,HAT707nonMR,Bond Dissociation Energies,Thermochemistry,MACE-POLAR-1-M,-76.6999966945114,-76.2033122864806,0.49668440803080216,0.49668440803080216,single_atom
HAT707_254,HAT707nonMR,Bond Dissociation Energies,Thermochemistry,MACE-POLAR-1-M,122.66999492906533,119.8513121494778,-2.818682779587519,2.818682779587519,single_atom
HAT707_255,HAT707nonMR,Bond Dissociation Energies,Thermochemistry,MACE-POLAR-1-M,48.20999792355308,60.12613681859585,11.91613889504277,11.91613889504277,single_atom
HAT707_256,HAT707nonMR,Bond Dissociation Energies,Thermochemistry,MACE-POLAR-1-M,66.41999725432856,79.07966346829178,12.65966621396322,12.65966621396322,single_atom
HAT707_257,HAT707nonMR,Bond Dissociation Energies,Thermochemistry,MACE-POLAR-1-M,18.589999544501204,29.57008536917544,10.980085824674237,10.980085824674237,single_atom
HAT707_258,HAT707nonMR,Bond Dissociation Energies,Thermochemistry,MACE-POLAR-1-M,26.27999888215485,36.15081061616569,9.870811734010843,9.870811734010843,single_atom
HAT707_259,HAT707nonMR,Bond Dissociation Energies,Thermochemistry,MACE-POLAR-1-M,31.91999881417241,40.7326033252387,8.81260451106629,8.81260451106629,single_atom
HAT707_26,HAT707nonMR,Bond Dissociation Energies,Thermochemistry,MACE-POLAR-1-M,-14.109999193513053,-19.797494862368616,-5.687495668855563,5.687495668855563,single_atom
HAT707_27,HAT707nonMR,Bond Dissociation Energies,Thermochemistry,MACE-POLAR-1-M,-15.589999113367783,-18.79001342104861,-3.200014307680826,3.200014307680826,single_atom
HAT707_270,HAT707nonMR,Bond Dissociation Energies,Thermochemistry,MACE-POLAR-1-M,62.08999732455786,62.71083740634107,0.6208400817832143,0.6208400817832143,single_atom
HAT707_271,HAT707nonMR,Bond Dissociation Energies,Thermochemistry,MACE-POLAR-1-M,103.80999570870044,102.65540111164356,-1.1545945970568852,1.1545945970568852,single_atom
HAT707_272,HAT707nonMR,Bond Dissociation Energies,Thermochemistry,MACE-POLAR-1-M,55.37999773031848,54.189256775261335,-1.1907409550571444,1.1907409550571444,single_atom
HAT707_274,HAT707nonMR,Bond Dissociation Energies,Thermochemistry,MACE-POLAR-1-M,45.68999831441237,46.33476563552833,0.6447673211159568,0.6447673211159568,single_atom
HAT707_275,HAT707nonMR,Bond Dissociation Energies,Thermochemistry,MACE-POLAR-1-M,14.059999238619952,13.705929147403426,-0.354070091216526,0.354070091216526,single_atom
HAT707_276,HAT707nonMR,Bond Dissociation Energies,Thermochemistry,MACE-POLAR-1-M,15.629999077282264,15.682222731777772,0.05222365449550814,0.05222365449550814,single_atom
HAT707_277,HAT707nonMR,Bond Dissociation Energies,Thermochemistry,MACE-POLAR-1-M,-2.570000191543277,-5.829346578117546,-3.259346386574269,3.259346386574269,single_atom
HAT707_278,HAT707nonMR,Bond Dissociation Energies,Thermochemistry,MACE-POLAR-1-M,30.879998497376967,28.077798104076827,-2.80220039330014,2.80220039330014,single_atom
HAT707_279,HAT707nonMR,Bond Dissociation Energies,Thermochemistry,MACE-POLAR-1-M,-0.500000176440482,-2.7590977601480104,-2.2590975837075282,2.2590975837075282,single_atom
HAT707_28,HAT707nonMR,Bond Dissociation Energies,Thermochemistry,MACE-POLAR-1-M,-69.64999740699892,-72.56556929037336,-2.91557188337444,2.91557188337444,single_atom
HAT707_280,HAT707nonMR,Bond Dissociation Energies,Thermochemistry,MACE-POLAR-1-M,54.05999766612167,53.77555586931427,-0.2844417968073998,0.2844417968073998,single_atom
HAT707_281,HAT707nonMR,Bond Dissociation Energies,Thermochemistry,MACE-POLAR-1-M,-31.91999881417241,-40.73260332524919,-8.812604511076778,8.812604511076778,single_atom
HAT707_282,HAT707nonMR,Bond Dissociation Energies,Thermochemistry,MACE-POLAR-1-M,70.27999709476371,69.05218862903382,-1.2278084657298933,1.2278084657298933,single_atom
HAT707_283,HAT707nonMR,Bond Dissociation Energies,Thermochemistry,MACE-POLAR-1-M,33.389998743048515,32.32363080864268,-1.0663679344058323,1.0663679344058323,single_atom
HAT707_284,HAT707nonMR,Bond Dissociation Energies,Thermochemistry,MACE-POLAR-1-M,27.73999882005234,28.495173613213662,0.7551747931613235,0.7551747931613235,single_atom
HAT707_285,HAT707nonMR,Bond Dissociation Energies,Thermochemistry,MACE-POLAR-1-M,170.229992963029,165.64628971286393,-4.583703250165058,4.583703250165058,single_atom
HAT707_286,HAT707nonMR,Bond Dissociation Energies,Thermochemistry,MACE-POLAR-1-M,-10.909999570316703,-11.071375492446617,-0.16137592212991336,0.16137592212991336,single_atom
HAT707_287,HAT707nonMR,Bond Dissociation Energies,Thermochemistry,MACE-POLAR-1-M,-58.59999733547206,-56.439643582198094,2.1603537532739665,2.1603537532739665,single_atom
HAT707_288,HAT707nonMR,Bond Dissociation Energies,Thermochemistry,MACE-POLAR-1-M,26.91999893229601,25.13304210966886,-1.7869568226271504,1.7869568226271504,single_atom
HAT707_289,HAT707nonMR,Bond Dissociation Energies,Thermochemistry,MACE-POLAR-1-M,-52.69999763801037,-51.991069954194415,0.7089276838159577,0.7089276838159577,single_atom
HAT707_29,HAT707nonMR,Bond Dissociation Energies,Thermochemistry,MACE-POLAR-1-M,-45.5399978222236,-57.771000427469794,-12.231002605246196,12.231002605246196,single_atom
HAT707_290,HAT707nonMR,Bond Dissociation Energies,Thermochemistry,MACE-POLAR-1-M,100.91999582816683,97.5770196941831,-3.34297613398374,3.34297613398374,single_atom
HAT707_291,HAT707nonMR,Bond Dissociation Energies,Thermochemistry,MACE-POLAR-1-M,-58.20999768730587,-57.50088466996469,0.7091130173411813,0.7091130173411813,single_atom
HAT707_292,HAT707nonMR,Bond Dissociation Energies,Thermochemistry,MACE-POLAR-1-M,126.52999476950046,125.47321010458604,-1.0567846649144172,1.0567846649144172,single_atom
HAT707_293,HAT707nonMR,Bond Dissociation Energies,Thermochemistry,MACE-POLAR-1-M,95.35999605800664,93.38189970068012,-1.9780963573265211,1.9780963573265211,single_atom
HAT707_294,HAT707nonMR,Bond Dissociation Energies,Thermochemistry,MACE-POLAR-1-M,7.059999906000574,6.708844686918396,-0.3511552190821776,0.3511552190821776,single_atom
HAT707_295,HAT707nonMR,Bond Dissociation Energies,Thermochemistry,MACE-POLAR-1-M,-41.029998125809065,-39.249593519329686,1.7804046064793795,1.7804046064793795,single_atom
HAT707_298,HAT707nonMR,Bond Dissociation Energies,Thermochemistry,MACE-POLAR-1-M,-63.08999767743883,-61.3274691206491,1.7625285567897322,1.7625285567897322,single_atom
HAT707_299,HAT707nonMR,Bond Dissociation Energies,Thermochemistry,MACE-POLAR-1-M,118.03999512046012,115.39019608466144,-2.6497990357986794,2.6497990357986794,single_atom
HAT707_30,HAT707nonMR,Bond Dissociation Energies,Thermochemistry,MACE-POLAR-1-M,56.6599978306008,52.01379152681322,-4.646206303787579,4.646206303787579,single_atom
HAT707_300,HAT707nonMR,Bond Dissociation Energies,Thermochemistry,MACE-POLAR-1-M,-74.37999690494311,-76.69179781549141,-2.3118009105482997,2.3118009105482997,single_atom
HAT707_301,HAT707nonMR,Bond Dissociation Energies,Thermochemistry,MACE-POLAR-1-M,17.90999953044556,14.566999614563857,-3.3429999158817036,3.3429999158817036,single_atom
HAT707_302,HAT707nonMR,Bond Dissociation Energies,Thermochemistry,MACE-POLAR-1-M,83.19999656067712,81.58342268806686,-1.6165738726102603,1.6165738726102603,single_atom
HAT707_303,HAT707nonMR,Bond Dissociation Energies,Thermochemistry,MACE-POLAR-1-M,-42.699998501767055,-44.13778378561461,-1.4377852838475533,1.4377852838475533,single_atom
HAT707_304,HAT707nonMR,Bond Dissociation Energies,Thermochemistry,MACE-POLAR-1-M,50.44999778529241,46.73068091929302,-3.7193168659993887,3.7193168659993887,single_atom
HAT707_305,HAT707nonMR,Bond Dissociation Energies,Thermochemistry,MACE-POLAR-1-M,-9.589999506119897,-8.807971551446292,0.7820279546736053,0.7820279546736053,single_atom
HAT707_306,HAT707nonMR,Bond Dissociation Energies,Thermochemistry,MACE-POLAR-1-M,87.50999638250988,86.28667199581889,-1.2233243866909902,1.2233243866909902,single_atom
HAT707_307,HAT707nonMR,Bond Dissociation Energies,Thermochemistry,MACE-POLAR-1-M,-45.749998260284094,-49.07184262022592,-3.321844359941828,3.321844359941828,single_atom
HAT707_308,HAT707nonMR,Bond Dissociation Energies,Thermochemistry,MACE-POLAR-1-M,-72.22999696201134,-71.58007351040906,0.6499234516022767,0.6499234516022767,single_atom
HAT707_309,HAT707nonMR,Bond Dissociation Energies,Thermochemistry,MACE-POLAR-1-M,-138.89999454734357,-139.94030732511257,-1.040312777769003,1.040312777769003,single_atom
HAT707_31,HAT707nonMR,Bond Dissociation Energies,Thermochemistry,MACE-POLAR-1-M,19.77999909846648,15.285233706422076,-4.494765392044403,4.494765392044403,single_atom
HAT707_310,HAT707nonMR,Bond Dissociation Energies,Thermochemistry,MACE-POLAR-1-M,-76.4499969200459,-79.76204663346094,-3.3120497134150355,3.3120497134150355,single_atom
HAT707_311,HAT707nonMR,Bond Dissociation Energies,Thermochemistry,MACE-POLAR-1-M,78.37999675992594,81.11102935954162,2.7310325996156735,2.7310325996156735,single_atom
HAT707_312,HAT707nonMR,Bond Dissociation Energies,Thermochemistry,MACE-POLAR-1-M,-28.609998662701766,-18.096674640332253,10.513324022369513,10.513324022369513,single_atom
HAT707_313,HAT707nonMR,Bond Dissociation Energies,Thermochemistry,MACE-POLAR-1-M,52.04999759689059,47.70095821434007,-4.349039382550522,4.349039382550522,single_atom
HAT707_314,HAT707nonMR,Bond Dissociation Energies,Thermochemistry,MACE-POLAR-1-M,-57.16999737051044,-66.70845908289049,-9.538461712380048,9.538461712380048,single_atom
HAT707_318,HAT707nonMR,Bond Dissociation Energies,Thermochemistry,MACE-POLAR-1-M,84.70999649825619,84.0736040209865,-0.6363924772696947,0.6363924772696947,single_atom
HAT707_319,HAT707nonMR,Bond Dissociation Energies,Thermochemistry,MACE-POLAR-1-M,49.06999777522388,45.62817835699149,-3.4418194182323916,3.4418194182323916,single_atom
HAT707_32,HAT707nonMR,Bond Dissociation Energies,Thermochemistry,MACE-POLAR-1-M,14.129999175470292,11.45677651099306,-2.6732226644772314,2.6732226644772314,single_atom
HAT707_320,HAT707nonMR,Bond Dissociation Energies,Thermochemistry,MACE-POLAR-1-M,52.499997818437976,51.79926228493992,-0.7007355334980545,0.7007355334980545,single_atom
HAT707_321,HAT707nonMR,Bond Dissociation Energies,Thermochemistry,MACE-POLAR-1-M,-2.660000110350859,-0.7662933023427871,1.8937068080080717,1.8937068080080717,single_atom
HAT707_322,HAT707nonMR,Bond Dissociation Energies,Thermochemistry,MACE-POLAR-1-M,38.79999825504834,38.28392788993163,-0.516070365116704,0.516070365116704,single_atom
HAT707_323,HAT707nonMR,Bond Dissociation Energies,Thermochemistry,MACE-POLAR-1-M,118.21999500578232,117.39568902758766,-0.8243059781946585,0.8243059781946585,single_atom
HAT707_324,HAT707nonMR,Bond Dissociation Energies,Thermochemistry,MACE-POLAR-1-M,111.22999540197188,110.29167704748836,-0.9383183544835134,0.9383183544835134,single_atom
HAT707_326,HAT707nonMR,Bond Dissociation Energies,Thermochemistry,MACE-POLAR-1-M,108.78999550283716,107.19463382016704,-1.5953616826701165,1.5953616826701165,single_atom
HAT707_327,HAT707nonMR,Bond Dissociation Energies,Thermochemistry,MACE-POLAR-1-M,116.04999520272304,115.16822862697538,-0.8817665757476618,0.8817665757476618,single_atom
HAT707_328,HAT707nonMR,Bond Dissociation Energies,Thermochemistry,MACE-POLAR-1-M,121.51999497660395,120.66449129324624,-0.8555036833577105,0.8555036833577105,single_atom
HAT707_329,HAT707nonMR,Bond Dissociation Energies,Thermochemistry,MACE-POLAR-1-M,132.41999452601925,133.03476097211214,0.6147664460928866,0.6147664460928866,single_atom
HAT707_33,HAT707nonMR,Bond Dissociation Energies,Thermochemistry,MACE-POLAR-1-M,-5.2799996292777625,-15.76660575635147,-10.486606127073708,10.486606127073708,single_atom
HAT707_331,HAT707nonMR,Bond Dissociation Energies,Thermochemistry,MACE-POLAR-1-M,44.94999835448501,46.41088707088267,1.4608887163976618,1.4608887163976618,single_atom
HAT707_332,HAT707nonMR,Bond Dissociation Energies,Thermochemistry,MACE-POLAR-1-M,142.11999412504048,140.53549585095254,-1.5844982740879345,1.5844982740879345,single_atom
HAT707_333,HAT707nonMR,Bond Dissociation Energies,Thermochemistry,MACE-POLAR-1-M,39.989998436523095,34.90866539141707,-5.081333045106028,5.081333045106028,single_atom
HAT707_335,HAT707nonMR,Bond Dissociation Energies,Thermochemistry,MACE-POLAR-1-M,178.47999262199,175.9513719029625,-2.5286207190274865,2.5286207190274865,single_atom
HAT707_337,HAT707nonMR,Bond Dissociation Energies,Thermochemistry,MACE-POLAR-1-M,50.3399978845276,45.52815644524215,-4.811841439285445,4.811841439285445,single_atom
HAT707_338,HAT707nonMR,Bond Dissociation Energies,Thermochemistry,MACE-POLAR-1-M,-38.64999839036904,-51.06114604249481,-12.41114765212577,12.41114765212577,single_atom
HAT707_34,HAT707nonMR,Bond Dissociation Energies,Thermochemistry,MACE-POLAR-1-M,-24.51999921489875,-28.10977259466722,-3.58977337976847,3.58977337976847,single_atom
HAT707_340,HAT707nonMR,Bond Dissociation Energies,Thermochemistry,MACE-POLAR-1-M,127.00999474965847,121.29036112553578,-5.719633624122693,5.719633624122693,single_atom
HAT707_342,HAT707nonMR,Bond Dissociation Energies,Thermochemistry,MACE-POLAR-1-M,46.92999782327075,35.07947460658931,-11.850523216681445,11.850523216681445,single_atom
HAT707_343,HAT707nonMR,Bond Dissociation Energies,Thermochemistry,MACE-POLAR-1-M,44.14999844868593,43.24557512474605,-0.9044233239398807,0.9044233239398807,single_atom
HAT707_344,HAT707nonMR,Bond Dissociation Energies,Thermochemistry,MACE-POLAR-1-M,16.28999910938067,19.393533493393857,3.1035343840131873,3.1035343840131873,single_atom
HAT707_345,HAT707nonMR,Bond Dissociation Energies,Thermochemistry,MACE-POLAR-1-M,34.49999836918484,38.34706014304785,3.847061773863011,3.847061773863011,single_atom
HAT707_347,HAT707nonMR,Bond Dissociation Energies,Thermochemistry,MACE-POLAR-1-M,-13.329999269671209,-11.162517955984612,2.167481313686597,2.167481313686597,single_atom
HAT707_348,HAT707nonMR,Bond Dissociation Energies,Thermochemistry,MACE-POLAR-1-M,-5.639999932017563,-4.581792709078253,1.05820722293931,1.05820722293931,single_atom
HAT707_35,HAT707nonMR,Bond Dissociation Energies,Thermochemistry,MACE-POLAR-1-M,-72.20999698005411,-73.4780406844187,-1.2680437043645867,1.2680437043645867,single_atom
HAT707_351,HAT707nonMR,Bond Dissociation Energies,Thermochemistry,MACE-POLAR-1-M,22.209998788799595,19.270248922315883,-2.9397498664837123,2.9397498664837123,single_atom
HAT707_352,HAT707nonMR,Bond Dissociation Energies,Thermochemistry,MACE-POLAR-1-M,5.699999877889284,3.6632199366421743,-2.0367799412471097,2.0367799412471097,single_atom
HAT707_353,HAT707nonMR,Bond Dissociation Energies,Thermochemistry,MACE-POLAR-1-M,2.6500001193722382,-0.9146169759739732,-3.5646170953462115,3.5646170953462115,single_atom
HAT707_356,HAT707nonMR,Bond Dissociation Energies,Thermochemistry,MACE-POLAR-1-M,-75.7399969330544,-84.77183754288323,-9.031840609828834,9.031840609828834,single_atom
HAT707_357,HAT707nonMR,Bond Dissociation Energies,Thermochemistry,MACE-POLAR-1-M,-76.04999665339162,-75.45448135945568,0.5955152939359323,0.5955152939359323,single_atom
HAT707_36,HAT707nonMR,Bond Dissociation Energies,Thermochemistry,MACE-POLAR-1-M,10.499999312683803,4.485548476936599,-6.014450835747204,6.014450835747204,single_atom
HAT707_369,HAT707nonMR,Bond Dissociation Energies,Thermochemistry,MACE-POLAR-1-M,-2.6500001193722382,0.9146169760106768,3.564617095382915,3.564617095382915,single_atom
HAT707_37,HAT707nonMR,Bond Dissociation Energies,Thermochemistry,MACE-POLAR-1-M,-148.58999396324967,-156.27985335953608,-7.689859396286408,7.689859396286408,single_atom
HAT707_375,HAT707nonMR,Bond Dissociation Energies,Thermochemistry,MACE-POLAR-1-M,-96.12999610872616,-93.21256302144846,2.9174330872777006,2.9174330872777006,single_atom
HAT707_38,HAT707nonMR,Bond Dissociation Energies,Thermochemistry,MACE-POLAR-1-M,-66.31999727357103,-69.02946705641502,-2.709469782843982,2.709469782843982,single_atom
HAT707_381,HAT707nonMR,Bond Dissociation Energies,Thermochemistry,MACE-POLAR-1-M,43.219998032655305,44.355928587338646,1.1359305546833411,1.1359305546833411,single_atom
HAT707_384,HAT707nonMR,Bond Dissociation Energies,Thermochemistry,MACE-POLAR-1-M,-100.08999567380712,-96.15731901583544,3.932676657971683,3.932676657971683,single_atom
HAT707_386,HAT707nonMR,Bond Dissociation Energies,Thermochemistry,MACE-POLAR-1-M,-26.07999906258244,-23.713341431342197,2.366657631240244,2.366657631240244,single_atom
HAT707_388,HAT707nonMR,Bond Dissociation Energies,Thermochemistry,MACE-POLAR-1-M,-0.4800001944832417,4.182848979081711,4.662849173564952,4.662849173564952,single_atom
HAT707_389,HAT707nonMR,Bond Dissociation Energies,Thermochemistry,MACE-POLAR-1-M,-31.639998439261568,-27.90846142484518,3.7315370144163893,3.7315370144163893,single_atom
HAT707_39,HAT707nonMR,Bond Dissociation Energies,Thermochemistry,MACE-POLAR-1-M,-74.57999672451551,-83.8358757750323,-9.255879050516796,9.255879050516796,single_atom
HAT707_393,HAT707nonMR,Bond Dissociation Energies,Thermochemistry,MACE-POLAR-1-M,-85.27999648428118,-85.39649405782549,-0.1164975735443079,0.1164975735443079,single_atom
HAT707_395,HAT707nonMR,Bond Dissociation Energies,Thermochemistry,MACE-POLAR-1-M,-8.959999446957351,-5.900165040863833,3.0598344060935183,3.0598344060935183,single_atom
HAT707_397,HAT707nonMR,Bond Dissociation Energies,Thermochemistry,MACE-POLAR-1-M,-43.80999812790336,-39.70693843743745,4.103059690465912,4.103059690465912,single_atom
HAT707_399,HAT707nonMR,Bond Dissociation Energies,Thermochemistry,MACE-POLAR-1-M,-76.55999682081072,-74.55968020622178,2.0003166145889395,2.0003166145889395,single_atom
HAT707_40,HAT707nonMR,Bond Dissociation Energies,Thermochemistry,MACE-POLAR-1-M,-71.81999733188792,-74.53928177219579,-2.7192844403078738,2.7192844403078738,single_atom
HAT707_401,HAT707nonMR,Bond Dissociation Energies,Thermochemistry,MACE-POLAR-1-M,-136.59999411222302,-130.0983326769611,6.501661435261923,6.501661435261923,single_atom
HAT707_402,HAT707nonMR,Bond Dissociation Energies,Thermochemistry,MACE-POLAR-1-M,-39.49999825106123,-35.00368912968543,4.496309121375802,4.496309121375802,single_atom
HAT707_403,HAT707nonMR,Bond Dissociation Energies,Thermochemistry,MACE-POLAR-1-M,-50.3399978845276,-45.5281564452474,4.811841439280201,4.811841439280201,single_atom
HAT707_405,HAT707nonMR,Bond Dissociation Energies,Thermochemistry,MACE-POLAR-1-M,-127.00999460610312,-121.29036112552004,5.719633480583084,5.719633480583084,single_atom
HAT707_407,HAT707nonMR,Bond Dissociation Energies,Thermochemistry,MACE-POLAR-1-M,-48.6299981721646,-40.17933176598367,8.450666406180929,8.450666406180929,single_atom
HAT707_408,HAT707nonMR,Bond Dissociation Energies,Thermochemistry,MACE-POLAR-1-M,41.159998008531126,41.75914296561122,0.5991449570800924,0.5991449570800924,single_atom
HAT707_409,HAT707nonMR,Bond Dissociation Energies,Thermochemistry,MACE-POLAR-1-M,-59.81999748988267,-65.79384210687456,-5.973844616991897,5.973844616991897,single_atom
HAT707_41,HAT707nonMR,Bond Dissociation Energies,Thermochemistry,MACE-POLAR-1-M,-48.97999785641631,-55.93968536463987,-6.95968750822356,6.95968750822356,single_atom
HAT707_410,HAT707nonMR,Bond Dissociation Energies,Thermochemistry,MACE-POLAR-1-M,-124.73999477142792,-131.7503127599157,-7.01031798848777,7.01031798848777,single_atom
HAT707_415,HAT707nonMR,Bond Dissociation Energies,Thermochemistry,MACE-POLAR-1-M,-8.78999960032081,-3.894672097958608,4.895327502362202,4.895327502362202,single_atom
HAT707_416,HAT707nonMR,Bond Dissociation Energies,Thermochemistry,MACE-POLAR-1-M,-15.779999569471045,-10.998684078036936,4.781315491434109,4.781315491434109,single_atom
HAT707_417,HAT707nonMR,Bond Dissociation Energies,Thermochemistry,MACE-POLAR-1-M,-88.769996473367,-88.9243388325244,-0.1543423591573969,0.1543423591573969,single_atom
HAT707_418,HAT707nonMR,Bond Dissociation Energies,Thermochemistry,MACE-POLAR-1-M,-18.209999259804164,-14.095727305358274,4.11427195444589,4.11427195444589,single_atom
HAT707_419,HAT707nonMR,Bond Dissociation Energies,Thermochemistry,MACE-POLAR-1-M,-10.959999525209806,-6.12213249854991,4.837867026659896,4.837867026659896,single_atom
HAT707_42,HAT707nonMR,Bond Dissociation Energies,Thermochemistry,MACE-POLAR-1-M,-80.1399967287041,-88.03099576853529,-7.890999039831186,7.890999039831186,single_atom
HAT707_420,HAT707nonMR,Bond Dissociation Energies,Thermochemistry,MACE-POLAR-1-M,-5.49000006733826,-0.6258698322790699,4.864130235059189,4.864130235059189,single_atom
HAT707_421,HAT707nonMR,Bond Dissociation Energies,Thermochemistry,MACE-POLAR-1-M,5.4199995029784445,11.744399846607823,6.324400343629379,6.324400343629379,single_atom
HAT707_422,HAT707nonMR,Bond Dissociation Energies,Thermochemistry,MACE-POLAR-1-M,-93.26999617880293,-99.15868205550024,-5.888685876697309,5.888685876697309,single_atom
HAT707_423,HAT707nonMR,Bond Dissociation Energies,Thermochemistry,MACE-POLAR-1-M,-82.05999687912761,-74.87947405464261,7.180522824484996,7.180522824484996,single_atom
HAT707_424,HAT707nonMR,Bond Dissociation Energies,Thermochemistry,MACE-POLAR-1-M,15.109999546394016,19.24513472544823,4.135135179054215,4.135135179054215,single_atom
HAT707_425,HAT707nonMR,Bond Dissociation Energies,Thermochemistry,MACE-POLAR-1-M,-87.01999616958005,-86.38169573409773,0.6383004354823214,0.6383004354823214,single_atom
HAT707_426,HAT707nonMR,Bond Dissociation Energies,Thermochemistry,MACE-POLAR-1-M,51.46999812013062,54.661010777437234,3.191012657306615,3.191012657306615,single_atom
HAT707_427,HAT707nonMR,Bond Dissociation Energies,Thermochemistry,MACE-POLAR-1-M,-103.66999558170052,-103.52388455184224,0.1461110298582753,0.1461110298582753,single_atom
HAT707_428,HAT707nonMR,Bond Dissociation Energies,Thermochemistry,MACE-POLAR-1-M,-41.29999850974128,-50.14652906647889,-8.846530556737612,8.846530556737612,single_atom
HAT707_429,HAT707nonMR,Bond Dissociation Energies,Thermochemistry,MACE-POLAR-1-M,-93.6799964364358,-96.12191368629406,-2.441917249858264,2.441917249858264,single_atom
HAT707_43,HAT707nonMR,Bond Dissociation Energies,Thermochemistry,MACE-POLAR-1-M,-6.559999729560092,-10.329552415302208,-3.7695526857421164,3.7695526857421164,single_atom
HAT707_430,HAT707nonMR,Bond Dissociation Energies,Thermochemistry,MACE-POLAR-1-M,-143.47999418060846,-159.32840849183154,-15.848414311223081,15.848414311223081,single_atom
HAT707_431,HAT707nonMR,Bond Dissociation Energies,Thermochemistry,MACE-POLAR-1-M,76.69999682937386,76.20331228647537,-0.4966845428984925,0.4966845428984925,single_atom
HAT707_436,HAT707nonMR,Bond Dissociation Energies,Thermochemistry,MACE-POLAR-1-M,3.049999758517045,4.5778369126580944,1.5278371541410496,1.5278371541410496,single_atom
HAT707_437,HAT707nonMR,Bond Dissociation Energies,Thermochemistry,MACE-POLAR-1-M,-23.75999927301414,-24.197327687492823,-0.43732841447868154,0.43732841447868154,single_atom
HAT707_44,HAT707nonMR,Bond Dissociation Energies,Thermochemistry,MACE-POLAR-1-M,-54.64999776136973,-56.28799062156078,-1.6379928601910478,1.6379928601910478,single_atom
HAT707_445,HAT707nonMR,Bond Dissociation Energies,Thermochemistry,MACE-POLAR-1-M,67.7399971997623,67.29263011541933,-0.44736708434297157,0.44736708434297157,single_atom
HAT707_446,HAT707nonMR,Bond Dissociation Energies,Thermochemistry,MACE-POLAR-1-M,109.44999547555372,107.23719382069036,-2.2128016548633553,2.2128016548633553,single_atom
HAT707_447,HAT707nonMR,Bond Dissociation Energies,Thermochemistry,MACE-POLAR-1-M,61.01999766233604,58.77104948433959,-2.2489481779964464,2.2489481779964464,single_atom
HAT707_449,HAT707nonMR,Bond Dissociation Energies,Thermochemistry,MACE-POLAR-1-M,51.32999761892047,50.91655834457512,-0.4134392743453503,0.4134392743453503,single_atom
HAT707_450,HAT707nonMR,Bond Dissociation Energies,Thermochemistry,MACE-POLAR-1-M,84.09999652347236,84.43251608851936,0.33251956504700786,0.33251956504700786,single_atom
HAT707_451,HAT707nonMR,Bond Dissociation Energies,Thermochemistry,MACE-POLAR-1-M,19.70999916161613,18.287721856429243,-1.4222773051868849,1.4222773051868849,single_atom
HAT707_452,HAT707nonMR,Bond Dissociation Energies,Thermochemistry,MACE-POLAR-1-M,-56.62999785766494,-58.20887389175255,-1.5788760340876138,1.5788760340876138,single_atom
HAT707_453,HAT707nonMR,Bond Dissociation Energies,Thermochemistry,MACE-POLAR-1-M,5.149999746555701,1.822694948919756,-3.327304797635945,3.327304797635945,single_atom
HAT707_454,HAT707nonMR,Bond Dissociation Energies,Thermochemistry,MACE-POLAR-1-M,-26.27999888215485,-36.15081061616045,-9.8708117340056,9.8708117340056,single_atom
HAT707_455,HAT707nonMR,Bond Dissociation Energies,Thermochemistry,MACE-POLAR-1-M,75.91999686161765,73.63398133808062,-2.2860155235370314,2.2860155235370314,single_atom
HAT707_456,HAT707nonMR,Bond Dissociation Energies,Thermochemistry,MACE-POLAR-1-M,39.02999867506608,36.90542351768948,-2.1245751573766043,2.1245751573766043,single_atom
HAT707_457,HAT707nonMR,Bond Dissociation Energies,Thermochemistry,MACE-POLAR-1-M,33.3799987520699,33.076966322302404,-0.303032429767498,0.303032429767498,single_atom
HAT707_458,HAT707nonMR,Bond Dissociation Energies,Thermochemistry,MACE-POLAR-1-M,82.7199965805191,79.35961771703455,-3.3603788634845415,3.3603788634845415,single_atom
HAT707_459,HAT707nonMR,Bond Dissociation Energies,Thermochemistry,MACE-POLAR-1-M,-5.269999638299143,-6.489582783378849,-1.2195831450797066,1.2195831450797066,single_atom
HAT707_46,HAT707nonMR,Bond Dissociation Energies,Thermochemistry,MACE-POLAR-1-M,17.319999435197495,10.853847263334458,-6.466152171863037,6.466152171863037,single_atom
HAT707_460,HAT707nonMR,Bond Dissociation Energies,Thermochemistry,MACE-POLAR-1-M,-52.95999803096397,-51.85785087313033,1.1021471578336417,1.1021471578336417,single_atom
HAT707_461,HAT707nonMR,Bond Dissociation Energies,Thermochemistry,MACE-POLAR-1-M,-60.589997422745896,-61.15362988615004,-0.5636324634041472,0.5636324634041472,single_atom
HAT707_462,HAT707nonMR,Bond Dissociation Energies,Thermochemistry,MACE-POLAR-1-M,-47.059998333502286,-47.40927724514762,-0.3492789116453352,0.3492789116453352,single_atom
HAT707_463,HAT707nonMR,Bond Dissociation Energies,Thermochemistry,MACE-POLAR-1-M,13.409999197500166,11.290347698332743,-2.119651499167423,2.119651499167423,single_atom
HAT707_464,HAT707nonMR,Bond Dissociation Energies,Thermochemistry,MACE-POLAR-1-M,-52.55999776430969,-52.91909196088644,-0.35909419657674846,0.35909419657674846,single_atom
HAT707_465,HAT707nonMR,Bond Dissociation Energies,Thermochemistry,MACE-POLAR-1-M,39.01999868408747,39.18653810876714,0.16653942467966942,0.16653942467966942,single_atom
HAT707_466,HAT707nonMR,Bond Dissociation Energies,Thermochemistry,MACE-POLAR-1-M,7.859999811799661,7.095227704850736,-0.7647721069489242,0.7647721069489242,single_atom
HAT707_467,HAT707nonMR,Bond Dissociation Energies,Thermochemistry,MACE-POLAR-1-M,12.69999921050866,11.290637395986163,-1.4093618145224962,1.4093618145224962,single_atom
HAT707_468,HAT707nonMR,Bond Dissociation Energies,Thermochemistry,MACE-POLAR-1-M,-35.38999882130098,-34.667800810209485,0.7221980110914927,0.7221980110914927,single_atom
HAT707_47,HAT707nonMR,Bond Dissociation Energies,Thermochemistry,MACE-POLAR-1-M,-76.70999668549003,-78.3658662228697,-1.6558695373796724,1.6558695373796724,single_atom
HAT707_470,HAT707nonMR,Bond Dissociation Energies,Thermochemistry,MACE-POLAR-1-M,-57.44999774542127,-56.74567641158133,0.7043213338399426,0.7043213338399426,single_atom
HAT707_471,HAT707nonMR,Bond Dissociation Energies,Thermochemistry,MACE-POLAR-1-M,30.529998813125257,29.10352408883208,-1.4264747242931755,1.4264747242931755,single_atom
HAT707_472,HAT707nonMR,Bond Dissociation Energies,Thermochemistry,MACE-POLAR-1-M,-68.73999697292554,-72.11000510640267,-3.3700081334771284,3.3700081334771284,single_atom
HAT707_473,HAT707nonMR,Bond Dissociation Energies,Thermochemistry,MACE-POLAR-1-M,-4.3099998768421335,-4.703249307710082,-0.3932494308679484,0.3932494308679484,single_atom
HAT707_474,HAT707nonMR,Bond Dissociation Energies,Thermochemistry,MACE-POLAR-1-M,-37.05999856974949,-39.55599107653636,-2.4959925067868696,2.4959925067868696,single_atom
HAT707_475,HAT707nonMR,Bond Dissociation Energies,Thermochemistry,MACE-POLAR-1-M,28.2299990055142,27.46043199697714,-0.7695670085370594,0.7695670085370594,single_atom
HAT707_476,HAT707nonMR,Bond Dissociation Energies,Thermochemistry,MACE-POLAR-1-M,-3.9499995741023337,-4.226178842378526,-0.2761792682761923,0.2761792682761923,single_atom
HAT707_477,HAT707nonMR,Bond Dissociation Energies,Thermochemistry,MACE-POLAR-1-M,-97.09999586116182,-95.09464354727568,2.005352313886135,2.005352313886135,single_atom
HAT707_478,HAT707nonMR,Bond Dissociation Energies,Thermochemistry,MACE-POLAR-1-M,-67.96999704006231,-68.34209154249984,-0.37209450243753395,0.37209450243753395,single_atom
HAT707_479,HAT707nonMR,Bond Dissociation Energies,Thermochemistry,MACE-POLAR-1-M,-66.58999702999378,-66.99828080133081,-0.4082837713370253,0.4082837713370253,single_atom
HAT707_48,HAT707nonMR,Bond Dissociation Energies,Thermochemistry,MACE-POLAR-1-M,-57.45999773639989,-66.02269938455395,-8.562701648154054,8.562701648154054,single_atom
HAT707_480,HAT707nonMR,Bond Dissociation Energies,Thermochemistry,MACE-POLAR-1-M,-87.5099963550419,-86.28667199582414,1.22332435921777,1.22332435921777,single_atom
HAT707_481,HAT707nonMR,Bond Dissociation Energies,Thermochemistry,MACE-POLAR-1-M,-133.259994615326,-135.3585146160448,-2.0985200007187927,2.0985200007187927,single_atom
HAT707_482,HAT707nonMR,Bond Dissociation Energies,Thermochemistry,MACE-POLAR-1-M,-9.12999992110337,-5.175642636287759,3.95435728481561,3.95435728481561,single_atom
HAT707_483,HAT707nonMR,Bond Dissociation Energies,Thermochemistry,MACE-POLAR-1-M,29.82999881711237,28.43070929198224,-1.3992895251301292,1.3992895251301292,single_atom
HAT707_486,HAT707nonMR,Bond Dissociation Energies,Thermochemistry,MACE-POLAR-1-M,90.34999626511012,88.65539673005426,-1.6945995350558576,1.6945995350558576,single_atom
HAT707_487,HAT707nonMR,Bond Dissociation Energies,Thermochemistry,MACE-POLAR-1-M,2.979999821666704,3.815499406724979,0.8354995850582752,0.8354995850582752,single_atom
HAT707_488,HAT707nonMR,Bond Dissociation Energies,Thermochemistry,MACE-POLAR-1-M,30.70999865074042,31.109017031737302,0.3990183809968819,0.3990183809968819,single_atom
HAT707_489,HAT707nonMR,Bond Dissociation Energies,Thermochemistry,MACE-POLAR-1-M,23.719999309099663,24.005005051658976,0.28500574255931355,0.28500574255931355,single_atom
HAT707_49,HAT707nonMR,Bond Dissociation Energies,Thermochemistry,MACE-POLAR-1-M,-87.98999654952515,-93.730194917712,-5.740198368186853,5.740198368186853,single_atom
HAT707_490,HAT707nonMR,Bond Dissociation Energies,Thermochemistry,MACE-POLAR-1-M,21.289998991257068,20.90796182435861,-0.3820371668984599,0.3820371668984599,single_atom
HAT707_491,HAT707nonMR,Bond Dissociation Energies,Thermochemistry,MACE-POLAR-1-M,28.539998725851422,28.881556631146,0.34155790529457875,0.34155790529457875,single_atom
HAT707_492,HAT707nonMR,Bond Dissociation Energies,Thermochemistry,MACE-POLAR-1-M,34.00999881123245,34.37781929741684,0.36782048618439234,0.36782048618439234,single_atom
HAT707_493,HAT707nonMR,Bond Dissociation Energies,Thermochemistry,MACE-POLAR-1-M,44.909998390570536,46.74808897629325,1.8380905857227177,1.8380905857227177,single_atom
HAT707_494,HAT707nonMR,Bond Dissociation Energies,Thermochemistry,MACE-POLAR-1-M,-42.559998000556895,-39.87578492494671,2.684213075610188,2.684213075610188,single_atom
HAT707_495,HAT707nonMR,Bond Dissociation Energies,Thermochemistry,MACE-POLAR-1-M,54.60999779745524,54.2488238551756,-0.36117394227964184,0.36117394227964184,single_atom
HAT707_496,HAT707nonMR,Bond Dissociation Energies,Thermochemistry,MACE-POLAR-1-M,-47.51999791851881,-51.37800660440183,-3.8580086858830214,3.8580086858830214,single_atom
HAT707_497,HAT707nonMR,Bond Dissociation Energies,Thermochemistry,MACE-POLAR-1-M,90.96999623948012,89.66469990711217,-1.3052963323679592,1.3052963323679592,single_atom
HAT707_498,HAT707nonMR,Bond Dissociation Energies,Thermochemistry,MACE-POLAR-1-M,39.49999825106123,35.00368912968543,-4.496309121375802,4.496309121375802,single_atom
HAT707_499,HAT707nonMR,Bond Dissociation Energies,Thermochemistry,MACE-POLAR-1-M,21.93999903237685,23.975326202514054,2.0353271701372044,2.0353271701372044,single_atom
HAT707_50,HAT707nonMR,Bond Dissociation Energies,Thermochemistry,MACE-POLAR-1-M,-20.82999940624054,-23.367083222638858,-2.5370838163983187,2.5370838163983187,single_atom
HAT707_500,HAT707nonMR,Bond Dissociation Energies,Thermochemistry,MACE-POLAR-1-M,40.13999830120239,42.9288528521261,2.788854550923709,2.788854550923709,single_atom
HAT707_502,HAT707nonMR,Bond Dissociation Energies,Thermochemistry,MACE-POLAR-1-M,-7.689999965163118,-6.580725246906359,1.109274718256759,1.109274718256759,single_atom
HAT707_503,HAT707nonMR,Bond Dissociation Energies,Thermochemistry,MACE-POLAR-1-M,-35.5499986769589,-30.432766878290007,5.117231798668893,5.117231798668893,single_atom
HAT707_504,HAT707nonMR,Bond Dissociation Energies,Thermochemistry,MACE-POLAR-1-M,-22.209998788799595,-19.270248922321127,2.9397498664784685,2.9397498664784685,single_atom
HAT707_507,HAT707nonMR,Bond Dissociation Energies,Thermochemistry,MACE-POLAR-1-M,5.639999932017563,4.58179270907301,-1.058207222944553,1.058207222944553,single_atom
HAT707_508,HAT707nonMR,Bond Dissociation Energies,Thermochemistry,MACE-POLAR-1-M,-52.28999800788695,-51.2571536720048,1.032844335882153,1.032844335882153,single_atom
HAT707_51,HAT707nonMR,Bond Dissociation Energies,Thermochemistry,MACE-POLAR-1-M,-92.3099964173459,-99.82947278118,-7.519476363834102,7.519476363834102,single_atom
HAT707_518,HAT707nonMR,Bond Dissociation Energies,Thermochemistry,MACE-POLAR-1-M,6.719999585218013,8.521580631037786,1.8015810458197725,1.8015810458197725,single_atom
HAT707_519,HAT707nonMR,Bond Dissociation Energies,Thermochemistry,MACE-POLAR-1-M,48.42999772508273,48.46614433639271,0.03614661130998087,0.03614661130998087,single_atom
HAT707_52,HAT707nonMR,Bond Dissociation Energies,Thermochemistry,MACE-POLAR-1-M,-56.31999750981824,-61.1761808878457,-4.85618337802746,4.85618337802746,single_atom
HAT707_520,HAT707nonMR,Bond Dissociation Energies,Thermochemistry,MACE-POLAR-1-M,-5.699999877889284,-3.663219936689365,2.036779941199919,2.036779941199919,single_atom
HAT707_522,HAT707nonMR,Bond Dissociation Energies,Thermochemistry,MACE-POLAR-1-M,-9.6899994159061,-7.854491139722518,1.8355082761835808,1.8355082761835808,single_atom
HAT707_523,HAT707nonMR,Bond Dissociation Energies,Thermochemistry,MACE-POLAR-1-M,23.07999925895849,25.66146660417978,2.581467345221288,2.581467345221288,single_atom
HAT707_524,HAT707nonMR,Bond Dissociation Energies,Thermochemistry,MACE-POLAR-1-M,-41.3099985007199,-40.4833276278684,0.8266708728515013,0.8266708728515013,single_atom
HAT707_525,HAT707nonMR,Bond Dissociation Energies,Thermochemistry,MACE-POLAR-1-M,-55.86999791578034,-56.94835453537789,-1.0783566195975496,1.0783566195975496,single_atom
HAT707_526,HAT707nonMR,Bond Dissociation Energies,Thermochemistry,MACE-POLAR-1-M,-87.2999965444909,-94.92186010054198,-7.621863556051082,7.621863556051082,single_atom
HAT707_527,HAT707nonMR,Bond Dissociation Energies,Thermochemistry,MACE-POLAR-1-M,14.89999910833352,14.862931853782976,-0.03706725455054283,0.03706725455054283,single_atom
HAT707_528,HAT707nonMR,Bond Dissociation Energies,Thermochemistry,MACE-POLAR-1-M,-21.979998996291336,-21.865625966608167,0.11437302968316843,0.11437302968316843,single_atom
HAT707_529,HAT707nonMR,Bond Dissociation Energies,Thermochemistry,MACE-POLAR-1-M,-27.62999891928752,-25.69408316207913,1.935915757208388,1.935915757208388,single_atom
HAT707_53,HAT707nonMR,Bond Dissociation Energies,Thermochemistry,MACE-POLAR-1-M,-125.05999511025324,-134.68221454996433,-9.622219439711088,9.622219439711088,single_atom
HAT707_530,HAT707nonMR,Bond Dissociation Energies,Thermochemistry,MACE-POLAR-1-M,-66.28999730063518,-65.26063226771844,1.0293650329167434,1.0293650329167434,single_atom
HAT707_531,HAT707nonMR,Bond Dissociation Energies,Thermochemistry,MACE-POLAR-1-M,-113.97999506579052,-110.62890035746992,3.351094708320602,3.351094708320602,single_atom
HAT707_532,HAT707nonMR,Bond Dissociation Energies,Thermochemistry,MACE-POLAR-1-M,-108.07999536832884,-106.18032672944526,1.8996686388835826,1.8996686388835826,single_atom
HAT707_533,HAT707nonMR,Bond Dissociation Energies,Thermochemistry,MACE-POLAR-1-M,-113.57999542664574,-111.69014144526798,1.8898539813777546,1.8898539813777546,single_atom
HAT707_534,HAT707nonMR,Bond Dissociation Energies,Thermochemistry,MACE-POLAR-1-M,-48.3199978243179,-47.480412088395376,0.839585735922526,0.839585735922526,single_atom
HAT707_535,HAT707nonMR,Bond Dissociation Energies,Thermochemistry,MACE-POLAR-1-M,-96.40999585612754,-93.43885029459102,2.9711455615365168,2.9711455615365168,single_atom
HAT707_536,HAT707nonMR,Bond Dissociation Energies,Thermochemistry,MACE-POLAR-1-M,-61.51999721126704,-61.19916637035364,0.32083084091340197,0.32083084091340197,single_atom
HAT707_537,HAT707nonMR,Bond Dissociation Energies,Thermochemistry,MACE-POLAR-1-M,-118.46999540775732,-115.51672589592091,2.9532695118364103,2.9532695118364103,single_atom
HAT707_538,HAT707nonMR,Bond Dissociation Energies,Thermochemistry,MACE-POLAR-1-M,-129.74999464428296,-130.8810545907842,-1.1310599465012388,1.1310599465012388,single_atom
HAT707_539,HAT707nonMR,Bond Dissociation Energies,Thermochemistry,MACE-POLAR-1-M,-98.07999623208552,-98.3270405609179,-0.2470443288323736,0.2470443288323736,single_atom
HAT707_54,HAT707nonMR,Bond Dissociation Energies,Thermochemistry,MACE-POLAR-1-M,11.709999476115794,8.796598082090311,-2.913401394025483,2.913401394025483,single_atom
HAT707_540,HAT707nonMR,Bond Dissociation Energies,Thermochemistry,MACE-POLAR-1-M,-64.96999723643837,-62.99722832671812,1.9727689097202514,1.9727689097202514,single_atom
HAT707_541,HAT707nonMR,Bond Dissociation Energies,Thermochemistry,MACE-POLAR-1-M,-127.60999469232983,-125.76933028571234,1.840664406617492,1.840664406617492,single_atom
HAT707_542,HAT707nonMR,Bond Dissociation Energies,Thermochemistry,MACE-POLAR-1-M,-194.27999227766205,-194.1295641003844,0.15042817727763236,0.15042817727763236,single_atom
HAT707_543,HAT707nonMR,Bond Dissociation Energies,Thermochemistry,MACE-POLAR-1-M,-62.86999724839971,-70.37167901957461,-7.501681771174901,7.501681771174901,single_atom
HAT707_544,HAT707nonMR,Bond Dissociation Energies,Thermochemistry,MACE-POLAR-1-M,-41.159998008531126,-41.75914296565317,-0.5991449571220429,0.5991449571220429,single_atom
HAT707_545,HAT707nonMR,Bond Dissociation Energies,Thermochemistry,MACE-POLAR-1-M,-100.97999612592326,-107.55298507252772,-6.572988946604454,6.572988946604454,single_atom
HAT707_548,HAT707nonMR,Bond Dissociation Energies,Thermochemistry,MACE-POLAR-1-M,29.32999864067189,29.88434724567273,0.5543486050008397,0.5543486050008397,single_atom
HAT707_549,HAT707nonMR,Bond Dissociation Energies,Thermochemistry,MACE-POLAR-1-M,-2.8799999118805024,-2.3899944902899564,0.49000542159054605,0.49000542159054605,single_atom
HAT707_55,HAT707nonMR,Bond Dissociation Energies,Thermochemistry,MACE-POLAR-1-M,-23.20999914168056,-25.846368653666897,-2.636369511986338,2.636369511986338,single_atom
HAT707_550,HAT707nonMR,Bond Dissociation Energies,Thermochemistry,MACE-POLAR-1-M,-58.02999784969072,-54.95555007761461,3.0744477720761125,3.0744477720761125,single_atom
HAT707_551,HAT707nonMR,Bond Dissociation Energies,Thermochemistry,MACE-POLAR-1-M,-65.00999720035286,-64.72701114511547,0.2829860552373873,0.2829860552373873,single_atom
HAT707_552,HAT707nonMR,Bond Dissociation Energies,Thermochemistry,MACE-POLAR-1-M,-69.50999690578877,-74.96135436804937,-5.451357462260603,5.451357462260603,single_atom
HAT707_553,HAT707nonMR,Bond Dissociation Energies,Thermochemistry,MACE-POLAR-1-M,-63.25999752407538,-62.18436804670978,1.0756294773656023,1.0756294773656023,single_atom
HAT707_554,HAT707nonMR,Bond Dissociation Energies,Thermochemistry,MACE-POLAR-1-M,-79.90999693619585,-79.32655686445428,0.5834400717415775,0.5834400717415775,single_atom
HAT707_555,HAT707nonMR,Bond Dissociation Energies,Thermochemistry,MACE-POLAR-1-M,-44.349998268258325,-54.72436597917893,-10.374367710920602,10.374367710920602,single_atom
HAT707_556,HAT707nonMR,Bond Dissociation Energies,Thermochemistry,MACE-POLAR-1-M,-69.91999716342167,-71.92458599886416,-2.0045888354424903,2.0045888354424903,single_atom
HAT707_557,HAT707nonMR,Bond Dissociation Energies,Thermochemistry,MACE-POLAR-1-M,-119.71999490759433,-135.13108080440162,-15.411085896807293,15.411085896807293,single_atom
HAT707_558,HAT707nonMR,Bond Dissociation Energies,Thermochemistry,MACE-POLAR-1-M,-39.07999862995919,-34.795723281867474,4.284275348091718,4.284275348091718,single_atom
HAT707_559,HAT707nonMR,Bond Dissociation Energies,Thermochemistry,MACE-POLAR-1-M,-20.87999936113364,-15.842196632255437,5.0378027288782015,5.0378027288782015,single_atom
HAT707_56,HAT707nonMR,Bond Dissociation Energies,Thermochemistry,MACE-POLAR-1-M,-185.0999924016656,-190.2208670206617,-5.120874618996112,5.120874618996112,single_atom
HAT707_560,HAT707nonMR,Bond Dissociation Energies,Thermochemistry,MACE-POLAR-1-M,-68.70999699998968,-65.35177473128789,3.3582222687017946,3.3582222687017946,single_atom
HAT707_561,HAT707nonMR,Bond Dissociation Energies,Thermochemistry,MACE-POLAR-1-M,-61.01999766233604,-58.77104948429764,2.248948178038397,2.248948178038397,single_atom
HAT707_562,HAT707nonMR,Bond Dissociation Energies,Thermochemistry,MACE-POLAR-1-M,-3.049999758517045,-4.5778369126580944,-1.5278371541410496,1.5278371541410496,single_atom
HAT707_563,HAT707nonMR,Bond Dissociation Energies,Thermochemistry,MACE-POLAR-1-M,23.75999927301414,24.19732768740893,0.43732841439478776,0.43732841439478776,single_atom
HAT707_564,HAT707nonMR,Bond Dissociation Energies,Thermochemistry,MACE-POLAR-1-M,-55.37999773031848,-54.18925677526658,1.1907409550519006,1.1907409550519006,single_atom
HAT707_57,HAT707nonMR,Bond Dissociation Energies,Thermochemistry,MACE-POLAR-1-M,-87.99999654050376,-95.12622347342796,-7.126226932924197,7.126226932924197,single_atom
HAT707_578,HAT707nonMR,Bond Dissociation Energies,Thermochemistry,MACE-POLAR-1-M,-6.4299998468380295,-6.501502831792457,-0.07150298495442708,0.07150298495442708,single_atom
HAT707_579,HAT707nonMR,Bond Dissociation Energies,Thermochemistry,MACE-POLAR-1-M,2.8799999118805024,2.3899944903319037,-0.4900054215485987,0.4900054215485987,single_atom
HAT707_58,HAT707nonMR,Bond Dissociation Energies,Thermochemistry,MACE-POLAR-1-M,-84.48999656946073,-87.00592545742863,-2.5159288879679025,2.5159288879679025,single_atom
HAT707_589,HAT707nonMR,Bond Dissociation Energies,Thermochemistry,MACE-POLAR-1-M,-54.05999766612167,-53.77555586931951,0.284441796802156,0.284441796802156,single_atom
HAT707_59,HAT707nonMR,Bond Dissociation Energies,Thermochemistry,MACE-POLAR-1-M,-119.12999481234624,-118.45539061475274,0.6746041975934958,0.6746041975934958,single_atom
HAT707_590,HAT707nonMR,Bond Dissociation Energies,Thermochemistry,MACE-POLAR-1-M,-84.41999663261038,-92.5318656101891,-8.111868977578723,8.111868977578723,single_atom
HAT707_60,HAT707nonMR,Bond Dissociation Energies,Thermochemistry,MACE-POLAR-1-M,-85.83999660659339,-88.61847061264015,-2.778474006046764,2.778474006046764,single_atom
HAT707_61,HAT707nonMR,Bond Dissociation Energies,Thermochemistry,MACE-POLAR-1-M,-175.50999289554568,-181.41289546923116,-5.9029025736854805,5.9029025736854805,single_atom
HAT707_615,HAT707nonMR,Bond Dissociation Energies,Thermochemistry,MACE-POLAR-1-M,0.0,-1.396028555658284,-1.396028555658284,1.396028555658284,single_atom
HAT707_616,HAT707nonMR,Bond Dissociation Energies,Thermochemistry,MACE-POLAR-1-M,-124.72999478044932,-123.37933579533848,1.3506589851108401,1.3506589851108401,single_atom
HAT707_617,HAT707nonMR,Bond Dissociation Energies,Thermochemistry,MACE-POLAR-1-M,-87.5099963550419,-87.6827005515034,-0.17270419646149548,0.17270419646149548,single_atom
HAT707_618,HAT707nonMR,Bond Dissociation Energies,Thermochemistry,MACE-POLAR-1-M,-191.3999923657816,-191.73956961005248,-0.33957724427088465,0.33957724427088465,single_atom
HAT707_62,HAT707nonMR,Bond Dissociation Energies,Thermochemistry,MACE-POLAR-1-M,-152.51999355539476,-156.97870442734367,-4.4587108719489095,4.4587108719489095,single_atom
HAT707_620,HAT707nonMR,Bond Dissociation Energies,Thermochemistry,MACE-POLAR-1-M,-9.13999991208199,-6.571671191967017,2.568328720114973,2.568328720114973,single_atom
HAT707_621,HAT707nonMR,Bond Dissociation Energies,Thermochemistry,MACE-POLAR-1-M,-82.66999632882344,-71.87223050964651,10.79776581917693,10.79776581917693,single_atom
HAT707_622,HAT707nonMR,Bond Dissociation Energies,Thermochemistry,MACE-POLAR-1-M,-63.59999721734846,-73.2099619146777,-9.609964697329247,9.609964697329247,single_atom
HAT707_623,HAT707nonMR,Bond Dissociation Energies,Thermochemistry,MACE-POLAR-1-M,-112.33999529027788,-121.11697544817868,-8.776980157900795,8.776980157900795,single_atom
HAT707_63,HAT707nonMR,Bond Dissociation Energies,Thermochemistry,MACE-POLAR-1-M,-146.09999369953536,-152.32761592382906,-6.227622224293697,6.227622224293697,single_atom
HAT707_64,HAT707nonMR,Bond Dissociation Energies,Thermochemistry,MACE-POLAR-1-M,-97.12999583409766,-100.30186610968951,-3.171870275591857,3.171870275591857,single_atom
HAT707_642,HAT707nonMR,Bond Dissociation Energies,Thermochemistry,MACE-POLAR-1-M,-91.25999610957184,-92.89054724010524,-1.6305511305333908,1.6305511305333908,single_atom
HAT707_644,HAT707nonMR,Bond Dissociation Energies,Thermochemistry,MACE-POLAR-1-M,-81.27999632777627,-85.48857637455707,-4.208580046780796,4.208580046780796,single_atom
HAT707_645,HAT707nonMR,Bond Dissociation Energies,Thermochemistry,MACE-POLAR-1-M,39.48999826008261,33.60766057400617,-5.88233768607644,5.88233768607644,single_atom
HAT707_646,HAT707nonMR,Bond Dissociation Energies,Thermochemistry,MACE-POLAR-1-M,-131.06999470847975,-148.69507118009454,-17.62507647161479,17.62507647161479,single_atom
HAT707_647,HAT707nonMR,Bond Dissociation Energies,Thermochemistry,MACE-POLAR-1-M,-7.129999842850914,-18.69608126272496,-11.566081419874045,11.566081419874045,single_atom
HAT707_65,HAT707nonMR,Bond Dissociation Energies,Thermochemistry,MACE-POLAR-1-M,-98.24999607872208,-90.66224393071086,7.587752148011219,7.587752148011219,single_atom
HAT707_651,HAT707nonMR,Bond Dissociation Energies,Thermochemistry,MACE-POLAR-1-M,-58.13999775045554,-56.38105499400768,1.7589427564478655,1.7589427564478655,single_atom
HAT707_652,HAT707nonMR,Bond Dissociation Energies,Thermochemistry,MACE-POLAR-1-M,-0.7299999689487457,-2.838282895145039,-2.108282926196293,2.108282926196293,single_atom
HAT707_653,HAT707nonMR,Bond Dissociation Energies,Thermochemistry,MACE-POLAR-1-M,-3.779999727465791,-7.416119807761186,-3.6361200802953952,3.6361200802953952,single_atom
HAT707_654,HAT707nonMR,Bond Dissociation Energies,Thermochemistry,MACE-POLAR-1-M,-11.349999800885463,-13.563990375629992,-2.2139905747445283,2.2139905747445283,single_atom
HAT707_655,HAT707nonMR,Bond Dissociation Energies,Thermochemistry,MACE-POLAR-1-M,12.399999481150058,10.633337311736993,-1.766662169413065,1.766662169413065,single_atom
HAT707_656,HAT707nonMR,Bond Dissociation Energies,Thermochemistry,MACE-POLAR-1-M,-52.499997818437976,-51.79926228493468,0.7007355335032983,0.7007355335032983,single_atom
HAT707_657,HAT707nonMR,Bond Dissociation Energies,Thermochemistry,MACE-POLAR-1-M,-129.79999459917607,-138.5473934121975,-8.74739881302142,8.74739881302142,single_atom
HAT707_66,HAT707nonMR,Bond Dissociation Energies,Thermochemistry,MACE-POLAR-1-M,13.309999287713968,9.766875377137357,-3.543123910576611,3.543123910576611,single_atom
HAT707_67,HAT707nonMR,Bond Dissociation Energies,Thermochemistry,MACE-POLAR-1-M,-49.04999779326665,-51.40952407365567,-2.3595262803890193,2.3595262803890193,single_atom
HAT707_68,HAT707nonMR,Bond Dissociation Energies,Thermochemistry,MACE-POLAR-1-M,-15.119999537372635,-27.53752161056773,-12.417522073195094,12.417522073195094,single_atom
HAT707_69,HAT707nonMR,Bond Dissociation Energies,Thermochemistry,MACE-POLAR-1-M,-90.20999642930724,-93.16866703924592,-2.958670609938679,2.958670609938679,single_atom
HAT707_70,HAT707nonMR,Bond Dissociation Energies,Thermochemistry,MACE-POLAR-1-M,-22.13999885194925,-35.49997143876623,-13.35997258681698,13.35997258681698,single_atom
HAT707_73,HAT707nonMR,Bond Dissociation Energies,Thermochemistry,MACE-POLAR-1-M,71.08999706128031,67.0352069187659,-4.05479014251442,4.05479014251442,single_atom
HAT707_74,HAT707nonMR,Bond Dissociation Energies,Thermochemistry,MACE-POLAR-1-M,10.329999466047262,7.694095519788769,-2.635903946258493,2.635903946258493,single_atom
HAT707_75,HAT707nonMR,Bond Dissociation Energies,Thermochemistry,MACE-POLAR-1-M,38.87999818287731,34.760865182719314,-4.119133000157994,4.119133000157994,single_atom
HAT707_76,HAT707nonMR,Bond Dissociation Energies,Thermochemistry,MACE-POLAR-1-M,-16.26999912742343,-17.80469040457388,-1.5346912771504506,1.5346912771504506,single_atom
HAT707_77,HAT707nonMR,Bond Dissociation Energies,Thermochemistry,MACE-POLAR-1-M,-30.849998524441105,-34.28164140044697,-3.431642876005867,3.431642876005867,single_atom
HAT707_78,HAT707nonMR,Bond Dissociation Energies,Thermochemistry,MACE-POLAR-1-M,-57.28999788976335,-64.01720644164872,-6.727208551885376,6.727208551885376,single_atom
HAT707_79,HAT707nonMR,Bond Dissociation Energies,Thermochemistry,MACE-POLAR-1-M,-64.2799972314041,-71.12121842172705,-6.841221190322955,6.841221190322955,single_atom
HAT707_80,HAT707nonMR,Bond Dissociation Energies,Thermochemistry,MACE-POLAR-1-M,13.829999446111689,7.326002488635552,-6.5039969574761365,6.5039969574761365,single_atom
HAT707_81,HAT707nonMR,Bond Dissociation Energies,Thermochemistry,MACE-POLAR-1-M,-66.70999754924671,-74.21826164904839,-7.5082640998016785,7.5082640998016785,single_atom
HAT707_82,HAT707nonMR,Bond Dissociation Energies,Thermochemistry,MACE-POLAR-1-M,-59.45999781465235,-66.24466684224527,-6.784669027592919,6.784669027592919,single_atom
HAT707_83,HAT707nonMR,Bond Dissociation Energies,Thermochemistry,MACE-POLAR-1-M,-53.98999772927132,-60.74840417598492,-6.7584064467136,6.7584064467136,single_atom
HAT707_84,HAT707nonMR,Bond Dissociation Energies,Thermochemistry,MACE-POLAR-1-M,-43.07999815895462,-48.37813449709278,-5.298136338138157,5.298136338138157,single_atom
HAT707_85,HAT707nonMR,Bond Dissociation Energies,Thermochemistry,MACE-POLAR-1-M,9.329999740675772,-2.9083407343403054,-12.238340475016077,12.238340475016077,single_atom
HAT707_86,HAT707nonMR,Bond Dissociation Energies,Thermochemistry,MACE-POLAR-1-M,-130.55999454106066,-135.0020083983485,-4.442013857287833,4.442013857287833,single_atom
HAT707_87,HAT707nonMR,Bond Dissociation Energies,Thermochemistry,MACE-POLAR-1-M,-33.389998743048515,-40.87739961829432,-7.487400875245804,7.487400875245804,single_atom
HAT707_88,HAT707nonMR,Bond Dissociation Energies,Thermochemistry,MACE-POLAR-1-M,-135.5199944590226,-146.50423007778787,-10.984235618765268,10.984235618765268,single_atom
HAT707_89,HAT707nonMR,Bond Dissociation Energies,Thermochemistry,MACE-POLAR-1-M,15.579999122389165,9.868645587062208,-5.711353535326957,5.711353535326957,single_atom
HAT707_90,HAT707nonMR,Bond Dissociation Energies,Thermochemistry,MACE-POLAR-1-M,2.969999830688084,-5.461523566268616,-8.431523396956699,8.431523396956699,single_atom
HAT707_91,HAT707nonMR,Bond Dissociation Energies,Thermochemistry,MACE-POLAR-1-M,-1.0699996622218313,-7.273543230692766,-6.203543568470935,6.203543568470935,single_atom
HAT707_92,HAT707nonMR,Bond Dissociation Energies,Thermochemistry,MACE-POLAR-1-M,-68.78999692781865,-72.92723416950534,-4.137237241686691,4.137237241686691,single_atom
HAT707_93,HAT707nonMR,Bond Dissociation Energies,Thermochemistry,MACE-POLAR-1-M,3.400000070278225,-11.890208570213993,-15.290208640492217,15.290208640492217,single_atom
HAT707_94,HAT707nonMR,Bond Dissociation Energies,Thermochemistry,MACE-POLAR-1-M,8.919999483042872,0.1284276348763726,-8.7915718481665,8.7915718481665,single_atom
HAT707_95,HAT707nonMR,Bond Dissociation Energies,Thermochemistry,MACE-POLAR-1-M,-48.499998289442544,-60.12253434370061,-11.622536054258063,11.622536054258063,single_atom
HAT707_96,HAT707nonMR,Bond Dissociation Energies,Thermochemistry,MACE-POLAR-1-M,-40.87999826112976,-63.0780671706611,-22.198068909531344,22.198068909531344,single_atom
HAT707_97,HAT707nonMR,Bond Dissociation Energies,Thermochemistry,MACE-POLAR-1-M,-97.51999610977332,-105.1920691158604,-7.672073006087089,7.672073006087089,single_atom
HAT707_98,HAT707nonMR,Bond Dissociation Energies,Thermochemistry,MACE-POLAR-1-M,-20.81999941526192,-28.98875682938504,-8.168757414123121,8.168757414123121,single_atom
HAT707_99,HAT707nonMR,Bond Dissociation Energies,Thermochemistry,MACE-POLAR-1-M,-22.7199989562187,-37.48609468377881,-14.76609572756011,14.76609572756011,single_atom
HAT707_1,HAT707nonMR,Bond Dissociation Energies,Thermochemistry,MACE-POLAR-1-S,26.54999863857759,98.612666835404,72.06266819682641,72.06266819682641,single_atom
HAT707_100,HAT707nonMR,Bond Dissociation Energies,Thermochemistry,MACE-POLAR-1-S,5.409999511999825,79.63068127209185,74.22068176009202,74.22068176009202,single_atom
HAT707_101,HAT707nonMR,Bond Dissociation Energies,Thermochemistry,MACE-POLAR-1-S,2.6800000923080995,72.35706079552605,69.67706070321795,69.67706070321795,single_atom
HAT707_102,HAT707nonMR,Bond Dissociation Energies,Thermochemistry,MACE-POLAR-1-S,20.889999352112262,99.72875298292044,78.83875363080818,78.83875363080818,single_atom
HAT707_104,HAT707nonMR,Bond Dissociation Energies,Thermochemistry,MACE-POLAR-1-S,-26.94999890523187,45.284266710445,72.23426561567688,72.23426561567688,single_atom
HAT707_105,HAT707nonMR,Bond Dissociation Energies,Thermochemistry,MACE-POLAR-1-S,-52.06999757884783,27.74978534113882,79.81978291998665,79.81978291998665,single_atom
HAT707_106,HAT707nonMR,Bond Dissociation Energies,Thermochemistry,MACE-POLAR-1-S,-38.72999831819801,35.34321907438616,74.07321739258417,74.07321739258417,single_atom
HAT707_107,HAT707nonMR,Bond Dissociation Energies,Thermochemistry,MACE-POLAR-1-S,-19.25999894006875,58.54574704036222,77.80574598043097,77.80574598043097,single_atom
HAT707_110,HAT707nonMR,Bond Dissociation Energies,Thermochemistry,MACE-POLAR-1-S,-16.519999529398408,65.81936751696996,82.33936704636837,82.33936704636837,single_atom
HAT707_111,HAT707nonMR,Bond Dissociation Energies,Thermochemistry,MACE-POLAR-1-S,47.74999833853655,115.1705606793824,67.42056234084586,67.42056234084586,single_atom
HAT707_112,HAT707nonMR,Bond Dissociation Energies,Thermochemistry,MACE-POLAR-1-S,44.69999795251003,108.61936286230647,63.91936490979644,63.91936490979644,single_atom
HAT707_113,HAT707nonMR,Bond Dissociation Energies,Thermochemistry,MACE-POLAR-1-S,78.83999674091037,144.30457895168604,65.46458221077567,65.46458221077567,single_atom
HAT707_114,HAT707nonMR,Bond Dissociation Energies,Thermochemistry,MACE-POLAR-1-S,102.59999575871892,166.79982077288767,64.19982501416875,64.19982501416875,single_atom
HAT707_115,HAT707nonMR,Bond Dissociation Energies,Thermochemistry,MACE-POLAR-1-S,-13.619999635560664,52.87770044370283,66.4977000792635,66.4977000792635,single_atom
HAT707_116,HAT707nonMR,Bond Dissociation Energies,Thermochemistry,MACE-POLAR-1-S,-145.38999371254386,-77.88470827466499,67.50528543787887,67.50528543787887,single_atom
HAT707_118,HAT707nonMR,Bond Dissociation Energies,Thermochemistry,MACE-POLAR-1-S,17.62999915553472,17.000186348084274,-0.6298128074504454,0.6298128074504454,single_atom
HAT707_12,HAT707nonMR,Bond Dissociation Energies,Thermochemistry,MACE-POLAR-1-S,48.4799983074853,124.026331080391,75.5463327729057,75.5463327729057,single_atom
HAT707_127,HAT707nonMR,Bond Dissociation Energies,Thermochemistry,MACE-POLAR-1-S,242.7099899668493,242.37284658186732,-0.33714338498197094,0.33714338498197094,single_atom
HAT707_128,HAT707nonMR,Bond Dissociation Energies,Thermochemistry,MACE-POLAR-1-S,194.27999227766205,195.91552924088612,1.6355369632240695,1.6355369632240695,single_atom
HAT707_13,HAT707nonMR,Bond Dissociation Energies,Thermochemistry,MACE-POLAR-1-S,90.18999627172391,164.2064850109924,74.01648873926848,74.01648873926848,single_atom
HAT707_131,HAT707nonMR,Bond Dissociation Energies,Thermochemistry,MACE-POLAR-1-S,184.5899923694152,183.16904604378843,-1.4209463256267725,1.4209463256267725,single_atom
HAT707_132,HAT707nonMR,Bond Dissociation Energies,Thermochemistry,MACE-POLAR-1-S,74.28999692899828,55.54615266537658,-18.743844263621696,18.743844263621696,single_atom
HAT707_133,HAT707nonMR,Bond Dissociation Energies,Thermochemistry,MACE-POLAR-1-S,217.359991014768,219.25463472518345,1.894643710415437,1.894643710415437,single_atom
HAT707_134,HAT707nonMR,Bond Dissociation Energies,Thermochemistry,MACE-POLAR-1-S,63.24999738537037,42.78310789586028,-20.466889489510088,20.466889489510088,single_atom
HAT707_135,HAT707nonMR,Bond Dissociation Energies,Thermochemistry,MACE-POLAR-1-S,152.96999367652305,153.16805116965168,0.19805749312862986,0.19805749312862986,single_atom
HAT707_136,HAT707nonMR,Bond Dissociation Energies,Thermochemistry,MACE-POLAR-1-S,44.229998376514885,24.41175376792711,-19.818244608587776,19.818244608587776,single_atom
HAT707_137,HAT707nonMR,Bond Dissociation Energies,Thermochemistry,MACE-POLAR-1-S,26.039999098667963,4.091285391979936,-21.948713706688025,21.948713706688025,single_atom
HAT707_138,HAT707nonMR,Bond Dissociation Energies,Thermochemistry,MACE-POLAR-1-S,138.40999427840475,136.713368408845,-1.696625869559739,1.696625869559739,single_atom
HAT707_139,HAT707nonMR,Bond Dissociation Energies,Thermochemistry,MACE-POLAR-1-S,82.66999658258575,64.36866791835925,-18.301328664226503,18.301328664226503,single_atom
HAT707_14,HAT707nonMR,Bond Dissociation Energies,Thermochemistry,MACE-POLAR-1-S,42.04999846064728,115.44413575574384,73.39413729509656,73.39413729509656,single_atom
HAT707_140,HAT707nonMR,Bond Dissociation Energies,Thermochemistry,MACE-POLAR-1-S,28.609998662701766,3.4211686361659064,-25.18883002653586,25.18883002653586,single_atom
HAT707_141,HAT707nonMR,Bond Dissociation Energies,Thermochemistry,MACE-POLAR-1-S,106.97999557765864,98.5833779518077,-8.396617625850936,8.396617625850936,single_atom
HAT707_142,HAT707nonMR,Bond Dissociation Energies,Thermochemistry,MACE-POLAR-1-S,209.17999135291325,208.72456679374815,-0.4554245591650954,0.4554245591650954,single_atom
HAT707_143,HAT707nonMR,Bond Dissociation Energies,Thermochemistry,MACE-POLAR-1-S,172.29999287745918,171.8026669083277,-0.49732596913148086,0.49732596913148086,single_atom
HAT707_144,HAT707nonMR,Bond Dissociation Energies,Thermochemistry,MACE-POLAR-1-S,166.64999311101909,168.0052707170475,1.3552776060284089,1.3552776060284089,single_atom
HAT707_145,HAT707nonMR,Bond Dissociation Energies,Thermochemistry,MACE-POLAR-1-S,127.99999470873362,132.71837130713317,4.718376598399544,4.718376598399544,single_atom
HAT707_146,HAT707nonMR,Bond Dissociation Energies,Thermochemistry,MACE-POLAR-1-S,80.29999668055672,82.65078485783297,2.3507881772762573,2.3507881772762573,single_atom
HAT707_147,HAT707nonMR,Bond Dissociation Energies,Thermochemistry,MACE-POLAR-1-S,86.19999643666293,87.56895741386116,1.3689609771982276,1.3689609771982276,single_atom
HAT707_148,HAT707nonMR,Bond Dissociation Energies,Thermochemistry,MACE-POLAR-1-S,80.69999666402163,82.03445096731302,1.3344543032913947,1.3344543032913947,single_atom
HAT707_149,HAT707nonMR,Bond Dissociation Energies,Thermochemistry,MACE-POLAR-1-S,145.95999382583466,146.13194153338415,0.17194770754949218,0.17194770754949218,single_atom
HAT707_15,HAT707nonMR,Bond Dissociation Energies,Thermochemistry,MACE-POLAR-1-S,41.759998094757805,117.74916767000072,75.98916957524291,75.98916957524291,single_atom
HAT707_150,HAT707nonMR,Bond Dissociation Energies,Thermochemistry,MACE-POLAR-1-S,97.86999595424828,99.83922401682594,1.9692280625776561,1.9692280625776561,single_atom
HAT707_151,HAT707nonMR,Bond Dissociation Energies,Thermochemistry,MACE-POLAR-1-S,8.399999952154623,7.376583224928709,-1.0234167272259143,1.0234167272259143,single_atom
HAT707_152,HAT707nonMR,Bond Dissociation Energies,Thermochemistry,MACE-POLAR-1-S,75.80999686990474,81.93758870908918,6.127591839184447,6.127591839184447,single_atom
HAT707_153,HAT707nonMR,Bond Dissociation Energies,Thermochemistry,MACE-POLAR-1-S,64.52999733245754,56.31770222651468,-8.212295105942857,8.212295105942857,single_atom
HAT707_154,HAT707nonMR,Bond Dissociation Energies,Thermochemistry,MACE-POLAR-1-S,63.65999736842143,62.97324535356436,-0.6867520148570705,0.6867520148570705,single_atom
HAT707_155,HAT707nonMR,Bond Dissociation Energies,Thermochemistry,MACE-POLAR-1-S,96.19999602328237,95.2327675018968,-0.9672285213855645,0.9672285213855645,single_atom
HAT707_156,HAT707nonMR,Bond Dissociation Energies,Thermochemistry,MACE-POLAR-1-S,129.30999465458058,130.63610432101325,1.3261096664326715,1.3261096664326715,single_atom
HAT707_157,HAT707nonMR,Bond Dissociation Energies,Thermochemistry,MACE-POLAR-1-S,66.67999694880136,61.1175938805183,-5.562403068283061,5.562403068283061,single_atom
HAT707_158,HAT707nonMR,Bond Dissociation Energies,Thermochemistry,MACE-POLAR-1-S,-47.84999824832275,-76.30438079035041,-28.45438254202766,28.45438254202766,single_atom
HAT707_159,HAT707nonMR,Bond Dissociation Energies,Thermochemistry,MACE-POLAR-1-S,97.79999595714196,96.04022354600836,-1.7597724111335964,1.7597724111335964,single_atom
HAT707_160,HAT707nonMR,Bond Dissociation Energies,Thermochemistry,MACE-POLAR-1-S,-31.0599989625016,-31.57845830114073,-0.5184593386391327,0.5184593386391327,single_atom
HAT707_162,HAT707nonMR,Bond Dissociation Energies,Thermochemistry,MACE-POLAR-1-S,223.6099907564051,223.6789792642256,0.06898850782050658,0.06898850782050658,single_atom
HAT707_163,HAT707nonMR,Bond Dissociation Energies,Thermochemistry,MACE-POLAR-1-S,94.8199960803291,96.27826217133614,1.458266091007033,1.458266091007033,single_atom
HAT707_164,HAT707nonMR,Bond Dissociation Energies,Thermochemistry,MACE-POLAR-1-S,191.39999208790343,193.12496532006284,1.7249732321594138,1.7249732321594138,single_atom
HAT707_165,HAT707nonMR,Bond Dissociation Energies,Thermochemistry,MACE-POLAR-1-S,136.24999436769463,138.6574123644387,2.4074179967440728,2.4074179967440728,single_atom
HAT707_166,HAT707nonMR,Bond Dissociation Energies,Thermochemistry,MACE-POLAR-1-S,67.40999721340434,49.446162908240446,-17.963834305163893,17.963834305163893,single_atom
HAT707_167,HAT707nonMR,Bond Dissociation Energies,Thermochemistry,MACE-POLAR-1-S,4.909999963068817,1.4654261071359698,-3.444573855932847,3.444573855932847,single_atom
HAT707_168,HAT707nonMR,Bond Dissociation Energies,Thermochemistry,MACE-POLAR-1-S,0.4100002576329006,-9.817454538473903,-10.227454796106803,10.227454796106803,single_atom
HAT707_169,HAT707nonMR,Bond Dissociation Energies,Thermochemistry,MACE-POLAR-1-S,6.659999639346293,4.437964938936488,-2.2220347004098056,2.2220347004098056,single_atom
HAT707_170,HAT707nonMR,Bond Dissociation Energies,Thermochemistry,MACE-POLAR-1-S,-9.989999772774176,-7.943824550252215,2.0461752225219616,2.0461752225219616,single_atom
HAT707_171,HAT707nonMR,Bond Dissociation Energies,Thermochemistry,MACE-POLAR-1-S,-49.79999774417263,-84.55169844280492,-34.75170069863229,34.75170069863229,single_atom
HAT707_172,HAT707nonMR,Bond Dissociation Energies,Thermochemistry,MACE-POLAR-1-S,75.53999687732633,8.32286565967813,-67.2171312176482,67.2171312176482,single_atom
HAT707_173,HAT707nonMR,Bond Dissociation Energies,Thermochemistry,MACE-POLAR-1-S,89.89999628371187,87.1087799900404,-2.791216293671468,2.791216293671468,single_atom
HAT707_174,HAT707nonMR,Bond Dissociation Energies,Thermochemistry,MACE-POLAR-1-S,155.19999358433947,150.52342236632757,-4.676571218011901,4.676571218011901,single_atom
HAT707_175,HAT707nonMR,Bond Dissociation Energies,Thermochemistry,MACE-POLAR-1-S,173.39999283198716,177.8951145537639,4.495121721776741,4.495121721776741,single_atom
HAT707_177,HAT707nonMR,Bond Dissociation Energies,Thermochemistry,MACE-POLAR-1-S,125.56999480918508,123.4506282813304,-2.1193665278546803,2.1193665278546803,single_atom
HAT707_178,HAT707nonMR,Bond Dissociation Energies,Thermochemistry,MACE-POLAR-1-S,32.41999836310342,35.22788405912932,2.807885696025906,2.807885696025906,single_atom
HAT707_179,HAT707nonMR,Bond Dissociation Energies,Thermochemistry,MACE-POLAR-1-S,45.749998260284094,42.82131779237667,-2.9286804679074265,2.9286804679074265,single_atom
HAT707_18,HAT707nonMR,Bond Dissociation Energies,Thermochemistry,MACE-POLAR-1-S,32.06999867885171,105.0026844729135,72.9326857940618,72.9326857940618,single_atom
HAT707_180,HAT707nonMR,Bond Dissociation Energies,Thermochemistry,MACE-POLAR-1-S,133.25999449129563,136.71210861124763,3.4521141199520002,3.4521141199520002,single_atom
HAT707_183,HAT707nonMR,Bond Dissociation Energies,Thermochemistry,MACE-POLAR-1-S,67.96999704006231,73.29746623491852,5.3274691948562065,5.3274691948562065,single_atom
HAT707_184,HAT707nonMR,Bond Dissociation Energies,Thermochemistry,MACE-POLAR-1-S,69.91999710964599,62.69209846441875,-7.227898645227242,7.227898645227242,single_atom
HAT707_185,HAT707nonMR,Bond Dissociation Energies,Thermochemistry,MACE-POLAR-1-S,93.67999612745452,85.18734028557843,-8.492655841876086,8.492655841876086,single_atom
HAT707_186,HAT707nonMR,Bond Dissociation Energies,Thermochemistry,MACE-POLAR-1-S,138.89999425814892,131.04406201457775,-7.855932243571175,7.855932243571175,single_atom
HAT707_187,HAT707nonMR,Bond Dissociation Energies,Thermochemistry,MACE-POLAR-1-S,-47.12999827035263,-77.88814887751543,-30.758150607162804,30.758150607162804,single_atom
HAT707_19,HAT707nonMR,Bond Dissociation Energies,Thermochemistry,MACE-POLAR-1-S,-23.959999092586543,55.54959326821129,79.50959236079782,79.50959236079782,single_atom
HAT707_193,HAT707nonMR,Bond Dissociation Energies,Thermochemistry,MACE-POLAR-1-S,94.01999611339927,103.60931469946348,9.58931858606421,9.58931858606421,single_atom
HAT707_194,HAT707nonMR,Bond Dissociation Energies,Thermochemistry,MACE-POLAR-1-S,135.72999438919072,143.7894686300544,8.059474240863665,8.059474240863665,single_atom
HAT707_195,HAT707nonMR,Bond Dissociation Energies,Thermochemistry,MACE-POLAR-1-S,87.29999639119096,97.3321512890732,10.032154897882236,10.032154897882236,single_atom
HAT707_197,HAT707nonMR,Bond Dissociation Energies,Thermochemistry,MACE-POLAR-1-S,77.60999679175653,84.58566809197549,6.975671300218963,6.975671300218963,single_atom
HAT707_198,HAT707nonMR,Bond Dissociation Energies,Thermochemistry,MACE-POLAR-1-S,121.42999498032408,133.43430154288677,12.00430656256269,12.00430656256269,single_atom
HAT707_199,HAT707nonMR,Bond Dissociation Energies,Thermochemistry,MACE-POLAR-1-S,110.37999543710936,120.67125677339143,10.291261336282076,10.291261336282076,single_atom
HAT707_20,HAT707nonMR,Bond Dissociation Energies,Thermochemistry,MACE-POLAR-1-S,64.83999731964255,141.08827315432944,76.2482758346869,76.2482758346869,single_atom
HAT707_200,HAT707nonMR,Bond Dissociation Energies,Thermochemistry,MACE-POLAR-1-S,45.98999804377098,54.58467321783874,8.59467517406776,8.59467517406776,single_atom
HAT707_201,HAT707nonMR,Bond Dissociation Energies,Thermochemistry,MACE-POLAR-1-S,91.36999622294502,102.2999026454478,10.929906422502782,10.929906422502782,single_atom
HAT707_202,HAT707nonMR,Bond Dissociation Energies,Thermochemistry,MACE-POLAR-1-S,73.1699969752973,81.97943426949013,8.809437294192833,8.809437294192833,single_atom
HAT707_203,HAT707nonMR,Bond Dissociation Energies,Thermochemistry,MACE-POLAR-1-S,-47.49999793656158,-56.94574306552021,-9.445745128958634,9.445745128958634,single_atom
HAT707_204,HAT707nonMR,Bond Dissociation Energies,Thermochemistry,MACE-POLAR-1-S,31.42999862871055,38.12999045703208,6.699991828321529,6.699991828321529,single_atom
HAT707_205,HAT707nonMR,Bond Dissociation Energies,Thermochemistry,MACE-POLAR-1-S,129.79999463432537,142.25681679586944,12.456822161544068,12.456822161544068,single_atom
HAT707_206,HAT707nonMR,Bond Dissociation Energies,Thermochemistry,MACE-POLAR-1-S,75.73999686905847,81.30931751367609,5.569320644617619,5.569320644617619,single_atom
HAT707_207,HAT707nonMR,Bond Dissociation Energies,Thermochemistry,MACE-POLAR-1-S,102.19999577525464,110.14118884193525,7.941193066680611,7.941193066680611,single_atom
HAT707_208,HAT707nonMR,Bond Dissociation Energies,Thermochemistry,MACE-POLAR-1-S,65.30999730021375,73.21928895653573,7.909291656321983,7.909291656321983,single_atom
HAT707_209,HAT707nonMR,Bond Dissociation Energies,Thermochemistry,MACE-POLAR-1-S,59.65999763422474,69.42189276523455,9.761895131009808,9.761895131009808,single_atom
HAT707_21,HAT707nonMR,Bond Dissociation Energies,Thermochemistry,MACE-POLAR-1-S,-35.00999853660394,42.786548498715966,77.7965470353199,77.7965470353199,single_atom
HAT707_210,HAT707nonMR,Bond Dissociation Energies,Thermochemistry,MACE-POLAR-1-S,91.84999620310305,81.4508221148293,-10.399174088273753,10.399174088273753,single_atom
HAT707_211,HAT707nonMR,Bond Dissociation Energies,Thermochemistry,MACE-POLAR-1-S,21.009999243855702,34.13499335532021,13.12499411146451,13.12499411146451,single_atom
HAT707_212,HAT707nonMR,Bond Dissociation Energies,Thermochemistry,MACE-POLAR-1-S,-26.679999148809127,-15.932593093979964,10.747406054829163,10.747406054829163,single_atom
HAT707_213,HAT707nonMR,Bond Dissociation Energies,Thermochemistry,MACE-POLAR-1-S,-51.459998129152005,-59.57737229156333,-8.117374162411323,8.117374162411323,single_atom
HAT707_214,HAT707nonMR,Bond Dissociation Energies,Thermochemistry,MACE-POLAR-1-S,-20.77999945134744,-11.014420537930809,9.76557891341663,9.76557891341663,single_atom
HAT707_215,HAT707nonMR,Bond Dissociation Energies,Thermochemistry,MACE-POLAR-1-S,22.54999910958216,12.859929989841172,-9.690069119740988,9.690069119740988,single_atom
HAT707_216,HAT707nonMR,Bond Dissociation Energies,Thermochemistry,MACE-POLAR-1-S,-26.27999888215485,-16.548926984499925,9.731071897654925,9.731071897654925,single_atom
HAT707_217,HAT707nonMR,Bond Dissociation Energies,Thermochemistry,MACE-POLAR-1-S,48.14999797768136,40.96095446237906,-7.189043515302302,7.189043515302302,single_atom
HAT707_218,HAT707nonMR,Bond Dissociation Energies,Thermochemistry,MACE-POLAR-1-S,16.989999105393554,8.740718583718508,-8.249280521675047,8.249280521675047,single_atom
HAT707_219,HAT707nonMR,Bond Dissociation Energies,Thermochemistry,MACE-POLAR-1-S,38.97999809266351,47.548563581571216,8.568565488907709,8.568565488907709,single_atom
HAT707_22,HAT707nonMR,Bond Dissociation Energies,Thermochemistry,MACE-POLAR-1-S,0.4500002215473813,75.00168959877675,74.55168937722937,74.55168937722937,single_atom
HAT707_220,HAT707nonMR,Bond Dissociation Energies,Thermochemistry,MACE-POLAR-1-S,-9.109999311636654,1.25584606501299,10.365845376649645,10.365845376649645,single_atom
HAT707_222,HAT707nonMR,Bond Dissociation Energies,Thermochemistry,MACE-POLAR-1-S,-31.169998863266425,-16.645789242723755,14.52420962054267,14.52420962054267,single_atom
HAT707_223,HAT707nonMR,Bond Dissociation Energies,Thermochemistry,MACE-POLAR-1-S,39.66999809769778,30.67003951678532,-8.999958580912459,8.999958580912459,single_atom
HAT707_224,HAT707nonMR,Bond Dissociation Energies,Thermochemistry,MACE-POLAR-1-S,-42.459998090770696,-42.265675725298266,0.19432236547243065,0.19432236547243065,single_atom
HAT707_225,HAT707nonMR,Bond Dissociation Energies,Thermochemistry,MACE-POLAR-1-S,4.820000044261236,-11.59563937816169,-16.415639422422927,16.415639422422927,single_atom
HAT707_226,HAT707nonMR,Bond Dissociation Energies,Thermochemistry,MACE-POLAR-1-S,-10.779999687594644,-3.35061044991614,7.429389237678505,7.429389237678505,single_atom
HAT707_227,HAT707nonMR,Bond Dissociation Energies,Thermochemistry,MACE-POLAR-1-S,-27.929998648646123,-42.75075960611642,-14.820760957470295,14.820760957470295,single_atom
HAT707_228,HAT707nonMR,Bond Dissociation Energies,Thermochemistry,MACE-POLAR-1-S,22.32999930805251,32.05272636922127,9.722727061168758,9.722727061168758,single_atom
HAT707_229,HAT707nonMR,Bond Dissociation Energies,Thermochemistry,MACE-POLAR-1-S,-87.96999656756792,-95.57016700919058,-7.600170441622666,7.600170441622666,single_atom
HAT707_23,HAT707nonMR,Bond Dissociation Energies,Thermochemistry,MACE-POLAR-1-S,-54.01999770220718,24.41519437077231,78.43519207297949,78.43519207297949,single_atom
HAT707_230,HAT707nonMR,Bond Dissociation Energies,Thermochemistry,MACE-POLAR-1-S,9.12999992110337,-1.2714184967655808,-10.40141841786895,10.40141841786895,single_atom
HAT707_231,HAT707nonMR,Bond Dissociation Energies,Thermochemistry,MACE-POLAR-1-S,-40.30999814783893,-37.46578407129464,2.84421407654429,2.84421407654429,single_atom
HAT707_232,HAT707nonMR,Bond Dissociation Energies,Thermochemistry,MACE-POLAR-1-S,-78.37999706144801,-95.16220931564705,-16.782212254199038,16.782212254199038,single_atom
HAT707_233,HAT707nonMR,Bond Dissociation Energies,Thermochemistry,MACE-POLAR-1-S,-106.97999573317117,-98.58337795181296,8.396617781358202,8.396617781358202,single_atom
HAT707_234,HAT707nonMR,Bond Dissociation Energies,Thermochemistry,MACE-POLAR-1-S,-0.7099999869915055,1.5837680871597777,2.2937680741512834,2.2937680741512834,single_atom
HAT707_235,HAT707nonMR,Bond Dissociation Energies,Thermochemistry,MACE-POLAR-1-S,47.12999827035263,77.88814887751019,30.75815060715756,30.75815060715756,single_atom
HAT707_238,HAT707nonMR,Bond Dissociation Energies,Thermochemistry,MACE-POLAR-1-S,116.62999517874648,125.09560131241264,8.465606133666157,8.465606133666157,single_atom
HAT707_239,HAT707nonMR,Bond Dissociation Energies,Thermochemistry,MACE-POLAR-1-S,84.41999651024416,94.54158736827088,10.121590858026721,10.121590858026721,single_atom
HAT707_24,HAT707nonMR,Bond Dissociation Energies,Thermochemistry,MACE-POLAR-1-S,-72.21999697103273,4.094725994814647,76.31472296584738,76.31472296584738,single_atom
HAT707_240,HAT707nonMR,Bond Dissociation Energies,Thermochemistry,MACE-POLAR-1-S,29.259998703821548,40.07403441262575,10.814035708804202,10.814035708804202,single_atom
HAT707_241,HAT707nonMR,Bond Dissociation Energies,Thermochemistry,MACE-POLAR-1-S,114.53999526514332,127.33431178575064,12.794316520607325,12.794316520607325,single_atom
HAT707_242,HAT707nonMR,Bond Dissociation Energies,Thermochemistry,MACE-POLAR-1-S,39.83999857184379,32.65552972049273,-7.184468851351063,7.184468851351063,single_atom
HAT707_243,HAT707nonMR,Bond Dissociation Energies,Thermochemistry,MACE-POLAR-1-S,32.84999860269356,25.733339426252943,-7.116659176440617,7.116659176440617,single_atom
HAT707_244,HAT707nonMR,Bond Dissociation Energies,Thermochemistry,MACE-POLAR-1-S,30.41999891236044,22.703284054666717,-7.716714857693724,7.716714857693724,single_atom
HAT707_245,HAT707nonMR,Bond Dissociation Energies,Thermochemistry,MACE-POLAR-1-S,37.6699986469548,30.61404776739233,-7.055950879562474,7.055950879562474,single_atom
HAT707_246,HAT707nonMR,Bond Dissociation Energies,Thermochemistry,MACE-POLAR-1-S,43.13999810482634,38.23804429560453,-4.9019538092218085,4.9019538092218085,single_atom
HAT707_247,HAT707nonMR,Bond Dissociation Energies,Thermochemistry,MACE-POLAR-1-S,54.04999767514305,48.0383841459446,-6.011613529198449,6.011613529198449,single_atom
HAT707_248,HAT707nonMR,Bond Dissociation Energies,Thermochemistry,MACE-POLAR-1-S,-33.429998706963005,-34.42890713370553,-0.9989084267425241,0.9989084267425241,single_atom
HAT707_249,HAT707nonMR,Bond Dissociation Energies,Thermochemistry,MACE-POLAR-1-S,63.73999736511453,56.07752147684521,-7.66247588826932,7.66247588826932,single_atom
HAT707_25,HAT707nonMR,Bond Dissociation Energies,Thermochemistry,MACE-POLAR-1-S,-144.62999377065924,-82.12604187074481,62.503951899914426,62.503951899914426,single_atom
HAT707_250,HAT707nonMR,Bond Dissociation Energies,Thermochemistry,MACE-POLAR-1-S,-38.38999862492492,-49.51292677920653,-11.12292815428161,11.12292815428161,single_atom
HAT707_251,HAT707nonMR,Bond Dissociation Energies,Thermochemistry,MACE-POLAR-1-S,100.09999586206406,87.38986317214007,-12.710132689923995,12.710132689923995,single_atom
HAT707_252,HAT707nonMR,Bond Dissociation Energies,Thermochemistry,MACE-POLAR-1-S,48.6299981721646,31.236448567403947,-17.39354960476065,17.39354960476065,single_atom
HAT707_253,HAT707nonMR,Bond Dissociation Energies,Thermochemistry,MACE-POLAR-1-S,-76.6999966945114,-61.63811553508959,15.061881159421809,15.061881159421809,single_atom
HAT707_254,HAT707nonMR,Bond Dissociation Energies,Thermochemistry,MACE-POLAR-1-S,122.66999492906533,86.21101453718832,-36.458980391877006,36.458980391877006,single_atom
HAT707_255,HAT707nonMR,Bond Dissociation Energies,Thermochemistry,MACE-POLAR-1-S,48.20999792355308,51.94004441451463,3.7300464909615485,3.7300464909615485,single_atom
HAT707_256,HAT707nonMR,Bond Dissociation Energies,Thermochemistry,MACE-POLAR-1-S,66.41999725432856,79.31173660195097,12.891739347622405,12.891739347622405,single_atom
HAT707_257,HAT707nonMR,Bond Dissociation Energies,Thermochemistry,MACE-POLAR-1-S,18.589999544501204,24.867250329517468,6.277250785016264,6.277250785016264,single_atom
HAT707_258,HAT707nonMR,Bond Dissociation Energies,Thermochemistry,MACE-POLAR-1-S,26.27999888215485,38.12873065943469,11.848731777279838,11.848731777279838,single_atom
HAT707_259,HAT707nonMR,Bond Dissociation Energies,Thermochemistry,MACE-POLAR-1-S,31.91999881417241,32.46068406276481,0.5406852485924034,0.5406852485924034,single_atom
HAT707_26,HAT707nonMR,Bond Dissociation Energies,Thermochemistry,MACE-POLAR-1-S,-14.109999193513053,58.547006837970095,72.65700603148315,72.65700603148315,single_atom
HAT707_27,HAT707nonMR,Bond Dissociation Energies,Thermochemistry,MACE-POLAR-1-S,-15.589999113367783,64.37210852121493,79.96210763458271,79.96210763458271,single_atom
HAT707_270,HAT707nonMR,Bond Dissociation Energies,Thermochemistry,MACE-POLAR-1-S,62.08999732455786,71.1486306367039,9.058633312146043,9.058633312146043,single_atom
HAT707_271,HAT707nonMR,Bond Dissociation Energies,Thermochemistry,MACE-POLAR-1-S,103.80999570870044,111.32878456727386,7.518788858573416,7.518788858573416,single_atom
HAT707_272,HAT707nonMR,Bond Dissociation Energies,Thermochemistry,MACE-POLAR-1-S,55.37999773031848,64.87146722631363,9.491469495995148,9.491469495995148,single_atom
HAT707_274,HAT707nonMR,Bond Dissociation Energies,Thermochemistry,MACE-POLAR-1-S,45.68999831441237,52.12498402919495,6.434985714782577,6.434985714782577,single_atom
HAT707_275,HAT707nonMR,Bond Dissociation Energies,Thermochemistry,MACE-POLAR-1-S,14.059999238619952,22.1239891550582,8.06398991643825,8.06398991643825,single_atom
HAT707_276,HAT707nonMR,Bond Dissociation Energies,Thermochemistry,MACE-POLAR-1-S,15.629999077282264,20.99058513174548,5.360586054463216,5.360586054463216,single_atom
HAT707_277,HAT707nonMR,Bond Dissociation Energies,Thermochemistry,MACE-POLAR-1-S,-2.570000191543277,0.6701167557982993,3.2401169473415763,3.2401169473415763,single_atom
HAT707_278,HAT707nonMR,Bond Dissociation Energies,Thermochemistry,MACE-POLAR-1-S,30.879998497376967,38.2164662501111,7.33646775273413,7.33646775273413,single_atom
HAT707_279,HAT707nonMR,Bond Dissociation Energies,Thermochemistry,MACE-POLAR-1-S,-0.500000176440482,5.669306394251537,6.169306570692019,6.169306570692019,single_atom
HAT707_28,HAT707nonMR,Bond Dissociation Energies,Thermochemistry,MACE-POLAR-1-S,-69.64999740699892,3.4246092390163483,73.07460664601527,73.07460664601527,single_atom
HAT707_280,HAT707nonMR,Bond Dissociation Energies,Thermochemistry,MACE-POLAR-1-S,54.05999766612167,60.94749928219858,6.887501616076911,6.887501616076911,single_atom
HAT707_281,HAT707nonMR,Bond Dissociation Energies,Thermochemistry,MACE-POLAR-1-S,-31.91999881417241,-32.46068406276481,-0.5406852485924034,0.5406852485924034,single_atom
HAT707_282,HAT707nonMR,Bond Dissociation Energies,Thermochemistry,MACE-POLAR-1-S,70.27999709476371,77.6805047791547,7.400507684390988,7.400507684390988,single_atom
HAT707_283,HAT707nonMR,Bond Dissociation Energies,Thermochemistry,MACE-POLAR-1-S,33.389998743048515,40.75860489375519,7.368606150706675,7.368606150706675,single_atom
HAT707_284,HAT707nonMR,Bond Dissociation Energies,Thermochemistry,MACE-POLAR-1-S,27.73999882005234,36.96120870247498,9.221209882422638,9.221209882422638,single_atom
HAT707_285,HAT707nonMR,Bond Dissociation Energies,Thermochemistry,MACE-POLAR-1-S,170.229992963029,176.61303143048156,6.383038467452565,6.383038467452565,single_atom
HAT707_286,HAT707nonMR,Bond Dissociation Energies,Thermochemistry,MACE-POLAR-1-S,-10.909999570316703,1.674309292560643,12.584308862877347,12.584308862877347,single_atom
HAT707_287,HAT707nonMR,Bond Dissociation Energies,Thermochemistry,MACE-POLAR-1-S,-58.59999733547206,-48.3932771567605,10.206720178711564,10.206720178711564,single_atom
HAT707_288,HAT707nonMR,Bond Dissociation Energies,Thermochemistry,MACE-POLAR-1-S,26.91999893229601,35.58483702406798,8.66483809177197,8.66483809177197,single_atom
HAT707_289,HAT707nonMR,Bond Dissociation Energies,Thermochemistry,MACE-POLAR-1-S,-52.69999763801037,-43.47510460071136,9.224893037299012,9.224893037299012,single_atom
HAT707_29,HAT707nonMR,Bond Dissociation Energies,Thermochemistry,MACE-POLAR-1-S,-45.5399978222236,20.417016380943256,65.95701420316685,65.95701420316685,single_atom
HAT707_290,HAT707nonMR,Bond Dissociation Energies,Thermochemistry,MACE-POLAR-1-S,100.91999582816683,108.02213930547248,7.1021434773056455,7.1021434773056455,single_atom
HAT707_291,HAT707nonMR,Bond Dissociation Energies,Thermochemistry,MACE-POLAR-1-S,-58.20999768730587,-49.0096110472595,9.200386640046375,9.200386640046375,single_atom
HAT707_292,HAT707nonMR,Bond Dissociation Energies,Thermochemistry,MACE-POLAR-1-S,126.52999476950046,136.12316377801037,9.593169008509904,9.593169008509904,single_atom
HAT707_293,HAT707nonMR,Bond Dissociation Energies,Thermochemistry,MACE-POLAR-1-S,95.35999605800664,103.90292789934982,8.542931841343176,8.542931841343176,single_atom
HAT707_294,HAT707nonMR,Bond Dissociation Energies,Thermochemistry,MACE-POLAR-1-S,7.059999906000574,15.08787951879067,8.027879612790096,8.027879612790096,single_atom
HAT707_295,HAT707nonMR,Bond Dissociation Energies,Thermochemistry,MACE-POLAR-1-S,-41.029998125809065,-31.20483799774658,9.825160128062485,9.825160128062485,single_atom
HAT707_298,HAT707nonMR,Bond Dissociation Energies,Thermochemistry,MACE-POLAR-1-S,-63.08999767743883,-49.10647330548333,13.983524371955504,13.983524371955504,single_atom
HAT707_299,HAT707nonMR,Bond Dissociation Energies,Thermochemistry,MACE-POLAR-1-S,118.03999512046012,125.8322488324376,7.79225371197748,7.79225371197748,single_atom
HAT707_30,HAT707nonMR,Bond Dissociation Energies,Thermochemistry,MACE-POLAR-1-S,56.6599978306008,130.55820522287326,73.89820739227245,73.89820739227245,single_atom
HAT707_300,HAT707nonMR,Bond Dissociation Energies,Thermochemistry,MACE-POLAR-1-S,-74.37999690494311,-74.72635978805783,-0.34636288311472185,0.34636288311472185,single_atom
HAT707_301,HAT707nonMR,Bond Dissociation Energies,Thermochemistry,MACE-POLAR-1-S,17.90999953044556,20.151927561224397,2.241928030778837,2.241928030778837,single_atom
HAT707_302,HAT707nonMR,Bond Dissociation Energies,Thermochemistry,MACE-POLAR-1-S,83.19999656067712,83.56656993751156,0.36657337683443814,0.36657337683443814,single_atom
HAT707_303,HAT707nonMR,Bond Dissociation Energies,Thermochemistry,MACE-POLAR-1-S,-42.699998501767055,-35.81129451267571,6.888703989091347,6.888703989091347,single_atom
HAT707_304,HAT707nonMR,Bond Dissociation Energies,Thermochemistry,MACE-POLAR-1-S,50.44999778529241,52.41144970952538,1.9614519242329678,1.9614519242329678,single_atom
HAT707_305,HAT707nonMR,Bond Dissociation Energies,Thermochemistry,MACE-POLAR-1-S,-9.589999506119897,-0.4079576935592727,9.182041812560625,9.182041812560625,single_atom
HAT707_306,HAT707nonMR,Bond Dissociation Energies,Thermochemistry,MACE-POLAR-1-S,87.50999638250988,93.89079081886572,6.380794436355842,6.380794436355842,single_atom
HAT707_307,HAT707nonMR,Bond Dissociation Energies,Thermochemistry,MACE-POLAR-1-S,-45.749998260284094,-42.821317792371424,2.9286804679126703,2.9286804679126703,single_atom
HAT707_308,HAT707nonMR,Bond Dissociation Energies,Thermochemistry,MACE-POLAR-1-S,-72.22999696201134,-69.92646813405422,2.3035288279571233,2.3035288279571233,single_atom
HAT707_309,HAT707nonMR,Bond Dissociation Energies,Thermochemistry,MACE-POLAR-1-S,-138.89999454734357,-131.04406201457252,7.85593253277105,7.85593253277105,single_atom
HAT707_31,HAT707nonMR,Bond Dissociation Energies,Thermochemistry,MACE-POLAR-1-S,19.77999909846648,93.63630533747374,73.85630623900727,73.85630623900727,single_atom
HAT707_310,HAT707nonMR,Bond Dissociation Energies,Thermochemistry,MACE-POLAR-1-S,-76.4499969200459,-79.72554942651108,-3.275552506465175,3.275552506465175,single_atom
HAT707_311,HAT707nonMR,Bond Dissociation Energies,Thermochemistry,MACE-POLAR-1-S,78.37999675992594,95.16220931564705,16.782212555721102,16.782212555721102,single_atom
HAT707_312,HAT707nonMR,Bond Dissociation Energies,Thermochemistry,MACE-POLAR-1-S,-28.609998662701766,-3.421168636160663,25.188830026541105,25.188830026541105,single_atom
HAT707_313,HAT707nonMR,Bond Dissociation Energies,Thermochemistry,MACE-POLAR-1-S,52.04999759689059,53.21890575362644,1.1689081567358457,1.1689081567358457,single_atom
HAT707_314,HAT707nonMR,Bond Dissociation Energies,Thermochemistry,MACE-POLAR-1-S,-57.16999737051044,-55.01912374530955,2.1508736252008873,2.1508736252008873,single_atom
HAT707_318,HAT707nonMR,Bond Dissociation Energies,Thermochemistry,MACE-POLAR-1-S,84.70999649825619,92.63491724963212,7.924920751375936,7.924920751375936,single_atom
HAT707_319,HAT707nonMR,Bond Dissociation Energies,Thermochemistry,MACE-POLAR-1-S,49.06999777522388,53.45694437899618,4.386946603772294,4.386946603772294,single_atom
HAT707_32,HAT707nonMR,Bond Dissociation Energies,Thermochemistry,MACE-POLAR-1-S,14.129999175470292,89.83890914618304,75.70890997071275,75.70890997071275,single_atom
HAT707_320,HAT707nonMR,Bond Dissociation Energies,Thermochemistry,MACE-POLAR-1-S,52.499997818437976,62.08090330549033,9.580905487052355,9.580905487052355,single_atom
HAT707_321,HAT707nonMR,Bond Dissociation Energies,Thermochemistry,MACE-POLAR-1-S,-2.660000110350859,7.613350349866178,10.273350460217037,10.273350460217037,single_atom
HAT707_322,HAT707nonMR,Bond Dissociation Energies,Thermochemistry,MACE-POLAR-1-S,38.79999825504834,46.02499427207979,7.224996017031451,7.224996017031451,single_atom
HAT707_323,HAT707nonMR,Bond Dissociation Energies,Thermochemistry,MACE-POLAR-1-S,118.21999500578232,127.817739036145,9.597744030362676,9.597744030362676,single_atom
HAT707_324,HAT707nonMR,Bond Dissociation Energies,Thermochemistry,MACE-POLAR-1-S,111.22999540197188,120.89554874190524,9.665553339933368,9.665553339933368,single_atom
HAT707_326,HAT707nonMR,Bond Dissociation Energies,Thermochemistry,MACE-POLAR-1-S,108.78999550283716,117.86549337029804,9.075497867460882,9.075497867460882,single_atom
HAT707_327,HAT707nonMR,Bond Dissociation Energies,Thermochemistry,MACE-POLAR-1-S,116.04999520272304,125.77625708302364,9.726261880300598,9.726261880300598,single_atom
HAT707_328,HAT707nonMR,Bond Dissociation Energies,Thermochemistry,MACE-POLAR-1-S,121.51999497660395,133.40025361123585,11.8802586346319,11.8802586346319,single_atom
HAT707_329,HAT707nonMR,Bond Dissociation Energies,Thermochemistry,MACE-POLAR-1-S,132.41999452601925,143.20059346157592,10.780598935556668,10.780598935556668,single_atom
HAT707_33,HAT707nonMR,Bond Dissociation Energies,Thermochemistry,MACE-POLAR-1-S,-5.2799996292777625,56.27052330962567,61.550522938903434,61.550522938903434,single_atom
HAT707_331,HAT707nonMR,Bond Dissociation Energies,Thermochemistry,MACE-POLAR-1-S,44.94999835448501,60.73330218192578,15.783303827440768,15.783303827440768,single_atom
HAT707_332,HAT707nonMR,Bond Dissociation Energies,Thermochemistry,MACE-POLAR-1-S,142.11999412504048,151.23973079251846,9.11973666747798,9.11973666747798,single_atom
HAT707_333,HAT707nonMR,Bond Dissociation Energies,Thermochemistry,MACE-POLAR-1-S,39.989998436523095,45.64928253642478,5.659284099901683,5.659284099901683,single_atom
HAT707_335,HAT707nonMR,Bond Dissociation Energies,Thermochemistry,MACE-POLAR-1-S,178.47999262199,182.55207248778183,4.072079865791835,4.072079865791835,single_atom
HAT707_337,HAT707nonMR,Bond Dissociation Energies,Thermochemistry,MACE-POLAR-1-S,50.3399978845276,57.33723945225425,6.997241567726654,6.997241567726654,single_atom
HAT707_338,HAT707nonMR,Bond Dissociation Energies,Thermochemistry,MACE-POLAR-1-S,-38.64999839036904,-56.33977546314988,-17.689777072780835,17.689777072780835,single_atom
HAT707_34,HAT707nonMR,Bond Dissociation Energies,Thermochemistry,MACE-POLAR-1-S,-24.51999921489875,54.55200973626871,79.07200895116746,79.07200895116746,single_atom
HAT707_340,HAT707nonMR,Bond Dissociation Energies,Thermochemistry,MACE-POLAR-1-S,127.00999474965847,126.39865788303526,-0.6113368666232191,0.6113368666232191,single_atom
HAT707_342,HAT707nonMR,Bond Dissociation Energies,Thermochemistry,MACE-POLAR-1-S,46.92999782327075,4.901697023517467,-42.02830079975329,42.02830079975329,single_atom
HAT707_343,HAT707nonMR,Bond Dissociation Energies,Thermochemistry,MACE-POLAR-1-S,44.14999844868593,44.28746219770044,0.13746374901451475,0.13746374901451475,single_atom
HAT707_344,HAT707nonMR,Bond Dissociation Energies,Thermochemistry,MACE-POLAR-1-S,16.28999910938067,19.47936035179701,3.1893612424163393,3.1893612424163393,single_atom
HAT707_345,HAT707nonMR,Bond Dissociation Energies,Thermochemistry,MACE-POLAR-1-S,34.49999836918484,46.85105253923334,12.351054170048506,12.351054170048506,single_atom
HAT707_347,HAT707nonMR,Bond Dissociation Energies,Thermochemistry,MACE-POLAR-1-S,-13.329999269671209,-7.593433733200154,5.736565536471055,5.736565536471055,single_atom
HAT707_348,HAT707nonMR,Bond Dissociation Energies,Thermochemistry,MACE-POLAR-1-S,-5.639999932017563,5.668046596675126,11.308046528692689,11.308046528692689,single_atom
HAT707_35,HAT707nonMR,Bond Dissociation Energies,Thermochemistry,MACE-POLAR-1-S,-72.20999698005411,4.484423286958047,76.69442026701216,76.69442026701216,single_atom
HAT707_351,HAT707nonMR,Bond Dissociation Energies,Thermochemistry,MACE-POLAR-1-S,22.209998788799595,30.476148442578555,8.26614965377896,8.26614965377896,single_atom
HAT707_352,HAT707nonMR,Bond Dissociation Energies,Thermochemistry,MACE-POLAR-1-S,5.699999877889284,-0.2735750763666912,-5.973574954255975,5.973574954255975,single_atom
HAT707_353,HAT707nonMR,Bond Dissociation Energies,Thermochemistry,MACE-POLAR-1-S,2.6500001193722382,-6.824772893442619,-9.474773012814858,9.474773012814858,single_atom
HAT707_356,HAT707nonMR,Bond Dissociation Energies,Thermochemistry,MACE-POLAR-1-S,-75.7399969330544,-81.30931751368658,-5.56932058063218,5.56932058063218,single_atom
HAT707_357,HAT707nonMR,Bond Dissociation Energies,Thermochemistry,MACE-POLAR-1-S,-76.04999665339162,-68.18715393749416,7.862842715897457,7.862842715897457,single_atom
HAT707_36,HAT707nonMR,Bond Dissociation Energies,Thermochemistry,MACE-POLAR-1-S,10.499999312683803,82.60360594092823,72.10360662824444,72.10360662824444,single_atom
HAT707_369,HAT707nonMR,Bond Dissociation Energies,Thermochemistry,MACE-POLAR-1-S,-2.6500001193722382,6.824772893416402,9.47477301278864,9.47477301278864,single_atom
HAT707_37,HAT707nonMR,Bond Dissociation Energies,Thermochemistry,MACE-POLAR-1-S,-148.58999396324967,-84.75767109677744,63.832322866472225,63.832322866472225,single_atom
HAT707_375,HAT707nonMR,Bond Dissociation Energies,Thermochemistry,MACE-POLAR-1-S,-96.12999610872616,-88.18219163292416,7.947804475802002,7.947804475802002,single_atom
HAT707_38,HAT707nonMR,Bond Dissociation Energies,Thermochemistry,MACE-POLAR-1-S,-66.31999727357103,9.402595843007203,75.72259311657824,75.72259311657824,single_atom
HAT707_381,HAT707nonMR,Bond Dissociation Energies,Thermochemistry,MACE-POLAR-1-S,43.219998032655305,50.21437354744632,6.994375514791017,6.994375514791017,single_atom
HAT707_384,HAT707nonMR,Bond Dissociation Energies,Thermochemistry,MACE-POLAR-1-S,-100.08999567380712,-90.8138208589568,9.276174814850322,9.276174814850322,single_atom
HAT707_386,HAT707nonMR,Bond Dissociation Energies,Thermochemistry,MACE-POLAR-1-S,-26.07999906258244,-18.376518577562774,7.703480485019668,7.703480485019668,single_atom
HAT707_388,HAT707nonMR,Bond Dissociation Energies,Thermochemistry,MACE-POLAR-1-S,-0.4800001944832417,9.724505895006576,10.204506089489819,10.204506089489819,single_atom
HAT707_389,HAT707nonMR,Bond Dissociation Energies,Thermochemistry,MACE-POLAR-1-S,-31.639998439261568,-22.49572998368544,9.144268455576128,9.144268455576128,single_atom
HAT707_39,HAT707nonMR,Bond Dissociation Energies,Thermochemistry,MACE-POLAR-1-S,-74.57999672451551,-12.320368815383423,62.259627909132085,62.259627909132085,single_atom
HAT707_393,HAT707nonMR,Bond Dissociation Energies,Thermochemistry,MACE-POLAR-1-S,-85.27999648428118,-77.8107570606707,7.469239423610489,7.469239423610489,single_atom
HAT707_395,HAT707nonMR,Bond Dissociation Energies,Thermochemistry,MACE-POLAR-1-S,-8.959999446957351,-0.5664090506186279,8.393590396338723,8.393590396338723,single_atom
HAT707_397,HAT707nonMR,Bond Dissociation Energies,Thermochemistry,MACE-POLAR-1-S,-43.80999812790336,-42.83208794557613,0.9779101823272356,0.9779101823272356,single_atom
HAT707_399,HAT707nonMR,Bond Dissociation Energies,Thermochemistry,MACE-POLAR-1-S,-76.55999682081072,-73.98720817353085,2.5727886472798787,2.5727886472798787,single_atom
HAT707_40,HAT707nonMR,Bond Dissociation Energies,Thermochemistry,MACE-POLAR-1-S,-71.81999733188792,3.868089396448573,75.68808672833649,75.68808672833649,single_atom
HAT707_401,HAT707nonMR,Bond Dissociation Energies,Thermochemistry,MACE-POLAR-1-S,-136.59999411222302,-126.80661557659452,9.793378535628491,9.793378535628491,single_atom
HAT707_402,HAT707nonMR,Bond Dissociation Energies,Thermochemistry,MACE-POLAR-1-S,-39.49999825106123,-32.50786706413807,6.99213118692316,6.99213118692316,single_atom
HAT707_403,HAT707nonMR,Bond Dissociation Energies,Thermochemistry,MACE-POLAR-1-S,-50.3399978845276,-57.33723945228047,-6.997241567752873,6.997241567752873,single_atom
HAT707_405,HAT707nonMR,Bond Dissociation Energies,Thermochemistry,MACE-POLAR-1-S,-127.00999460610312,-126.398657883051,0.6113367230521192,0.6113367230521192,single_atom
HAT707_407,HAT707nonMR,Bond Dissociation Energies,Thermochemistry,MACE-POLAR-1-S,-48.6299981721646,-31.23644856740919,17.393549604755407,17.393549604755407,single_atom
HAT707_408,HAT707nonMR,Bond Dissociation Energies,Thermochemistry,MACE-POLAR-1-S,41.159998008531126,46.07620591367158,4.916207905140453,4.916207905140453,single_atom
HAT707_409,HAT707nonMR,Bond Dissociation Energies,Thermochemistry,MACE-POLAR-1-S,-59.81999748988267,-48.194350851887904,11.625646637994763,11.625646637994763,single_atom
HAT707_41,HAT707nonMR,Bond Dissociation Energies,Thermochemistry,MACE-POLAR-1-S,-48.97999785641631,15.780655657164951,64.76065351358126,64.76065351358126,single_atom
HAT707_410,HAT707nonMR,Bond Dissociation Energies,Thermochemistry,MACE-POLAR-1-S,-124.73999477142792,-116.7657985866982,7.9741961847297205,7.9741961847297205,single_atom
HAT707_415,HAT707nonMR,Bond Dissociation Energies,Thermochemistry,MACE-POLAR-1-S,-8.78999960032081,1.4190811531097534,10.209080753430563,10.209080753430563,single_atom
HAT707_416,HAT707nonMR,Bond Dissociation Energies,Thermochemistry,MACE-POLAR-1-S,-15.779999569471045,-5.50310914113003,10.276890428341016,10.276890428341016,single_atom
HAT707_417,HAT707nonMR,Bond Dissociation Energies,Thermochemistry,MACE-POLAR-1-S,-88.769996473367,-83.72191417842149,5.048082294945516,5.048082294945516,single_atom
HAT707_418,HAT707nonMR,Bond Dissociation Energies,Thermochemistry,MACE-POLAR-1-S,-18.209999259804164,-8.533164512737232,9.676834747066932,9.676834747066932,single_atom
HAT707_419,HAT707nonMR,Bond Dissociation Energies,Thermochemistry,MACE-POLAR-1-S,-10.959999525209806,-0.6224008000116154,10.337598725198191,10.337598725198191,single_atom
HAT707_42,HAT707nonMR,Bond Dissociation Energies,Thermochemistry,MACE-POLAR-1-S,-80.1399967287041,-16.43958022150609,63.700416507198014,63.700416507198014,single_atom
HAT707_420,HAT707nonMR,Bond Dissociation Energies,Thermochemistry,MACE-POLAR-1-S,-5.49000006733826,7.001595728200585,12.491595795538846,12.491595795538846,single_atom
HAT707_421,HAT707nonMR,Bond Dissociation Energies,Thermochemistry,MACE-POLAR-1-S,5.4199995029784445,16.801935578572113,11.381936075593668,11.381936075593668,single_atom
HAT707_422,HAT707nonMR,Bond Dissociation Energies,Thermochemistry,MACE-POLAR-1-S,-93.26999617880293,-95.00479482405233,-1.7347986452493984,1.7347986452493984,single_atom
HAT707_423,HAT707nonMR,Bond Dissociation Energies,Thermochemistry,MACE-POLAR-1-S,-82.05999687912761,-65.66535570110948,16.394641178018134,16.394641178018134,single_atom
HAT707_424,HAT707nonMR,Bond Dissociation Energies,Thermochemistry,MACE-POLAR-1-S,15.109999546394016,24.84107290943078,9.731073363036762,9.731073363036762,single_atom
HAT707_425,HAT707nonMR,Bond Dissociation Energies,Thermochemistry,MACE-POLAR-1-S,-87.01999616958005,-80.74937534662097,6.2706208229590885,6.2706208229590885,single_atom
HAT707_426,HAT707nonMR,Bond Dissociation Energies,Thermochemistry,MACE-POLAR-1-S,51.46999812013062,56.15341460474661,4.683416484615989,4.683416484615989,single_atom
HAT707_427,HAT707nonMR,Bond Dissociation Energies,Thermochemistry,MACE-POLAR-1-S,-103.66999558170052,-93.13116483580968,10.538830745890834,10.538830745890834,single_atom
HAT707_428,HAT707nonMR,Bond Dissociation Energies,Thermochemistry,MACE-POLAR-1-S,-41.29999850974128,-49.51500256972823,-8.215004059986953,8.215004059986953,single_atom
HAT707_429,HAT707nonMR,Bond Dissociation Energies,Thermochemistry,MACE-POLAR-1-S,-93.6799964364358,-85.18734028556794,8.492656150867859,8.492656150867859,single_atom
HAT707_43,HAT707nonMR,Bond Dissociation Energies,Thermochemistry,MACE-POLAR-1-S,-6.559999729560092,67.96557996250922,74.52557969206931,74.52557969206931,single_atom
HAT707_430,HAT707nonMR,Bond Dissociation Energies,Thermochemistry,MACE-POLAR-1-S,-143.47999418060846,-169.73903872838335,-26.25904454777489,26.25904454777489,single_atom
HAT707_431,HAT707nonMR,Bond Dissociation Energies,Thermochemistry,MACE-POLAR-1-S,76.69999682937386,61.638115535105314,-15.061881294268545,15.061881294268545,single_atom
HAT707_436,HAT707nonMR,Bond Dissociation Energies,Thermochemistry,MACE-POLAR-1-S,3.049999758517045,6.551197817054954,3.5011980585379088,3.5011980585379088,single_atom
HAT707_437,HAT707nonMR,Bond Dissociation Energies,Thermochemistry,MACE-POLAR-1-S,-23.75999927301414,-22.49524182118065,1.2647574518334928,1.2647574518334928,single_atom
HAT707_44,HAT707nonMR,Bond Dissociation Energies,Thermochemistry,MACE-POLAR-1-S,-54.64999776136973,21.67286244594052,76.32286020731026,76.32286020731026,single_atom
HAT707_445,HAT707nonMR,Bond Dissociation Energies,Thermochemistry,MACE-POLAR-1-S,67.7399971997623,65.48058404002877,-2.2594131597335263,2.2594131597335263,single_atom
HAT707_446,HAT707nonMR,Bond Dissociation Energies,Thermochemistry,MACE-POLAR-1-S,109.44999547555372,105.66073797060922,-3.7892575049445014,3.7892575049445014,single_atom
HAT707_447,HAT707nonMR,Bond Dissociation Energies,Thermochemistry,MACE-POLAR-1-S,61.01999766233604,59.203420629638494,-1.8165770326975448,1.8165770326975448,single_atom
HAT707_449,HAT707nonMR,Bond Dissociation Energies,Thermochemistry,MACE-POLAR-1-S,51.32999761892047,46.4569374325303,-4.87306018639017,4.87306018639017,single_atom
HAT707_450,HAT707nonMR,Bond Dissociation Energies,Thermochemistry,MACE-POLAR-1-S,84.09999652347236,82.54252611392529,-1.557470409547065,1.557470409547065,single_atom
HAT707_451,HAT707nonMR,Bond Dissociation Energies,Thermochemistry,MACE-POLAR-1-S,19.70999916161613,16.455942558435503,-3.2540566031806257,3.2540566031806257,single_atom
HAT707_452,HAT707nonMR,Bond Dissociation Energies,Thermochemistry,MACE-POLAR-1-S,-56.62999785766494,-55.67432456876512,0.955673288899817,0.955673288899817,single_atom
HAT707_453,HAT707nonMR,Bond Dissociation Energies,Thermochemistry,MACE-POLAR-1-S,5.149999746555701,0.001259797586898,-5.148739948968803,5.148739948968803,single_atom
HAT707_454,HAT707nonMR,Bond Dissociation Energies,Thermochemistry,MACE-POLAR-1-S,-26.27999888215485,-38.12873065942945,-11.848731777274601,11.848731777274601,single_atom
HAT707_455,HAT707nonMR,Bond Dissociation Energies,Thermochemistry,MACE-POLAR-1-S,75.91999686161765,72.01245818249006,-3.9075386791275832,3.9075386791275832,single_atom
HAT707_456,HAT707nonMR,Bond Dissociation Energies,Thermochemistry,MACE-POLAR-1-S,39.02999867506608,35.09055829711153,-3.939440377954554,3.939440377954554,single_atom
HAT707_457,HAT707nonMR,Bond Dissociation Energies,Thermochemistry,MACE-POLAR-1-S,33.3799987520699,31.293162105810342,-2.0868366462595596,2.0868366462595596,single_atom
HAT707_458,HAT707nonMR,Bond Dissociation Energies,Thermochemistry,MACE-POLAR-1-S,82.7199965805191,82.72224061158438,0.0022440310652882545,0.0022440310652882545,single_atom
HAT707_459,HAT707nonMR,Bond Dissociation Energies,Thermochemistry,MACE-POLAR-1-S,-5.269999638299143,-3.993737304124969,1.2762623341741737,1.2762623341741737,single_atom
HAT707_46,HAT707nonMR,Bond Dissociation Energies,Thermochemistry,MACE-POLAR-1-S,17.319999435197495,88.98906371223795,71.66906427704046,71.66906427704046,single_atom
HAT707_460,HAT707nonMR,Bond Dissociation Energies,Thermochemistry,MACE-POLAR-1-S,-52.95999803096397,-54.06132375342515,-1.1013257224611763,1.1013257224611763,single_atom
HAT707_461,HAT707nonMR,Bond Dissociation Energies,Thermochemistry,MACE-POLAR-1-S,-60.589997422745896,-58.30595379479775,2.2840436279481438,2.2840436279481438,single_atom
HAT707_462,HAT707nonMR,Bond Dissociation Energies,Thermochemistry,MACE-POLAR-1-S,-47.059998333502286,-49.14315119739697,-2.083152863894682,2.083152863894682,single_atom
HAT707_463,HAT707nonMR,Bond Dissociation Energies,Thermochemistry,MACE-POLAR-1-S,13.409999197500166,14.131348486575291,0.7213492890751247,0.7213492890751247,single_atom
HAT707_464,HAT707nonMR,Bond Dissociation Energies,Thermochemistry,MACE-POLAR-1-S,-52.55999776430969,-54.677657643976566,-2.117659879666874,2.117659879666874,single_atom
HAT707_465,HAT707nonMR,Bond Dissociation Energies,Thermochemistry,MACE-POLAR-1-S,39.01999868408747,42.2323729591027,3.212374275015229,3.212374275015229,single_atom
HAT707_466,HAT707nonMR,Bond Dissociation Energies,Thermochemistry,MACE-POLAR-1-S,7.859999811799661,10.0121370804736,2.1521372686739397,2.1521372686739397,single_atom
HAT707_467,HAT707nonMR,Bond Dissociation Energies,Thermochemistry,MACE-POLAR-1-S,12.69999921050866,9.41983292212603,-3.2801662883826292,3.2801662883826292,single_atom
HAT707_468,HAT707nonMR,Bond Dissociation Energies,Thermochemistry,MACE-POLAR-1-S,-35.38999882130098,-36.872884594421706,-1.482885773120728,1.482885773120728,single_atom
HAT707_47,HAT707nonMR,Bond Dissociation Energies,Thermochemistry,MACE-POLAR-1-S,-76.70999668549003,3.771227138224743,80.48122382371477,80.48122382371477,single_atom
HAT707_470,HAT707nonMR,Bond Dissociation Energies,Thermochemistry,MACE-POLAR-1-S,-57.44999774542127,-54.774519902147965,2.675477843273306,2.675477843273306,single_atom
HAT707_471,HAT707nonMR,Bond Dissociation Energies,Thermochemistry,MACE-POLAR-1-S,30.529998813125257,31.941458013561387,1.4114592004361306,1.4114592004361306,single_atom
HAT707_472,HAT707nonMR,Bond Dissociation Energies,Thermochemistry,MACE-POLAR-1-S,-68.73999697292554,-80.39440638474345,-11.654409411817909,11.654409411817909,single_atom
HAT707_473,HAT707nonMR,Bond Dissociation Energies,Thermochemistry,MACE-POLAR-1-S,-4.3099998768421335,-10.32422088139611,-6.014221004553977,6.014221004553977,single_atom
HAT707_474,HAT707nonMR,Bond Dissociation Energies,Thermochemistry,MACE-POLAR-1-S,-37.05999856974949,-41.479341109350834,-4.419342539601345,4.419342539601345,single_atom
HAT707_475,HAT707nonMR,Bond Dissociation Energies,Thermochemistry,MACE-POLAR-1-S,28.2299990055142,21.935301266946823,-6.2946977385673755,6.2946977385673755,single_atom
HAT707_476,HAT707nonMR,Bond Dissociation Energies,Thermochemistry,MACE-POLAR-1-S,-3.9499995741023337,-6.076004290202938,-2.1260047161006046,2.1260047161006046,single_atom
HAT707_477,HAT707nonMR,Bond Dissociation Energies,Thermochemistry,MACE-POLAR-1-S,-97.09999586116182,-94.29874851241452,2.801247348747296,2.801247348747296,single_atom
HAT707_478,HAT707nonMR,Bond Dissociation Energies,Thermochemistry,MACE-POLAR-1-S,-67.96999704006231,-73.29746623499193,-5.32746919492962,5.32746919492962,single_atom
HAT707_479,HAT707nonMR,Bond Dissociation Energies,Thermochemistry,MACE-POLAR-1-S,-66.58999702999378,-75.59451473072934,-9.004517700735562,9.004517700735562,single_atom
HAT707_48,HAT707nonMR,Bond Dissociation Energies,Thermochemistry,MACE-POLAR-1-S,-57.45999773639989,5.489740711581696,62.94973844798159,62.94973844798159,single_atom
HAT707_480,HAT707nonMR,Bond Dissociation Energies,Thermochemistry,MACE-POLAR-1-S,-87.5099963550419,-93.89079081887095,-6.380794463829048,6.380794463829048,single_atom
HAT707_481,HAT707nonMR,Bond Dissociation Energies,Thermochemistry,MACE-POLAR-1-S,-133.259994615326,-136.71210861123714,-3.4521139959111338,3.4521139959111338,single_atom
HAT707_482,HAT707nonMR,Bond Dissociation Energies,Thermochemistry,MACE-POLAR-1-S,-9.12999992110337,1.2714184967708242,10.401418417874194,10.401418417874194,single_atom
HAT707_483,HAT707nonMR,Bond Dissociation Energies,Thermochemistry,MACE-POLAR-1-S,29.82999881711237,22.74275731104788,-7.08724150606449,7.08724150606449,single_atom
HAT707_486,HAT707nonMR,Bond Dissociation Energies,Thermochemistry,MACE-POLAR-1-S,90.34999626511012,86.96687065296747,-3.383125612142649,3.383125612142649,single_atom
HAT707_487,HAT707nonMR,Bond Dissociation Energies,Thermochemistry,MACE-POLAR-1-S,2.979999821666704,1.9453037532015396,-1.0346960684651643,1.0346960684651643,single_atom
HAT707_488,HAT707nonMR,Bond Dissociation Energies,Thermochemistry,MACE-POLAR-1-S,30.70999865074042,33.92694821724782,3.216949566507399,3.216949566507399,single_atom
HAT707_489,HAT707nonMR,Bond Dissociation Energies,Thermochemistry,MACE-POLAR-1-S,23.719999309099663,27.00475792300804,3.2847586139083766,3.2847586139083766,single_atom
HAT707_49,HAT707nonMR,Bond Dissociation Energies,Thermochemistry,MACE-POLAR-1-S,-87.98999654952515,-21.84865934434977,66.14133720517538,66.14133720517538,single_atom
HAT707_490,HAT707nonMR,Bond Dissociation Energies,Thermochemistry,MACE-POLAR-1-S,21.289998991257068,23.974702551442785,2.684703560185717,2.684703560185717,single_atom
HAT707_491,HAT707nonMR,Bond Dissociation Energies,Thermochemistry,MACE-POLAR-1-S,28.539998725851422,31.885466264126453,3.345467538275031,3.345467538275031,single_atom
HAT707_492,HAT707nonMR,Bond Dissociation Energies,Thermochemistry,MACE-POLAR-1-S,34.00999881123245,39.50946279233865,5.499463981106203,5.499463981106203,single_atom
HAT707_493,HAT707nonMR,Bond Dissociation Energies,Thermochemistry,MACE-POLAR-1-S,44.909998390570536,49.309802642752125,4.399804252181589,4.399804252181589,single_atom
HAT707_494,HAT707nonMR,Bond Dissociation Energies,Thermochemistry,MACE-POLAR-1-S,-42.559998000556895,-33.15748863695043,9.402509363606463,9.402509363606463,single_atom
HAT707_495,HAT707nonMR,Bond Dissociation Energies,Thermochemistry,MACE-POLAR-1-S,54.60999779745524,57.3489399736108,2.738942176155554,2.738942176155554,single_atom
HAT707_496,HAT707nonMR,Bond Dissociation Energies,Thermochemistry,MACE-POLAR-1-S,-47.51999791851881,-48.2415082824829,-0.7215103639640859,0.7215103639640859,single_atom
HAT707_497,HAT707nonMR,Bond Dissociation Energies,Thermochemistry,MACE-POLAR-1-S,90.96999623948012,88.66128166888467,-2.3087145705954555,2.3087145705954555,single_atom
HAT707_498,HAT707nonMR,Bond Dissociation Energies,Thermochemistry,MACE-POLAR-1-S,39.49999825106123,32.50786706415904,-6.992131186902185,6.992131186902185,single_atom
HAT707_499,HAT707nonMR,Bond Dissociation Energies,Thermochemistry,MACE-POLAR-1-S,21.93999903237685,13.811313755121882,-8.128685277254968,8.128685277254968,single_atom
HAT707_50,HAT707nonMR,Bond Dissociation Energies,Thermochemistry,MACE-POLAR-1-S,-20.82999940624054,55.49514663561581,76.32514604185636,76.32514604185636,single_atom
HAT707_500,HAT707nonMR,Bond Dissociation Energies,Thermochemistry,MACE-POLAR-1-S,40.13999830120239,41.18300594255822,1.0430076413558282,1.0430076413558282,single_atom
HAT707_502,HAT707nonMR,Bond Dissociation Energies,Thermochemistry,MACE-POLAR-1-S,-7.689999965163118,-13.261480329959172,-5.571480364796054,5.571480364796054,single_atom
HAT707_503,HAT707nonMR,Bond Dissociation Energies,Thermochemistry,MACE-POLAR-1-S,-35.5499986769589,-38.06958217587309,-2.519583498914187,2.519583498914187,single_atom
HAT707_504,HAT707nonMR,Bond Dissociation Energies,Thermochemistry,MACE-POLAR-1-S,-22.209998788799595,-30.476148442625743,-8.266149653826147,8.266149653826147,single_atom
HAT707_507,HAT707nonMR,Bond Dissociation Energies,Thermochemistry,MACE-POLAR-1-S,5.639999932017563,-5.668046596680369,-11.308046528697933,11.308046528697933,single_atom
HAT707_508,HAT707nonMR,Bond Dissociation Energies,Thermochemistry,MACE-POLAR-1-S,-52.28999800788695,-45.6919121163135,6.598085891573447,6.598085891573447,single_atom
HAT707_51,HAT707nonMR,Bond Dissociation Energies,Thermochemistry,MACE-POLAR-1-S,-92.3099964173459,-36.77593818331288,55.53405823403302,55.53405823403302,single_atom
HAT707_518,HAT707nonMR,Bond Dissociation Energies,Thermochemistry,MACE-POLAR-1-S,6.719999585218013,6.277163410432223,-0.44283617478579007,0.44283617478579007,single_atom
HAT707_519,HAT707nonMR,Bond Dissociation Energies,Thermochemistry,MACE-POLAR-1-S,48.42999772508273,46.45731734097072,-1.9726803841120102,1.9726803841120102,single_atom
HAT707_52,HAT707nonMR,Bond Dissociation Energies,Thermochemistry,MACE-POLAR-1-S,-56.31999750981824,17.066405931011385,73.38640344082962,73.38640344082962,single_atom
HAT707_520,HAT707nonMR,Bond Dissociation Energies,Thermochemistry,MACE-POLAR-1-S,-5.699999877889284,0.2735750764033947,5.973574954292679,5.973574954292679,single_atom
HAT707_522,HAT707nonMR,Bond Dissociation Energies,Thermochemistry,MACE-POLAR-1-S,-9.6899994159061,-12.746483197150136,-3.0564837812440366,3.0564837812440366,single_atom
HAT707_523,HAT707nonMR,Bond Dissociation Energies,Thermochemistry,MACE-POLAR-1-S,23.07999925895849,23.339105484328737,0.2591062253702461,0.2591062253702461,single_atom
HAT707_524,HAT707nonMR,Bond Dissociation Energies,Thermochemistry,MACE-POLAR-1-S,-41.3099985007199,-42.74747807124494,-1.437479570525042,1.437479570525042,single_atom
HAT707_525,HAT707nonMR,Bond Dissociation Energies,Thermochemistry,MACE-POLAR-1-S,-55.86999791578034,-59.2021608320516,-3.3321629162712583,3.3321629162712583,single_atom
HAT707_526,HAT707nonMR,Bond Dissociation Energies,Thermochemistry,MACE-POLAR-1-S,-87.2999965444909,-97.33215128906797,-10.03215474457707,10.03215474457707,single_atom
HAT707_527,HAT707nonMR,Bond Dissociation Energies,Thermochemistry,MACE-POLAR-1-S,14.89999910833352,12.80903755289352,-2.09096155544,2.09096155544,single_atom
HAT707_528,HAT707nonMR,Bond Dissociation Energies,Thermochemistry,MACE-POLAR-1-S,-21.979998996291336,-24.11286233256892,-2.132863336277584,2.132863336277584,single_atom
HAT707_529,HAT707nonMR,Bond Dissociation Energies,Thermochemistry,MACE-POLAR-1-S,-27.62999891928752,-27.910258523828155,-0.28025960454063537,0.28025960454063537,single_atom
HAT707_53,HAT707nonMR,Bond Dissociation Energies,Thermochemistry,MACE-POLAR-1-S,-125.05999511025324,-67.9310584113515,57.12893669890174,57.12893669890174,single_atom
HAT707_530,HAT707nonMR,Bond Dissociation Energies,Thermochemistry,MACE-POLAR-1-S,-66.28999730063518,-63.19715793376346,3.092839366871722,3.092839366871722,single_atom
HAT707_531,HAT707nonMR,Bond Dissociation Energies,Thermochemistry,MACE-POLAR-1-S,-113.97999506579052,-113.2647443831056,0.7152506826849248,0.7152506826849248,single_atom
HAT707_532,HAT707nonMR,Bond Dissociation Energies,Thermochemistry,MACE-POLAR-1-S,-108.07999536832884,-108.34657182699353,-0.26657645866468727,0.26657645866468727,single_atom
HAT707_533,HAT707nonMR,Bond Dissociation Energies,Thermochemistry,MACE-POLAR-1-S,-113.57999542664574,-113.88107827357312,-0.30108284692738607,0.30108284692738607,single_atom
HAT707_534,HAT707nonMR,Bond Dissociation Energies,Thermochemistry,MACE-POLAR-1-S,-48.3199978243179,-49.78358770747052,-1.4635898831526148,1.4635898831526148,single_atom
HAT707_535,HAT707nonMR,Bond Dissociation Energies,Thermochemistry,MACE-POLAR-1-S,-96.40999585612754,-96.07630522401826,0.3336906321092812,0.3336906321092812,single_atom
HAT707_536,HAT707nonMR,Bond Dissociation Energies,Thermochemistry,MACE-POLAR-1-S,-61.51999721126704,-55.31551523953199,6.204481971735049,6.204481971735049,single_atom
HAT707_537,HAT707nonMR,Bond Dissociation Energies,Thermochemistry,MACE-POLAR-1-S,-118.46999540775732,-113.97794053178646,4.492054875970865,4.492054875970865,single_atom
HAT707_538,HAT707nonMR,Bond Dissociation Energies,Thermochemistry,MACE-POLAR-1-S,-129.74999464428296,-139.59782701438195,-9.847832370098985,9.847832370098985,single_atom
HAT707_539,HAT707nonMR,Bond Dissociation Energies,Thermochemistry,MACE-POLAR-1-S,-98.07999623208552,-100.68276173903128,-2.602765506945758,2.602765506945758,single_atom
HAT707_54,HAT707nonMR,Bond Dissociation Energies,Thermochemistry,MACE-POLAR-1-S,11.709999476115794,87.75466878391678,76.04466930780099,76.04466930780099,single_atom
HAT707_540,HAT707nonMR,Bond Dissociation Energies,Thermochemistry,MACE-POLAR-1-S,-64.96999723643837,-65.27942491988338,-0.3094276834450085,0.3094276834450085,single_atom
HAT707_541,HAT707nonMR,Bond Dissociation Energies,Thermochemistry,MACE-POLAR-1-S,-127.60999469232983,-134.79793536040978,-7.187940668079946,7.187940668079946,single_atom
HAT707_542,HAT707nonMR,Bond Dissociation Energies,Thermochemistry,MACE-POLAR-1-S,-194.27999227766205,-195.91552924087568,-1.6355369632136387,1.6355369632136387,single_atom
HAT707_543,HAT707nonMR,Bond Dissociation Energies,Thermochemistry,MACE-POLAR-1-S,-62.86999724839971,-54.7455486689848,8.12444857941491,8.12444857941491,single_atom
HAT707_544,HAT707nonMR,Bond Dissociation Energies,Thermochemistry,MACE-POLAR-1-S,-41.159998008531126,-46.07620591369256,-4.916207905161436,4.916207905161436,single_atom
HAT707_545,HAT707nonMR,Bond Dissociation Energies,Thermochemistry,MACE-POLAR-1-S,-100.97999612592326,-94.27055676555948,6.709439360363788,6.709439360363788,single_atom
HAT707_548,HAT707nonMR,Bond Dissociation Energies,Thermochemistry,MACE-POLAR-1-S,29.32999864067189,27.76345002332897,-1.5665486173429173,1.5665486173429173,single_atom
HAT707_549,HAT707nonMR,Bond Dissociation Energies,Thermochemistry,MACE-POLAR-1-S,-2.8799999118805024,-2.7905639207918327,0.08943599108866973,0.08943599108866973,single_atom
HAT707_55,HAT707nonMR,Bond Dissociation Energies,Thermochemistry,MACE-POLAR-1-S,-23.20999914168056,52.46974275015928,75.67974189183984,75.67974189183984,single_atom
HAT707_550,HAT707nonMR,Bond Dissociation Energies,Thermochemistry,MACE-POLAR-1-S,-58.02999784969072,-57.25811687643696,0.771880973253765,0.771880973253765,single_atom
HAT707_551,HAT707nonMR,Bond Dissociation Energies,Thermochemistry,MACE-POLAR-1-S,-65.00999720035286,-61.22667235728278,3.7833248430700763,3.7833248430700763,single_atom
HAT707_552,HAT707nonMR,Bond Dissociation Energies,Thermochemistry,MACE-POLAR-1-S,-69.50999690578877,-72.50955300289264,-2.999556097103877,2.999556097103877,single_atom
HAT707_553,HAT707nonMR,Bond Dissociation Energies,Thermochemistry,MACE-POLAR-1-S,-63.25999752407538,-58.25413352544032,5.005863998635064,5.005863998635064,single_atom
HAT707_554,HAT707nonMR,Bond Dissociation Energies,Thermochemistry,MACE-POLAR-1-S,-79.90999693619585,-70.63592301467096,9.274073921524888,9.274073921524888,single_atom
HAT707_555,HAT707nonMR,Bond Dissociation Energies,Thermochemistry,MACE-POLAR-1-S,-44.349998268258325,-56.06620038682513,-11.716202118566805,11.716202118566805,single_atom
HAT707_556,HAT707nonMR,Bond Dissociation Energies,Thermochemistry,MACE-POLAR-1-S,-69.91999716342167,-62.69209846440826,7.227898699013409,7.227898699013409,single_atom
HAT707_557,HAT707nonMR,Bond Dissociation Energies,Thermochemistry,MACE-POLAR-1-S,-119.71999490759433,-147.24379690722367,-27.52380199962934,27.52380199962934,single_atom
HAT707_558,HAT707nonMR,Bond Dissociation Energies,Thermochemistry,MACE-POLAR-1-S,-39.07999862995919,-45.39210687455856,-6.312108244599365,6.312108244599365,single_atom
HAT707_559,HAT707nonMR,Bond Dissociation Energies,Thermochemistry,MACE-POLAR-1-S,-20.87999936113364,-18.02041468703833,2.8595846740953093,2.8595846740953093,single_atom
HAT707_56,HAT707nonMR,Bond Dissociation Energies,Thermochemistry,MACE-POLAR-1-S,-185.0999924016656,-120.75046581441518,64.34952658725041,64.34952658725041,single_atom
HAT707_560,HAT707nonMR,Bond Dissociation Energies,Thermochemistry,MACE-POLAR-1-S,-68.70999699998968,-72.46490095955572,-3.754903959566036,3.754903959566036,single_atom
HAT707_561,HAT707nonMR,Bond Dissociation Energies,Thermochemistry,MACE-POLAR-1-S,-61.01999766233604,-59.203420629638494,1.8165770326975448,1.8165770326975448,single_atom
HAT707_562,HAT707nonMR,Bond Dissociation Energies,Thermochemistry,MACE-POLAR-1-S,-3.049999758517045,-6.551197817117874,-3.501198058600829,3.501198058600829,single_atom
HAT707_563,HAT707nonMR,Bond Dissociation Energies,Thermochemistry,MACE-POLAR-1-S,23.75999927301414,22.49524182111773,-1.2647574518964113,1.2647574518964113,single_atom
HAT707_564,HAT707nonMR,Bond Dissociation Energies,Thermochemistry,MACE-POLAR-1-S,-55.37999773031848,-64.87146722627692,-9.491469495958441,9.491469495958441,single_atom
HAT707_57,HAT707nonMR,Bond Dissociation Energies,Thermochemistry,MACE-POLAR-1-S,-87.99999654050376,-26.451717302000663,61.5482792385031,61.5482792385031,single_atom
HAT707_578,HAT707nonMR,Bond Dissociation Energies,Thermochemistry,MACE-POLAR-1-S,-6.4299998468380295,-8.582195324605202,-2.1521954777671723,2.1521954777671723,single_atom
HAT707_579,HAT707nonMR,Bond Dissociation Energies,Thermochemistry,MACE-POLAR-1-S,2.8799999118805024,2.7905639208757265,-0.08943599100477595,0.08943599100477595,single_atom
HAT707_58,HAT707nonMR,Bond Dissociation Energies,Thermochemistry,MACE-POLAR-1-S,-84.48999656946073,-7.478098717980018,77.01189785148071,77.01189785148071,single_atom
HAT707_589,HAT707nonMR,Bond Dissociation Energies,Thermochemistry,MACE-POLAR-1-S,-54.05999766612167,-60.94749928218285,-6.887501616061179,6.887501616061179,single_atom
HAT707_59,HAT707nonMR,Bond Dissociation Energies,Thermochemistry,MACE-POLAR-1-S,-119.12999481234624,-52.67970694822827,66.45028786411797,66.45028786411797,single_atom
HAT707_590,HAT707nonMR,Bond Dissociation Energies,Thermochemistry,MACE-POLAR-1-S,-84.41999663261038,-94.54158736825514,-10.121590735644759,10.121590735644759,single_atom
HAT707_60,HAT707nonMR,Bond Dissociation Energies,Thermochemistry,MACE-POLAR-1-S,-85.83999660659339,-17.048767690367118,68.79122891622627,68.79122891622627,single_atom
HAT707_61,HAT707nonMR,Bond Dissociation Energies,Thermochemistry,MACE-POLAR-1-S,-175.50999289554568,-120.34250812085592,55.167484774689754,55.167484774689754,single_atom
HAT707_615,HAT707nonMR,Bond Dissociation Energies,Thermochemistry,MACE-POLAR-1-S,0.0,-4.603057957614191,-4.603057957614191,4.603057957614191,single_atom
HAT707_616,HAT707nonMR,Bond Dissociation Energies,Thermochemistry,MACE-POLAR-1-S,-124.72999478044932,-132.00737143955502,-7.277376659105698,7.277376659105698,single_atom
HAT707_617,HAT707nonMR,Bond Dissociation Energies,Thermochemistry,MACE-POLAR-1-S,-87.5099963550419,-98.49384877649564,-10.983852421453733,10.983852421453733,single_atom
HAT707_618,HAT707nonMR,Bond Dissociation Energies,Thermochemistry,MACE-POLAR-1-S,-191.3999923657816,-193.12496532006284,-1.7249729542812418,1.7249729542812418,single_atom
HAT707_62,HAT707nonMR,Bond Dissociation Energies,Thermochemistry,MACE-POLAR-1-S,-152.51999355539476,-78.16636157086445,74.35363198453031,74.35363198453031,single_atom
HAT707_620,HAT707nonMR,Bond Dissociation Energies,Thermochemistry,MACE-POLAR-1-S,-9.13999991208199,-3.3316394608538538,5.808360451228136,5.808360451228136,single_atom
HAT707_621,HAT707nonMR,Bond Dissociation Energies,Thermochemistry,MACE-POLAR-1-S,-82.66999632882344,-64.36866791834876,18.30132841047468,18.30132841047468,single_atom
HAT707_622,HAT707nonMR,Bond Dissociation Energies,Thermochemistry,MACE-POLAR-1-S,-63.59999721734846,-63.6013190699934,-0.001321852644942112,0.001321852644942112,single_atom
HAT707_623,HAT707nonMR,Bond Dissociation Energies,Thermochemistry,MACE-POLAR-1-S,-112.33999529027788,-114.17246282482392,-1.8324675345460406,1.8324675345460406,single_atom
HAT707_63,HAT707nonMR,Bond Dissociation Energies,Thermochemistry,MACE-POLAR-1-S,-146.09999369953536,-76.30094018749998,69.79905351203539,69.79905351203539,single_atom
HAT707_64,HAT707nonMR,Bond Dissociation Energies,Thermochemistry,MACE-POLAR-1-S,-97.12999583409766,-25.18029880521411,71.94969702888355,71.94969702888355,single_atom
HAT707_642,HAT707nonMR,Bond Dissociation Energies,Thermochemistry,MACE-POLAR-1-S,-91.25999610957184,-90.53782907393538,0.7221670356364598,0.7221670356364598,single_atom
HAT707_644,HAT707nonMR,Bond Dissociation Energies,Thermochemistry,MACE-POLAR-1-S,-81.27999632777627,-82.59400452367268,-1.314008195896406,1.314008195896406,single_atom
HAT707_645,HAT707nonMR,Bond Dissociation Energies,Thermochemistry,MACE-POLAR-1-S,39.48999826008261,27.90480910653436,-11.58518915354825,11.58518915354825,single_atom
HAT707_646,HAT707nonMR,Bond Dissociation Energies,Thermochemistry,MACE-POLAR-1-S,-131.06999470847975,-167.14570296648807,-36.07570825800832,36.07570825800832,single_atom
HAT707_647,HAT707nonMR,Bond Dissociation Energies,Thermochemistry,MACE-POLAR-1-S,-7.129999842850914,-56.0458022586916,-48.91580241584069,48.91580241584069,single_atom
HAT707_65,HAT707nonMR,Bond Dissociation Energies,Thermochemistry,MACE-POLAR-1-S,-98.24999607872208,0.0034406028504419,98.25343668157252,98.25343668157252,single_atom
HAT707_651,HAT707nonMR,Bond Dissociation Energies,Thermochemistry,MACE-POLAR-1-S,-58.13999775045554,-56.41285670880472,1.7271410416508246,1.7271410416508246,single_atom
HAT707_652,HAT707nonMR,Bond Dissociation Energies,Thermochemistry,MACE-POLAR-1-S,-0.7299999689487457,-8.855770401050544,-8.125770432101797,8.125770432101797,single_atom
HAT707_653,HAT707nonMR,Bond Dissociation Energies,Thermochemistry,MACE-POLAR-1-S,-3.779999727465791,-15.40696821812647,-11.62696849066068,11.62696849066068,single_atom
HAT707_654,HAT707nonMR,Bond Dissociation Energies,Thermochemistry,MACE-POLAR-1-S,-11.349999800885463,-19.901906059306366,-8.551906258420903,8.551906258420903,single_atom
HAT707_655,HAT707nonMR,Bond Dissociation Energies,Thermochemistry,MACE-POLAR-1-S,12.399999481150058,2.5933357618952577,-9.8066637192548,9.8066637192548,single_atom
HAT707_656,HAT707nonMR,Bond Dissociation Energies,Thermochemistry,MACE-POLAR-1-S,-52.499997818437976,-62.080903305506055,-9.58090548706808,9.58090548706808,single_atom
HAT707_657,HAT707nonMR,Bond Dissociation Energies,Thermochemistry,MACE-POLAR-1-S,-129.79999459917607,-142.25681679587467,-12.456822196698596,12.456822196698596,single_atom
HAT707_66,HAT707nonMR,Bond Dissociation Energies,Thermochemistry,MACE-POLAR-1-S,13.309999287713968,88.56212482801784,75.25212554030388,75.25212554030388,single_atom
HAT707_67,HAT707nonMR,Bond Dissociation Energies,Thermochemistry,MACE-POLAR-1-S,-49.04999779326665,24.251525733503755,73.30152352677041,73.30152352677041,single_atom
HAT707_68,HAT707nonMR,Bond Dissociation Energies,Thermochemistry,MACE-POLAR-1-S,-15.119999537372635,60.42501201043954,75.54501154781218,75.54501154781218,single_atom
HAT707_69,HAT707nonMR,Bond Dissociation Energies,Thermochemistry,MACE-POLAR-1-S,-90.20999642930724,-21.82468018020977,68.38531624909747,68.38531624909747,single_atom
HAT707_70,HAT707nonMR,Bond Dissociation Energies,Thermochemistry,MACE-POLAR-1-S,-22.13999885194925,50.03402218614753,72.17402103809678,72.17402103809678,single_atom
HAT707_73,HAT707nonMR,Bond Dissociation Energies,Thermochemistry,MACE-POLAR-1-S,71.08999706128031,145.51261769335068,74.42262063207036,74.42262063207036,single_atom
HAT707_74,HAT707nonMR,Bond Dissociation Energies,Thermochemistry,MACE-POLAR-1-S,10.329999466047262,88.80016345338758,78.47016398734033,78.47016398734033,single_atom
HAT707_75,HAT707nonMR,Bond Dissociation Energies,Thermochemistry,MACE-POLAR-1-S,38.87999818287731,114.95860374920888,76.07860556633156,76.07860556633156,single_atom
HAT707_76,HAT707nonMR,Bond Dissociation Energies,Thermochemistry,MACE-POLAR-1-S,-16.26999912742343,60.491050793574246,76.76104992099768,76.76104992099768,single_atom
HAT707_77,HAT707nonMR,Bond Dissociation Energies,Thermochemistry,MACE-POLAR-1-S,-30.849998524441105,49.44960351109089,80.29960203553199,80.29960203553199,single_atom
HAT707_78,HAT707nonMR,Bond Dissociation Energies,Thermochemistry,MACE-POLAR-1-S,-57.28999788976335,7.475230915289104,64.76522880505246,64.76522880505246,single_atom
HAT707_79,HAT707nonMR,Bond Dissociation Energies,Thermochemistry,MACE-POLAR-1-S,-64.2799972314041,0.5530406210493207,64.83303785245342,64.83303785245342,single_atom
HAT707_80,HAT707nonMR,Bond Dissociation Energies,Thermochemistry,MACE-POLAR-1-S,13.829999446111689,83.07790659446619,69.2479071483545,69.2479071483545,single_atom
HAT707_81,HAT707nonMR,Bond Dissociation Energies,Thermochemistry,MACE-POLAR-1-S,-66.70999754924671,-2.4770147505578817,64.23298279868882,64.23298279868882,single_atom
HAT707_82,HAT707nonMR,Bond Dissociation Energies,Thermochemistry,MACE-POLAR-1-S,-59.45999781465235,5.433748962172978,64.89374677682532,64.89374677682532,single_atom
HAT707_83,HAT707nonMR,Bond Dissociation Energies,Thermochemistry,MACE-POLAR-1-S,-53.98999772927132,13.057745490385178,67.0477432196565,67.0477432196565,single_atom
HAT707_84,HAT707nonMR,Bond Dissociation Energies,Thermochemistry,MACE-POLAR-1-S,-43.07999815895462,22.85808534073049,65.93808349968512,65.93808349968512,single_atom
HAT707_85,HAT707nonMR,Bond Dissociation Energies,Thermochemistry,MACE-POLAR-1-S,9.329999740675772,71.79502594883533,62.46502620815956,62.46502620815956,single_atom
HAT707_86,HAT707nonMR,Bond Dissociation Energies,Thermochemistry,MACE-POLAR-1-S,-130.55999454106066,-59.60920593892488,70.95078860213579,70.95078860213579,single_atom
HAT707_87,HAT707nonMR,Bond Dissociation Energies,Thermochemistry,MACE-POLAR-1-S,-33.389998743048515,30.897222671694024,64.28722141474253,64.28722141474253,single_atom
HAT707_88,HAT707nonMR,Bond Dissociation Energies,Thermochemistry,MACE-POLAR-1-S,-135.5199944590226,-74.69322558444162,60.82676887458098,60.82676887458098,single_atom
HAT707_89,HAT707nonMR,Bond Dissociation Energies,Thermochemistry,MACE-POLAR-1-S,15.579999122389165,86.0504454262667,70.47044630387754,70.47044630387754,single_atom
HAT707_90,HAT707nonMR,Bond Dissociation Energies,Thermochemistry,MACE-POLAR-1-S,2.969999830688084,62.20956436692595,59.23956453623787,59.23956453623787,single_atom
HAT707_91,HAT707nonMR,Bond Dissociation Energies,Thermochemistry,MACE-POLAR-1-S,-1.0699996622218313,73.66865593703605,74.73865559925788,74.73865559925788,single_atom
HAT707_92,HAT707nonMR,Bond Dissociation Energies,Thermochemistry,MACE-POLAR-1-S,-68.78999692781865,4.657532504031226,73.44752943184987,73.44752943184987,single_atom
HAT707_93,HAT707nonMR,Bond Dissociation Energies,Thermochemistry,MACE-POLAR-1-S,3.400000070278225,59.10436029259921,55.704360222320986,55.704360222320986,single_atom
HAT707_94,HAT707nonMR,Bond Dissociation Energies,Thermochemistry,MACE-POLAR-1-S,8.919999483042872,81.61248048731973,72.69248100427686,72.69248100427686,single_atom
HAT707_95,HAT707nonMR,Bond Dissociation Energies,Thermochemistry,MACE-POLAR-1-S,-48.499998289442544,6.05614976217935,54.556148051621896,54.556148051621896,single_atom
HAT707_96,HAT707nonMR,Bond Dissociation Energies,Thermochemistry,MACE-POLAR-1-S,-40.87999826112976,-2.939217955495679,37.94078030563408,37.94078030563408,single_atom
HAT707_97,HAT707nonMR,Bond Dissociation Energies,Thermochemistry,MACE-POLAR-1-S,-97.51999610977332,-33.00257265081715,64.51742345895616,64.51742345895616,single_atom
HAT707_98,HAT707nonMR,Bond Dissociation Energies,Thermochemistry,MACE-POLAR-1-S,-20.81999941526192,28.63554288427768,49.4555422995396,49.4555422995396,single_atom
HAT707_99,HAT707nonMR,Bond Dissociation Energies,Thermochemistry,MACE-POLAR-1-S,-22.7199989562187,8.326306262528572,31.04630521874727,31.04630521874727,single_atom
HAT707_1,HAT707nonMR,Bond Dissociation Energies,Thermochemistry,wB97M-V,26.54999863857759,24.54647471813419,-2.0035239204434028,2.0035239204434028,single_atom
HAT707_100,HAT707nonMR,Bond Dissociation Energies,Thermochemistry,wB97M-V,5.409999511999825,9.675916848321169,4.265917336321344,4.265917336321344,single_atom
HAT707_101,HAT707nonMR,Bond Dissociation Energies,Thermochemistry,wB97M-V,2.6800000923080995,6.381735332138121,3.701735239830022,3.701735239830022,single_atom
HAT707_102,HAT707nonMR,Bond Dissociation Energies,Thermochemistry,wB97M-V,20.889999352112262,23.13122975985865,2.241230407746386,2.241230407746386,single_atom
HAT707_104,HAT707nonMR,Bond Dissociation Energies,Thermochemistry,wB97M-V,-26.94999890523187,-24.1342105317879,2.8157883734439686,2.8157883734439686,single_atom
HAT707_105,HAT707nonMR,Bond Dissociation Energies,Thermochemistry,wB97M-V,-52.06999757884783,-47.18611663085021,4.883880947997625,4.883880947997625,single_atom
HAT707_106,HAT707nonMR,Bond Dissociation Energies,Thermochemistry,wB97M-V,-38.72999831819801,-38.544888796445015,0.18510952175299167,0.18510952175299167,single_atom
HAT707_107,HAT707nonMR,Bond Dissociation Energies,Thermochemistry,wB97M-V,-19.25999894006875,-19.86313607169847,-0.6031371316297189,0.6031371316297189,single_atom
HAT707_110,HAT707nonMR,Bond Dissociation Energies,Thermochemistry,wB97M-V,-16.519999529398408,-16.568954555515425,-0.0489550261170173,0.0489550261170173,single_atom
HAT707_111,HAT707nonMR,Bond Dissociation Energies,Thermochemistry,wB97M-V,47.74999833853655,46.621078548738254,-1.1289197897982959,1.1289197897982959,single_atom
HAT707_112,HAT707nonMR,Bond Dissociation Energies,Thermochemistry,wB97M-V,44.69999795251003,43.65616700415809,-1.043830948351939,1.043830948351939,single_atom
HAT707_113,HAT707nonMR,Bond Dissociation Energies,Thermochemistry,wB97M-V,78.83999674091037,76.0639097306957,-2.776087010214667,2.776087010214667,single_atom
HAT707_114,HAT707nonMR,Bond Dissociation Energies,Thermochemistry,wB97M-V,102.59999575871892,102.70269267672768,0.10269691800876046,0.10269691800876046,single_atom
HAT707_115,HAT707nonMR,Bond Dissociation Energies,Thermochemistry,wB97M-V,-13.619999635560664,-15.492982697355954,-1.8729830617952903,1.8729830617952903,single_atom
HAT707_116,HAT707nonMR,Bond Dissociation Energies,Thermochemistry,wB97M-V,-145.38999371254386,-145.14751884344437,0.2424748690994818,0.2424748690994818,single_atom
HAT707_118,HAT707nonMR,Bond Dissociation Energies,Thermochemistry,wB97M-V,17.62999915553472,19.44766255089112,1.8176633953564014,1.8176633953564014,single_atom
HAT707_12,HAT707nonMR,Bond Dissociation Energies,Thermochemistry,wB97M-V,48.4799983074853,48.15987441204411,-0.320123895441192,0.320123895441192,single_atom
HAT707_127,HAT707nonMR,Bond Dissociation Energies,Thermochemistry,wB97M-V,242.7099899668493,241.79823134988635,-0.9117586169629419,0.9117586169629419,single_atom
HAT707_128,HAT707nonMR,Bond Dissociation Energies,Thermochemistry,wB97M-V,194.27999227766205,193.41202550297163,-0.8679667746904158,0.8679667746904158,single_atom
HAT707_13,HAT707nonMR,Bond Dissociation Energies,Thermochemistry,wB97M-V,90.18999627172391,89.02763423041557,-1.1623620413083415,1.1623620413083415,single_atom
HAT707_131,HAT707nonMR,Bond Dissociation Energies,Thermochemistry,wB97M-V,184.5899923694152,185.57882655804403,0.9888341886288288,0.9888341886288288,single_atom
HAT707_132,HAT707nonMR,Bond Dissociation Energies,Thermochemistry,wB97M-V,74.28999692899828,69.31459058107954,-4.975406347918735,4.975406347918735,single_atom
HAT707_133,HAT707nonMR,Bond Dissociation Energies,Thermochemistry,wB97M-V,217.359991014768,218.9764222445461,1.6164312297780725,1.6164312297780725,single_atom
HAT707_134,HAT707nonMR,Bond Dissociation Energies,Thermochemistry,wB97M-V,63.24999738537037,58.578257520743634,-4.671739864626737,4.671739864626737,single_atom
HAT707_135,HAT707nonMR,Bond Dissociation Energies,Thermochemistry,wB97M-V,152.96999367652305,152.3399597067949,-0.6300339697281458,0.6300339697281458,single_atom
HAT707_136,HAT707nonMR,Bond Dissociation Energies,Thermochemistry,wB97M-V,44.229998376514885,38.422868135946345,-5.80713024056854,5.80713024056854,single_atom
HAT707_137,HAT707nonMR,Bond Dissociation Energies,Thermochemistry,wB97M-V,26.039999098667963,17.837424922229786,-8.202574176438176,8.202574176438176,single_atom
HAT707_138,HAT707nonMR,Bond Dissociation Energies,Thermochemistry,wB97M-V,138.40999427840475,135.94544073685503,-2.4645535415497193,2.4645535415497193,single_atom
HAT707_139,HAT707nonMR,Bond Dissociation Energies,Thermochemistry,wB97M-V,82.66999658258575,76.18825136049419,-6.481745222091561,6.481745222091561,single_atom
HAT707_14,HAT707nonMR,Bond Dissociation Energies,Thermochemistry,wB97M-V,42.04999846064728,40.45604181630321,-1.5939566443440683,1.5939566443440683,single_atom
HAT707_140,HAT707nonMR,Bond Dissociation Energies,Thermochemistry,wB97M-V,28.609998662701766,21.01337844513249,-7.596620217569278,7.596620217569278,single_atom
HAT707_141,HAT707nonMR,Bond Dissociation Energies,Thermochemistry,wB97M-V,106.97999557765864,105.7349012238912,-1.245094353767442,1.245094353767442,single_atom
HAT707_142,HAT707nonMR,Bond Dissociation Energies,Thermochemistry,wB97M-V,209.17999135291325,208.0343140812141,-1.1456772716991566,1.1456772716991566,single_atom
HAT707_143,HAT707nonMR,Bond Dissociation Energies,Thermochemistry,wB97M-V,172.29999287745918,171.1101880043473,-1.189804873111882,1.189804873111882,single_atom
HAT707_144,HAT707nonMR,Bond Dissociation Energies,Thermochemistry,wB97M-V,166.64999311101909,166.9136454799675,0.2636523689484136,0.2636523689484136,single_atom
HAT707_145,HAT707nonMR,Bond Dissociation Energies,Thermochemistry,wB97M-V,127.99999470873362,126.32017883784944,-1.679815870884184,1.679815870884184,single_atom
HAT707_146,HAT707nonMR,Bond Dissociation Energies,Thermochemistry,wB97M-V,80.29999668055672,82.18360777415364,1.883611093596926,1.883611093596926,single_atom
HAT707_147,HAT707nonMR,Bond Dissociation Energies,Thermochemistry,wB97M-V,86.19999643666293,87.16630590204699,0.9663094653840574,0.9663094653840574,single_atom
HAT707_148,HAT707nonMR,Bond Dissociation Energies,Thermochemistry,wB97M-V,80.69999666402163,81.25691332903332,0.5569166650116983,0.5569166650116983,single_atom
HAT707_149,HAT707nonMR,Bond Dissociation Energies,Thermochemistry,wB97M-V,145.95999382583466,145.4213521179918,-0.5386417078428565,0.5386417078428565,single_atom
HAT707_15,HAT707nonMR,Bond Dissociation Energies,Thermochemistry,wB97M-V,41.759998094757805,40.641428383465176,-1.1185697112926292,1.1185697112926292,single_atom
HAT707_150,HAT707nonMR,Bond Dissociation Energies,Thermochemistry,wB97M-V,97.86999595424828,99.96810264874448,2.0981066944961952,2.0981066944961952,single_atom
HAT707_151,HAT707nonMR,Bond Dissociation Energies,Thermochemistry,wB97M-V,8.399999952154623,10.3820897805052,1.9820898283505777,1.9820898283505777,single_atom
HAT707_152,HAT707nonMR,Bond Dissociation Energies,Thermochemistry,wB97M-V,75.80999686990474,76.36597258569807,0.5559757157933376,0.5559757157933376,single_atom
HAT707_153,HAT707nonMR,Bond Dissociation Energies,Thermochemistry,wB97M-V,64.52999733245754,64.7428795949374,0.21288226247986586,0.21288226247986586,single_atom
HAT707_154,HAT707nonMR,Bond Dissociation Energies,Thermochemistry,wB97M-V,63.65999736842143,62.71357438496744,-0.9464229834539921,0.9464229834539921,single_atom
HAT707_155,HAT707nonMR,Bond Dissociation Energies,Thermochemistry,wB97M-V,96.19999602328237,94.86714728560683,-1.3328487376755334,1.3328487376755334,single_atom
HAT707_156,HAT707nonMR,Bond Dissociation Energies,Thermochemistry,wB97M-V,129.30999465458058,130.41661370906658,1.1066190544860035,1.1066190544860035,single_atom
HAT707_157,HAT707nonMR,Bond Dissociation Energies,Thermochemistry,wB97M-V,66.67999694880136,67.57372336393072,0.8937264151293647,0.8937264151293647,single_atom
HAT707_158,HAT707nonMR,Bond Dissociation Energies,Thermochemistry,wB97M-V,-47.84999824832275,-53.36513621968783,-5.515137971365078,5.515137971365078,single_atom
HAT707_159,HAT707nonMR,Bond Dissociation Energies,Thermochemistry,wB97M-V,97.79999595714196,95.20449688091168,-2.5954990762302828,2.5954990762302828,single_atom
HAT707_160,HAT707nonMR,Bond Dissociation Energies,Thermochemistry,wB97M-V,-31.0599989625016,-28.99838366622585,2.0616152962757504,2.0616152962757504,single_atom
HAT707_162,HAT707nonMR,Bond Dissociation Energies,Thermochemistry,wB97M-V,223.6099907564051,223.076494474424,-0.5334962819810869,0.5334962819810869,single_atom
HAT707_163,HAT707nonMR,Bond Dissociation Energies,Thermochemistry,wB97M-V,94.8199960803291,92.73517650567992,-2.084819574649188,2.084819574649188,single_atom
HAT707_164,HAT707nonMR,Bond Dissociation Energies,Thermochemistry,wB97M-V,191.39999208790343,190.1053429313249,-1.2946491565785152,1.2946491565785152,single_atom
HAT707_165,HAT707nonMR,Bond Dissociation Energies,Thermochemistry,wB97M-V,136.24999436769463,136.89994257404962,0.649948206354992,0.649948206354992,single_atom
HAT707_166,HAT707nonMR,Bond Dissociation Energies,Thermochemistry,wB97M-V,67.40999721340434,60.092674452733206,-7.317322760671132,7.317322760671132,single_atom
HAT707_167,HAT707nonMR,Bond Dissociation Energies,Thermochemistry,wB97M-V,4.909999963068817,6.06413352277338,1.1541335597045634,1.1541335597045634,single_atom
HAT707_168,HAT707nonMR,Bond Dissociation Energies,Thermochemistry,wB97M-V,0.4100002576329006,-1.8681338568477228,-2.2781341144806233,2.2781341144806233,single_atom
HAT707_169,HAT707nonMR,Bond Dissociation Energies,Thermochemistry,wB97M-V,6.659999639346293,7.99967664359736,1.339677004251067,1.339677004251067,single_atom
HAT707_170,HAT707nonMR,Bond Dissociation Energies,Thermochemistry,wB97M-V,-9.989999772774176,-8.482179534138465,1.507820238635711,1.507820238635711,single_atom
HAT707_171,HAT707nonMR,Bond Dissociation Energies,Thermochemistry,wB97M-V,-49.79999774417263,-49.80798142171152,-0.0079836775388884,0.0079836775388884,single_atom
HAT707_172,HAT707nonMR,Bond Dissociation Energies,Thermochemistry,wB97M-V,75.53999687732633,67.95398826936768,-7.586008607958647,7.586008607958647,single_atom
HAT707_173,HAT707nonMR,Bond Dissociation Energies,Thermochemistry,wB97M-V,89.89999628371187,92.4039684083981,2.5039721246862285,2.5039721246862285,single_atom
HAT707_174,HAT707nonMR,Bond Dissociation Energies,Thermochemistry,wB97M-V,155.19999358433947,159.15233245160888,3.952338867269418,3.952338867269418,single_atom
HAT707_175,HAT707nonMR,Bond Dissociation Energies,Thermochemistry,wB97M-V,173.39999283198716,175.90182687932943,2.501834047342271,2.501834047342271,single_atom
HAT707_177,HAT707nonMR,Bond Dissociation Energies,Thermochemistry,wB97M-V,125.56999480918508,128.63638658771853,3.0663917785334576,3.0663917785334576,single_atom
HAT707_178,HAT707nonMR,Bond Dissociation Energies,Thermochemistry,wB97M-V,32.41999836310342,35.54193492922672,3.1219365661233027,3.1219365661233027,single_atom
HAT707_179,HAT707nonMR,Bond Dissociation Energies,Thermochemistry,wB97M-V,45.749998260284094,44.18316276363192,-1.5668354966521747,1.5668354966521747,single_atom
HAT707_18,HAT707nonMR,Bond Dissociation Energies,Thermochemistry,wB97M-V,32.06999867885171,32.808229438573264,0.7382307597215529,0.7382307597215529,single_atom
HAT707_180,HAT707nonMR,Bond Dissociation Energies,Thermochemistry,wB97M-V,133.25999449129563,132.90746104780797,-0.35253344348765836,0.35253344348765836,single_atom
HAT707_183,HAT707nonMR,Bond Dissociation Energies,Thermochemistry,wB97M-V,67.96999704006231,66.1590970045615,-1.8109000355008078,1.8109000355008078,single_atom
HAT707_184,HAT707nonMR,Bond Dissociation Energies,Thermochemistry,wB97M-V,69.91999710964599,70.96509756349721,1.0451004538512194,1.0451004538512194,single_atom
HAT707_185,HAT707nonMR,Bond Dissociation Energies,Thermochemistry,wB97M-V,93.67999612745452,97.6038805094846,3.9238843820300815,3.9238843820300815,single_atom
HAT707_186,HAT707nonMR,Bond Dissociation Energies,Thermochemistry,wB97M-V,138.89999425814892,137.27761442211482,-1.6223798360340993,1.6223798360340993,single_atom
HAT707_187,HAT707nonMR,Bond Dissociation Energies,Thermochemistry,wB97M-V,-47.12999827035263,-54.66326349991122,-7.533265229558587,7.533265229558587,single_atom
HAT707_19,HAT707nonMR,Bond Dissociation Energies,Thermochemistry,wB97M-V,-23.959999092586543,-21.16966476247142,2.7903343301151224,2.7903343301151224,single_atom
HAT707_193,HAT707nonMR,Bond Dissociation Energies,Thermochemistry,wB97M-V,94.01999611339927,95.1955703076014,1.1755741942021274,1.1755741942021274,single_atom
HAT707_194,HAT707nonMR,Bond Dissociation Energies,Thermochemistry,wB97M-V,135.72999438919072,136.0633301259996,0.33333573680889117,0.33333573680889117,single_atom
HAT707_195,HAT707nonMR,Bond Dissociation Energies,Thermochemistry,wB97M-V,87.29999639119096,87.67712427902245,0.37712788783149165,0.37712788783149165,single_atom
HAT707_197,HAT707nonMR,Bond Dissociation Energies,Thermochemistry,wB97M-V,77.60999679175653,79.84392533414838,2.233928542391851,2.233928542391851,single_atom
HAT707_198,HAT707nonMR,Bond Dissociation Energies,Thermochemistry,wB97M-V,121.42999498032408,123.97785408096848,2.547859100644402,2.547859100644402,single_atom
HAT707_199,HAT707nonMR,Bond Dissociation Energies,Thermochemistry,wB97M-V,110.37999543710936,113.24152102065932,2.8615255835499624,2.8615255835499624,single_atom
HAT707_20,HAT707nonMR,Bond Dissociation Energies,Thermochemistry,wB97M-V,64.83999731964255,66.20582512507528,1.3658278054327297,1.3658278054327297,single_atom
HAT707_200,HAT707nonMR,Bond Dissociation Energies,Thermochemistry,wB97M-V,45.98999804377098,46.60505848289924,0.615060439128257,0.615060439128257,single_atom
HAT707_201,HAT707nonMR,Bond Dissociation Energies,Thermochemistry,wB97M-V,91.36999622294502,93.08613163587094,1.7161354129259223,1.7161354129259223,single_atom
HAT707_202,HAT707nonMR,Bond Dissociation Energies,Thermochemistry,wB97M-V,73.1699969752973,72.50068842213655,-0.6693085531607466,0.6693085531607466,single_atom
HAT707_203,HAT707nonMR,Bond Dissociation Energies,Thermochemistry,wB97M-V,-47.49999793656158,-54.95937543155869,-7.4593774949971134,7.4593774949971134,single_atom
HAT707_204,HAT707nonMR,Bond Dissociation Energies,Thermochemistry,wB97M-V,31.42999862871055,30.21053951296828,-1.2194591157422714,1.2194591157422714,single_atom
HAT707_205,HAT707nonMR,Bond Dissociation Energies,Thermochemistry,wB97M-V,129.79999463432537,130.85151486040095,1.0515202260755814,1.0515202260755814,single_atom
HAT707_206,HAT707nonMR,Bond Dissociation Energies,Thermochemistry,wB97M-V,75.73999686905847,75.67664194503925,-0.06335492401922238,0.06335492401922238,single_atom
HAT707_207,HAT707nonMR,Bond Dissociation Energies,Thermochemistry,wB97M-V,102.19999577525464,102.2994128573274,0.09941708207276179,0.09941708207276179,single_atom
HAT707_208,HAT707nonMR,Bond Dissociation Energies,Thermochemistry,wB97M-V,65.30999730021375,65.37528678046054,0.06528948024678982,0.06528948024678982,single_atom
HAT707_209,HAT707nonMR,Bond Dissociation Energies,Thermochemistry,wB97M-V,59.65999763422474,61.17874425608075,1.5187466218560104,1.5187466218560104,single_atom
HAT707_21,HAT707nonMR,Bond Dissociation Energies,Thermochemistry,wB97M-V,-35.00999853660394,-31.905997822771656,3.1040007138322814,3.1040007138322814,single_atom
HAT707_210,HAT707nonMR,Bond Dissociation Energies,Thermochemistry,wB97M-V,91.84999620310305,83.27769250500168,-8.572303698101365,8.572303698101365,single_atom
HAT707_211,HAT707nonMR,Bond Dissociation Energies,Thermochemistry,wB97M-V,21.009999243855702,20.58527761396268,-0.4247216298930212,0.4247216298930212,single_atom
HAT707_212,HAT707nonMR,Bond Dissociation Energies,Thermochemistry,wB97M-V,-26.679999148809127,-23.55129344973309,3.1287056990760362,3.1287056990760362,single_atom
HAT707_213,HAT707nonMR,Bond Dissociation Energies,Thermochemistry,wB97M-V,-51.459998129152005,-57.61519419525976,-6.155196066107756,6.155196066107756,single_atom
HAT707_214,HAT707nonMR,Bond Dissociation Energies,Thermochemistry,wB97M-V,-20.77999945134744,-18.56859532183976,2.211404129507681,2.211404129507681,single_atom
HAT707_215,HAT707nonMR,Bond Dissociation Energies,Thermochemistry,wB97M-V,22.54999910958216,14.736785462914352,-7.813213646667808,7.813213646667808,single_atom
HAT707_216,HAT707nonMR,Bond Dissociation Energies,Thermochemistry,wB97M-V,-26.27999888215485,-24.477987894862338,1.8020109872925119,1.8020109872925119,single_atom
HAT707_217,HAT707nonMR,Bond Dissociation Energies,Thermochemistry,wB97M-V,48.14999797768136,43.06659041502731,-5.0834075626540525,5.0834075626540525,single_atom
HAT707_218,HAT707nonMR,Bond Dissociation Energies,Thermochemistry,wB97M-V,16.989999105393554,10.742709497847995,-6.247289607545559,6.247289607545559,single_atom
HAT707_219,HAT707nonMR,Bond Dissociation Energies,Thermochemistry,wB97M-V,38.97999809266351,39.68645089410505,0.706452801441543,0.706452801441543,single_atom
HAT707_22,HAT707nonMR,Bond Dissociation Energies,Thermochemistry,wB97M-V,0.4500002215473813,-0.4306374126758756,-0.8806376342232569,0.8806376342232569,single_atom
HAT707_220,HAT707nonMR,Bond Dissociation Energies,Thermochemistry,wB97M-V,-9.109999311636654,-5.766798575151177,3.3432007364854774,3.3432007364854774,single_atom
HAT707_222,HAT707nonMR,Bond Dissociation Energies,Thermochemistry,wB97M-V,-31.169998863266425,-29.36892863818867,1.8010702250777548,1.8010702250777548,single_atom
HAT707_223,HAT707nonMR,Bond Dissociation Energies,Thermochemistry,wB97M-V,39.66999809769778,33.32348625285034,-6.346511844847441,6.346511844847441,single_atom
HAT707_224,HAT707nonMR,Bond Dissociation Energies,Thermochemistry,wB97M-V,-42.459998090770696,-40.99202162894933,1.4679764618213653,1.4679764618213653,single_atom
HAT707_225,HAT707nonMR,Bond Dissociation Energies,Thermochemistry,wB97M-V,4.820000044261236,0.5572528858099015,-4.262747158451335,4.262747158451335,single_atom
HAT707_226,HAT707nonMR,Bond Dissociation Energies,Thermochemistry,wB97M-V,-10.779999687594644,-10.867753938270996,-0.08775425067635112,0.08775425067635112,single_atom
HAT707_227,HAT707nonMR,Bond Dissociation Energies,Thermochemistry,wB97M-V,-27.929998648646123,-34.03753825676151,-6.107539608115385,6.107539608115385,single_atom
HAT707_228,HAT707nonMR,Bond Dissociation Energies,Thermochemistry,wB97M-V,22.32999930805251,24.68171248517983,2.351713177127319,2.351713177127319,single_atom
HAT707_229,HAT707nonMR,Bond Dissociation Energies,Thermochemistry,wB97M-V,-87.96999656756792,-91.5825234918114,-3.6125269242434825,3.6125269242434825,single_atom
HAT707_23,HAT707nonMR,Bond Dissociation Energies,Thermochemistry,wB97M-V,-54.01999770220718,-52.06138720756895,1.9586104946382292,1.9586104946382292,single_atom
HAT707_230,HAT707nonMR,Bond Dissociation Energies,Thermochemistry,wB97M-V,9.12999992110337,4.002775505403968,-5.127224415699401,5.127224415699401,single_atom
HAT707_231,HAT707nonMR,Bond Dissociation Energies,Thermochemistry,wB97M-V,-40.30999814783893,-38.161177859982764,2.148820287856168,2.148820287856168,single_atom
HAT707_232,HAT707nonMR,Bond Dissociation Energies,Thermochemistry,wB97M-V,-78.37999706144801,-84.72152277876317,-6.3415257173151645,6.3415257173151645,single_atom
HAT707_233,HAT707nonMR,Bond Dissociation Energies,Thermochemistry,wB97M-V,-106.97999573317117,-105.7349012238912,1.2450945092799657,1.2450945092799657,single_atom
HAT707_234,HAT707nonMR,Bond Dissociation Energies,Thermochemistry,wB97M-V,-0.7099999869915055,1.2981272802189356,2.0081272672104413,2.0081272672104413,single_atom
HAT707_235,HAT707nonMR,Bond Dissociation Energies,Thermochemistry,wB97M-V,47.12999827035263,54.6632634999023,7.53326522954967,7.53326522954967,single_atom
HAT707_238,HAT707nonMR,Bond Dissociation Energies,Thermochemistry,wB97M-V,116.62999517874648,117.34159325053729,0.711598071790803,0.711598071790803,single_atom
HAT707_239,HAT707nonMR,Bond Dissociation Energies,Thermochemistry,wB97M-V,84.41999651024416,84.37044170743816,-0.049554802806,0.049554802806,single_atom
HAT707_24,HAT707nonMR,Bond Dissociation Energies,Thermochemistry,wB97M-V,-72.21999697103273,-72.64683042130333,-0.4268334502706068,0.4268334502706068,single_atom
HAT707_240,HAT707nonMR,Bond Dissociation Energies,Thermochemistry,wB97M-V,29.259998703821548,31.165041350162884,1.905042646341336,1.905042646341336,single_atom
HAT707_241,HAT707nonMR,Bond Dissociation Energies,Thermochemistry,wB97M-V,114.53999526514332,114.75593795263995,0.2159426874966357,0.2159426874966357,single_atom
HAT707_242,HAT707nonMR,Bond Dissociation Energies,Thermochemistry,wB97M-V,39.83999857184379,34.426009480108846,-5.413989091734948,5.413989091734948,single_atom
HAT707_243,HAT707nonMR,Bond Dissociation Energies,Thermochemistry,wB97M-V,32.84999860269356,27.29356084429703,-5.55643775839653,5.55643775839653,single_atom
HAT707_244,HAT707nonMR,Bond Dissociation Energies,Thermochemistry,wB97M-V,30.41999891236044,24.26710185268933,-6.152897059671112,6.152897059671112,single_atom
HAT707_245,HAT707nonMR,Bond Dissociation Energies,Thermochemistry,wB97M-V,37.6699986469548,32.23500285981478,-5.434995787140025,5.434995787140025,single_atom
HAT707_246,HAT707nonMR,Bond Dissociation Energies,Thermochemistry,wB97M-V,43.13999810482634,37.65063088078923,-5.48936722403711,5.48936722403711,single_atom
HAT707_247,HAT707nonMR,Bond Dissociation Energies,Thermochemistry,wB97M-V,54.04999767514305,50.39596903130533,-3.6540286438377194,3.6540286438377194,single_atom
HAT707_248,HAT707nonMR,Bond Dissociation Energies,Thermochemistry,wB97M-V,-33.429998706963005,-37.72085038319924,-4.290851676236237,4.290851676236237,single_atom
HAT707_249,HAT707nonMR,Bond Dissociation Energies,Thermochemistry,wB97M-V,63.73999736511453,57.63060250215442,-6.109394862960116,6.109394862960116,single_atom
HAT707_25,HAT707nonMR,Bond Dissociation Energies,Thermochemistry,wB97M-V,-144.62999377065924,-146.37854396278885,-1.7485501921296134,1.7485501921296134,single_atom
HAT707_250,HAT707nonMR,Bond Dissociation Energies,Thermochemistry,wB97M-V,-38.38999862492492,-48.67867351731221,-10.288674892387291,10.288674892387291,single_atom
HAT707_251,HAT707nonMR,Bond Dissociation Energies,Thermochemistry,wB97M-V,100.09999586206406,93.8574562412108,-6.242539620853265,6.242539620853265,single_atom
HAT707_252,HAT707nonMR,Bond Dissociation Energies,Thermochemistry,wB97M-V,48.6299981721646,40.92553034858395,-7.70446782358065,7.70446782358065,single_atom
HAT707_253,HAT707nonMR,Bond Dissociation Energies,Thermochemistry,wB97M-V,-76.6999966945114,-76.83643934249525,-0.13644264798385564,0.13644264798385564,single_atom
HAT707_254,HAT707nonMR,Bond Dissociation Energies,Thermochemistry,wB97M-V,122.66999492906533,122.61725176927445,-0.052743159790878735,0.052743159790878735,single_atom
HAT707_255,HAT707nonMR,Bond Dissociation Energies,Thermochemistry,wB97M-V,48.20999792355308,53.4174312276954,5.20743330414232,5.20743330414232,single_atom
HAT707_256,HAT707nonMR,Bond Dissociation Energies,Thermochemistry,wB97M-V,66.41999725432856,70.16692565541592,3.7469284010873594,3.7469284010873594,single_atom
HAT707_257,HAT707nonMR,Bond Dissociation Energies,Thermochemistry,wB97M-V,18.589999544501204,22.90148536376938,4.311485819268174,4.311485819268174,single_atom
HAT707_258,HAT707nonMR,Bond Dissociation Energies,Thermochemistry,wB97M-V,26.27999888215485,27.17255982389448,0.8925609417396316,0.8925609417396316,single_atom
HAT707_259,HAT707nonMR,Bond Dissociation Energies,Thermochemistry,wB97M-V,31.91999881417241,31.54271319822808,-0.37728561594433074,0.37728561594433074,single_atom
HAT707_26,HAT707nonMR,Bond Dissociation Energies,Thermochemistry,wB97M-V,-14.109999193513053,-16.825156382615756,-2.715157189102703,2.715157189102703,single_atom
HAT707_27,HAT707nonMR,Bond Dissociation Energies,Thermochemistry,wB97M-V,-15.589999113367783,-14.296003983038942,1.2939951303288417,1.2939951303288417,single_atom
HAT707_270,HAT707nonMR,Bond Dissociation Energies,Thermochemistry,wB97M-V,62.08999732455786,63.65285710943573,1.5628597848778725,1.5628597848778725,single_atom
HAT707_271,HAT707nonMR,Bond Dissociation Energies,Thermochemistry,wB97M-V,103.80999570870044,104.5206169277626,0.7106212190621619,0.7106212190621619,single_atom
HAT707_272,HAT707nonMR,Bond Dissociation Energies,Thermochemistry,wB97M-V,55.37999773031848,56.13441108085679,0.7544133505383144,0.7544133505383144,single_atom
HAT707_274,HAT707nonMR,Bond Dissociation Energies,Thermochemistry,wB97M-V,45.68999831441237,48.30121213594705,2.611213821534676,2.611213821534676,single_atom
HAT707_275,HAT707nonMR,Bond Dissociation Energies,Thermochemistry,wB97M-V,14.059999238619952,15.062345284662245,1.0023460460422928,1.0023460460422928,single_atom
HAT707_276,HAT707nonMR,Bond Dissociation Energies,Thermochemistry,wB97M-V,15.629999077282264,17.409489690813853,1.779490613531589,1.779490613531589,single_atom
HAT707_277,HAT707nonMR,Bond Dissociation Energies,Thermochemistry,wB97M-V,-2.570000191543277,-3.1759535229116227,-0.6059533313683456,0.6059533313683456,single_atom
HAT707_278,HAT707nonMR,Bond Dissociation Energies,Thermochemistry,wB97M-V,30.879998497376967,29.76214734720448,-1.1178511501724877,1.1178511501724877,single_atom
HAT707_279,HAT707nonMR,Bond Dissociation Energies,Thermochemistry,wB97M-V,-0.500000176440482,-1.3321736852687176,-0.8321735088282356,0.8321735088282356,single_atom
HAT707_28,HAT707nonMR,Bond Dissociation Energies,Thermochemistry,wB97M-V,-69.64999740699892,-69.47087689840063,0.1791205085982881,0.1791205085982881,single_atom
HAT707_280,HAT707nonMR,Bond Dissociation Energies,Thermochemistry,wB97M-V,54.05999766612167,55.17487291537061,1.1148752492489393,1.1148752492489393,single_atom
HAT707_281,HAT707nonMR,Bond Dissociation Energies,Thermochemistry,wB97M-V,-31.91999881417241,-31.542713198214702,0.3772856159577067,0.3772856159577067,single_atom
HAT707_282,HAT707nonMR,Bond Dissociation Energies,Thermochemistry,wB97M-V,70.27999709476371,70.75669965910824,0.47670256434452085,0.47670256434452085,single_atom
HAT707_283,HAT707nonMR,Bond Dissociation Energies,Thermochemistry,wB97M-V,33.389998743048515,33.83257358224139,0.4425748391928721,0.4425748391928721,single_atom
HAT707_284,HAT707nonMR,Bond Dissociation Energies,Thermochemistry,wB97M-V,27.73999882005234,29.636031057843752,1.8960322377914132,1.8960322377914132,single_atom
HAT707_285,HAT707nonMR,Bond Dissociation Energies,Thermochemistry,wB97M-V,170.229992963029,167.99921528376487,-2.230777679264122,2.230777679264122,single_atom
HAT707_286,HAT707nonMR,Bond Dissociation Energies,Thermochemistry,wB97M-V,-10.909999570316703,-10.957435584256478,-0.047436013939774924,0.047436013939774924,single_atom
HAT707_287,HAT707nonMR,Bond Dissociation Energies,Thermochemistry,wB97M-V,-58.59999733547206,-55.094006647952256,3.5059906875198052,3.5059906875198052,single_atom
HAT707_288,HAT707nonMR,Bond Dissociation Energies,Thermochemistry,wB97M-V,26.91999893229601,27.10632858350341,0.18632965120739797,0.18632965120739797,single_atom
HAT707_289,HAT707nonMR,Bond Dissociation Energies,Thermochemistry,wB97M-V,-52.69999763801037,-50.111308520076754,2.588689117933619,2.588689117933619,single_atom
HAT707_29,HAT707nonMR,Bond Dissociation Energies,Thermochemistry,wB97M-V,-45.5399978222236,-47.03569589557957,-1.4956980733559746,1.4956980733559746,single_atom
HAT707_290,HAT707nonMR,Bond Dissociation Energies,Thermochemistry,wB97M-V,100.91999582816683,99.4583082416597,-1.4616875865071393,1.4616875865071393,single_atom
HAT707_291,HAT707nonMR,Bond Dissociation Energies,Thermochemistry,wB97M-V,-58.20999768730587,-56.02070109309933,2.1892965942065388,2.1892965942065388,single_atom
HAT707_292,HAT707nonMR,Bond Dissociation Energies,Thermochemistry,wB97M-V,126.52999476950046,127.78811319379048,1.2581184242900179,1.2581184242900179,single_atom
HAT707_293,HAT707nonMR,Bond Dissociation Energies,Thermochemistry,wB97M-V,95.35999605800664,95.46423227659334,0.10423621858669208,0.10423621858669208,single_atom
HAT707_294,HAT707nonMR,Bond Dissociation Energies,Thermochemistry,wB97M-V,7.059999906000574,8.143737695868053,1.0837377898674792,1.0837377898674792,single_atom
HAT707_295,HAT707nonMR,Bond Dissociation Energies,Thermochemistry,wB97M-V,-41.029998125809065,-37.309511773388174,3.7204863524208918,3.7204863524208918,single_atom
HAT707_298,HAT707nonMR,Bond Dissociation Energies,Thermochemistry,wB97M-V,-63.08999767743883,-60.91164183640783,2.1783558410309993,2.1783558410309993,single_atom
HAT707_299,HAT707nonMR,Bond Dissociation Energies,Thermochemistry,wB97M-V,118.03999512046012,118.0450090316135,0.005013911153383788,0.005013911153383788,single_atom
HAT707_30,HAT707nonMR,Bond Dissociation Energies,Thermochemistry,wB97M-V,56.6599978306008,55.26371696174336,-1.3962808688574384,1.3962808688574384,single_atom
HAT707_300,HAT707nonMR,Bond Dissociation Energies,Thermochemistry,wB97M-V,-74.37999690494311,-72.53473482716849,1.8452620777746205,1.8452620777746205,single_atom
HAT707_301,HAT707nonMR,Bond Dissociation Energies,Thermochemistry,wB97M-V,17.90999953044556,18.53041162136228,0.6204120909167194,0.6204120909167194,single_atom
HAT707_302,HAT707nonMR,Bond Dissociation Energies,Thermochemistry,wB97M-V,83.19999656067712,85.27877566457308,2.078779103895954,2.078779103895954,single_atom
HAT707_303,HAT707nonMR,Bond Dissociation Energies,Thermochemistry,wB97M-V,-42.699998501767055,-42.41046713650799,0.28953136525906586,0.28953136525906586,single_atom
HAT707_304,HAT707nonMR,Bond Dissociation Energies,Thermochemistry,wB97M-V,50.44999778529241,50.68398452199275,0.23398673670033787,0.23398673670033787,single_atom
HAT707_305,HAT707nonMR,Bond Dissociation Energies,Thermochemistry,wB97M-V,-9.589999506119897,-6.861000713057163,2.7289987930627335,2.7289987930627335,single_atom
HAT707_306,HAT707nonMR,Bond Dissociation Energies,Thermochemistry,wB97M-V,87.50999638250988,88.72429828416713,1.214301901657251,1.214301901657251,single_atom
HAT707_307,HAT707nonMR,Bond Dissociation Energies,Thermochemistry,wB97M-V,-45.749998260284094,-44.183162763636375,1.5668354966477196,1.5668354966477196,single_atom
HAT707_308,HAT707nonMR,Bond Dissociation Energies,Thermochemistry,wB97M-V,-72.22999696201134,-69.70389105821977,2.5261059037915743,2.5261059037915743,single_atom
HAT707_309,HAT707nonMR,Bond Dissociation Energies,Thermochemistry,wB97M-V,-138.89999454734357,-137.27761442211036,1.6223801252332066,1.6223801252332066,single_atom
HAT707_31,HAT707nonMR,Bond Dissociation Energies,Thermochemistry,wB97M-V,19.77999909846648,18.339590884876515,-1.440408213589965,1.440408213589965,single_atom
HAT707_310,HAT707nonMR,Bond Dissociation Energies,Thermochemistry,wB97M-V,-76.4499969200459,-74.3785146648114,2.0714822552345,2.0714822552345,single_atom
HAT707_311,HAT707nonMR,Bond Dissociation Energies,Thermochemistry,wB97M-V,78.37999675992594,84.72152277875871,6.3415260188327665,6.3415260188327665,single_atom
HAT707_312,HAT707nonMR,Bond Dissociation Energies,Thermochemistry,wB97M-V,-28.609998662701766,-21.01337844512804,7.596620217573726,7.596620217573726,single_atom
HAT707_313,HAT707nonMR,Bond Dissociation Energies,Thermochemistry,wB97M-V,52.04999759689059,51.02133411727085,-1.0286634796197447,1.0286634796197447,single_atom
HAT707_314,HAT707nonMR,Bond Dissociation Energies,Thermochemistry,wB97M-V,-57.16999737051044,-57.10239307652758,0.0676042939828605,0.0676042939828605,single_atom
HAT707_318,HAT707nonMR,Bond Dissociation Energies,Thermochemistry,wB97M-V,84.70999649825619,85.79888005230028,1.088883554044088,1.088883554044088,single_atom
HAT707_319,HAT707nonMR,Bond Dissociation Energies,Thermochemistry,wB97M-V,49.06999777522388,48.55201374207476,-0.5179840331491192,0.5179840331491192,single_atom
HAT707_32,HAT707nonMR,Bond Dissociation Energies,Thermochemistry,wB97M-V,14.129999175470292,14.143048360487798,0.013049185017505849,0.013049185017505849,single_atom
HAT707_320,HAT707nonMR,Bond Dissociation Energies,Thermochemistry,wB97M-V,52.499997818437976,52.82772850920117,0.3277306907631967,0.3277306907631967,single_atom
HAT707_321,HAT707nonMR,Bond Dissociation Energies,Thermochemistry,wB97M-V,-2.660000110350859,-0.3776718480562754,2.2823282622945835,2.2823282622945835,single_atom
HAT707_322,HAT707nonMR,Bond Dissociation Energies,Thermochemistry,wB97M-V,38.79999825504834,39.07929600760964,0.2792977525613054,0.2792977525613054,single_atom
HAT707_323,HAT707nonMR,Bond Dissociation Energies,Thermochemistry,wB97M-V,118.21999500578232,119.14753225887202,0.9275372530896959,0.9275372530896959,single_atom
HAT707_324,HAT707nonMR,Bond Dissociation Energies,Thermochemistry,wB97M-V,111.22999540197188,112.01508362304236,0.785088221070481,0.785088221070481,single_atom
HAT707_326,HAT707nonMR,Bond Dissociation Energies,Thermochemistry,wB97M-V,108.78999550283716,108.9886246314525,0.19862912861533744,0.19862912861533744,single_atom
HAT707_327,HAT707nonMR,Bond Dissociation Energies,Thermochemistry,wB97M-V,116.04999520272304,116.95652563857794,0.9065304358549042,0.9065304358549042,single_atom
HAT707_328,HAT707nonMR,Bond Dissociation Energies,Thermochemistry,wB97M-V,121.51999497660395,122.3721536595524,0.852158682948442,0.852158682948442,single_atom
HAT707_329,HAT707nonMR,Bond Dissociation Energies,Thermochemistry,wB97M-V,132.41999452601925,135.11749181006851,2.6974972840492626,2.6974972840492626,single_atom
HAT707_33,HAT707nonMR,Bond Dissociation Energies,Thermochemistry,wB97M-V,-5.2799996292777625,-8.141476026246304,-2.8614763969685413,2.8614763969685413,single_atom
HAT707_331,HAT707nonMR,Bond Dissociation Energies,Thermochemistry,wB97M-V,44.94999835448501,47.00067239556393,2.0506740410789206,2.0506740410789206,single_atom
HAT707_332,HAT707nonMR,Bond Dissociation Energies,Thermochemistry,wB97M-V,142.11999412504048,142.35212528084625,0.23213115580577437,0.23213115580577437,single_atom
HAT707_333,HAT707nonMR,Bond Dissociation Energies,Thermochemistry,wB97M-V,39.989998436523095,36.04284926148663,-3.947149175036465,3.947149175036465,single_atom
HAT707_335,HAT707nonMR,Bond Dissociation Energies,Thermochemistry,wB97M-V,178.47999262199,178.57897901996506,0.09898639797506803,0.09898639797506803,single_atom
HAT707_337,HAT707nonMR,Bond Dissociation Energies,Thermochemistry,wB97M-V,50.3399978845276,49.59115022928684,-0.748847655240759,0.748847655240759,single_atom
HAT707_338,HAT707nonMR,Bond Dissociation Energies,Thermochemistry,wB97M-V,-38.64999839036904,-43.381483956244,-4.731485565874955,4.731485565874955,single_atom
HAT707_34,HAT707nonMR,Bond Dissociation Energies,Thermochemistry,wB97M-V,-24.51999921489875,-26.450418281630267,-1.9304190667315169,1.9304190667315169,single_atom
HAT707_340,HAT707nonMR,Bond Dissociation Energies,Thermochemistry,wB97M-V,127.00999474965847,125.64705312734712,-1.3629416223113537,1.3629416223113537,single_atom
HAT707_342,HAT707nonMR,Bond Dissociation Energies,Thermochemistry,wB97M-V,46.92999782327075,46.94060982422628,0.010612000955525502,0.010612000955525502,single_atom
HAT707_343,HAT707nonMR,Bond Dissociation Energies,Thermochemistry,wB97M-V,44.14999844868593,48.22080564479293,4.070807196107005,4.070807196107005,single_atom
HAT707_344,HAT707nonMR,Bond Dissociation Energies,Thermochemistry,wB97M-V,16.28999910938067,21.874718029529745,5.584718920149076,5.584718920149076,single_atom
HAT707_345,HAT707nonMR,Bond Dissociation Energies,Thermochemistry,wB97M-V,34.49999836918484,38.62421245725027,4.124214088065436,4.124214088065436,single_atom
HAT707_347,HAT707nonMR,Bond Dissociation Energies,Thermochemistry,wB97M-V,-13.329999269671209,-8.641227834396279,4.68877143527493,4.68877143527493,single_atom
HAT707_348,HAT707nonMR,Bond Dissociation Energies,Thermochemistry,wB97M-V,-5.639999932017563,-4.370153374342518,1.269846557675045,1.269846557675045,single_atom
HAT707_35,HAT707nonMR,Bond Dissociation Energies,Thermochemistry,wB97M-V,-72.20999698005411,-70.58698934531712,1.623007634736993,1.623007634736993,single_atom
HAT707_351,HAT707nonMR,Bond Dissociation Energies,Thermochemistry,wB97M-V,22.209998788799595,21.97593424095634,-0.23406454784325348,0.23406454784325348,single_atom
HAT707_352,HAT707nonMR,Bond Dissociation Energies,Thermochemistry,wB97M-V,5.699999877889284,6.165036732461792,0.4650368545725083,0.4650368545725083,single_atom
HAT707_353,HAT707nonMR,Bond Dissociation Energies,Thermochemistry,wB97M-V,2.6500001193722382,3.200125187881631,0.5501250685093928,0.5501250685093928,single_atom
HAT707_356,HAT707nonMR,Bond Dissociation Energies,Thermochemistry,wB97M-V,-75.7399969330544,-75.67664194503479,0.06335498801961137,0.06335498801961137,single_atom
HAT707_357,HAT707nonMR,Bond Dissociation Energies,Thermochemistry,wB97M-V,-76.04999665339162,-78.15621795859349,-2.1062213052018706,2.1062213052018706,single_atom
HAT707_36,HAT707nonMR,Bond Dissociation Energies,Thermochemistry,wB97M-V,10.499999312683803,9.299252152969936,-1.2007471597138668,1.2007471597138668,single_atom
HAT707_369,HAT707nonMR,Bond Dissociation Energies,Thermochemistry,wB97M-V,-2.6500001193722382,-3.2001251878727133,-0.550125068500475,0.550125068500475,single_atom
HAT707_37,HAT707nonMR,Bond Dissociation Energies,Thermochemistry,wB97M-V,-148.58999396324967,-149.03436272650777,-0.4443687632580975,0.4443687632580975,single_atom
HAT707_375,HAT707nonMR,Bond Dissociation Energies,Thermochemistry,wB97M-V,-96.12999610872616,-95.88490578015156,0.2450903285746051,0.2450903285746051,single_atom
HAT707_38,HAT707nonMR,Bond Dissociation Energies,Thermochemistry,wB97M-V,-66.31999727357103,-65.60429121742379,0.7157060561472406,0.7157060561472406,single_atom
HAT707_381,HAT707nonMR,Bond Dissociation Energies,Thermochemistry,wB97M-V,43.219998032655305,42.35216215641774,-0.8678358762375638,0.8678358762375638,single_atom
HAT707_384,HAT707nonMR,Bond Dissociation Energies,Thermochemistry,wB97M-V,-100.08999567380712,-98.54072454385263,1.5492711299544908,1.5492711299544908,single_atom
HAT707_386,HAT707nonMR,Bond Dissociation Energies,Thermochemistry,wB97M-V,-26.07999906258244,-26.1887448856696,-0.1087458230871583,0.1087458230871583,single_atom
HAT707_388,HAT707nonMR,Bond Dissociation Energies,Thermochemistry,wB97M-V,-0.4800001944832417,2.1410600664344424,2.621060260917684,2.621060260917684,single_atom
HAT707_389,HAT707nonMR,Bond Dissociation Energies,Thermochemistry,wB97M-V,-31.639998439261568,-30.18282085073596,1.4571775885256066,1.4571775885256066,single_atom
HAT707_39,HAT707nonMR,Bond Dissociation Energies,Thermochemistry,wB97M-V,-74.57999672451551,-76.68238306832473,-2.102386343809215,2.102386343809215,single_atom
HAT707_393,HAT707nonMR,Bond Dissociation Energies,Thermochemistry,wB97M-V,-85.27999648428118,-87.2217907289794,-1.9417942446982153,1.9417942446982153,single_atom
HAT707_395,HAT707nonMR,Bond Dissociation Energies,Thermochemistry,wB97M-V,-8.959999446957351,-7.602044095715778,1.3579553512415732,1.3579553512415732,single_atom
HAT707_397,HAT707nonMR,Bond Dissociation Energies,Thermochemistry,wB97M-V,-43.80999812790336,-40.36827746276513,3.4417206651382344,3.4417206651382344,single_atom
HAT707_399,HAT707nonMR,Bond Dissociation Energies,Thermochemistry,wB97M-V,-76.55999682081072,-74.96306860530086,1.5969282155098625,1.5969282155098625,single_atom
HAT707_40,HAT707nonMR,Bond Dissociation Energies,Thermochemistry,wB97M-V,-71.81999733188792,-71.51368379043745,0.3063135414504643,0.3063135414504643,single_atom
HAT707_401,HAT707nonMR,Bond Dissociation Energies,Thermochemistry,wB97M-V,-136.59999411222302,-132.50805384040427,4.091940271818743,4.091940271818743,single_atom
HAT707_402,HAT707nonMR,Bond Dissociation Energies,Thermochemistry,wB97M-V,-39.49999825106123,-36.922754843135394,2.5772434079258346,2.5772434079258346,single_atom
HAT707_403,HAT707nonMR,Bond Dissociation Energies,Thermochemistry,wB97M-V,-50.3399978845276,-49.59115022927792,0.7488476552496763,0.7488476552496763,single_atom
HAT707_405,HAT707nonMR,Bond Dissociation Energies,Thermochemistry,wB97M-V,-127.00999460610312,-125.64705312732929,1.362941478773834,1.362941478773834,single_atom
HAT707_407,HAT707nonMR,Bond Dissociation Energies,Thermochemistry,wB97M-V,-48.6299981721646,-40.92553034858841,7.704467823576188,7.704467823576188,single_atom
HAT707_408,HAT707nonMR,Bond Dissociation Energies,Thermochemistry,wB97M-V,41.159998008531126,39.66096296527819,-1.4990350432529382,1.4990350432529382,single_atom
HAT707_409,HAT707nonMR,Bond Dissociation Energies,Thermochemistry,wB97M-V,-59.81999748988267,-60.30251826442704,-0.48252077454437625,0.48252077454437625,single_atom
HAT707_41,HAT707nonMR,Bond Dissociation Energies,Thermochemistry,wB97M-V,-48.97999785641631,-48.35257811620285,0.6274197402134618,0.6274197402134618,single_atom
HAT707_410,HAT707nonMR,Bond Dissociation Energies,Thermochemistry,wB97M-V,-124.73999477142792,-126.6022641757283,-1.8622694043003776,1.8622694043003776,single_atom
HAT707_415,HAT707nonMR,Bond Dissociation Energies,Thermochemistry,wB97M-V,-8.78999960032081,-6.499520868457269,2.2904787318635407,2.2904787318635407,single_atom
HAT707_416,HAT707nonMR,Bond Dissociation Energies,Thermochemistry,wB97M-V,-15.779999569471045,-13.63196950428692,2.148030065184125,2.148030065184125,single_atom
HAT707_417,HAT707nonMR,Bond Dissociation Energies,Thermochemistry,wB97M-V,-88.769996473367,-91.53974698671122,-2.7697505133442206,2.7697505133442206,single_atom
HAT707_418,HAT707nonMR,Bond Dissociation Energies,Thermochemistry,wB97M-V,-18.209999259804164,-16.65842849590354,1.5515707639006244,1.5515707639006244,single_atom
HAT707_419,HAT707nonMR,Bond Dissociation Energies,Thermochemistry,wB97M-V,-10.959999525209806,-8.690527488751338,2.2694720364584686,2.2694720364584686,single_atom
HAT707_42,HAT707nonMR,Bond Dissociation Energies,Thermochemistry,wB97M-V,-80.1399967287041,-80.67645903339108,-0.5364623046869781,0.5364623046869781,single_atom
HAT707_420,HAT707nonMR,Bond Dissociation Energies,Thermochemistry,wB97M-V,-5.49000006733826,-3.2748994677768843,2.2151005995613753,2.2151005995613753,single_atom
HAT707_421,HAT707nonMR,Bond Dissociation Energies,Thermochemistry,wB97M-V,5.4199995029784445,9.470438682712468,4.050439179734023,4.050439179734023,single_atom
HAT707_422,HAT707nonMR,Bond Dissociation Energies,Thermochemistry,wB97M-V,-93.26999617880293,-99.47201436633232,-6.20201818752939,6.20201818752939,single_atom
HAT707_423,HAT707nonMR,Bond Dissociation Energies,Thermochemistry,wB97M-V,-82.05999687912761,-78.6463807317832,3.4136161473444133,3.4136161473444133,single_atom
HAT707_424,HAT707nonMR,Bond Dissociation Energies,Thermochemistry,wB97M-V,15.109999546394016,16.705072153579383,1.595072607185367,1.595072607185367,single_atom
HAT707_425,HAT707nonMR,Bond Dissociation Energies,Thermochemistry,wB97M-V,-87.01999616958005,-89.60420386586941,-2.5842076962893543,2.5842076962893543,single_atom
HAT707_426,HAT707nonMR,Bond Dissociation Energies,Thermochemistry,wB97M-V,51.46999812013062,52.93192589262686,1.4619277724962387,1.4619277724962387,single_atom
HAT707_427,HAT707nonMR,Bond Dissociation Energies,Thermochemistry,wB97M-V,-103.66999558170052,-106.0860600435874,-2.416064461886876,2.416064461886876,single_atom
HAT707_428,HAT707nonMR,Bond Dissociation Energies,Thermochemistry,wB97M-V,-41.29999850974128,-46.58160914414347,-5.281610634402192,5.281610634402192,single_atom
HAT707_429,HAT707nonMR,Bond Dissociation Energies,Thermochemistry,wB97M-V,-93.6799964364358,-97.60388050948016,-3.9238840730443627,3.9238840730443627,single_atom
HAT707_43,HAT707nonMR,Bond Dissociation Energies,Thermochemistry,wB97M-V,-6.559999729560092,-7.349245001478983,-0.7892452719188912,0.7892452719188912,single_atom
HAT707_430,HAT707nonMR,Bond Dissociation Energies,Thermochemistry,wB97M-V,-143.47999418060846,-147.4118619311961,-3.9318677505876565,3.9318677505876565,single_atom
HAT707_431,HAT707nonMR,Bond Dissociation Energies,Thermochemistry,wB97M-V,76.69999682937386,76.83643934249972,0.1364425131258571,0.1364425131258571,single_atom
HAT707_436,HAT707nonMR,Bond Dissociation Energies,Thermochemistry,wB97M-V,3.049999758517045,2.964911544562326,-0.08508821395471866,0.08508821395471866,single_atom
HAT707_437,HAT707nonMR,Bond Dissociation Energies,Thermochemistry,wB97M-V,-23.75999927301414,-26.638782946023063,-2.878783673008922,2.878783673008922,single_atom
HAT707_44,HAT707nonMR,Bond Dissociation Energies,Thermochemistry,wB97M-V,-54.64999776136973,-52.80249447076197,1.8475032906077615,1.8475032906077615,single_atom
HAT707_445,HAT707nonMR,Bond Dissociation Energies,Thermochemistry,wB97M-V,67.7399971997623,68.02301048374258,0.28301328398028147,0.28301328398028147,single_atom
HAT707_446,HAT707nonMR,Bond Dissociation Energies,Thermochemistry,wB97M-V,109.44999547555372,108.89077030208728,-0.5592251734664444,0.5592251734664444,single_atom
HAT707_447,HAT707nonMR,Bond Dissociation Energies,Thermochemistry,wB97M-V,61.01999766233604,60.504564455163646,-0.5154332071723928,0.5154332071723928,single_atom
HAT707_449,HAT707nonMR,Bond Dissociation Energies,Thermochemistry,wB97M-V,51.32999761892047,52.67136551027173,1.3413678913512541,1.3413678913512541,single_atom
HAT707_450,HAT707nonMR,Bond Dissociation Energies,Thermochemistry,wB97M-V,84.09999652347236,86.06896119671133,1.9689646732389718,1.9689646732389718,single_atom
HAT707_451,HAT707nonMR,Bond Dissociation Energies,Thermochemistry,wB97M-V,19.70999916161613,19.432498658951257,-0.27750050266487136,0.27750050266487136,single_atom
HAT707_452,HAT707nonMR,Bond Dissociation Energies,Thermochemistry,wB97M-V,-56.62999785766494,-58.96215093696266,-2.3321530792977185,2.3321530792977185,single_atom
HAT707_453,HAT707nonMR,Bond Dissociation Energies,Thermochemistry,wB97M-V,5.149999746555701,3.0379796890559656,-2.1120200574997354,2.1120200574997354,single_atom
HAT707_454,HAT707nonMR,Bond Dissociation Energies,Thermochemistry,wB97M-V,-26.27999888215485,-27.17255982389002,-0.8925609417351694,0.8925609417351694,single_atom
HAT707_455,HAT707nonMR,Bond Dissociation Energies,Thermochemistry,wB97M-V,75.91999686161765,75.12685303343292,-0.793143828184725,0.793143828184725,single_atom
HAT707_456,HAT707nonMR,Bond Dissociation Energies,Thermochemistry,wB97M-V,39.02999867506608,38.2027269565304,-0.8272717185356839,0.8272717185356839,single_atom
HAT707_457,HAT707nonMR,Bond Dissociation Energies,Thermochemistry,wB97M-V,33.3799987520699,34.00618443213276,0.6261856800628607,0.6261856800628607,single_atom
HAT707_458,HAT707nonMR,Bond Dissociation Energies,Thermochemistry,wB97M-V,82.7199965805191,79.27491699960663,-3.445079580912463,3.445079580912463,single_atom
HAT707_459,HAT707nonMR,Bond Dissociation Energies,Thermochemistry,wB97M-V,-5.269999638299143,-6.587282209931795,-1.317282571632652,1.317282571632652,single_atom
HAT707_46,HAT707nonMR,Bond Dissociation Energies,Thermochemistry,wB97M-V,17.319999435197495,15.48090194774827,-1.8390974874492247,1.8390974874492247,single_atom
HAT707_460,HAT707nonMR,Bond Dissociation Energies,Thermochemistry,wB97M-V,-52.95999803096397,-50.723853273663245,2.2361447573007283,2.2361447573007283,single_atom
HAT707_461,HAT707nonMR,Bond Dissociation Energies,Thermochemistry,wB97M-V,-60.589997422745896,-61.6179697006994,-1.027972277953502,1.027972277953502,single_atom
HAT707_462,HAT707nonMR,Bond Dissociation Energies,Thermochemistry,wB97M-V,-47.059998333502286,-45.74115514578774,1.318843187714549,1.318843187714549,single_atom
HAT707_463,HAT707nonMR,Bond Dissociation Energies,Thermochemistry,wB97M-V,13.409999197500166,10.734009957465798,-2.6759892400343688,2.6759892400343688,single_atom
HAT707_464,HAT707nonMR,Bond Dissociation Energies,Thermochemistry,wB97M-V,-52.55999776430969,-51.650547718774654,0.9094500455350385,0.9094500455350385,single_atom
HAT707_465,HAT707nonMR,Bond Dissociation Energies,Thermochemistry,wB97M-V,39.01999868408747,39.06381490962334,0.0438162255358705,0.0438162255358705,single_atom
HAT707_466,HAT707nonMR,Bond Dissociation Energies,Thermochemistry,wB97M-V,7.859999811799661,6.739933992435109,-1.1200658193645516,1.1200658193645516,single_atom
HAT707_467,HAT707nonMR,Bond Dissociation Energies,Thermochemistry,wB97M-V,12.69999921050866,12.513891070192736,-0.18610814031592327,0.18610814031592327,single_atom
HAT707_468,HAT707nonMR,Bond Dissociation Energies,Thermochemistry,wB97M-V,-35.38999882130098,-32.93935839909916,2.4506404222018148,2.4506404222018148,single_atom
HAT707_47,HAT707nonMR,Bond Dissociation Energies,Thermochemistry,wB97M-V,-76.70999668549003,-76.4046245337727,0.30537215171732157,0.30537215171732157,single_atom
HAT707_470,HAT707nonMR,Bond Dissociation Energies,Thermochemistry,wB97M-V,-57.44999774542127,-56.54148846206531,0.9085092833559614,0.9085092833559614,single_atom
HAT707_471,HAT707nonMR,Bond Dissociation Energies,Thermochemistry,wB97M-V,30.529998813125257,29.32071074747312,-1.2092880656521352,1.2092880656521352,single_atom
HAT707_472,HAT707nonMR,Bond Dissociation Energies,Thermochemistry,wB97M-V,-68.73999697292554,-68.1645814528438,0.5754155200817337,0.5754155200817337,single_atom
HAT707_473,HAT707nonMR,Bond Dissociation Energies,Thermochemistry,wB97M-V,-4.3099998768421335,-3.4455226196297364,0.8644772572123971,0.8644772572123971,single_atom
HAT707_474,HAT707nonMR,Bond Dissociation Energies,Thermochemistry,wB97M-V,-37.05999856974949,-38.04031376220114,-0.9803151924516484,0.9803151924516484,single_atom
HAT707_475,HAT707nonMR,Bond Dissociation Energies,Thermochemistry,wB97M-V,28.2299990055142,28.708050281036407,0.4780512755222084,0.4780512755222084,single_atom
HAT707_476,HAT707nonMR,Bond Dissociation Energies,Thermochemistry,wB97M-V,-3.9499995741023337,-2.4908473387324803,1.4591522353698534,1.4591522353698534,single_atom
HAT707_477,HAT707nonMR,Bond Dissociation Energies,Thermochemistry,wB97M-V,-97.09999586116182,-95.5852989972154,1.514696863946412,1.514696863946412,single_atom
HAT707_478,HAT707nonMR,Bond Dissociation Energies,Thermochemistry,wB97M-V,-67.96999704006231,-66.15909700459272,1.8109000354695866,1.8109000354695866,single_atom
HAT707_479,HAT707nonMR,Bond Dissociation Energies,Thermochemistry,wB97M-V,-66.58999702999378,-65.33373768391291,1.256259346080867,1.256259346080867,single_atom
HAT707_48,HAT707nonMR,Bond Dissociation Energies,Thermochemistry,wB97M-V,-57.45999773639989,-58.095682278388736,-0.6356845419888444,0.6356845419888444,single_atom
HAT707_480,HAT707nonMR,Bond Dissociation Energies,Thermochemistry,wB97M-V,-87.5099963550419,-88.72429828417606,-1.2143019291341517,1.2143019291341517,single_atom
HAT707_481,HAT707nonMR,Bond Dissociation Energies,Thermochemistry,wB97M-V,-133.259994615326,-132.9074610478035,0.3525335675224994,0.3525335675224994,single_atom
HAT707_482,HAT707nonMR,Bond Dissociation Energies,Thermochemistry,wB97M-V,-9.12999992110337,-4.0027755053995095,5.12722441570386,5.12722441570386,single_atom
HAT707_483,HAT707nonMR,Bond Dissociation Energies,Thermochemistry,wB97M-V,29.82999881711237,29.045399876350185,-0.7845989407621836,0.7845989407621836,single_atom
HAT707_486,HAT707nonMR,Bond Dissociation Energies,Thermochemistry,wB97M-V,90.34999626511012,90.16903342662496,-0.18096283848515782,0.18096283848515782,single_atom
HAT707_487,HAT707nonMR,Bond Dissociation Energies,Thermochemistry,wB97M-V,2.979999821666704,3.9924815262505726,1.0124817045838688,1.0124817045838688,single_atom
HAT707_488,HAT707nonMR,Bond Dissociation Energies,Thermochemistry,wB97M-V,30.70999865074042,30.42323397469596,-0.2867646760444593,0.2867646760444593,single_atom
HAT707_489,HAT707nonMR,Bond Dissociation Energies,Thermochemistry,wB97M-V,23.719999309099663,23.29078533891981,-0.42921397017985186,0.42921397017985186,single_atom
HAT707_49,HAT707nonMR,Bond Dissociation Energies,Thermochemistry,wB97M-V,-87.98999654952515,-88.02771752453336,-0.03772097500821303,0.03772097500821303,single_atom
HAT707_490,HAT707nonMR,Bond Dissociation Energies,Thermochemistry,wB97M-V,21.289998991257068,20.26432634724969,-1.0256726440073791,1.0256726440073791,single_atom
HAT707_491,HAT707nonMR,Bond Dissociation Energies,Thermochemistry,wB97M-V,28.539998725851422,28.232227354401893,-0.3077713714495296,0.3077713714495296,single_atom
HAT707_492,HAT707nonMR,Bond Dissociation Energies,Thermochemistry,wB97M-V,34.00999881123245,33.647855375376345,-0.36214343585610465,0.36214343585610465,single_atom
HAT707_493,HAT707nonMR,Bond Dissociation Energies,Thermochemistry,wB97M-V,44.909998390570536,46.39319352590137,1.4831951353308312,1.4831951353308312,single_atom
HAT707_494,HAT707nonMR,Bond Dissociation Energies,Thermochemistry,wB97M-V,-42.559998000556895,-41.72362588859429,0.8363721119626035,0.8363721119626035,single_atom
HAT707_495,HAT707nonMR,Bond Dissociation Energies,Thermochemistry,wB97M-V,54.60999779745524,53.62782699678612,-0.9821708006691239,0.9821708006691239,single_atom
HAT707_496,HAT707nonMR,Bond Dissociation Energies,Thermochemistry,wB97M-V,-47.51999791851881,-52.68144902271618,-5.1614511041973685,5.1614511041973685,single_atom
HAT707_497,HAT707nonMR,Bond Dissociation Energies,Thermochemistry,wB97M-V,90.96999623948012,89.8546807357801,-1.1153155037000317,1.1153155037000317,single_atom
HAT707_498,HAT707nonMR,Bond Dissociation Energies,Thermochemistry,wB97M-V,39.49999825106123,36.92275484315323,-2.577243407908,2.577243407908,single_atom
HAT707_499,HAT707nonMR,Bond Dissociation Energies,Thermochemistry,wB97M-V,21.93999903237685,26.244871403907933,4.304872371531083,4.304872371531083,single_atom
HAT707_50,HAT707nonMR,Bond Dissociation Energies,Thermochemistry,wB97M-V,-20.82999940624054,-20.01447717510949,0.8155222311310482,0.8155222311310482,single_atom
HAT707_500,HAT707nonMR,Bond Dissociation Energies,Thermochemistry,wB97M-V,40.13999830120239,42.99436583152145,2.8543675303190597,2.8543675303190597,single_atom
HAT707_502,HAT707nonMR,Bond Dissociation Energies,Thermochemistry,wB97M-V,-7.689999965163118,-4.27107446008943,3.4189255050736875,3.4189255050736875,single_atom
HAT707_503,HAT707nonMR,Bond Dissociation Energies,Thermochemistry,wB97M-V,-35.5499986769589,-30.617162075334782,4.932836601624118,4.932836601624118,single_atom
HAT707_504,HAT707nonMR,Bond Dissociation Energies,Thermochemistry,wB97M-V,-22.209998788799595,-21.97593424089392,0.23406454790567466,0.23406454790567466,single_atom
HAT707_507,HAT707nonMR,Bond Dissociation Energies,Thermochemistry,wB97M-V,5.639999932017563,4.370153374333601,-1.2698465576839624,1.2698465576839624,single_atom
HAT707_508,HAT707nonMR,Bond Dissociation Energies,Thermochemistry,wB97M-V,-52.28999800788695,-51.51743501255259,0.7725629953343613,0.7725629953343613,single_atom
HAT707_51,HAT707nonMR,Bond Dissociation Energies,Thermochemistry,wB97M-V,-92.3099964173459,-90.86191564545592,1.4480807718899769,1.4480807718899769,single_atom
HAT707_518,HAT707nonMR,Bond Dissociation Energies,Thermochemistry,wB97M-V,6.719999585218013,7.518446028614606,0.7984464433965925,0.7984464433965925,single_atom
HAT707_519,HAT707nonMR,Bond Dissociation Energies,Thermochemistry,wB97M-V,48.42999772508273,48.386205846887975,-0.04379187819475305,0.04379187819475305,single_atom
HAT707_52,HAT707nonMR,Bond Dissociation Energies,Thermochemistry,wB97M-V,-56.31999750981824,-57.90344983382828,-1.5834523240100395,1.5834523240100395,single_atom
HAT707_520,HAT707nonMR,Bond Dissociation Energies,Thermochemistry,wB97M-V,-5.699999877889284,-6.165036732399369,-0.46503685451008536,0.46503685451008536,single_atom
HAT707_522,HAT707nonMR,Bond Dissociation Energies,Thermochemistry,wB97M-V,-9.6899994159061,-7.833198944927581,1.8568004709785182,1.8568004709785182,single_atom
HAT707_523,HAT707nonMR,Bond Dissociation Energies,Thermochemistry,wB97M-V,23.07999925895849,25.56439674158336,2.4843974826248676,2.4843974826248676,single_atom
HAT707_524,HAT707nonMR,Bond Dissociation Energies,Thermochemistry,wB97M-V,-41.3099985007199,-41.07206579617672,0.2379327045431765,0.2379327045431765,single_atom
HAT707_525,HAT707nonMR,Bond Dissociation Energies,Thermochemistry,wB97M-V,-55.86999791578034,-57.46658476614335,-1.5965868503630105,1.5965868503630105,single_atom
HAT707_526,HAT707nonMR,Bond Dissociation Energies,Thermochemistry,wB97M-V,-87.2999965444909,-87.67712427908933,-0.37712773459843163,0.37712773459843163,single_atom
HAT707_527,HAT707nonMR,Bond Dissociation Energies,Thermochemistry,wB97M-V,14.89999910833352,14.622288578233606,-0.2777105300999132,0.2777105300999132,single_atom
HAT707_528,HAT707nonMR,Bond Dissociation Energies,Thermochemistry,wB97M-V,-21.979998996291336,-22.30183749859757,-0.32183850230623534,0.32183850230623534,single_atom
HAT707_529,HAT707nonMR,Bond Dissociation Energies,Thermochemistry,wB97M-V,-27.62999891928752,-26.498380022995207,1.1316188962923128,1.1316188962923128,single_atom
HAT707_53,HAT707nonMR,Bond Dissociation Energies,Thermochemistry,wB97M-V,-125.05999511025324,-125.45670678799166,-0.3967116777384234,0.3967116777384234,single_atom
HAT707_530,HAT707nonMR,Bond Dissociation Energies,Thermochemistry,wB97M-V,-66.28999730063518,-67.09184666513111,-0.8018493644959364,0.8018493644959364,single_atom
HAT707_531,HAT707nonMR,Bond Dissociation Energies,Thermochemistry,wB97M-V,-113.97999506579052,-111.2284177287912,2.7515773369993184,2.7515773369993184,single_atom
HAT707_532,HAT707nonMR,Bond Dissociation Energies,Thermochemistry,wB97M-V,-108.07999536832884,-106.24571960091572,1.8342757674131178,1.8342757674131178,single_atom
HAT707_533,HAT707nonMR,Bond Dissociation Energies,Thermochemistry,wB97M-V,-113.57999542664574,-112.15511217397396,1.4248832526717763,1.4248832526717763,single_atom
HAT707_534,HAT707nonMR,Bond Dissociation Energies,Thermochemistry,wB97M-V,-48.3199978243179,-47.99067338493524,0.32932443938265976,0.32932443938265976,single_atom
HAT707_535,HAT707nonMR,Bond Dissociation Energies,Thermochemistry,wB97M-V,-96.40999585612754,-93.44392285422714,2.966073001900398,2.966073001900398,single_atom
HAT707_536,HAT707nonMR,Bond Dissociation Energies,Thermochemistry,wB97M-V,-61.51999721126704,-60.58300778299201,0.9369894282750266,0.9369894282750266,single_atom
HAT707_537,HAT707nonMR,Bond Dissociation Energies,Thermochemistry,wB97M-V,-118.46999540775732,-117.04605291726462,1.4239424904927063,1.4239424904927063,single_atom
HAT707_538,HAT707nonMR,Bond Dissociation Energies,Thermochemistry,wB97M-V,-129.74999464428296,-128.6691459080431,1.080848736239858,1.080848736239858,single_atom
HAT707_539,HAT707nonMR,Bond Dissociation Energies,Thermochemistry,wB97M-V,-98.07999623208552,-98.54487821732911,-0.4648819852435935,0.4648819852435935,single_atom
HAT707_54,HAT707nonMR,Bond Dissociation Energies,Thermochemistry,wB97M-V,11.709999476115794,12.139095725592323,0.4290962494765296,0.4290962494765296,single_atom
HAT707_540,HAT707nonMR,Bond Dissociation Energies,Thermochemistry,wB97M-V,-64.96999723643837,-62.995411793931794,1.97458544250658,1.97458544250658,single_atom
HAT707_541,HAT707nonMR,Bond Dissociation Energies,Thermochemistry,wB97M-V,-127.60999469232983,-125.83830213904088,1.7716925532889576,1.7716925532889576,single_atom
HAT707_542,HAT707nonMR,Bond Dissociation Energies,Thermochemistry,wB97M-V,-194.27999227766205,-193.4120255029672,0.8679667746948496,0.8679667746948496,single_atom
HAT707_543,HAT707nonMR,Bond Dissociation Energies,Thermochemistry,wB97M-V,-62.86999724839971,-63.26742980895369,-0.39743256055398035,0.39743256055398035,single_atom
HAT707_544,HAT707nonMR,Bond Dissociation Energies,Thermochemistry,wB97M-V,-41.159998008531126,-39.66096296533169,1.4990350431994344,1.4990350431994344,single_atom
HAT707_545,HAT707nonMR,Bond Dissociation Energies,Thermochemistry,wB97M-V,-100.97999612592326,-99.96348122974088,1.016514896182386,1.016514896182386,single_atom
HAT707_548,HAT707nonMR,Bond Dissociation Energies,Thermochemistry,wB97M-V,29.32999864067189,29.664468971425645,0.33447033075375643,0.33447033075375643,single_atom
HAT707_549,HAT707nonMR,Bond Dissociation Energies,Thermochemistry,wB97M-V,-2.8799999118805024,-3.30668257161104,-0.42668265973053776,0.42668265973053776,single_atom
HAT707_55,HAT707nonMR,Bond Dissociation Energies,Thermochemistry,wB97M-V,-23.20999914168056,-22.3539834104042,0.8560157312763579,0.8560157312763579,single_atom
HAT707_550,HAT707nonMR,Bond Dissociation Energies,Thermochemistry,wB97M-V,-58.02999784969072,-56.512082928913074,1.517914920777649,1.517914920777649,single_atom
HAT707_551,HAT707nonMR,Bond Dissociation Energies,Thermochemistry,wB97M-V,-65.00999720035286,-64.90096404068817,0.10903315966469052,0.10903315966469052,single_atom
HAT707_552,HAT707nonMR,Bond Dissociation Energies,Thermochemistry,wB97M-V,-69.50999690578877,-72.83323142030926,-3.323234514520493,3.323234514520493,single_atom
HAT707_553,HAT707nonMR,Bond Dissociation Energies,Thermochemistry,wB97M-V,-63.25999752407538,-62.965420919846345,0.29457660422903587,0.29457660422903587,single_atom
HAT707_554,HAT707nonMR,Bond Dissociation Energies,Thermochemistry,wB97M-V,-79.90999693619585,-79.44727709760001,0.4627198385958451,0.4627198385958451,single_atom
HAT707_555,HAT707nonMR,Bond Dissociation Energies,Thermochemistry,wB97M-V,-44.349998268258325,-49.54652068867013,-5.196522420411803,5.196522420411803,single_atom
HAT707_556,HAT707nonMR,Bond Dissociation Energies,Thermochemistry,wB97M-V,-69.91999716342167,-70.96509756345708,-1.045100400035409,1.045100400035409,single_atom
HAT707_557,HAT707nonMR,Bond Dissociation Energies,Thermochemistry,wB97M-V,-119.71999490759433,-120.77307898522656,-1.053084077632235,1.053084077632235,single_atom
HAT707_558,HAT707nonMR,Bond Dissociation Energies,Thermochemistry,wB97M-V,-39.07999862995919,-34.25969305129138,4.8203055786678135,4.8203055786678135,single_atom
HAT707_559,HAT707nonMR,Bond Dissociation Energies,Thermochemistry,wB97M-V,-20.87999936113364,-17.510198623570854,3.369800737562784,3.369800737562784,single_atom
HAT707_56,HAT707nonMR,Bond Dissociation Energies,Thermochemistry,wB97M-V,-185.0999924016656,-183.0016920230416,2.098300378623975,2.098300378623975,single_atom
HAT707_560,HAT707nonMR,Bond Dissociation Energies,Thermochemistry,wB97M-V,-68.70999699998968,-64.77563891528874,3.9343580847009463,3.9343580847009463,single_atom
HAT707_561,HAT707nonMR,Bond Dissociation Energies,Thermochemistry,wB97M-V,-61.01999766233604,-60.504564455163646,0.5154332071723928,0.5154332071723928,single_atom
HAT707_562,HAT707nonMR,Bond Dissociation Energies,Thermochemistry,wB97M-V,-3.049999758517045,-2.9649115446158305,0.08508821390121435,0.08508821390121435,single_atom
HAT707_563,HAT707nonMR,Bond Dissociation Energies,Thermochemistry,wB97M-V,23.75999927301414,26.63878294604089,2.8787836730267493,2.8787836730267493,single_atom
HAT707_564,HAT707nonMR,Bond Dissociation Energies,Thermochemistry,wB97M-V,-55.37999773031848,-56.13441108086571,-0.7544133505472317,0.7544133505472317,single_atom
HAT707_57,HAT707nonMR,Bond Dissociation Energies,Thermochemistry,wB97M-V,-87.99999654050376,-87.4163930258262,0.5836035146775629,0.5836035146775629,single_atom
HAT707_578,HAT707nonMR,Bond Dissociation Energies,Thermochemistry,wB97M-V,-6.4299998468380295,-7.703832595740892,-1.273832748902863,1.273832748902863,single_atom
HAT707_579,HAT707nonMR,Bond Dissociation Energies,Thermochemistry,wB97M-V,2.8799999118805024,3.306682571646709,0.42668265976620656,0.42668265976620656,single_atom
HAT707_58,HAT707nonMR,Bond Dissociation Energies,Thermochemistry,wB97M-V,-84.48999656946073,-82.72805156007247,1.7619450093882563,1.7619450093882563,single_atom
HAT707_589,HAT707nonMR,Bond Dissociation Energies,Thermochemistry,wB97M-V,-54.05999766612167,-55.17487291537061,-1.1148752492489393,1.1148752492489393,single_atom
HAT707_59,HAT707nonMR,Bond Dissociation Energies,Thermochemistry,wB97M-V,-119.12999481234624,-118.39513829659651,0.7348565157497262,0.7348565157497262,single_atom
HAT707_590,HAT707nonMR,Bond Dissociation Energies,Thermochemistry,wB97M-V,-84.41999663261038,-84.37044170744262,0.049554925167754504,0.049554925167754504,single_atom
HAT707_60,HAT707nonMR,Bond Dissociation Energies,Thermochemistry,wB97M-V,-85.83999660659339,-85.19687375557572,0.6431228510176652,0.6431228510176652,single_atom
HAT707_61,HAT707nonMR,Bond Dissociation Energies,Thermochemistry,wB97M-V,-175.50999289554568,-176.14069131000224,-0.6306984144565604,0.6306984144565604,single_atom
HAT707_615,HAT707nonMR,Bond Dissociation Energies,Thermochemistry,wB97M-V,0.0,0.6113244986982584,0.6113244986982584,0.6113244986982584,single_atom
HAT707_616,HAT707nonMR,Bond Dissociation Energies,Thermochemistry,wB97M-V,-124.72999478044932,-122.53161956739416,2.198375213055158,2.198375213055158,single_atom
HAT707_617,HAT707nonMR,Bond Dissociation Energies,Thermochemistry,wB97M-V,-87.5099963550419,-88.11297378546888,-0.602977430426975,0.602977430426975,single_atom
HAT707_618,HAT707nonMR,Bond Dissociation Energies,Thermochemistry,wB97M-V,-191.3999923657816,-190.10534293132045,1.2946494344611494,1.2946494344611494,single_atom
HAT707_62,HAT707nonMR,Bond Dissociation Energies,Thermochemistry,wB97M-V,-152.51999355539476,-152.77059711947524,-0.25060356408047824,0.25060356408047824,single_atom
HAT707_620,HAT707nonMR,Bond Dissociation Energies,Thermochemistry,wB97M-V,-9.13999991208199,-3.3914510067101684,5.7485489053718215,5.7485489053718215,single_atom
HAT707_621,HAT707nonMR,Bond Dissociation Energies,Thermochemistry,wB97M-V,-82.66999632882344,-76.18825136048973,6.4817449683337145,6.4817449683337145,single_atom
HAT707_622,HAT707nonMR,Bond Dissociation Energies,Thermochemistry,wB97M-V,-63.59999721734846,-64.80622567229521,-1.2062284549467535,1.2062284549467535,single_atom
HAT707_623,HAT707nonMR,Bond Dissociation Energies,Thermochemistry,wB97M-V,-112.33999529027788,-112.92720572938944,-0.5872104391115585,0.5872104391115585,single_atom
HAT707_63,HAT707nonMR,Bond Dissociation Energies,Thermochemistry,wB97M-V,-146.09999369953536,-143.84939156322096,2.2506021363143986,2.2506021363143986,single_atom
HAT707_64,HAT707nonMR,Bond Dissociation Energies,Thermochemistry,wB97M-V,-97.12999583409766,-91.41916853124351,5.710827302854142,5.710827302854142,single_atom
HAT707_642,HAT707nonMR,Bond Dissociation Energies,Thermochemistry,wB97M-V,-91.25999610957184,-92.4110015972842,-1.1510054877123537,1.1510054877123537,single_atom
HAT707_644,HAT707nonMR,Bond Dissociation Energies,Thermochemistry,wB97M-V,-81.27999632777627,-83.92882206317697,-2.648825735400692,2.648825735400692,single_atom
HAT707_645,HAT707nonMR,Bond Dissociation Energies,Thermochemistry,wB97M-V,39.48999826008261,37.534079341860405,-1.9559189182222028,1.9559189182222028,single_atom
HAT707_646,HAT707nonMR,Bond Dissociation Energies,Thermochemistry,wB97M-V,-131.06999470847975,-133.7368034848751,-2.6668087763953565,2.6668087763953565,single_atom
HAT707_647,HAT707nonMR,Bond Dissociation Energies,Thermochemistry,wB97M-V,-7.129999842850914,-8.23426309111758,-1.1042632482666654,1.1042632482666654,single_atom
HAT707_65,HAT707nonMR,Bond Dissociation Energies,Thermochemistry,wB97M-V,-98.24999607872208,-90.48425534353758,7.765740735184494,7.765740735184494,single_atom
HAT707_651,HAT707nonMR,Bond Dissociation Energies,Thermochemistry,wB97M-V,-58.13999775045554,-57.19788188355261,0.942115866902931,0.942115866902931,single_atom
HAT707_652,HAT707nonMR,Bond Dissociation Energies,Thermochemistry,wB97M-V,-0.7299999689487457,-1.5387958633058532,-0.8087958943571074,0.8087958943571074,single_atom
HAT707_653,HAT707nonMR,Bond Dissociation Energies,Thermochemistry,wB97M-V,-3.779999727465791,-4.503707407886014,-0.7237076804202234,0.7237076804202234,single_atom
HAT707_654,HAT707nonMR,Bond Dissociation Energies,Thermochemistry,wB97M-V,-11.349999800885463,-12.963724499684208,-1.6137246987987446,1.6137246987987446,single_atom
HAT707_655,HAT707nonMR,Bond Dissociation Energies,Thermochemistry,wB97M-V,12.399999481150058,13.67505844632102,1.2750589651709614,1.2750589651709614,single_atom
HAT707_656,HAT707nonMR,Bond Dissociation Energies,Thermochemistry,wB97M-V,-52.499997818437976,-52.82772850921901,-0.32773069078103134,0.32773069078103134,single_atom
HAT707_657,HAT707nonMR,Bond Dissociation Energies,Thermochemistry,wB97M-V,-129.79999459917607,-130.8515148603965,-1.0515202612204178,1.0515202612204178,single_atom
HAT707_66,HAT707nonMR,Bond Dissociation Energies,Thermochemistry,wB97M-V,13.309999287713968,12.47644532083476,-0.833553966879208,0.833553966879208,single_atom
HAT707_67,HAT707nonMR,Bond Dissociation Energies,Thermochemistry,wB97M-V,-49.04999779326665,-49.67971817146817,-0.6297203782015188,0.6297203782015188,single_atom
HAT707_68,HAT707nonMR,Bond Dissociation Energies,Thermochemistry,wB97M-V,-15.119999537372635,-16.64635126025111,-1.5263517228784735,1.5263517228784735,single_atom
HAT707_69,HAT707nonMR,Bond Dissociation Energies,Thermochemistry,wB97M-V,-90.20999642930724,-89.34068113674635,0.8693152925608842,0.8693152925608842,single_atom
HAT707_70,HAT707nonMR,Bond Dissociation Energies,Thermochemistry,wB97M-V,-22.13999885194925,-23.89957149900953,-1.7595726470602777,1.7595726470602777,single_atom
HAT707_73,HAT707nonMR,Bond Dissociation Energies,Thermochemistry,wB97M-V,71.08999706128031,70.30589735495325,-0.7840997063270692,0.7840997063270692,single_atom
HAT707_74,HAT707nonMR,Bond Dissociation Energies,Thermochemistry,wB97M-V,10.329999466047262,10.007124945602998,-0.32287452044426423,0.32287452044426423,single_atom
HAT707_75,HAT707nonMR,Bond Dissociation Energies,Thermochemistry,wB97M-V,38.87999818287731,37.33474581185413,-1.5452523710231816,1.5452523710231816,single_atom
HAT707_76,HAT707nonMR,Bond Dissociation Energies,Thermochemistry,wB97M-V,-16.26999912742343,-15.870654545421148,0.3993445820022803,0.3993445820022803,single_atom
HAT707_77,HAT707nonMR,Bond Dissociation Energies,Thermochemistry,wB97M-V,-30.849998524441105,-30.39158089080884,0.4584176336322656,0.4584176336322656,single_atom
HAT707_78,HAT707nonMR,Bond Dissociation Energies,Thermochemistry,wB97M-V,-57.28999788976335,-56.99315905113023,0.2968388386331213,0.2968388386331213,single_atom
HAT707_79,HAT707nonMR,Bond Dissociation Energies,Thermochemistry,wB97M-V,-64.2799972314041,-64.12560768695096,0.15438954445313868,0.15438954445313868,single_atom
HAT707_80,HAT707nonMR,Bond Dissociation Energies,Thermochemistry,wB97M-V,13.829999446111689,11.16294569001645,-2.667053756095239,2.667053756095239,single_atom
HAT707_81,HAT707nonMR,Bond Dissociation Energies,Thermochemistry,wB97M-V,-66.70999754924671,-67.15206667855867,-0.4420691293119603,0.4420691293119603,single_atom
HAT707_82,HAT707nonMR,Bond Dissociation Energies,Thermochemistry,wB97M-V,-59.45999781465235,-59.184165671424296,0.27583214322805105,0.27583214322805105,single_atom
HAT707_83,HAT707nonMR,Bond Dissociation Energies,Thermochemistry,wB97M-V,-53.98999772927132,-53.76853765044984,0.22146007882148666,0.22146007882148666,single_atom
HAT707_84,HAT707nonMR,Bond Dissociation Energies,Thermochemistry,wB97M-V,-43.07999815895462,-41.023199499942656,2.0567986590119673,2.0567986590119673,single_atom
HAT707_85,HAT707nonMR,Bond Dissociation Energies,Thermochemistry,wB97M-V,9.329999740675772,3.230678310395348,-6.099321430280424,6.099321430280424,single_atom
HAT707_86,HAT707nonMR,Bond Dissociation Energies,Thermochemistry,wB97M-V,-130.55999454106066,-129.14001891444724,1.4199756266134216,1.4199756266134216,single_atom
HAT707_87,HAT707nonMR,Bond Dissociation Energies,Thermochemistry,wB97M-V,-33.389998743048515,-33.78856602911141,-0.3985672860628924,0.3985672860628924,single_atom
HAT707_88,HAT707nonMR,Bond Dissociation Energies,Thermochemistry,wB97M-V,-135.5199944590226,-140.09784204852454,-4.577847589501943,4.577847589501943,single_atom
HAT707_89,HAT707nonMR,Bond Dissociation Energies,Thermochemistry,wB97M-V,15.579999122389165,13.098488810849348,-2.4815103115398163,2.4815103115398163,single_atom
HAT707_90,HAT707nonMR,Bond Dissociation Energies,Thermochemistry,wB97M-V,2.969999830688084,2.438287709962815,-0.5317121207252691,0.5317121207252691,single_atom
HAT707_91,HAT707nonMR,Bond Dissociation Energies,Thermochemistry,wB97M-V,-1.0699996622218313,-3.383367366904313,-2.3133677046824817,2.3133677046824817,single_atom
HAT707_92,HAT707nonMR,Bond Dissociation Energies,Thermochemistry,wB97M-V,-68.78999692781865,-68.80398806730075,-0.013991139482101289,0.013991139482101289,single_atom
HAT707_93,HAT707nonMR,Bond Dissociation Energies,Thermochemistry,wB97M-V,3.400000070278225,-2.9254421399675428,-6.325442210245768,6.325442210245768,single_atom
HAT707_94,HAT707nonMR,Bond Dissociation Energies,Thermochemistry,wB97M-V,8.919999483042872,5.098812167247529,-3.821187315795343,3.821187315795343,single_atom
HAT707_95,HAT707nonMR,Bond Dissociation Energies,Thermochemistry,wB97M-V,-48.499998289442544,-50.493638182655125,-1.9936398932125812,1.9936398932125812,single_atom
HAT707_96,HAT707nonMR,Bond Dissociation Energies,Thermochemistry,wB97M-V,-40.87999826112976,-44.70916925447737,-3.82917099334761,3.82917099334761,single_atom
HAT707_97,HAT707nonMR,Bond Dissociation Energies,Thermochemistry,wB97M-V,-97.51999610977332,-99.32897678204276,-1.808980672269442,1.808980672269442,single_atom
HAT707_98,HAT707nonMR,Bond Dissociation Energies,Thermochemistry,wB97M-V,-20.81999941526192,-22.4925374395386,-1.6725380242766832,1.6725380242766832,single_atom
HAT707_99,HAT707nonMR,Bond Dissociation Energies,Thermochemistry,wB97M-V,-22.7199989562187,-22.53026707417436,0.1897318820443381,0.1897318820443381,single_atom
HNBrBDE18_1,HNBrBDE18,Bond Dissociation Energies,Thermochemistry,MACE-MP-0b3,58.89101112916212,52.64959872523804,-6.24141240392408,6.24141240392408,single_atom
HNBrBDE18_10,HNBrBDE18,Bond Dissociation Energies,Thermochemistry,MACE-MP-0b3,62.47609700134277,48.660642963439805,-13.815454037902967,13.815454037902967,single_atom
HNBrBDE18_11,HNBrBDE18,Bond Dissociation Energies,Thermochemistry,MACE-MP-0b3,61.20936621639891,48.99567252916524,-12.213693687233672,12.213693687233672,single_atom
HNBrBDE18_12,HNBrBDE18,Bond Dissociation Energies,Thermochemistry,MACE-MP-0b3,60.70745464610045,50.54538103484632,-10.16207361125413,10.16207361125413,single_atom
HNBrBDE18_13,HNBrBDE18,Bond Dissociation Energies,Thermochemistry,MACE-MP-0b3,63.38431844605719,47.7009449557316,-15.683373490325593,15.683373490325593,single_atom
HNBrBDE18_14,HNBrBDE18,Bond Dissociation Energies,Thermochemistry,MACE-MP-0b3,59.77533199302855,51.102415988689984,-8.672916004338568,8.672916004338568,single_atom
HNBrBDE18_15,HNBrBDE18,Bond Dissociation Energies,Thermochemistry,MACE-MP-0b3,58.74760764407415,51.472261666553166,-7.275345977520985,7.275345977520985,single_atom
HNBrBDE18_16,HNBrBDE18,Bond Dissociation Energies,Thermochemistry,MACE-MP-0b3,68.2122345223337,47.48831848273508,-20.72391603959862,20.72391603959862,single_atom
HNBrBDE18_17,HNBrBDE18,Bond Dissociation Energies,Thermochemistry,MACE-MP-0b3,47.94454886583622,43.52123531520876,-4.423313550627455,4.423313550627455,single_atom
HNBrBDE18_18,HNBrBDE18,Bond Dissociation Energies,Thermochemistry,MACE-MP-0b3,49.54588715514256,44.21009704668775,-5.335790108454809,5.335790108454809,single_atom
HNBrBDE18_2,HNBrBDE18,Bond Dissociation Energies,Thermochemistry,MACE-MP-0b3,67.04110606078183,36.64229118049733,-30.398814880284498,30.398814880284498,single_atom
HNBrBDE18_3,HNBrBDE18,Bond Dissociation Energies,Thermochemistry,MACE-MP-0b3,55.71223450388797,52.575609758100775,-3.136624745787195,3.136624745787195,single_atom
HNBrBDE18_4,HNBrBDE18,Bond Dissociation Energies,Thermochemistry,MACE-MP-0b3,55.83173740812796,34.67504747873449,-21.156689929393465,21.156689929393465,single_atom
HNBrBDE18_5,HNBrBDE18,Bond Dissociation Energies,Thermochemistry,MACE-MP-0b3,52.55735908697128,53.130080198406056,0.5727211114347739,0.5727211114347739,single_atom
HNBrBDE18_6,HNBrBDE18,Bond Dissociation Energies,Thermochemistry,MACE-MP-0b3,48.70936682546265,36.42797500469215,-12.281391820770502,12.281391820770502,single_atom
HNBrBDE18_7,HNBrBDE18,Bond Dissociation Energies,Thermochemistry,MACE-MP-0b3,56.978965288831816,52.4971736238086,-4.481791665023216,4.481791665023216,single_atom
HNBrBDE18_8,HNBrBDE18,Bond Dissociation Energies,Thermochemistry,MACE-MP-0b3,45.17208211497801,38.19864578798499,-6.973436326993024,6.973436326993024,single_atom
HNBrBDE18_9,HNBrBDE18,Bond Dissociation Energies,Thermochemistry,MACE-MP-0b3,44.57456822128756,35.96717930323993,-8.607388918047626,8.607388918047626,single_atom
HNBrBDE18_1,HNBrBDE18,Bond Dissociation Energies,Thermochemistry,MACE-OMOL-0-100M,58.89101112916212,51.95470723799934,-6.936303891162787,6.936303891162787,single_atom
HNBrBDE18_10,HNBrBDE18,Bond Dissociation Energies,Thermochemistry,MACE-OMOL-0-100M,62.47609700134277,56.86407401282757,-5.6120229885152,5.6120229885152,single_atom
HNBrBDE18_11,HNBrBDE18,Bond Dissociation Energies,Thermochemistry,MACE-OMOL-0-100M,61.20936621639891,54.95043854100884,-6.258927675390069,6.258927675390069,single_atom
HNBrBDE18_12,HNBrBDE18,Bond Dissociation Energies,Thermochemistry,MACE-OMOL-0-100M,60.70745464610045,54.179543588487725,-6.527911057612727,6.527911057612727,single_atom
HNBrBDE18_13,HNBrBDE18,Bond Dissociation Energies,Thermochemistry,MACE-OMOL-0-100M,63.38431844605719,56.34395874223272,-7.040359703824471,7.040359703824471,single_atom
HNBrBDE18_14,HNBrBDE18,Bond Dissociation Energies,Thermochemistry,MACE-OMOL-0-100M,59.77533199302855,52.62849466775385,-7.146837325274703,7.146837325274703,single_atom
HNBrBDE18_15,HNBrBDE18,Bond Dissociation Energies,Thermochemistry,MACE-OMOL-0-100M,58.74760764407415,51.85457706849431,-6.893030575579843,6.893030575579843,single_atom
HNBrBDE18_16,HNBrBDE18,Bond Dissociation Energies,Thermochemistry,MACE-OMOL-0-100M,68.2122345223337,61.37674349905488,-6.83549102327882,6.83549102327882,single_atom
HNBrBDE18_17,HNBrBDE18,Bond Dissociation Energies,Thermochemistry,MACE-OMOL-0-100M,47.94454886583622,39.94293764189362,-8.001611223942596,8.001611223942596,single_atom
HNBrBDE18_18,HNBrBDE18,Bond Dissociation Energies,Thermochemistry,MACE-OMOL-0-100M,49.54588715514256,41.2425695077424,-8.303317647400156,8.303317647400156,single_atom
HNBrBDE18_2,HNBrBDE18,Bond Dissociation Energies,Thermochemistry,MACE-OMOL-0-100M,67.04110606078183,-54.421719381954944,-121.46282544273677,121.46282544273677,single_atom
HNBrBDE18_3,HNBrBDE18,Bond Dissociation Energies,Thermochemistry,MACE-OMOL-0-100M,55.71223450388797,48.28138862453237,-7.430845879355601,7.430845879355601,single_atom
HNBrBDE18_4,HNBrBDE18,Bond Dissociation Energies,Thermochemistry,MACE-OMOL-0-100M,55.83173740812796,-58.72751364824302,-114.55925105637098,114.55925105637098,single_atom
HNBrBDE18_5,HNBrBDE18,Bond Dissociation Energies,Thermochemistry,MACE-OMOL-0-100M,52.55735908697128,44.90848458535145,-7.648874501619829,7.648874501619829,single_atom
HNBrBDE18_6,HNBrBDE18,Bond Dissociation Energies,Thermochemistry,MACE-OMOL-0-100M,48.70936682546265,-62.237901616396215,-110.94726844185887,110.94726844185887,single_atom
HNBrBDE18_7,HNBrBDE18,Bond Dissociation Energies,Thermochemistry,MACE-OMOL-0-100M,56.978965288831816,50.73316598511865,-6.245799303713163,6.245799303713163,single_atom
HNBrBDE18_8,HNBrBDE18,Bond Dissociation Energies,Thermochemistry,MACE-OMOL-0-100M,45.17208211497801,38.41264012588781,-6.759441989090199,6.759441989090199,single_atom
HNBrBDE18_9,HNBrBDE18,Bond Dissociation Energies,Thermochemistry,MACE-OMOL-0-100M,44.57456822128756,37.53826809489512,-7.036300126392433,7.036300126392433,single_atom
HNBrBDE18_1,HNBrBDE18,Bond Dissociation Energies,Thermochemistry,MACE-OMOL-0-4M,58.89101112916212,58.711707145176966,-0.17930398398515734,0.17930398398515734,single_atom
HNBrBDE18_10,HNBrBDE18,Bond Dissociation Energies,Thermochemistry,MACE-OMOL-0-4M,62.47609700134277,61.48238884191193,-0.9937081594308452,0.9937081594308452,single_atom
HNBrBDE18_11,HNBrBDE18,Bond Dissociation Energies,Thermochemistry,MACE-OMOL-0-4M,61.20936621639891,59.96816842535321,-1.2411977910456997,1.2411977910456997,single_atom
HNBrBDE18_12,HNBrBDE18,Bond Dissociation Energies,Thermochemistry,MACE-OMOL-0-4M,60.70745464610045,58.99715326932817,-1.7103013767722786,1.7103013767722786,single_atom
HNBrBDE18_13,HNBrBDE18,Bond Dissociation Energies,Thermochemistry,MACE-OMOL-0-4M,63.38431844605719,60.35222487538749,-3.0320935706697014,3.0320935706697014,single_atom
HNBrBDE18_14,HNBrBDE18,Bond Dissociation Energies,Thermochemistry,MACE-OMOL-0-4M,59.77533199302855,56.40523835225764,-3.370093640770911,3.370093640770911,single_atom
HNBrBDE18_15,HNBrBDE18,Bond Dissociation Energies,Thermochemistry,MACE-OMOL-0-4M,58.74760764407415,55.8386072390601,-2.909000405014048,2.909000405014048,single_atom
HNBrBDE18_16,HNBrBDE18,Bond Dissociation Energies,Thermochemistry,MACE-OMOL-0-4M,68.2122345223337,64.80870568011512,-3.403528842218577,3.403528842218577,single_atom
HNBrBDE18_17,HNBrBDE18,Bond Dissociation Energies,Thermochemistry,MACE-OMOL-0-4M,47.94454886583622,45.42849079906036,-2.516058066775855,2.516058066775855,single_atom
HNBrBDE18_18,HNBrBDE18,Bond Dissociation Energies,Thermochemistry,MACE-OMOL-0-4M,49.54588715514256,47.248813254244055,-2.2970739008985035,2.2970739008985035,single_atom
HNBrBDE18_2,HNBrBDE18,Bond Dissociation Energies,Thermochemistry,MACE-OMOL-0-4M,67.04110606078183,-58.44299903469872,-125.48410509548054,125.48410509548054,single_atom
HNBrBDE18_3,HNBrBDE18,Bond Dissociation Energies,Thermochemistry,MACE-OMOL-0-4M,55.71223450388797,53.98895874780763,-1.7232757560803407,1.7232757560803407,single_atom
HNBrBDE18_4,HNBrBDE18,Bond Dissociation Energies,Thermochemistry,MACE-OMOL-0-4M,55.83173740812796,-50.86215347880425,-106.69389088693221,106.69389088693221,single_atom
HNBrBDE18_5,HNBrBDE18,Bond Dissociation Energies,Thermochemistry,MACE-OMOL-0-4M,52.55735908697128,49.85940230755368,-2.697956779417602,2.697956779417602,single_atom
HNBrBDE18_6,HNBrBDE18,Bond Dissociation Energies,Thermochemistry,MACE-OMOL-0-4M,48.70936682546265,-60.90973866110564,-109.61910548656829,109.61910548656829,single_atom
HNBrBDE18_7,HNBrBDE18,Bond Dissociation Energies,Thermochemistry,MACE-OMOL-0-4M,56.978965288831816,54.278051607578746,-2.70091368125307,2.70091368125307,single_atom
HNBrBDE18_8,HNBrBDE18,Bond Dissociation Energies,Thermochemistry,MACE-OMOL-0-4M,45.17208211497801,35.30754735182546,-9.864534763152548,9.864534763152548,single_atom
HNBrBDE18_9,HNBrBDE18,Bond Dissociation Energies,Thermochemistry,MACE-OMOL-0-4M,44.57456822128756,35.11596482814158,-9.458603393145978,9.458603393145978,single_atom
HNBrBDE18_1,HNBrBDE18,Bond Dissociation Energies,Thermochemistry,MACE-POLAR-1-L,58.89101112916212,55.57073261802679,-3.320278511135335,3.320278511135335,single_atom
HNBrBDE18_10,HNBrBDE18,Bond Dissociation Energies,Thermochemistry,MACE-POLAR-1-L,62.47609700134277,59.39042998887764,-3.08566701246513,3.08566701246513,single_atom
HNBrBDE18_11,HNBrBDE18,Bond Dissociation Energies,Thermochemistry,MACE-POLAR-1-L,61.20936621639891,57.76351798011691,-3.4458482362820035,3.4458482362820035,single_atom
HNBrBDE18_12,HNBrBDE18,Bond Dissociation Energies,Thermochemistry,MACE-POLAR-1-L,60.70745464610045,57.94769300379379,-2.759761642306664,2.759761642306664,single_atom
HNBrBDE18_13,HNBrBDE18,Bond Dissociation Energies,Thermochemistry,MACE-POLAR-1-L,63.38431844605719,60.01642520760598,-3.3678932384512166,3.3678932384512166,single_atom
HNBrBDE18_14,HNBrBDE18,Bond Dissociation Energies,Thermochemistry,MACE-POLAR-1-L,59.77533199302855,55.28032854807241,-4.49500344495614,4.49500344495614,single_atom
HNBrBDE18_15,HNBrBDE18,Bond Dissociation Energies,Thermochemistry,MACE-POLAR-1-L,58.74760764407415,54.95997193803351,-3.787635706040639,3.787635706040639,single_atom
HNBrBDE18_16,HNBrBDE18,Bond Dissociation Energies,Thermochemistry,MACE-POLAR-1-L,68.2122345223337,64.44939421988386,-3.7628403024498454,3.7628403024498454,single_atom
HNBrBDE18_17,HNBrBDE18,Bond Dissociation Energies,Thermochemistry,MACE-POLAR-1-L,47.94454886583622,43.38532295282319,-4.55922591301303,4.55922591301303,single_atom
HNBrBDE18_18,HNBrBDE18,Bond Dissociation Energies,Thermochemistry,MACE-POLAR-1-L,49.54588715514256,44.97692638995812,-4.5689607651844355,4.5689607651844355,single_atom
HNBrBDE18_2,HNBrBDE18,Bond Dissociation Energies,Thermochemistry,MACE-POLAR-1-L,67.04110606078183,59.71250554094523,-7.328600519836598,7.328600519836598,single_atom
HNBrBDE18_3,HNBrBDE18,Bond Dissociation Energies,Thermochemistry,MACE-POLAR-1-L,55.71223450388797,51.46554195055656,-4.246692553331407,4.246692553331407,single_atom
HNBrBDE18_4,HNBrBDE18,Bond Dissociation Energies,Thermochemistry,MACE-POLAR-1-L,55.83173740812796,50.33316867276702,-5.498568735360934,5.498568735360934,single_atom
HNBrBDE18_5,HNBrBDE18,Bond Dissociation Energies,Thermochemistry,MACE-POLAR-1-L,52.55735908697128,47.48622314048511,-5.071135946486173,5.071135946486173,single_atom
HNBrBDE18_6,HNBrBDE18,Bond Dissociation Energies,Thermochemistry,MACE-POLAR-1-L,48.70936682546265,42.37055361240462,-6.338813213058032,6.338813213058032,single_atom
HNBrBDE18_7,HNBrBDE18,Bond Dissociation Energies,Thermochemistry,MACE-POLAR-1-L,56.978965288831816,53.87111554402159,-3.107849744810224,3.107849744810224,single_atom
HNBrBDE18_8,HNBrBDE18,Bond Dissociation Energies,Thermochemistry,MACE-POLAR-1-L,45.17208211497801,41.484025879123,-3.688056235855008,3.688056235855008,single_atom
HNBrBDE18_9,HNBrBDE18,Bond Dissociation Energies,Thermochemistry,MACE-POLAR-1-L,44.57456822128756,42.900684094443584,-1.6738841268439728,1.6738841268439728,single_atom
HNBrBDE18_1,HNBrBDE18,Bond Dissociation Energies,Thermochemistry,MACE-POLAR-1-M,58.89101112916212,56.17261314800053,-2.718397981161594,2.718397981161594,single_atom
HNBrBDE18_10,HNBrBDE18,Bond Dissociation Energies,Thermochemistry,MACE-POLAR-1-M,62.47609700134277,61.247578271689214,-1.2285187296535582,1.2285187296535582,single_atom
HNBrBDE18_11,HNBrBDE18,Bond Dissociation Energies,Thermochemistry,MACE-POLAR-1-M,61.20936621639891,59.49652881522317,-1.7128374011757401,1.7128374011757401,single_atom
HNBrBDE18_12,HNBrBDE18,Bond Dissociation Energies,Thermochemistry,MACE-POLAR-1-M,60.70745464610045,59.816550893092455,-0.8909037530079971,0.8909037530079971,single_atom
HNBrBDE18_13,HNBrBDE18,Bond Dissociation Energies,Thermochemistry,MACE-POLAR-1-M,63.38431844605719,61.044111824328645,-2.340206621728548,2.340206621728548,single_atom
HNBrBDE18_14,HNBrBDE18,Bond Dissociation Energies,Thermochemistry,MACE-POLAR-1-M,59.77533199302855,57.32393562860658,-2.4513963644219743,2.4513963644219743,single_atom
HNBrBDE18_15,HNBrBDE18,Bond Dissociation Energies,Thermochemistry,MACE-POLAR-1-M,58.74760764407415,56.88545640720424,-1.862151236869913,1.862151236869913,single_atom
HNBrBDE18_16,HNBrBDE18,Bond Dissociation Energies,Thermochemistry,MACE-POLAR-1-M,68.2122345223337,67.82106881713288,-0.3911657052008195,0.3911657052008195,single_atom
HNBrBDE18_17,HNBrBDE18,Bond Dissociation Energies,Thermochemistry,MACE-POLAR-1-M,47.94454886583622,45.37454924243896,-2.5699996233972584,2.5699996233972584,single_atom
HNBrBDE18_18,HNBrBDE18,Bond Dissociation Energies,Thermochemistry,MACE-POLAR-1-M,49.54588715514256,46.83193775076646,-2.713949404376102,2.713949404376102,single_atom
HNBrBDE18_2,HNBrBDE18,Bond Dissociation Energies,Thermochemistry,MACE-POLAR-1-M,67.04110606078183,63.91631887574536,-3.1247871850364675,3.1247871850364675,single_atom
HNBrBDE18_3,HNBrBDE18,Bond Dissociation Energies,Thermochemistry,MACE-POLAR-1-M,55.71223450388797,52.923401661746496,-2.788832842141474,2.788832842141474,single_atom
HNBrBDE18_4,HNBrBDE18,Bond Dissociation Energies,Thermochemistry,MACE-POLAR-1-M,55.83173740812796,50.636731786817656,-5.195005621310301,5.195005621310301,single_atom
HNBrBDE18_5,HNBrBDE18,Bond Dissociation Energies,Thermochemistry,MACE-POLAR-1-M,52.55735908697128,48.88661567353436,-3.6707434134369237,3.6707434134369237,single_atom
HNBrBDE18_6,HNBrBDE18,Bond Dissociation Energies,Thermochemistry,MACE-POLAR-1-M,48.70936682546265,43.470385908068046,-5.238980917394606,5.238980917394606,single_atom
HNBrBDE18_7,HNBrBDE18,Bond Dissociation Energies,Thermochemistry,MACE-POLAR-1-M,56.978965288831816,55.11695612513768,-1.8620091636941325,1.8620091636941325,single_atom
HNBrBDE18_8,HNBrBDE18,Bond Dissociation Energies,Thermochemistry,MACE-POLAR-1-M,45.17208211497801,43.77088409224181,-1.401198022736203,1.401198022736203,single_atom
HNBrBDE18_9,HNBrBDE18,Bond Dissociation Energies,Thermochemistry,MACE-POLAR-1-M,44.57456822128756,44.3087433616423,-0.2658248596452566,0.2658248596452566,single_atom
HNBrBDE18_1,HNBrBDE18,Bond Dissociation Energies,Thermochemistry,MACE-POLAR-1-S,58.89101112916212,60.233395628692456,1.3423844995303327,1.3423844995303327,single_atom
HNBrBDE18_10,HNBrBDE18,Bond Dissociation Energies,Thermochemistry,MACE-POLAR-1-S,62.47609700134277,73.19868183710933,10.722584835766561,10.722584835766561,single_atom
HNBrBDE18_11,HNBrBDE18,Bond Dissociation Energies,Thermochemistry,MACE-POLAR-1-S,61.20936621639891,68.22231208104199,7.012945864643079,7.012945864643079,single_atom
HNBrBDE18_12,HNBrBDE18,Bond Dissociation Energies,Thermochemistry,MACE-POLAR-1-S,60.70745464610045,68.19793943433717,7.490484788236721,7.490484788236721,single_atom
HNBrBDE18_13,HNBrBDE18,Bond Dissociation Energies,Thermochemistry,MACE-POLAR-1-S,63.38431844605719,73.27302186200637,9.88870341594918,9.88870341594918,single_atom
HNBrBDE18_14,HNBrBDE18,Bond Dissociation Energies,Thermochemistry,MACE-POLAR-1-S,59.77533199302855,65.97680625817313,6.201474265144576,6.201474265144576,single_atom
HNBrBDE18_15,HNBrBDE18,Bond Dissociation Energies,Thermochemistry,MACE-POLAR-1-S,58.74760764407415,64.76401207627985,6.016404432205704,6.016404432205704,single_atom
HNBrBDE18_16,HNBrBDE18,Bond Dissociation Energies,Thermochemistry,MACE-POLAR-1-S,68.2122345223337,74.47449355655519,6.262259034221486,6.262259034221486,single_atom
HNBrBDE18_17,HNBrBDE18,Bond Dissociation Energies,Thermochemistry,MACE-POLAR-1-S,47.94454886583622,52.816812117166414,4.872263251330196,4.872263251330196,single_atom
HNBrBDE18_18,HNBrBDE18,Bond Dissociation Energies,Thermochemistry,MACE-POLAR-1-S,49.54588715514256,51.09505398756157,1.5491668324190115,1.5491668324190115,single_atom
HNBrBDE18_2,HNBrBDE18,Bond Dissociation Energies,Thermochemistry,MACE-POLAR-1-S,67.04110606078183,71.00481392472769,3.9637078639458565,3.9637078639458565,single_atom
HNBrBDE18_3,HNBrBDE18,Bond Dissociation Energies,Thermochemistry,MACE-POLAR-1-S,55.71223450388797,59.44242934969409,3.7301948458061176,3.7301948458061176,single_atom
HNBrBDE18_4,HNBrBDE18,Bond Dissociation Energies,Thermochemistry,MACE-POLAR-1-S,55.83173740812796,59.63878689482486,3.8070494866969042,3.8070494866969042,single_atom
HNBrBDE18_5,HNBrBDE18,Bond Dissociation Energies,Thermochemistry,MACE-POLAR-1-S,52.55735908697128,54.93622864303505,2.378869556063769,2.378869556063769,single_atom
HNBrBDE18_6,HNBrBDE18,Bond Dissociation Energies,Thermochemistry,MACE-POLAR-1-S,48.70936682546265,50.575883210640114,1.8665163851774622,1.8665163851774622,single_atom
HNBrBDE18_7,HNBrBDE18,Bond Dissociation Energies,Thermochemistry,MACE-POLAR-1-S,56.978965288831816,64.72605124326846,7.747085954436642,7.747085954436642,single_atom
HNBrBDE18_8,HNBrBDE18,Bond Dissociation Energies,Thermochemistry,MACE-POLAR-1-S,45.17208211497801,49.05634563657072,3.8842635215927075,3.8842635215927075,single_atom
HNBrBDE18_9,HNBrBDE18,Bond Dissociation Energies,Thermochemistry,MACE-POLAR-1-S,44.57456822128756,50.41889584094135,5.8443276196537965,5.8443276196537965,single_atom
HNBrBDE18_1,HNBrBDE18,Bond Dissociation Energies,Thermochemistry,wB97M-V,58.89101112916212,57.0318639609598,-1.8591471682023268,1.8591471682023268,single_atom
HNBrBDE18_10,HNBrBDE18,Bond Dissociation Energies,Thermochemistry,wB97M-V,62.47609700134277,60.65731576076918,-1.8187812405735926,1.8187812405735926,single_atom
HNBrBDE18_11,HNBrBDE18,Bond Dissociation Energies,Thermochemistry,wB97M-V,61.20936621639891,59.12256984347584,-2.086796372923075,2.086796372923075,single_atom
HNBrBDE18_12,HNBrBDE18,Bond Dissociation Energies,Thermochemistry,wB97M-V,60.70745464610045,58.91648600579305,-1.7909686403074048,1.7909686403074048,single_atom
HNBrBDE18_13,HNBrBDE18,Bond Dissociation Energies,Thermochemistry,wB97M-V,63.38431844605719,61.41976292643682,-1.964555519620376,1.964555519620376,single_atom
HNBrBDE18_14,HNBrBDE18,Bond Dissociation Energies,Thermochemistry,wB97M-V,59.77533199302855,56.66716373776685,-3.1081682552617025,3.1081682552617025,single_atom
HNBrBDE18_15,HNBrBDE18,Bond Dissociation Energies,Thermochemistry,wB97M-V,58.74760764407415,56.27578444725623,-2.4718231968179225,2.4718231968179225,single_atom
HNBrBDE18_16,HNBrBDE18,Bond Dissociation Energies,Thermochemistry,wB97M-V,68.2122345223337,65.54070838046657,-2.671526141867133,2.671526141867133,single_atom
HNBrBDE18_17,HNBrBDE18,Bond Dissociation Energies,Thermochemistry,wB97M-V,47.94454886583622,45.03380324881776,-2.9107456170184562,2.9107456170184562,single_atom
HNBrBDE18_18,HNBrBDE18,Bond Dissociation Energies,Thermochemistry,wB97M-V,49.54588715514256,46.55166112915818,-2.994226025984382,2.994226025984382,single_atom
HNBrBDE18_2,HNBrBDE18,Bond Dissociation Energies,Thermochemistry,wB97M-V,67.04110606078183,66.74887740880416,-0.29222865197766623,0.29222865197766623,single_atom
HNBrBDE18_3,HNBrBDE18,Bond Dissociation Energies,Thermochemistry,wB97M-V,55.71223450388797,52.727046935944216,-2.985187567943754,2.985187567943754,single_atom
HNBrBDE18_4,HNBrBDE18,Bond Dissociation Energies,Thermochemistry,wB97M-V,55.83173740812796,52.80578531859787,-3.0259520895300867,3.0259520895300867,single_atom
HNBrBDE18_5,HNBrBDE18,Bond Dissociation Energies,Thermochemistry,wB97M-V,52.55735908697128,48.730118187340594,-3.827240899630688,3.827240899630688,single_atom
HNBrBDE18_6,HNBrBDE18,Bond Dissociation Energies,Thermochemistry,wB97M-V,48.70936682546265,44.57006195044917,-4.1393048750134795,4.1393048750134795,single_atom
HNBrBDE18_7,HNBrBDE18,Bond Dissociation Energies,Thermochemistry,wB97M-V,56.978965288831816,54.79957870088654,-2.179386587945274,2.179386587945274,single_atom
HNBrBDE18_8,HNBrBDE18,Bond Dissociation Energies,Thermochemistry,wB97M-V,45.17208211497801,42.68500541797109,-2.48707669700692,2.48707669700692,single_atom
HNBrBDE18_9,HNBrBDE18,Bond Dissociation Energies,Thermochemistry,wB97M-V,44.57456822128756,42.45788921981881,-2.1166790014687464,2.1166790014687464,single_atom
EA50_1,EA50,Electron Affinities,Thermochemistry,MACE-MP-0b3,14.528145151628726,0.0,-14.528145151628726,14.528145151628726,single_atom
EA50_10,EA50,Electron Affinities,Thermochemistry,MACE-MP-0b3,17.75662178226739,0.0,-17.75662178226739,17.75662178226739,single_atom
EA50_2,EA50,Electron Affinities,Thermochemistry,MACE-MP-0b3,6.918164567088265,0.0,-6.918164567088265,6.918164567088265,single_atom
EA50_3,EA50,Electron Affinities,Thermochemistry,MACE-MP-0b3,12.913906522554656,0.0,-12.913906522554656,12.913906522554656,single_atom
EA50_4,EA50,Electron Affinities,Thermochemistry,MACE-MP-0b3,10.838457215179126,0.0,-10.838457215179126,10.838457215179126,single_atom
EA50_42,EA50,Electron Affinities,Thermochemistry,MACE-MP-0b3,103.7724653687766,0.0,-103.7724653687766,103.7724653687766,outlier_gt_100
EA50_5,EA50,Electron Affinities,Thermochemistry,MACE-MP-0b3,83.94039427913368,0.0,-83.94039427913368,83.94039427913368,single_atom
EA50_6,EA50,Electron Affinities,Thermochemistry,MACE-MP-0b3,32.976583578857785,0.0,-32.976583578857785,32.976583578857785,single_atom
EA50_7,EA50,Electron Affinities,Thermochemistry,MACE-MP-0b3,48.1965447479387,0.0,-48.1965447479387,48.1965447479387,single_atom
EA50_8,EA50,Electron Affinities,Thermochemistry,MACE-MP-0b3,81.63433963260744,0.0,-81.63433963260744,81.63433963260744,single_atom
EA50_9,EA50,Electron Affinities,Thermochemistry,MACE-MP-0b3,9.22421921361453,0.0,-9.22421921361453,9.22421921361453,single_atom
EA50_1,EA50,Electron Affinities,Thermochemistry,MACE-OMOL-0-100M,14.528145151628726,-72.75394862597071,-87.28209377759943,87.28209377759943,single_atom
EA50_10,EA50,Electron Affinities,Thermochemistry,MACE-OMOL-0-100M,17.75662178226739,9.581079497938914,-8.175542284328477,8.175542284328477,single_atom
EA50_2,EA50,Electron Affinities,Thermochemistry,MACE-OMOL-0-100M,6.918164567088265,8.783159384586888,1.8649948174986228,1.8649948174986228,single_atom
EA50_3,EA50,Electron Affinities,Thermochemistry,MACE-OMOL-0-100M,12.913906522554656,-53.86356255860184,-66.7774690811565,66.7774690811565,single_atom
EA50_4,EA50,Electron Affinities,Thermochemistry,MACE-OMOL-0-100M,10.838457215179126,-69.27945116866661,-80.11790838384573,80.11790838384573,single_atom
EA50_5,EA50,Electron Affinities,Thermochemistry,MACE-OMOL-0-100M,83.94039427913368,79.90809717167724,-4.0322971074564435,4.0322971074564435,single_atom
EA50_6,EA50,Electron Affinities,Thermochemistry,MACE-OMOL-0-100M,32.976583578857785,-8.393882336826623,-41.370465915684406,41.370465915684406,single_atom
EA50_7,EA50,Electron Affinities,Thermochemistry,MACE-OMOL-0-100M,48.1965447479387,40.96702976214576,-7.229514985792939,7.229514985792939,single_atom
EA50_8,EA50,Electron Affinities,Thermochemistry,MACE-OMOL-0-100M,81.63433963260744,74.87244800358089,-6.76189162902655,6.76189162902655,single_atom
EA50_9,EA50,Electron Affinities,Thermochemistry,MACE-OMOL-0-100M,9.22421921361453,-5.493062860440872,-14.717282074055403,14.717282074055403,single_atom
EA50_1,EA50,Electron Affinities,Thermochemistry,MACE-OMOL-0-4M,14.528145151628726,-18.879361220110145,-33.40750637173887,33.40750637173887,single_atom
EA50_10,EA50,Electron Affinities,Thermochemistry,MACE-OMOL-0-4M,17.75662178226739,4.721170064678859,-13.035451717588533,13.035451717588533,single_atom
EA50_2,EA50,Electron Affinities,Thermochemistry,MACE-OMOL-0-4M,6.918164567088265,2.295755375536771,-4.622409191551494,4.622409191551494,single_atom
EA50_3,EA50,Electron Affinities,Thermochemistry,MACE-OMOL-0-4M,12.913906522554656,-8.049883147955173,-20.96378967050983,20.96378967050983,single_atom
EA50_4,EA50,Electron Affinities,Thermochemistry,MACE-OMOL-0-4M,10.838457215179126,-31.372438371453004,-42.210895586632134,42.210895586632134,single_atom
EA50_5,EA50,Electron Affinities,Thermochemistry,MACE-OMOL-0-4M,83.94039427913368,82.83762752545,-1.1027667536836816,1.1027667536836816,single_atom
EA50_6,EA50,Electron Affinities,Thermochemistry,MACE-OMOL-0-4M,32.976583578857785,8.025739858970576,-24.95084371988721,24.95084371988721,single_atom
EA50_7,EA50,Electron Affinities,Thermochemistry,MACE-OMOL-0-4M,48.1965447479387,18.18640935118441,-30.010135396754293,30.010135396754293,single_atom
EA50_8,EA50,Electron Affinities,Thermochemistry,MACE-OMOL-0-4M,81.63433963260744,77.8774787993551,-3.7568608332523326,3.7568608332523326,single_atom
EA50_9,EA50,Electron Affinities,Thermochemistry,MACE-OMOL-0-4M,9.22421921361453,-2.8061101034167537,-12.030329317031285,12.030329317031285,single_atom
EA50_1,EA50,Electron Affinities,Thermochemistry,MACE-POLAR-1-L,14.528145151628726,15.94384958476107,1.415704433132344,1.415704433132344,single_atom
EA50_10,EA50,Electron Affinities,Thermochemistry,MACE-POLAR-1-L,17.75662178226739,14.640747789912044,-3.115873992355347,3.115873992355347,single_atom
EA50_2,EA50,Electron Affinities,Thermochemistry,MACE-POLAR-1-L,6.918164567088265,-17.797201091235955,-24.71536565832422,24.71536565832422,single_atom
EA50_3,EA50,Electron Affinities,Thermochemistry,MACE-POLAR-1-L,12.913906522554656,-2.95465272478934,-15.868559247343995,15.868559247343995,single_atom
EA50_4,EA50,Electron Affinities,Thermochemistry,MACE-POLAR-1-L,10.838457215179126,-69.06298885928227,-79.9014460744614,79.9014460744614,single_atom
EA50_5,EA50,Electron Affinities,Thermochemistry,MACE-POLAR-1-L,83.94039427913368,82.62058294431361,-1.3198113348200735,1.3198113348200735,single_atom
EA50_6,EA50,Electron Affinities,Thermochemistry,MACE-POLAR-1-L,32.976583578857785,3.1705475283988305,-29.806036050458953,29.806036050458953,single_atom
EA50_7,EA50,Electron Affinities,Thermochemistry,MACE-POLAR-1-L,48.1965447479387,37.45554154932741,-10.741003198611295,10.741003198611295,single_atom
EA50_8,EA50,Electron Affinities,Thermochemistry,MACE-POLAR-1-L,81.63433963260744,77.43748244779137,-4.196857184816068,4.196857184816068,single_atom
EA50_9,EA50,Electron Affinities,Thermochemistry,MACE-POLAR-1-L,9.22421921361453,-69.32432383554189,-78.54854304915642,78.54854304915642,single_atom
EA50_1,EA50,Electron Affinities,Thermochemistry,MACE-POLAR-1-M,14.528145151628726,22.909439274350905,8.38129412272218,8.38129412272218,single_atom
EA50_10,EA50,Electron Affinities,Thermochemistry,MACE-POLAR-1-M,17.75662178226739,19.691689125103704,1.9350673428363123,1.9350673428363123,single_atom
EA50_2,EA50,Electron Affinities,Thermochemistry,MACE-POLAR-1-M,6.918164567088265,-10.481428365159363,-17.39959293224763,17.39959293224763,single_atom
EA50_3,EA50,Electron Affinities,Thermochemistry,MACE-POLAR-1-M,12.913906522554656,18.66253482494345,5.748628302388793,5.748628302388793,single_atom
EA50_4,EA50,Electron Affinities,Thermochemistry,MACE-POLAR-1-M,10.838457215179126,-98.99502968108372,-109.83348689626285,109.83348689626285,single_atom
EA50_47,EA50,Electron Affinities,Thermochemistry,MACE-POLAR-1-M,33.89900556297019,-91.44573390103756,-125.34473946400774,125.34473946400774,outlier_gt_100
EA50_5,EA50,Electron Affinities,Thermochemistry,MACE-POLAR-1-M,83.94039427913368,85.28798805521454,1.3475937760808563,1.3475937760808563,single_atom
EA50_6,EA50,Electron Affinities,Thermochemistry,MACE-POLAR-1-M,32.976583578857785,-1.1509401561609849,-34.12752373501877,34.12752373501877,single_atom
EA50_7,EA50,Electron Affinities,Thermochemistry,MACE-POLAR-1-M,48.1965447479387,46.72538881111355,-1.4711559368251557,1.4711559368251557,single_atom
EA50_8,EA50,Electron Affinities,Thermochemistry,MACE-POLAR-1-M,81.63433963260744,79.38167428621374,-2.252665346393698,2.252665346393698,single_atom
EA50_9,EA50,Electron Affinities,Thermochemistry,MACE-POLAR-1-M,9.22421921361453,-110.2213377117919,-119.44555692540644,119.44555692540644,single_atom
EA50_1,EA50,Electron Affinities,Thermochemistry,MACE-POLAR-1-S,14.528145151628726,-23.294663877046407,-37.82280902867513,37.82280902867513,single_atom
EA50_10,EA50,Electron Affinities,Thermochemistry,MACE-POLAR-1-S,17.75662178226739,9.59733980379319,-8.159281978474201,8.159281978474201,single_atom
EA50_2,EA50,Electron Affinities,Thermochemistry,MACE-POLAR-1-S,6.918164567088265,4.2325573580235725,-2.6856072090646927,2.6856072090646927,single_atom
EA50_3,EA50,Electron Affinities,Thermochemistry,MACE-POLAR-1-S,12.913906522554656,-113.43429263383064,-126.34819915638529,126.34819915638529,single_atom
EA50_4,EA50,Electron Affinities,Thermochemistry,MACE-POLAR-1-S,10.838457215179126,-127.44109862156571,-138.27955583674483,138.27955583674483,single_atom
EA50_47,EA50,Electron Affinities,Thermochemistry,MACE-POLAR-1-S,33.89900556297019,-118.97379444104796,-152.87280000401813,152.87280000401813,outlier_gt_100
EA50_5,EA50,Electron Affinities,Thermochemistry,MACE-POLAR-1-S,83.94039427913368,92.38930195757165,8.448907678437962,8.448907678437962,single_atom
EA50_6,EA50,Electron Affinities,Thermochemistry,MACE-POLAR-1-S,32.976583578857785,-3.112641081732469,-36.089224660590254,36.089224660590254,single_atom
EA50_7,EA50,Electron Affinities,Thermochemistry,MACE-POLAR-1-S,48.1965447479387,40.837469666200825,-7.359075081737878,7.359075081737878,single_atom
EA50_8,EA50,Electron Affinities,Thermochemistry,MACE-POLAR-1-S,81.63433963260744,83.45755719874194,1.8232175661345025,1.8232175661345025,single_atom
EA50_9,EA50,Electron Affinities,Thermochemistry,MACE-POLAR-1-S,9.22421921361453,-75.652300586226,-84.87651979984054,84.87651979984054,single_atom
EA50_1,EA50,Electron Affinities,Thermochemistry,wB97M-V,14.528145151628726,10.63838542027019,-3.889759731358536,3.889759731358536,single_atom
EA50_10,EA50,Electron Affinities,Thermochemistry,wB97M-V,17.75662178226739,18.156615836704745,0.3999940544373537,0.3999940544373537,single_atom
EA50_2,EA50,Electron Affinities,Thermochemistry,wB97M-V,6.918164567088265,7.604539826395176,0.686375259306911,0.686375259306911,single_atom
EA50_3,EA50,Electron Affinities,Thermochemistry,wB97M-V,12.913906522554656,11.156826970643277,-1.7570795519113798,1.7570795519113798,single_atom
EA50_4,EA50,Electron Affinities,Thermochemistry,wB97M-V,10.838457215179126,8.063913721721075,-2.774543493458051,2.774543493458051,single_atom
EA50_5,EA50,Electron Affinities,Thermochemistry,wB97M-V,83.94039427913368,83.82483257364218,-0.11556170549150124,0.11556170549150124,single_atom
EA50_6,EA50,Electron Affinities,Thermochemistry,wB97M-V,32.976583578857785,28.62559547349046,-4.350988105367325,4.350988105367325,single_atom
EA50_7,EA50,Electron Affinities,Thermochemistry,wB97M-V,48.1965447479387,46.93437131329908,-1.262173434639621,1.262173434639621,single_atom
EA50_8,EA50,Electron Affinities,Thermochemistry,wB97M-V,81.63433963260744,78.71875604279407,-2.915583589813366,2.915583589813366,single_atom
EA50_9,EA50,Electron Affinities,Thermochemistry,wB97M-V,9.22421921361453,6.365930502055369,-2.858288711559161,2.858288711559161,single_atom
G21EA_1,G21EA,Electron Affinities,Thermochemistry,MACE-MP-0b3,29.435340538610763,0.0,-29.435340538610763,29.435340538610763,single_atom
G21EA_2,G21EA,Electron Affinities,Thermochemistry,MACE-MP-0b3,33.98432175106338,0.0,-33.98432175106338,33.98432175106338,single_atom
G21EA_3,G21EA,Electron Affinities,Thermochemistry,MACE-MP-0b3,79.21368481336201,0.0,-79.21368481336201,79.21368481336201,single_atom
G21EA_4,G21EA,Electron Affinities,Thermochemistry,MACE-MP-0b3,32.69559613154425,0.0,-32.69559613154425,32.69559613154425,single_atom
G21EA_5,G21EA,Electron Affinities,Thermochemistry,MACE-MP-0b3,17.059833379742745,0.0,-17.059833379742745,17.059833379742745,single_atom
G21EA_6,G21EA,Electron Affinities,Thermochemistry,MACE-MP-0b3,48.2112021142338,0.0,-48.2112021142338,48.2112021142338,single_atom
G21EA_7,G21EA,Electron Affinities,Thermochemistry,MACE-MP-0b3,84.40050995340292,0.0,-84.40050995340292,84.40050995340292,single_atom
G21EA_1,G21EA,Electron Affinities,Thermochemistry,MACE-OMOL-0-100M,29.435340538610763,-10.427274768463702,-39.86261530707446,39.86261530707446,single_atom
G21EA_2,G21EA,Electron Affinities,Thermochemistry,MACE-OMOL-0-100M,33.98432175106338,26.39267652853089,-7.591645222532492,7.591645222532492,single_atom
G21EA_3,G21EA,Electron Affinities,Thermochemistry,MACE-OMOL-0-100M,79.21368481336201,78.16795369895443,-1.0457311144075732,1.0457311144075732,single_atom
G21EA_4,G21EA,Electron Affinities,Thermochemistry,MACE-OMOL-0-100M,32.69559613154425,0.6378832457129299,-32.05771288583132,32.05771288583132,single_atom
G21EA_5,G21EA,Electron Affinities,Thermochemistry,MACE-OMOL-0-100M,17.059833379742745,16.241338820171624,-0.8184945595711213,0.8184945595711213,single_atom
G21EA_6,G21EA,Electron Affinities,Thermochemistry,MACE-OMOL-0-100M,48.2112021142338,43.751791613355344,-4.459410500878455,4.459410500878455,single_atom
G21EA_7,G21EA,Electron Affinities,Thermochemistry,MACE-OMOL-0-100M,84.40050995340292,79.90809717167724,-4.492412781725676,4.492412781725676,single_atom
G21EA_1,G21EA,Electron Affinities,Thermochemistry,MACE-OMOL-0-4M,29.435340538610763,11.951448202349615,-17.48389233626115,17.48389233626115,single_atom
G21EA_2,G21EA,Electron Affinities,Thermochemistry,MACE-OMOL-0-4M,33.98432175106338,31.557562280412174,-2.4267594706512092,2.4267594706512092,single_atom
G21EA_3,G21EA,Electron Affinities,Thermochemistry,MACE-OMOL-0-4M,79.21368481336201,58.648508088373646,-20.565176724988362,20.565176724988362,single_atom
G21EA_4,G21EA,Electron Affinities,Thermochemistry,MACE-OMOL-0-4M,32.69559613154425,18.059088803418405,-14.636507328125845,14.636507328125845,single_atom
G21EA_5,G21EA,Electron Affinities,Thermochemistry,MACE-OMOL-0-4M,17.059833379742745,20.170043962189453,3.110210582446708,3.110210582446708,single_atom
G21EA_6,G21EA,Electron Affinities,Thermochemistry,MACE-OMOL-0-4M,48.2112021142338,29.893689149251728,-18.317512964982072,18.317512964982072,single_atom
G21EA_7,G21EA,Electron Affinities,Thermochemistry,MACE-OMOL-0-4M,84.40050995340292,82.83762752545,-1.562882427952914,1.562882427952914,single_atom
G21EA_1,G21EA,Electron Affinities,Thermochemistry,MACE-POLAR-1-L,29.435340538610763,-0.1074910471983138,-29.542831585809076,29.542831585809076,single_atom
G21EA_2,G21EA,Electron Affinities,Thermochemistry,MACE-POLAR-1-L,33.98432175106338,10.976820892514295,-23.007500858549086,23.007500858549086,single_atom
G21EA_3,G21EA,Electron Affinities,Thermochemistry,MACE-POLAR-1-L,79.21368481336201,74.74761480152587,-4.466070011836138,4.466070011836138,single_atom
G21EA_4,G21EA,Electron Affinities,Thermochemistry,MACE-POLAR-1-L,32.69559613154425,7.102401369516513,-25.593194762027736,25.593194762027736,single_atom
G21EA_5,G21EA,Electron Affinities,Thermochemistry,MACE-POLAR-1-L,17.059833379742745,7.062046991532475,-9.997786388210269,9.997786388210269,single_atom
G21EA_6,G21EA,Electron Affinities,Thermochemistry,MACE-POLAR-1-L,48.2112021142338,38.58691120304898,-9.624290911184822,9.624290911184822,single_atom
G21EA_7,G21EA,Electron Affinities,Thermochemistry,MACE-POLAR-1-L,84.40050995340292,82.62058294431361,-1.779927009089306,1.779927009089306,single_atom
G21EA_1,G21EA,Electron Affinities,Thermochemistry,MACE-POLAR-1-M,29.435340538610763,1.980385910818432,-27.454954627792333,27.454954627792333,single_atom
G21EA_2,G21EA,Electron Affinities,Thermochemistry,MACE-POLAR-1-M,33.98432175106338,30.780368137379316,-3.2039536136840674,3.2039536136840674,single_atom
G21EA_3,G21EA,Electron Affinities,Thermochemistry,MACE-POLAR-1-M,79.21368481336201,81.17741655372927,1.9637317403672654,1.9637317403672654,single_atom
G21EA_4,G21EA,Electron Affinities,Thermochemistry,MACE-POLAR-1-M,32.69559613154425,-1.0824156092961124,-33.77801174084036,33.77801174084036,single_atom
G21EA_5,G21EA,Electron Affinities,Thermochemistry,MACE-POLAR-1-M,17.059833379742745,11.13250942283944,-5.9273239569033045,5.9273239569033045,single_atom
G21EA_6,G21EA,Electron Affinities,Thermochemistry,MACE-POLAR-1-M,48.2112021142338,53.02985506840122,4.818652954167419,4.818652954167419,single_atom
G21EA_7,G21EA,Electron Affinities,Thermochemistry,MACE-POLAR-1-M,84.40050995340292,85.28798805521454,0.8874781018116238,0.8874781018116238,single_atom
G21EA_1,G21EA,Electron Affinities,Thermochemistry,MACE-POLAR-1-S,29.435340538610763,-11.76591739853757,-41.201257937148334,41.201257937148334,single_atom
G21EA_2,G21EA,Electron Affinities,Thermochemistry,MACE-POLAR-1-S,33.98432175106338,38.73370515277426,4.74938340171088,4.74938340171088,single_atom
G21EA_3,G21EA,Electron Affinities,Thermochemistry,MACE-POLAR-1-S,79.21368481336201,89.00235505034074,9.788670236978732,9.788670236978732,single_atom
G21EA_4,G21EA,Electron Affinities,Thermochemistry,MACE-POLAR-1-S,32.69559613154425,-11.405933309582338,-44.10152944112659,44.10152944112659,single_atom
G21EA_5,G21EA,Electron Affinities,Thermochemistry,MACE-POLAR-1-S,17.059833379742745,-13.278337060887344,-30.338170440630087,30.338170440630087,single_atom
G21EA_6,G21EA,Electron Affinities,Thermochemistry,MACE-POLAR-1-S,48.2112021142338,43.44953097064999,-4.761671143583811,4.761671143583811,single_atom
G21EA_7,G21EA,Electron Affinities,Thermochemistry,MACE-POLAR-1-S,84.40050995340292,92.38930195757165,7.9887920041687295,7.9887920041687295,single_atom
G21EA_1,G21EA,Electron Affinities,Thermochemistry,wB97M-V,29.435340538610763,30.682470186619348,1.2471296480085847,1.2471296480085847,single_atom
G21EA_2,G21EA,Electron Affinities,Thermochemistry,wB97M-V,33.98432175106338,34.48840362562944,0.5040818745660545,0.5040818745660545,single_atom
G21EA_3,G21EA,Electron Affinities,Thermochemistry,wB97M-V,79.21368481336201,77.3841606731818,-1.8295241401802116,1.8295241401802116,single_atom
G21EA_4,G21EA,Electron Affinities,Thermochemistry,wB97M-V,32.69559613154425,29.835886173745727,-2.859709957798522,2.859709957798522,single_atom
G21EA_5,G21EA,Electron Affinities,Thermochemistry,wB97M-V,17.059833379742745,18.64440267060856,1.584569290865815,1.584569290865815,single_atom
G21EA_6,G21EA,Electron Affinities,Thermochemistry,wB97M-V,48.2112021142338,49.09855064856335,0.8873485343295471,0.8873485343295471,single_atom
G21EA_7,G21EA,Electron Affinities,Thermochemistry,wB97M-V,84.40050995340292,83.82457102769851,-0.5759389257044063,0.5759389257044063,single_atom
G21IP_1,G21IP,Ionization Potentials,Thermochemistry,MACE-MP-0b3,314.90023800463126,25.766474357216023,-289.13376364741526,289.13376364741526,single_atom
G21IP_10,G21IP,Ionization Potentials,Thermochemistry,MACE-MP-0b3,175.80566343704274,0.0,-175.80566343704274,175.80566343704274,single_atom
G21IP_11,G21IP,Ionization Potentials,Thermochemistry,MACE-MP-0b3,137.8464212006242,0.0,-137.8464212006242,137.8464212006242,single_atom
G21IP_12,G21IP,Ionization Potentials,Thermochemistry,MACE-MP-0b3,188.2112534000972,0.0,-188.2112534000972,188.2112534000972,single_atom
G21IP_13,G21IP,Ionization Potentials,Thermochemistry,MACE-MP-0b3,242.8497106347295,0.0,-242.8497106347295,242.8497106347295,single_atom
G21IP_14,G21IP,Ionization Potentials,Thermochemistry,MACE-MP-0b3,238.3966530305196,0.0,-238.3966530305196,238.3966530305196,single_atom
G21IP_15,G21IP,Ionization Potentials,Thermochemistry,MACE-MP-0b3,299.3854138987464,0.0,-299.3854138987464,299.3854138987464,single_atom
G21IP_16,G21IP,Ionization Potentials,Thermochemistry,MACE-MP-0b3,296.9137444417883,24.538026866161527,-272.37571757562677,272.37571757562677,outlier_gt_100
G21IP_17,G21IP,Ionization Potentials,Thermochemistry,MACE-MP-0b3,235.8685039558393,6.162671812061338,-229.70583214377794,229.70583214377794,outlier_gt_100
G21IP_18,G21IP,Ionization Potentials,Thermochemistry,MACE-MP-0b3,301.10899040609013,0.7221902924332462,-300.3868001136569,300.3868001136569,outlier_gt_100
G21IP_19,G21IP,Ionization Potentials,Thermochemistry,MACE-MP-0b3,292.6758924667262,0.6752348788784528,-292.0006575878478,292.0006575878478,outlier_gt_100
G21IP_2,G21IP,Ionization Potentials,Thermochemistry,MACE-MP-0b3,124.21389271090446,0.0,-124.21389271090446,124.21389271090446,single_atom
G21IP_20,G21IP,Ionization Potentials,Thermochemistry,MACE-MP-0b3,371.6999006188736,1.3506193636223889,-370.3492812552512,370.3492812552512,outlier_gt_100
G21IP_21,G21IP,Ionization Potentials,Thermochemistry,MACE-MP-0b3,255.33061867742697,40.36997200219308,-214.96064667523387,214.96064667523387,outlier_gt_100
G21IP_22,G21IP,Ionization Potentials,Thermochemistry,MACE-MP-0b3,234.942753033967,0.0065236048662198,-234.93622942910076,234.93622942910076,outlier_gt_100
G21IP_23,G21IP,Ionization Potentials,Thermochemistry,MACE-MP-0b3,226.7156407270485,-0.0804967323568223,-226.79613745940534,226.79613745940534,outlier_gt_100
G21IP_24,G21IP,Ionization Potentials,Thermochemistry,MACE-MP-0b3,227.90701515427145,24.195910719585683,-203.71110443468575,203.71110443468575,outlier_gt_100
G21IP_25,G21IP,Ionization Potentials,Thermochemistry,MACE-MP-0b3,240.14359610814893,0.5812864555167404,-239.5623096526322,239.5623096526322,outlier_gt_100
G21IP_26,G21IP,Ionization Potentials,Thermochemistry,MACE-MP-0b3,295.46220835167696,0.7033035723337376,-294.75890477934325,294.75890477934325,outlier_gt_100
G21IP_27,G21IP,Ionization Potentials,Thermochemistry,MACE-MP-0b3,264.5627802784546,0.7909656571698582,-263.77181462128476,263.77181462128476,outlier_gt_100
G21IP_28,G21IP,Ionization Potentials,Thermochemistry,MACE-MP-0b3,243.7968119389472,2.510254194298649,-241.28655774464855,241.28655774464855,outlier_gt_100
G21IP_29,G21IP,Ionization Potentials,Thermochemistry,MACE-MP-0b3,323.1163513254884,0.9346192017179076,-322.1817321237705,322.1817321237705,outlier_gt_100
G21IP_3,G21IP,Ionization Potentials,Thermochemistry,MACE-MP-0b3,214.8551500463352,0.0,-214.8551500463352,214.8551500463352,single_atom
G21IP_30,G21IP,Ionization Potentials,Thermochemistry,MACE-MP-0b3,359.60918800729826,-0.2834285740665185,-359.8926165813648,359.8926165813648,outlier_gt_100
G21IP_31,G21IP,Ionization Potentials,Thermochemistry,MACE-MP-0b3,278.2933790863279,16.17352138173927,-262.11985770458864,262.11985770458864,outlier_gt_100
G21IP_32,G21IP,Ionization Potentials,Thermochemistry,MACE-MP-0b3,243.03006940776385,2.9089983568435454,-240.1210710509203,240.1210710509203,outlier_gt_100
G21IP_33,G21IP,Ionization Potentials,Thermochemistry,MACE-MP-0b3,216.4291722207263,1.6656018008953335,-214.76357041983096,214.76357041983096,outlier_gt_100
G21IP_34,G21IP,Ionization Potentials,Thermochemistry,MACE-MP-0b3,265.94059718306295,1.2443464361448544,-264.6962507469181,264.6962507469181,outlier_gt_100
G21IP_35,G21IP,Ionization Potentials,Thermochemistry,MACE-MP-0b3,292.6130517854654,0.4374354643046597,-292.17561632116076,292.17561632116076,outlier_gt_100
G21IP_36,G21IP,Ionization Potentials,Thermochemistry,MACE-MP-0b3,261.1541506978892,2.9631562016622093,-258.19099449622695,258.19099449622695,outlier_gt_100
G21IP_4,G21IP,Ionization Potentials,Thermochemistry,MACE-MP-0b3,191.49708941674075,0.0,-191.49708941674075,191.49708941674075,single_atom
G21IP_5,G21IP,Ionization Potentials,Thermochemistry,MACE-MP-0b3,259.71308836840933,0.0,-259.71308836840933,259.71308836840933,single_atom
G21IP_6,G21IP,Ionization Potentials,Thermochemistry,MACE-MP-0b3,335.58670465883216,0.0,-335.58670465883216,335.58670465883216,single_atom
G21IP_7,G21IP,Ionization Potentials,Thermochemistry,MACE-MP-0b3,314.02657601669125,0.0,-314.02657601669125,314.02657601669125,single_atom
G21IP_8,G21IP,Ionization Potentials,Thermochemistry,MACE-MP-0b3,402.1511488755327,0.0,-402.1511488755327,402.1511488755327,single_atom
G21IP_9,G21IP,Ionization Potentials,Thermochemistry,MACE-MP-0b3,118.13057490572878,0.0,-118.13057490572878,118.13057490572878,single_atom
G21IP_1,G21IP,Ionization Potentials,Thermochemistry,MACE-OMOL-0-100M,314.90023800463126,311.70003788483933,-3.20020011979193,3.20020011979193,single_atom
G21IP_10,G21IP,Ionization Potentials,Thermochemistry,MACE-OMOL-0-100M,175.80566343704274,111.72437197945864,-64.0812914575841,64.0812914575841,single_atom
G21IP_11,G21IP,Ionization Potentials,Thermochemistry,MACE-OMOL-0-100M,137.8464212006242,230.3282959359404,92.48187473531618,92.48187473531618,single_atom
G21IP_12,G21IP,Ionization Potentials,Thermochemistry,MACE-OMOL-0-100M,188.2112534000972,60.03601990205552,-128.17523349804168,128.17523349804168,single_atom
G21IP_13,G21IP,Ionization Potentials,Thermochemistry,MACE-OMOL-0-100M,242.8497106347295,-13.585655458250509,-256.43536609298,256.43536609298,single_atom
G21IP_14,G21IP,Ionization Potentials,Thermochemistry,MACE-OMOL-0-100M,238.3966530305196,-8.675713264513023,-247.07236629503262,247.07236629503262,single_atom
G21IP_15,G21IP,Ionization Potentials,Thermochemistry,MACE-OMOL-0-100M,299.3854138987464,-12.812446305463514,-312.1978602042099,312.1978602042099,single_atom
G21IP_16,G21IP,Ionization Potentials,Thermochemistry,MACE-OMOL-0-100M,296.9137444417883,129.9368427344716,-166.9769017073167,166.9769017073167,outlier_gt_100
G21IP_17,G21IP,Ionization Potentials,Thermochemistry,MACE-OMOL-0-100M,235.8685039558393,116.65554077806328,-119.212963177776,119.212963177776,outlier_gt_100
G21IP_18,G21IP,Ionization Potentials,Thermochemistry,MACE-OMOL-0-100M,301.10899040609013,-13.353696958316585,-314.4626873644067,314.4626873644067,outlier_gt_100
G21IP_19,G21IP,Ionization Potentials,Thermochemistry,MACE-OMOL-0-100M,292.6758924667262,2.8187904330318214,-289.8571020336944,289.8571020336944,outlier_gt_100
G21IP_2,G21IP,Ionization Potentials,Thermochemistry,MACE-OMOL-0-100M,124.21389271090446,129.19341677224708,4.979524061342616,4.979524061342616,single_atom
G21IP_20,G21IP,Ionization Potentials,Thermochemistry,MACE-OMOL-0-100M,371.6999006188736,2.8653106363180574,-368.83458998255554,368.83458998255554,outlier_gt_100
G21IP_22,G21IP,Ionization Potentials,Thermochemistry,MACE-OMOL-0-100M,234.942753033967,64.97497237614878,-169.9677806578182,169.9677806578182,outlier_gt_100
G21IP_23,G21IP,Ionization Potentials,Thermochemistry,MACE-OMOL-0-100M,226.7156407270485,28.79198609850013,-197.92365462854838,197.92365462854838,outlier_gt_100
G21IP_25,G21IP,Ionization Potentials,Thermochemistry,MACE-OMOL-0-100M,240.14359610814893,-12.865073444013078,-253.00866955216202,253.00866955216202,outlier_gt_100
G21IP_26,G21IP,Ionization Potentials,Thermochemistry,MACE-OMOL-0-100M,295.46220835167696,11.39060591785701,-284.07160243382,284.07160243382,outlier_gt_100
G21IP_27,G21IP,Ionization Potentials,Thermochemistry,MACE-OMOL-0-100M,264.5627802784546,87.93871673315428,-176.62406354530034,176.62406354530034,outlier_gt_100
G21IP_28,G21IP,Ionization Potentials,Thermochemistry,MACE-OMOL-0-100M,243.7968119389472,118.84479472045156,-124.95201721849564,124.95201721849564,outlier_gt_100
G21IP_29,G21IP,Ionization Potentials,Thermochemistry,MACE-OMOL-0-100M,323.1163513254884,42.25586328581765,-280.8604880396707,280.8604880396707,outlier_gt_100
G21IP_3,G21IP,Ionization Potentials,Thermochemistry,MACE-OMOL-0-100M,214.8551500463352,61.30923549116599,-153.54591455516922,153.54591455516922,single_atom
G21IP_34,G21IP,Ionization Potentials,Thermochemistry,MACE-OMOL-0-100M,265.94059718306295,99.09310858644636,-166.84748859661659,166.84748859661659,outlier_gt_100
G21IP_35,G21IP,Ionization Potentials,Thermochemistry,MACE-OMOL-0-100M,292.6130517854654,90.16958657532996,-202.44346521013546,202.44346521013546,outlier_gt_100
G21IP_36,G21IP,Ionization Potentials,Thermochemistry,MACE-OMOL-0-100M,261.1541506978892,91.07022776933805,-170.08392292855115,170.08392292855115,outlier_gt_100
G21IP_4,G21IP,Ionization Potentials,Thermochemistry,MACE-OMOL-0-100M,191.49708941674075,-0.0652822123603408,-191.56237162910108,191.56237162910108,single_atom
G21IP_5,G21IP,Ionization Potentials,Thermochemistry,MACE-OMOL-0-100M,259.71308836840933,149.50636740974454,-110.20672095866479,110.20672095866479,single_atom
G21IP_6,G21IP,Ionization Potentials,Thermochemistry,MACE-OMOL-0-100M,335.58670465883216,-7.357106812147354,-342.94381147097954,342.94381147097954,single_atom
G21IP_7,G21IP,Ionization Potentials,Thermochemistry,MACE-OMOL-0-100M,314.02657601669125,-18.127185652907432,-332.1537616695987,332.1537616695987,single_atom
G21IP_8,G21IP,Ionization Potentials,Thermochemistry,MACE-OMOL-0-100M,402.1511488755327,-23.749775499284706,-425.9009243748174,425.9009243748174,single_atom
G21IP_9,G21IP,Ionization Potentials,Thermochemistry,MACE-OMOL-0-100M,118.13057490572878,126.43444850877552,8.303873603046739,8.303873603046739,single_atom
G21IP_1,G21IP,Ionization Potentials,Thermochemistry,MACE-OMOL-0-4M,314.90023800463126,303.0751255664116,-11.825112438219662,11.825112438219662,single_atom
G21IP_10,G21IP,Ionization Potentials,Thermochemistry,MACE-OMOL-0-4M,175.80566343704274,140.08851359081598,-35.71714984622676,35.71714984622676,single_atom
G21IP_11,G21IP,Ionization Potentials,Thermochemistry,MACE-OMOL-0-4M,137.8464212006242,183.17091637345123,45.32449517282703,45.32449517282703,single_atom
G21IP_12,G21IP,Ionization Potentials,Thermochemistry,MACE-OMOL-0-4M,188.2112534000972,92.9947090725638,-95.21654432753341,95.21654432753341,single_atom
G21IP_13,G21IP,Ionization Potentials,Thermochemistry,MACE-OMOL-0-4M,242.8497106347295,68.7913527783824,-174.05835785634707,174.05835785634707,single_atom
G21IP_14,G21IP,Ionization Potentials,Thermochemistry,MACE-OMOL-0-4M,238.3966530305196,18.36264829170552,-220.03400473881408,220.03400473881408,single_atom
G21IP_15,G21IP,Ionization Potentials,Thermochemistry,MACE-OMOL-0-4M,299.3854138987464,6.40892949448362,-292.97648440426275,292.97648440426275,single_atom
G21IP_16,G21IP,Ionization Potentials,Thermochemistry,MACE-OMOL-0-4M,296.9137444417883,127.27174871985044,-169.64199572193786,169.64199572193786,outlier_gt_100
G21IP_17,G21IP,Ionization Potentials,Thermochemistry,MACE-OMOL-0-4M,235.8685039558393,109.94093592265402,-125.92756803318527,125.92756803318527,outlier_gt_100
G21IP_18,G21IP,Ionization Potentials,Thermochemistry,MACE-OMOL-0-4M,301.10899040609013,13.764105540357887,-287.34488486573224,287.34488486573224,outlier_gt_100
G21IP_19,G21IP,Ionization Potentials,Thermochemistry,MACE-OMOL-0-4M,292.6758924667262,2.8227433192185503,-289.8531491475077,289.8531491475077,outlier_gt_100
G21IP_2,G21IP,Ionization Potentials,Thermochemistry,MACE-OMOL-0-4M,124.21389271090446,122.00248964281116,-2.211403068093304,2.211403068093304,single_atom
G21IP_20,G21IP,Ionization Potentials,Thermochemistry,MACE-OMOL-0-4M,371.6999006188736,7.213502528587103,-364.48639809028646,364.48639809028646,outlier_gt_100
G21IP_23,G21IP,Ionization Potentials,Thermochemistry,MACE-OMOL-0-4M,226.7156407270485,50.82538456128,-175.8902561657685,175.8902561657685,outlier_gt_100
G21IP_25,G21IP,Ionization Potentials,Thermochemistry,MACE-OMOL-0-4M,240.14359610814893,0.9669469302727032,-239.17664917787621,239.17664917787621,outlier_gt_100
G21IP_26,G21IP,Ionization Potentials,Thermochemistry,MACE-OMOL-0-4M,295.46220835167696,143.13583990367405,-152.3263684480029,152.3263684480029,outlier_gt_100
G21IP_27,G21IP,Ionization Potentials,Thermochemistry,MACE-OMOL-0-4M,264.5627802784546,157.90250045121817,-106.66027982723645,106.66027982723645,outlier_gt_100
G21IP_28,G21IP,Ionization Potentials,Thermochemistry,MACE-OMOL-0-4M,243.7968119389472,118.9374006143321,-124.8594113246151,124.8594113246151,outlier_gt_100
G21IP_29,G21IP,Ionization Potentials,Thermochemistry,MACE-OMOL-0-4M,323.1163513254884,140.64285879217448,-182.4734925333139,182.4734925333139,outlier_gt_100
G21IP_3,G21IP,Ionization Potentials,Thermochemistry,MACE-OMOL-0-4M,214.8551500463352,175.08751576450572,-39.76763428182949,39.76763428182949,single_atom
G21IP_30,G21IP,Ionization Potentials,Thermochemistry,MACE-OMOL-0-4M,359.60918800729826,234.77544499827275,-124.83374300902551,124.83374300902551,outlier_gt_100
G21IP_32,G21IP,Ionization Potentials,Thermochemistry,MACE-OMOL-0-4M,243.03006940776385,129.25472791987835,-113.7753414878855,113.7753414878855,outlier_gt_100
G21IP_35,G21IP,Ionization Potentials,Thermochemistry,MACE-OMOL-0-4M,292.6130517854654,159.99519526025193,-132.61785652521348,132.61785652521348,outlier_gt_100
G21IP_4,G21IP,Ionization Potentials,Thermochemistry,MACE-OMOL-0-4M,191.49708941674075,47.77147717156768,-143.72561224517307,143.72561224517307,single_atom
G21IP_5,G21IP,Ionization Potentials,Thermochemistry,MACE-OMOL-0-4M,259.71308836840933,117.33776793619948,-142.37532043220983,142.37532043220983,single_atom
G21IP_6,G21IP,Ionization Potentials,Thermochemistry,MACE-OMOL-0-4M,335.58670465883216,121.00294077055982,-214.58376388827236,214.58376388827236,single_atom
G21IP_7,G21IP,Ionization Potentials,Thermochemistry,MACE-OMOL-0-4M,314.02657601669125,82.2233557044031,-231.80322031228815,231.80322031228815,single_atom
G21IP_8,G21IP,Ionization Potentials,Thermochemistry,MACE-OMOL-0-4M,402.1511488755327,-5.576451807052542,-407.72760068258526,407.72760068258526,single_atom
G21IP_9,G21IP,Ionization Potentials,Thermochemistry,MACE-OMOL-0-4M,118.13057490572878,101.02270971041966,-17.107865195309117,17.107865195309117,single_atom
G21IP_1,G21IP,Ionization Potentials,Thermochemistry,MACE-POLAR-1-L,314.90023800463126,311.066196299616,-3.834041705015238,3.834041705015238,single_atom
G21IP_10,G21IP,Ionization Potentials,Thermochemistry,MACE-POLAR-1-L,175.80566343704274,184.1451357666808,8.339472329638056,8.339472329638056,single_atom
G21IP_11,G21IP,Ionization Potentials,Thermochemistry,MACE-POLAR-1-L,137.8464212006242,137.69950867091697,-0.14691252970723667,0.14691252970723667,single_atom
G21IP_12,G21IP,Ionization Potentials,Thermochemistry,MACE-POLAR-1-L,188.2112534000972,196.3427439455909,8.131490545493705,8.131490545493705,single_atom
G21IP_13,G21IP,Ionization Potentials,Thermochemistry,MACE-POLAR-1-L,242.8497106347295,228.33026178407647,-14.51944885065302,14.51944885065302,single_atom
G21IP_14,G21IP,Ionization Potentials,Thermochemistry,MACE-POLAR-1-L,238.3966530305196,231.95839463971535,-6.438258390804236,6.438258390804236,single_atom
G21IP_15,G21IP,Ionization Potentials,Thermochemistry,MACE-POLAR-1-L,299.3854138987464,235.9244051314668,-63.461008767279566,63.461008767279566,single_atom
G21IP_2,G21IP,Ionization Potentials,Thermochemistry,MACE-POLAR-1-L,124.21389271090446,123.16960792684766,-1.0442847840567993,1.0442847840567993,single_atom
G21IP_3,G21IP,Ionization Potentials,Thermochemistry,MACE-POLAR-1-L,214.8551500463352,219.817879016316,4.9627289699807875,4.9627289699807875,single_atom
G21IP_4,G21IP,Ionization Potentials,Thermochemistry,MACE-POLAR-1-L,191.49708941674075,184.4006144914568,-7.096474925283957,7.096474925283957,single_atom
G21IP_5,G21IP,Ionization Potentials,Thermochemistry,MACE-POLAR-1-L,259.71308836840933,221.5105032815856,-38.20258508682372,38.20258508682372,single_atom
G21IP_6,G21IP,Ionization Potentials,Thermochemistry,MACE-POLAR-1-L,335.58670465883216,258.1332324478767,-77.45347221095545,77.45347221095545,single_atom
G21IP_7,G21IP,Ionization Potentials,Thermochemistry,MACE-POLAR-1-L,314.02657601669125,216.83097260791328,-97.19560340877797,97.19560340877797,single_atom
G21IP_8,G21IP,Ionization Potentials,Thermochemistry,MACE-POLAR-1-L,402.1511488755327,196.4141810499009,-205.73696782563184,205.73696782563184,single_atom
G21IP_9,G21IP,Ionization Potentials,Thermochemistry,MACE-POLAR-1-L,118.13057490572878,115.2191601475046,-2.9114147582241827,2.9114147582241827,single_atom
G21IP_1,G21IP,Ionization Potentials,Thermochemistry,MACE-POLAR-1-M,314.90023800463126,312.87627485576394,-2.023963148867324,2.023963148867324,single_atom
G21IP_10,G21IP,Ionization Potentials,Thermochemistry,MACE-POLAR-1-M,175.80566343704274,178.71637379154964,2.9107103545069037,2.9107103545069037,single_atom
G21IP_11,G21IP,Ionization Potentials,Thermochemistry,MACE-POLAR-1-M,137.8464212006242,151.83251280265696,13.986091602032758,13.986091602032758,single_atom
G21IP_12,G21IP,Ionization Potentials,Thermochemistry,MACE-POLAR-1-M,188.2112534000972,162.75978141694287,-25.451471983154335,25.451471983154335,single_atom
G21IP_13,G21IP,Ionization Potentials,Thermochemistry,MACE-POLAR-1-M,242.8497106347295,167.0649304019616,-75.7847802327679,75.7847802327679,single_atom
G21IP_14,G21IP,Ionization Potentials,Thermochemistry,MACE-POLAR-1-M,238.3966530305196,160.153678872783,-78.2429741577366,78.2429741577366,single_atom
G21IP_15,G21IP,Ionization Potentials,Thermochemistry,MACE-POLAR-1-M,299.3854138987464,171.52723535384365,-127.85817854490273,127.85817854490273,single_atom
G21IP_2,G21IP,Ionization Potentials,Thermochemistry,MACE-POLAR-1-M,124.21389271090446,130.61678654761192,6.402893836707463,6.402893836707463,single_atom
G21IP_3,G21IP,Ionization Potentials,Thermochemistry,MACE-POLAR-1-M,214.8551500463352,217.8919391440674,3.0367890977321963,3.0367890977321963,single_atom
G21IP_4,G21IP,Ionization Potentials,Thermochemistry,MACE-POLAR-1-M,191.49708941674075,120.89738610184824,-70.59970331489251,70.59970331489251,single_atom
G21IP_5,G21IP,Ionization Potentials,Thermochemistry,MACE-POLAR-1-M,259.71308836840933,163.7384721156606,-95.97461625274872,95.97461625274872,single_atom
G21IP_6,G21IP,Ionization Potentials,Thermochemistry,MACE-POLAR-1-M,335.58670465883216,170.98804656897698,-164.59865808985518,164.59865808985518,single_atom
G21IP_7,G21IP,Ionization Potentials,Thermochemistry,MACE-POLAR-1-M,314.02657601669125,140.69594820824736,-173.3306278084439,173.3306278084439,single_atom
G21IP_8,G21IP,Ionization Potentials,Thermochemistry,MACE-POLAR-1-M,402.1511488755327,139.0490110242857,-263.102137851247,263.102137851247,single_atom
G21IP_9,G21IP,Ionization Potentials,Thermochemistry,MACE-POLAR-1-M,118.13057490572878,125.60635588943352,7.4757809837047375,7.4757809837047375,single_atom
G21IP_1,G21IP,Ionization Potentials,Thermochemistry,MACE-POLAR-1-S,314.90023800463126,234.36802674174783,-80.53221126288344,80.53221126288344,single_atom
G21IP_10,G21IP,Ionization Potentials,Thermochemistry,MACE-POLAR-1-S,175.80566343704274,205.6075519040455,29.801888467002755,29.801888467002755,single_atom
G21IP_11,G21IP,Ionization Potentials,Thermochemistry,MACE-POLAR-1-S,137.8464212006242,137.44919052196195,-0.3972306786622539,0.3972306786622539,single_atom
G21IP_12,G21IP,Ionization Potentials,Thermochemistry,MACE-POLAR-1-S,188.2112534000972,140.33861914157498,-47.872634258522226,47.872634258522226,single_atom
G21IP_13,G21IP,Ionization Potentials,Thermochemistry,MACE-POLAR-1-S,242.8497106347295,180.78268937483756,-62.06702125989193,62.06702125989193,single_atom
G21IP_14,G21IP,Ionization Potentials,Thermochemistry,MACE-POLAR-1-S,238.3966530305196,252.658949158064,14.262296127544403,14.262296127544403,single_atom
G21IP_15,G21IP,Ionization Potentials,Thermochemistry,MACE-POLAR-1-S,299.3854138987464,239.75925028670005,-59.62616361204633,59.62616361204633,single_atom
G21IP_2,G21IP,Ionization Potentials,Thermochemistry,MACE-POLAR-1-S,124.21389271090446,128.9456382697082,4.731745558803752,4.731745558803752,single_atom
G21IP_3,G21IP,Ionization Potentials,Thermochemistry,MACE-POLAR-1-S,214.8551500463352,244.4919474414105,29.63679739507529,29.63679739507529,single_atom
G21IP_4,G21IP,Ionization Potentials,Thermochemistry,MACE-POLAR-1-S,191.49708941674075,112.84273886621295,-78.6543505505278,78.6543505505278,single_atom
G21IP_5,G21IP,Ionization Potentials,Thermochemistry,MACE-POLAR-1-S,259.71308836840933,181.13316097148416,-78.57992739692517,78.57992739692517,single_atom
G21IP_6,G21IP,Ionization Potentials,Thermochemistry,MACE-POLAR-1-S,335.58670465883216,208.1325312851732,-127.45417337365896,127.45417337365896,single_atom
G21IP_7,G21IP,Ionization Potentials,Thermochemistry,MACE-POLAR-1-S,314.02657601669125,257.9350298674943,-56.09154614919697,56.09154614919697,single_atom
G21IP_8,G21IP,Ionization Potentials,Thermochemistry,MACE-POLAR-1-S,402.1511488755327,250.34506213783868,-151.80608673769405,151.80608673769405,single_atom
G21IP_9,G21IP,Ionization Potentials,Thermochemistry,MACE-POLAR-1-S,118.13057490572878,117.35289825926786,-0.7776766464609182,0.7776766464609182,single_atom
G21IP_1,G21IP,Ionization Potentials,Thermochemistry,wB97M-V,314.90023800463126,310.41081522238443,-4.489422782246834,4.489422782246834,single_atom
G21IP_10,G21IP,Ionization Potentials,Thermochemistry,wB97M-V,175.80566343704274,176.79027336705923,0.9846099300164894,0.9846099300164894,single_atom
G21IP_11,G21IP,Ionization Potentials,Thermochemistry,wB97M-V,137.8464212006242,131.1260321202693,-6.72038908035492,6.72038908035492,single_atom
G21IP_12,G21IP,Ionization Potentials,Thermochemistry,wB97M-V,188.2112534000972,182.81464180274023,-5.39661159735698,5.39661159735698,single_atom
G21IP_13,G21IP,Ionization Potentials,Thermochemistry,wB97M-V,242.8497106347295,236.8057453292138,-6.043965305515684,6.043965305515684,single_atom
G21IP_14,G21IP,Ionization Potentials,Thermochemistry,wB97M-V,238.3966530305196,239.9935828147904,1.5969297842707988,1.5969297842707988,single_atom
G21IP_15,G21IP,Ionization Potentials,Thermochemistry,wB97M-V,299.3854138987464,299.3212103924077,-0.06420350633868566,0.06420350633868566,single_atom
G21IP_2,G21IP,Ionization Potentials,Thermochemistry,wB97M-V,124.21389271090446,124.39847349318217,0.18458078227770613,0.18458078227770613,single_atom
G21IP_3,G21IP,Ionization Potentials,Thermochemistry,wB97M-V,214.8551500463352,208.3505274631032,-6.50462258323202,6.50462258323202,single_atom
G21IP_4,G21IP,Ionization Potentials,Thermochemistry,wB97M-V,191.49708941674075,190.4590480590218,-1.038041357718953,1.038041357718953,single_atom
G21IP_5,G21IP,Ionization Potentials,Thermochemistry,wB97M-V,259.71308836840933,260.6915739942156,0.978485625806286,0.978485625806286,single_atom
G21IP_6,G21IP,Ionization Potentials,Thermochemistry,wB97M-V,335.58670465883216,334.9438886599244,-0.6428159989077358,0.6428159989077358,single_atom
G21IP_7,G21IP,Ionization Potentials,Thermochemistry,wB97M-V,314.02657601669125,318.1974591766684,4.170883159977166,4.170883159977166,single_atom
G21IP_8,G21IP,Ionization Potentials,Thermochemistry,wB97M-V,402.1511488755327,402.161445301986,0.010296426453294316,0.010296426453294316,single_atom
G21IP_9,G21IP,Ionization Potentials,Thermochemistry,wB97M-V,118.13057490572878,119.19525272286768,1.0646778171389002,1.0646778171389002,single_atom
IP23_1,IP23,Ionization Potentials,Thermochemistry,MACE-MP-0b3,362.9499624783957,0.0,-362.9499624783957,362.9499624783957,single_atom
IP23_10,IP23,Ionization Potentials,Thermochemistry,MACE-MP-0b3,318.7659523887063,0.0,-318.7659523887063,318.7659523887063,outlier_gt_100
IP23_11,IP23,Ionization Potentials,Thermochemistry,MACE-MP-0b3,261.85252042428846,0.0,-261.85252042428846,261.85252042428846,outlier_gt_100
IP23_12,IP23,Ionization Potentials,Thermochemistry,MACE-MP-0b3,364.5411401342981,0.0,-364.5411401342981,364.5411401342981,outlier_gt_100
IP23_13,IP23,Ionization Potentials,Thermochemistry,MACE-MP-0b3,293.72219799871704,0.0,-293.72219799871704,293.72219799871704,outlier_gt_100
IP23_14,IP23,Ionization Potentials,Thermochemistry,MACE-MP-0b3,241.12108832370484,0.0,-241.12108832370484,241.12108832370484,outlier_gt_100
IP23_15,IP23,Ionization Potentials,Thermochemistry,MACE-MP-0b3,294.4831956806654,0.0,-294.4831956806654,294.4831956806654,outlier_gt_100
IP23_16,IP23,Ionization Potentials,Thermochemistry,MACE-MP-0b3,373.9037226769049,0.0,-373.9037226769049,373.9037226769049,outlier_gt_100
IP23_17,IP23,Ionization Potentials,Thermochemistry,MACE-MP-0b3,230.7669021324894,0.0,-230.7669021324894,230.7669021324894,outlier_gt_100
IP23_18,IP23,Ionization Potentials,Thermochemistry,MACE-MP-0b3,266.07260070353567,0.0,-266.07260070353567,266.07260070353567,outlier_gt_100
IP23_19,IP23,Ionization Potentials,Thermochemistry,MACE-MP-0b3,358.38397387666765,0.0,-358.38397387666765,358.38397387666765,outlier_gt_100
IP23_2,IP23,Ionization Potentials,Thermochemistry,MACE-MP-0b3,231.02056844481183,0.0,-231.02056844481183,231.02056844481183,outlier_gt_100
IP23_20,IP23,Ionization Potentials,Thermochemistry,MACE-MP-0b3,496.5627761780404,0.0,-496.5627761780404,496.5627761780404,single_atom
IP23_21,IP23,Ionization Potentials,Thermochemistry,MACE-MP-0b3,252.3976958715232,-8.192752371627421e-14,-252.3976958715233,252.3976958715233,outlier_gt_100
IP23_22,IP23,Ionization Potentials,Thermochemistry,MACE-MP-0b3,245.08750229062963,0.0,-245.08750229062963,245.08750229062963,outlier_gt_100
IP23_23,IP23,Ionization Potentials,Thermochemistry,MACE-MP-0b3,295.5901023126041,0.0,-295.5901023126041,295.5901023126041,outlier_gt_100
IP23_3,IP23,Ionization Potentials,Thermochemistry,MACE-MP-0b3,257.70162180953736,0.0,-257.70162180953736,257.70162180953736,outlier_gt_100
IP23_4,IP23,Ionization Potentials,Thermochemistry,MACE-MP-0b3,307.443223522054,0.0,-307.443223522054,307.443223522054,outlier_gt_100
IP23_5,IP23,Ionization Potentials,Thermochemistry,MACE-MP-0b3,277.1647242310372,0.0,-277.1647242310372,277.1647242310372,outlier_gt_100
IP23_6,IP23,Ionization Potentials,Thermochemistry,MACE-MP-0b3,288.18766609404264,0.0,-288.18766609404264,288.18766609404264,outlier_gt_100
IP23_7,IP23,Ionization Potentials,Thermochemistry,MACE-MP-0b3,252.6052408650117,0.0,-252.6052408650117,252.6052408650117,outlier_gt_100
IP23_8,IP23,Ionization Potentials,Thermochemistry,MACE-MP-0b3,332.2333128547398,0.0,-332.2333128547398,332.2333128547398,outlier_gt_100
IP23_9,IP23,Ionization Potentials,Thermochemistry,MACE-MP-0b3,322.2711556773296,0.0,-322.2711556773296,322.2711556773296,outlier_gt_100
IP23_1,IP23,Ionization Potentials,Thermochemistry,MACE-OMOL-0-100M,362.9499624783957,100.17113586830644,-262.77882661008925,262.77882661008925,single_atom
IP23_10,IP23,Ionization Potentials,Thermochemistry,MACE-OMOL-0-100M,318.7659523887063,184.89703013439973,-133.86892225430657,133.86892225430657,outlier_gt_100
IP23_11,IP23,Ionization Potentials,Thermochemistry,MACE-OMOL-0-100M,261.85252042428846,98.776990938511,-163.07552948577745,163.07552948577745,outlier_gt_100
IP23_13,IP23,Ionization Potentials,Thermochemistry,MACE-OMOL-0-100M,293.72219799871704,0.88476111795983,-292.8374368807572,292.8374368807572,outlier_gt_100
IP23_14,IP23,Ionization Potentials,Thermochemistry,MACE-OMOL-0-100M,241.12108832370484,112.67785598689098,-128.44323233681388,128.44323233681388,outlier_gt_100
IP23_15,IP23,Ionization Potentials,Thermochemistry,MACE-OMOL-0-100M,294.4831956806654,9.851060920925663,-284.63213475973976,284.63213475973976,outlier_gt_100
IP23_16,IP23,Ionization Potentials,Thermochemistry,MACE-OMOL-0-100M,373.9037226769049,0.357749294145683,-373.54597338275926,373.54597338275926,outlier_gt_100
IP23_20,IP23,Ionization Potentials,Thermochemistry,MACE-OMOL-0-100M,496.5627761780404,196.72474565866813,-299.8380305193723,299.8380305193723,single_atom
IP23_21,IP23,Ionization Potentials,Thermochemistry,MACE-OMOL-0-100M,252.3976958715232,116.994738814986,-135.40295705653722,135.40295705653722,outlier_gt_100
IP23_22,IP23,Ionization Potentials,Thermochemistry,MACE-OMOL-0-100M,245.08750229062963,122.2993528026784,-122.78814948795123,122.78814948795123,outlier_gt_100
IP23_23,IP23,Ionization Potentials,Thermochemistry,MACE-OMOL-0-100M,295.5901023126041,139.31202185350995,-156.27808045909413,156.27808045909413,outlier_gt_100
IP23_3,IP23,Ionization Potentials,Thermochemistry,MACE-OMOL-0-100M,257.70162180953736,5.611005799957624,-252.09061600957972,252.09061600957972,outlier_gt_100
IP23_4,IP23,Ionization Potentials,Thermochemistry,MACE-OMOL-0-100M,307.443223522054,57.983352156792606,-249.4598713652614,249.4598713652614,outlier_gt_100
IP23_7,IP23,Ionization Potentials,Thermochemistry,MACE-OMOL-0-100M,252.6052408650117,114.04158518042593,-138.56365568458577,138.56365568458577,outlier_gt_100
IP23_8,IP23,Ionization Potentials,Thermochemistry,MACE-OMOL-0-100M,332.2333128547398,118.8578132681306,-213.37549958660918,213.37549958660918,outlier_gt_100
IP23_9,IP23,Ionization Potentials,Thermochemistry,MACE-OMOL-0-100M,322.2711556773296,42.57682306258252,-279.69433261474705,279.69433261474705,outlier_gt_100
IP23_1,IP23,Ionization Potentials,Thermochemistry,MACE-OMOL-0-4M,362.9499624783957,39.8562589231105,-323.09370355528523,323.09370355528523,single_atom
IP23_11,IP23,Ionization Potentials,Thermochemistry,MACE-OMOL-0-4M,261.85252042428846,160.57372054512942,-101.27879987915904,101.27879987915904,outlier_gt_100
IP23_12,IP23,Ionization Potentials,Thermochemistry,MACE-OMOL-0-4M,364.5411401342981,215.78281934417728,-148.7583207901208,148.7583207901208,outlier_gt_100
IP23_13,IP23,Ionization Potentials,Thermochemistry,MACE-OMOL-0-4M,293.72219799871704,0.92318893180557,-292.7990090669115,292.7990090669115,outlier_gt_100
IP23_15,IP23,Ionization Potentials,Thermochemistry,MACE-OMOL-0-4M,294.4831956806654,144.22383731107433,-150.25935836959107,150.25935836959107,outlier_gt_100
IP23_16,IP23,Ionization Potentials,Thermochemistry,MACE-OMOL-0-4M,373.9037226769049,5.219520486741693,-368.6842021901632,368.6842021901632,outlier_gt_100
IP23_19,IP23,Ionization Potentials,Thermochemistry,MACE-OMOL-0-4M,358.38397387666765,230.83689182847,-127.54708204819767,127.54708204819767,outlier_gt_100
IP23_20,IP23,Ionization Potentials,Thermochemistry,MACE-OMOL-0-4M,496.5627761780404,,,,single_atom
IP23_21,IP23,Ionization Potentials,Thermochemistry,MACE-OMOL-0-4M,252.3976958715232,105.08654872927674,-147.31114714224645,147.31114714224645,outlier_gt_100
IP23_22,IP23,Ionization Potentials,Thermochemistry,MACE-OMOL-0-4M,245.08750229062963,127.29013406900351,-117.79736822162612,117.79736822162612,outlier_gt_100
IP23_23,IP23,Ionization Potentials,Thermochemistry,MACE-OMOL-0-4M,295.5901023126041,180.725855669161,-114.86424664344307,114.86424664344307,outlier_gt_100
IP23_4,IP23,Ionization Potentials,Thermochemistry,MACE-OMOL-0-4M,307.443223522054,151.0892339742643,-156.3539895477897,156.3539895477897,outlier_gt_100
IP23_5,IP23,Ionization Potentials,Thermochemistry,MACE-OMOL-0-4M,277.1647242310372,161.4542012864311,-115.71052294460611,115.71052294460611,outlier_gt_100
IP23_7,IP23,Ionization Potentials,Thermochemistry,MACE-OMOL-0-4M,252.6052408650117,111.55326548163076,-141.05197538338092,141.05197538338092,outlier_gt_100
IP23_8,IP23,Ionization Potentials,Thermochemistry,MACE-OMOL-0-4M,332.2333128547398,121.5528868084098,-210.68042604632998,210.68042604632998,outlier_gt_100
IP23_9,IP23,Ionization Potentials,Thermochemistry,MACE-OMOL-0-4M,322.2711556773296,145.30092639020427,-176.97022928712533,176.97022928712533,outlier_gt_100
IP23_1,IP23,Ionization Potentials,Thermochemistry,MACE-POLAR-1-L,362.9499624783957,163.21223132382664,-199.73773115456908,199.73773115456908,single_atom
IP23_20,IP23,Ionization Potentials,Thermochemistry,MACE-POLAR-1-L,496.5627761780404,197.86308634662603,-298.6996898314144,298.6996898314144,single_atom
IP23_1,IP23,Ionization Potentials,Thermochemistry,MACE-POLAR-1-M,362.9499624783957,113.7195705422194,-249.23039193617632,249.23039193617632,single_atom
IP23_20,IP23,Ionization Potentials,Thermochemistry,MACE-POLAR-1-M,496.5627761780404,159.33758576827026,-337.2251904097701,337.2251904097701,single_atom
IP23_1,IP23,Ionization Potentials,Thermochemistry,MACE-POLAR-1-S,362.9499624783957,201.361394819968,-161.5885676584277,161.5885676584277,single_atom
IP23_20,IP23,Ionization Potentials,Thermochemistry,MACE-POLAR-1-S,496.5627761780404,332.7718852256997,-163.7908909523407,163.7908909523407,single_atom
IP23_1,IP23,Ionization Potentials,Thermochemistry,wB97M-V,362.9499624783957,362.8210465555362,-0.12891592285950537,0.12891592285950537,single_atom
IP23_20,IP23,Ionization Potentials,Thermochemistry,wB97M-V,496.5627761780404,494.1196648027413,-2.443111375299111,2.443111375299111,single_atom
IP30_1,IP30,Ionization Potentials,Thermochemistry,MACE-MP-0b3,243.5493636180032,0.0,-243.5493636180032,243.5493636180032,outlier_gt_100
IP30_10,IP30,Ionization Potentials,Thermochemistry,MACE-MP-0b3,248.18453388422745,-1.6385504743254842e-13,-248.18453388422762,248.18453388422762,outlier_gt_100
IP30_11,IP30,Ionization Potentials,Thermochemistry,MACE-MP-0b3,259.5787505126931,0.0,-259.5787505126931,259.5787505126931,outlier_gt_100
IP30_12,IP30,Ionization Potentials,Thermochemistry,MACE-MP-0b3,314.4697727805208,0.0,-314.4697727805208,314.4697727805208,outlier_gt_100
IP30_13,IP30,Ionization Potentials,Thermochemistry,MACE-MP-0b3,237.32070959855943,0.0,-237.32070959855943,237.32070959855943,outlier_gt_100
IP30_14,IP30,Ionization Potentials,Thermochemistry,MACE-MP-0b3,264.128596433201,0.0,-264.128596433201,264.128596433201,outlier_gt_100
IP30_15,IP30,Ionization Potentials,Thermochemistry,MACE-MP-0b3,243.74540197026587,0.0,-243.74540197026587,243.74540197026587,outlier_gt_100
IP30_16,IP30,Ionization Potentials,Thermochemistry,MACE-MP-0b3,247.1883180409845,-8.192752371627421e-14,-247.1883180409846,247.1883180409846,outlier_gt_100
IP30_17,IP30,Ionization Potentials,Thermochemistry,MACE-MP-0b3,216.0588845276688,-8.192752371627421e-14,-216.05888452766888,216.05888452766888,outlier_gt_100
IP30_18,IP30,Ionization Potentials,Thermochemistry,MACE-MP-0b3,238.7781367476133,0.0,-238.7781367476133,238.7781367476133,outlier_gt_100
IP30_19,IP30,Ionization Potentials,Thermochemistry,MACE-MP-0b3,265.3484999511526,8.192752371627421e-14,-265.3484999511525,265.3484999511525,outlier_gt_100
IP30_2,IP30,Ionization Potentials,Thermochemistry,MACE-MP-0b3,375.6793849806336,0.0,-375.6793849806336,375.6793849806336,outlier_gt_100
IP30_20,IP30,Ionization Potentials,Thermochemistry,MACE-MP-0b3,272.5249423976881,0.0,-272.5249423976881,272.5249423976881,outlier_gt_100
IP30_21,IP30,Ionization Potentials,Thermochemistry,MACE-MP-0b3,293.7959912303381,0.0,-293.7959912303381,293.7959912303381,outlier_gt_100
IP30_22,IP30,Ionization Potentials,Thermochemistry,MACE-MP-0b3,246.16212356012792,0.0,-246.16212356012792,246.16212356012792,outlier_gt_100
IP30_23,IP30,Ionization Potentials,Thermochemistry,MACE-MP-0b3,243.31183998690096,0.0,-243.31183998690096,243.31183998690096,outlier_gt_100
IP30_24,IP30,Ionization Potentials,Thermochemistry,MACE-MP-0b3,243.1942315337632,-1.6385504743254842e-13,-243.19423153376337,243.19423153376337,outlier_gt_100
IP30_25,IP30,Ionization Potentials,Thermochemistry,MACE-MP-0b3,289.3937330280912,0.0,-289.3937330280912,289.3937330280912,outlier_gt_100
IP30_26,IP30,Ionization Potentials,Thermochemistry,MACE-MP-0b3,260.98544414827865,0.0,-260.98544414827865,260.98544414827865,outlier_gt_100
IP30_27,IP30,Ionization Potentials,Thermochemistry,MACE-MP-0b3,307.45475400863984,8.192752371627421e-14,-307.4547540086398,307.4547540086398,outlier_gt_100
IP30_28,IP30,Ionization Potentials,Thermochemistry,MACE-MP-0b3,310.26583455498434,0.0,-310.26583455498434,310.26583455498434,outlier_gt_100
IP30_29,IP30,Ionization Potentials,Thermochemistry,MACE-MP-0b3,344.5291965914633,8.192752371627421e-14,-344.52919659146323,344.52919659146323,outlier_gt_100
IP30_3,IP30,Ionization Potentials,Thermochemistry,MACE-MP-0b3,379.25838150087793,-8.192752371627421e-14,-379.258381500878,379.258381500878,outlier_gt_100
IP30_30,IP30,Ionization Potentials,Thermochemistry,MACE-MP-0b3,293.6184255019728,0.0,-293.6184255019728,293.6184255019728,outlier_gt_100
IP30_4,IP30,Ionization Potentials,Thermochemistry,MACE-MP-0b3,318.4015959151975,0.0,-318.4015959151975,318.4015959151975,outlier_gt_100
IP30_5,IP30,Ionization Potentials,Thermochemistry,MACE-MP-0b3,265.2378091624568,0.0,-265.2378091624568,265.2378091624568,outlier_gt_100
IP30_6,IP30,Ionization Potentials,Thermochemistry,MACE-MP-0b3,264.0156001746975,0.0,-264.0156001746975,264.0156001746975,outlier_gt_100
IP30_7,IP30,Ionization Potentials,Thermochemistry,MACE-MP-0b3,271.83312575272646,0.0,-271.83312575272646,271.83312575272646,outlier_gt_100
IP30_8,IP30,Ionization Potentials,Thermochemistry,MACE-MP-0b3,297.3634585190155,0.0,-297.3634585190155,297.3634585190155,outlier_gt_100
IP30_9,IP30,Ionization Potentials,Thermochemistry,MACE-MP-0b3,313.23833940349283,0.0,-313.23833940349283,313.23833940349283,outlier_gt_100
IP30_14,IP30,Ionization Potentials,Thermochemistry,MACE-OMOL-0-100M,264.128596433201,158.0453226996985,-106.0832737335025,106.0832737335025,outlier_gt_100
IP30_16,IP30,Ionization Potentials,Thermochemistry,MACE-OMOL-0-100M,247.1883180409845,114.68764473532876,-132.50067330565577,132.50067330565577,outlier_gt_100
IP30_17,IP30,Ionization Potentials,Thermochemistry,MACE-OMOL-0-100M,216.0588845276688,78.26863175761291,-137.79025277005587,137.79025277005587,outlier_gt_100
IP30_18,IP30,Ionization Potentials,Thermochemistry,MACE-OMOL-0-100M,238.7781367476133,115.94967545197542,-122.82846129563788,122.82846129563788,outlier_gt_100
IP30_19,IP30,Ionization Potentials,Thermochemistry,MACE-OMOL-0-100M,265.3484999511526,140.89493540075898,-124.4535645503936,124.4535645503936,outlier_gt_100
IP30_2,IP30,Ionization Potentials,Thermochemistry,MACE-OMOL-0-100M,375.6793849806336,101.99470451184445,-273.6846804687891,273.6846804687891,outlier_gt_100
IP30_27,IP30,Ionization Potentials,Thermochemistry,MACE-OMOL-0-100M,307.45475400863984,134.10135528317,-173.35339872546984,173.35339872546984,outlier_gt_100
IP30_28,IP30,Ionization Potentials,Thermochemistry,MACE-OMOL-0-100M,310.26583455498434,134.2011935997693,-176.06464095521503,176.06464095521503,outlier_gt_100
IP30_29,IP30,Ionization Potentials,Thermochemistry,MACE-OMOL-0-100M,344.5291965914633,106.00270833770158,-238.52648825376173,238.52648825376173,outlier_gt_100
IP30_3,IP30,Ionization Potentials,Thermochemistry,MACE-OMOL-0-100M,379.25838150087793,54.29564521075234,-324.9627362901256,324.9627362901256,outlier_gt_100
IP30_30,IP30,Ionization Potentials,Thermochemistry,MACE-OMOL-0-100M,293.6184255019728,117.90919204609652,-175.7092334558763,175.7092334558763,outlier_gt_100
IP30_5,IP30,Ionization Potentials,Thermochemistry,MACE-OMOL-0-100M,265.2378091624568,85.25252542279456,-179.98528373966224,179.98528373966224,outlier_gt_100
IP30_6,IP30,Ionization Potentials,Thermochemistry,MACE-OMOL-0-100M,264.0156001746975,93.7833024152025,-170.232297759495,170.232297759495,outlier_gt_100
IP30_11,IP30,Ionization Potentials,Thermochemistry,MACE-OMOL-0-4M,259.5787505126931,128.06464096114885,-131.51410955154424,131.51410955154424,outlier_gt_100
IP30_14,IP30,Ionization Potentials,Thermochemistry,MACE-OMOL-0-4M,264.128596433201,156.44059352820074,-107.68800290500025,107.68800290500025,outlier_gt_100
IP30_15,IP30,Ionization Potentials,Thermochemistry,MACE-OMOL-0-4M,243.74540197026587,106.76283326735746,-136.9825687029084,136.9825687029084,outlier_gt_100
IP30_16,IP30,Ionization Potentials,Thermochemistry,MACE-OMOL-0-4M,247.1883180409845,119.03097767812748,-128.15734036285704,128.15734036285704,outlier_gt_100
IP30_17,IP30,Ionization Potentials,Thermochemistry,MACE-OMOL-0-4M,216.0588845276688,17.87783674107503,-198.18104778659375,198.18104778659375,outlier_gt_100
IP30_18,IP30,Ionization Potentials,Thermochemistry,MACE-OMOL-0-4M,238.7781367476133,114.60864440739036,-124.16949234022294,124.16949234022294,outlier_gt_100
IP30_19,IP30,Ionization Potentials,Thermochemistry,MACE-OMOL-0-4M,265.3484999511526,119.5847326902056,-145.76376726094696,145.76376726094696,outlier_gt_100
IP30_2,IP30,Ionization Potentials,Thermochemistry,MACE-OMOL-0-4M,375.6793849806336,272.16641535085466,-103.51296962977892,103.51296962977892,outlier_gt_100
IP30_27,IP30,Ionization Potentials,Thermochemistry,MACE-OMOL-0-4M,307.45475400863984,152.32915078038005,-155.1256032282598,155.1256032282598,outlier_gt_100
IP30_28,IP30,Ionization Potentials,Thermochemistry,MACE-OMOL-0-4M,310.26583455498434,173.7259799628699,-136.53985459211444,136.53985459211444,outlier_gt_100
IP30_29,IP30,Ionization Potentials,Thermochemistry,MACE-OMOL-0-4M,344.5291965914633,197.09846226689376,-147.43073432456953,147.43073432456953,outlier_gt_100
IP30_3,IP30,Ionization Potentials,Thermochemistry,MACE-OMOL-0-4M,379.25838150087793,250.5174752661825,-128.74090623469544,128.74090623469544,outlier_gt_100
IP30_30,IP30,Ionization Potentials,Thermochemistry,MACE-OMOL-0-4M,293.6184255019728,107.3752221137356,-186.2432033882372,186.2432033882372,outlier_gt_100
IP30_4,IP30,Ionization Potentials,Thermochemistry,MACE-OMOL-0-4M,318.4015959151975,216.00519764458997,-102.39639827060753,102.39639827060753,outlier_gt_100
IP30_5,IP30,Ionization Potentials,Thermochemistry,MACE-OMOL-0-4M,265.2378091624568,151.3525183967207,-113.8852907657361,113.8852907657361,outlier_gt_100
MB08-165_102,MB08-165,Mindless Molecules (MB08/16),Thermochemistry,MACE-MP-0b3,-10.530107844758678,119.93000476824974,130.46011261300842,130.46011261300842,outlier_gt_100
MB08-165_104,MB08-165,Mindless Molecules (MB08/16),Thermochemistry,MACE-MP-0b3,-207.90115719831604,-54.847025589428334,153.0541316088877,153.0541316088877,outlier_gt_100
MB08-165_11,MB08-165,Mindless Molecules (MB08/16),Thermochemistry,MACE-MP-0b3,-69.92665252890355,61.54127585827892,131.46792838718247,131.46792838718247,outlier_gt_100
MB08-165_111,MB08-165,Mindless Molecules (MB08/16),Thermochemistry,MACE-MP-0b3,-362.3542740097653,-254.5682230995796,107.78605091018568,107.78605091018568,outlier_gt_100
MB08-165_112,MB08-165,Mindless Molecules (MB08/16),Thermochemistry,MACE-MP-0b3,-359.84127175876984,-255.0257540793565,104.81551767941335,104.81551767941335,outlier_gt_100
MB08-165_113,MB08-165,Mindless Molecules (MB08/16),Thermochemistry,MACE-MP-0b3,45.46653466058592,186.6974307264478,141.23089606586188,141.23089606586188,outlier_gt_100
MB08-165_114,MB08-165,Mindless Molecules (MB08/16),Thermochemistry,MACE-MP-0b3,-146.89911069950443,-32.63783203887313,114.2612786606313,114.2612786606313,outlier_gt_100
MB08-165_129,MB08-165,Mindless Molecules (MB08/16),Thermochemistry,MACE-MP-0b3,-570.6164311334134,-461.3385066373386,109.27792449607477,109.27792449607477,outlier_gt_100
MB08-165_14,MB08-165,Mindless Molecules (MB08/16),Thermochemistry,MACE-MP-0b3,212.8401606492759,337.6354644752755,124.79530382599961,124.79530382599961,outlier_gt_100
MB08-165_154,MB08-165,Mindless Molecules (MB08/16),Thermochemistry,MACE-MP-0b3,-312.657236137568,-192.7949896456965,119.86224649187153,119.86224649187153,outlier_gt_100
MB08-165_165,MB08-165,Mindless Molecules (MB08/16),Thermochemistry,MACE-MP-0b3,-136.63010327180737,0.9352961228935548,137.56539939470093,137.56539939470093,outlier_gt_100
MB08-165_19,MB08-165,Mindless Molecules (MB08/16),Thermochemistry,MACE-MP-0b3,79.80976045533792,202.52766060750824,122.71790015217032,122.71790015217032,outlier_gt_100
MB08-165_29,MB08-165,Mindless Molecules (MB08/16),Thermochemistry,MACE-MP-0b3,141.52210689066965,278.02490727961003,136.5028003889404,136.5028003889404,outlier_gt_100
MB08-165_3,MB08-165,Mindless Molecules (MB08/16),Thermochemistry,MACE-MP-0b3,-64.51984892265511,135.32154680562007,199.8413957282752,199.8413957282752,outlier_gt_100
MB08-165_32,MB08-165,Mindless Molecules (MB08/16),Thermochemistry,MACE-MP-0b3,346.76526196880025,476.61898310662696,129.8537211378267,129.8537211378267,outlier_gt_100
MB08-165_34,MB08-165,Mindless Molecules (MB08/16),Thermochemistry,MACE-MP-0b3,-9.715687143736218,108.27691802957418,117.9926051733104,117.9926051733104,outlier_gt_100
MB08-165_36,MB08-165,Mindless Molecules (MB08/16),Thermochemistry,MACE-MP-0b3,-34.43012581675772,81.80166515105715,116.23179096781487,116.23179096781487,outlier_gt_100
MB08-165_37,MB08-165,Mindless Molecules (MB08/16),Thermochemistry,MACE-MP-0b3,-199.36015084726435,-83.2577416808514,116.10240916641295,116.10240916641295,outlier_gt_100
MB08-165_38,MB08-165,Mindless Molecules (MB08/16),Thermochemistry,MACE-MP-0b3,41.654931673478046,146.92753355510015,105.27260188162211,105.27260188162211,outlier_gt_100
MB08-165_40,MB08-165,Mindless Molecules (MB08/16),Thermochemistry,MACE-MP-0b3,144.9781096714698,353.03317021916007,208.05506054769026,208.05506054769026,outlier_gt_100
MB08-165_51,MB08-165,Mindless Molecules (MB08/16),Thermochemistry,MACE-MP-0b3,88.29486700742142,217.0876551483492,128.79278814092777,128.79278814092777,outlier_gt_100
MB08-165_54,MB08-165,Mindless Molecules (MB08/16),Thermochemistry,MACE-MP-0b3,16.948212622006427,143.5947388423932,126.64652622038679,126.64652622038679,outlier_gt_100
MB08-165_6,MB08-165,Mindless Molecules (MB08/16),Thermochemistry,MACE-MP-0b3,94.86257192581348,202.95748841334185,108.09491648752837,108.09491648752837,outlier_gt_100
MB08-165_83,MB08-165,Mindless Molecules (MB08/16),Thermochemistry,MACE-MP-0b3,-169.0481274901054,27.894717268939196,196.9428447590446,196.9428447590446,outlier_gt_100
MB08-165_87,MB08-165,Mindless Molecules (MB08/16),Thermochemistry,MACE-MP-0b3,-54.46164138008851,60.52403648087632,114.98567786096483,114.98567786096483,outlier_gt_100
MB08-165_9,MB08-165,Mindless Molecules (MB08/16),Thermochemistry,MACE-MP-0b3,101.85507691278416,292.1783654688129,190.32328855602873,190.32328855602873,outlier_gt_100
MB08-165_95,MB08-165,Mindless Molecules (MB08/16),Thermochemistry,MACE-MP-0b3,-341.8162585268617,-190.11853909136573,151.69771943549597,151.69771943549597,outlier_gt_100
MB08-165_101,MB08-165,Mindless Molecules (MB08/16),Thermochemistry,MACE-POLAR-1-S,20.452715610056707,-643.7655532857177,-664.2182688957744,664.2182688957744,outlier_gt_100
MB16-43_1,MB16-43,Mindless Molecules (MB08/16),Thermochemistry,MACE-MP-0b3,869.5977571687913,1005.5168489315586,135.91909176276727,135.91909176276727,outlier_gt_100
MB16-43_10,MB16-43,Mindless Molecules (MB08/16),Thermochemistry,MACE-MP-0b3,46.3073352323884,369.0638033607252,322.7564681283368,322.7564681283368,outlier_gt_100
MB16-43_11,MB16-43,Mindless Molecules (MB08/16),Thermochemistry,MACE-MP-0b3,294.40602268301706,518.9820042580019,224.57598157498484,224.57598157498484,outlier_gt_100
MB16-43_12,MB16-43,Mindless Molecules (MB08/16),Thermochemistry,MACE-MP-0b3,453.0650424521661,618.3976595634559,165.33261711128984,165.33261711128984,outlier_gt_100
MB16-43_13,MB16-43,Mindless Molecules (MB08/16),Thermochemistry,MACE-MP-0b3,19.875115102016068,308.7722215240549,288.8971064220388,288.8971064220388,outlier_gt_100
MB16-43_14,MB16-43,Mindless Molecules (MB08/16),Thermochemistry,MACE-MP-0b3,384.8897908281956,490.7716064521312,105.88181562393561,105.88181562393561,outlier_gt_100
MB16-43_15,MB16-43,Mindless Molecules (MB08/16),Thermochemistry,MACE-MP-0b3,216.09626338451005,323.70441872038003,107.60815533586998,107.60815533586998,outlier_gt_100
MB16-43_16,MB16-43,Mindless Molecules (MB08/16),Thermochemistry,MACE-MP-0b3,326.7569466857444,771.0813116818935,444.32436499614903,444.32436499614903,outlier_gt_100
MB16-43_17,MB16-43,Mindless Molecules (MB08/16),Thermochemistry,MACE-MP-0b3,653.5935939772986,909.6083048279108,256.01471085061223,256.01471085061223,outlier_gt_100
MB16-43_18,MB16-43,Mindless Molecules (MB08/16),Thermochemistry,MACE-MP-0b3,580.8614388337654,710.3689942293804,129.507555395615,129.507555395615,outlier_gt_100
MB16-43_19,MB16-43,Mindless Molecules (MB08/16),Thermochemistry,MACE-MP-0b3,664.5605017543083,819.1835264786238,154.62302472431543,154.62302472431543,outlier_gt_100
MB16-43_2,MB16-43,Mindless Molecules (MB08/16),Thermochemistry,MACE-MP-0b3,737.7870571797354,992.8141366078196,255.02707942808422,255.02707942808422,outlier_gt_100
MB16-43_20,MB16-43,Mindless Molecules (MB08/16),Thermochemistry,MACE-MP-0b3,242.8056833150105,443.2510951748584,200.4454118598479,200.4454118598479,outlier_gt_100
MB16-43_21,MB16-43,Mindless Molecules (MB08/16),Thermochemistry,MACE-MP-0b3,806.2259092185122,1070.6392692707625,264.41336005225025,264.41336005225025,outlier_gt_100
MB16-43_22,MB16-43,Mindless Molecules (MB08/16),Thermochemistry,MACE-MP-0b3,706.2042336386934,882.1460939402734,175.94186030158005,175.94186030158005,outlier_gt_100
MB16-43_23,MB16-43,Mindless Molecules (MB08/16),Thermochemistry,MACE-MP-0b3,215.39296268866363,482.1115031709045,266.7185404822409,266.7185404822409,outlier_gt_100
MB16-43_26,MB16-43,Mindless Molecules (MB08/16),Thermochemistry,MACE-MP-0b3,373.6682823772566,550.4574118547936,176.78912947753696,176.78912947753696,outlier_gt_100
MB16-43_27,MB16-43,Mindless Molecules (MB08/16),Thermochemistry,MACE-MP-0b3,114.96668657023616,255.95430263009928,140.98761605986311,140.98761605986311,outlier_gt_100
MB16-43_28,MB16-43,Mindless Molecules (MB08/16),Thermochemistry,MACE-MP-0b3,325.1215459271671,474.4105328820143,149.2889869548472,149.2889869548472,outlier_gt_100
MB16-43_29,MB16-43,Mindless Molecules (MB08/16),Thermochemistry,MACE-MP-0b3,695.1037253295995,938.5709985207276,243.46727319112813,243.46727319112813,outlier_gt_100
MB16-43_3,MB16-43,Mindless Molecules (MB08/16),Thermochemistry,MACE-MP-0b3,518.6579915613544,841.0946136661083,322.43662210475395,322.43662210475395,outlier_gt_100
MB16-43_30,MB16-43,Mindless Molecules (MB08/16),Thermochemistry,MACE-MP-0b3,1290.7367748333056,1558.9527298488297,268.21595501552406,268.21595501552406,outlier_gt_100
MB16-43_31,MB16-43,Mindless Molecules (MB08/16),Thermochemistry,MACE-MP-0b3,534.9007040668077,642.5080737351597,107.60736966835191,107.60736966835191,outlier_gt_100
MB16-43_32,MB16-43,Mindless Molecules (MB08/16),Thermochemistry,MACE-MP-0b3,685.5823176290701,898.280991532918,212.69867390384798,212.69867390384798,outlier_gt_100
MB16-43_33,MB16-43,Mindless Molecules (MB08/16),Thermochemistry,MACE-MP-0b3,312.692736231044,513.8123309985622,201.11959476751815,201.11959476751815,outlier_gt_100
MB16-43_34,MB16-43,Mindless Molecules (MB08/16),Thermochemistry,MACE-MP-0b3,538.2646066545907,794.0948634343956,255.83025677980493,255.83025677980493,outlier_gt_100
MB16-43_35,MB16-43,Mindless Molecules (MB08/16),Thermochemistry,MACE-MP-0b3,228.17497236735613,391.4918115602748,163.31683919291868,163.31683919291868,outlier_gt_100
MB16-43_36,MB16-43,Mindless Molecules (MB08/16),Thermochemistry,MACE-MP-0b3,552.8504174168477,660.4480634050743,107.59764598822665,107.59764598822665,outlier_gt_100
MB16-43_37,MB16-43,Mindless Molecules (MB08/16),Thermochemistry,MACE-MP-0b3,629.7846759482152,730.2159757233142,100.43129977509898,100.43129977509898,outlier_gt_100
MB16-43_38,MB16-43,Mindless Molecules (MB08/16),Thermochemistry,MACE-MP-0b3,98.19437426645086,245.6566335271541,147.46225926070323,147.46225926070323,outlier_gt_100
MB16-43_39,MB16-43,Mindless Molecules (MB08/16),Thermochemistry,MACE-MP-0b3,436.4047299218395,688.7085486625678,252.30381874072827,252.30381874072827,outlier_gt_100
MB16-43_4,MB16-43,Mindless Molecules (MB08/16),Thermochemistry,MACE-MP-0b3,356.848369714807,470.8344186688693,113.98604895406231,113.98604895406231,outlier_gt_100
MB16-43_40,MB16-43,Mindless Molecules (MB08/16),Thermochemistry,MACE-MP-0b3,-362.98087422259744,-119.83995643594172,243.14091778665573,243.14091778665573,outlier_gt_100
MB16-43_41,MB16-43,Mindless Molecules (MB08/16),Thermochemistry,MACE-MP-0b3,160.29102130890536,425.5904662145864,265.29944490568107,265.29944490568107,outlier_gt_100
MB16-43_42,MB16-43,Mindless Molecules (MB08/16),Thermochemistry,MACE-MP-0b3,754.6463699070423,922.8324620738572,168.1860921668149,168.1860921668149,outlier_gt_100
MB16-43_43,MB16-43,Mindless Molecules (MB08/16),Thermochemistry,MACE-MP-0b3,421.9686190747333,535.3998369309559,113.43121785622259,113.43121785622259,outlier_gt_100
MB16-43_5,MB16-43,Mindless Molecules (MB08/16),Thermochemistry,MACE-MP-0b3,147.68291144823067,280.47876416697216,132.7958527187415,132.7958527187415,outlier_gt_100
MB16-43_6,MB16-43,Mindless Molecules (MB08/16),Thermochemistry,MACE-MP-0b3,368.4943782847961,566.4635289901272,197.96915070533112,197.96915070533112,outlier_gt_100
MB16-43_7,MB16-43,Mindless Molecules (MB08/16),Thermochemistry,MACE-MP-0b3,557.9840215958651,801.8476254108193,243.86360381495422,243.86360381495422,outlier_gt_100
MB16-43_8,MB16-43,Mindless Molecules (MB08/16),Thermochemistry,MACE-MP-0b3,681.9603153745305,914.4462263701084,232.4859109955779,232.4859109955779,outlier_gt_100
MB16-43_9,MB16-43,Mindless Molecules (MB08/16),Thermochemistry,MACE-MP-0b3,381.43038820106494,532.8651943084938,151.4348061074288,151.4348061074288,outlier_gt_100
MB16-43_21,MB16-43,Mindless Molecules (MB08/16),Thermochemistry,MACE-OMOL-0-4M,806.2259092185122,691.9928523558815,-114.23305686263075,114.23305686263075,outlier_gt_100
MB16-43_35,MB16-43,Mindless Molecules (MB08/16),Thermochemistry,MACE-OMOL-0-4M,228.17497236735613,90.99414944157256,-137.18082292578356,137.18082292578356,outlier_gt_100
MB16-43_21,MB16-43,Mindless Molecules (MB08/16),Thermochemistry,MACE-POLAR-1-L,806.2259092185122,684.3771285703366,-121.84878064817565,121.84878064817565,outlier_gt_100
MB16-43_21,MB16-43,Mindless Molecules (MB08/16),Thermochemistry,MACE-POLAR-1-M,806.2259092185122,692.2373941010475,-113.98851511746477,113.98851511746477,outlier_gt_100
MB16-43_40,MB16-43,Mindless Molecules (MB08/16),Thermochemistry,MACE-POLAR-1-M,-362.98087422259744,-475.7798417147397,-112.79896749214225,112.79896749214225,outlier_gt_100
PA26_10,PA26,Proton Affinities,Thermochemistry,MACE-MP-0b3,174.30013141170747,68.45692458640751,-105.84320682529996,105.84320682529996,outlier_gt_100
PA26_14,PA26,Proton Affinities,Thermochemistry,MACE-MP-0b3,191.90014502702425,68.54600993585127,-123.35413509117298,123.35413509117298,outlier_gt_100
PA26_15,PA26,Proton Affinities,Thermochemistry,MACE-MP-0b3,190.90014404663376,78.83930963992783,-112.06083440670592,112.06083440670592,outlier_gt_100
PA26_16,PA26,Proton Affinities,Thermochemistry,MACE-MP-0b3,218.20016459894893,98.49411526779323,-119.7060493311557,119.7060493311557,outlier_gt_100
PA26_17,PA26,Proton Affinities,Thermochemistry,MACE-MP-0b3,200.4001511640598,74.5462944591494,-125.8538567049104,125.8538567049104,outlier_gt_100
PA26_18,PA26,Proton Affinities,Thermochemistry,MACE-MP-0b3,210.20015863835388,79.64127435171048,-130.5588842866434,130.5588842866434,outlier_gt_100
PA26_20,PA26,Proton Affinities,Thermochemistry,MACE-MP-0b3,181.90013710564827,68.27915362422864,-113.62098348141963,113.62098348141963,outlier_gt_100
PA26_21,PA26,Proton Affinities,Thermochemistry,MACE-MP-0b3,221.30016744990644,94.25329396935098,-127.04687348055546,127.04687348055546,outlier_gt_100
PA26_22,PA26,Proton Affinities,Thermochemistry,MACE-MP-0b3,219.60016584599367,96.91959148573817,-122.6805743602555,122.6805743602555,outlier_gt_100
PA26_23,PA26,Proton Affinities,Thermochemistry,MACE-MP-0b3,192.90014600741463,80.99050137921951,-111.90964462819512,111.90964462819512,outlier_gt_100
PA26_24,PA26,Proton Affinities,Thermochemistry,MACE-MP-0b3,210.70015944230383,83.00511258154904,-127.69504686075479,127.69504686075479,outlier_gt_100
PA26_25,PA26,Proton Affinities,Thermochemistry,MACE-MP-0b3,236.00017803383813,98.6833022406608,-137.31687579317733,137.31687579317733,outlier_gt_100
PA26_26,PA26,Proton Affinities,Thermochemistry,MACE-MP-0b3,235.10017759074336,102.8122381666468,-132.28793942409658,132.28793942409658,outlier_gt_100
PA26_3,PA26,Proton Affinities,Thermochemistry,MACE-MP-0b3,209.2001582854729,99.60600531511436,-109.59415297035854,109.59415297035854,outlier_gt_100
PA26_4,PA26,Proton Affinities,Thermochemistry,MACE-MP-0b3,219.20016557933937,100.69191009204378,-118.50825548729559,118.50825548729559,outlier_gt_100
PA26_5,PA26,Proton Affinities,Thermochemistry,MACE-MP-0b3,211.90016024226665,94.9452449388844,-116.95491530338225,116.95491530338225,outlier_gt_100
PA26_6,PA26,Proton Affinities,Thermochemistry,MACE-MP-0b3,171.4001296353413,65.42907610728025,-105.97105352806105,105.97105352806105,outlier_gt_100
PA26_8,PA26,Proton Affinities,Thermochemistry,MACE-MP-0b3,156.90011824347258,55.24794888335653,-101.65216936011605,101.65216936011605,outlier_gt_100
PA26_9,PA26,Proton Affinities,Thermochemistry,MACE-MP-0b3,192.800145470119,88.4517006427912,-104.3484448273278,104.3484448273278,outlier_gt_100
PA26_1,PA26,Proton Affinities,Thermochemistry,MACE-OMOL-0-100M,167.2001265217166,295.2482445701352,128.04811804841862,128.04811804841862,outlier_gt_100
PA26_19,PA26,Proton Affinities,Thermochemistry,MACE-OMOL-0-100M,188.30014199962625,332.51431044852984,144.2141684489036,144.2141684489036,outlier_gt_100
PA26_2,PA26,Proton Affinities,Thermochemistry,MACE-OMOL-0-100M,192.90014600741463,325.62561382223373,132.7254678148191,132.7254678148191,outlier_gt_100
PA26_7,PA26,Proton Affinities,Thermochemistry,MACE-OMOL-0-100M,157.40011904742252,278.73707687286947,121.33695782544694,121.33695782544694,outlier_gt_100
PA26_1,PA26,Proton Affinities,Thermochemistry,MACE-OMOL-0-4M,167.2001265217166,292.9759621777076,125.77583565599096,125.77583565599096,outlier_gt_100
PA26_12,PA26,Proton Affinities,Thermochemistry,MACE-OMOL-0-4M,106.2000805231083,277.66658772702965,171.46650720392137,171.46650720392137,outlier_gt_100
PA26_13,PA26,Proton Affinities,Thermochemistry,MACE-OMOL-0-4M,120.80009119725376,222.22738553680932,101.42729433955556,101.42729433955556,outlier_gt_100
PA26_7,PA26,Proton Affinities,Thermochemistry,MACE-OMOL-0-4M,157.40011904742252,268.28709346786246,110.88697442043994,110.88697442043994,outlier_gt_100
