Identifier,Dataset,Subset,Source_Datatype,Model,Reference,Prediction,DeltaE,Abs_DeltaE,exclusion_type
BH76_10,BH46,Barrier Heights,Barrier Height,MACE-POLAR-1-L,104.8000792760636,105.28968194478465,0.48960266872104796,0.48960266872104796,single_atom
BH76_13,BH46,Barrier Heights,Barrier Height,MACE-POLAR-1-L,-0.6000007137361577,-3.0620109581857164,-2.4620102444495586,2.4620102444495586,single_atom
BH76_17,BH46,Barrier Heights,Barrier Height,MACE-POLAR-1-L,2.5000021372213586,3.2522480930020703,0.7522459557807117,0.7522459557807117,single_atom
BH76_21,BH46,Barrier Heights,Barrier Height,MACE-POLAR-1-L,-12.300008984005968,-13.720032259233838,-1.4200232752278694,1.4200232752278694,single_atom
BH76_22,BH46,Barrier Heights,Barrier Height,MACE-POLAR-1-L,19.80001476816057,19.545219057263584,-0.2547957108969854,0.2547957108969854,single_atom
BH76_3,BH46,Barrier Heights,Barrier Height,MACE-POLAR-1-L,42.100031673542496,48.44135123242428,6.341319558881786,6.341319558881786,single_atom
BH76_31,BH46,Barrier Heights,Barrier Height,MACE-POLAR-1-L,3.200002133234244,5.191872113897616,1.9918699806633717,1.9918699806633717,single_atom
BH76_39,BH46,Barrier Heights,Barrier Height,MACE-POLAR-1-L,6.100004537109882,7.339354015023034,1.2393494779131515,1.2393494779131515,single_atom
BH76_40,BH46,Barrier Heights,Barrier Height,MACE-POLAR-1-L,8.000005960595084,9.026137889229089,1.0261319286340047,1.0261319286340047,single_atom
BH76_42,BH46,Barrier Heights,Barrier Height,MACE-POLAR-1-L,21.600016281859567,22.9788566304599,1.3788403486003347,1.3788403486003347,single_atom
BH76_44,BH46,Barrier Heights,Barrier Height,MACE-POLAR-1-L,15.000011568309205,15.92332648479971,0.9233149164905043,0.9233149164905043,single_atom
BH76_47,BH46,Barrier Heights,Barrier Height,MACE-POLAR-1-L,9.700007564507882,12.157466412795635,2.4574588482877537,2.4574588482877537,single_atom
BH76_52,BH46,Barrier Heights,Barrier Height,MACE-POLAR-1-L,6.800005160632242,7.667257520841607,0.8672523602093651,0.8672523602093651,single_atom
BH76_55,BH46,Barrier Heights,Barrier Height,MACE-POLAR-1-L,1.6000010666171218,3.422454904543582,1.82245383792646,1.82245383792646,single_atom
BH76_56,BH46,Barrier Heights,Barrier Height,MACE-POLAR-1-L,33.80002535607933,32.89053162044241,-0.9094937356369215,0.9094937356369215,single_atom
BH76_57,BH46,Barrier Heights,Barrier Height,MACE-POLAR-1-L,14.400010854573043,23.669629024438283,9.26961816986524,9.26961816986524,single_atom
BH76_59,BH46,Barrier Heights,Barrier Height,MACE-POLAR-1-L,2.900002403875639,5.141011661507656,2.2410092576320175,2.2410092576320175,single_atom
BH76_65,BH46,Barrier Heights,Barrier Height,MACE-POLAR-1-L,10.400007560520766,21.949867393438545,11.549859832917779,11.549859832917779,single_atom
BH76_66,BH46,Barrier Heights,Barrier Height,MACE-POLAR-1-L,9.900007384080284,9.162148063936892,-0.737859320143393,0.737859320143393,single_atom
BH76_7,BH46,Barrier Heights,Barrier Height,MACE-POLAR-1-L,30.50002331305889,32.45872353154859,1.958700218489703,1.958700218489703,single_atom
BH76_9,BH46,Barrier Heights,Barrier Height,MACE-POLAR-1-L,1.5000011568309202,2.549766560422713,1.049765403591793,1.049765403591793,single_atom
BH9_817,BH876,Barrier Heights,Barrier Height,MACE-POLAR-1-L,-3.2100002416844418,-3.944876192698232,-0.7348759510137901,0.7348759510137901,single_atom
BH9_819,BH876,Barrier Heights,Barrier Height,MACE-POLAR-1-L,14.280000295168543,15.438393120111296,1.1583928249427533,1.1583928249427533,single_atom
BH9_826,BH876,Barrier Heights,Barrier Height,MACE-POLAR-1-L,4.560000278817111,4.021226837579671,-0.5387734412374403,0.5387734412374403,single_atom
ORBH35_CO3_17,ORBH35,Barrier Heights,Barrier Height,MACE-POLAR-1-L,21.755060067691364,25.4524940232112,3.6974339555198377,3.6974339555198377,single_atom
ORBH35_CO3_18,ORBH35,Barrier Heights,Barrier Height,MACE-POLAR-1-L,76.69131949350411,89.14918409861417,12.45786460511006,12.45786460511006,single_atom
ORBH35_CO3_19,ORBH35,Barrier Heights,Barrier Height,MACE-POLAR-1-L,62.554614751794006,75.93670054584761,13.382085794053609,13.382085794053609,single_atom
DBH24_1,DBH22,Proton Transfer,Barrier Height,MACE-POLAR-1-L,17.189999552475435,24.74988164858552,7.559882096110087,7.559882096110087,single_atom
DBH24_11,DBH22,Proton Transfer,Barrier Height,MACE-POLAR-1-L,10.649999804872582,7.809309841436365,-2.8406899634362173,2.8406899634362173,single_atom
DBH24_12,DBH22,Proton Transfer,Barrier Height,MACE-POLAR-1-L,3.76999973648717,6.012330503726375,2.242330767239205,2.242330767239205,single_atom
DBH24_15,DBH22,Proton Transfer,Barrier Height,MACE-POLAR-1-L,59.32999730442081,58.66030079248252,-0.6696965119382838,0.6696965119382838,single_atom
DBH24_18,DBH22,Proton Transfer,Barrier Height,MACE-POLAR-1-L,17.7699990292354,16.153054438724787,-1.616944590510613,1.616944590510613,single_atom
DBH24_2,DBH22,Proton Transfer,Barrier Height,MACE-POLAR-1-L,17.59999918259886,22.881132612499663,5.281133429900802,5.281133429900802,single_atom
DBH24_23,DBH22,Proton Transfer,Barrier Height,MACE-POLAR-1-L,12.89999965759054,22.28381348385613,9.38381382626559,9.38381382626559,single_atom
DBH24_7,DBH22,Proton Transfer,Barrier Height,MACE-POLAR-1-L,14.31999963157355,18.803224729126807,4.483225097553257,4.483225097553257,single_atom
DBH24_8,DBH22,Proton Transfer,Barrier Height,MACE-POLAR-1-L,1.830000231615912,3.9979966722642057,2.1679964406482934,2.1679964406482934,single_atom
BDE99_1,BDE99MR,Bond Dissociation Energies,Thermochemistry,MACE-POLAR-1-L,-17.64999913749196,-16.532905004653358,1.1170941328386021,1.1170941328386021,single_atom
BDE99_12,BDE99MR,Bond Dissociation Energies,Thermochemistry,MACE-POLAR-1-L,-105.5799957411454,-100.2382662135024,5.341729527642997,5.341729527642997,single_atom
BDE99_3,BDE99MR,Bond Dissociation Energies,Thermochemistry,MACE-POLAR-1-L,-62.66999742882732,-44.9132581004435,17.756739328383823,17.756739328383823,single_atom
BDE99_4,BDE99MR,Bond Dissociation Energies,Thermochemistry,MACE-POLAR-1-L,-60.939997734507074,-41.083874270204205,19.85612346430287,19.85612346430287,single_atom
BDE99_5,BDE99MR,Bond Dissociation Energies,Thermochemistry,MACE-POLAR-1-L,-5.560000004188602,0.8661887562801452,6.426188760468747,6.426188760468747,single_atom
BDE99_55,BDE99MR,Bond Dissociation Energies,Thermochemistry,MACE-POLAR-1-L,-57.7599974657585,-40.24829284219496,17.511704623563546,17.511704623563546,single_atom
BDE99_57,BDE99MR,Bond Dissociation Energies,Thermochemistry,MACE-POLAR-1-L,-85.86999657952926,-91.72857664055262,-5.8585800610233605,5.8585800610233605,single_atom
BDE99_58,BDE99MR,Bond Dissociation Energies,Thermochemistry,MACE-POLAR-1-L,-26.59999859347069,-2.5034559828498737,24.096542610620816,24.096542610620816,single_atom
BDE99_6,BDE99MR,Bond Dissociation Energies,Thermochemistry,MACE-POLAR-1-L,-81.6499966214947,-60.514555553212325,21.13544106828237,21.13544106828237,single_atom
BDE99_7,BDE99MR,Bond Dissociation Energies,Thermochemistry,MACE-POLAR-1-L,-13.89999938296203,-6.991691810963803,6.908307571998226,6.908307571998226,single_atom
BDE99_8,BDE99MR,Bond Dissociation Energies,Thermochemistry,MACE-POLAR-1-L,-36.009998261975426,-34.24805741319449,1.761940848780938,1.761940848780938,single_atom
BDE99_9,BDE99MR,Bond Dissociation Energies,Thermochemistry,MACE-POLAR-1-L,-40.6999984235146,-36.23407561128409,4.4659228122305095,4.4659228122305095,single_atom
BDE99_97,BDE99MR,Bond Dissociation Energies,Thermochemistry,MACE-POLAR-1-L,-65.97999758029796,-56.98245448302074,8.997543097277223,8.997543097277223,single_atom
BDE99_10,BDE99nonMR,Bond Dissociation Energies,Thermochemistry,MACE-POLAR-1-L,-100.7799956788414,-97.94836819025628,2.831627488585127,2.831627488585127,single_atom
BDE99_11,BDE99nonMR,Bond Dissociation Energies,Thermochemistry,MACE-POLAR-1-L,-59.019997584083576,-57.655787157792574,1.3642104262910024,1.3642104262910024,single_atom
BDE99_13,BDE99nonMR,Bond Dissociation Energies,Thermochemistry,MACE-POLAR-1-L,-51.44999813817338,-48.37288446528502,3.077113672888359,3.077113672888359,single_atom
BDE99_14,BDE99nonMR,Bond Dissociation Energies,Thermochemistry,MACE-POLAR-1-L,-75.13999684682771,-60.92103996470329,14.218956882124424,14.218956882124424,single_atom
BDE99_15,BDE99nonMR,Bond Dissociation Energies,Thermochemistry,MACE-POLAR-1-L,-118.09999511403888,-118.42875177036872,-0.3287566563298441,0.3287566563298441,single_atom
BDE99_16,BDE99nonMR,Bond Dissociation Energies,Thermochemistry,MACE-POLAR-1-L,-42.3599981809845,-27.33627220426726,15.023725976717238,15.023725976717238,single_atom
BDE99_17,BDE99nonMR,Bond Dissociation Energies,Thermochemistry,MACE-POLAR-1-L,-84.76999631686209,-84.20972685606996,0.5602694607921279,0.5602694607921279,single_atom
BDE99_19,BDE99nonMR,Bond Dissociation Energies,Thermochemistry,MACE-POLAR-1-L,-116.8499949866924,-129.28642411735208,-12.43642913065969,12.43642913065969,single_atom
BDE99_20,BDE99nonMR,Bond Dissociation Energies,Thermochemistry,MACE-POLAR-1-L,-215.1099910563931,-208.3313139011031,6.778677155290012,6.778677155290012,single_atom
BDE99_24,BDE99nonMR,Bond Dissociation Energies,Thermochemistry,MACE-POLAR-1-L,-53.13999786857913,-51.36933618153376,1.7706616870453686,1.7706616870453686,single_atom
BDE99_25,BDE99nonMR,Bond Dissociation Energies,Thermochemistry,MACE-POLAR-1-L,-122.7899946480686,-108.98437538901636,13.805619259052236,13.805619259052236,single_atom
BDE99_28,BDE99nonMR,Bond Dissociation Energies,Thermochemistry,MACE-POLAR-1-L,-43.04999818601876,-43.34638795361205,-0.29638976759328983,0.29638976759328983,single_atom
BDE99_30,BDE99nonMR,Bond Dissociation Energies,Thermochemistry,MACE-POLAR-1-L,-173.5299927992505,-159.3120484747147,14.217944324535807,14.217944324535807,single_atom
BDE99_34,BDE99nonMR,Bond Dissociation Energies,Thermochemistry,MACE-POLAR-1-L,-161.84999329607052,-146.48270501131358,15.367288284756938,15.367288284756938,single_atom
BDE99_35,BDE99nonMR,Bond Dissociation Energies,Thermochemistry,MACE-POLAR-1-L,-124.31999515032588,-122.13547607650476,2.1845190738211215,2.1845190738211215,single_atom
BDE99_36,BDE99nonMR,Bond Dissociation Energies,Thermochemistry,MACE-POLAR-1-L,-95.23999628411951,-93.44862076051952,1.7913755235999957,1.7913755235999957,single_atom
BDE99_37,BDE99nonMR,Bond Dissociation Energies,Thermochemistry,MACE-POLAR-1-L,-183.90999222019084,-171.53845428075027,12.371537939440572,12.371537939440572,single_atom
BDE99_38,BDE99nonMR,Bond Dissociation Energies,Thermochemistry,MACE-POLAR-1-L,-19.68999917965889,-18.25086241355825,1.439136766100642,1.439136766100642,single_atom
BDE99_39,BDE99nonMR,Bond Dissociation Energies,Thermochemistry,MACE-POLAR-1-L,-195.19999207520456,-184.18743331418295,11.012558761021609,11.012558761021609,single_atom
BDE99_40,BDE99nonMR,Bond Dissociation Energies,Thermochemistry,MACE-POLAR-1-L,-108.55999556281208,-102.77027027907783,5.789725283734242,5.789725283734242,single_atom
BDE99_41,BDE99nonMR,Bond Dissociation Energies,Thermochemistry,MACE-POLAR-1-L,-130.40999467638136,-116.12795364434938,14.282041032031984,14.282041032031984,single_atom
BDE99_43,BDE99nonMR,Bond Dissociation Energies,Thermochemistry,MACE-POLAR-1-L,-42.82999838448911,-42.82112594436169,0.008872440127419168,0.008872440127419168,single_atom
BDE99_45,BDE99nonMR,Bond Dissociation Energies,Thermochemistry,MACE-POLAR-1-L,-35.1899983742191,-35.19272563927985,-0.002727265060748607,0.002727265060748607,single_atom
BDE99_46,BDE99nonMR,Bond Dissociation Energies,Thermochemistry,MACE-POLAR-1-L,-100.0299957279354,-98.04015325289274,1.9898424750426642,1.9898424750426642,single_atom
BDE99_47,BDE99nonMR,Bond Dissociation Energies,Thermochemistry,MACE-POLAR-1-L,-107.66999573820544,-105.66855355797458,2.0014421802308675,2.0014421802308675,single_atom
BDE99_48,BDE99nonMR,Bond Dissociation Energies,Thermochemistry,MACE-POLAR-1-L,-103.18999601472676,-101.76617350334476,1.4238225113819993,1.4238225113819993,single_atom
BDE99_50,BDE99nonMR,Bond Dissociation Energies,Thermochemistry,MACE-POLAR-1-L,-22.82999885698352,-23.17825985749893,-0.34826100051541076,0.34826100051541076,single_atom
BDE99_51,BDE99nonMR,Bond Dissociation Energies,Thermochemistry,MACE-POLAR-1-L,-132.06999443385126,-141.54782775937073,-9.47783332551947,9.47783332551947,single_atom
BDE99_52,BDE99nonMR,Bond Dissociation Energies,Thermochemistry,MACE-POLAR-1-L,-229.1999902679489,-232.8039554793839,-3.6039652114349963,3.6039652114349963,single_atom
BDE99_54,BDE99nonMR,Bond Dissociation Energies,Thermochemistry,MACE-POLAR-1-L,-96.17999606361928,-94.30925964647808,1.8707364171412024,1.8707364171412024,single_atom
BDE99_59,BDE99nonMR,Bond Dissociation Energies,Thermochemistry,MACE-POLAR-1-L,-93.55999591718287,-90.45498878054234,3.1050071366405376,3.1050071366405376,single_atom
BDE99_61,BDE99nonMR,Bond Dissociation Energies,Thermochemistry,MACE-POLAR-1-L,-77.39999669052429,-71.83089483188257,5.569101858641716,5.569101858641716,single_atom
BDE99_62,BDE99nonMR,Bond Dissociation Energies,Thermochemistry,MACE-POLAR-1-L,-60.87999778863536,-64.11635131771241,-3.236353529077057,3.236353529077057,single_atom
BDE99_63,BDE99nonMR,Bond Dissociation Energies,Thermochemistry,MACE-POLAR-1-L,-68.32999734280212,-55.641221775238655,12.68877556756346,12.68877556756346,single_atom
BDE99_64,BDE99nonMR,Bond Dissociation Energies,Thermochemistry,MACE-POLAR-1-L,-54.70999770724145,-53.98373978121006,0.7262579260313871,0.7262579260313871,single_atom
BDE99_65,BDE99nonMR,Bond Dissociation Energies,Thermochemistry,MACE-POLAR-1-L,-125.76999509724476,-122.66396323868932,3.10603185855544,3.10603185855544,single_atom
BDE99_69,BDE99nonMR,Bond Dissociation Energies,Thermochemistry,MACE-POLAR-1-L,-141.76999384073596,-145.2136843397815,-3.4436904990455446,3.4436904990455446,single_atom
BDE99_70,BDE99nonMR,Bond Dissociation Energies,Thermochemistry,MACE-POLAR-1-L,-65.46999741287885,-65.12119818920746,0.34879922367139216,0.34879922367139216,single_atom
BDE99_71,BDE99nonMR,Bond Dissociation Energies,Thermochemistry,MACE-POLAR-1-L,-115.4299950127094,-113.61498091364454,1.8150140990648538,1.8150140990648538,single_atom
BDE99_72,BDE99nonMR,Bond Dissociation Energies,Thermochemistry,MACE-POLAR-1-L,-99.49999557855908,-98.93290705367876,0.5670885248803188,0.5670885248803188,single_atom
BDE99_76,BDE99nonMR,Bond Dissociation Energies,Thermochemistry,MACE-POLAR-1-L,-127.80999451190225,-126.8307830544013,0.9792114575009521,0.9792114575009521,single_atom
BDE99_79,BDE99nonMR,Bond Dissociation Energies,Thermochemistry,MACE-POLAR-1-L,-86.14999632693062,-81.7962418490272,4.353754477903422,4.353754477903422,single_atom
BDE99_80,BDE99nonMR,Bond Dissociation Energies,Thermochemistry,MACE-POLAR-1-L,-40.55999854981392,-40.129358872642825,0.43063967717109364,0.43063967717109364,single_atom
BDE99_81,BDE99nonMR,Bond Dissociation Energies,Thermochemistry,MACE-POLAR-1-L,-169.18999294947247,-164.41444547226837,4.7755474772041,4.7755474772041,single_atom
BDE99_82,BDE99nonMR,Bond Dissociation Energies,Thermochemistry,MACE-POLAR-1-L,-132.30999421733813,-135.68108716292858,-3.3710929455904477,3.3710929455904477,single_atom
BDE99_84,BDE99nonMR,Bond Dissociation Energies,Thermochemistry,MACE-POLAR-1-L,-139.3599941323601,-142.3847583071404,-3.0247641747803016,3.0247641747803016,single_atom
BDE99_86,BDE99nonMR,Bond Dissociation Energies,Thermochemistry,MACE-POLAR-1-L,-115.08999531943633,-113.20074010425972,1.889255215176604,1.889255215176604,single_atom
BDE99_87,BDE99nonMR,Bond Dissociation Energies,Thermochemistry,MACE-POLAR-1-L,-112.54999510082892,-111.36329970742842,1.1866953934004982,1.1866953934004982,single_atom
BDE99_88,BDE99nonMR,Bond Dissociation Energies,Thermochemistry,MACE-POLAR-1-L,-117.12999536160324,-117.19729926277232,-0.06730390116908325,0.06730390116908325,single_atom
BDE99_89,BDE99nonMR,Bond Dissociation Energies,Thermochemistry,MACE-POLAR-1-L,-106.51999552064515,-106.097599793947,0.4223957266981557,0.4223957266981557,single_atom
BDE99_90,BDE99nonMR,Bond Dissociation Energies,Thermochemistry,MACE-POLAR-1-L,-126.05999483562476,-123.11138111585107,2.9486137197736895,2.9486137197736895,single_atom
BDE99_91,BDE99nonMR,Bond Dissociation Energies,Thermochemistry,MACE-POLAR-1-L,-104.09999582129066,-114.2356386865584,-10.13564286526774,10.13564286526774,single_atom
BDE99_93,BDE99nonMR,Bond Dissociation Energies,Thermochemistry,MACE-POLAR-1-L,-104.52999543337133,-89.40547742411026,15.124518009261067,15.124518009261067,single_atom
BDE99_94,BDE99nonMR,Bond Dissociation Energies,Thermochemistry,MACE-POLAR-1-L,-82.31999664457172,-72.22798245569436,10.092014188877357,10.092014188877357,single_atom
BDE99_95,BDE99nonMR,Bond Dissociation Energies,Thermochemistry,MACE-POLAR-1-L,-86.31999617356716,-69.39650975103221,16.92348642253495,16.92348642253495,single_atom
BDE99_96,BDE99nonMR,Bond Dissociation Energies,Thermochemistry,MACE-POLAR-1-L,-134.1599944309113,-116.82485552273022,17.33513890818108,17.33513890818108,single_atom
HAT707_10,HAT707MR,Bond Dissociation Energies,Thermochemistry,MACE-POLAR-1-L,100.9399958273404,99.62577962387094,-1.3142162034694564,1.3142162034694564,single_atom
HAT707_103,HAT707MR,Bond Dissociation Energies,Thermochemistry,MACE-POLAR-1-L,-111.77999516796568,-115.00416758236668,-3.2241724144009964,3.2241724144009964,single_atom
HAT707_108,HAT707MR,Bond Dissociation Energies,Thermochemistry,MACE-POLAR-1-L,21.74999920378307,24.84532616640595,3.095326962622881,3.095326962622881,single_atom
HAT707_109,HAT707MR,Bond Dissociation Energies,Thermochemistry,MACE-POLAR-1-L,23.61999877180399,25.898751670060605,2.2787528982566165,2.2787528982566165,single_atom
HAT707_11,HAT707MR,Bond Dissociation Energies,Thermochemistry,MACE-POLAR-1-L,52.46999784550211,48.37639034538041,-4.093607500121699,4.093607500121699,single_atom
HAT707_117,HAT707MR,Bond Dissociation Energies,Thermochemistry,MACE-POLAR-1-L,17.539999236727137,23.586878195049174,6.046878958322036,6.046878958322036,single_atom
HAT707_119,HAT707MR,Bond Dissociation Energies,Thermochemistry,MACE-POLAR-1-L,115.06999533747909,108.32065751739306,-6.749337820086026,6.749337820086026,single_atom
HAT707_120,HAT707MR,Bond Dissociation Energies,Thermochemistry,MACE-POLAR-1-L,201.13999168527053,196.5887522374966,-4.5512394477739235,4.5512394477739235,single_atom
HAT707_121,HAT707MR,Bond Dissociation Energies,Thermochemistry,MACE-POLAR-1-L,178.0799926385257,176.88758163087635,-1.1924110076493548,1.1924110076493548,single_atom
HAT707_122,HAT707MR,Bond Dissociation Energies,Thermochemistry,MACE-POLAR-1-L,118.81999508821634,117.8618707110826,-0.9581243771337427,0.9581243771337427,single_atom
HAT707_123,HAT707MR,Bond Dissociation Energies,Thermochemistry,MACE-POLAR-1-L,197.04999185434352,192.48887908366615,-4.561112770677369,4.561112770677369,single_atom
HAT707_124,HAT707MR,Bond Dissociation Energies,Thermochemistry,MACE-POLAR-1-L,218.0199909874852,209.09952948146932,-8.920461506015869,8.920461506015869,single_atom
HAT707_125,HAT707MR,Bond Dissociation Energies,Thermochemistry,MACE-POLAR-1-L,92.01999605145645,88.61948691075183,-3.4005091407046137,3.4005091407046137,single_atom
HAT707_126,HAT707MR,Bond Dissociation Energies,Thermochemistry,MACE-POLAR-1-L,204.98999152611952,193.8302293323343,-11.159762193785213,11.159762193785213,single_atom
HAT707_129,HAT707MR,Bond Dissociation Energies,Thermochemistry,MACE-POLAR-1-L,79.64999670742696,84.77064607316048,5.120649365733513,5.120649365733513,single_atom
HAT707_130,HAT707MR,Bond Dissociation Energies,Thermochemistry,MACE-POLAR-1-L,206.64999145749803,197.31922073520275,-9.330770722295284,9.330770722295284,single_atom
HAT707_16,HAT707MR,Bond Dissociation Energies,Thermochemistry,MACE-POLAR-1-L,88.55999633910517,95.7769387862586,7.2169424471534285,7.2169424471534285,single_atom
HAT707_161,HAT707MR,Bond Dissociation Energies,Thermochemistry,MACE-POLAR-1-L,233.119990363281,234.8986812012388,1.7786908379577824,1.7786908379577824,single_atom
HAT707_17,HAT707MR,Bond Dissociation Energies,Thermochemistry,MACE-POLAR-1-L,54.129997602972,51.86538174821739,-2.2646158547546094,2.2646158547546094,single_atom
HAT707_176,HAT707MR,Bond Dissociation Energies,Thermochemistry,MACE-POLAR-1-L,-27.29999858948358,-40.42047696597994,-13.120478376496358,13.120478376496358,single_atom
HAT707_181,HAT707MR,Bond Dissociation Energies,Thermochemistry,MACE-POLAR-1-L,106.22999578226516,99.42901678283464,-6.8009789994305265,6.8009789994305265,single_atom
HAT707_182,HAT707MR,Bond Dissociation Energies,Thermochemistry,MACE-POLAR-1-L,108.09999553136022,100.48244228632151,-7.617553245038707,7.617553245038707,single_atom
HAT707_188,HAT707MR,Bond Dissociation Energies,Thermochemistry,MACE-POLAR-1-L,94.15999610761192,100.47845848061918,6.318462373007264,6.318462373007264,single_atom
HAT707_189,HAT707MR,Bond Dissociation Energies,Thermochemistry,MACE-POLAR-1-L,71.09999706086647,80.77728787397795,9.677290813111483,9.677290813111483,single_atom
HAT707_190,HAT707MR,Bond Dissociation Energies,Thermochemistry,MACE-POLAR-1-L,90.06999627668488,96.3785853267468,6.308589050061926,6.308589050061926,single_atom
HAT707_191,HAT707MR,Bond Dissociation Energies,Thermochemistry,MACE-POLAR-1-L,111.03999540982656,112.98923572459192,1.9492403147653619,1.9492403147653619,single_atom
HAT707_192,HAT707MR,Bond Dissociation Energies,Thermochemistry,MACE-POLAR-1-L,98.0099959484609,97.71993557545689,-0.29006037300401033,0.29006037300401033,single_atom
HAT707_196,HAT707MR,Bond Dissociation Energies,Thermochemistry,MACE-POLAR-1-L,99.6699958798394,101.20892697832532,1.538931098485918,1.538931098485918,single_atom
HAT707_2,HAT707MR,Bond Dissociation Energies,Thermochemistry,MACE-POLAR-1-L,123.98999487449908,119.32695023051215,-4.663044643986922,4.663044643986922,single_atom
HAT707_221,HAT707MR,Bond Dissociation Energies,Thermochemistry,MACE-POLAR-1-L,-145.50999423179678,-155.4089625855614,-9.898968353764616,9.898968353764616,single_atom
HAT707_236,HAT707MR,Bond Dissociation Energies,Thermochemistry,MACE-POLAR-1-L,94.97999607371467,101.04355058501628,6.063554511301604,6.063554511301604,single_atom
HAT707_237,HAT707MR,Bond Dissociation Energies,Thermochemistry,MACE-POLAR-1-L,126.13999478562236,138.78838744436138,12.648392658739013,12.648392658739013,single_atom
HAT707_260,HAT707MR,Bond Dissociation Energies,Thermochemistry,MACE-POLAR-1-L,38.35999865198906,48.7347819271244,10.374783275135343,10.374783275135343,single_atom
HAT707_261,HAT707MR,Bond Dissociation Energies,Thermochemistry,MACE-POLAR-1-L,-62.009997396728906,-73.11782365538429,-11.107826258655379,11.107826258655379,single_atom
HAT707_262,HAT707MR,Bond Dissociation Energies,Thermochemistry,MACE-POLAR-1-L,35.42999878521545,23.55001144424306,-11.879987340972392,11.879987340972392,single_atom
HAT707_263,HAT707MR,Bond Dissociation Energies,Thermochemistry,MACE-POLAR-1-L,62.22999719825855,52.792395244552864,-9.437601953705688,9.437601953705688,single_atom
HAT707_264,HAT707MR,Bond Dissociation Energies,Thermochemistry,MACE-POLAR-1-L,39.17999853974538,33.091224637911644,-6.088773901833733,6.088773901833733,single_atom
HAT707_265,HAT707MR,Bond Dissociation Energies,Thermochemistry,MACE-POLAR-1-L,58.14999774143416,48.69252209072241,-9.45747565071175,9.45747565071175,single_atom
HAT707_266,HAT707MR,Bond Dissociation Energies,Thermochemistry,MACE-POLAR-1-L,29.439998541436715,17.40765975149757,-12.032338789939146,12.032338789939146,single_atom
HAT707_267,HAT707MR,Bond Dissociation Energies,Thermochemistry,MACE-POLAR-1-L,79.11999672933624,65.30317248860949,-13.816824240726746,13.816824240726746,single_atom
HAT707_268,HAT707MR,Bond Dissociation Energies,Thermochemistry,MACE-POLAR-1-L,12.369999508214198,3.848840837601843,-8.521158670612355,8.521158670612355,single_atom
HAT707_269,HAT707MR,Bond Dissociation Energies,Thermochemistry,MACE-POLAR-1-L,66.08999726796996,50.03387233939057,-16.056124928579393,16.056124928579393,single_atom
HAT707_273,HAT707MR,Bond Dissociation Energies,Thermochemistry,MACE-POLAR-1-L,67.7499971993491,53.522863742248525,-14.227133457100571,14.227133457100571,single_atom
HAT707_296,HAT707MR,Bond Dissociation Energies,Thermochemistry,MACE-POLAR-1-L,-67.12999717034874,-80.72851940495237,-13.598522234603621,13.598522234603621,single_atom
HAT707_297,HAT707MR,Bond Dissociation Energies,Thermochemistry,MACE-POLAR-1-L,-71.2499972185971,-82.05255962761882,-10.802562409021718,10.802562409021718,single_atom
HAT707_3,HAT707MR,Bond Dissociation Energies,Thermochemistry,MACE-POLAR-1-L,48.619998181185984,51.1349132505427,2.514915069356718,2.514915069356718,single_atom
HAT707_315,HAT707MR,Bond Dissociation Energies,Thermochemistry,MACE-POLAR-1-L,-110.70999550574386,-130.09046819732848,-19.380472691584615,19.380472691584615,single_atom
HAT707_316,HAT707MR,Bond Dissociation Energies,Thermochemistry,MACE-POLAR-1-L,63.05999739322439,53.357487348929,-9.702510044295394,9.702510044295394,single_atom
HAT707_317,HAT707MR,Bond Dissociation Energies,Thermochemistry,MACE-POLAR-1-L,94.21999610513204,91.1023242082846,-3.1176718968474404,3.1176718968474404,single_atom
HAT707_325,HAT707MR,Bond Dissociation Energies,Thermochemistry,MACE-POLAR-1-L,-74.7399972076829,-86.74786660551536,-12.00786939783245,12.00786939783245,single_atom
HAT707_330,HAT707MR,Bond Dissociation Energies,Thermochemistry,MACE-POLAR-1-L,-79.2299969221402,-95.59817071404264,-16.368173791902436,16.368173791902436,single_atom
HAT707_334,HAT707MR,Bond Dissociation Energies,Thermochemistry,MACE-POLAR-1-L,-72.98999690389596,-83.02846466696515,-10.038467763069193,10.038467763069193,single_atom
HAT707_336,HAT707MR,Bond Dissociation Energies,Thermochemistry,MACE-POLAR-1-L,-89.62999632503781,-92.39485144931204,-2.7648551242742343,2.7648551242742343,single_atom
HAT707_339,HAT707MR,Bond Dissociation Energies,Thermochemistry,MACE-POLAR-1-L,-79.64999654324225,-84.77064607316572,-5.120649529923469,5.120649529923469,single_atom
HAT707_341,HAT707MR,Bond Dissociation Energies,Thermochemistry,MACE-POLAR-1-L,-129.43999492394573,-146.20467078499166,-16.76467586104593,16.76467586104593,single_atom
HAT707_346,HAT707MR,Bond Dissociation Energies,Thermochemistry,MACE-POLAR-1-L,-73.04999684976768,-90.11212909982004,-17.062132250052358,17.062132250052358,single_atom
HAT707_349,HAT707MR,Bond Dissociation Energies,Thermochemistry,MACE-POLAR-1-L,60.47999752198108,49.7373646490365,-10.742632872944583,10.742632872944583,single_atom
HAT707_350,HAT707MR,Bond Dissociation Energies,Thermochemistry,MACE-POLAR-1-L,62.34999771751146,50.79079015269115,-11.559207564820305,11.559207564820305,single_atom
HAT707_354,HAT707MR,Bond Dissociation Energies,Thermochemistry,MACE-POLAR-1-L,-9.71999938884196,-19.861754257021563,-10.141754868179603,10.141754868179603,single_atom
HAT707_355,HAT707MR,Bond Dissociation Energies,Thermochemistry,MACE-POLAR-1-L,14.029999265684092,7.337832240449311,-6.692167025234781,6.692167025234781,single_atom
HAT707_358,HAT707MR,Bond Dissociation Energies,Thermochemistry,MACE-POLAR-1-L,21.38999890104327,16.21217920380424,-5.1778196972390305,5.1778196972390305,single_atom
HAT707_359,HAT707MR,Bond Dissociation Energies,Thermochemistry,MACE-POLAR-1-L,-5.510000049295501,-0.7304684976746871,4.7795315516208134,4.7795315516208134,single_atom
HAT707_360,HAT707MR,Bond Dissociation Energies,Thermochemistry,MACE-POLAR-1-L,-28.569998698787284,-20.431639104315902,8.138359594471382,8.138359594471382,single_atom
HAT707_361,HAT707MR,Bond Dissociation Energies,Thermochemistry,MACE-POLAR-1-L,25.1399986555732,25.753392397483303,0.6133937419101017,0.6133937419101017,single_atom
HAT707_362,HAT707MR,Bond Dissociation Energies,Thermochemistry,MACE-POLAR-1-L,-9.599999497098516,-4.830341651547082,4.769657845551434,4.769657845551434,single_atom
HAT707_363,HAT707MR,Bond Dissociation Energies,Thermochemistry,MACE-POLAR-1-L,55.49999762206192,56.98147563195883,1.481478009896911,1.481478009896911,single_atom
HAT707_364,HAT707MR,Bond Dissociation Energies,Thermochemistry,MACE-POLAR-1-L,26.78999904957395,25.69661329272349,-1.0933857568504592,1.0933857568504592,single_atom
HAT707_365,HAT707MR,Bond Dissociation Energies,Thermochemistry,MACE-POLAR-1-L,11.369999782842708,11.780308746298047,0.4103089634553392,0.4103089634553392,single_atom
HAT707_366,HAT707MR,Bond Dissociation Energies,Thermochemistry,MACE-POLAR-1-L,-1.6599997574698946,-3.4889914028369806,-1.828991645367086,1.828991645367086,single_atom
HAT707_367,HAT707MR,Bond Dissociation Energies,Thermochemistry,MACE-POLAR-1-L,-5.649999922996183,-4.8174317075597335,0.8325682154364493,0.8325682154364493,single_atom
HAT707_368,HAT707MR,Bond Dissociation Energies,Thermochemistry,MACE-POLAR-1-L,36.05999821686853,35.62158902163166,-0.43840919523687205,0.43840919523687205,single_atom
HAT707_370,HAT707MR,Bond Dissociation Energies,Thermochemistry,MACE-POLAR-1-L,-12.369999508214198,-11.572800715753688,0.7971987924605095,0.7971987924605095,single_atom
HAT707_371,HAT707MR,Bond Dissociation Energies,Thermochemistry,MACE-POLAR-1-L,-14.029999265684092,-7.337832240438824,6.692167025245268,6.692167025245268,single_atom
HAT707_372,HAT707MR,Bond Dissociation Energies,Thermochemistry,MACE-POLAR-1-L,-22.059998924120293,-20.83812351582784,1.2218754082924548,1.2218754082924548,single_atom
HAT707_373,HAT707MR,Bond Dissociation Energies,Thermochemistry,MACE-POLAR-1-L,10.709999750744302,12.746644244629158,2.0366444938848556,2.0366444938848556,single_atom
HAT707_374,HAT707MR,Bond Dissociation Energies,Thermochemistry,MACE-POLAR-1-L,-53.6799980089341,-53.67851419034307,0.00148381859102642,0.00148381859102642,single_atom
HAT707_376,HAT707MR,Bond Dissociation Energies,Thermochemistry,MACE-POLAR-1-L,-68.23999742399454,-70.20928686715315,-1.9692894431586154,1.9692894431586154,single_atom
HAT707_377,HAT707MR,Bond Dissociation Energies,Thermochemistry,MACE-POLAR-1-L,-99.66999605270507,-101.2089269783096,-1.5389309256045323,1.5389309256045323,single_atom
HAT707_378,HAT707MR,Bond Dissociation Energies,Thermochemistry,MACE-POLAR-1-L,2.5299996001193223,1.507987370334162,-1.0220122297851604,1.0220122297851604,single_atom
HAT707_379,HAT707MR,Bond Dissociation Energies,Thermochemistry,MACE-POLAR-1-L,-34.35999849548415,-35.13482716191223,-0.7748286664280783,0.7748286664280783,single_atom
HAT707_380,HAT707MR,Bond Dissociation Energies,Thermochemistry,MACE-POLAR-1-L,-40.009998418480336,-39.03297603723343,0.9770223812469041,0.9770223812469041,single_atom
HAT707_382,HAT707MR,Bond Dissociation Energies,Thermochemistry,MACE-POLAR-1-L,-78.65999680884937,-81.35330502496733,-2.6933082161179556,2.6933082161179556,single_atom
HAT707_383,HAT707MR,Bond Dissociation Energies,Thermochemistry,MACE-POLAR-1-L,-126.34999457400474,-123.62244816162648,2.72754641237826,2.72754641237826,single_atom
HAT707_385,HAT707MR,Bond Dissociation Energies,Thermochemistry,MACE-POLAR-1-L,-120.44999487654304,-119.22913202581827,1.220862850724771,1.220862850724771,single_atom
HAT707_387,HAT707MR,Bond Dissociation Energies,Thermochemistry,MACE-POLAR-1-L,-125.94999493485992,-124.69474010385927,1.2552548310006415,1.2552548310006415,single_atom
HAT707_390,HAT707MR,Bond Dissociation Energies,Thermochemistry,MACE-POLAR-1-L,-60.6899973325321,-60.76835300461748,-0.07835567208537952,0.07835567208537952,single_atom
HAT707_391,HAT707MR,Bond Dissociation Energies,Thermochemistry,MACE-POLAR-1-L,-108.77999536434172,-106.39978856241716,2.380206801924558,2.380206801924558,single_atom
HAT707_392,HAT707MR,Bond Dissociation Energies,Thermochemistry,MACE-POLAR-1-L,-194.1399917764519,-193.2770940669737,0.8628977094782044,0.8628977094782044,single_atom
HAT707_394,HAT707MR,Bond Dissociation Energies,Thermochemistry,MACE-POLAR-1-L,-130.83999428846204,-131.45553783186432,-0.615543543402282,0.615543543402282,single_atom
HAT707_396,HAT707MR,Bond Dissociation Energies,Thermochemistry,MACE-POLAR-1-L,-142.12999414347578,-144.1045168652918,-1.9745227218160153,1.9745227218160153,single_atom
HAT707_398,HAT707MR,Bond Dissociation Energies,Thermochemistry,MACE-POLAR-1-L,-110.44999574029973,-111.29259935093636,-0.8426036106366297,0.8426036106366297,single_atom
HAT707_4,HAT707MR,Bond Dissociation Energies,Thermochemistry,MACE-POLAR-1-L,25.559998904184724,31.43374264390148,5.873743739716755,5.873743739716755,single_atom
HAT707_400,HAT707MR,Bond Dissociation Energies,Thermochemistry,MACE-POLAR-1-L,-77.33999674465257,-76.04503719545296,1.2949595491996035,1.2949595491996035,single_atom
HAT707_404,HAT707MR,Bond Dissociation Energies,Thermochemistry,MACE-POLAR-1-L,-139.979994200544,-128.71854213021317,11.261452070330847,11.261452070330847,single_atom
HAT707_406,HAT707MR,Bond Dissociation Energies,Thermochemistry,MACE-POLAR-1-L,-206.6499911583668,-197.31922073518703,9.330770423179757,9.330770423179757,single_atom
HAT707_411,HAT707MR,Bond Dissociation Energies,Thermochemistry,MACE-POLAR-1-L,-4.689999534029699,-0.1653763932985469,4.524623140731152,4.524623140731152,single_atom
HAT707_412,HAT707MR,Bond Dissociation Energies,Thermochemistry,MACE-POLAR-1-L,26.46999871074863,37.57946046602557,11.109461755276943,11.109461755276943,single_atom
HAT707_413,HAT707MR,Bond Dissociation Energies,Thermochemistry,MACE-POLAR-1-L,16.959999132457696,16.650669131804744,-0.30933000065295246,0.30933000065295246,single_atom
HAT707_414,HAT707MR,Bond Dissociation Energies,Thermochemistry,MACE-POLAR-1-L,-70.40999734888354,-68.1419572410121,2.2680401078714425,2.2680401078714425,single_atom
HAT707_432,HAT707MR,Bond Dissociation Energies,Thermochemistry,MACE-POLAR-1-L,-51.44999813817338,-49.32256097521384,2.127437162959538,2.127437162959538,single_atom
HAT707_433,HAT707MR,Bond Dissociation Energies,Thermochemistry,MACE-POLAR-1-L,-33.24999886934784,-29.31359330213579,3.936405567212052,3.936405567212052,single_atom
HAT707_434,HAT707MR,Bond Dissociation Energies,Thermochemistry,MACE-POLAR-1-L,-81.07999650820388,-76.74193907387574,4.338057434328135,4.338057434328135,single_atom
HAT707_435,HAT707MR,Bond Dissociation Energies,Thermochemistry,MACE-POLAR-1-L,-73.38999717055023,-66.63690268316081,6.7530944873894185,6.7530944873894185,single_atom
HAT707_438,HAT707MR,Bond Dissociation Energies,Thermochemistry,MACE-POLAR-1-L,-67.74999723853267,-53.522863742248525,14.227133496284146,14.227133496284146,single_atom
HAT707_439,HAT707MR,Bond Dissociation Energies,Thermochemistry,MACE-POLAR-1-L,115.05999524364726,122.39472874743416,7.334733503786893,7.334733503786893,single_atom
HAT707_440,HAT707MR,Bond Dissociation Energies,Thermochemistry,MACE-POLAR-1-L,67.87999719397493,65.90643418544418,-1.9735630085307463,1.9735630085307463,single_atom
HAT707_441,HAT707MR,Bond Dissociation Energies,Thermochemistry,MACE-POLAR-1-L,44.81999784425348,46.20526357884491,1.385265734591428,1.385265734591428,single_atom
HAT707_442,HAT707MR,Bond Dissociation Energies,Thermochemistry,MACE-POLAR-1-L,63.78999736304788,61.80656103157179,-1.983436331476092,1.983436331476092,single_atom
HAT707_443,HAT707MR,Bond Dissociation Energies,Thermochemistry,MACE-POLAR-1-L,84.75999649618954,78.41721142945886,-6.342785066730684,6.342785066730684,single_atom
HAT707_444,HAT707MR,Bond Dissociation Energies,Thermochemistry,MACE-POLAR-1-L,71.72999678557086,63.14791128032383,-8.58208550524703,8.58208550524703,single_atom
HAT707_448,HAT707MR,Bond Dissociation Energies,Thermochemistry,MACE-POLAR-1-L,73.38999696620303,66.6369026831713,-6.753094283031729,6.753094283031729,single_atom
HAT707_45,HAT707MR,Bond Dissociation Energies,Thermochemistry,MACE-POLAR-1-L,-242.63999006589444,-246.66509030556665,-4.025100239672213,4.025100239672213,single_atom
HAT707_469,HAT707MR,Bond Dissociation Energies,Thermochemistry,MACE-POLAR-1-L,-154.63999352539065,-161.71918532320663,-7.07919179781598,7.07919179781598,single_atom
HAT707_484,HAT707MR,Bond Dissociation Energies,Thermochemistry,MACE-POLAR-1-L,68.69999716007831,66.47152628986227,-2.228470870216043,2.228470870216043,single_atom
HAT707_485,HAT707MR,Bond Dissociation Energies,Thermochemistry,MACE-POLAR-1-L,99.85999588129889,104.21636314922831,4.3563672679294285,4.3563672679294285,single_atom
HAT707_5,HAT707MR,Bond Dissociation Energies,Thermochemistry,MACE-POLAR-1-L,127.73999457505188,128.86816342418075,1.128168849128869,1.128168849128869,single_atom
HAT707_501,HAT707MR,Bond Dissociation Energies,Thermochemistry,MACE-POLAR-1-L,-95.25999626607674,-107.28962406815204,-12.029627802075296,12.029627802075296,single_atom
HAT707_505,HAT707MR,Bond Dissociation Energies,Thermochemistry,MACE-POLAR-1-L,38.269998105672,32.559869680662544,-5.710128425009458,5.710128425009458,single_atom
HAT707_506,HAT707MR,Bond Dissociation Energies,Thermochemistry,MACE-POLAR-1-L,40.13999830120239,33.613295184149415,-6.526703117052975,6.526703117052975,single_atom
HAT707_509,HAT707MR,Bond Dissociation Energies,Thermochemistry,MACE-POLAR-1-L,45.149998174057416,43.41176570122268,-1.7382324728347385,1.7382324728347385,single_atom
HAT707_510,HAT707MR,Bond Dissociation Energies,Thermochemistry,MACE-POLAR-1-L,6.859999458918696,10.842332218037054,3.982332759118358,3.982332759118358,single_atom
HAT707_511,HAT707MR,Bond Dissociation Energies,Thermochemistry,MACE-POLAR-1-L,-16.199999190573088,-8.85883838856222,7.341160802010869,7.341160802010869,single_atom
HAT707_512,HAT707MR,Bond Dissociation Energies,Thermochemistry,MACE-POLAR-1-L,48.89999792858734,52.95297889494369,4.052980966356351,4.052980966356351,single_atom
HAT707_513,HAT707MR,Bond Dissociation Energies,Thermochemistry,MACE-POLAR-1-L,2.7700000111156804,6.74245906416466,3.972459053048979,3.972459053048979,single_atom
HAT707_514,HAT707MR,Bond Dissociation Energies,Thermochemistry,MACE-POLAR-1-L,52.44999786354487,54.63797180124512,2.1879739377002494,2.1879739377002494,single_atom
HAT707_515,HAT707MR,Bond Dissociation Energies,Thermochemistry,MACE-POLAR-1-L,23.739999291056904,23.35310946200979,-0.38688982904711366,0.38688982904711366,single_atom
HAT707_516,HAT707MR,Bond Dissociation Energies,Thermochemistry,MACE-POLAR-1-L,22.089998897056155,23.710595094623407,1.6205961975672523,1.6205961975672523,single_atom
HAT707_517,HAT707MR,Bond Dissociation Energies,Thermochemistry,MACE-POLAR-1-L,10.709999750744302,8.083809312916706,-2.6261904378275958,2.6261904378275958,single_atom
HAT707_521,HAT707MR,Bond Dissociation Energies,Thermochemistry,MACE-POLAR-1-L,9.71999938884196,19.861754256979616,10.141754868137657,10.141754868137657,single_atom
HAT707_546,HAT707MR,Bond Dissociation Energies,Thermochemistry,MACE-POLAR-1-L,7.679999974184497,11.40742432245514,3.7274243482706435,3.7274243482706435,single_atom
HAT707_547,HAT707MR,Bond Dissociation Energies,Thermochemistry,MACE-POLAR-1-L,38.839998218962826,49.1522611818212,10.312262962858377,10.312262962858377,single_atom
HAT707_580,HAT707MR,Bond Dissociation Energies,Thermochemistry,MACE-POLAR-1-L,-1.6299997845340342,8.289968016388599,9.919967800922633,9.919967800922633,single_atom
HAT707_581,HAT707MR,Bond Dissociation Energies,Thermochemistry,MACE-POLAR-1-L,15.2499994200947,15.558305326342238,0.3083059062475382,0.3083059062475382,single_atom
HAT707_6,HAT707MR,Bond Dissociation Energies,Thermochemistry,MACE-POLAR-1-L,44.529998105873496,47.03504009667031,2.505041990796812,2.505041990796812,single_atom
HAT707_666,HAT707MR,Bond Dissociation Energies,Thermochemistry,MACE-POLAR-1-L,16.199999190573088,8.85883838856222,-7.341160802010869,7.341160802010869,single_atom
HAT707_667,HAT707MR,Bond Dissociation Energies,Thermochemistry,MACE-POLAR-1-L,-12.369999508214198,-3.848840837601843,8.521158670612355,8.521158670612355,single_atom
HAT707_668,HAT707MR,Bond Dissociation Energies,Thermochemistry,MACE-POLAR-1-L,28.569998698787284,20.431639104326397,-8.138359594460887,8.138359594460887,single_atom
HAT707_673,HAT707MR,Bond Dissociation Energies,Thermochemistry,MACE-POLAR-1-L,-71.0999973539178,-80.77728787399369,-9.677290520075886,9.677290520075886,single_atom
HAT707_688,HAT707MR,Bond Dissociation Energies,Thermochemistry,MACE-POLAR-1-L,-111.40999550175673,-108.28690302589726,3.1230924758594654,3.1230924758594654,single_atom
HAT707_689,HAT707MR,Bond Dissociation Energies,Thermochemistry,MACE-POLAR-1-L,-178.07999245957947,-176.88758163087113,1.192410828708347,1.192410828708347,single_atom
HAT707_690,HAT707MR,Bond Dissociation Energies,Thermochemistry,MACE-POLAR-1-L,-123.07999501395804,-133.93930903493032,-10.859314020972278,10.859314020972278,single_atom
HAT707_698,HAT707MR,Bond Dissociation Energies,Thermochemistry,MACE-POLAR-1-L,-101.99999583325202,-96.24369228691388,5.756303546338131,5.756303546338131,single_atom
HAT707_699,HAT707MR,Bond Dissociation Energies,Thermochemistry,MACE-POLAR-1-L,-92.01999605145645,-88.61948691076756,3.4005091406888823,3.4005091406888823,single_atom
HAT707_7,HAT707MR,Bond Dissociation Energies,Thermochemistry,MACE-POLAR-1-L,100.19999585793012,101.74054212449109,1.5405462665609662,1.5405462665609662,single_atom
HAT707_700,HAT707MR,Bond Dissociation Energies,Thermochemistry,MACE-POLAR-1-L,-141.80999443215993,-150.0535116225935,-8.243517190433579,8.243517190433579,single_atom
HAT707_704,HAT707MR,Bond Dissociation Energies,Thermochemistry,MACE-POLAR-1-L,-44.81999784425348,-46.20526357880296,-1.3852657345494848,1.3852657345494848,single_atom
HAT707_705,HAT707MR,Bond Dissociation Energies,Thermochemistry,MACE-POLAR-1-L,-22.089998897056155,-23.71059509458146,-1.6205961975253054,1.6205961975253054,single_atom
HAT707_706,HAT707MR,Bond Dissociation Energies,Thermochemistry,MACE-POLAR-1-L,1.6599997574698946,3.488991402826494,1.8289916453565993,1.8289916453565993,single_atom
HAT707_707,HAT707MR,Bond Dissociation Energies,Thermochemistry,MACE-POLAR-1-L,-39.17999853974538,-33.091224637911644,6.088773901833733,6.088773901833733,single_atom
HAT707_71,HAT707MR,Bond Dissociation Energies,Thermochemistry,MACE-POLAR-1-L,49.43999806894231,51.70000535491884,2.2600072859765277,2.2600072859765277,single_atom
HAT707_72,HAT707MR,Bond Dissociation Energies,Thermochemistry,MACE-POLAR-1-L,80.59999666815555,89.44484221425344,8.844845546097886,8.844845546097886,single_atom
HAT707_8,HAT707MR,Bond Dissociation Energies,Thermochemistry,MACE-POLAR-1-L,71.48999704474521,70.45567978525574,-1.0343172594894696,1.0343172594894696,single_atom
HAT707_9,HAT707MR,Bond Dissociation Energies,Thermochemistry,MACE-POLAR-1-L,65.49999738581472,63.64569049451544,-1.8543068912992808,1.8543068912992808,single_atom
HAT707_1,HAT707nonMR,Bond Dissociation Energies,Thermochemistry,MACE-POLAR-1-L,26.54999863857759,22.659115130884818,-3.8908835076927737,3.8908835076927737,single_atom
HAT707_100,HAT707nonMR,Bond Dissociation Energies,Thermochemistry,MACE-POLAR-1-L,5.409999511999825,9.599798193774271,4.189798681774446,4.189798681774446,single_atom
HAT707_101,HAT707nonMR,Bond Dissociation Energies,Thermochemistry,MACE-POLAR-1-L,2.6800000923080995,2.542820773003545,-0.13717931930455451,0.13717931930455451,single_atom
HAT707_102,HAT707nonMR,Bond Dissociation Energies,Thermochemistry,MACE-POLAR-1-L,20.889999352112262,22.5517884460816,1.661789093969336,1.661789093969336,single_atom
HAT707_104,HAT707nonMR,Bond Dissociation Energies,Thermochemistry,MACE-POLAR-1-L,-26.94999890523187,-24.87655732561641,2.0734415796154586,2.0734415796154586,single_atom
HAT707_105,HAT707nonMR,Bond Dissociation Energies,Thermochemistry,MACE-POLAR-1-L,-52.06999757884783,-48.11111381418436,3.958883764663476,3.958883764663476,single_atom
HAT707_106,HAT707nonMR,Bond Dissociation Energies,Thermochemistry,MACE-POLAR-1-L,-38.72999831819801,-24.8920384825886,13.837959835609407,13.837959835609407,single_atom
HAT707_107,HAT707nonMR,Bond Dissociation Energies,Thermochemistry,MACE-POLAR-1-L,-19.25999894006875,-14.771520934943428,4.488478005125323,4.488478005125323,single_atom
HAT707_110,HAT707nonMR,Bond Dissociation Energies,Thermochemistry,MACE-POLAR-1-L,-16.519999529398408,-7.714543514172702,8.805456015225706,8.805456015225706,single_atom
HAT707_111,HAT707nonMR,Bond Dissociation Energies,Thermochemistry,MACE-POLAR-1-L,47.74999833853655,47.102570323204006,-0.6474280153325438,0.6474280153325438,single_atom
HAT707_112,HAT707nonMR,Bond Dissociation Energies,Thermochemistry,MACE-POLAR-1-L,44.69999795251003,44.759066492542736,0.059068540032704675,0.059068540032704675,single_atom
HAT707_113,HAT707nonMR,Bond Dissociation Energies,Thermochemistry,MACE-POLAR-1-L,78.83999674091037,75.91518452924754,-2.9248122116628252,2.9248122116628252,single_atom
HAT707_114,HAT707nonMR,Bond Dissociation Energies,Thermochemistry,MACE-POLAR-1-L,102.59999575871892,103.11477102670791,0.5147752679889948,0.5147752679889948,single_atom
HAT707_115,HAT707nonMR,Bond Dissociation Energies,Thermochemistry,MACE-POLAR-1-L,-13.619999635560664,-1.6574819940206489,11.962517641540014,11.962517641540014,single_atom
HAT707_116,HAT707nonMR,Bond Dissociation Energies,Thermochemistry,MACE-POLAR-1-L,-145.38999371254386,-148.70751877357884,-3.317525061034985,3.317525061034985,single_atom
HAT707_118,HAT707nonMR,Bond Dissociation Energies,Thermochemistry,MACE-POLAR-1-L,17.62999915553472,11.6528224177762,-5.977176737758519,5.977176737758519,single_atom
HAT707_12,HAT707nonMR,Bond Dissociation Energies,Thermochemistry,MACE-POLAR-1-L,48.4799983074853,47.04795004065765,-1.4320482668276497,1.4320482668276497,single_atom
HAT707_127,HAT707nonMR,Bond Dissociation Energies,Thermochemistry,MACE-POLAR-1-L,242.7099899668493,232.9408097568449,-9.769180210004379,9.769180210004379,single_atom
HAT707_128,HAT707nonMR,Bond Dissociation Energies,Thermochemistry,MACE-POLAR-1-L,194.27999227766205,185.7464200194176,-8.533572258244448,8.533572258244448,single_atom
HAT707_13,HAT707nonMR,Bond Dissociation Energies,Thermochemistry,MACE-POLAR-1-L,90.18999627172391,87.48697076985952,-2.7030255018643885,2.7030255018643885,single_atom
HAT707_131,HAT707nonMR,Bond Dissociation Energies,Thermochemistry,MACE-POLAR-1-L,184.5899923694152,176.4810972193854,-8.10889515002981,8.10889515002981,single_atom
HAT707_132,HAT707nonMR,Bond Dissociation Energies,Thermochemistry,MACE-POLAR-1-L,74.28999692899828,54.114590802710055,-20.175406126288223,20.175406126288223,single_atom
HAT707_133,HAT707nonMR,Bond Dissociation Energies,Thermochemistry,MACE-POLAR-1-L,217.359991014768,210.06586497982144,-7.294126034946572,7.294126034946572,single_atom
HAT707_134,HAT707nonMR,Bond Dissociation Energies,Thermochemistry,MACE-POLAR-1-L,63.24999738537037,44.29294223311618,-18.957055152254192,18.957055152254192,single_atom
HAT707_135,HAT707nonMR,Bond Dissociation Energies,Thermochemistry,MACE-POLAR-1-L,152.96999367652305,143.6407065448492,-9.329287131673851,9.329287131673851,single_atom
HAT707_136,HAT707nonMR,Bond Dissociation Energies,Thermochemistry,MACE-POLAR-1-L,44.229998376514885,23.888603727837125,-20.34139464867776,20.34139464867776,single_atom
HAT707_137,HAT707nonMR,Bond Dissociation Energies,Thermochemistry,MACE-POLAR-1-L,26.039999098667963,3.812968522229176,-22.227030576438786,22.227030576438786,single_atom
HAT707_138,HAT707nonMR,Bond Dissociation Energies,Thermochemistry,MACE-POLAR-1-L,138.40999427840475,127.10993386803912,-11.300060410365631,11.300060410365631,single_atom
HAT707_139,HAT707nonMR,Bond Dissociation Energies,Thermochemistry,MACE-POLAR-1-L,82.66999658258575,62.008812591837966,-20.661183990747787,20.661183990747787,single_atom
HAT707_14,HAT707nonMR,Bond Dissociation Energies,Thermochemistry,MACE-POLAR-1-L,42.04999846064728,53.04802003380012,10.99802157315284,10.99802157315284,single_atom
HAT707_140,HAT707nonMR,Bond Dissociation Energies,Thermochemistry,MACE-POLAR-1-L,28.609998662701766,21.429850576278888,-7.180148086422879,7.180148086422879,single_atom
HAT707_141,HAT707nonMR,Bond Dissociation Energies,Thermochemistry,MACE-POLAR-1-L,106.97999557765864,96.11029375688268,-10.869701820775958,10.869701820775958,single_atom
HAT707_142,HAT707nonMR,Bond Dissociation Energies,Thermochemistry,MACE-POLAR-1-L,209.17999135291325,198.8272081055474,-10.352783247365835,10.352783247365835,single_atom
HAT707_143,HAT707nonMR,Bond Dissociation Energies,Thermochemistry,MACE-POLAR-1-L,172.29999287745918,162.18439357328006,-10.115599304179113,10.115599304179113,single_atom
HAT707_144,HAT707nonMR,Bond Dissociation Energies,Thermochemistry,MACE-POLAR-1-L,166.64999311101909,158.28624469795884,-8.36374841306025,8.36374841306025,single_atom
HAT707_145,HAT707nonMR,Bond Dissociation Energies,Thermochemistry,MACE-POLAR-1-L,127.99999470873362,115.96591571024592,-12.0340789984877,12.0340789984877,single_atom
HAT707_146,HAT707nonMR,Bond Dissociation Energies,Thermochemistry,MACE-POLAR-1-L,80.29999668055672,73.69677257356578,-6.603224106990936,6.603224106990936,single_atom
HAT707_147,HAT707nonMR,Bond Dissociation Energies,Thermochemistry,MACE-POLAR-1-L,86.19999643666293,78.090088709374,-8.109907727288928,8.109907727288928,single_atom
HAT707_148,HAT707nonMR,Bond Dissociation Energies,Thermochemistry,MACE-POLAR-1-L,80.69999666402163,72.62448063133297,-8.075516032688654,8.075516032688654,single_atom
HAT707_149,HAT707nonMR,Bond Dissociation Energies,Thermochemistry,MACE-POLAR-1-L,145.95999382583466,136.5508677305748,-9.409126095259865,9.409126095259865,single_atom
HAT707_15,HAT707nonMR,Bond Dissociation Energies,Thermochemistry,MACE-POLAR-1-L,41.759998094757805,40.2925810324637,-1.4674170622941034,1.4674170622941034,single_atom
HAT707_150,HAT707nonMR,Bond Dissociation Energies,Thermochemistry,MACE-POLAR-1-L,97.86999595424828,90.91943217275414,-6.9505637814941394,6.9505637814941394,single_atom
HAT707_151,HAT707nonMR,Bond Dissociation Energies,Thermochemistry,MACE-POLAR-1-L,8.399999952154623,2.718086445541658,-5.681913506612965,5.681913506612965,single_atom
HAT707_152,HAT707nonMR,Bond Dissociation Energies,Thermochemistry,MACE-POLAR-1-L,75.80999686990474,65.86368290332794,-9.946313966576795,9.946313966576795,single_atom
HAT707_153,HAT707nonMR,Bond Dissociation Energies,Thermochemistry,MACE-POLAR-1-L,64.52999733245754,53.21470386990046,-11.31529346255708,11.31529346255708,single_atom
HAT707_154,HAT707nonMR,Bond Dissociation Energies,Thermochemistry,MACE-POLAR-1-L,63.65999736842143,53.64120098677756,-10.018796381643867,10.018796381643867,single_atom
HAT707_155,HAT707nonMR,Bond Dissociation Energies,Thermochemistry,MACE-POLAR-1-L,96.19999602328237,86.02662138423493,-10.173374639047438,10.173374639047438,single_atom
HAT707_156,HAT707nonMR,Bond Dissociation Energies,Thermochemistry,MACE-POLAR-1-L,129.30999465458058,121.27418353973933,-8.035811114841252,8.035811114841252,single_atom
HAT707_157,HAT707nonMR,Bond Dissociation Energies,Thermochemistry,MACE-POLAR-1-L,66.67999694880136,68.60067860495813,1.9206816561567734,1.9206816561567734,single_atom
HAT707_158,HAT707nonMR,Bond Dissociation Energies,Thermochemistry,MACE-POLAR-1-L,-47.84999824832275,-70.082261475899,-22.232263227576254,22.232263227576254,single_atom
HAT707_159,HAT707nonMR,Bond Dissociation Energies,Thermochemistry,MACE-POLAR-1-L,97.79999595714196,86.66181871576136,-11.138177241380603,11.138177241380603,single_atom
HAT707_160,HAT707nonMR,Bond Dissociation Energies,Thermochemistry,MACE-POLAR-1-L,-31.0599989625016,-45.31982212417849,-14.259823161676895,14.259823161676895,single_atom
HAT707_162,HAT707nonMR,Bond Dissociation Energies,Thermochemistry,MACE-POLAR-1-L,223.6099907564051,213.96988986699705,-9.640100889408046,9.640100889408046,single_atom
HAT707_163,HAT707nonMR,Bond Dissociation Energies,Thermochemistry,MACE-POLAR-1-L,94.8199960803291,84.58057643397281,-10.239419646356296,10.239419646356296,single_atom
HAT707_164,HAT707nonMR,Bond Dissociation Energies,Thermochemistry,MACE-POLAR-1-L,191.39999208790343,181.76091540885,-9.639076679053431,9.639076679053431,single_atom
HAT707_165,HAT707nonMR,Bond Dissociation Energies,Thermochemistry,MACE-POLAR-1-L,136.24999436769463,129.17726349418018,-7.072730873514445,7.072730873514445,single_atom
HAT707_166,HAT707nonMR,Bond Dissociation Energies,Thermochemistry,MACE-POLAR-1-L,67.40999721340434,46.16913950824042,-21.24085770516392,21.24085770516392,single_atom
HAT707_167,HAT707nonMR,Bond Dissociation Energies,Thermochemistry,MACE-POLAR-1-L,4.909999963068817,-1.97722053235488,-6.887220495423697,6.887220495423697,single_atom
HAT707_168,HAT707nonMR,Bond Dissociation Energies,Thermochemistry,MACE-POLAR-1-L,0.4100002576329006,-10.827524640882164,-11.237524898515064,11.237524898515064,single_atom
HAT707_169,HAT707nonMR,Bond Dissociation Energies,Thermochemistry,MACE-POLAR-1-L,6.659999639346293,1.742181406195325,-4.917818233150968,4.917818233150968,single_atom
HAT707_170,HAT707nonMR,Bond Dissociation Energies,Thermochemistry,MACE-POLAR-1-L,-9.989999772774176,-7.624205376162052,2.3657943966121247,2.3657943966121247,single_atom
HAT707_171,HAT707nonMR,Bond Dissociation Energies,Thermochemistry,MACE-POLAR-1-L,-49.79999774417263,-61.43402471183118,-11.63402696765855,11.63402696765855,single_atom
HAT707_172,HAT707nonMR,Bond Dissociation Energies,Thermochemistry,MACE-POLAR-1-L,75.53999687732633,50.09405358991183,-25.4459432874145,25.4459432874145,single_atom
HAT707_173,HAT707nonMR,Bond Dissociation Energies,Thermochemistry,MACE-POLAR-1-L,89.89999628371187,84.18348881016104,-5.716507473550834,5.716507473550834,single_atom
HAT707_174,HAT707nonMR,Bond Dissociation Energies,Thermochemistry,MACE-POLAR-1-L,155.19999358433947,147.99665975995745,-7.203333824382014,7.203333824382014,single_atom
HAT707_175,HAT707nonMR,Bond Dissociation Energies,Thermochemistry,MACE-POLAR-1-L,173.39999283198716,168.00562743307745,-5.394365398909713,5.394365398909713,single_atom
HAT707_177,HAT707nonMR,Bond Dissociation Energies,Thermochemistry,MACE-POLAR-1-L,125.56999480918508,120.57728166133752,-4.992713147847553,4.992713147847553,single_atom
HAT707_178,HAT707nonMR,Bond Dissociation Energies,Thermochemistry,MACE-POLAR-1-L,32.41999836310342,26.472576802160454,-5.9474215609429635,5.9474215609429635,single_atom
HAT707_179,HAT707nonMR,Bond Dissociation Energies,Thermochemistry,MACE-POLAR-1-L,45.749998260284094,49.69165213375621,3.941653873472113,3.941653873472113,single_atom
HAT707_18,HAT707nonMR,Bond Dissociation Energies,Thermochemistry,MACE-POLAR-1-L,32.06999867885171,31.02725823240003,-1.0427404464516812,1.0427404464516812,single_atom
HAT707_180,HAT707nonMR,Bond Dissociation Energies,Thermochemistry,MACE-POLAR-1-L,133.25999449129563,130.6823180520105,-2.577676439285142,2.577676439285142,single_atom
HAT707_183,HAT707nonMR,Bond Dissociation Energies,Thermochemistry,MACE-POLAR-1-L,67.96999704006231,66.86914710221406,-1.1008499378482526,1.1008499378482526,single_atom
HAT707_184,HAT707nonMR,Bond Dissociation Energies,Thermochemistry,MACE-POLAR-1-L,69.91999710964599,64.90889181612843,-5.011105293517559,5.011105293517559,single_atom
HAT707_185,HAT707nonMR,Bond Dissociation Energies,Thermochemistry,MACE-POLAR-1-L,93.67999612745452,92.1084783136098,-1.5715178138447214,1.5715178138447214,single_atom
HAT707_186,HAT707nonMR,Bond Dissociation Energies,Thermochemistry,MACE-POLAR-1-L,138.89999425814892,143.79635699294374,4.89636273479482,4.89636273479482,single_atom
HAT707_187,HAT707nonMR,Bond Dissociation Energies,Thermochemistry,MACE-POLAR-1-L,-47.12999827035263,-69.66262898983307,-22.532630719480437,22.532630719480437,single_atom
HAT707_19,HAT707nonMR,Bond Dissociation Energies,Thermochemistry,MACE-POLAR-1-L,-23.959999092586543,-24.93029898104096,-0.9702998884544165,0.9702998884544165,single_atom
HAT707_193,HAT707nonMR,Bond Dissociation Energies,Thermochemistry,MACE-POLAR-1-L,94.01999611339927,96.39149527073414,2.371499157334867,2.371499157334867,single_atom
HAT707_194,HAT707nonMR,Bond Dissociation Energies,Thermochemistry,MACE-POLAR-1-L,135.72999438919072,136.83051599996747,1.1005216107767524,1.1005216107767524,single_atom
HAT707_195,HAT707nonMR,Bond Dissociation Energies,Thermochemistry,MACE-POLAR-1-L,87.29999639119096,89.63612626254017,2.3361298713492147,2.3361298713492147,single_atom
HAT707_197,HAT707nonMR,Bond Dissociation Energies,Thermochemistry,MACE-POLAR-1-L,77.60999679175653,80.37080346250796,2.7608066707514354,2.7608066707514354,single_atom
HAT707_198,HAT707nonMR,Bond Dissociation Energies,Thermochemistry,MACE-POLAR-1-L,121.42999498032408,123.77721979253786,2.3472248122137813,2.3472248122137813,single_atom
HAT707_199,HAT707nonMR,Bond Dissociation Energies,Thermochemistry,MACE-POLAR-1-L,110.37999543710936,113.955571222944,3.575575785834644,3.575575785834644,single_atom
HAT707_20,HAT707nonMR,Bond Dissociation Energies,Thermochemistry,MACE-POLAR-1-L,64.83999731964255,64.61202599283605,-0.22797132680649668,0.22797132680649668,single_atom
HAT707_200,HAT707nonMR,Bond Dissociation Energies,Thermochemistry,MACE-POLAR-1-L,45.98999804377098,47.53041278797176,1.5404147442007812,1.5404147442007812,single_atom
HAT707_201,HAT707nonMR,Bond Dissociation Energies,Thermochemistry,MACE-POLAR-1-L,91.36999622294502,93.55123271768592,2.181236494740901,2.181236494740901,single_atom
HAT707_202,HAT707nonMR,Bond Dissociation Energies,Thermochemistry,MACE-POLAR-1-L,73.1699969752973,73.47559751205699,0.3056005367596981,0.3056005367596981,single_atom
HAT707_203,HAT707nonMR,Bond Dissociation Energies,Thermochemistry,MACE-POLAR-1-L,-47.49999793656158,-59.178851466672754,-11.678853530111176,11.678853530111176,single_atom
HAT707_204,HAT707nonMR,Bond Dissociation Energies,Thermochemistry,MACE-POLAR-1-L,31.42999862871055,30.99964011116169,-0.4303585175488607,0.4303585175488607,single_atom
HAT707_205,HAT707nonMR,Bond Dissociation Energies,Thermochemistry,MACE-POLAR-1-L,129.79999463432537,131.6714415816658,1.8714469473404165,1.8714469473404165,single_atom
HAT707_206,HAT707nonMR,Bond Dissociation Energies,Thermochemistry,MACE-POLAR-1-L,75.73999686905847,91.0924795661067,15.35248269704823,15.35248269704823,single_atom
HAT707_207,HAT707nonMR,Bond Dissociation Energies,Thermochemistry,MACE-POLAR-1-L,102.19999577525464,102.71691434866996,0.5169185734153245,0.5169185734153245,single_atom
HAT707_208,HAT707nonMR,Bond Dissociation Energies,Thermochemistry,MACE-POLAR-1-L,65.30999730021375,66.07409981640262,0.7641025161888706,0.7641025161888706,single_atom
HAT707_209,HAT707nonMR,Bond Dissociation Energies,Thermochemistry,MACE-POLAR-1-L,59.65999763422474,62.17595094108142,2.51595330685668,2.51595330685668,single_atom
HAT707_21,HAT707nonMR,Bond Dissociation Energies,Thermochemistry,MACE-POLAR-1-L,-35.00999853660394,-34.75194755063483,0.25805098596910625,0.25805098596910625,single_atom
HAT707_210,HAT707nonMR,Bond Dissociation Energies,Thermochemistry,MACE-POLAR-1-L,91.84999620310305,78.3345678880238,-13.515428315079248,13.515428315079248,single_atom
HAT707_211,HAT707nonMR,Bond Dissociation Energies,Thermochemistry,MACE-POLAR-1-L,21.009999243855702,19.855621953368487,-1.154377290487215,1.154377290487215,single_atom
HAT707_212,HAT707nonMR,Bond Dissociation Energies,Thermochemistry,MACE-POLAR-1-L,-26.679999148809127,-22.413521183311648,4.266477965497479,4.266477965497479,single_atom
HAT707_213,HAT707nonMR,Bond Dissociation Energies,Thermochemistry,MACE-POLAR-1-L,-51.459998129152005,-61.93854940541792,-10.478551276265918,10.478551276265918,single_atom
HAT707_214,HAT707nonMR,Bond Dissociation Energies,Thermochemistry,MACE-POLAR-1-L,-20.77999945134744,-18.02020504750343,2.7597944038440083,2.7597944038440083,single_atom
HAT707_215,HAT707nonMR,Bond Dissociation Energies,Thermochemistry,MACE-POLAR-1-L,22.54999910958216,10.533654337252107,-12.016344772330052,12.016344772330052,single_atom
HAT707_216,HAT707nonMR,Bond Dissociation Energies,Thermochemistry,MACE-POLAR-1-L,-26.27999888215485,-23.485813125544453,2.7941857566103963,2.7941857566103963,single_atom
HAT707_217,HAT707nonMR,Bond Dissociation Energies,Thermochemistry,MACE-POLAR-1-L,48.14999797768136,38.429366007890366,-9.720631969790993,9.720631969790993,single_atom
HAT707_218,HAT707nonMR,Bond Dissociation Energies,Thermochemistry,MACE-POLAR-1-L,16.989999105393554,6.26384041868029,-10.726158686713266,10.726158686713266,single_atom
HAT707_219,HAT707nonMR,Bond Dissociation Energies,Thermochemistry,MACE-POLAR-1-L,38.97999809266351,40.44057397369736,1.4605758810338543,1.4605758810338543,single_atom
HAT707_22,HAT707nonMR,Bond Dissociation Energies,Thermochemistry,MACE-POLAR-1-L,0.4500002215473813,-1.813132442136176,-2.2631326636835576,2.2631326636835576,single_atom
HAT707_220,HAT707nonMR,Bond Dissociation Energies,Thermochemistry,MACE-POLAR-1-L,-9.109999311636654,-5.190861584123294,3.9191377275133608,3.9191377275133608,single_atom
HAT707_222,HAT707nonMR,Bond Dissociation Energies,Thermochemistry,MACE-POLAR-1-L,-31.169998863266425,-30.246610853549488,0.9233880097169376,0.9233880097169376,single_atom
HAT707_223,HAT707nonMR,Bond Dissociation Energies,Thermochemistry,MACE-POLAR-1-L,39.66999809769778,28.232335081105823,-11.437663016591955,11.437663016591955,single_atom
HAT707_224,HAT707nonMR,Bond Dissociation Energies,Thermochemistry,MACE-POLAR-1-L,-42.459998090770696,-42.89558988697697,-0.43559179620627475,0.43559179620627475,single_atom
HAT707_225,HAT707nonMR,Bond Dissociation Energies,Thermochemistry,MACE-POLAR-1-L,4.820000044261236,-6.917723377833201,-11.737723422094437,11.737723422094437,single_atom
HAT707_226,HAT707nonMR,Bond Dissociation Energies,Thermochemistry,MACE-POLAR-1-L,-10.779999687594644,-10.083672372642503,0.696327314952141,0.696327314952141,single_atom
HAT707_227,HAT707nonMR,Bond Dissociation Energies,Thermochemistry,MACE-POLAR-1-L,-27.929998648646123,-38.34547393013032,-10.415475281484195,10.415475281484195,single_atom
HAT707_228,HAT707nonMR,Bond Dissociation Energies,Thermochemistry,MACE-POLAR-1-L,22.32999930805251,25.16388978286188,2.833890474809369,2.833890474809369,single_atom
HAT707_229,HAT707nonMR,Bond Dissociation Energies,Thermochemistry,MACE-POLAR-1-L,-87.96999656756792,-97.20261663381346,-9.232620066245545,9.232620066245545,single_atom
HAT707_23,HAT707nonMR,Bond Dissociation Energies,Thermochemistry,MACE-POLAR-1-L,-54.01999770220718,-55.1562860559034,-1.136288353696223,1.136288353696223,single_atom
HAT707_230,HAT707nonMR,Bond Dissociation Energies,Thermochemistry,MACE-POLAR-1-L,9.12999992110337,6.31022273764524,-2.819777183458129,2.819777183458129,single_atom
HAT707_231,HAT707nonMR,Bond Dissociation Energies,Thermochemistry,MACE-POLAR-1-L,-40.30999814783893,-27.5096151519193,12.800382995919634,12.800382995919634,single_atom
HAT707_232,HAT707nonMR,Bond Dissociation Energies,Thermochemistry,MACE-POLAR-1-L,-78.37999706144801,-74.68044318059854,3.6995538808494643,3.6995538808494643,single_atom
HAT707_233,HAT707nonMR,Bond Dissociation Energies,Thermochemistry,MACE-POLAR-1-L,-106.97999573317117,-96.1102937568722,10.86970197629897,10.86970197629897,single_atom
HAT707_234,HAT707nonMR,Bond Dissociation Energies,Thermochemistry,MACE-POLAR-1-L,-0.7099999869915055,-0.4196324860711788,0.29036750092032665,0.29036750092032665,single_atom
HAT707_235,HAT707nonMR,Bond Dissociation Energies,Thermochemistry,MACE-POLAR-1-L,47.12999827035263,69.66262898982258,22.53263071946995,22.53263071946995,single_atom
HAT707_238,HAT707nonMR,Bond Dissociation Energies,Thermochemistry,MACE-POLAR-1-L,116.62999517874648,117.85959611011958,1.2296009313730991,1.2296009313730991,single_atom
HAT707_239,HAT707nonMR,Bond Dissociation Energies,Thermochemistry,MACE-POLAR-1-L,84.41999651024416,85.6506216519726,1.2306251417284386,1.2306251417284386,single_atom
HAT707_24,HAT707nonMR,Bond Dissociation Energies,Thermochemistry,MACE-POLAR-1-L,-72.21999697103273,-75.23192126152183,-3.0119242904891053,3.0119242904891053,single_atom
HAT707_240,HAT707nonMR,Bond Dissociation Energies,Thermochemistry,MACE-POLAR-1-L,29.259998703821548,33.06696973730275,3.806971033481201,3.806971033481201,single_atom
HAT707_241,HAT707nonMR,Bond Dissociation Energies,Thermochemistry,MACE-POLAR-1-L,114.53999526514332,115.83176849806824,1.2917732329249247,1.2917732329249247,single_atom
HAT707_242,HAT707nonMR,Bond Dissociation Energies,Thermochemistry,MACE-POLAR-1-L,39.83999857184379,30.28312295788567,-9.556875613958123,9.556875613958123,single_atom
HAT707_243,HAT707nonMR,Bond Dissociation Energies,Thermochemistry,MACE-POLAR-1-L,32.84999860269356,23.170345730434583,-9.679652872258977,9.679652872258977,single_atom
HAT707_244,HAT707nonMR,Bond Dissociation Energies,Thermochemistry,MACE-POLAR-1-L,30.41999891236044,20.07826299482012,-10.341735917540323,10.341735917540323,single_atom
HAT707_245,HAT707nonMR,Bond Dissociation Energies,Thermochemistry,MACE-POLAR-1-L,37.6699986469548,27.99921738605386,-9.670781260900942,9.670781260900942,single_atom
HAT707_246,HAT707nonMR,Bond Dissociation Energies,Thermochemistry,MACE-POLAR-1-L,43.13999810482634,33.70830594496169,-9.431692159864653,9.431692159864653,single_atom
HAT707_247,HAT707nonMR,Bond Dissociation Energies,Thermochemistry,MACE-POLAR-1-L,54.04999767514305,45.6207894982253,-8.429208176917747,8.429208176917747,single_atom
HAT707_248,HAT707nonMR,Bond Dissociation Energies,Thermochemistry,MACE-POLAR-1-L,-33.429998706963005,-43.35963444517832,-9.929635738215318,9.929635738215318,single_atom
HAT707_249,HAT707nonMR,Bond Dissociation Energies,Thermochemistry,MACE-POLAR-1-L,63.73999736511453,53.11623144531144,-10.623765919803091,10.623765919803091,single_atom
HAT707_25,HAT707nonMR,Bond Dissociation Energies,Thermochemistry,MACE-POLAR-1-L,-144.62999377065924,-150.43497918668845,-5.804985416029211,5.804985416029211,single_atom
HAT707_250,HAT707nonMR,Bond Dissociation Energies,Thermochemistry,MACE-POLAR-1-L,-38.38999862492492,-52.49816542598122,-14.1081668010563,14.1081668010563,single_atom
HAT707_251,HAT707nonMR,Bond Dissociation Energies,Thermochemistry,MACE-POLAR-1-L,100.09999586206406,91.54591567195806,-8.554080190106006,8.554080190106006,single_atom
HAT707_252,HAT707nonMR,Bond Dissociation Energies,Thermochemistry,MACE-POLAR-1-L,48.6299981721646,37.868131481433245,-10.761866690731352,10.761866690731352,single_atom
HAT707_253,HAT707nonMR,Bond Dissociation Energies,Thermochemistry,MACE-POLAR-1-L,-76.6999966945114,-73.65994682029927,3.04004987421213,3.04004987421213,single_atom
HAT707_254,HAT707nonMR,Bond Dissociation Energies,Thermochemistry,MACE-POLAR-1-L,122.66999492906533,119.75668257973965,-2.913312349325679,2.913312349325679,single_atom
HAT707_255,HAT707nonMR,Bond Dissociation Energies,Thermochemistry,MACE-POLAR-1-L,48.20999792355308,51.88636600308003,3.676368079526945,3.676368079526945,single_atom
HAT707_256,HAT707nonMR,Bond Dissociation Energies,Thermochemistry,MACE-POLAR-1-L,66.41999725432856,71.89533367615807,5.47533642182951,5.47533642182951,single_atom
HAT707_257,HAT707nonMR,Bond Dissociation Energies,Thermochemistry,MACE-POLAR-1-L,18.589999544501204,24.46698790450202,5.876988360000816,5.876988360000816,single_atom
HAT707_258,HAT707nonMR,Bond Dissociation Energies,Thermochemistry,MACE-POLAR-1-L,26.27999888215485,34.572024295133055,8.292025412978205,8.292025412978205,single_atom
HAT707_259,HAT707nonMR,Bond Dissociation Energies,Thermochemistry,MACE-POLAR-1-L,31.91999881417241,47.68606323606632,15.766064421893908,15.766064421893908,single_atom
HAT707_26,HAT707nonMR,Bond Dissociation Energies,Thermochemistry,MACE-POLAR-1-L,-14.109999193513053,-18.34390511894625,-4.233905925433197,4.233905925433197,single_atom
HAT707_27,HAT707nonMR,Bond Dissociation Energies,Thermochemistry,MACE-POLAR-1-L,-15.589999113367783,-17.03607719191305,-1.446078078545268,1.446078078545268,single_atom
HAT707_270,HAT707nonMR,Bond Dissociation Energies,Thermochemistry,MACE-POLAR-1-L,62.08999732455786,48.705432034625865,-13.384565289931992,13.384565289931992,single_atom
HAT707_271,HAT707nonMR,Bond Dissociation Energies,Thermochemistry,MACE-POLAR-1-L,103.80999570870044,89.14445276389067,-14.665542944809772,14.665542944809772,single_atom
HAT707_272,HAT707nonMR,Bond Dissociation Energies,Thermochemistry,MACE-POLAR-1-L,55.37999773031848,41.95006302651581,-13.429934703802672,13.429934703802672,single_atom
HAT707_274,HAT707nonMR,Bond Dissociation Energies,Thermochemistry,MACE-POLAR-1-L,45.68999831441237,32.68474022643117,-13.005258087981204,13.005258087981204,single_atom
HAT707_275,HAT707nonMR,Bond Dissociation Energies,Thermochemistry,MACE-POLAR-1-L,14.059999238619952,-0.1556504481050403,-14.215649686724992,14.215649686724992,single_atom
HAT707_276,HAT707nonMR,Bond Dissociation Energies,Thermochemistry,MACE-POLAR-1-L,15.629999077282264,2.458753151568725,-13.171245925713539,13.171245925713539,single_atom
HAT707_277,HAT707nonMR,Bond Dissociation Energies,Thermochemistry,MACE-POLAR-1-L,-2.570000191543277,-17.61688205404971,-15.046881862506433,15.046881862506433,single_atom
HAT707_278,HAT707nonMR,Bond Dissociation Energies,Thermochemistry,MACE-POLAR-1-L,30.879998497376967,15.501591713925794,-15.378406783451172,15.378406783451172,single_atom
HAT707_279,HAT707nonMR,Bond Dissociation Energies,Thermochemistry,MACE-POLAR-1-L,-0.500000176440482,-16.686423124915116,-16.186422948474632,16.186422948474632,single_atom
HAT707_28,HAT707nonMR,Bond Dissociation Energies,Thermochemistry,MACE-POLAR-1-L,-69.64999740699892,-57.615039207477366,12.034958199521554,12.034958199521554,single_atom
HAT707_280,HAT707nonMR,Bond Dissociation Energies,Thermochemistry,MACE-POLAR-1-L,54.05999766612167,40.578962015580046,-13.481035650541621,13.481035650541621,single_atom
HAT707_281,HAT707nonMR,Bond Dissociation Energies,Thermochemistry,MACE-POLAR-1-L,-31.91999881417241,-47.68606323607156,-15.766064421899152,15.766064421899152,single_atom
HAT707_282,HAT707nonMR,Bond Dissociation Energies,Thermochemistry,MACE-POLAR-1-L,70.27999709476371,55.03085111259317,-15.249145982170546,15.249145982170546,single_atom
HAT707_283,HAT707nonMR,Bond Dissociation Energies,Thermochemistry,MACE-POLAR-1-L,33.389998743048515,18.38803658032581,-15.001962162722705,15.001962162722705,single_atom
HAT707_284,HAT707nonMR,Bond Dissociation Energies,Thermochemistry,MACE-POLAR-1-L,27.73999882005234,14.489887705004609,-13.25011111504773,13.25011111504773,single_atom
HAT707_285,HAT707nonMR,Bond Dissociation Energies,Thermochemistry,MACE-POLAR-1-L,170.229992963029,153.01501106862236,-17.214981894406634,17.214981894406634,single_atom
HAT707_286,HAT707nonMR,Bond Dissociation Energies,Thermochemistry,MACE-POLAR-1-L,-10.909999570316703,-27.83044128270832,-16.920441712391618,16.920441712391618,single_atom
HAT707_287,HAT707nonMR,Bond Dissociation Energies,Thermochemistry,MACE-POLAR-1-L,-58.59999733547206,-70.09958441938845,-11.499587083916389,11.499587083916389,single_atom
HAT707_288,HAT707nonMR,Bond Dissociation Energies,Thermochemistry,MACE-POLAR-1-L,26.91999893229601,12.741893775191112,-14.178105157104898,14.178105157104898,single_atom
HAT707_289,HAT707nonMR,Bond Dissociation Energies,Thermochemistry,MACE-POLAR-1-L,-52.69999763801037,-65.70626828358024,-13.00627064556987,13.00627064556987,single_atom
HAT707_29,HAT707nonMR,Bond Dissociation Energies,Thermochemistry,MACE-POLAR-1-L,-45.5399978222236,-49.3435452301027,-3.803547407879101,3.803547407879101,single_atom
HAT707_290,HAT707nonMR,Bond Dissociation Energies,Thermochemistry,MACE-POLAR-1-L,100.91999582816683,85.21409751785065,-15.705898310316186,15.705898310316186,single_atom
HAT707_291,HAT707nonMR,Bond Dissociation Energies,Thermochemistry,MACE-POLAR-1-L,-58.20999768730587,-71.17187636163175,-12.961878674325874,12.961878674325874,single_atom
HAT707_292,HAT707nonMR,Bond Dissociation Energies,Thermochemistry,MACE-POLAR-1-L,126.52999476950046,113.1098091884994,-13.420185581001064,13.420185581001064,single_atom
HAT707_293,HAT707nonMR,Bond Dissociation Energies,Thermochemistry,MACE-POLAR-1-L,95.35999605800664,80.94428359927883,-14.41571245872781,14.41571245872781,single_atom
HAT707_294,HAT707nonMR,Bond Dissociation Energies,Thermochemistry,MACE-POLAR-1-L,7.059999906000574,-7.245489262379449,-14.305489168380022,14.305489168380022,single_atom
HAT707_295,HAT707nonMR,Bond Dissociation Energies,Thermochemistry,MACE-POLAR-1-L,-41.029998125809065,-52.876924820189615,-11.84692669438055,11.84692669438055,single_atom
HAT707_298,HAT707nonMR,Bond Dissociation Energies,Thermochemistry,MACE-POLAR-1-L,-63.08999767743883,-77.93267408962629,-14.842676412187458,14.842676412187458,single_atom
HAT707_299,HAT707nonMR,Bond Dissociation Energies,Thermochemistry,MACE-POLAR-1-L,118.03999512046012,102.91277826170436,-15.127216858755759,15.127216858755759,single_atom
HAT707_30,HAT707nonMR,Bond Dissociation Energies,Thermochemistry,MACE-POLAR-1-L,56.6599978306008,53.37336911856203,-3.2866287120387696,3.2866287120387696,single_atom
HAT707_300,HAT707nonMR,Bond Dissociation Energies,Thermochemistry,MACE-POLAR-1-L,-74.37999690494311,-90.58165312305375,-16.201656218110642,16.201656218110642,single_atom
HAT707_301,HAT707nonMR,Bond Dissociation Energies,Thermochemistry,MACE-POLAR-1-L,17.90999953044556,3.949548853021352,-13.960450677424209,13.960450677424209,single_atom
HAT707_302,HAT707nonMR,Bond Dissociation Energies,Thermochemistry,MACE-POLAR-1-L,83.19999656067712,67.76271980290167,-15.43727675777545,15.43727675777545,single_atom
HAT707_303,HAT707nonMR,Bond Dissociation Energies,Thermochemistry,MACE-POLAR-1-L,-42.699998501767055,-57.76973560870882,-15.069737106941766,15.069737106941766,single_atom
HAT707_304,HAT707nonMR,Bond Dissociation Energies,Thermochemistry,MACE-POLAR-1-L,50.44999778529241,36.33496925047872,-14.115028534813689,14.115028534813689,single_atom
HAT707_305,HAT707nonMR,Bond Dissociation Energies,Thermochemistry,MACE-POLAR-1-L,-9.589999506119897,-22.52217345321493,-12.932173947095032,12.932173947095032,single_atom
HAT707_306,HAT707nonMR,Bond Dissociation Energies,Thermochemistry,MACE-POLAR-1-L,87.50999638250988,80.99066591825427,-6.519330464255617,6.519330464255617,single_atom
HAT707_307,HAT707nonMR,Bond Dissociation Energies,Thermochemistry,MACE-POLAR-1-L,-45.749998260284094,-49.691652133771946,-3.9416538734878515,3.9416538734878515,single_atom
HAT707_308,HAT707nonMR,Bond Dissociation Energies,Thermochemistry,MACE-POLAR-1-L,-72.22999696201134,-75.19567838798562,-2.9656814259742816,2.9656814259742816,single_atom
HAT707_309,HAT707nonMR,Bond Dissociation Energies,Thermochemistry,MACE-POLAR-1-L,-138.89999454734357,-143.796356992949,-4.896362445605433,4.896362445605433,single_atom
HAT707_31,HAT707nonMR,Bond Dissociation Energies,Thermochemistry,MACE-POLAR-1-L,19.77999909846648,16.730554586294673,-3.0494445121718066,3.0494445121718066,single_atom
HAT707_310,HAT707nonMR,Bond Dissociation Energies,Thermochemistry,MACE-POLAR-1-L,-76.4499969200459,-91.51211205217788,-15.062115132131979,15.062115132131979,single_atom
HAT707_311,HAT707nonMR,Bond Dissociation Energies,Thermochemistry,MACE-POLAR-1-L,78.37999675992594,74.6804431805933,-3.699553579332644,3.699553579332644,single_atom
HAT707_312,HAT707nonMR,Bond Dissociation Energies,Thermochemistry,MACE-POLAR-1-L,-28.609998662701766,-21.42985057628413,7.180148086417635,7.180148086417635,single_atom
HAT707_313,HAT707nonMR,Bond Dissociation Energies,Thermochemistry,MACE-POLAR-1-L,52.04999759689059,36.97016658200514,-15.07983101488545,15.07983101488545,single_atom
HAT707_314,HAT707nonMR,Bond Dissociation Energies,Thermochemistry,MACE-POLAR-1-L,-57.16999737051044,-81.19743872242341,-24.027441351912977,24.027441351912977,single_atom
HAT707_318,HAT707nonMR,Bond Dissociation Energies,Thermochemistry,MACE-POLAR-1-L,84.70999649825619,70.17353287404278,-14.536463624213411,14.536463624213411,single_atom
HAT707_319,HAT707nonMR,Bond Dissociation Energies,Thermochemistry,MACE-POLAR-1-L,49.06999777522388,34.8889243002166,-14.181073475007281,14.181073475007281,single_atom
HAT707_32,HAT707nonMR,Bond Dissociation Energies,Thermochemistry,MACE-POLAR-1-L,14.129999175470292,12.832405710973472,-1.2975934644968206,1.2975934644968206,single_atom
HAT707_320,HAT707nonMR,Bond Dissociation Energies,Thermochemistry,MACE-POLAR-1-L,52.499997818437976,37.964558415895794,-14.535439402542181,14.535439402542181,single_atom
HAT707_321,HAT707nonMR,Bond Dissociation Energies,Thermochemistry,MACE-POLAR-1-L,-2.660000110350859,-14.619093498753085,-11.959093388402225,11.959093388402225,single_atom
HAT707_322,HAT707nonMR,Bond Dissociation Energies,Thermochemistry,MACE-POLAR-1-L,38.79999825504834,24.73928893196153,-14.060709323086808,14.060709323086808,single_atom
HAT707_323,HAT707nonMR,Bond Dissociation Energies,Thermochemistry,MACE-POLAR-1-L,118.21999500578232,104.9635661385052,-13.256428867277123,13.256428867277123,single_atom
HAT707_324,HAT707nonMR,Bond Dissociation Energies,Thermochemistry,MACE-POLAR-1-L,111.22999540197188,97.85078891105412,-13.379206490917753,13.379206490917753,single_atom
HAT707_326,HAT707nonMR,Bond Dissociation Energies,Thermochemistry,MACE-POLAR-1-L,108.78999550283716,94.75870617541868,-14.031289327418477,14.031289327418477,single_atom
HAT707_327,HAT707nonMR,Bond Dissociation Energies,Thermochemistry,MACE-POLAR-1-L,116.04999520272304,102.67966056667338,-13.370334636049662,13.370334636049662,single_atom
HAT707_328,HAT707nonMR,Bond Dissociation Energies,Thermochemistry,MACE-POLAR-1-L,121.51999497660395,108.38874912556022,-13.13124585104373,13.13124585104373,single_atom
HAT707_329,HAT707nonMR,Bond Dissociation Energies,Thermochemistry,MACE-POLAR-1-L,132.41999452601925,120.3012326787924,-12.11876184722685,12.11876184722685,single_atom
HAT707_33,HAT707nonMR,Bond Dissociation Energies,Thermochemistry,MACE-POLAR-1-L,-5.2799996292777625,-12.921559831991908,-7.641560202714146,7.641560202714146,single_atom
HAT707_331,HAT707nonMR,Bond Dissociation Energies,Thermochemistry,MACE-POLAR-1-L,44.94999835448501,31.320808735420236,-13.629189619064775,13.629189619064775,single_atom
HAT707_332,HAT707nonMR,Bond Dissociation Energies,Thermochemistry,MACE-POLAR-1-L,142.11999412504048,127.79667462604633,-14.323319498994152,14.323319498994152,single_atom
HAT707_333,HAT707nonMR,Bond Dissociation Energies,Thermochemistry,MACE-POLAR-1-L,39.989998436523095,22.182277754627812,-17.807720681895283,17.807720681895283,single_atom
HAT707_335,HAT707nonMR,Bond Dissociation Energies,Thermochemistry,MACE-POLAR-1-L,178.47999262199,166.2263588525671,-12.25363376942289,12.25363376942289,single_atom
HAT707_337,HAT707nonMR,Bond Dissociation Energies,Thermochemistry,MACE-POLAR-1-L,50.3399978845276,36.32369068091161,-14.016307203615987,14.016307203615987,single_atom
HAT707_338,HAT707nonMR,Bond Dissociation Energies,Thermochemistry,MACE-POLAR-1-L,-38.64999839036904,-62.57992152191878,-23.929923131549735,23.929923131549735,single_atom
HAT707_34,HAT707nonMR,Bond Dissociation Energies,Thermochemistry,MACE-POLAR-1-L,-24.51999921489875,-29.48792327673945,-4.9679240618407015,4.9679240618407015,single_atom
HAT707_340,HAT707nonMR,Bond Dissociation Energies,Thermochemistry,MACE-POLAR-1-L,127.00999474965847,112.5485746620318,-14.461420087626678,14.461420087626678,single_atom
HAT707_342,HAT707nonMR,Bond Dissociation Energies,Thermochemistry,MACE-POLAR-1-L,46.92999782327075,28.66420301363294,-18.265794809637814,18.265794809637814,single_atom
HAT707_343,HAT707nonMR,Bond Dissociation Energies,Thermochemistry,MACE-POLAR-1-L,44.14999844868593,34.491836676404816,-9.658161772281112,9.658161772281112,single_atom
HAT707_344,HAT707nonMR,Bond Dissociation Energies,Thermochemistry,MACE-POLAR-1-L,16.28999910938067,4.200302767097601,-12.08969634228307,12.08969634228307,single_atom
HAT707_345,HAT707nonMR,Bond Dissociation Energies,Thermochemistry,MACE-POLAR-1-L,34.49999836918484,24.209270440049814,-10.290727929135024,10.290727929135024,single_atom
HAT707_347,HAT707nonMR,Bond Dissociation Energies,Thermochemistry,MACE-POLAR-1-L,-13.329999269671209,-23.21907533160625,-9.88907606193504,9.88907606193504,single_atom
HAT707_348,HAT707nonMR,Bond Dissociation Energies,Thermochemistry,MACE-POLAR-1-L,-5.639999932017563,-13.114038940933266,-7.474039008915703,7.474039008915703,single_atom
HAT707_35,HAT707nonMR,Bond Dissociation Energies,Thermochemistry,MACE-POLAR-1-L,-72.20999698005411,-71.7570664134196,0.4529305666345209,0.4529305666345209,single_atom
HAT707_351,HAT707nonMR,Bond Dissociation Energies,Thermochemistry,MACE-POLAR-1-L,22.209998788799595,17.177494968373953,-5.032503820425642,5.032503820425642,single_atom
HAT707_352,HAT707nonMR,Bond Dissociation Energies,Thermochemistry,MACE-POLAR-1-L,5.699999877889284,-5.945449710554169,-11.645449588443453,11.645449588443453,single_atom
HAT707_353,HAT707nonMR,Bond Dissociation Energies,Thermochemistry,MACE-POLAR-1-L,2.6500001193722382,-8.288953541257388,-10.938953660629627,10.938953660629627,single_atom
HAT707_356,HAT707nonMR,Bond Dissociation Energies,Thermochemistry,MACE-POLAR-1-L,-75.7399969330544,-91.09247956609096,-15.352482633036558,15.352482633036558,single_atom
HAT707_357,HAT707nonMR,Bond Dissociation Energies,Thermochemistry,MACE-POLAR-1-L,-76.04999665339162,-80.4556558958231,-4.405659242431483,4.405659242431483,single_atom
HAT707_36,HAT707nonMR,Bond Dissociation Energies,Thermochemistry,MACE-POLAR-1-L,10.499999312683803,7.560508871657687,-2.9394904410261162,2.9394904410261162,single_atom
HAT707_369,HAT707nonMR,Bond Dissociation Energies,Thermochemistry,MACE-POLAR-1-L,-2.6500001193722382,8.288953541267876,10.938953660640115,10.938953660640115,single_atom
HAT707_37,HAT707nonMR,Bond Dissociation Energies,Thermochemistry,MACE-POLAR-1-L,-148.58999396324967,-153.19467712542314,-4.6046831621734725,4.6046831621734725,single_atom
HAT707_375,HAT707nonMR,Bond Dissociation Energies,Thermochemistry,MACE-POLAR-1-L,-96.12999610872616,-97.046982948106,-0.9169868393798453,0.9169868393798453,single_atom
HAT707_38,HAT707nonMR,Bond Dissociation Energies,Thermochemistry,MACE-POLAR-1-L,-66.31999727357103,-67.36375027761137,-1.0437530040403402,1.0437530040403402,single_atom
HAT707_381,HAT707nonMR,Bond Dissociation Energies,Thermochemistry,MACE-POLAR-1-L,43.219998032655305,40.46643640656958,-2.7535616260857267,2.7535616260857267,single_atom
HAT707_384,HAT707nonMR,Bond Dissociation Energies,Thermochemistry,MACE-POLAR-1-L,-100.08999567380712,-99.8066808868302,0.2833147869769306,0.2833147869769306,single_atom
HAT707_386,HAT707nonMR,Bond Dissociation Energies,Thermochemistry,MACE-POLAR-1-L,-26.07999906258244,-27.33447714418114,-1.2544780815986982,1.2544780815986982,single_atom
HAT707_388,HAT707nonMR,Bond Dissociation Energies,Thermochemistry,MACE-POLAR-1-L,-0.4800001944832417,0.5612345264780928,1.0412347209613344,1.0412347209613344,single_atom
HAT707_389,HAT707nonMR,Bond Dissociation Energies,Thermochemistry,MACE-POLAR-1-L,-31.639998439261568,-31.60429106275296,0.03570737650860778,0.03570737650860778,single_atom
HAT707_39,HAT707nonMR,Bond Dissociation Energies,Thermochemistry,MACE-POLAR-1-L,-74.57999672451551,-80.7224733827636,-6.142476658248086,6.142476658248086,single_atom
HAT707_393,HAT707nonMR,Bond Dissociation Energies,Thermochemistry,MACE-POLAR-1-L,-85.27999648428118,-89.39039186805765,-4.1103953837764635,4.1103953837764635,single_atom
HAT707_395,HAT707nonMR,Bond Dissociation Energies,Thermochemistry,MACE-POLAR-1-L,-8.959999446957351,-9.635796400327424,-0.6757969533700727,0.6757969533700727,single_atom
HAT707_397,HAT707nonMR,Bond Dissociation Energies,Thermochemistry,MACE-POLAR-1-L,-43.80999812790336,-44.785854859203525,-0.975856731300162,0.975856731300162,single_atom
HAT707_399,HAT707nonMR,Bond Dissociation Energies,Thermochemistry,MACE-POLAR-1-L,-76.55999682081072,-76.21360541154259,0.3463914092681364,0.3463914092681364,single_atom
HAT707_40,HAT707nonMR,Bond Dissociation Energies,Thermochemistry,MACE-POLAR-1-L,-71.81999733188792,-72.82935835564192,-1.0093610237539963,1.0093610237539963,single_atom
HAT707_401,HAT707nonMR,Bond Dissociation Energies,Thermochemistry,MACE-POLAR-1-L,-136.59999411222302,-135.07074811523623,1.5292459969867878,1.5292459969867878,single_atom
HAT707_402,HAT707nonMR,Bond Dissociation Energies,Thermochemistry,MACE-POLAR-1-L,-39.49999825106123,-31.55790874376704,7.942089507294188,7.942089507294188,single_atom
HAT707_403,HAT707nonMR,Bond Dissociation Energies,Thermochemistry,MACE-POLAR-1-L,-50.3399978845276,-36.32369068090112,14.016307203626475,14.016307203626475,single_atom
HAT707_405,HAT707nonMR,Bond Dissociation Energies,Thermochemistry,MACE-POLAR-1-L,-127.00999460610312,-112.5485746620318,14.461419944071324,14.461419944071324,single_atom
HAT707_407,HAT707nonMR,Bond Dissociation Energies,Thermochemistry,MACE-POLAR-1-L,-48.6299981721646,-37.86813148143849,10.761866690726109,10.761866690726109,single_atom
HAT707_408,HAT707nonMR,Bond Dissociation Energies,Thermochemistry,MACE-POLAR-1-L,41.159998008531126,37.32022875919333,-3.839769249337799,3.839769249337799,single_atom
HAT707_409,HAT707nonMR,Bond Dissociation Energies,Thermochemistry,MACE-POLAR-1-L,-59.81999748988267,-72.90848518111359,-13.088487691230924,13.088487691230924,single_atom
HAT707_41,HAT707nonMR,Bond Dissociation Energies,Thermochemistry,MACE-POLAR-1-L,-48.97999785641631,-52.82676171211485,-3.8467638556985406,3.8467638556985406,single_atom
HAT707_410,HAT707nonMR,Bond Dissociation Energies,Thermochemistry,MACE-POLAR-1-L,-124.73999477142792,-137.42830043776732,-12.688305666339403,12.688305666339403,single_atom
HAT707_415,HAT707nonMR,Bond Dissociation Energies,Thermochemistry,MACE-POLAR-1-L,-8.78999960032081,-7.585008523547578,1.204991076773232,1.204991076773232,single_atom
HAT707_416,HAT707nonMR,Bond Dissociation Energies,Thermochemistry,MACE-POLAR-1-L,-15.779999569471045,-14.697785750998664,1.0822138184723809,1.0822138184723809,single_atom
HAT707_417,HAT707nonMR,Bond Dissociation Energies,Thermochemistry,MACE-POLAR-1-L,-88.769996473367,-94.08569884597516,-5.315702372608158,5.315702372608158,single_atom
HAT707_418,HAT707nonMR,Bond Dissociation Energies,Thermochemistry,MACE-POLAR-1-L,-18.209999259804164,-17.789868486634102,0.42013077317006164,0.42013077317006164,single_atom
HAT707_419,HAT707nonMR,Bond Dissociation Energies,Thermochemistry,MACE-POLAR-1-L,-10.959999525209806,-9.868914095379388,1.091085429830418,1.091085429830418,single_atom
HAT707_42,HAT707nonMR,Bond Dissociation Energies,Thermochemistry,MACE-POLAR-1-L,-80.1399967287041,-84.99228730133541,-4.852290572631304,4.852290572631304,single_atom
HAT707_420,HAT707nonMR,Bond Dissociation Energies,Thermochemistry,MACE-POLAR-1-L,-5.49000006733826,-4.159825536492536,1.3301745308457233,1.3301745308457233,single_atom
HAT707_421,HAT707nonMR,Bond Dissociation Energies,Thermochemistry,MACE-POLAR-1-L,5.4199995029784445,7.752658016771075,2.33265851379263,2.33265851379263,single_atom
HAT707_422,HAT707nonMR,Bond Dissociation Energies,Thermochemistry,MACE-POLAR-1-L,-93.26999617880293,-102.93600295450244,-9.666006775699515,9.666006775699515,single_atom
HAT707_423,HAT707nonMR,Bond Dissociation Energies,Thermochemistry,MACE-POLAR-1-L,-82.05999687912761,-81.22776592661157,0.8322309525160421,0.8322309525160421,single_atom
HAT707_424,HAT707nonMR,Bond Dissociation Energies,Thermochemistry,MACE-POLAR-1-L,15.109999546394016,15.248099963941106,0.1381004175470899,0.1381004175470899,single_atom
HAT707_425,HAT707nonMR,Bond Dissociation Energies,Thermochemistry,MACE-POLAR-1-L,-87.01999616958005,-90.36629690740398,-3.346300737823924,3.346300737823924,single_atom
HAT707_426,HAT707nonMR,Bond Dissociation Energies,Thermochemistry,MACE-POLAR-1-L,51.46999812013062,53.67778419052481,2.2077860703941923,2.2077860703941923,single_atom
HAT707_427,HAT707nonMR,Bond Dissociation Energies,Thermochemistry,MACE-POLAR-1-L,-103.66999558170052,-99.73268368975089,3.9373118919496335,3.9373118919496335,single_atom
HAT707_428,HAT707nonMR,Bond Dissociation Energies,Thermochemistry,MACE-POLAR-1-L,-41.29999850974128,-54.29096798069285,-12.990969470951569,12.990969470951569,single_atom
HAT707_429,HAT707nonMR,Bond Dissociation Energies,Thermochemistry,MACE-POLAR-1-L,-93.6799964364358,-92.10847831360456,1.571518122831236,1.571518122831236,single_atom
HAT707_43,HAT707nonMR,Bond Dissociation Energies,Thermochemistry,MACE-POLAR-1-L,-6.559999729560092,-8.902971256410584,-2.3429715268504925,2.3429715268504925,single_atom
HAT707_430,HAT707nonMR,Bond Dissociation Energies,Thermochemistry,MACE-POLAR-1-L,-143.47999418060846,-153.54250302543048,-10.06250884482202,10.06250884482202,single_atom
HAT707_431,HAT707nonMR,Bond Dissociation Energies,Thermochemistry,MACE-POLAR-1-L,76.69999682937386,73.65994682029402,-3.0400500090798346,3.0400500090798346,single_atom
HAT707_436,HAT707nonMR,Bond Dissociation Energies,Thermochemistry,MACE-POLAR-1-L,3.049999758517045,2.343503830671759,-0.7064959278452858,0.7064959278452858,single_atom
HAT707_437,HAT707nonMR,Bond Dissociation Energies,Thermochemistry,MACE-POLAR-1-L,-23.75999927301414,-27.19958649748136,-3.4395872244672177,3.4395872244672177,single_atom
HAT707_44,HAT707nonMR,Bond Dissociation Energies,Thermochemistry,MACE-POLAR-1-L,-54.64999776136973,-54.53440681419978,0.11559094716995588,0.11559094716995588,single_atom
HAT707_445,HAT707nonMR,Bond Dissociation Energies,Thermochemistry,MACE-POLAR-1-L,67.7399971997623,61.81947097564303,-5.920526224119271,5.920526224119271,single_atom
HAT707_446,HAT707nonMR,Bond Dissociation Energies,Thermochemistry,MACE-POLAR-1-L,109.44999547555372,102.2584917048344,-7.191503770719322,7.191503770719322,single_atom
HAT707_447,HAT707nonMR,Bond Dissociation Energies,Thermochemistry,MACE-POLAR-1-L,61.01999766233604,55.06410196736518,-5.955895694970856,5.955895694970856,single_atom
HAT707_449,HAT707nonMR,Bond Dissociation Energies,Thermochemistry,MACE-POLAR-1-L,51.32999761892047,45.79877916737492,-5.531218451545556,5.531218451545556,single_atom
HAT707_450,HAT707nonMR,Bond Dissociation Energies,Thermochemistry,MACE-POLAR-1-L,84.09999652347236,79.38354692778998,-4.716449595682377,4.716449595682377,single_atom
HAT707_451,HAT707nonMR,Bond Dissociation Energies,Thermochemistry,MACE-POLAR-1-L,19.70999916161613,12.95838849281774,-6.751610668798389,6.751610668798389,single_atom
HAT707_452,HAT707nonMR,Bond Dissociation Energies,Thermochemistry,MACE-POLAR-1-L,-56.62999785766494,-65.48907420432847,-8.859076346663535,8.859076346663535,single_atom
HAT707_453,HAT707nonMR,Bond Dissociation Energies,Thermochemistry,MACE-POLAR-1-L,5.149999746555701,-3.572384183992336,-8.722383930548038,8.722383930548038,single_atom
HAT707_454,HAT707nonMR,Bond Dissociation Energies,Thermochemistry,MACE-POLAR-1-L,-26.27999888215485,-34.57202429514878,-8.29202541299393,8.29202541299393,single_atom
HAT707_455,HAT707nonMR,Bond Dissociation Energies,Thermochemistry,MACE-POLAR-1-L,75.91999686161765,68.14489005353693,-7.7751068080807215,7.7751068080807215,single_atom
HAT707_456,HAT707nonMR,Bond Dissociation Energies,Thermochemistry,MACE-POLAR-1-L,39.02999867506608,31.50207552124859,-7.527923153817493,7.527923153817493,single_atom
HAT707_457,HAT707nonMR,Bond Dissociation Energies,Thermochemistry,MACE-POLAR-1-L,33.3799987520699,27.603926645927388,-5.776072106142514,5.776072106142514,single_atom
HAT707_458,HAT707nonMR,Bond Dissociation Energies,Thermochemistry,MACE-POLAR-1-L,82.7199965805191,72.02434515038904,-10.695651430130056,10.695651430130056,single_atom
HAT707_459,HAT707nonMR,Bond Dissociation Energies,Thermochemistry,MACE-POLAR-1-L,-5.269999638299143,-14.716402341764566,-9.446402703465424,9.446402703465424,single_atom
HAT707_46,HAT707nonMR,Bond Dissociation Energies,Thermochemistry,MACE-POLAR-1-L,17.319999435197495,13.72437915863979,-3.595620276557705,3.595620276557705,single_atom
HAT707_460,HAT707nonMR,Bond Dissociation Energies,Thermochemistry,MACE-POLAR-1-L,-52.95999803096397,-56.98554547846568,-4.025547447501708,4.025547447501708,single_atom
HAT707_461,HAT707nonMR,Bond Dissociation Energies,Thermochemistry,MACE-POLAR-1-L,-60.589997422745896,-68.24877214306316,-7.658774720317268,7.658774720317268,single_atom
HAT707_462,HAT707nonMR,Bond Dissociation Energies,Thermochemistry,MACE-POLAR-1-L,-47.059998333502286,-52.592229342657454,-5.5322310091551685,5.5322310091551685,single_atom
HAT707_463,HAT707nonMR,Bond Dissociation Energies,Thermochemistry,MACE-POLAR-1-L,13.409999197500166,4.223431599596381,-9.186567597903785,9.186567597903785,single_atom
HAT707_464,HAT707nonMR,Bond Dissociation Energies,Thermochemistry,MACE-POLAR-1-L,-52.55999776430969,-58.05783742069848,-5.497839656388791,5.497839656388791,single_atom
HAT707_465,HAT707nonMR,Bond Dissociation Energies,Thermochemistry,MACE-POLAR-1-L,39.01999868408747,32.119143270245125,-6.9008554138423435,6.9008554138423435,single_atom
HAT707_466,HAT707nonMR,Bond Dissociation Energies,Thermochemistry,MACE-POLAR-1-L,7.859999811799661,-0.0463823189754364,-7.906382130775097,7.906382130775097,single_atom
HAT707_467,HAT707nonMR,Bond Dissociation Energies,Thermochemistry,MACE-POLAR-1-L,12.69999921050866,5.868549678543331,-6.831449531965329,6.831449531965329,single_atom
HAT707_468,HAT707nonMR,Bond Dissociation Energies,Thermochemistry,MACE-POLAR-1-L,-35.38999882130098,-39.762885879256345,-4.372887057955367,4.372887057955367,single_atom
HAT707_47,HAT707nonMR,Bond Dissociation Energies,Thermochemistry,MACE-POLAR-1-L,-76.70999668549003,-79.59015608364695,-2.88015939815692,2.88015939815692,single_atom
HAT707_470,HAT707nonMR,Bond Dissociation Energies,Thermochemistry,MACE-POLAR-1-L,-57.44999774542127,-64.81863514870352,-7.36863740328225,7.36863740328225,single_atom
HAT707_471,HAT707nonMR,Bond Dissociation Energies,Thermochemistry,MACE-POLAR-1-L,30.529998813125257,21.92211234345009,-8.607886469675165,8.607886469675165,single_atom
HAT707_472,HAT707nonMR,Bond Dissociation Energies,Thermochemistry,MACE-POLAR-1-L,-68.73999697292554,-77.467614182131,-8.727617209205462,8.727617209205462,single_atom
HAT707_473,HAT707nonMR,Bond Dissociation Energies,Thermochemistry,MACE-POLAR-1-L,-4.3099998768421335,-13.22794611547844,-8.917946238636308,8.917946238636308,single_atom
HAT707_474,HAT707nonMR,Bond Dissociation Energies,Thermochemistry,MACE-POLAR-1-L,-37.05999856974949,-44.6556966678175,-7.595698098068013,7.595698098068013,single_atom
HAT707_475,HAT707nonMR,Bond Dissociation Energies,Thermochemistry,MACE-POLAR-1-L,28.2299990055142,19.15747428202087,-9.072524723493327,9.072524723493327,single_atom
HAT707_476,HAT707nonMR,Bond Dissociation Energies,Thermochemistry,MACE-POLAR-1-L,-3.9499995741023337,-9.408134512292143,-5.45813493818981,5.45813493818981,single_atom
HAT707_477,HAT707nonMR,Bond Dissociation Energies,Thermochemistry,MACE-POLAR-1-L,-97.09999586116182,-103.5128393714692,-6.412843510307383,6.412843510307383,single_atom
HAT707_478,HAT707nonMR,Bond Dissociation Energies,Thermochemistry,MACE-POLAR-1-L,-67.96999704006231,-66.86914710214589,1.100849937916422,1.100849937916422,single_atom
HAT707_479,HAT707nonMR,Bond Dissociation Energies,Thermochemistry,MACE-POLAR-1-L,-66.58999702999378,-62.0816394470104,4.508357582983379,4.508357582983379,single_atom
HAT707_48,HAT707nonMR,Bond Dissociation Energies,Thermochemistry,MACE-POLAR-1-L,-57.45999773639989,-63.02379263890988,-5.56379490250999,5.56379490250999,single_atom
HAT707_480,HAT707nonMR,Bond Dissociation Energies,Thermochemistry,MACE-POLAR-1-L,-87.5099963550419,-80.99066591825427,6.519330436787641,6.519330436787641,single_atom
HAT707_481,HAT707nonMR,Bond Dissociation Energies,Thermochemistry,MACE-POLAR-1-L,-133.259994615326,-130.6823180520262,2.5776765632998035,2.5776765632998035,single_atom
HAT707_482,HAT707nonMR,Bond Dissociation Energies,Thermochemistry,MACE-POLAR-1-L,-9.12999992110337,-6.31022273766097,2.8197771834423992,2.8197771834423992,single_atom
HAT707_483,HAT707nonMR,Bond Dissociation Energies,Thermochemistry,MACE-POLAR-1-L,29.82999881711237,19.79267161358924,-10.03732720352313,10.03732720352313,single_atom
HAT707_486,HAT707nonMR,Bond Dissociation Energies,Thermochemistry,MACE-POLAR-1-L,90.34999626511012,83.28757181496556,-7.062424450144562,7.062424450144562,single_atom
HAT707_487,HAT707nonMR,Bond Dissociation Energies,Thermochemistry,MACE-POLAR-1-L,2.979999821666704,-1.505054557830303,-4.485054379497007,4.485054379497007,single_atom
HAT707_488,HAT707nonMR,Bond Dissociation Energies,Thermochemistry,MACE-POLAR-1-L,30.70999865074042,23.97290022025092,-6.7370984304895,6.7370984304895,single_atom
HAT707_489,HAT707nonMR,Bond Dissociation Energies,Thermochemistry,MACE-POLAR-1-L,23.719999309099663,16.86012299279983,-6.859876316299832,6.859876316299832,single_atom
HAT707_49,HAT707nonMR,Bond Dissociation Energies,Thermochemistry,MACE-POLAR-1-L,-87.98999654952515,-92.23913511707444,-4.249138567549295,4.249138567549295,single_atom
HAT707_490,HAT707nonMR,Bond Dissociation Energies,Thermochemistry,MACE-POLAR-1-L,21.289998991257068,13.768040257185366,-7.521958734071703,7.521958734071703,single_atom
HAT707_491,HAT707nonMR,Bond Dissociation Energies,Thermochemistry,MACE-POLAR-1-L,28.539998725851422,21.688994648419108,-6.851004077432314,6.851004077432314,single_atom
HAT707_492,HAT707nonMR,Bond Dissociation Energies,Thermochemistry,MACE-POLAR-1-L,34.00999881123245,27.398083207284984,-6.611915603947466,6.611915603947466,single_atom
HAT707_493,HAT707nonMR,Bond Dissociation Energies,Thermochemistry,MACE-POLAR-1-L,44.909998390570536,39.31056676053811,-5.599431630032427,5.599431630032427,single_atom
HAT707_494,HAT707nonMR,Bond Dissociation Energies,Thermochemistry,MACE-POLAR-1-L,-42.559998000556895,-49.66985718283404,-7.109859182277148,7.109859182277148,single_atom
HAT707_495,HAT707nonMR,Bond Dissociation Energies,Thermochemistry,MACE-POLAR-1-L,54.60999779745524,46.806008707666194,-7.803989089789049,7.803989089789049,single_atom
HAT707_496,HAT707nonMR,Bond Dissociation Energies,Thermochemistry,MACE-POLAR-1-L,-47.51999791851881,-58.80838816362646,-11.28839024510765,11.28839024510765,single_atom
HAT707_497,HAT707nonMR,Bond Dissociation Energies,Thermochemistry,MACE-POLAR-1-L,90.96999623948012,85.23569293432331,-5.734303305156814,5.734303305156814,single_atom
HAT707_498,HAT707nonMR,Bond Dissociation Energies,Thermochemistry,MACE-POLAR-1-L,39.49999825106123,31.55790874377752,-7.942089507283708,7.942089507283708,single_atom
HAT707_499,HAT707nonMR,Bond Dissociation Energies,Thermochemistry,MACE-POLAR-1-L,21.93999903237685,17.314341707905026,-4.625657324471824,4.625657324471824,single_atom
HAT707_50,HAT707nonMR,Bond Dissociation Energies,Thermochemistry,MACE-POLAR-1-L,-20.82999940624054,-20.942489629609195,-0.11249022336865622,0.11249022336865622,single_atom
HAT707_500,HAT707nonMR,Bond Dissociation Energies,Thermochemistry,MACE-POLAR-1-L,40.13999830120239,37.32330938106697,-2.8166889201354195,2.8166889201354195,single_atom
HAT707_502,HAT707nonMR,Bond Dissociation Energies,Thermochemistry,MACE-POLAR-1-L,-7.689999965163118,-10.10503639067298,-2.4150364255098626,2.4150364255098626,single_atom
HAT707_503,HAT707nonMR,Bond Dissociation Energies,Thermochemistry,MACE-POLAR-1-L,-35.5499986769589,-40.39657030001166,-4.8465716230527605,4.8465716230527605,single_atom
HAT707_504,HAT707nonMR,Bond Dissociation Energies,Thermochemistry,MACE-POLAR-1-L,-22.209998788799595,-17.1774949684159,5.032503820383695,5.032503820383695,single_atom
HAT707_507,HAT707nonMR,Bond Dissociation Energies,Thermochemistry,MACE-POLAR-1-L,5.639999932017563,13.114038940933266,7.474039008915703,7.474039008915703,single_atom
HAT707_508,HAT707nonMR,Bond Dissociation Energies,Thermochemistry,MACE-POLAR-1-L,-52.28999800788695,-53.25606939836272,-0.9660713904757685,0.9660713904757685,single_atom
HAT707_51,HAT707nonMR,Bond Dissociation Energies,Thermochemistry,MACE-POLAR-1-L,-92.3099964173459,-98.1738510977755,-5.863854680429597,5.863854680429597,single_atom
HAT707_518,HAT707nonMR,Bond Dissociation Energies,Thermochemistry,MACE-POLAR-1-L,6.719999585218013,6.755369008235901,0.03536942301788759,0.03536942301788759,single_atom
HAT707_519,HAT707nonMR,Bond Dissociation Energies,Thermochemistry,MACE-POLAR-1-L,48.42999772508273,47.19438973742729,-1.2356079876554418,1.2356079876554418,single_atom
HAT707_52,HAT707nonMR,Bond Dissociation Energies,Thermochemistry,MACE-POLAR-1-L,-56.31999750981824,-59.42721760271898,-3.1072200929007394,3.1072200929007394,single_atom
HAT707_520,HAT707nonMR,Bond Dissociation Energies,Thermochemistry,MACE-POLAR-1-L,-5.699999877889284,5.945449710554169,11.645449588443453,11.645449588443453,single_atom
HAT707_522,HAT707nonMR,Bond Dissociation Energies,Thermochemistry,MACE-POLAR-1-L,-9.6899994159061,-9.265322800032209,0.4246766158738904,0.4246766158738904,single_atom
HAT707_523,HAT707nonMR,Bond Dissociation Energies,Thermochemistry,MACE-POLAR-1-L,23.07999925895849,24.31944496038285,1.2394457014243585,1.2394457014243585,single_atom
HAT707_524,HAT707nonMR,Bond Dissociation Energies,Thermochemistry,MACE-POLAR-1-L,-41.3099985007199,-42.105713474589386,-0.7957149738694866,0.7957149738694866,single_atom
HAT707_525,HAT707nonMR,Bond Dissociation Energies,Thermochemistry,MACE-POLAR-1-L,-55.86999791578034,-58.63648615139947,-2.7664882356191285,2.7664882356191285,single_atom
HAT707_526,HAT707nonMR,Bond Dissociation Energies,Thermochemistry,MACE-POLAR-1-L,-87.2999965444909,-89.6361262625559,-2.33612971806501,2.33612971806501,single_atom
HAT707_527,HAT707nonMR,Bond Dissociation Energies,Thermochemistry,MACE-POLAR-1-L,14.89999910833352,13.080788086129797,-1.8192110222037225,1.8192110222037225,single_atom
HAT707_528,HAT707nonMR,Bond Dissociation Energies,Thermochemistry,MACE-POLAR-1-L,-21.979998996291336,-23.562026446158537,-1.5820274498672013,1.5820274498672013,single_atom
HAT707_529,HAT707nonMR,Bond Dissociation Energies,Thermochemistry,MACE-POLAR-1-L,-27.62999891928752,-27.46017532147974,0.1698235978077811,0.1698235978077811,single_atom
HAT707_53,HAT707nonMR,Bond Dissociation Energies,Thermochemistry,MACE-POLAR-1-L,-125.05999511025324,-129.6016016501565,-4.54160653990327,4.54160653990327,single_atom
HAT707_530,HAT707nonMR,Bond Dissociation Energies,Thermochemistry,MACE-POLAR-1-L,-66.28999730063518,-69.78050430917169,-3.490507008536511,3.490507008536511,single_atom
HAT707_531,HAT707nonMR,Bond Dissociation Energies,Thermochemistry,MACE-POLAR-1-L,-113.97999506579052,-112.0496474458728,1.9303476199177254,1.9303476199177254,single_atom
HAT707_532,HAT707nonMR,Bond Dissociation Energies,Thermochemistry,MACE-POLAR-1-L,-108.07999536832884,-107.65633131010654,0.42366405822230035,0.42366405822230035,single_atom
HAT707_533,HAT707nonMR,Bond Dissociation Energies,Thermochemistry,MACE-POLAR-1-L,-113.57999542664574,-113.1219393881056,0.45805603854013555,0.45805603854013555,single_atom
HAT707_534,HAT707nonMR,Bond Dissociation Energies,Thermochemistry,MACE-POLAR-1-L,-48.3199978243179,-49.19555228890575,-0.8755544645878501,0.8755544645878501,single_atom
HAT707_535,HAT707nonMR,Bond Dissociation Energies,Thermochemistry,MACE-POLAR-1-L,-96.40999585612754,-94.82698784666349,1.5830080094640522,1.5830080094640522,single_atom
HAT707_536,HAT707nonMR,Bond Dissociation Energies,Thermochemistry,MACE-POLAR-1-L,-61.51999721126704,-62.19080537059726,-0.6708081593302211,0.6708081593302211,single_atom
HAT707_537,HAT707nonMR,Bond Dissociation Energies,Thermochemistry,MACE-POLAR-1-L,-118.46999540775732,-119.88273711611065,-1.4127417083533231,1.4127417083533231,single_atom
HAT707_538,HAT707nonMR,Bond Dissociation Energies,Thermochemistry,MACE-POLAR-1-L,-129.74999464428296,-132.5317161495381,-2.781721505255149,2.781721505255149,single_atom
HAT707_539,HAT707nonMR,Bond Dissociation Energies,Thermochemistry,MACE-POLAR-1-L,-98.07999623208552,-99.71979863522463,-1.6398024031391145,1.6398024031391145,single_atom
HAT707_54,HAT707nonMR,Bond Dissociation Energies,Thermochemistry,MACE-POLAR-1-L,11.709999476115794,11.442930767890116,-0.2670687082256773,0.2670687082256773,single_atom
HAT707_540,HAT707nonMR,Bond Dissociation Energies,Thermochemistry,MACE-POLAR-1-L,-64.96999723643837,-64.47223647965733,0.49776075678104803,0.49776075678104803,single_atom
HAT707_541,HAT707nonMR,Bond Dissociation Energies,Thermochemistry,MACE-POLAR-1-L,-127.60999469232983,-117.14574141441751,10.46425327791232,10.46425327791232,single_atom
HAT707_542,HAT707nonMR,Bond Dissociation Energies,Thermochemistry,MACE-POLAR-1-L,-194.27999227766205,-185.74642001943332,8.53357225822873,8.53357225822873,single_atom
HAT707_543,HAT707nonMR,Bond Dissociation Energies,Thermochemistry,MACE-POLAR-1-L,-62.86999724839971,-75.2519890117434,-12.381991763343692,12.381991763343692,single_atom
HAT707_544,HAT707nonMR,Bond Dissociation Energies,Thermochemistry,MACE-POLAR-1-L,-41.159998008531126,-37.32022875918285,3.8397692493482793,3.8397692493482793,single_atom
HAT707_545,HAT707nonMR,Bond Dissociation Energies,Thermochemistry,MACE-POLAR-1-L,-100.97999612592326,-110.22871394030692,-9.248717814383653,9.248717814383653,single_atom
HAT707_548,HAT707nonMR,Bond Dissociation Energies,Thermochemistry,MACE-POLAR-1-L,29.32999864067189,28.22346984755843,-1.1065287931134584,1.1065287931134584,single_atom
HAT707_549,HAT707nonMR,Bond Dissociation Energies,Thermochemistry,MACE-POLAR-1-L,-2.8799999118805024,-3.985504610536117,-1.1055046986556145,1.1055046986556145,single_atom
HAT707_55,HAT707nonMR,Bond Dissociation Energies,Thermochemistry,MACE-POLAR-1-L,-23.20999914168056,-24.17965544724606,-0.9696563055655005,0.9696563055655005,single_atom
HAT707_550,HAT707nonMR,Bond Dissociation Energies,Thermochemistry,MACE-POLAR-1-L,-58.02999784969072,-56.56915652523743,1.4608413244532912,1.4608413244532912,single_atom
HAT707_551,HAT707nonMR,Bond Dissociation Energies,Thermochemistry,MACE-POLAR-1-L,-65.00999720035286,-66.88611234847282,-1.8761151481199647,1.8761151481199647,single_atom
HAT707_552,HAT707nonMR,Bond Dissociation Energies,Thermochemistry,MACE-POLAR-1-L,-69.50999690578877,-75.7364164570001,-6.226419551211336,6.226419551211336,single_atom
HAT707_553,HAT707nonMR,Bond Dissociation Energies,Thermochemistry,MACE-POLAR-1-L,-63.25999752407538,-63.16671040994359,0.09328711413179036,0.09328711413179036,single_atom
HAT707_554,HAT707nonMR,Bond Dissociation Energies,Thermochemistry,MACE-POLAR-1-L,-79.90999693619585,-72.53309719229048,7.376899743905369,7.376899743905369,single_atom
HAT707_555,HAT707nonMR,Bond Dissociation Energies,Thermochemistry,MACE-POLAR-1-L,-44.349998268258325,-56.634471811322655,-12.28447354306433,12.28447354306433,single_atom
HAT707_556,HAT707nonMR,Bond Dissociation Energies,Thermochemistry,MACE-POLAR-1-L,-69.91999716342167,-64.90889181614416,5.011105347277507,5.011105347277507,single_atom
HAT707_557,HAT707nonMR,Bond Dissociation Energies,Thermochemistry,MACE-POLAR-1-L,-119.71999490759433,-126.34291652797008,-6.622921620375749,6.622921620375749,single_atom
HAT707_558,HAT707nonMR,Bond Dissociation Energies,Thermochemistry,MACE-POLAR-1-L,-39.07999862995919,-37.7497602595021,1.3302383704570957,1.3302383704570957,single_atom
HAT707_559,HAT707nonMR,Bond Dissociation Energies,Thermochemistry,MACE-POLAR-1-L,-20.87999936113364,-17.740792586340152,3.139206774793486,3.139206774793486,single_atom
HAT707_56,HAT707nonMR,Bond Dissociation Energies,Thermochemistry,MACE-POLAR-1-L,-185.0999924016656,-188.4587443538292,-3.358751952163601,3.358751952163601,single_atom
HAT707_560,HAT707nonMR,Bond Dissociation Energies,Thermochemistry,MACE-POLAR-1-L,-68.70999699998968,-65.1691383580801,3.5408586419095798,3.5408586419095798,single_atom
HAT707_561,HAT707nonMR,Bond Dissociation Energies,Thermochemistry,MACE-POLAR-1-L,-61.01999766233604,-55.064101967407126,5.955895694928913,5.955895694928913,single_atom
HAT707_562,HAT707nonMR,Bond Dissociation Energies,Thermochemistry,MACE-POLAR-1-L,-3.049999758517045,-2.3435038306612723,0.7064959278557725,0.7064959278557725,single_atom
HAT707_563,HAT707nonMR,Bond Dissociation Energies,Thermochemistry,MACE-POLAR-1-L,23.75999927301414,27.199586497491847,3.4395872244777053,3.4395872244777053,single_atom
HAT707_564,HAT707nonMR,Bond Dissociation Energies,Thermochemistry,MACE-POLAR-1-L,-55.37999773031848,-41.95006302647386,13.429934703844616,13.429934703844616,single_atom
HAT707_57,HAT707nonMR,Bond Dissociation Energies,Thermochemistry,MACE-POLAR-1-L,-87.99999654050376,-84.94590498238095,3.0540915581228063,3.0540915581228063,single_atom
HAT707_578,HAT707nonMR,Bond Dissociation Energies,Thermochemistry,MACE-POLAR-1-L,-6.4299998468380295,6.0000699931424695,12.430069839980499,12.430069839980499,single_atom
HAT707_579,HAT707nonMR,Bond Dissociation Energies,Thermochemistry,MACE-POLAR-1-L,2.8799999118805024,3.985504610578064,1.1055046986975614,1.1055046986975614,single_atom
HAT707_58,HAT707nonMR,Bond Dissociation Energies,Thermochemistry,MACE-POLAR-1-L,-84.48999656946073,-74.58369061636054,9.906305953100187,9.906305953100187,single_atom
HAT707_589,HAT707nonMR,Bond Dissociation Energies,Thermochemistry,MACE-POLAR-1-L,-54.05999766612167,-40.578962015580046,13.481035650541621,13.481035650541621,single_atom
HAT707_59,HAT707nonMR,Bond Dissociation Energies,Thermochemistry,MACE-POLAR-1-L,-119.12999481234624,-104.21126412261437,14.918730689731873,14.918730689731873,single_atom
HAT707_590,HAT707nonMR,Bond Dissociation Energies,Thermochemistry,MACE-POLAR-1-L,-84.41999663261038,-85.65062165197784,-1.2306250193674657,1.2306250193674657,single_atom
HAT707_60,HAT707nonMR,Bond Dissociation Energies,Thermochemistry,MACE-POLAR-1-L,-85.83999660659339,-76.85316038199578,8.98683622459761,8.98683622459761,single_atom
HAT707_61,HAT707nonMR,Bond Dissociation Energies,Thermochemistry,MACE-POLAR-1-L,-175.50999289554568,-165.93657090061424,9.573421994931437,9.573421994931437,single_atom
HAT707_615,HAT707nonMR,Bond Dissociation Energies,Thermochemistry,MACE-POLAR-1-L,0.0,7.293230134709202,7.293230134709202,7.293230134709202,single_atom
HAT707_616,HAT707nonMR,Bond Dissociation Energies,Thermochemistry,MACE-POLAR-1-L,-124.72999478044932,-113.16023680388142,11.5697579765679,11.5697579765679,single_atom
HAT707_617,HAT707nonMR,Bond Dissociation Energies,Thermochemistry,MACE-POLAR-1-L,-87.5099963550419,-73.69743578355556,13.812560571486344,13.812560571486344,single_atom
HAT707_618,HAT707nonMR,Bond Dissociation Energies,Thermochemistry,MACE-POLAR-1-L,-191.3999923657816,-181.76091540885528,9.639076956926317,9.639076956926317,single_atom
HAT707_62,HAT707nonMR,Bond Dissociation Energies,Thermochemistry,MACE-POLAR-1-L,-152.51999355539476,-145.45383898698012,7.066154568414646,7.066154568414646,single_atom
HAT707_620,HAT707nonMR,Bond Dissociation Energies,Thermochemistry,MACE-POLAR-1-L,-9.13999991208199,0.9830073970587196,10.123007309140709,10.123007309140709,single_atom
HAT707_621,HAT707nonMR,Bond Dissociation Energies,Thermochemistry,MACE-POLAR-1-L,-82.66999632882344,-62.00881259184321,20.661183736980234,20.661183736980234,single_atom
HAT707_622,HAT707nonMR,Bond Dissociation Energies,Thermochemistry,MACE-POLAR-1-L,-63.59999721734846,-75.197368729239,-11.597371511890543,11.597371511890543,single_atom
HAT707_623,HAT707nonMR,Bond Dissociation Energies,Thermochemistry,MACE-POLAR-1-L,-112.33999529027788,-121.80050018093988,-9.460504890661994,9.460504890661994,single_atom
HAT707_63,HAT707nonMR,Bond Dissociation Energies,Thermochemistry,MACE-POLAR-1-L,-146.09999369953536,-149.12715125965525,-3.027157560119889,3.027157560119889,single_atom
HAT707_64,HAT707nonMR,Bond Dissociation Energies,Thermochemistry,MACE-POLAR-1-L,-97.12999583409766,-91.2561277200157,5.873868114081958,5.873868114081958,single_atom
HAT707_642,HAT707nonMR,Bond Dissociation Energies,Thermochemistry,MACE-POLAR-1-L,-91.25999610957184,-84.10488343292344,7.1551126766484,7.1551126766484,single_atom
HAT707_644,HAT707nonMR,Bond Dissociation Energies,Thermochemistry,MACE-POLAR-1-L,-81.27999632777627,-76.48067805675615,4.799318271020127,4.799318271020127,single_atom
HAT707_645,HAT707nonMR,Bond Dissociation Energies,Thermochemistry,MACE-POLAR-1-L,39.48999826008261,38.85113887849721,-0.638859381585398,0.638859381585398,single_atom
HAT707_646,HAT707nonMR,Bond Dissociation Energies,Thermochemistry,MACE-POLAR-1-L,-131.06999470847975,-137.91470276860306,-6.84470806012331,6.84470806012331,single_atom
HAT707_647,HAT707nonMR,Bond Dissociation Energies,Thermochemistry,MACE-POLAR-1-L,-7.129999842850914,-11.914759001926136,-4.784759159075222,4.784759159075222,single_atom
HAT707_65,HAT707nonMR,Bond Dissociation Energies,Thermochemistry,MACE-POLAR-1-L,-98.24999607872208,-79.04488978375102,19.20510629497106,19.20510629497106,single_atom
HAT707_651,HAT707nonMR,Bond Dissociation Energies,Thermochemistry,MACE-POLAR-1-L,-58.13999775045554,-51.07859735682906,7.061400393626485,7.061400393626485,single_atom
HAT707_652,HAT707nonMR,Bond Dissociation Energies,Thermochemistry,MACE-POLAR-1-L,-0.7299999689487457,0.0546202825463531,0.7846202514950988,0.7846202514950988,single_atom
HAT707_653,HAT707nonMR,Bond Dissociation Energies,Thermochemistry,MACE-POLAR-1-L,-3.779999727465791,-2.288883548072973,1.4911161793928178,1.4911161793928178,single_atom
HAT707_654,HAT707nonMR,Bond Dissociation Energies,Thermochemistry,MACE-POLAR-1-L,-11.349999800885463,-11.571786240570043,-0.22178643968458012,0.22178643968458012,single_atom
HAT707_655,HAT707nonMR,Bond Dissociation Energies,Thermochemistry,MACE-POLAR-1-L,12.399999481150058,15.627800256858883,3.2278007757088254,3.2278007757088254,single_atom
HAT707_656,HAT707nonMR,Bond Dissociation Energies,Thermochemistry,MACE-POLAR-1-L,-52.499997818437976,-37.964558415895794,14.535439402542181,14.535439402542181,single_atom
HAT707_657,HAT707nonMR,Bond Dissociation Energies,Thermochemistry,MACE-POLAR-1-L,-129.79999459917607,-131.67144158167102,-1.8714469824949447,1.8714469824949447,single_atom
HAT707_66,HAT707nonMR,Bond Dissociation Energies,Thermochemistry,MACE-POLAR-1-L,13.309999287713968,12.07812809941654,-1.2318711882974274,1.2318711882974274,single_atom
HAT707_67,HAT707nonMR,Bond Dissociation Energies,Thermochemistry,MACE-POLAR-1-L,-49.04999779326665,-49.75285545832415,-0.7028576650575005,0.7028576650575005,single_atom
HAT707_68,HAT707nonMR,Bond Dissociation Energies,Thermochemistry,MACE-POLAR-1-L,-15.119999537372635,-28.149418688581346,-13.02941915120871,13.02941915120871,single_atom
HAT707_69,HAT707nonMR,Bond Dissociation Energies,Thermochemistry,MACE-POLAR-1-L,-90.20999642930724,-87.07308421750699,3.136912211800251,3.136912211800251,single_atom
HAT707_70,HAT707nonMR,Bond Dissociation Energies,Thermochemistry,MACE-POLAR-1-L,-22.13999885194925,-34.31352941105939,-12.17353055911014,12.17353055911014,single_atom
HAT707_73,HAT707nonMR,Bond Dissociation Energies,Thermochemistry,MACE-POLAR-1-L,71.08999706128031,68.51605088001165,-2.573946181268667,2.573946181268667,single_atom
HAT707_74,HAT707nonMR,Bond Dissociation Energies,Thermochemistry,MACE-POLAR-1-L,10.329999466047262,9.996885817586056,-0.3331136484612056,0.3331136484612056,single_atom
HAT707_75,HAT707nonMR,Bond Dissociation Energies,Thermochemistry,MACE-POLAR-1-L,38.87999818287731,36.30707642186466,-2.572921761012651,2.572921761012651,single_atom
HAT707_76,HAT707nonMR,Bond Dissociation Energies,Thermochemistry,MACE-POLAR-1-L,-16.26999912742343,-16.276575492794706,-0.006576365371277149,0.006576365371277149,single_atom
HAT707_77,HAT707nonMR,Bond Dissociation Energies,Thermochemistry,MACE-POLAR-1-L,-30.849998524441105,-32.875750275515834,-2.025751751074729,2.025751751074729,single_atom
HAT707_78,HAT707nonMR,Bond Dissociation Energies,Thermochemistry,MACE-POLAR-1-L,-57.28999788976335,-60.97300476213003,-3.6830068723666827,3.6830068723666827,single_atom
HAT707_79,HAT707nonMR,Bond Dissociation Energies,Thermochemistry,MACE-POLAR-1-L,-64.2799972314041,-68.08578198958112,-3.805784758177026,3.805784758177026,single_atom
HAT707_80,HAT707nonMR,Bond Dissociation Energies,Thermochemistry,MACE-POLAR-1-L,13.829999446111689,9.029072180743253,-4.800927265368436,4.800927265368436,single_atom
HAT707_81,HAT707nonMR,Bond Dissociation Energies,Thermochemistry,MACE-POLAR-1-L,-66.70999754924671,-71.17786472519559,-4.467867175948882,4.467867175948882,single_atom
HAT707_82,HAT707nonMR,Bond Dissociation Energies,Thermochemistry,MACE-POLAR-1-L,-59.45999781465235,-63.2569103339566,-3.79691251930425,3.79691251930425,single_atom
HAT707_83,HAT707nonMR,Bond Dissociation Energies,Thermochemistry,MACE-POLAR-1-L,-53.98999772927132,-57.54782177505926,-3.557824045787939,3.557824045787939,single_atom
HAT707_84,HAT707nonMR,Bond Dissociation Energies,Thermochemistry,MACE-POLAR-1-L,-43.07999815895462,-45.63533822180089,-2.5553400628462697,2.5553400628462697,single_atom
HAT707_85,HAT707nonMR,Bond Dissociation Energies,Thermochemistry,MACE-POLAR-1-L,9.329999740675772,0.1787680722159657,-9.151231668459806,9.151231668459806,single_atom
HAT707_86,HAT707nonMR,Bond Dissociation Energies,Thermochemistry,MACE-POLAR-1-L,-130.55999454106066,-134.61576216518878,-4.055767624128123,4.055767624128123,single_atom
HAT707_87,HAT707nonMR,Bond Dissociation Energies,Thermochemistry,MACE-POLAR-1-L,-33.389998743048515,-38.139896274630864,-4.749897531582349,4.749897531582349,single_atom
HAT707_88,HAT707nonMR,Bond Dissociation Energies,Thermochemistry,MACE-POLAR-1-L,-135.5199944590226,-143.75429314598642,-8.234298686963825,8.234298686963825,single_atom
HAT707_89,HAT707nonMR,Bond Dissociation Energies,Thermochemistry,MACE-POLAR-1-L,15.579999122389165,12.748474119293457,-2.8315250030957078,2.8315250030957078,single_atom
HAT707_90,HAT707nonMR,Bond Dissociation Energies,Thermochemistry,MACE-POLAR-1-L,2.969999830688084,0.2897879519475999,-2.6802118787404843,2.6802118787404843,single_atom
HAT707_91,HAT707nonMR,Bond Dissociation Energies,Thermochemistry,MACE-POLAR-1-L,-1.0699996622218313,3.3820873369570528,4.452086999178884,4.452086999178884,single_atom
HAT707_92,HAT707nonMR,Bond Dissociation Energies,Thermochemistry,MACE-POLAR-1-L,-68.78999692781865,-67.88757344170276,0.9024234861158931,0.9024234861158931,single_atom
HAT707_93,HAT707nonMR,Bond Dissociation Energies,Thermochemistry,MACE-POLAR-1-L,3.400000070278225,-9.53190148811865,-12.931901558396875,12.931901558396875,single_atom
HAT707_94,HAT707nonMR,Bond Dissociation Energies,Thermochemistry,MACE-POLAR-1-L,8.919999483042872,11.006292713103376,2.0862932300605035,2.0862932300605035,single_atom
HAT707_95,HAT707nonMR,Bond Dissociation Energies,Thermochemistry,MACE-POLAR-1-L,-48.499998289442544,-53.38799623858245,-4.887997949139908,4.887997949139908,single_atom
HAT707_96,HAT707nonMR,Bond Dissociation Energies,Thermochemistry,MACE-POLAR-1-L,-40.87999826112976,-50.42773199873304,-9.54773373760328,9.54773373760328,single_atom
HAT707_97,HAT707nonMR,Bond Dissociation Energies,Thermochemistry,MACE-POLAR-1-L,-97.51999610977332,-98.80785055237972,-1.2878544426064025,1.2878544426064025,single_atom
HAT707_98,HAT707nonMR,Bond Dissociation Energies,Thermochemistry,MACE-POLAR-1-L,-20.81999941526192,-25.14790373208047,-4.32790431681855,4.32790431681855,single_atom
HAT707_99,HAT707nonMR,Bond Dissociation Energies,Thermochemistry,MACE-POLAR-1-L,-22.7199989562187,-28.950836193844427,-6.230837237625728,6.230837237625728,single_atom
HNBrBDE18_1,HNBrBDE18,Bond Dissociation Energies,Thermochemistry,MACE-POLAR-1-L,58.89101112916212,55.57073261802679,-3.320278511135335,3.320278511135335,single_atom
HNBrBDE18_10,HNBrBDE18,Bond Dissociation Energies,Thermochemistry,MACE-POLAR-1-L,62.47609700134277,59.39042998887764,-3.08566701246513,3.08566701246513,single_atom
HNBrBDE18_11,HNBrBDE18,Bond Dissociation Energies,Thermochemistry,MACE-POLAR-1-L,61.20936621639891,57.76351798011691,-3.4458482362820035,3.4458482362820035,single_atom
HNBrBDE18_12,HNBrBDE18,Bond Dissociation Energies,Thermochemistry,MACE-POLAR-1-L,60.70745464610045,57.94769300379379,-2.759761642306664,2.759761642306664,single_atom
HNBrBDE18_13,HNBrBDE18,Bond Dissociation Energies,Thermochemistry,MACE-POLAR-1-L,63.38431844605719,60.01642520760598,-3.3678932384512166,3.3678932384512166,single_atom
HNBrBDE18_14,HNBrBDE18,Bond Dissociation Energies,Thermochemistry,MACE-POLAR-1-L,59.77533199302855,55.28032854807241,-4.49500344495614,4.49500344495614,single_atom
HNBrBDE18_15,HNBrBDE18,Bond Dissociation Energies,Thermochemistry,MACE-POLAR-1-L,58.74760764407415,54.95997193803351,-3.787635706040639,3.787635706040639,single_atom
HNBrBDE18_16,HNBrBDE18,Bond Dissociation Energies,Thermochemistry,MACE-POLAR-1-L,68.2122345223337,64.44939421988386,-3.7628403024498454,3.7628403024498454,single_atom
HNBrBDE18_17,HNBrBDE18,Bond Dissociation Energies,Thermochemistry,MACE-POLAR-1-L,47.94454886583622,43.38532295282319,-4.55922591301303,4.55922591301303,single_atom
HNBrBDE18_18,HNBrBDE18,Bond Dissociation Energies,Thermochemistry,MACE-POLAR-1-L,49.54588715514256,44.97692638995812,-4.5689607651844355,4.5689607651844355,single_atom
HNBrBDE18_2,HNBrBDE18,Bond Dissociation Energies,Thermochemistry,MACE-POLAR-1-L,67.04110606078183,59.71250554094523,-7.328600519836598,7.328600519836598,single_atom
HNBrBDE18_3,HNBrBDE18,Bond Dissociation Energies,Thermochemistry,MACE-POLAR-1-L,55.71223450388797,51.46554195055656,-4.246692553331407,4.246692553331407,single_atom
HNBrBDE18_4,HNBrBDE18,Bond Dissociation Energies,Thermochemistry,MACE-POLAR-1-L,55.83173740812796,50.33316867276702,-5.498568735360934,5.498568735360934,single_atom
HNBrBDE18_5,HNBrBDE18,Bond Dissociation Energies,Thermochemistry,MACE-POLAR-1-L,52.55735908697128,47.48622314048511,-5.071135946486173,5.071135946486173,single_atom
HNBrBDE18_6,HNBrBDE18,Bond Dissociation Energies,Thermochemistry,MACE-POLAR-1-L,48.70936682546265,42.37055361240462,-6.338813213058032,6.338813213058032,single_atom
HNBrBDE18_7,HNBrBDE18,Bond Dissociation Energies,Thermochemistry,MACE-POLAR-1-L,56.978965288831816,53.87111554402159,-3.107849744810224,3.107849744810224,single_atom
HNBrBDE18_8,HNBrBDE18,Bond Dissociation Energies,Thermochemistry,MACE-POLAR-1-L,45.17208211497801,41.484025879123,-3.688056235855008,3.688056235855008,single_atom
HNBrBDE18_9,HNBrBDE18,Bond Dissociation Energies,Thermochemistry,MACE-POLAR-1-L,44.57456822128756,42.900684094443584,-1.6738841268439728,1.6738841268439728,single_atom
EA50_1,EA50,Electron Affinities,Thermochemistry,MACE-POLAR-1-L,14.528145151628726,15.94384958476107,1.415704433132344,1.415704433132344,single_atom
EA50_10,EA50,Electron Affinities,Thermochemistry,MACE-POLAR-1-L,17.75662178226739,14.640747789912044,-3.115873992355347,3.115873992355347,single_atom
EA50_2,EA50,Electron Affinities,Thermochemistry,MACE-POLAR-1-L,6.918164567088265,-17.797201091235955,-24.71536565832422,24.71536565832422,single_atom
EA50_3,EA50,Electron Affinities,Thermochemistry,MACE-POLAR-1-L,12.913906522554656,-2.95465272478934,-15.868559247343995,15.868559247343995,single_atom
EA50_4,EA50,Electron Affinities,Thermochemistry,MACE-POLAR-1-L,10.838457215179126,-69.06298885928227,-79.9014460744614,79.9014460744614,single_atom
EA50_5,EA50,Electron Affinities,Thermochemistry,MACE-POLAR-1-L,83.94039427913368,82.62058294431361,-1.3198113348200735,1.3198113348200735,single_atom
EA50_6,EA50,Electron Affinities,Thermochemistry,MACE-POLAR-1-L,32.976583578857785,3.1705475283988305,-29.806036050458953,29.806036050458953,single_atom
EA50_7,EA50,Electron Affinities,Thermochemistry,MACE-POLAR-1-L,48.1965447479387,37.45554154932741,-10.741003198611295,10.741003198611295,single_atom
EA50_8,EA50,Electron Affinities,Thermochemistry,MACE-POLAR-1-L,81.63433963260744,77.43748244779137,-4.196857184816068,4.196857184816068,single_atom
EA50_9,EA50,Electron Affinities,Thermochemistry,MACE-POLAR-1-L,9.22421921361453,-69.32432383554189,-78.54854304915642,78.54854304915642,single_atom
G21EA_1,G21EA,Electron Affinities,Thermochemistry,MACE-POLAR-1-L,29.435340538610763,-0.1074910471983138,-29.542831585809076,29.542831585809076,single_atom
G21EA_2,G21EA,Electron Affinities,Thermochemistry,MACE-POLAR-1-L,33.98432175106338,10.976820892514295,-23.007500858549086,23.007500858549086,single_atom
G21EA_3,G21EA,Electron Affinities,Thermochemistry,MACE-POLAR-1-L,79.21368481336201,74.74761480152587,-4.466070011836138,4.466070011836138,single_atom
G21EA_4,G21EA,Electron Affinities,Thermochemistry,MACE-POLAR-1-L,32.69559613154425,7.102401369516513,-25.593194762027736,25.593194762027736,single_atom
G21EA_5,G21EA,Electron Affinities,Thermochemistry,MACE-POLAR-1-L,17.059833379742745,7.062046991532475,-9.997786388210269,9.997786388210269,single_atom
G21EA_6,G21EA,Electron Affinities,Thermochemistry,MACE-POLAR-1-L,48.2112021142338,38.58691120304898,-9.624290911184822,9.624290911184822,single_atom
G21EA_7,G21EA,Electron Affinities,Thermochemistry,MACE-POLAR-1-L,84.40050995340292,82.62058294431361,-1.779927009089306,1.779927009089306,single_atom
BH76RC_1,BH76RC,General Reaction Energies,Thermochemistry,MACE-POLAR-1-L,-64.91004874634352,-64.43025029204355,0.47979845429996715,0.47979845429996715,single_atom
BH76RC_10,BH76RC,General Reaction Energies,Thermochemistry,MACE-POLAR-1-L,-19.550014993695065,-18.222151309427318,1.3278636842677471,1.3278636842677471,single_atom
BH76RC_11,BH76RC,General Reaction Energies,Thermochemistry,MACE-POLAR-1-L,-40.02003041244213,-39.53300946966958,0.4870209427725527,0.4870209427725527,single_atom
BH76RC_14,BH76RC,General Reaction Energies,Thermochemistry,MACE-POLAR-1-L,-1.9000014234852007,-1.686783874122162,0.21321754936303883,0.21321754936303883,single_atom
BH76RC_15,BH76RC,General Reaction Energies,Thermochemistry,MACE-POLAR-1-L,-16.390012196865825,-16.315788896114384,0.07422330075144146,0.07422330075144146,single_atom
BH76RC_16,BH76RC,General Reaction Energies,Thermochemistry,MACE-POLAR-1-L,-3.1100022144266624,-4.9750264108184,-1.865024196391738,1.865024196391738,single_atom
BH76RC_19,BH76RC,General Reaction Energies,Thermochemistry,MACE-POLAR-1-L,-5.010003637911863,-6.661810284948345,-1.6518066470364818,1.6518066470364818,single_atom
BH76RC_2,BH76RC,General Reaction Energies,Thermochemistry,MACE-POLAR-1-L,-26.320020181391445,-22.62392299003632,3.6960971913551255,3.6960971913551255,single_atom
BH76RC_21,BH76RC,General Reaction Energies,Thermochemistry,MACE-POLAR-1-L,-32.22002427141945,-29.46807671609553,2.751947555323916,2.751947555323916,single_atom
BH76RC_22,BH76RC,General Reaction Energies,Thermochemistry,MACE-POLAR-1-L,5.440003877502003,19.449529516692767,14.009525639190763,14.009525639190763,single_atom
BH76RC_23,BH76RC,General Reaction Energies,Thermochemistry,MACE-POLAR-1-L,-21.74001615556025,-19.571388910508453,2.1686272450517983,2.1686272450517983,single_atom
BH76RC_24,BH76RC,General Reaction Energies,Thermochemistry,MACE-POLAR-1-L,-2.3200016720967214,-14.474503105866583,-12.154501433769862,12.154501433769862,single_atom
BH76RC_25,BH76RC,General Reaction Energies,Thermochemistry,MACE-POLAR-1-L,-13.260010000481923,-12.06469553017013,1.1953144703117928,1.1953144703117928,single_atom
BH76RC_26,BH76RC,General Reaction Energies,Thermochemistry,MACE-POLAR-1-L,0.4200002486115208,12.787719231723448,12.367718983111928,12.367718983111928,single_atom
BH76RC_3,BH76RC,General Reaction Energies,Thermochemistry,MACE-POLAR-1-L,-103.28007813727544,-102.73991538953187,0.5401627477435653,0.5401627477435653,single_atom
BH76RC_4,BH76RC,General Reaction Energies,Thermochemistry,MACE-POLAR-1-L,-52.64003973527342,-53.27891997182145,-0.638880236548033,0.638880236548033,single_atom
BH76RC_5,BH76RC,General Reaction Energies,Thermochemistry,MACE-POLAR-1-L,-32.16002432554773,-33.2652513165918,-1.10522699104407,1.10522699104407,single_atom
BH76RC_7,BH76RC,General Reaction Energies,Thermochemistry,MACE-POLAR-1-L,-20.32001555406776,-19.64944292092257,0.6705726331451878,0.6705726331451878,single_atom
BH76RC_9,BH76RC,General Reaction Energies,Thermochemistry,MACE-POLAR-1-L,3.690002946205579,3.5785940698276515,-0.11140887637792751,0.11140887637792751,single_atom
RC21_5,RC21,General Reaction Energies,Thermochemistry,MACE-POLAR-1-L,57.93004374809611,59.74174384098084,1.8117000928847276,1.8117000928847276,single_atom
RC21_9,RC21,General Reaction Energies,Thermochemistry,MACE-POLAR-1-L,49.85003785967208,52.67584760333312,2.82580974366104,2.82580974366104,single_atom
G21IP_1,G21IP,Ionization Potentials,Thermochemistry,MACE-POLAR-1-L,314.90023800463126,311.066196299616,-3.834041705015238,3.834041705015238,single_atom
G21IP_10,G21IP,Ionization Potentials,Thermochemistry,MACE-POLAR-1-L,175.80566343704274,184.1451357666808,8.339472329638056,8.339472329638056,single_atom
G21IP_11,G21IP,Ionization Potentials,Thermochemistry,MACE-POLAR-1-L,137.8464212006242,137.69950867091697,-0.14691252970723667,0.14691252970723667,single_atom
G21IP_12,G21IP,Ionization Potentials,Thermochemistry,MACE-POLAR-1-L,188.2112534000972,196.3427439455909,8.131490545493705,8.131490545493705,single_atom
G21IP_13,G21IP,Ionization Potentials,Thermochemistry,MACE-POLAR-1-L,242.8497106347295,228.33026178407647,-14.51944885065302,14.51944885065302,single_atom
G21IP_14,G21IP,Ionization Potentials,Thermochemistry,MACE-POLAR-1-L,238.3966530305196,231.95839463971535,-6.438258390804236,6.438258390804236,single_atom
G21IP_15,G21IP,Ionization Potentials,Thermochemistry,MACE-POLAR-1-L,299.3854138987464,235.9244051314668,-63.461008767279566,63.461008767279566,single_atom
G21IP_2,G21IP,Ionization Potentials,Thermochemistry,MACE-POLAR-1-L,124.21389271090446,123.16960792684766,-1.0442847840567993,1.0442847840567993,single_atom
G21IP_3,G21IP,Ionization Potentials,Thermochemistry,MACE-POLAR-1-L,214.8551500463352,219.817879016316,4.9627289699807875,4.9627289699807875,single_atom
G21IP_4,G21IP,Ionization Potentials,Thermochemistry,MACE-POLAR-1-L,191.49708941674075,184.4006144914568,-7.096474925283957,7.096474925283957,single_atom
G21IP_5,G21IP,Ionization Potentials,Thermochemistry,MACE-POLAR-1-L,259.71308836840933,221.5105032815856,-38.20258508682372,38.20258508682372,single_atom
G21IP_6,G21IP,Ionization Potentials,Thermochemistry,MACE-POLAR-1-L,335.58670465883216,258.1332324478767,-77.45347221095545,77.45347221095545,single_atom
G21IP_7,G21IP,Ionization Potentials,Thermochemistry,MACE-POLAR-1-L,314.02657601669125,216.83097260791328,-97.19560340877797,97.19560340877797,single_atom
G21IP_8,G21IP,Ionization Potentials,Thermochemistry,MACE-POLAR-1-L,402.1511488755327,196.4141810499009,-205.73696782563184,205.73696782563184,single_atom
G21IP_9,G21IP,Ionization Potentials,Thermochemistry,MACE-POLAR-1-L,118.13057490572878,115.2191601475046,-2.9114147582241827,2.9114147582241827,single_atom
IP23_1,IP23,Ionization Potentials,Thermochemistry,MACE-POLAR-1-L,362.9499624783957,163.21223132382664,-199.73773115456908,199.73773115456908,single_atom
IP23_20,IP23,Ionization Potentials,Thermochemistry,MACE-POLAR-1-L,496.5627761780404,197.86308634662603,-298.6996898314144,298.6996898314144,single_atom
MB16-43_21,MB16-43,Mindless Molecules (MB08/16),Thermochemistry,MACE-POLAR-1-L,806.2259092185122,684.3771285703366,-121.84878064817565,121.84878064817565,outlier_gt_100
