Molecule,charge,multiplicity,num_atoms,field_au_x,field_au_y,field_au_z,field_VA_x,field_VA_y,field_VA_z,mace-polar-1-s,mace-polar-1-m,mace-polar-1-l
T144_0056,0,1,8,0.0,0.0,0.0,0.0,0.0,0.0,-6590.317319886489,-6590.311839801658,-6590.305085396116
T144_00560+,0,1,8,0.004,0.0,0.0,0.2056882699052,0.0,0.0,-6590.313498836859,-6590.298734569276,-6590.28645712435
T144_00560-,0,1,8,-0.004,0.0,0.0,-0.2056882699052,0.0,0.0,-6590.304362855076,-6590.36644170474,-6590.360899732243
T144_00561+,0,1,8,0.0,0.004,0.0,0.0,0.2056882699052,0.0,-6590.299793343985,-6590.283453968885,-6590.27663176715
T144_00561-,0,1,8,0.0,-0.004,0.0,0.0,-0.2056882699052,0.0,-6590.33312537834,-6590.35603027796,-6590.349524482955
T144_00562+,0,1,8,0.0,0.0,0.004,0.0,0.0,0.2056882699052,-6590.317319773592,-6590.31183966039,-6590.3050852378
T144_00562-,0,1,8,0.0,0.0,-0.004,0.0,0.0,-0.2056882699052,-6590.317319996762,-6590.3118399393215,-6590.305085554971
T144_0093,0,1,6,0.0,0.0,0.0,0.0,0.0,0.0,-73638.38580646312,-73638.38339334686,-73638.38044695694
T144_00930+,0,1,6,0.004,0.0,0.0,0.2056882699052,0.0,0.0,-73638.26629697993,-73638.25867743355,-73638.25282294572
T144_00930-,0,1,6,-0.004,0.0,0.0,-0.2056882699052,0.0,0.0,-73638.50343247034,-73638.52336626936,-73638.52310019452
T144_00931+,0,1,6,0.0,0.004,0.0,0.0,0.2056882699052,0.0,-73638.33255654856,-73638.3360287343,-73638.33250503286
T144_00931-,0,1,6,0.0,-0.004,0.0,0.0,-0.2056882699052,0.0,-73638.43531570285,-73638.45756275086,-73638.45109326576
T144_00932+,0,1,6,0.0,0.0,0.004,0.0,0.0,0.2056882699052,-73638.38559764101,-73638.3870969593,-73638.3842726093
T144_00932-,0,1,6,0.0,0.0,-0.004,0.0,0.0,-0.2056882699052,-73638.38559764101,-73638.3871462207,-73638.38429831668
T144_0097,0,1,5,0.0,0.0,0.0,0.0,0.0,0.0,-83634.21597274026,-83634.22261741738,-83634.22300598252
T144_00970+,0,1,5,0.004,0.0,0.0,0.2056882699052,0.0,0.0,-83634.24477225088,-83634.26889780203,-83634.26842276438
T144_00970-,0,1,5,-0.004,0.0,0.0,-0.2056882699052,0.0,0.0,-83634.18588832159,-83634.19844970584,-83634.19515495609
T144_00971+,0,1,5,0.0,0.004,0.0,0.0,0.2056882699052,0.0,-83634.16713623231,-83634.17306732322,-83634.1689639878
T144_00971-,0,1,5,0.0,-0.004,0.0,0.0,-0.2056882699052,0.0,-83634.26368359032,-83634.29137882635,-83634.29288717496
T144_00972+,0,1,5,0.0,0.0,0.004,0.0,0.0,0.2056882699052,-83634.21578045558,-83634.2263368591,-83634.22723800165
T144_00972-,0,1,5,0.0,0.0,-0.004,0.0,0.0,-0.2056882699052,-83634.21578045558,-83634.22634309641,-83634.22723492226
T144_0103,0,1,6,0.0,0.0,0.0,0.0,0.0,0.0,-72164.27263580546,-72164.27207507739,-72164.27628304393
T144_01030+,0,1,6,0.004,0.0,0.0,0.2056882699052,0.0,0.0,-72164.26177617295,-72164.27151884668,-72164.27454408535
T144_01030-,0,1,6,-0.004,0.0,0.0,-0.2056882699052,0.0,0.0,-72164.28190470721,-72164.2901064751,-72164.29460361938
T144_01031+,0,1,6,0.0,0.004,0.0,0.0,0.2056882699052,0.0,-72164.31386542555,-72164.35704143983,-72164.35657734999
T144_01031-,0,1,6,0.0,-0.004,0.0,0.0,-0.2056882699052,0.0,-72164.22809842629,-72164.21876354793,-72164.2223652446
T144_01032+,0,1,6,0.0,0.0,0.004,0.0,0.0,0.2056882699052,-72164.27263580546,-72164.27207507739,-72164.27628304393
T144_01032-,0,1,6,0.0,0.0,-0.004,0.0,0.0,-0.2056882699052,-72164.27263580546,-72164.27207507739,-72164.27628304393
T144_0112,0,1,8,0.0,0.0,0.0,0.0,0.0,0.0,-8270.538429900733,-8270.677500970063,-8270.644496382172
T144_01120+,0,1,8,0.004,0.0,0.0,0.2056882699052,0.0,0.0,-8270.525655611536,-8270.701037201203,-8270.667705465683
T144_01120-,0,1,8,-0.004,0.0,0.0,-0.2056882699052,0.0,0.0,-8270.52565499915,-8270.701336433245,-8270.668173317097
T144_01121+,0,1,8,0.0,0.004,0.0,0.0,0.2056882699052,0.0,-8270.53830539802,-8270.67837892092,-8270.645886294731
T144_01121-,0,1,8,0.0,-0.004,0.0,0.0,-0.2056882699052,0.0,-8270.538308416048,-8270.678389494156,-8270.645877470899
T144_01122+,0,1,8,0.0,0.0,0.004,0.0,0.0,0.2056882699052,-8270.478407360522,-8270.588770926048,-8270.556629432946
T144_01122-,0,1,8,0.0,0.0,-0.004,0.0,0.0,-0.2056882699052,-8270.598223745383,-8270.767839736543,-8270.734874456759
T144_0117,0,1,12,0.0,0.0,0.0,0.0,0.0,0.0,-5751.398154316097,-5751.3921096866825,-5751.3969581600095
T144_01170+,0,1,12,0.004,0.0,0.0,0.2056882699052,0.0,0.0,-5751.550474467266,-5751.594417936514,-5751.602354448306
T144_01170-,0,1,12,-0.004,0.0,0.0,-0.2056882699052,0.0,0.0,-5751.238093518925,-5751.221650096541,-5751.225823896234
T144_01171+,0,1,12,0.0,0.004,0.0,0.0,0.2056882699052,0.0,-5751.393982831254,-5751.402596822321,-5751.4069228892595
T144_01171-,0,1,12,0.0,-0.004,0.0,0.0,-0.2056882699052,0.0,-5751.400491330259,-5751.402907303973,-5751.409075446544
T144_01172+,0,1,12,0.0,0.0,0.004,0.0,0.0,0.2056882699052,-5751.397643877105,-5751.401331236512,-5751.407117659991
T144_01172-,0,1,12,0.0,0.0,-0.004,0.0,0.0,-0.2056882699052,-5751.397643877105,-5751.401392878294,-5751.407160615833
T144_0119,0,1,8,0.0,0.0,0.0,0.0,0.0,0.0,-4209.828374852031,-4209.843563443821,-4209.85180779158
T144_01190+,0,1,8,0.004,0.0,0.0,0.2056882699052,0.0,0.0,-4209.828374852031,-4209.843563443821,-4209.85180779158
T144_01190-,0,1,8,-0.004,0.0,0.0,-0.2056882699052,0.0,0.0,-4209.828374852031,-4209.843563443821,-4209.85180779158
T144_01191+,0,1,8,0.0,0.004,0.0,0.0,0.2056882699052,0.0,-4209.827629173385,-4209.851556737644,-4209.85951483676
T144_01191-,0,1,8,0.0,-0.004,0.0,0.0,-0.2056882699052,0.0,-4209.827629173385,-4209.85148716441,-4209.859478215109
T144_01192+,0,1,8,0.0,0.0,0.004,0.0,0.0,0.2056882699052,-4209.818260625191,-4209.8628300418195,-4209.870589816252
T144_01192-,0,1,8,0.0,0.0,-0.004,0.0,0.0,-0.2056882699052,-4209.818260625191,-4209.862668131816,-4209.87059302328
T144_0129,0,1,8,0.0,0.0,0.0,0.0,0.0,0.0,-36315.0794592518,-36315.06558104157,-36315.07851450036
T144_01290+,0,1,8,0.004,0.0,0.0,0.2056882699052,0.0,0.0,-36314.94122214381,-36314.93908339754,-36314.94663082777
T144_01290-,0,1,8,-0.004,0.0,0.0,-0.2056882699052,0.0,0.0,-36315.20688792074,-36315.238774044396,-36315.25214665318
T144_01291+,0,1,8,0.0,0.004,0.0,0.0,0.2056882699052,0.0,-36315.066450160426,-36315.05761244436,-36315.07037148571
T144_01291-,0,1,8,0.0,-0.004,0.0,0.0,-0.2056882699052,0.0,-36315.08938855932,-36315.10569225742,-36315.11198117098
T144_01292+,0,1,8,0.0,0.0,0.004,0.0,0.0,0.2056882699052,-36315.079278532176,-36315.06921771499,-36315.08206041597
T144_01292-,0,1,8,0.0,0.0,-0.004,0.0,0.0,-0.2056882699052,-36315.07927902119,-36315.06923548077,-36315.0820699505
T144_0142,0,1,6,0.0,0.0,0.0,0.0,0.0,0.0,-14644.309787458564,-14644.30808604563,-14644.313864916601
T144_01420+,0,1,6,0.004,0.0,0.0,0.2056882699052,0.0,0.0,-14644.292240220437,-14644.290200975249,-14644.296377465558
T144_01420-,0,1,6,-0.004,0.0,0.0,-0.2056882699052,0.0,0.0,-14644.325005746168,-14644.348609859226,-14644.351228691932
T144_01421+,0,1,6,0.0,0.004,0.0,0.0,0.2056882699052,0.0,-14644.265194120686,-14644.258527145646,-14644.264387242747
T144_01421-,0,1,6,0.0,-0.004,0.0,0.0,-0.2056882699052,0.0,-14644.352264355468,-14644.379918717621,-14644.383629551112
T144_01422+,0,1,6,0.0,0.0,0.004,0.0,0.0,0.2056882699052,-14644.309787458564,-14644.30808604563,-14644.313864916601
T144_01422-,0,1,6,0.0,0.0,-0.004,0.0,0.0,-0.2056882699052,-14644.309787458564,-14644.30808604563,-14644.313864916601
T144_0158,0,1,3,0.0,0.0,0.0,0.0,0.0,0.0,-5242.9674378628915,-5242.941799954803,-5242.938565325081
T144_01580+,0,1,3,0.004,0.0,0.0,0.2056882699052,0.0,0.0,-5242.9674378628915,-5242.941799954803,-5242.938565325081
T144_01580-,0,1,3,-0.004,0.0,0.0,-0.2056882699052,0.0,0.0,-5242.9674378628915,-5242.941799954803,-5242.938565325081
T144_01582+,0,1,3,0.0,0.0,0.004,0.0,0.0,0.2056882699052,-5242.895980921448,-5242.850922897753,-5242.840053076444
T144_01582-,0,1,3,0.0,0.0,-0.004,0.0,0.0,-0.2056882699052,-5243.0364405577875,-5243.047066942762,-5243.048982885645
T144_0159,0,1,10,0.0,0.0,0.0,0.0,0.0,0.0,-11255.148300857902,-11255.153901637656,-11255.16593008311
T144_01590+,0,1,10,0.004,0.0,0.0,0.2056882699052,0.0,0.0,-11255.048903018052,-11255.065880960748,-11255.064642329677
T144_01590-,0,1,10,-0.004,0.0,0.0,-0.2056882699052,0.0,0.0,-11255.227364978982,-11255.289671561237,-11255.309719445415
T144_01591+,0,1,10,0.0,0.004,0.0,0.0,0.2056882699052,0.0,-11255.291997756456,-11255.311813720473,-11255.330436949675
T144_01591-,0,1,10,0.0,-0.004,0.0,0.0,-0.2056882699052,0.0,-11255.00203807715,-11255.015872692984,-11255.021247739423
T144_01592+,0,1,10,0.0,0.0,0.004,0.0,0.0,0.2056882699052,-11255.148118203462,-11255.15740345649,-11255.169550020444
T144_01592-,0,1,10,0.0,0.0,-0.004,0.0,0.0,-0.2056882699052,-11255.148147543192,-11255.15749716426,-11255.169625163731
T144_0205,0,1,6,0.0,0.0,0.0,0.0,0.0,0.0,-4176.434280189695,-4176.433920450908,-4176.434547612425
T144_02050+,0,1,6,0.004,0.0,0.0,0.2056882699052,0.0,0.0,-4176.434280189695,-4176.433920450908,-4176.434547612425
T144_02050-,0,1,6,-0.004,0.0,0.0,-0.2056882699052,0.0,0.0,-4176.434280189695,-4176.433920450908,-4176.434547612425
T144_02052+,0,1,6,0.0,0.0,0.004,0.0,0.0,0.2056882699052,-4176.425676624721,-4176.45670487512,-4176.454839054909
T144_02052-,0,1,6,0.0,0.0,-0.004,0.0,0.0,-0.2056882699052,-4176.425676624721,-4176.456807389041,-4176.454937488601
T144_0213,0,1,5,0.0,0.0,0.0,0.0,0.0,0.0,-153660.27397079207,-153660.28190179745,-153660.28440707322
T144_02130+,0,1,5,0.004,0.0,0.0,0.2056882699052,0.0,0.0,-153660.3051249867,-153660.3250498542,-153660.32944832125
T144_02130-,0,1,5,-0.004,0.0,0.0,-0.2056882699052,0.0,0.0,-153660.24199764887,-153660.25246724824,-153660.25137461515
T144_02131+,0,1,5,0.0,0.004,0.0,0.0,0.2056882699052,0.0,-153660.25496415037,-153660.2729837082,-153660.27195462087
T144_02131-,0,1,5,0.0,-0.004,0.0,0.0,-0.2056882699052,0.0,-153660.29154586475,-153660.31400568105,-153660.31482654103
T144_02132+,0,1,5,0.0,0.0,0.004,0.0,0.0,0.2056882699052,-153660.27291453964,-153660.29771563134,-153660.29580588103
T144_02132-,0,1,5,0.0,0.0,-0.004,0.0,0.0,-0.2056882699052,-153660.27291453964,-153660.29774378007,-153660.29581556245
T144_0223,0,1,7,0.0,0.0,0.0,0.0,0.0,0.0,-6122.505391060715,-6122.500832526768,-6122.499261239082
T144_02230+,0,1,7,0.004,0.0,0.0,0.2056882699052,0.0,0.0,-6122.505177436207,-6122.50435279698,-6122.502788289514
T144_02230-,0,1,7,-0.004,0.0,0.0,-0.2056882699052,0.0,0.0,-6122.505177436207,-6122.504430551055,-6122.502839820301
T144_02231+,0,1,7,0.0,0.004,0.0,0.0,0.2056882699052,0.0,-6122.502075552867,-6122.512290807812,-6122.511313065258
T144_02231-,0,1,7,0.0,-0.004,0.0,0.0,-0.2056882699052,0.0,-6122.502075552867,-6122.512211316718,-6122.511183534809
T144_02232+,0,1,7,0.0,0.0,0.004,0.0,0.0,0.2056882699052,-6122.358166058809,-6122.341564726772,-6122.332462920497
T144_02232-,0,1,7,0.0,0.0,-0.004,0.0,0.0,-0.2056882699052,-6122.650570402343,-6122.674309887727,-6122.680588739914
T144_0245,0,1,12,0.0,0.0,0.0,0.0,0.0,0.0,-19147.80919286008,-19147.78982233741,-19147.796931750567
T144_02450+,0,1,12,0.004,0.0,0.0,0.2056882699052,0.0,0.0,-19147.80654715666,-19147.808605799033,-19147.814598541274
T144_02450-,0,1,12,-0.004,0.0,0.0,-0.2056882699052,0.0,0.0,-19147.806547121836,-19147.808633971432,-19147.814655401697
T144_02451+,0,1,12,0.0,0.004,0.0,0.0,0.2056882699052,0.0,-19147.728443974072,-19147.700335751586,-19147.705374762205
T144_02451-,0,1,12,0.0,-0.004,0.0,0.0,-0.2056882699052,0.0,-19147.887406843376,-19147.905626759803,-19147.9153985267
T144_02452+,0,1,12,0.0,0.0,0.004,0.0,0.0,0.2056882699052,-19147.818827824725,-19147.789161915065,-19147.793125854558
T144_02452-,0,1,12,0.0,0.0,-0.004,0.0,0.0,-0.2056882699052,-19147.79848768101,-19147.812885312098,-19147.822594799847
T144_0256,0,1,11,0.0,0.0,0.0,0.0,0.0,0.0,-17100.976295074408,-17100.970991850867,-17100.96990295257
T144_02560+,0,1,11,0.004,0.0,0.0,0.2056882699052,0.0,0.0,-17100.975376268474,-17100.983486881032,-17100.981761199742
T144_02560-,0,1,11,-0.004,0.0,0.0,-0.2056882699052,0.0,0.0,-17100.975376268474,-17100.983634076616,-17100.981765995846
T144_02561+,0,1,11,0.0,0.004,0.0,0.0,0.2056882699052,0.0,-17100.974913988848,-17100.984937936777,-17100.983174661804
T144_02561-,0,1,11,0.0,-0.004,0.0,0.0,-0.2056882699052,0.0,-17100.974913988848,-17100.98505131645,-17100.98327433405
T144_02562+,0,1,11,0.0,0.0,0.004,0.0,0.0,0.2056882699052,-17101.15507491059,-17101.183781101918,-17101.18828527006
T144_02562-,0,1,11,0.0,0.0,-0.004,0.0,0.0,-0.2056882699052,-17100.795378696126,-17100.783520008637,-17100.77536321472
T144_0257,0,1,10,0.0,0.0,0.0,0.0,0.0,0.0,-15053.105247631553,-15053.109188883129,-15053.117946905691
T144_02570+,0,1,10,0.004,0.0,0.0,0.2056882699052,0.0,0.0,-15053.21228185157,-15053.232145868602,-15053.243804187727
T144_02570-,0,1,10,-0.004,0.0,0.0,-0.2056882699052,0.0,0.0,-15052.996884488048,-15053.00510295687,-15053.011898116398
T144_02571+,0,1,10,0.0,0.004,0.0,0.0,0.2056882699052,0.0,-15053.229117647448,-15053.259456702652,-15053.270202110496
T144_02571-,0,1,10,0.0,-0.004,0.0,0.0,-0.2056882699052,0.0,-15052.97975279547,-15052.98235205071,-15052.988701760607
T144_02572+,0,1,10,0.0,0.0,0.004,0.0,0.0,0.2056882699052,-15053.103625234617,-15053.124009098241,-15053.131789883566
T144_02572-,0,1,10,0.0,0.0,-0.004,0.0,0.0,-0.2056882699052,-15053.103625234617,-15053.124075327874,-15053.131869288794
T144_0267,0,1,10,0.0,0.0,0.0,0.0,0.0,0.0,-26790.08579711241,-26790.04213627349,-26790.05890683372
T144_02670+,0,1,10,0.004,0.0,0.0,0.2056882699052,0.0,0.0,-26790.080346913408,-26790.066547529204,-26790.08122460639
T144_02670-,0,1,10,-0.004,0.0,0.0,-0.2056882699052,0.0,0.0,-26790.08034703612,-26790.067564134213,-26790.081401740666
T144_02671+,0,1,10,0.0,0.004,0.0,0.0,0.2056882699052,0.0,-26790.083404445755,-26790.062515799473,-26790.076809995073
T144_02671-,0,1,10,0.0,-0.004,0.0,0.0,-0.2056882699052,0.0,-26790.083404395104,-26790.06316752125,-26790.077352990927
T144_02672+,0,1,10,0.0,0.0,0.004,0.0,0.0,0.2056882699052,-26790.08579260863,-26790.04213194512,-26790.058902452445
T144_02672-,0,1,10,0.0,0.0,-0.004,0.0,0.0,-0.2056882699052,-26790.085801498088,-26790.042140601763,-26790.05891121445
T144_0276,0,1,13,0.0,0.0,0.0,0.0,0.0,0.0,-5313.592834241364,-5313.602227866543,-5313.604559698047
T144_02760+,0,1,13,0.004,0.0,0.0,0.2056882699052,0.0,0.0,-5313.557136153704,-5313.603164002504,-5313.600650911584
T144_02760-,0,1,13,-0.004,0.0,0.0,-0.2056882699052,0.0,0.0,-5313.614014764172,-5313.6531857798445,-5313.659228576974
T144_02761+,0,1,13,0.0,0.004,0.0,0.0,0.2056882699052,0.0,-5313.596063739817,-5313.628853644533,-5313.631324499281
T144_02761-,0,1,13,0.0,-0.004,0.0,0.0,-0.2056882699052,0.0,-5313.585844510136,-5313.611838088623,-5313.613980309946
T144_02762+,0,1,13,0.0,0.0,0.004,0.0,0.0,0.2056882699052,-5313.592627288032,-5313.606040570381,-5313.608334944812
T144_02762-,0,1,13,0.0,0.0,-0.004,0.0,0.0,-0.2056882699052,-5313.592627288032,-5313.6060189119025,-5313.608320971911
T144_0281,0,1,10,0.0,0.0,0.0,0.0,0.0,0.0,-5718.246188970199,-5718.246748625317,-5718.252239936879
T144_02810+,0,1,10,0.004,0.0,0.0,0.2056882699052,0.0,0.0,-5718.0727032189,-5718.060052065526,-5718.058842543884
T144_02810-,0,1,10,-0.004,0.0,0.0,-0.2056882699052,0.0,0.0,-5718.409479296959,-5718.471466787565,-5718.48341378227
T144_02811+,0,1,10,0.0,0.004,0.0,0.0,0.2056882699052,0.0,-5718.261623946211,-5718.288331993636,-5718.293813844699
T144_02811-,0,1,10,0.0,-0.004,0.0,0.0,-0.2056882699052,0.0,-5718.228218559591,-5718.229988783533,-5718.233609085327
T144_02812+,0,1,10,0.0,0.0,0.004,0.0,0.0,0.2056882699052,-5718.245989387011,-5718.250312331789,-5718.255918006352
T144_02812-,0,1,10,0.0,0.0,-0.004,0.0,0.0,-0.2056882699052,-5718.245989387011,-5718.250328442185,-5718.255930842014
T144_0282,0,1,12,0.0,0.0,0.0,0.0,0.0,0.0,-16783.615786900646,-16783.618648553092,-16783.621289517934
T144_02820+,0,1,12,0.004,0.0,0.0,0.2056882699052,0.0,0.0,-16783.692952129473,-16783.73019181351,-16783.734251763413
T144_02820-,0,1,12,-0.004,0.0,0.0,-0.2056882699052,0.0,0.0,-16783.53249129128,-16783.546490560562,-16783.544875250445
T144_02821+,0,1,12,0.0,0.004,0.0,0.0,0.2056882699052,0.0,-16783.59700712813,-16783.625614329405,-16783.627826287022
T144_02821-,0,1,12,0.0,-0.004,0.0,0.0,-0.2056882699052,0.0,-16783.62939903379,-16783.647675692067,-16783.648021206965
T144_02822+,0,1,12,0.0,0.0,0.004,0.0,0.0,0.2056882699052,-16783.615377917664,-16783.626316761885,-16783.62894341046
T144_02822-,0,1,12,0.0,0.0,-0.004,0.0,0.0,-0.2056882699052,-16783.615377917664,-16783.62627913661,-16783.62891632121
T144_0287,0,1,9,0.0,0.0,0.0,0.0,0.0,0.0,-77296.9085976444,-77296.88134035737,-77296.88280494616
T144_02870+,0,1,9,0.004,0.0,0.0,0.2056882699052,0.0,0.0,-77296.9043869863,-77296.89918237574,-77296.8992798123
T144_02870-,0,1,9,-0.004,0.0,0.0,-0.2056882699052,0.0,0.0,-77296.90460213374,-77296.90839163371,-77296.90719582712
T144_02871+,0,1,9,0.0,0.004,0.0,0.0,0.2056882699052,0.0,-77296.96449436064,-77296.94582664593,-77296.94809335338
T144_02871-,0,1,9,0.0,-0.004,0.0,0.0,-0.2056882699052,0.0,-77296.85004562662,-77296.84425396998,-77296.84356482257
T144_02872+,0,1,9,0.0,0.0,0.004,0.0,0.0,0.2056882699052,-77296.9085976444,-77296.88134035737,-77296.88280494616
T144_02872-,0,1,9,0.0,0.0,-0.004,0.0,0.0,-0.2056882699052,-77296.9085976444,-77296.88134035737,-77296.88280494616
T144_0306,0,1,9,0.0,0.0,0.0,0.0,0.0,0.0,-14480.60156004645,-14480.59685175441,-14480.598231204365
T144_03060+,0,1,9,0.004,0.0,0.0,0.2056882699052,0.0,0.0,-14480.778133929285,-14480.80968509127,-14480.809936272197
T144_03060-,0,1,9,-0.004,0.0,0.0,-0.2056882699052,0.0,0.0,-14480.420385156129,-14480.416821301946,-14480.417107599704
T144_03061+,0,1,9,0.0,0.004,0.0,0.0,0.2056882699052,0.0,-14480.554536531317,-14480.54972790604,-14480.551039660219
T144_03061-,0,1,9,0.0,-0.004,0.0,0.0,-0.2056882699052,0.0,-14480.645809865453,-14480.667898504984,-14480.66961420587
T144_03062+,0,1,9,0.0,0.0,0.004,0.0,0.0,0.2056882699052,-14480.60101861272,-14480.599757311413,-14480.601290323757
T144_03062-,0,1,9,0.0,0.0,-0.004,0.0,0.0,-0.2056882699052,-14480.601695989752,-14480.601181798691,-14480.603037388499
T144_0318,0,1,13,0.0,0.0,0.0,0.0,0.0,0.0,-6324.133371186304,-6324.130737085932,-6324.133251680686
T144_03180+,0,1,13,0.004,0.0,0.0,0.2056882699052,0.0,0.0,-6324.173380886339,-6324.204774169806,-6324.212047659196
T144_03180-,0,1,13,-0.004,0.0,0.0,-0.2056882699052,0.0,0.0,-6324.081212224876,-6324.099951615448,-6324.0965542328195
T144_03181+,0,1,13,0.0,0.004,0.0,0.0,0.2056882699052,0.0,-6324.081101009835,-6324.090411216186,-6324.091080457472
T144_03181-,0,1,13,0.0,-0.004,0.0,0.0,-0.2056882699052,0.0,-6324.183397526044,-6324.199002042637,-6324.205146319106
T144_03182+,0,1,13,0.0,0.0,0.004,0.0,0.0,0.2056882699052,-6324.133043846034,-6324.137169376409,-6324.140526919094
T144_03182-,0,1,13,0.0,0.0,-0.004,0.0,0.0,-0.2056882699052,-6324.133039257287,-6324.137141005144,-6324.140504381105
T144_0332,0,1,11,0.0,0.0,0.0,0.0,0.0,0.0,-7303.211362164021,-7303.208779739051,-7303.208629285558
T144_03320+,0,1,11,0.004,0.0,0.0,0.2056882699052,0.0,0.0,-7303.287901199579,-7303.315575093915,-7303.317445118515
T144_03320-,0,1,11,-0.004,0.0,0.0,-0.2056882699052,0.0,0.0,-7303.1292552549985,-7303.130352072508,-7303.13004571608
T144_03321+,0,1,11,0.0,0.004,0.0,0.0,0.2056882699052,0.0,-7303.180488288413,-7303.1947850403285,-7303.197213612413
T144_03321-,0,1,11,0.0,-0.004,0.0,0.0,-0.2056882699052,0.0,-7303.240242707821,-7303.245238828228,-7303.244605695633
T144_03322+,0,1,11,0.0,0.0,0.004,0.0,0.0,0.2056882699052,-7303.211073176976,-7303.214993419737,-7303.2157221059215
T144_03322-,0,1,11,0.0,0.0,-0.004,0.0,0.0,-0.2056882699052,-7303.211073176976,-7303.214991569123,-7303.215719969403
T144_0336,0,1,11,0.0,0.0,0.0,0.0,0.0,0.0,-9783.67729472763,-9783.71137516145,-9783.714644581594
T144_03360+,0,1,11,0.004,0.0,0.0,0.2056882699052,0.0,0.0,-9783.557451476534,-9783.580182738064,-9783.583148304204
T144_03360-,0,1,11,-0.004,0.0,0.0,-0.2056882699052,0.0,0.0,-9783.79181276656,-9783.878537617264,-9783.879037097657
T144_03361+,0,1,11,0.0,0.004,0.0,0.0,0.2056882699052,0.0,-9783.659160172065,-9783.714536857942,-9783.718679119436
T144_03361-,0,1,11,0.0,-0.004,0.0,0.0,-0.2056882699052,0.0,-9783.69371214727,-9783.735192154078,-9783.735219448945
T144_03362+,0,1,11,0.0,0.0,0.004,0.0,0.0,0.2056882699052,-9783.677010218375,-9783.717832346105,-9783.721608905656
T144_03362-,0,1,11,0.0,0.0,-0.004,0.0,0.0,-0.2056882699052,-9783.677010218375,-9783.717865899565,-9783.721632900031
T144_0342,0,1,11,0.0,0.0,0.0,0.0,0.0,0.0,-9339.13122759138,-9339.078395600458,-9339.063999669008
T144_03420+,0,1,11,0.004,0.0,0.0,0.2056882699052,0.0,0.0,-9339.111548765295,-9339.107254649087,-9339.090747468492
T144_03420-,0,1,11,-0.004,0.0,0.0,-0.2056882699052,0.0,0.0,-9339.11154769204,-9339.10723119975,-9339.090698060578
T144_03421+,0,1,11,0.0,0.004,0.0,0.0,0.2056882699052,0.0,-9339.064628772152,-9338.99270245959,-9338.981001907427
T144_03421-,0,1,11,0.0,-0.004,0.0,0.0,-0.2056882699052,0.0,-9339.19666680374,-9339.179937133014,-9339.162228061155
T144_03422+,0,1,11,0.0,0.0,0.004,0.0,0.0,0.2056882699052,-9339.131048529633,-9339.082350418907,-9339.068571759763
T144_03422-,0,1,11,0.0,0.0,-0.004,0.0,0.0,-0.2056882699052,-9339.131045472008,-9339.082387220882,-9339.068570458518
T144_0346,0,1,11,0.0,0.0,0.0,0.0,0.0,0.0,-26916.02499809854,-26916.00951935731,-26916.03037970667
T144_03460+,0,1,11,0.004,0.0,0.0,0.2056882699052,0.0,0.0,-26916.00650847481,-26916.055825010135,-26916.072560959205
T144_03460-,0,1,11,-0.004,0.0,0.0,-0.2056882699052,0.0,0.0,-26916.00770239524,-26916.021745467457,-26916.044470961617
T144_03461+,0,1,11,0.0,0.004,0.0,0.0,0.2056882699052,0.0,-26916.049563077882,-26916.027191779474,-26916.049592961044
T144_03461-,0,1,11,0.0,-0.004,0.0,0.0,-0.2056882699052,0.0,-26915.99380665411,-26916.025323707134,-26916.040786682377
T144_03462+,0,1,11,0.0,0.0,0.004,0.0,0.0,0.2056882699052,-26916.04979728061,-26916.084963159803,-26916.105425907655
T144_03462-,0,1,11,0.0,0.0,-0.004,0.0,0.0,-0.2056882699052,-26915.998927930745,-26915.952728059496,-26915.971931879263
T144_0351,0,1,8,0.0,0.0,0.0,0.0,0.0,0.0,-4872.42421324148,-4872.4303768767595,-4872.430551713812
T144_03510+,0,1,8,0.004,0.0,0.0,0.2056882699052,0.0,0.0,-4872.355824527873,-4872.355627175903,-4872.357049818333
T144_03510-,0,1,8,-0.004,0.0,0.0,-0.2056882699052,0.0,0.0,-4872.491374356153,-4872.519051137212,-4872.5187504951255
T144_03511+,0,1,8,0.0,0.004,0.0,0.0,0.2056882699052,0.0,-4872.397216874223,-4872.404605394587,-4872.404510624057
T144_03511-,0,1,8,0.0,-0.004,0.0,0.0,-0.2056882699052,0.0,-4872.450334549129,-4872.470296916159,-4872.471465273468
T144_03512+,0,1,8,0.0,0.0,0.004,0.0,0.0,0.2056882699052,-4872.423912772686,-4872.436871298868,-4872.437794851509
T144_03512-,0,1,8,0.0,0.0,-0.004,0.0,0.0,-0.2056882699052,-4872.423912772686,-4872.436856759873,-4872.437789000805
T144_0353,0,1,5,0.0,0.0,0.0,0.0,0.0,0.0,-3802.73657592037,-3802.7286258781232,-3802.734868837357
T144_03530+,0,1,5,0.004,0.0,0.0,0.2056882699052,0.0,0.0,-3802.7363949019546,-3802.732162578244,-3802.73896491384
T144_03530-,0,1,5,-0.004,0.0,0.0,-0.2056882699052,0.0,0.0,-3802.7363949019546,-3802.732159909572,-3802.738964085786
T144_03532+,0,1,5,0.0,0.0,0.004,0.0,0.0,0.2056882699052,-3802.805096855233,-3802.814128065409,-3802.8209497282364
T144_03532-,0,1,5,0.0,0.0,-0.004,0.0,0.0,-0.2056882699052,-3802.667641193157,-3802.6509870265786,-3802.657065854704
T144_0361,0,1,12,0.0,0.0,0.0,0.0,0.0,0.0,-6317.59705396964,-6317.662782650966,-6317.6904307515315
T144_03610+,0,1,12,0.004,0.0,0.0,0.2056882699052,0.0,0.0,-6317.59705396964,-6317.662782650966,-6317.6904307515315
T144_03610-,0,1,12,-0.004,0.0,0.0,-0.2056882699052,0.0,0.0,-6317.59705396964,-6317.662782650966,-6317.6904307515315
T144_03611+,0,1,12,0.0,0.004,0.0,0.0,0.2056882699052,0.0,-6317.593328643305,-6317.681277208542,-6317.708003345954
T144_03611-,0,1,12,0.0,-0.004,0.0,0.0,-0.2056882699052,0.0,-6317.593328643305,-6317.68136415826,-6317.708009864439
T144_03612+,0,1,12,0.0,0.0,0.004,0.0,0.0,0.2056882699052,-6317.563238355817,-6317.684015595199,-6317.688832134193
T144_03612-,0,1,12,0.0,0.0,-0.004,0.0,0.0,-0.2056882699052,-6317.6158958467895,-6317.689660383878,-6317.734975104163
T144_0381,0,1,8,0.0,0.0,0.0,0.0,0.0,0.0,-77208.2116462318,-77208.2439588639,-77208.23681177142
T144_03810+,0,1,8,0.004,0.0,0.0,0.2056882699052,0.0,0.0,-77208.20985625773,-77208.26609214453,-77208.25302277751
T144_03810-,0,1,8,-0.004,0.0,0.0,-0.2056882699052,0.0,0.0,-77208.20985625773,-77208.2661765299,-77208.25307128308
T144_03812+,0,1,8,0.0,0.0,0.004,0.0,0.0,0.2056882699052,-77208.20928824767,-77208.25916614961,-77208.24963971309
T144_03812-,0,1,8,0.0,0.0,-0.004,0.0,0.0,-0.2056882699052,-77208.20928824767,-77208.25919985939,-77208.24964110565
T144_0390,0,1,8,0.0,0.0,0.0,0.0,0.0,0.0,-6248.792140935657,-6248.7951790386,-6248.791989952817
T144_03900+,0,1,8,0.004,0.0,0.0,0.2056882699052,0.0,0.0,-6248.791769109513,-6248.793909117519,-6248.79078243049
T144_03900-,0,1,8,-0.004,0.0,0.0,-0.2056882699052,0.0,0.0,-6248.792497462064,-6248.79647690511,-6248.793223771904
T144_03901+,0,1,8,0.0,0.004,0.0,0.0,0.2056882699052,0.0,-6248.770083607878,-6248.832146175778,-6248.82601261368
T144_03901-,0,1,8,0.0,-0.004,0.0,0.0,-0.2056882699052,0.0,-6248.77007540159,-6248.832258037191,-6248.826151547742
T144_03902+,0,1,8,0.0,0.0,0.004,0.0,0.0,0.2056882699052,-6248.792140935657,-6248.7951790386,-6248.791989952817
T144_03902-,0,1,8,0.0,0.0,-0.004,0.0,0.0,-0.2056882699052,-6248.792140935657,-6248.7951790386,-6248.791989952817
T144_0393,0,1,6,0.0,0.0,0.0,0.0,0.0,0.0,-6195.805838086358,-6195.80539203306,-6195.814433120116
T144_03930+,0,1,6,0.004,0.0,0.0,0.2056882699052,0.0,0.0,-6195.750011303165,-6195.817825833076,-6195.8112621362525
T144_03930-,0,1,6,-0.004,0.0,0.0,-0.2056882699052,0.0,0.0,-6195.853316053903,-6195.821444125249,-6195.843976777626
T144_03931+,0,1,6,0.0,0.004,0.0,0.0,0.2056882699052,0.0,-6195.796104451688,-6195.827005506085,-6195.825872637622
T144_03931-,0,1,6,0.0,-0.004,0.0,0.0,-0.2056882699052,0.0,-6195.815050640262,-6195.788530207671,-6195.807800792195
T144_03932+,0,1,6,0.0,0.0,0.004,0.0,0.0,0.2056882699052,-6195.767593836854,-6195.746593429221,-6195.755804318448
T144_03932-,0,1,6,0.0,0.0,-0.004,0.0,0.0,-0.2056882699052,-6195.84399356403,-6195.866334831898,-6195.875735773126
T144_0397,0,1,12,0.0,0.0,0.0,0.0,0.0,0.0,-27936.387833490007,-27936.40153846745,-27936.426678674226
T144_03970+,0,1,12,0.004,0.0,0.0,0.2056882699052,0.0,0.0,-27936.38420828018,-27936.42412831925,-27936.447959718513
T144_03970-,0,1,12,-0.004,0.0,0.0,-0.2056882699052,0.0,0.0,-27936.384209661588,-27936.42408983059,-27936.44791666985
T144_03971+,0,1,12,0.0,0.004,0.0,0.0,0.2056882699052,0.0,-27936.38664328777,-27936.417979806545,-27936.44189101574
T144_03971-,0,1,12,0.0,-0.004,0.0,0.0,-0.2056882699052,0.0,-27936.386620568708,-27936.41790241649,-27936.4418435998
T144_03972+,0,1,12,0.0,0.0,0.004,0.0,0.0,0.2056882699052,-27936.313634077145,-27936.32287649465,-27936.340395044306
T144_03972-,0,1,12,0.0,0.0,-0.004,0.0,0.0,-0.2056882699052,-27936.46038660841,-27936.50445966325,-27936.53464097342
T144_0399,0,1,8,0.0,0.0,0.0,0.0,0.0,0.0,-7241.142840416823,-7241.134024089059,-7241.138257153499
T144_03990+,0,1,8,0.004,0.0,0.0,0.2056882699052,0.0,0.0,-7241.135227358104,-7241.137780959258,-7241.140377509743
T144_03990-,0,1,8,-0.004,0.0,0.0,-0.2056882699052,0.0,0.0,-7241.148061317708,-7241.149864849273,-7241.156520007677
T144_03991+,0,1,8,0.0,0.004,0.0,0.0,0.2056882699052,0.0,-7241.132740307798,-7241.130798268474,-7241.138273152326
T144_03991-,0,1,8,0.0,-0.004,0.0,0.0,-0.2056882699052,0.0,-7241.152409187834,-7241.148750811161,-7241.150543296004
T144_03992+,0,1,8,0.0,0.0,0.004,0.0,0.0,0.2056882699052,-7241.0596341211185,-7241.023901247023,-7241.0244217390655
T144_03992-,0,1,8,0.0,0.0,-0.004,0.0,0.0,-0.2056882699052,-7241.225620345027,-7241.255617939694,-7241.263977904237
T144_0425,0,1,8,0.0,0.0,0.0,0.0,0.0,0.0,-15484.501046288378,-15484.527470327155,-15484.540072611051
T144_04250+,0,1,8,0.004,0.0,0.0,0.2056882699052,0.0,0.0,-15484.416573819,-15484.448044801273,-15484.457415336248
T144_04250-,0,1,8,-0.004,0.0,0.0,-0.2056882699052,0.0,0.0,-15484.580657911618,-15484.634488594564,-15484.65173597335
T144_04251+,0,1,8,0.0,0.004,0.0,0.0,0.2056882699052,0.0,-15484.522841334765,-15484.591392889155,-15484.60596828146
T144_04251-,0,1,8,0.0,-0.004,0.0,0.0,-0.2056882699052,0.0,-15484.474924411123,-15484.494099252639,-15484.505046601422
T144_04252+,0,1,8,0.0,0.0,0.004,0.0,0.0,0.2056882699052,-15484.501046288378,-15484.527470327155,-15484.540072611051
T144_04252-,0,1,8,0.0,0.0,-0.004,0.0,0.0,-0.2056882699052,-15484.501046288378,-15484.527470327155,-15484.540072611051
T144_0438,0,1,9,0.0,0.0,0.0,0.0,0.0,0.0,-10322.633741555755,-10322.599831685191,-10322.598886719044
T144_04380+,0,1,9,0.004,0.0,0.0,0.2056882699052,0.0,0.0,-10322.633741555755,-10322.599831685191,-10322.598886719044
T144_04380-,0,1,9,-0.004,0.0,0.0,-0.2056882699052,0.0,0.0,-10322.633741555755,-10322.599831685191,-10322.598886719044
T144_04381+,0,1,9,0.0,0.004,0.0,0.0,0.2056882699052,0.0,-10322.63045115944,-10322.618437562844,-10322.617486193087
T144_04381-,0,1,9,0.0,-0.004,0.0,0.0,-0.2056882699052,0.0,-10322.63045115944,-10322.618791735116,-10322.617570279877
T144_04382+,0,1,9,0.0,0.0,0.004,0.0,0.0,0.2056882699052,-10322.77687952673,-10322.797852847734,-10322.796887958948
T144_04382-,0,1,9,0.0,0.0,-0.004,0.0,0.0,-0.2056882699052,-10322.486800085953,-10322.430355307302,-10322.425922629362
T144_0445,0,1,8,0.0,0.0,0.0,0.0,0.0,0.0,-28537.830306541113,-28537.808683152627,-28537.816490755074
T144_04450+,0,1,8,0.004,0.0,0.0,0.2056882699052,0.0,0.0,-28537.81426414464,-28537.80704701372,-28537.810618003088
T144_04450-,0,1,8,-0.004,0.0,0.0,-0.2056882699052,0.0,0.0,-28537.843557425607,-28537.840734776622,-28537.8463365562
T144_04451+,0,1,8,0.0,0.004,0.0,0.0,0.2056882699052,0.0,-28537.683106714285,-28537.650291164413,-28537.65437514768
T144_04451-,0,1,8,0.0,-0.004,0.0,0.0,-0.2056882699052,0.0,-28537.97520648782,-28537.988221227428,-28537.997535627102
T144_04452+,0,1,8,0.0,0.0,0.004,0.0,0.0,0.2056882699052,-28537.82939448563,-28537.818378746855,-28537.82560723296
T144_04452-,0,1,8,0.0,0.0,-0.004,0.0,0.0,-0.2056882699052,-28537.82939448563,-28537.818609233585,-28537.825677018584
T144_0460,0,1,11,0.0,0.0,0.0,0.0,0.0,0.0,-27825.61385457692,-27825.58796907381,-27825.597354119407
T144_04600+,0,1,11,0.004,0.0,0.0,0.2056882699052,0.0,0.0,-27825.57125290192,-27825.581714606004,-27825.584085200917
T144_04600-,0,1,11,-0.004,0.0,0.0,-0.2056882699052,0.0,0.0,-27825.642592863303,-27825.649122398478,-27825.658254526363
T144_04601+,0,1,11,0.0,0.004,0.0,0.0,0.2056882699052,0.0,-27825.588352000574,-27825.573039228413,-27825.578610981163
T144_04601-,0,1,11,0.0,-0.004,0.0,0.0,-0.2056882699052,0.0,-27825.63260955281,-27825.63928488881,-27825.650266350698
T144_04602+,0,1,11,0.0,0.0,0.004,0.0,0.0,0.2056882699052,-27825.55598116074,-27825.51799266444,-27825.528376498733
T144_04602-,0,1,11,0.0,0.0,-0.004,0.0,0.0,-0.2056882699052,-27825.67090794703,-27825.66835891423,-27825.676446380952
T144_0470,0,1,6,0.0,0.0,0.0,0.0,0.0,0.0,-15653.427131468385,-15653.446628205314,-15653.455621018373
T144_04700+,0,1,6,0.004,0.0,0.0,0.2056882699052,0.0,0.0,-15653.366604113506,-15653.371404445968,-15653.380899578335
T144_04700-,0,1,6,-0.004,0.0,0.0,-0.2056882699052,0.0,0.0,-15653.48653718465,-15653.539328833782,-15653.54533785833
T144_04701+,0,1,6,0.0,0.004,0.0,0.0,0.2056882699052,0.0,-15653.430603983252,-15653.453357265902,-15653.459166465313
T144_04701-,0,1,6,0.0,-0.004,0.0,0.0,-0.2056882699052,0.0,-15653.4228609353,-15653.45643381454,-15653.466015820326
T144_04702+,0,1,6,0.0,0.0,0.004,0.0,0.0,0.2056882699052,-15653.426982523486,-15653.450904237188,-15653.459537208324
T144_04702-,0,1,6,0.0,0.0,-0.004,0.0,0.0,-0.2056882699052,-15653.426982523486,-15653.450898756193,-15653.459538890756
T144_0489,0,1,13,0.0,0.0,0.0,0.0,0.0,0.0,-16122.608005365257,-16122.629833450475,-16122.638890307764
T144_04890+,0,1,13,0.004,0.0,0.0,0.2056882699052,0.0,0.0,-16122.746211257527,-16122.800448693088,-16122.811667460861
T144_04890-,0,1,13,-0.004,0.0,0.0,-0.2056882699052,0.0,0.0,-16122.463848129502,-16122.496471703002,-16122.50323696783
T144_04891+,0,1,13,0.0,0.004,0.0,0.0,0.2056882699052,0.0,-16122.501893833136,-16122.537632482243,-16122.543176432593
T144_04891-,0,1,13,0.0,-0.004,0.0,0.0,-0.2056882699052,0.0,-16122.71098584868,-16122.755550617136,-16122.767078572351
T144_04892+,0,1,13,0.0,0.0,0.004,0.0,0.0,0.2056882699052,-16122.617995407936,-16122.643727718592,-16122.653319533287
T144_04892-,0,1,13,0.0,0.0,-0.004,0.0,0.0,-0.2056882699052,-16122.597118625798,-16122.637905746302,-16122.647453585147
T144_0529,0,1,12,0.0,0.0,0.0,0.0,0.0,0.0,-6762.537641229022,-6762.529951717255,-6762.529521442255
T144_05290+,0,1,12,0.004,0.0,0.0,0.2056882699052,0.0,0.0,-6762.563778128637,-6762.579045472299,-6762.577734696724
T144_05290-,0,1,12,-0.004,0.0,0.0,-0.2056882699052,0.0,0.0,-6762.5055208357735,-6762.5137407432685,-6762.514069459116
T144_05291+,0,1,12,0.0,0.004,0.0,0.0,0.2056882699052,0.0,-6762.67882187993,-6762.704210214778,-6762.708653108197
T144_05291-,0,1,12,0.0,-0.004,0.0,0.0,-0.2056882699052,0.0,-6762.394575323898,-6762.380460811508,-6762.378522092426
T144_05292+,0,1,12,0.0,0.0,0.004,0.0,0.0,0.2056882699052,-6762.537266030636,-6762.53706991311,-6762.537359157984
T144_05292-,0,1,12,0.0,0.0,-0.004,0.0,0.0,-0.2056882699052,-6762.537259242081,-6762.537024697401,-6762.537321633336
T144_0533,0,1,12,0.0,0.0,0.0,0.0,0.0,0.0,-16559.269061050105,-16559.21690519349,-16559.235206158522
T144_05330+,0,1,12,0.004,0.0,0.0,0.2056882699052,0.0,0.0,-16559.276713061725,-16559.249012872617,-16559.26832923689
T144_05330-,0,1,12,-0.004,0.0,0.0,-0.2056882699052,0.0,0.0,-16559.254248331163,-16559.225621634963,-16559.240404199412
T144_05331+,0,1,12,0.0,0.004,0.0,0.0,0.2056882699052,0.0,-16559.408732235646,-16559.39299337552,-16559.415405604545
T144_05331-,0,1,12,0.0,-0.004,0.0,0.0,-0.2056882699052,0.0,-16559.12677608956,-16559.07099833392,-16559.086134594134
T144_05332+,0,1,12,0.0,0.0,0.004,0.0,0.0,0.2056882699052,-16559.336118838888,-16559.287876570754,-16559.309130071655
T144_05332-,0,1,12,0.0,0.0,-0.004,0.0,0.0,-0.2056882699052,-16559.20126295783,-16559.163034625926,-16559.1791066936
T144_0556,0,1,12,0.0,0.0,0.0,0.0,0.0,0.0,-6762.098202351194,-6762.089093410287,-6762.090078765166
T144_05560+,0,1,12,0.004,0.0,0.0,0.2056882699052,0.0,0.0,-6762.105901533553,-6762.112921167251,-6762.1140392103
T144_05560-,0,1,12,-0.004,0.0,0.0,-0.2056882699052,0.0,0.0,-6762.086926930047,-6762.092881896266,-6762.095591517516
T144_05561+,0,1,12,0.0,0.004,0.0,0.0,0.2056882699052,0.0,-6761.935499257244,-6761.927342372015,-6761.928392769536
T144_05561-,0,1,12,0.0,-0.004,0.0,0.0,-0.2056882699052,0.0,-6762.256910029968,-6762.281789145577,-6762.284974780237
T144_05562+,0,1,12,0.0,0.0,0.004,0.0,0.0,0.2056882699052,-6762.097851935956,-6762.09610317845,-6762.097598289987
T144_05562-,0,1,12,0.0,0.0,-0.004,0.0,0.0,-0.2056882699052,-6762.097851935956,-6762.096116811269,-6762.097604301752
T144_0580,0,1,7,0.0,0.0,0.0,0.0,0.0,0.0,-5655.858725478116,-5655.852070743109,-5655.86575321156
T144_05800+,0,1,7,0.004,0.0,0.0,0.2056882699052,0.0,0.0,-5655.953809370005,-5655.948424893312,-5655.9734907680295
T144_05800-,0,1,7,-0.004,0.0,0.0,-0.2056882699052,0.0,0.0,-5655.7549595735245,-5655.7875381474905,-5655.788916542552
T144_05801+,0,1,7,0.0,0.004,0.0,0.0,0.2056882699052,0.0,-5655.851181100624,-5655.855759373105,-5655.860935855849
T144_05801-,0,1,7,0.0,-0.004,0.0,0.0,-0.2056882699052,0.0,-5655.865926510095,-5655.8528587060955,-5655.875011544003
T144_05802+,0,1,7,0.0,0.0,0.004,0.0,0.0,0.2056882699052,-5655.858627208067,-5655.854602964828,-5655.869396847376
T144_05802-,0,1,7,0.0,0.0,-0.004,0.0,0.0,-0.2056882699052,-5655.858630516308,-5655.854592392874,-5655.869377705447
T144_0599,0,1,7,0.0,0.0,0.0,0.0,0.0,0.0,-4184.73870174358,-4184.739113135795,-4184.740758318906
T144_05990+,0,1,7,0.004,0.0,0.0,0.2056882699052,0.0,0.0,-4184.738163455234,-4184.7459357001735,-4184.747811816352
T144_05990-,0,1,7,-0.004,0.0,0.0,-0.2056882699052,0.0,0.0,-4184.738163455234,-4184.74592056164,-4184.747794504246
T144_05991+,0,1,7,0.0,0.004,0.0,0.0,0.2056882699052,0.0,-4184.737689716308,-4184.747713663518,-4184.749023880911
T144_05991-,0,1,7,0.0,-0.004,0.0,0.0,-0.2056882699052,0.0,-4184.737689716308,-4184.747721890405,-4184.749043599931
T144_05992+,0,1,7,0.0,0.0,0.004,0.0,0.0,0.2056882699052,-4184.809214763669,-4184.8310250473805,-4184.829644326017
T144_05992-,0,1,7,0.0,0.0,-0.004,0.0,0.0,-0.2056882699052,-4184.667874151038,-4184.655415670401,-4184.659577222472
T144_0617,0,1,8,0.0,0.0,0.0,0.0,0.0,0.0,-7260.518307776705,-7260.501493580752,-7260.507065504297
T144_06170+,0,1,8,0.004,0.0,0.0,0.2056882699052,0.0,0.0,-7260.40274390459,-7260.416037490619,-7260.415166460782
T144_06170-,0,1,8,-0.004,0.0,0.0,-0.2056882699052,0.0,0.0,-7260.603392992733,-7260.6481211565815,-7260.652931412151
T144_06171+,0,1,8,0.0,0.004,0.0,0.0,0.2056882699052,0.0,-7260.444358972986,-7260.431113110561,-7260.433158671731
T144_06171-,0,1,8,0.0,-0.004,0.0,0.0,-0.2056882699052,0.0,-7260.590866348757,-7260.581902927397,-7260.591283260287
T144_06172+,0,1,8,0.0,0.0,0.004,0.0,0.0,0.2056882699052,-7260.5182668368925,-7260.5014296388945,-7260.506995533412
T144_06172-,0,1,8,0.0,0.0,-0.004,0.0,0.0,-0.2056882699052,-7260.518348721417,-7260.501557538433,-7260.507135490718
T144_0654,0,1,6,0.0,0.0,0.0,0.0,0.0,0.0,-17694.855843227673,-17694.875678532528,-17694.88218568199
T144_06540+,0,1,6,0.004,0.0,0.0,0.2056882699052,0.0,0.0,-17694.777093879744,-17694.789610359814,-17694.78865262038
T144_06540-,0,1,6,-0.004,0.0,0.0,-0.2056882699052,0.0,0.0,-17694.924836080947,-17694.995634114843,-17695.002731131317
T144_06541+,0,1,6,0.0,0.004,0.0,0.0,0.2056882699052,0.0,-17694.909101117264,-17694.954883188737,-17694.960325747626
T144_06541-,0,1,6,0.0,-0.004,0.0,0.0,-0.2056882699052,0.0,-17694.799196135715,-17694.815821626922,-17694.82032398535
T144_06542+,0,1,6,0.0,0.0,0.004,0.0,0.0,0.2056882699052,-17694.855846310842,-17694.87567454744,-17694.882181272107
T144_06542-,0,1,6,0.0,0.0,-0.004,0.0,0.0,-0.2056882699052,-17694.85584013231,-17694.87568251992,-17694.882190092307
T144_0655,0,1,6,0.0,0.0,0.0,0.0,0.0,0.0,-7890.020909006167,-7890.05229090848,-7890.068123568092
T144_06550+,0,1,6,0.004,0.0,0.0,0.2056882699052,0.0,0.0,-7890.110136032926,-7890.197742047834,-7890.20909275323
T144_06550-,0,1,6,-0.004,0.0,0.0,-0.2056882699052,0.0,0.0,-7889.922735830626,-7889.9380447364665,-7889.953835180342
T144_06551+,0,1,6,0.0,0.004,0.0,0.0,0.2056882699052,0.0,-7889.991145050284,-7890.031327839762,-7890.0434893808615
T144_06551-,0,1,6,0.0,-0.004,0.0,0.0,-0.2056882699052,0.0,-7890.049399839612,-7890.0839808821065,-7890.101983863308
T144_06552+,0,1,6,0.0,0.0,0.004,0.0,0.0,0.2056882699052,-7890.02091112007,-7890.052289573657,-7890.068121683952
T144_06552-,0,1,6,0.0,0.0,-0.004,0.0,0.0,-0.2056882699052,-7890.02090684837,-7890.052292242765,-7890.068125451801
T144_0670,0,1,5,0.0,0.0,0.0,0.0,0.0,0.0,-4614.624717888028,-4614.626404475128,-4614.626242914674
T144_06700+,0,1,5,0.004,0.0,0.0,0.2056882699052,0.0,0.0,-4614.624717888028,-4614.626404475128,-4614.626242914674
T144_06700-,0,1,5,-0.004,0.0,0.0,-0.2056882699052,0.0,0.0,-4614.624717888028,-4614.626404475128,-4614.626242914674
T144_06702+,0,1,5,0.0,0.0,0.004,0.0,0.0,0.2056882699052,-4614.742245057628,-4614.808201736979,-4614.812041561175
T144_06702-,0,1,5,0.0,0.0,-0.004,0.0,0.0,-0.2056882699052,-4614.496222835638,-4614.4780936911675,-4614.473270332777
T144_0710,0,1,8,0.0,0.0,0.0,0.0,0.0,0.0,-15021.161290726563,-15021.184615311971,-15021.186462815085
T144_07100+,0,1,8,0.004,0.0,0.0,0.2056882699052,0.0,0.0,-15021.009141746961,-15021.032435102257,-15021.029473117514
T144_07100-,0,1,8,-0.004,0.0,0.0,-0.2056882699052,0.0,0.0,-15021.308814437056,-15021.367846369974,-15021.372619541688
T144_07101+,0,1,8,0.0,0.004,0.0,0.0,0.2056882699052,0.0,-15021.144114869101,-15021.183378537298,-15021.18475191222
T144_07101-,0,1,8,0.0,-0.004,0.0,0.0,-0.2056882699052,0.0,-15021.17614482004,-15021.208291908311,-15021.21030863054
T144_07102+,0,1,8,0.0,0.0,0.004,0.0,0.0,0.2056882699052,-15021.161075832186,-15021.188286663768,-15021.190366691857
T144_07102-,0,1,8,0.0,0.0,-0.004,0.0,0.0,-0.2056882699052,-15021.161075832186,-15021.188297180533,-15021.190375313397
T144_0722,0,1,8,0.0,0.0,0.0,0.0,0.0,0.0,-27527.794410990682,-27527.78665774248,-27527.79068986646
T144_07220+,0,1,8,0.004,0.0,0.0,0.2056882699052,0.0,0.0,-27527.845337796876,-27527.87112390861,-27527.87537413639
T144_07220-,0,1,8,-0.004,0.0,0.0,-0.2056882699052,0.0,0.0,-27527.739272574006,-27527.729092834383,-27527.729588771872
T144_07221+,0,1,8,0.0,0.004,0.0,0.0,0.2056882699052,0.0,-27527.798632314494,-27527.795086164337,-27527.795714571817
T144_07221-,0,1,8,0.0,-0.004,0.0,0.0,-0.2056882699052,0.0,-27527.78797591108,-27527.804063233372,-27527.80925127734
T144_07222+,0,1,8,0.0,0.0,0.004,0.0,0.0,0.2056882699052,-27527.730948278157,-27527.728548953844,-27527.72931626523
T144_07222-,0,1,8,0.0,0.0,-0.004,0.0,0.0,-0.2056882699052,-27527.856560168184,-27527.8613825633,-27527.86770103453
T144_0753,0,1,8,0.0,0.0,0.0,0.0,0.0,0.0,-15484.608068326765,-15484.623131199849,-15484.620623841993
T144_07530+,0,1,8,0.004,0.0,0.0,0.2056882699052,0.0,0.0,-15484.572197885638,-15484.59496796148,-15484.591596268121
T144_07530-,0,1,8,-0.004,0.0,0.0,-0.2056882699052,0.0,0.0,-15484.637681945047,-15484.682272385557,-15484.682664156097
T144_07531+,0,1,8,0.0,0.004,0.0,0.0,0.2056882699052,0.0,-15484.547838867564,-15484.578129220763,-15484.577161901867
T144_07531-,0,1,8,0.0,-0.004,0.0,0.0,-0.2056882699052,0.0,-15484.66544932252,-15484.696753400696,-15484.691006713903
T144_07532+,0,1,8,0.0,0.0,0.004,0.0,0.0,0.2056882699052,-15484.608068326765,-15484.623131199849,-15484.620623841993
T144_07532-,0,1,8,0.0,0.0,-0.004,0.0,0.0,-0.2056882699052,-15484.608068326765,-15484.623131199849,-15484.620623841993
T144_0757,0,1,7,0.0,0.0,0.0,0.0,0.0,0.0,-12973.301154439034,-12973.307463583087,-12973.311137355613
T144_07570+,0,1,7,0.004,0.0,0.0,0.2056882699052,0.0,0.0,-12973.381300866204,-12973.393890294168,-12973.396967159377
T144_07570-,0,1,7,-0.004,0.0,0.0,-0.2056882699052,0.0,0.0,-12973.217680822123,-12973.242826026246,-12973.24407238626
T144_07571+,0,1,7,0.0,0.004,0.0,0.0,0.2056882699052,0.0,-12973.20436360717,-12973.23166017748,-12973.229684658407
T144_07571-,0,1,7,0.0,-0.004,0.0,0.0,-0.2056882699052,0.0,-12973.395516427301,-12973.404954532802,-12973.412512607178
T144_07572+,0,1,7,0.0,0.0,0.004,0.0,0.0,0.2056882699052,-12973.300940103556,-12973.311497556573,-12973.31482835658
T144_07572-,0,1,7,0.0,0.0,-0.004,0.0,0.0,-0.2056882699052,-12973.300940103556,-12973.311511400887,-12973.314838519642
T144_0761,0,1,10,0.0,0.0,0.0,0.0,0.0,0.0,-27354.339857333667,-27354.347427648016,-27354.36347326654
T144_07610+,0,1,10,0.004,0.0,0.0,0.2056882699052,0.0,0.0,-27354.223910336696,-27354.23730124984,-27354.24528683775
T144_07610-,0,1,10,-0.004,0.0,0.0,-0.2056882699052,0.0,0.0,-27354.432579207052,-27354.50684588027,-27354.52689180124
T144_07611+,0,1,10,0.0,0.004,0.0,0.0,0.2056882699052,0.0,-27354.377776193356,-27354.386249989282,-27354.403884215615
T144_07611-,0,1,10,0.0,-0.004,0.0,0.0,-0.2056882699052,0.0,-27354.29520485144,-27354.34154136156,-27354.352169323884
T144_07612+,0,1,10,0.0,0.0,0.004,0.0,0.0,0.2056882699052,-27354.32093462745,-27354.357904954715,-27354.371072821614
T144_07612-,0,1,10,0.0,0.0,-0.004,0.0,0.0,-0.2056882699052,-27354.357792793202,-27354.35444423853,-27354.371372044494
T144_0762,0,1,4,0.0,0.0,0.0,0.0,0.0,0.0,-11903.50580245119,-11903.504491389607,-11903.506803281012
T144_07620+,0,1,4,0.004,0.0,0.0,0.2056882699052,0.0,0.0,-11903.50580245119,-11903.504491389607,-11903.506803281012
T144_07620-,0,1,4,-0.004,0.0,0.0,-0.2056882699052,0.0,0.0,-11903.50580245119,-11903.504491389607,-11903.506803281012
T144_07621+,0,1,4,0.0,0.004,0.0,0.0,0.2056882699052,0.0,-11903.505409647076,-11903.508505566388,-11903.51050981436
T144_07621-,0,1,4,0.0,-0.004,0.0,0.0,-0.2056882699052,0.0,-11903.505409647076,-11903.50852667988,-11903.510525878648
T144_07622+,0,1,4,0.0,0.0,0.004,0.0,0.0,0.2056882699052,-11903.596410838258,-11903.593781528632,-11903.603827386767
T144_07622-,0,1,4,0.0,0.0,-0.004,0.0,0.0,-0.2056882699052,-11903.413309346139,-11903.433168178095,-11903.426438597731
T144_0765,0,1,10,0.0,0.0,0.0,0.0,0.0,0.0,-17093.26960819919,-17093.317612026607,-17093.31854326285
T144_07650+,0,1,10,0.004,0.0,0.0,0.2056882699052,0.0,0.0,-17093.131010805824,-17093.174601705843,-17093.158483880314
T144_07650-,0,1,10,-0.004,0.0,0.0,-0.2056882699052,0.0,0.0,-17093.39992864381,-17093.500402163034,-17093.520891782096
T144_07651+,0,1,10,0.0,0.004,0.0,0.0,0.2056882699052,0.0,-17093.266584546527,-17093.333651219422,-17093.334910061192
T144_07651-,0,1,10,0.0,-0.004,0.0,0.0,-0.2056882699052,0.0,-17093.266584546527,-17093.33370454062,-17093.33504929199
T144_07652+,0,1,10,0.0,0.0,0.004,0.0,0.0,0.2056882699052,-17093.323791970488,-17093.364041080302,-17093.365859171896
T144_07652-,0,1,10,0.0,0.0,-0.004,0.0,0.0,-0.2056882699052,-17093.215244777744,-17093.27430997052,-17093.27530703063
T144_0767,0,1,4,0.0,0.0,0.0,0.0,0.0,0.0,-36916.3925582152,-36916.379739740136,-36916.39045236678
T144_07670+,0,1,4,0.004,0.0,0.0,0.2056882699052,0.0,0.0,-36916.3925582152,-36916.379739740136,-36916.39045236678
T144_07670-,0,1,4,-0.004,0.0,0.0,-0.2056882699052,0.0,0.0,-36916.3925582152,-36916.379739740136,-36916.39045236678
T144_07671+,0,1,4,0.0,0.004,0.0,0.0,0.2056882699052,0.0,-36916.39116343277,-36916.39130359059,-36916.398113851
T144_07671-,0,1,4,0.0,-0.004,0.0,0.0,-0.2056882699052,0.0,-36916.39116343277,-36916.39137154782,-36916.3981703572
T144_07672+,0,1,4,0.0,0.0,0.004,0.0,0.0,0.2056882699052,-36916.43215446415,-36916.418639516305,-36916.42798234946
T144_07672-,0,1,4,0.0,0.0,-0.004,0.0,0.0,-0.2056882699052,-36916.34928268949,-36916.368758875804,-36916.37405081617
T144_0768,0,1,10,0.0,0.0,0.0,0.0,0.0,0.0,-16423.398520133156,-16423.417670864146,-16423.413690822294
T144_07680+,0,1,10,0.004,0.0,0.0,0.2056882699052,0.0,0.0,-16423.170990219962,-16423.181067150304,-16423.173713293476
T144_07680-,0,1,10,-0.004,0.0,0.0,-0.2056882699052,0.0,0.0,-16423.618982965774,-16423.692967648858,-16423.69053405887
T144_07681+,0,1,10,0.0,0.004,0.0,0.0,0.2056882699052,0.0,-16423.363124505588,-16423.40239948746,-16423.400548467853
T144_07681-,0,1,10,0.0,-0.004,0.0,0.0,-0.2056882699052,0.0,-16423.43135449077,-16423.457385775935,-16423.4522421496
T144_07682+,0,1,10,0.0,0.0,0.004,0.0,0.0,0.2056882699052,-16423.398375298526,-16423.41989447718,-16423.41711834842
T144_07682-,0,1,10,0.0,0.0,-0.004,0.0,0.0,-0.2056882699052,-16423.398398153342,-16423.41991337785,-16423.41712925702
T144_0769,0,1,8,0.0,0.0,0.0,0.0,0.0,0.0,-14917.895536359976,-14917.885812797322,-14917.886704892302
T144_07690+,0,1,8,0.004,0.0,0.0,0.2056882699052,0.0,0.0,-14917.895517343415,-14917.886089202106,-14917.886971249527
T144_07690-,0,1,8,-0.004,0.0,0.0,-0.2056882699052,0.0,0.0,-14917.895517343415,-14917.886105081883,-14917.886982849357
T144_07691+,0,1,8,0.0,0.004,0.0,0.0,0.2056882699052,0.0,-14917.89450530155,-14917.896530382426,-14917.898073534461
T144_07691-,0,1,8,0.0,-0.004,0.0,0.0,-0.2056882699052,0.0,-14917.89450530155,-14917.896615487873,-14917.898218769244
T144_07692+,0,1,8,0.0,0.0,0.004,0.0,0.0,0.2056882699052,-14918.096084504125,-14918.130916841932,-14918.13149449678
T144_07692-,0,1,8,0.0,0.0,-0.004,0.0,0.0,-0.2056882699052,-14917.69103994977,-14917.672451913473,-14917.670883879671
T144_0818,0,1,6,0.0,0.0,0.0,0.0,0.0,0.0,-27150.629579499902,-27150.616006306453,-27150.62562271112
T144_08180+,0,1,6,0.004,0.0,0.0,0.2056882699052,0.0,0.0,-27150.629579499902,-27150.616006306453,-27150.62562271112
T144_08180-,0,1,6,-0.004,0.0,0.0,-0.2056882699052,0.0,0.0,-27150.629579499902,-27150.616006306453,-27150.62562271112
T144_08181+,0,1,6,0.0,0.004,0.0,0.0,0.2056882699052,0.0,-27150.62770168436,-27150.63187713046,-27150.63822313079
T144_08181-,0,1,6,0.0,-0.004,0.0,0.0,-0.2056882699052,0.0,-27150.62770168436,-27150.631843846742,-27150.63821687792
T144_08182+,0,1,6,0.0,0.0,0.004,0.0,0.0,0.2056882699052,-27150.56346909207,-27150.542872706388,-27150.553760578176
T144_08182-,0,1,6,0.0,0.0,-0.004,0.0,0.0,-0.2056882699052,-27150.69327825421,-27150.713616149995,-27150.71924042314
T144_0820,0,1,9,0.0,0.0,0.0,0.0,0.0,0.0,-11310.866818117129,-11310.839050913108,-11310.837925233856
T144_08200+,0,1,9,0.004,0.0,0.0,0.2056882699052,0.0,0.0,-11310.797521112501,-11310.7818200684,-11310.780149765349
T144_08200-,0,1,9,-0.004,0.0,0.0,-0.2056882699052,0.0,0.0,-11310.931931636967,-11310.923366753172,-11310.919887812592
T144_08201+,0,1,9,0.0,0.004,0.0,0.0,0.2056882699052,0.0,-11310.854664545042,-11310.849481987849,-11310.844179634196
T144_08201-,0,1,9,0.0,-0.004,0.0,0.0,-0.2056882699052,0.0,-11310.876661513983,-11310.851156666466,-11310.855658809032
T144_08202+,0,1,9,0.0,0.0,0.004,0.0,0.0,0.2056882699052,-11310.866632395811,-11310.842906244645,-11310.842093224619
T144_08202-,0,1,9,0.0,0.0,-0.004,0.0,0.0,-0.2056882699052,-11310.866632395811,-11310.842928911617,-11310.842099927742
T144_0833,0,1,11,0.0,0.0,0.0,0.0,0.0,0.0,-5279.8178852817355,-5279.850140303738,-5279.853312670071
T144_08330+,0,1,11,0.004,0.0,0.0,0.2056882699052,0.0,0.0,-5279.851528544655,-5279.909939777349,-5279.914604200058
T144_08330-,0,1,11,-0.004,0.0,0.0,-0.2056882699052,0.0,0.0,-5279.771519044794,-5279.837703608256,-5279.835844350369
T144_08331+,0,1,11,0.0,0.004,0.0,0.0,0.2056882699052,0.0,-5279.815247712601,-5279.872803624648,-5279.875076093812
T144_08331-,0,1,11,0.0,-0.004,0.0,0.0,-0.2056882699052,0.0,-5279.815885362348,-5279.856566059098,-5279.858348167112
T144_08332+,0,1,11,0.0,0.0,0.004,0.0,0.0,0.2056882699052,-5279.817669812296,-5279.85402763834,-5279.857170424108
T144_08332-,0,1,11,0.0,0.0,-0.004,0.0,0.0,-0.2056882699052,-5279.817669812296,-5279.854008844034,-5279.857155853724
T144_0841,0,1,10,0.0,0.0,0.0,0.0,0.0,0.0,-11118.721863660907,-11118.74444005045,-11118.756573445817
T144_08410+,0,1,10,0.004,0.0,0.0,0.2056882699052,0.0,0.0,-11118.679158567784,-11118.709220860968,-11118.719457875784
T144_08410-,0,1,10,-0.004,0.0,0.0,-0.2056882699052,0.0,0.0,-11118.75754937251,-11118.812746805468,-11118.827734753566
T144_08411+,0,1,10,0.0,0.004,0.0,0.0,0.2056882699052,0.0,-11118.700322879533,-11118.733153387686,-11118.748213049614
T144_08411-,0,1,10,0.0,-0.004,0.0,0.0,-0.2056882699052,0.0,-11118.73841129716,-11118.789804817732,-11118.801277733794
T144_08412+,0,1,10,0.0,0.0,0.004,0.0,0.0,0.2056882699052,-11118.721863638853,-11118.744440017867,-11118.756573402792
T144_08412-,0,1,10,0.0,0.0,-0.004,0.0,0.0,-0.2056882699052,-11118.7218636875,-11118.74444008273,-11118.756573489854
T144_0843,0,1,10,0.0,0.0,0.0,0.0,0.0,0.0,-19129.729391970912,-19129.79414999231,-19129.78062805927
T144_08430+,0,1,10,0.004,0.0,0.0,0.2056882699052,0.0,0.0,-19129.69438097863,-19129.762650563454,-19129.744265080888
T144_08430-,0,1,10,-0.004,0.0,0.0,-0.2056882699052,0.0,0.0,-19129.756454888804,-19129.856394004,-19129.84373214904
T144_08431+,0,1,10,0.0,0.004,0.0,0.0,0.2056882699052,0.0,-19129.639959690674,-19129.69558064553,-19129.67947768577
T144_08431-,0,1,10,0.0,-0.004,0.0,0.0,-0.2056882699052,0.0,-19129.81388059434,-19129.924746202414,-19129.91297005177
T144_08432+,0,1,10,0.0,0.0,0.004,0.0,0.0,0.2056882699052,-19129.705857843463,-19129.769826705564,-19129.75422531443
T144_08432-,0,1,10,0.0,0.0,-0.004,0.0,0.0,-0.2056882699052,-19129.751884755748,-19129.833555249097,-19129.82366212347
T144_0846,0,1,10,0.0,0.0,0.0,0.0,0.0,0.0,-77218.36025487907,-77218.35063041409,-77218.35497338387
T144_08460+,0,1,10,0.004,0.0,0.0,0.2056882699052,0.0,0.0,-77218.35944005924,-77218.36518533445,-77218.37060459361
T144_08460-,0,1,10,-0.004,0.0,0.0,-0.2056882699052,0.0,0.0,-77218.35021949834,-77218.37057394341,-77218.37375481828
T144_08461+,0,1,10,0.0,0.004,0.0,0.0,0.2056882699052,0.0,-77218.31994770636,-77218.33152415208,-77218.33042130744
T144_08461-,0,1,10,0.0,-0.004,0.0,0.0,-0.2056882699052,0.0,-77218.39614690746,-77218.40209056746,-77218.40851319942
T144_08462+,0,1,10,0.0,0.0,0.004,0.0,0.0,0.2056882699052,-77218.35769819455,-77218.35345469453,-77218.36001116515
T144_08462-,0,1,10,0.0,0.0,-0.004,0.0,0.0,-0.2056882699052,-77218.36178393927,-77218.3630548051,-77218.36592923921
T144_0847,0,1,8,0.0,0.0,0.0,0.0,0.0,0.0,-84703.96371952072,-84703.96688189036,-84703.96775784832
T144_08470+,0,1,8,0.004,0.0,0.0,0.2056882699052,0.0,0.0,-84703.96446055811,-84703.98421862397,-84703.98346202304
T144_08470-,0,1,8,-0.004,0.0,0.0,-0.2056882699052,0.0,0.0,-84703.95987554538,-84703.98162322737,-84703.98008592991
T144_08471+,0,1,8,0.0,0.004,0.0,0.0,0.2056882699052,0.0,-84703.96473272998,-84703.97930611778,-84703.97944338496
T144_08471-,0,1,8,0.0,-0.004,0.0,0.0,-0.2056882699052,0.0,-84703.96157969646,-84703.97746768006,-84703.97814484079
T144_08472+,0,1,8,0.0,0.0,0.004,0.0,0.0,0.2056882699052,-84703.96339499688,-84703.97379513831,-84703.97543578544
T144_08472-,0,1,8,0.0,0.0,-0.004,0.0,0.0,-0.2056882699052,-84703.96339499688,-84703.97381356888,-84703.97544055451
T144_0852,0,1,10,0.0,0.0,0.0,0.0,0.0,0.0,-85543.43179811876,-85543.39263890074,-85543.3918955592
T144_08520+,0,1,10,0.004,0.0,0.0,0.2056882699052,0.0,0.0,-85543.48211840268,-85543.47056898639,-85543.4693133983
T144_08520-,0,1,10,-0.004,0.0,0.0,-0.2056882699052,0.0,0.0,-85543.36653814802,-85543.36250298918,-85543.35934299217
T144_08521+,0,1,10,0.0,0.004,0.0,0.0,0.2056882699052,0.0,-85543.33045920689,-85543.29422379732,-85543.29165846041
T144_08521-,0,1,10,0.0,-0.004,0.0,0.0,-0.2056882699052,0.0,-85543.52807405146,-85543.5208971426,-85543.52004339584
T144_08522+,0,1,10,0.0,0.0,0.004,0.0,0.0,0.2056882699052,-85543.41474753343,-85543.38637987958,-85543.38295743646
T144_08522-,0,1,10,0.0,0.0,-0.004,0.0,0.0,-0.2056882699052,-85543.44740766691,-85543.41587223798,-85543.41794494462
T144_0884,0,1,9,0.0,0.0,0.0,0.0,0.0,0.0,-10084.249221030079,-10084.229458202142,-10084.246155332772
T144_08840+,0,1,9,0.004,0.0,0.0,0.2056882699052,0.0,0.0,-10084.360929352257,-10084.35829883576,-10084.375352148509
T144_08840-,0,1,9,-0.004,0.0,0.0,-0.2056882699052,0.0,0.0,-10084.132136411088,-10084.126014158017,-10084.143869411684
T144_08841+,0,1,9,0.0,0.004,0.0,0.0,0.2056882699052,0.0,-10084.18050355774,-10084.152749954193,-10084.168224272466
T144_08841-,0,1,9,0.0,-0.004,0.0,0.0,-0.2056882699052,0.0,-10084.316193525841,-10084.322214042442,-10084.339621198698
T144_08842+,0,1,9,0.0,0.0,0.004,0.0,0.0,0.2056882699052,-10084.248699907866,-10084.23676545712,-10084.253767221251
T144_08842-,0,1,9,0.0,0.0,-0.004,0.0,0.0,-0.2056882699052,-10084.2487089797,-10084.236835209309,-10084.253826467495
T144_0886,0,1,7,0.0,0.0,0.0,0.0,0.0,0.0,-7349.733178346971,-7349.719025150581,-7349.725124917846
T144_08860+,0,1,7,0.004,0.0,0.0,0.2056882699052,0.0,0.0,-7349.632349528133,-7349.613311620159,-7349.610532243986
T144_08860-,0,1,7,-0.004,0.0,0.0,-0.2056882699052,0.0,0.0,-7349.827037184146,-7349.85484664993,-7349.869390836566
T144_08861+,0,1,7,0.0,0.004,0.0,0.0,0.2056882699052,0.0,-7349.7189877114915,-7349.71655975107,-7349.721402976877
T144_08861-,0,1,7,0.0,-0.004,0.0,0.0,-0.2056882699052,0.0,-7349.745464877287,-7349.739784408155,-7349.745986540105
T144_08862+,0,1,7,0.0,0.0,0.004,0.0,0.0,0.2056882699052,-7349.73317839827,-7349.719025185718,-7349.725124951658
T144_08862-,0,1,7,0.0,0.0,-0.004,0.0,0.0,-0.2056882699052,-7349.7331782961,-7349.719025114154,-7349.725124884306
T144_0890,0,1,11,0.0,0.0,0.0,0.0,0.0,0.0,-11124.13206155599,-11124.158267369097,-11124.148793833236
T144_08900+,0,1,11,0.004,0.0,0.0,0.2056882699052,0.0,0.0,-11124.086733126827,-11124.104046134986,-11124.098069137304
T144_08900-,0,1,11,-0.004,0.0,0.0,-0.2056882699052,0.0,0.0,-11124.173613746234,-11124.23828786814,-11124.224901535366
T144_08901+,0,1,11,0.0,0.004,0.0,0.0,0.2056882699052,0.0,-11124.10534185179,-11124.125255940327,-11124.118483239097
T144_08901-,0,1,11,0.0,-0.004,0.0,0.0,-0.2056882699052,0.0,-11124.156946775087,-11124.213295989386,-11124.201223897682
T144_08902+,0,1,11,0.0,0.0,0.004,0.0,0.0,0.2056882699052,-11124.178948841647,-11124.219551190594,-11124.212516862486
T144_08902-,0,1,11,0.0,0.0,-0.004,0.0,0.0,-0.2056882699052,-11124.084049790617,-11124.116489604787,-11124.103943353562
T144_0909,0,1,7,0.0,0.0,0.0,0.0,0.0,0.0,-6223.509987903143,-6223.574549525213,-6223.561935789329
T144_09090+,0,1,7,0.004,0.0,0.0,0.2056882699052,0.0,0.0,-6223.535016083908,-6223.6555993076245,-6223.648013422946
T144_09090-,0,1,7,-0.004,0.0,0.0,-0.2056882699052,0.0,0.0,-6223.464023687097,-6223.540874194686,-6223.520588560693
T144_09091+,0,1,7,0.0,0.004,0.0,0.0,0.2056882699052,0.0,-6223.466866905771,-6223.510612542684,-6223.49875402238
T144_09091-,0,1,7,0.0,-0.004,0.0,0.0,-0.2056882699052,0.0,-6223.552865015644,-6223.640321622289,-6223.6278568999505
T144_09092+,0,1,7,0.0,0.0,0.004,0.0,0.0,0.2056882699052,-6223.509986554441,-6223.574547689998,-6223.5619340945
T144_09092-,0,1,7,0.0,0.0,-0.004,0.0,0.0,-0.2056882699052,-6223.509989238809,-6223.574551362991,-6223.561937484677
T144_0936,0,1,12,0.0,0.0,0.0,0.0,0.0,0.0,-15549.65282876911,-15549.661320052304,-15549.677518566217
T144_09360+,0,1,12,0.004,0.0,0.0,0.2056882699052,0.0,0.0,-15549.632281215003,-15549.680948643077,-15549.693838183528
T144_09360-,0,1,12,-0.004,0.0,0.0,-0.2056882699052,0.0,0.0,-15549.669002915034,-15549.678657065717,-15549.694478898336
T144_09361+,0,1,12,0.0,0.004,0.0,0.0,0.2056882699052,0.0,-15549.71156532799,-15549.754832503757,-15549.774231957344
T144_09361-,0,1,12,0.0,-0.004,0.0,0.0,-0.2056882699052,0.0,-15549.586426271724,-15549.607310076604,-15549.620645577324
T144_09362+,0,1,12,0.0,0.0,0.004,0.0,0.0,0.2056882699052,-15549.652429828631,-15549.66903698163,-15549.685220463616
T144_09362-,0,1,12,0.0,0.0,-0.004,0.0,0.0,-0.2056882699052,-15549.652429828631,-15549.668994909574,-15549.685191321687
T144_0969,0,1,8,0.0,0.0,0.0,0.0,0.0,0.0,-35287.971988753576,-35287.952170544464,-35287.962137517716
T144_09690+,0,1,8,0.004,0.0,0.0,0.2056882699052,0.0,0.0,-35287.92316609448,-35287.906051658494,-35287.91295384186
T144_09690-,0,1,8,-0.004,0.0,0.0,-0.2056882699052,0.0,0.0,-35288.019777833055,-35288.014112328296,-35288.02628153885
T144_09691+,0,1,8,0.0,0.004,0.0,0.0,0.2056882699052,0.0,-35287.973249473784,-35287.97566736244,-35287.98454803821
T144_09691-,0,1,8,0.0,-0.004,0.0,0.0,-0.2056882699052,0.0,-35287.96824684688,-35287.94990440008,-35287.95837374108
T144_09692+,0,1,8,0.0,0.0,0.004,0.0,0.0,0.2056882699052,-35287.9709347286,-35287.96711673155,-35287.97392751857
T144_09692-,0,1,8,0.0,0.0,-0.004,0.0,0.0,-0.2056882699052,-35287.9709347286,-35287.96722203562,-35287.97397288779
T144_0974,0,1,10,0.0,0.0,0.0,0.0,0.0,0.0,-11666.620354753954,-11666.568702992381,-11666.57967483623
T144_09740+,0,1,10,0.004,0.0,0.0,0.2056882699052,0.0,0.0,-11666.597631017688,-11666.563115115876,-11666.570382238198
T144_09740-,0,1,10,-0.004,0.0,0.0,-0.2056882699052,0.0,0.0,-11666.640404229527,-11666.597899226215,-11666.612630898218
T144_09741+,0,1,10,0.0,0.004,0.0,0.0,0.2056882699052,0.0,-11666.56777042551,-11666.518432993707,-11666.530172784362
T144_09741-,0,1,10,0.0,-0.004,0.0,0.0,-0.2056882699052,0.0,-11666.671528929583,-11666.637232285315,-11666.646060425162
T144_09742+,0,1,10,0.0,0.0,0.004,0.0,0.0,0.2056882699052,-11666.602762005781,-11666.539293339487,-11666.550509321556
T144_09742-,0,1,10,0.0,0.0,-0.004,0.0,0.0,-0.2056882699052,-11666.637140304987,-11666.614705060892,-11666.626064943643
T144_0976,0,1,10,0.0,0.0,0.0,0.0,0.0,0.0,-20919.62846123169,-20919.622500613095,-20919.633991418646
T144_09760+,0,1,10,0.004,0.0,0.0,0.2056882699052,0.0,0.0,-20919.673209692555,-20919.694874854133,-20919.704795870963
T144_09760-,0,1,10,-0.004,0.0,0.0,-0.2056882699052,0.0,0.0,-20919.56599004997,-20919.59641569305,-20919.60682581853
T144_09761+,0,1,10,0.0,0.004,0.0,0.0,0.2056882699052,0.0,-20919.68946892908,-20919.704929402855,-20919.718125976713
T144_09761-,0,1,10,0.0,-0.004,0.0,0.0,-0.2056882699052,0.0,-20919.56607841441,-20919.55566640736,-20919.56571352713
T144_09762+,0,1,10,0.0,0.0,0.004,0.0,0.0,0.2056882699052,-20919.61255921587,-20919.611983499137,-20919.623801321348
T144_09762-,0,1,10,0.0,0.0,-0.004,0.0,0.0,-0.2056882699052,-20919.64350189115,-20919.647472963687,-20919.6603369275
T144_0987,0,1,10,0.0,0.0,0.0,0.0,0.0,0.0,-11252.193672682068,-11252.17989050641,-11252.161969966419
T144_09870+,0,1,10,0.004,0.0,0.0,0.2056882699052,0.0,0.0,-11252.183584201675,-11252.204492476347,-11252.18492437339
T144_09870-,0,1,10,-0.004,0.0,0.0,-0.2056882699052,0.0,0.0,-11252.18358420331,-11252.204517010989,-11252.184816320325
T144_09871+,0,1,10,0.0,0.004,0.0,0.0,0.2056882699052,0.0,-11252.231613969596,-11252.180447178505,-11252.169343181195
T144_09871-,0,1,10,0.0,-0.004,0.0,0.0,-0.2056882699052,0.0,-11252.152654037825,-11252.201034894815,-11252.17681616792
T144_09872+,0,1,10,0.0,0.0,0.004,0.0,0.0,0.2056882699052,-11252.193674058817,-11252.179890941947,-11252.161970511172
T144_09872-,0,1,10,0.0,0.0,-0.004,0.0,0.0,-0.2056882699052,-11252.193671305991,-11252.179890067939,-11252.161969421286
T144_0989,0,1,8,0.0,0.0,0.0,0.0,0.0,0.0,-212249.9069203795,-212249.91674621386,-212249.92777904356
T144_09890+,0,1,8,0.004,0.0,0.0,0.2056882699052,0.0,0.0,-212249.9056078088,-212249.93520609342,-212249.94242512068
T144_09890-,0,1,8,-0.004,0.0,0.0,-0.2056882699052,0.0,0.0,-212249.9056078088,-212249.9352042221,-212249.9424270465
T144_09892+,0,1,8,0.0,0.0,0.004,0.0,0.0,0.2056882699052,-212249.84083326015,-212249.85447235155,-212249.86475095982
T144_09892-,0,1,8,0.0,0.0,-0.004,0.0,0.0,-0.2056882699052,-212249.97021102594,-212250.0024468454,-212250.01278044604
T144_0998,0,1,8,0.0,0.0,0.0,0.0,0.0,0.0,-12976.64865641528,-12976.6296830508,-12976.642544980275
T144_09980+,0,1,8,0.004,0.0,0.0,0.2056882699052,0.0,0.0,-12976.694482421824,-12976.695037242596,-12976.710173320165
T144_09980-,0,1,8,-0.004,0.0,0.0,-0.2056882699052,0.0,0.0,-12976.601310246026,-12976.57862728938,-12976.58902692484
T144_09981+,0,1,8,0.0,0.004,0.0,0.0,0.2056882699052,0.0,-12976.5910572924,-12976.569585983858,-12976.581372858856
T144_09981-,0,1,8,0.0,-0.004,0.0,0.0,-0.2056882699052,0.0,-12976.705265230758,-12976.705116588517,-12976.718793706365
T144_09982+,0,1,8,0.0,0.0,0.004,0.0,0.0,0.2056882699052,-12976.648251979866,-12976.636801556822,-12976.650063745861
T144_09982-,0,1,8,0.0,0.0,-0.004,0.0,0.0,-0.2056882699052,-12976.648251979866,-12976.636855105404,-12976.65009595518
T144_1003,0,1,9,0.0,0.0,0.0,0.0,0.0,0.0,-11311.108799502472,-11311.099307647464,-11311.106792921579
T144_10030+,0,1,9,0.004,0.0,0.0,0.2056882699052,0.0,0.0,-11311.042660111681,-11311.034852468503,-11311.043982754505
T144_10030-,0,1,9,-0.004,0.0,0.0,-0.2056882699052,0.0,0.0,-11311.172354496353,-11311.18428553273,-11311.189873043053
T144_10031+,0,1,9,0.0,0.004,0.0,0.0,0.2056882699052,0.0,-11311.056917463231,-11311.065991410325,-11311.074657594587
T144_10031-,0,1,9,0.0,-0.004,0.0,0.0,-0.2056882699052,0.0,-11311.156846856218,-11311.160047032101,-11311.164554844656
T144_10032+,0,1,9,0.0,0.0,0.004,0.0,0.0,0.2056882699052,-11311.108617532029,-11311.10278865912,-11311.110624701254
T144_10032-,0,1,9,0.0,0.0,-0.004,0.0,0.0,-0.2056882699052,-11311.108617532029,-11311.102790127368,-11311.110623100694
T144_1014,0,1,10,0.0,0.0,0.0,0.0,0.0,0.0,-4243.4730354962385,-4243.502466634273,-4243.492499668713
T144_10140+,0,1,10,0.004,0.0,0.0,0.2056882699052,0.0,0.0,-4243.473907376918,-4243.512772522934,-4243.500114383219
T144_10140-,0,1,10,-0.004,0.0,0.0,-0.2056882699052,0.0,0.0,-4243.46934389936,-4243.512503958524,-4243.503915932941
T144_10141+,0,1,10,0.0,0.004,0.0,0.0,0.2056882699052,0.0,-4243.489873380563,-4243.536262466951,-4243.5258278384235
T144_10141-,0,1,10,0.0,-0.004,0.0,0.0,-0.2056882699052,0.0,-4243.446870174106,-4243.504369186522,-4243.490919453744
T144_10142+,0,1,10,0.0,0.0,0.004,0.0,0.0,0.2056882699052,-4243.472500806139,-4243.510494614052,-4243.499941589513
T144_10142-,0,1,10,0.0,0.0,-0.004,0.0,0.0,-0.2056882699052,-4243.472500806139,-4243.510424855726,-4243.499895035791
T144_1019,0,1,9,0.0,0.0,0.0,0.0,0.0,0.0,-29694.192307022447,-29694.181254230018,-29694.18932634168
T144_10190+,0,1,9,0.004,0.0,0.0,0.2056882699052,0.0,0.0,-29694.262691994234,-29694.27959326687,-29694.28682835157
T144_10190-,0,1,9,-0.004,0.0,0.0,-0.2056882699052,0.0,0.0,-29694.115135394768,-29694.11605725144,-29694.12330569374
T144_10191+,0,1,9,0.0,0.004,0.0,0.0,0.2056882699052,0.0,-29694.209877883128,-29694.214786523582,-29694.22180626705
T144_10191-,0,1,9,0.0,-0.004,0.0,0.0,-0.2056882699052,0.0,-29694.171777443888,-29694.175188831257,-29694.181847361757
T144_10192+,0,1,9,0.0,0.0,0.004,0.0,0.0,0.2056882699052,-29694.209508742882,-29694.20623741078,-29694.21657686446
T144_10192-,0,1,9,0.0,0.0,-0.004,0.0,0.0,-0.2056882699052,-29694.17421595298,-29694.172103415203,-29694.178755703895
T144_1032,0,1,8,0.0,0.0,0.0,0.0,0.0,0.0,-7573.4472221264505,-7573.435664589585,-7573.441679550436
T144_10320+,0,1,8,0.004,0.0,0.0,0.2056882699052,0.0,0.0,-7573.446791694043,-7573.44344944202,-7573.449738855604
T144_10320-,0,1,8,-0.004,0.0,0.0,-0.2056882699052,0.0,0.0,-7573.446791694043,-7573.44347996678,-7573.449751491633
T144_10321+,0,1,8,0.0,0.004,0.0,0.0,0.2056882699052,0.0,-7573.446574256454,-7573.44244468502,-7573.448832354616
T144_10321-,0,1,8,0.0,-0.004,0.0,0.0,-0.2056882699052,0.0,-7573.446574256454,-7573.442413933631,-7573.448786851629
T144_10322+,0,1,8,0.0,0.0,0.004,0.0,0.0,0.2056882699052,-7573.446901579424,-7573.442525165536,-7573.449158063971
T144_10322-,0,1,8,0.0,0.0,-0.004,0.0,0.0,-0.2056882699052,-7573.446901579424,-7573.442550064484,-7573.449171455144
T144_1046,0,1,5,0.0,0.0,0.0,0.0,0.0,0.0,-7204.0307109680925,-7204.4051375203235,-7204.405554644528
T144_10460+,0,1,5,0.004,0.0,0.0,0.2056882699052,0.0,0.0,-7204.0307109680925,-7204.4051375203235,-7204.405554644528
T144_10460-,0,1,5,-0.004,0.0,0.0,-0.2056882699052,0.0,0.0,-7204.0307109680925,-7204.4051375203235,-7204.405554644528
T144_10462+,0,1,5,0.0,0.0,0.004,0.0,0.0,0.2056882699052,-7204.023926759445,-7204.420007581851,-7204.419152267001
T144_10462-,0,1,5,0.0,0.0,-0.004,0.0,0.0,-0.2056882699052,-7204.023926759445,-7204.420035062603,-7204.419398843631
T144_1047,0,1,9,0.0,0.0,0.0,0.0,0.0,0.0,-17530.30919572337,-17530.322540839483,-17530.339724713063
T144_10470+,0,1,9,0.004,0.0,0.0,0.2056882699052,0.0,0.0,-17530.45291301881,-17530.52204488037,-17530.557803476797
T144_10470-,0,1,9,-0.004,0.0,0.0,-0.2056882699052,0.0,0.0,-17530.156944090795,-17530.15909956866,-17530.161308785802
T144_10471+,0,1,9,0.0,0.004,0.0,0.0,0.2056882699052,0.0,-17530.244362208134,-17530.237295967847,-17530.25567592614
T144_10471-,0,1,9,0.0,-0.004,0.0,0.0,-0.2056882699052,0.0,-17530.369342666607,-17530.434432583217,-17530.451398778412
T144_10472+,0,1,9,0.0,0.0,0.004,0.0,0.0,0.2056882699052,-17530.362642226024,-17530.36874823226,-17530.385784742804
T144_10472-,0,1,9,0.0,0.0,-0.004,0.0,0.0,-0.2056882699052,-17530.255477881314,-17530.279576381163,-17530.297801858218
T144_1048,0,1,9,0.0,0.0,0.0,0.0,0.0,0.0,-17995.00176151282,-17995.015008669383,-17995.030004367065
T144_10480+,0,1,9,0.004,0.0,0.0,0.2056882699052,0.0,0.0,-17995.16284915155,-17995.236518814803,-17995.251784474527
T144_10480-,0,1,9,-0.004,0.0,0.0,-0.2056882699052,0.0,0.0,-17994.827140893714,-17994.84004056218,-17994.852660583336
T144_10481+,0,1,9,0.0,0.004,0.0,0.0,0.2056882699052,0.0,-17994.90579409207,-17994.91268876169,-17994.92296816385
T144_10481-,0,1,9,0.0,-0.004,0.0,0.0,-0.2056882699052,0.0,-17995.09295723621,-17995.144773613247,-17995.16537325565
T144_10482+,0,1,9,0.0,0.0,0.004,0.0,0.0,0.2056882699052,-17995.00176126038,-17995.01500837703,-17995.030004075605
T144_10482-,0,1,9,0.0,0.0,-0.004,0.0,0.0,-0.2056882699052,-17995.001761758696,-17995.015008959974,-17995.0300046586
T144_1049,0,1,9,0.0,0.0,0.0,0.0,0.0,0.0,-26319.601330382473,-26319.628604016412,-26319.620860965668
T144_10490+,0,1,9,0.004,0.0,0.0,0.2056882699052,0.0,0.0,-26319.823739859992,-26319.876771987045,-26319.862581176138
T144_10490-,0,1,9,-0.004,0.0,0.0,-0.2056882699052,0.0,0.0,-26319.366758379063,-26319.428416929113,-26319.421313593215
T144_10491+,0,1,9,0.0,0.004,0.0,0.0,0.2056882699052,0.0,-26319.608267002845,-26319.645599421638,-26319.626068697464
T144_10491-,0,1,9,0.0,-0.004,0.0,0.0,-0.2056882699052,0.0,-26319.58873293988,-26319.64358519108,-26319.645241634033
T144_10492+,0,1,9,0.0,0.0,0.004,0.0,0.0,0.2056882699052,-26319.60132957747,-26319.628602858615,-26319.620859775558
T144_10492-,0,1,9,0.0,0.0,-0.004,0.0,0.0,-0.2056882699052,-26319.601331195398,-26319.62860516947,-26319.62086215498
T144_1074,0,1,9,0.0,0.0,0.0,0.0,0.0,0.0,-7628.429509675094,-7628.430189175341,-7628.43486677642
T144_10740+,0,1,9,0.004,0.0,0.0,0.2056882699052,0.0,0.0,-7628.358487435897,-7628.344641551863,-7628.347170812865
T144_10740-,0,1,9,-0.004,0.0,0.0,-0.2056882699052,0.0,0.0,-7628.4963944957535,-7628.542619052517,-7628.5472342039275
T144_10741+,0,1,9,0.0,0.004,0.0,0.0,0.2056882699052,0.0,-7628.4737904138565,-7628.505094595372,-7628.511525569812
T144_10741-,0,1,9,0.0,-0.004,0.0,0.0,-0.2056882699052,0.0,-7628.378764382601,-7628.389529164329,-7628.393589282995
T144_10742+,0,1,9,0.0,0.0,0.004,0.0,0.0,0.2056882699052,-7628.429509675094,-7628.430189175341,-7628.43486677642
T144_10742-,0,1,9,0.0,0.0,-0.004,0.0,0.0,-0.2056882699052,-7628.429509675094,-7628.430189175341,-7628.43486677642
T144_1085,0,1,9,0.0,0.0,0.0,0.0,0.0,0.0,-17529.330643238776,-17529.35800472422,-17529.33054213639
T144_10850+,0,1,9,0.004,0.0,0.0,0.2056882699052,0.0,0.0,-17529.3033282442,-17529.33630408753,-17529.314181304337
T144_10850-,0,1,9,-0.004,0.0,0.0,-0.2056882699052,0.0,0.0,-17529.35002193678,-17529.412849338958,-17529.37934229342
T144_10851+,0,1,9,0.0,0.004,0.0,0.0,0.2056882699052,0.0,-17529.217842936796,-17529.227427494396,-17529.185460307057
T144_10851-,0,1,9,0.0,-0.004,0.0,0.0,-0.2056882699052,0.0,-17529.43613691389,-17529.518371088725,-17529.50218264759
T144_10852+,0,1,9,0.0,0.0,0.004,0.0,0.0,0.2056882699052,-17529.345502074324,-17529.3735395892,-17529.34603920344
T144_10852-,0,1,9,0.0,0.0,-0.004,0.0,0.0,-0.2056882699052,-17529.31532852858,-17529.345077002807,-17529.317779026973
T144_1108,0,1,10,0.0,0.0,0.0,0.0,0.0,0.0,-28367.34031586436,-28367.33565410574,-28367.333562139713
T144_11080+,0,1,10,0.004,0.0,0.0,0.2056882699052,0.0,0.0,-28367.30210887081,-28367.324447316743,-28367.31537082045
T144_11080-,0,1,10,-0.004,0.0,0.0,-0.2056882699052,0.0,0.0,-28367.362101373976,-28367.4012890838,-28367.40230368869
T144_11081+,0,1,10,0.0,0.004,0.0,0.0,0.2056882699052,0.0,-28367.14136110301,-28367.134384964178,-28367.129276551383
T144_11081-,0,1,10,0.0,-0.004,0.0,0.0,-0.2056882699052,0.0,-28367.53436995164,-28367.568450436214,-28367.56703271362
T144_11082+,0,1,10,0.0,0.0,0.004,0.0,0.0,0.2056882699052,-28367.340089058962,-28367.338701090248,-28367.337262366353
T144_11082-,0,1,10,0.0,0.0,-0.004,0.0,0.0,-0.2056882699052,-28367.34008939674,-28367.33876211197,-28367.337291531767
T144_1109,0,1,9,0.0,0.0,0.0,0.0,0.0,0.0,-5246.237686033741,-5246.248168426606,-5246.248288702228
T144_11090+,0,1,9,0.004,0.0,0.0,0.2056882699052,0.0,0.0,-5246.23743313174,-5246.251976149678,-5246.251860538135
T144_11090-,0,1,9,-0.004,0.0,0.0,-0.2056882699052,0.0,0.0,-5246.237514015893,-5246.252221378233,-5246.252082025345
T144_11091+,0,1,9,0.0,0.004,0.0,0.0,0.2056882699052,0.0,-5246.261357437651,-5246.331133597959,-5246.334146335575
T144_11091-,0,1,9,0.0,-0.004,0.0,0.0,-0.2056882699052,0.0,-5246.19099346453,-5246.221714854832,-5246.212649457368
T144_1115,0,1,11,0.0,0.0,0.0,0.0,0.0,0.0,-26352.851690751897,-26352.842423541497,-26352.840593101737
T144_11150+,0,1,11,0.004,0.0,0.0,0.2056882699052,0.0,0.0,-26353.062640588756,-26353.105903704647,-26353.104445670466
T144_11150-,0,1,11,-0.004,0.0,0.0,-0.2056882699052,0.0,0.0,-26352.628786657344,-26352.62995481744,-26352.62355615572
T144_11151+,0,1,11,0.0,0.004,0.0,0.0,0.2056882699052,0.0,-26352.76843987336,-26352.75556656048,-26352.75760016022
T144_11151-,0,1,11,0.0,-0.004,0.0,0.0,-0.2056882699052,0.0,-26352.931915218785,-26352.960586937756,-26352.954246416764
T144_11152+,0,1,11,0.0,0.0,0.004,0.0,0.0,0.2056882699052,-26352.856699377207,-26352.851747444627,-26352.851179702084
T144_11152-,0,1,11,0.0,0.0,-0.004,0.0,0.0,-0.2056882699052,-26352.84566706999,-26352.846297743687,-26352.84604660911
T144_1117,0,1,8,0.0,0.0,0.0,0.0,0.0,0.0,-16492.47794740175,-16492.493317240027,-16492.481450050593
T144_11170+,0,1,8,0.004,0.0,0.0,0.2056882699052,0.0,0.0,-16492.46386623149,-16492.487215326186,-16492.470446972926
T144_11170-,0,1,8,-0.004,0.0,0.0,-0.2056882699052,0.0,0.0,-16492.48796386086,-16492.525965216995,-16492.518080722464
T144_11171+,0,1,8,0.0,0.004,0.0,0.0,0.2056882699052,0.0,-16492.423420712374,-16492.440376865252,-16492.41523360124
T144_11171-,0,1,8,0.0,-0.004,0.0,0.0,-0.2056882699052,0.0,-16492.5278372278,-16492.568856983155,-16492.571583442383
T144_11172+,0,1,8,0.0,0.0,0.004,0.0,0.0,0.2056882699052,-16492.437865160657,-16492.431711445905,-16492.42227562859
T144_11172-,0,1,8,0.0,0.0,-0.004,0.0,0.0,-0.2056882699052,-16492.517626333047,-16492.56039015965,-16492.546529503772
T144_1119,0,1,9,0.0,0.0,0.0,0.0,0.0,0.0,-37591.48377218848,-37591.449924926805,-37591.44517606429
T144_11190+,0,1,9,0.004,0.0,0.0,0.2056882699052,0.0,0.0,-37591.48373914312,-37591.45033618253,-37591.445492568055
T144_11190-,0,1,9,-0.004,0.0,0.0,-0.2056882699052,0.0,0.0,-37591.48373914312,-37591.45029577422,-37591.445501442045
T144_11191+,0,1,9,0.0,0.004,0.0,0.0,0.2056882699052,0.0,-37591.47364939006,-37591.48342074325,-37591.475676860005
T144_11191-,0,1,9,0.0,-0.004,0.0,0.0,-0.2056882699052,0.0,-37591.47364939006,-37591.484151583,-37591.47586454198
T144_11192+,0,1,9,0.0,0.0,0.004,0.0,0.0,0.2056882699052,-37591.618806744904,-37591.62636377361,-37591.62047984422
T144_11192-,0,1,9,0.0,0.0,-0.004,0.0,0.0,-0.2056882699052,-37591.34447263331,-37591.30525358746,-37591.299631094465
T144_1135,0,1,14,0.0,0.0,0.0,0.0,0.0,0.0,-25948.37932800026,-25948.386284953795,-25948.388740215054
T144_11350+,0,1,14,0.004,0.0,0.0,0.2056882699052,0.0,0.0,-25948.378336959875,-25948.400924829504,-25948.40388255841
T144_11350-,0,1,14,-0.004,0.0,0.0,-0.2056882699052,0.0,0.0,-25948.378336959875,-25948.400836918794,-25948.403822272183
T144_11351+,0,1,14,0.0,0.004,0.0,0.0,0.2056882699052,0.0,-25948.377321211774,-25948.404738390167,-25948.40745701767
T144_11351-,0,1,14,0.0,-0.004,0.0,0.0,-0.2056882699052,0.0,-25948.377321211774,-25948.40474133884,-25948.407408345138
T144_11352+,0,1,14,0.0,0.0,0.004,0.0,0.0,0.2056882699052,-25948.375370189362,-25948.410994274345,-25948.41327466153
T144_11352-,0,1,14,0.0,0.0,-0.004,0.0,0.0,-0.2056882699052,-25948.375370189362,-25948.411116526066,-25948.413427177526
T144_1149,0,1,9,0.0,0.0,0.0,0.0,0.0,0.0,-6155.44045868682,-6155.4340207568985,-6155.437199445845
T144_11490+,0,1,9,0.004,0.0,0.0,0.2056882699052,0.0,0.0,-6155.361942553987,-6155.353592059812,-6155.357742018
T144_11490-,0,1,9,-0.004,0.0,0.0,-0.2056882699052,0.0,0.0,-6155.515088989732,-6155.53995149692,-6155.5449667512985
T144_11491+,0,1,9,0.0,0.004,0.0,0.0,0.2056882699052,0.0,-6155.399926999809,-6155.413827934767,-6155.419018945691
T144_11491-,0,1,9,0.0,-0.004,0.0,0.0,-0.2056882699052,0.0,-6155.476698613707,-6155.481676009146,-6155.487249765115
T144_11492+,0,1,9,0.0,0.0,0.004,0.0,0.0,0.2056882699052,-6155.44045868682,-6155.4340207568985,-6155.437199445845
T144_11492-,0,1,9,0.0,0.0,-0.004,0.0,0.0,-0.2056882699052,-6155.44045868682,-6155.4340207568985,-6155.437199445845
T144_1193,0,1,5,0.0,0.0,0.0,0.0,0.0,0.0,-74178.76763360786,-74178.77462915964,-74178.7769524979
T144_11930+,0,1,5,0.004,0.0,0.0,0.2056882699052,0.0,0.0,-74178.75506890341,-74178.78021652703,-74178.78723729088
T144_11930-,0,1,5,-0.004,0.0,0.0,-0.2056882699052,0.0,0.0,-74178.77526374097,-74178.79469058907,-74178.7885499371
T144_11931+,0,1,5,0.0,0.004,0.0,0.0,0.2056882699052,0.0,-74178.72407014185,-74178.73161474777,-74178.72989909055
T144_11931-,0,1,5,0.0,-0.004,0.0,0.0,-0.2056882699052,0.0,-74178.80931768505,-74178.83046930002,-74178.8357314625
T144_11932+,0,1,5,0.0,0.0,0.004,0.0,0.0,0.2056882699052,-74178.76763255369,-74178.77462644389,-74178.77694967588
T144_11932-,0,1,5,0.0,0.0,-0.004,0.0,0.0,-0.2056882699052,-74178.76763467444,-74178.77463188184,-74178.77695531952
T144_1194,0,1,6,0.0,0.0,0.0,0.0,0.0,0.0,-73637.31189911769,-73637.36360330565,-73637.3601534664
T144_11940+,0,1,6,0.004,0.0,0.0,0.2056882699052,0.0,0.0,-73637.3488683796,-73637.43017294361,-73637.42143794562
T144_11940-,0,1,6,-0.004,0.0,0.0,-0.2056882699052,0.0,0.0,-73637.26755538273,-73637.32824403634,-73637.32764760328
T144_11941+,0,1,6,0.0,0.004,0.0,0.0,0.2056882699052,0.0,-73637.29663134576,-73637.34959792056,-73637.33601737043
T144_11941-,0,1,6,0.0,-0.004,0.0,0.0,-0.2056882699052,0.0,-73637.32484201806,-73637.39188444965,-73637.3977467973
T144_11942+,0,1,6,0.0,0.0,0.004,0.0,0.0,0.2056882699052,-73637.27683005467,-73637.30535037587,-73637.2995487224
T144_11942-,0,1,6,0.0,0.0,-0.004,0.0,0.0,-0.2056882699052,-73637.34676207513,-73637.42432958451,-73637.42350718119
T144_1197,0,1,6,0.0,0.0,0.0,0.0,0.0,0.0,-74865.3629711857,-74865.3601341438,-74865.3637647651
T144_11970+,0,1,6,0.004,0.0,0.0,0.2056882699052,0.0,0.0,-74865.37021378842,-74865.37675473627,-74865.3741001907
T144_11970-,0,1,6,-0.004,0.0,0.0,-0.2056882699052,0.0,0.0,-74865.35196974393,-74865.37465259084,-74865.37834567869
T144_11971+,0,1,6,0.0,0.004,0.0,0.0,0.2056882699052,0.0,-74865.36597075222,-74865.37686768189,-74865.380170007
T144_11971-,0,1,6,0.0,-0.004,0.0,0.0,-0.2056882699052,0.0,-74865.35821715576,-74865.36135925972,-74865.36463895944
T144_11972+,0,1,6,0.0,0.0,0.004,0.0,0.0,0.2056882699052,-74865.3629711857,-74865.3601341438,-74865.3637647651
T144_11972-,0,1,6,0.0,0.0,-0.004,0.0,0.0,-0.2056882699052,-74865.3629711857,-74865.3601341438,-74865.3637647651
T144_1207,0,1,6,0.0,0.0,0.0,0.0,0.0,0.0,-7124.981700233268,-7124.990641683444,-7124.990763713002
T144_12070+,0,1,6,0.004,0.0,0.0,0.2056882699052,0.0,0.0,-7124.981700233268,-7124.990641683444,-7124.990763713002
T144_12070-,0,1,6,-0.004,0.0,0.0,-0.2056882699052,0.0,0.0,-7124.981700233268,-7124.990641683444,-7124.990763713002
T144_12072+,0,1,6,0.0,0.0,0.004,0.0,0.0,0.2056882699052,-7124.970709661006,-7125.0149421073065,-7125.01554263629
T144_12072-,0,1,6,0.0,0.0,-0.004,0.0,0.0,-0.2056882699052,-7124.970709661006,-7125.015131004886,-7125.0155959424355
T144_1209,0,1,12,0.0,0.0,0.0,0.0,0.0,0.0,-16783.53246450723,-16783.560279302736,-16783.56576229002
T144_12090+,0,1,12,0.004,0.0,0.0,0.2056882699052,0.0,0.0,-16783.463541569086,-16783.50039273833,-16783.50376032703
T144_12090-,0,1,12,-0.004,0.0,0.0,-0.2056882699052,0.0,0.0,-16783.5957883701,-16783.65799420751,-16783.663315632242
T144_12091+,0,1,12,0.0,0.004,0.0,0.0,0.2056882699052,0.0,-16783.557357179234,-16783.59900150655,-16783.602978249317
T144_12091-,0,1,12,0.0,-0.004,0.0,0.0,-0.2056882699052,0.0,-16783.502080579467,-16783.558606493436,-16783.562925148097
T144_12092+,0,1,12,0.0,0.0,0.004,0.0,0.0,0.2056882699052,-16783.532110239947,-16783.56721511119,-16783.57296161255
T144_12092-,0,1,12,0.0,0.0,-0.004,0.0,0.0,-0.2056882699052,-16783.532110239947,-16783.567192890332,-16783.5729446098
T144_1241,0,1,6,0.0,0.0,0.0,0.0,0.0,0.0,-6311.887016534558,-6311.904646361469,-6311.900403039593
T144_12410+,0,1,6,0.004,0.0,0.0,0.2056882699052,0.0,0.0,-6311.926799153188,-6311.962705887147,-6311.949072744916
T144_12410-,0,1,6,-0.004,0.0,0.0,-0.2056882699052,0.0,0.0,-6311.8410551699335,-6311.869341968547,-6311.873972334815
T144_12411+,0,1,6,0.0,0.004,0.0,0.0,0.2056882699052,0.0,-6311.853099386877,-6311.86925870717,-6311.858259617428
T144_12411-,0,1,6,0.0,-0.004,0.0,0.0,-0.2056882699052,0.0,-6311.919621219477,-6311.949375081583,-6311.951865452934
T144_12412+,0,1,6,0.0,0.0,0.004,0.0,0.0,0.2056882699052,-6311.851004309856,-6311.845310800763,-6311.839294910222
T144_12412-,0,1,6,0.0,0.0,-0.004,0.0,0.0,-0.2056882699052,-6311.922821406938,-6311.966702454893,-6311.9644404328465
T144_1250,0,1,10,0.0,0.0,0.0,0.0,0.0,0.0,-6729.015778593072,-6729.021291626422,-6729.02616881406
T144_12500+,0,1,10,0.004,0.0,0.0,0.2056882699052,0.0,0.0,-6728.915580132205,-6728.920806047162,-6728.923988070016
T144_12500-,0,1,10,-0.004,0.0,0.0,-0.2056882699052,0.0,0.0,-6729.111056678478,-6729.147554643295,-6729.155250481841
T144_12501+,0,1,10,0.0,0.004,0.0,0.0,0.2056882699052,0.0,-6729.0146703196315,-6729.024411508977,-6729.02910161078
T144_12501-,0,1,10,0.0,-0.004,0.0,0.0,-0.2056882699052,0.0,-6729.014716956877,-6729.037806493981,-6729.043738455177
T144_12502+,0,1,10,0.0,0.0,0.004,0.0,0.0,0.2056882699052,-6728.956599923894,-6728.957786050926,-6728.9613983526115
T144_12502-,0,1,10,0.0,0.0,-0.004,0.0,0.0,-0.2056882699052,-6729.074084201305,-6729.099647365404,-6729.1066024644
T144_1251,0,1,12,0.0,0.0,0.0,0.0,0.0,0.0,-17024.16458175095,-17024.153003929994,-17024.144782612846
T144_12510+,0,1,12,0.004,0.0,0.0,0.2056882699052,0.0,0.0,-17024.16409551124,-17024.159496293636,-17024.152843367156
T144_12510-,0,1,12,-0.004,0.0,0.0,-0.2056882699052,0.0,0.0,-17024.16409551124,-17024.159530369536,-17024.152864046264
T144_12511+,0,1,12,0.0,0.004,0.0,0.0,0.2056882699052,0.0,-17024.16306371696,-17024.167317219115,-17024.160328817303
T144_12511-,0,1,12,0.0,-0.004,0.0,0.0,-0.2056882699052,0.0,-17024.16306371696,-17024.16739574101,-17024.160444590478
T144_12512+,0,1,12,0.0,0.0,0.004,0.0,0.0,0.2056882699052,-17024.39266977806,-17024.43547061803,-17024.42449731288
T144_12512-,0,1,12,0.0,0.0,-0.004,0.0,0.0,-0.2056882699052,-17023.92716451082,-17023.916758897718,-17023.907176776658
T144_1256,0,1,10,0.0,0.0,0.0,0.0,0.0,0.0,-28830.508059023294,-28830.480669863056,-28830.49257711783
T144_12560+,0,1,10,0.004,0.0,0.0,0.2056882699052,0.0,0.0,-28830.547157337292,-28830.610608972744,-28830.62115659025
T144_12560-,0,1,10,-0.004,0.0,0.0,-0.2056882699052,0.0,0.0,-28830.42856725942,-28830.427016778987,-28830.43248406382
T144_12561+,0,1,10,0.0,0.004,0.0,0.0,0.2056882699052,0.0,-28830.443818626696,-28830.421759612153,-28830.43287595019
T144_12561-,0,1,10,0.0,-0.004,0.0,0.0,-0.2056882699052,0.0,-28830.56853762963,-28830.569494308336,-28830.579808669045
T144_12562+,0,1,10,0.0,0.0,0.004,0.0,0.0,0.2056882699052,-28830.508059023294,-28830.480669863056,-28830.49257711783
T144_12562-,0,1,10,0.0,0.0,-0.004,0.0,0.0,-0.2056882699052,-28830.508059023294,-28830.480669863056,-28830.49257711783
T144_1314,0,1,12,0.0,0.0,0.0,0.0,0.0,0.0,-14076.059545867893,-14076.049807604653,-14076.05333248526
T144_13140+,0,1,12,0.004,0.0,0.0,0.2056882699052,0.0,0.0,-14076.05163885576,-14076.053228502062,-14076.055721583365
T144_13140-,0,1,12,-0.004,0.0,0.0,-0.2056882699052,0.0,0.0,-14076.065983633003,-14076.070873858953,-14076.076922171616
T144_13141+,0,1,12,0.0,0.004,0.0,0.0,0.2056882699052,0.0,-14075.99921502278,-14075.993620089743,-14075.99245038506
T144_13141-,0,1,12,0.0,-0.004,0.0,0.0,-0.2056882699052,0.0,-14076.117668280933,-14076.137900901402,-14076.143744623429
T144_13142+,0,1,12,0.0,0.0,0.004,0.0,0.0,0.2056882699052,-14076.05779870487,-14076.062146813463,-14076.06576231676
T144_13142-,0,1,12,0.0,0.0,-0.004,0.0,0.0,-0.2056882699052,-14076.05779870487,-14076.062142939509,-14076.0657643763
T144_1315,0,1,11,0.0,0.0,0.0,0.0,0.0,0.0,-4714.385460936755,-4714.382195277346,-4714.384451202796
T144_13150+,0,1,11,0.004,0.0,0.0,0.2056882699052,0.0,0.0,-4714.41661392305,-4714.447665927257,-4714.450449333671
T144_13150-,0,1,11,-0.004,0.0,0.0,-0.2056882699052,0.0,0.0,-4714.35052031395,-4714.343368308266,-4714.344739732246
T144_13151+,0,1,11,0.0,0.004,0.0,0.0,0.2056882699052,0.0,-4714.4750110519,-4714.489890927914,-4714.495448421792
T144_13151-,0,1,11,0.0,-0.004,0.0,0.0,-0.2056882699052,0.0,-4714.293056248851,-4714.300948101389,-4714.300155982659
T144_13152+,0,1,11,0.0,0.0,0.004,0.0,0.0,0.2056882699052,-4714.385074950323,-4714.389580156104,-4714.392083286316
T144_13152-,0,1,11,0.0,0.0,-0.004,0.0,0.0,-0.2056882699052,-4714.385074950323,-4714.389572758412,-4714.3920756016705
T144_1332,0,1,8,0.0,0.0,0.0,0.0,0.0,0.0,-25282.35381099356,-25282.315734803527,-25282.328105644076
T144_13320+,0,1,8,0.004,0.0,0.0,0.2056882699052,0.0,0.0,-25282.408919288202,-25282.383522753327,-25282.403411304702
T144_13320-,0,1,8,-0.004,0.0,0.0,-0.2056882699052,0.0,0.0,-25282.290061698197,-25282.292386969584,-25282.29026712207
T144_13321+,0,1,8,0.0,0.004,0.0,0.0,0.2056882699052,0.0,-25282.136577950965,-25282.135206940282,-25282.139821510827
T144_13321-,0,1,8,0.0,-0.004,0.0,0.0,-0.2056882699052,0.0,-25282.56573810773,-25282.5312211672,-25282.547591058556
T144_13322+,0,1,8,0.0,0.0,0.004,0.0,0.0,0.2056882699052,-25282.352771013397,-25282.315773910523,-25282.32809573728
T144_13322-,0,1,8,0.0,0.0,-0.004,0.0,0.0,-0.2056882699052,-25282.354848878964,-25282.315712800668,-25282.328131107555
T144_1344,0,1,11,0.0,0.0,0.0,0.0,0.0,0.0,-30281.330388659775,-30281.312663616995,-30281.320741616022
T144_13440+,0,1,11,0.004,0.0,0.0,0.2056882699052,0.0,0.0,-30281.458878058475,-30281.494695278423,-30281.504564380735
T144_13440-,0,1,11,-0.004,0.0,0.0,-0.2056882699052,0.0,0.0,-30281.195139808202,-30281.16992307856,-30281.174729867726
T144_13441+,0,1,11,0.0,0.004,0.0,0.0,0.2056882699052,0.0,-30281.32907940671,-30281.328892509708,-30281.336309792972
T144_13441-,0,1,11,0.0,-0.004,0.0,0.0,-0.2056882699052,0.0,-30281.32907945212,-30281.32895998918,-30281.336345376458
T144_13442+,0,1,11,0.0,0.0,0.004,0.0,0.0,0.2056882699052,-30281.329425556767,-30281.32441193903,-30281.33223991466
T144_13442-,0,1,11,0.0,0.0,-0.004,0.0,0.0,-0.2056882699052,-30281.329425549706,-30281.324386129916,-30281.332236348288
T144_1361,0,1,11,0.0,0.0,0.0,0.0,0.0,0.0,-17563.276153209787,-17563.34251306821,-17563.351377424337
T144_13610+,0,1,11,0.004,0.0,0.0,0.2056882699052,0.0,0.0,-17563.396234246564,-17563.505449797085,-17563.52873792159
T144_13610-,0,1,11,-0.004,0.0,0.0,-0.2056882699052,0.0,0.0,-17563.149732817783,-17563.21676570364,-17563.210894129345
T144_13611+,0,1,11,0.0,0.004,0.0,0.0,0.2056882699052,0.0,-17563.287189371436,-17563.366675651763,-17563.374394920724
T144_13611-,0,1,11,0.0,-0.004,0.0,0.0,-0.2056882699052,0.0,-17563.259728996265,-17563.35140534176,-17563.360701070946
T144_13612+,0,1,11,0.0,0.0,0.004,0.0,0.0,0.2056882699052,-17563.320632650157,-17563.379076578865,-17563.396219170678
T144_13612-,0,1,11,0.0,0.0,-0.004,0.0,0.0,-0.2056882699052,-17563.2305830895,-17563.319400675373,-17563.32137604995
T144_1367,0,1,12,0.0,0.0,0.0,0.0,0.0,0.0,-17126.512511950787,-17126.553995083617,-17126.555879487572
T144_13670+,0,1,12,0.004,0.0,0.0,0.2056882699052,0.0,0.0,-17126.65501365655,-17126.740418906764,-17126.752579196273
T144_13670-,0,1,12,-0.004,0.0,0.0,-0.2056882699052,0.0,0.0,-17126.364084712706,-17126.40757592504,-17126.398353841323
T144_13671+,0,1,12,0.0,0.004,0.0,0.0,0.2056882699052,0.0,-17126.531304887943,-17126.587046253306,-17126.58510885284
T144_13671-,0,1,12,0.0,-0.004,0.0,0.0,-0.2056882699052,0.0,-17126.48803112355,-17126.55722152878,-17126.561101730033
T144_13672+,0,1,12,0.0,0.0,0.004,0.0,0.0,0.2056882699052,-17126.59198311955,-17126.63969804065,-17126.646405896674
T144_13672-,0,1,12,0.0,0.0,-0.004,0.0,0.0,-0.2056882699052,-17126.431538727546,-17126.48712336829,-17126.48578990718
T144_1378,0,1,10,0.0,0.0,0.0,0.0,0.0,0.0,-21154.6120955372,-21154.579584661085,-21154.551794322728
T144_13780+,0,1,10,0.004,0.0,0.0,0.2056882699052,0.0,0.0,-21154.652924042257,-21154.655698285507,-21154.609814812018
T144_13780-,0,1,10,-0.004,0.0,0.0,-0.2056882699052,0.0,0.0,-21154.55764921556,-21154.548464748415,-21154.540207040918
T144_13781+,0,1,10,0.0,0.004,0.0,0.0,0.2056882699052,0.0,-21154.591920284958,-21154.563096364534,-21154.53162912469
T144_13781-,0,1,10,0.0,-0.004,0.0,0.0,-0.2056882699052,0.0,-21154.62829511931,-21154.621207737404,-21154.598059167798
T144_13782+,0,1,10,0.0,0.0,0.004,0.0,0.0,0.2056882699052,-21154.635888641,-21154.591637788715,-21154.564271084757
T144_13782-,0,1,10,0.0,0.0,-0.004,0.0,0.0,-0.2056882699052,-21154.588245818224,-21154.5679894316,-21154.539873950867
T144_1382,0,1,9,0.0,0.0,0.0,0.0,0.0,0.0,-11311.281516343695,-11311.310008633309,-11311.314113697994
T144_13820+,0,1,9,0.004,0.0,0.0,0.2056882699052,0.0,0.0,-11311.376189207225,-11311.454784178075,-11311.457851166177
T144_13820-,0,1,9,-0.004,0.0,0.0,-0.2056882699052,0.0,0.0,-11311.183518251628,-11311.191468943003,-11311.195161237552
T144_13821+,0,1,9,0.0,0.004,0.0,0.0,0.2056882699052,0.0,-11311.278398550745,-11311.313978010974,-11311.317556610004
T144_13821-,0,1,9,0.0,-0.004,0.0,0.0,-0.2056882699052,0.0,-11311.28126098868,-11311.328760321327,-11311.33404516329
T144_13822+,0,1,9,0.0,0.0,0.004,0.0,0.0,0.2056882699052,-11311.2812092656,-11311.314048692167,-11311.318007310254
T144_13822-,0,1,9,0.0,0.0,-0.004,0.0,0.0,-0.2056882699052,-11311.2812092656,-11311.31404849428,-11311.318016552319
T144_1391,0,1,10,0.0,0.0,0.0,0.0,0.0,0.0,-12595.796039133278,-12595.773826400711,-12595.775804266426
T144_13910+,0,1,10,0.004,0.0,0.0,0.2056882699052,0.0,0.0,-12595.869307409359,-12595.882836388084,-12595.884564078144
T144_13910-,0,1,10,-0.004,0.0,0.0,-0.2056882699052,0.0,0.0,-12595.71532585137,-12595.70027066875,-12595.703727785192
T144_13911+,0,1,10,0.0,0.004,0.0,0.0,0.2056882699052,0.0,-12595.700810333145,-12595.666469367394,-12595.671714378072
T144_13911-,0,1,10,0.0,-0.004,0.0,0.0,-0.2056882699052,0.0,-12595.884770327339,-12595.914175494063,-12595.915583838372
T144_13912+,0,1,10,0.0,0.0,0.004,0.0,0.0,0.2056882699052,-12595.796039130986,-12595.773826394,-12595.775804263812
T144_13912-,0,1,10,0.0,0.0,-0.004,0.0,0.0,-0.2056882699052,-12595.796039136636,-12595.773826406985,-12595.775804269038
T144_1395,0,1,12,0.0,0.0,0.0,0.0,0.0,0.0,-6316.009098863267,-6316.038325985954,-6316.034359316897
T144_13950+,0,1,12,0.004,0.0,0.0,0.2056882699052,0.0,0.0,-6316.008693388727,-6316.046031196026,-6316.041621593834
T144_13950-,0,1,12,-0.004,0.0,0.0,-0.2056882699052,0.0,0.0,-6316.008693388727,-6316.045988829355,-6316.041594285367
T144_13952+,0,1,12,0.0,0.0,0.004,0.0,0.0,0.2056882699052,-6315.995537346264,-6316.072342140819,-6316.064358189767
T144_13952-,0,1,12,0.0,0.0,-0.004,0.0,0.0,-0.2056882699052,-6315.995537346264,-6316.072438454641,-6316.064490449372
T144_1396,0,1,10,0.0,0.0,0.0,0.0,0.0,0.0,-10344.584463533804,-10344.54456381882,-10344.556569399672
T144_13960+,0,1,10,0.004,0.0,0.0,0.2056882699052,0.0,0.0,-10344.561079272202,-10344.586300891671,-10344.593053014083
T144_13960-,0,1,10,-0.004,0.0,0.0,-0.2056882699052,0.0,0.0,-10344.561080905756,-10344.586558395184,-10344.59287034601
T144_13961+,0,1,10,0.0,0.004,0.0,0.0,0.2056882699052,0.0,-10344.69546062123,-10344.667479029817,-10344.68534902397
T144_13961-,0,1,10,0.0,-0.004,0.0,0.0,-0.2056882699052,0.0,-10344.472192320925,-10344.430398574292,-10344.43726926023
T144_13962+,0,1,10,0.0,0.0,0.004,0.0,0.0,0.2056882699052,-10344.583761039843,-10344.549329111296,-10344.561729860132
T144_13962-,0,1,10,0.0,0.0,-0.004,0.0,0.0,-0.2056882699052,-10344.58377464791,-10344.549469996029,-10344.561875976877
T144_1406,0,1,11,0.0,0.0,0.0,0.0,0.0,0.0,-17563.545003047442,-17563.5717446579,-17563.564483987087
T144_14060+,0,1,11,0.004,0.0,0.0,0.2056882699052,0.0,0.0,-17563.63523960593,-17563.689256264595,-17563.690526492708
T144_14060-,0,1,11,-0.004,0.0,0.0,-0.2056882699052,0.0,0.0,-17563.448249283432,-17563.487386603243,-17563.472908283093
T144_14061+,0,1,11,0.0,0.004,0.0,0.0,0.2056882699052,0.0,-17563.553395420473,-17563.596624508726,-17563.59051497181
T144_14061-,0,1,11,0.0,-0.004,0.0,0.0,-0.2056882699052,0.0,-17563.531207432734,-17563.58328747137,-17563.573438998195
T144_14062+,0,1,11,0.0,0.0,0.004,0.0,0.0,0.2056882699052,-17563.61970817064,-17563.638763285744,-17563.633992300718
T144_14062-,0,1,11,0.0,0.0,-0.004,0.0,0.0,-0.2056882699052,-17563.468799826638,-17563.51906082918,-17563.510902680988
T144_1408,0,1,11,0.0,0.0,0.0,0.0,0.0,0.0,-6291.567062514739,-6291.565848598296,-6291.565020304882
T144_14080+,0,1,11,0.004,0.0,0.0,0.2056882699052,0.0,0.0,-6291.566590778284,-6291.574107762567,-6291.573022021375
T144_14080-,0,1,11,-0.004,0.0,0.0,-0.2056882699052,0.0,0.0,-6291.5665931697595,-6291.574046154245,-6291.57295657907
T144_14081+,0,1,11,0.0,0.004,0.0,0.0,0.2056882699052,0.0,-6291.613384905138,-6291.6427772757725,-6291.6433293374785
T144_14081-,0,1,11,0.0,-0.004,0.0,0.0,-0.2056882699052,0.0,-6291.51758799849,-6291.5137148568765,-6291.511218746559
T144_14082+,0,1,11,0.0,0.0,0.004,0.0,0.0,0.2056882699052,-6291.564549967201,-6291.583527765916,-6291.5814478114735
T144_14082-,0,1,11,0.0,0.0,-0.004,0.0,0.0,-0.2056882699052,-6291.564549967201,-6291.583534007131,-6291.581481975323
T144_1409,0,1,12,0.0,0.0,0.0,0.0,0.0,0.0,-17126.62399397999,-17126.616569563612,-17126.607987967272
T144_14090+,0,1,12,0.004,0.0,0.0,0.2056882699052,0.0,0.0,-17126.49622229317,-17126.490951090866,-17126.48181856129
T144_14090-,0,1,12,-0.004,0.0,0.0,-0.2056882699052,0.0,0.0,-17126.745746256256,-17126.777530695963,-17126.77032468784
T144_14091+,0,1,12,0.0,0.004,0.0,0.0,0.2056882699052,0.0,-17126.621175938668,-17126.637712056,-17126.626803145693
T144_14091-,0,1,12,0.0,-0.004,0.0,0.0,-0.2056882699052,0.0,-17126.621175938668,-17126.637874404023,-17126.626978508062
T144_14092+,0,1,12,0.0,0.0,0.004,0.0,0.0,0.2056882699052,-17126.714879509003,-17126.716536071006,-17126.713808254222
T144_14092-,0,1,12,0.0,0.0,-0.004,0.0,0.0,-0.2056882699052,-17126.531364946095,-17126.536758304555,-17126.52322864208
T144_1428,0,1,10,0.0,0.0,0.0,0.0,0.0,0.0,-18103.856678848555,-18103.913664047577,-18103.91020835019
T144_14280+,0,1,10,0.004,0.0,0.0,0.2056882699052,0.0,0.0,-18104.045099575946,-18104.137057842978,-18104.139740884093
T144_14280-,0,1,10,-0.004,0.0,0.0,-0.2056882699052,0.0,0.0,-18103.662118692853,-18103.724085009944,-18103.712558295963
T144_14281+,0,1,10,0.0,0.004,0.0,0.0,0.2056882699052,0.0,-18103.855624824177,-18103.923151917268,-18103.919206707207
T144_14281-,0,1,10,0.0,-0.004,0.0,0.0,-0.2056882699052,0.0,-18103.855625699067,-18103.923261532345,-18103.919209618438
T144_14282+,0,1,10,0.0,0.0,0.004,0.0,0.0,0.2056882699052,-18103.871767718076,-18103.937195370607,-18103.931931987994
T144_14282-,0,1,10,0.0,0.0,-0.004,0.0,0.0,-0.2056882699052,-18103.837501416394,-18103.919565748638,-18103.91409722318
T144_1429,0,1,10,0.0,0.0,0.0,0.0,0.0,0.0,-29497.352101560336,-29497.347186724106,-29497.35047177814
T144_14290+,0,1,10,0.004,0.0,0.0,0.2056882699052,0.0,0.0,-29497.342389489488,-29497.35750901993,-29497.364773913698
T144_14290-,0,1,10,-0.004,0.0,0.0,-0.2056882699052,0.0,0.0,-29497.351117119055,-29497.379582779693,-29497.377793562035
T144_14291+,0,1,10,0.0,0.004,0.0,0.0,0.2056882699052,0.0,-29497.34945164275,-29497.358849492357,-29497.36367402843
T144_14291-,0,1,10,0.0,-0.004,0.0,0.0,-0.2056882699052,0.0,-29497.35110035777,-29497.36409304845,-29497.368789553653
T144_14292+,0,1,10,0.0,0.0,0.004,0.0,0.0,0.2056882699052,-29497.290413165414,-29497.27848334707,-29497.279483424703
T144_14292-,0,1,10,0.0,0.0,-0.004,0.0,0.0,-0.2056882699052,-29497.41237473446,-29497.430526730564,-29497.436063643047
T144_1438,0,1,11,0.0,0.0,0.0,0.0,0.0,0.0,-6188.088254933902,-6188.097437583115,-6188.104333539002
T144_14380+,0,1,11,0.004,0.0,0.0,0.2056882699052,0.0,0.0,-6187.955617479166,-6187.94607660959,-6187.954202612469
T144_14380-,0,1,11,-0.004,0.0,0.0,-0.2056882699052,0.0,0.0,-6188.2147148708655,-6188.279702862472,-6188.288136896341
T144_14381+,0,1,11,0.0,0.004,0.0,0.0,0.2056882699052,0.0,-6188.034228914792,-6188.045226764309,-6188.049552272838
T144_14381-,0,1,11,0.0,-0.004,0.0,0.0,-0.2056882699052,0.0,-6188.141075835311,-6188.167803794955,-6188.177049609358
T144_14382+,0,1,11,0.0,0.0,0.004,0.0,0.0,0.2056882699052,-6188.087827720695,-6188.10650900529,-6188.114264608989
T144_14382-,0,1,11,0.0,0.0,-0.004,0.0,0.0,-0.2056882699052,-6188.087827720695,-6188.106570020467,-6188.114301137293
T144_1444,0,1,10,0.0,0.0,0.0,0.0,0.0,0.0,-78228.63657054066,-78228.60800968988,-78228.6211852025
T144_14440+,0,1,10,0.004,0.0,0.0,0.2056882699052,0.0,0.0,-78228.56832355079,-78228.56694214148,-78228.57213404441
T144_14440-,0,1,10,-0.004,0.0,0.0,-0.2056882699052,0.0,0.0,-78228.6965746359,-78228.69049087413,-78228.70858757809
T144_14441+,0,1,10,0.0,0.004,0.0,0.0,0.2056882699052,0.0,-78228.64246316713,-78228.63654159928,-78228.6505684309
T144_14441-,0,1,10,0.0,-0.004,0.0,0.0,-0.2056882699052,0.0,-78228.62795089939,-78228.60430283673,-78228.61933577264
T144_14442+,0,1,10,0.0,0.0,0.004,0.0,0.0,0.2056882699052,-78228.59833125031,-78228.56356409975,-78228.57533793713
T144_14442-,0,1,10,0.0,0.0,-0.004,0.0,0.0,-0.2056882699052,-78228.67353220459,-78228.66867377805,-78228.68288987658
T144_1455,0,1,11,0.0,0.0,0.0,0.0,0.0,0.0,-19262.26486279838,-19262.26715215577,-19262.274648625073
T144_14550+,0,1,11,0.004,0.0,0.0,0.2056882699052,0.0,0.0,-19262.188874697902,-19262.19770098686,-19262.20539069723
T144_14550-,0,1,11,-0.004,0.0,0.0,-0.2056882699052,0.0,0.0,-19262.33460507337,-19262.374544199305,-19262.38284570622
T144_14551+,0,1,11,0.0,0.004,0.0,0.0,0.2056882699052,0.0,-19262.27503444811,-19262.318143178443,-19262.324145970215
T144_14551-,0,1,11,0.0,-0.004,0.0,0.0,-0.2056882699052,0.0,-19262.244171977163,-19262.268160371743,-19262.27365415644
T144_14552+,0,1,11,0.0,0.0,0.004,0.0,0.0,0.2056882699052,-19262.26486279838,-19262.26715215577,-19262.274648625073
T144_14552-,0,1,11,0.0,0.0,-0.004,0.0,0.0,-0.2056882699052,-19262.26486279838,-19262.26715215577,-19262.274648625073
T144_1457,0,1,9,0.0,0.0,0.0,0.0,0.0,0.0,-7627.573256989392,-7627.586148471233,-7627.57871938185
T144_14570+,0,1,9,0.004,0.0,0.0,0.2056882699052,0.0,0.0,-7627.644712424153,-7627.683976159973,-7627.676847140904
T144_14570-,0,1,9,-0.004,0.0,0.0,-0.2056882699052,0.0,0.0,-7627.488041810101,-7627.51909268683,-7627.5092181817945
T144_14571+,0,1,9,0.0,0.004,0.0,0.0,0.2056882699052,0.0,-7627.468027177472,-7627.462719159756,-7627.4550188563435
T144_14571-,0,1,9,0.0,-0.004,0.0,0.0,-0.2056882699052,0.0,-7627.67481357344,-7627.724709556931,-7627.718690339155
T144_14572+,0,1,9,0.0,0.0,0.004,0.0,0.0,0.2056882699052,-7627.590083272871,-7627.611108106016,-7627.604085481376
T144_14572-,0,1,9,0.0,0.0,-0.004,0.0,0.0,-0.2056882699052,-7627.554371611075,-7627.574706977891,-7627.567714851464
T144_1475,0,1,6,0.0,0.0,0.0,0.0,0.0,0.0,-6662.349961455851,-6662.533560670988,-6662.527381933916
T144_14750+,0,1,6,0.004,0.0,0.0,0.2056882699052,0.0,0.0,-6662.452303636193,-6662.655603580465,-6662.638933152362
T144_14750-,0,1,6,-0.004,0.0,0.0,-0.2056882699052,0.0,0.0,-6662.230202575117,-6662.446664324085,-6662.450865150916
T144_14751+,0,1,6,0.0,0.004,0.0,0.0,0.2056882699052,0.0,-6662.318550844038,-6662.485614808863,-6662.474424071776
T144_14751-,0,1,6,0.0,-0.004,0.0,0.0,-0.2056882699052,0.0,-6662.381204528204,-6662.583200456301,-6662.58211172656
T144_14752+,0,1,6,0.0,0.0,0.004,0.0,0.0,0.2056882699052,-6662.349947270418,-6662.533571565035,-6662.527405180731
T144_14752-,0,1,6,0.0,0.0,-0.004,0.0,0.0,-0.2056882699052,-6662.349975658924,-6662.533549775971,-6662.527358688343
T144_1479,0,1,11,0.0,0.0,0.0,0.0,0.0,0.0,-18027.53265994478,-18027.542201545624,-18027.549073429724
T144_14790+,0,1,11,0.004,0.0,0.0,0.2056882699052,0.0,0.0,-18027.50211248553,-18027.53751241049,-18027.543092680662
T144_14790-,0,1,11,-0.004,0.0,0.0,-0.2056882699052,0.0,0.0,-18027.536593360175,-18027.605143058383,-18027.610593427577
T144_14791+,0,1,11,0.0,0.004,0.0,0.0,0.2056882699052,0.0,-18027.49883514753,-18027.514492811762,-18027.52068423845
T144_14791-,0,1,11,0.0,-0.004,0.0,0.0,-0.2056882699052,0.0,-18027.56509239534,-18027.58774840607,-18027.595266731623
T144_14792+,0,1,11,0.0,0.0,0.004,0.0,0.0,0.2056882699052,-18027.53165210867,-18027.547963625417,-18027.55562726281
T144_14792-,0,1,11,0.0,0.0,-0.004,0.0,0.0,-0.2056882699052,-18027.532922377042,-18027.54939354617,-18027.557061012616
T144_1502,0,1,9,0.0,0.0,0.0,0.0,0.0,0.0,-16519.519532997634,-16519.532651673297,-16519.539335080328
T144_15020+,0,1,9,0.004,0.0,0.0,0.2056882699052,0.0,0.0,-16519.313929375196,-16519.317191554543,-16519.333491537196
T144_15020-,0,1,9,-0.004,0.0,0.0,-0.2056882699052,0.0,0.0,-16519.70153252728,-16519.806769656065,-16519.801914673342
T144_15021+,0,1,9,0.0,0.004,0.0,0.0,0.2056882699052,0.0,-16519.49569246256,-16519.503184086643,-16519.50903247272
T144_15021-,0,1,9,0.0,-0.004,0.0,0.0,-0.2056882699052,0.0,-16519.54150568353,-16519.57886025761,-16519.58422092542
T144_15022+,0,1,9,0.0,0.0,0.004,0.0,0.0,0.2056882699052,-16519.519300113232,-16519.53624015935,-16519.543088251176
T144_15022-,0,1,9,0.0,0.0,-0.004,0.0,0.0,-0.2056882699052,-16519.519296474973,-16519.5362637575,-16519.54310067113
T144_1563,0,1,10,0.0,0.0,0.0,0.0,0.0,0.0,-79344.67917017943,-79344.67043002052,-79344.67621845317
T144_15630+,0,1,10,0.004,0.0,0.0,0.2056882699052,0.0,0.0,-79344.75851287493,-79344.77867143622,-79344.77970298921
T144_15630-,0,1,10,-0.004,0.0,0.0,-0.2056882699052,0.0,0.0,-79344.59496681303,-79344.59740801246,-79344.60498149821
T144_15631+,0,1,10,0.0,0.004,0.0,0.0,0.2056882699052,0.0,-79344.5324500722,-79344.51838537306,-79344.52189179671
T144_15631-,0,1,10,0.0,-0.004,0.0,0.0,-0.2056882699052,0.0,-79344.82322190201,-79344.84751984947,-79344.85526704547
T144_15632+,0,1,10,0.0,0.0,0.004,0.0,0.0,0.2056882699052,-79344.61222287227,-79344.60472466185,-79344.60868935284
T144_15632-,0,1,10,0.0,0.0,-0.004,0.0,0.0,-0.2056882699052,-79344.74494488853,-79344.75485133384,-79344.76352213678
T144_1564,0,1,8,0.0,0.0,0.0,0.0,0.0,0.0,-85510.8852828772,-85510.8960517841,-85510.89565610321
T144_15640+,0,1,8,0.004,0.0,0.0,0.2056882699052,0.0,0.0,-85510.9703895797,-85511.0233769045,-85511.01649839804
T144_15640-,0,1,8,-0.004,0.0,0.0,-0.2056882699052,0.0,0.0,-85510.79152525763,-85510.81504866356,-85510.81481756315
T144_15641+,0,1,8,0.0,0.004,0.0,0.0,0.2056882699052,0.0,-85510.9315494916,-85510.96920013768,-85510.96991754071
T144_15641-,0,1,8,0.0,-0.004,0.0,0.0,-0.2056882699052,0.0,-85510.83383831494,-85510.85308758225,-85510.85236762627
T144_15642+,0,1,8,0.0,0.0,0.004,0.0,0.0,0.2056882699052,-85510.8852826597,-85510.89605153207,-85510.8956558538
T144_15642-,0,1,8,0.0,0.0,-0.004,0.0,0.0,-0.2056882699052,-85510.88528309073,-85510.8960520369,-85510.89565635328
T144_1588,0,1,11,0.0,0.0,0.0,0.0,0.0,0.0,-27826.754968003406,-27826.764666801395,-27826.773175695005
T144_15880+,0,1,11,0.004,0.0,0.0,0.2056882699052,0.0,0.0,-27826.881377479487,-27826.964371318427,-27826.972493850823
T144_15880-,0,1,11,-0.004,0.0,0.0,-0.2056882699052,0.0,0.0,-27826.61121939963,-27826.625376755295,-27826.62683006429
T144_15881+,0,1,11,0.0,0.004,0.0,0.0,0.2056882699052,0.0,-27826.67622498819,-27826.70750065624,-27826.70858182453
T144_15881-,0,1,11,0.0,-0.004,0.0,0.0,-0.2056882699052,0.0,-27826.828813719174,-27826.857798836267,-27826.871166586905
T144_15882+,0,1,11,0.0,0.0,0.004,0.0,0.0,0.2056882699052,-27826.754717886157,-27826.7678272819,-27826.777046522642
T144_15882-,0,1,11,0.0,0.0,-0.004,0.0,0.0,-0.2056882699052,-27826.754719074088,-27826.76786518785,-27826.7770615972
T144_1603,0,1,10,0.0,0.0,0.0,0.0,0.0,0.0,-28830.43738572726,-28830.41368272058,-28830.40595924834
T144_16030+,0,1,10,0.004,0.0,0.0,0.2056882699052,0.0,0.0,-28830.50698615827,-28830.54101523832,-28830.533001002175
T144_16030-,0,1,10,-0.004,0.0,0.0,-0.2056882699052,0.0,0.0,-28830.35833196975,-28830.333153058822,-28830.321092837425
T144_16031+,0,1,10,0.0,0.004,0.0,0.0,0.2056882699052,0.0,-28830.53852772208,-28830.59077217533,-28830.59425627391
T144_16031-,0,1,10,0.0,-0.004,0.0,0.0,-0.2056882699052,0.0,-28830.320183172254,-28830.286430133183,-28830.266897968388
T144_16032+,0,1,10,0.0,0.0,0.004,0.0,0.0,0.2056882699052,-28830.437385767345,-28830.413682747992,-28830.405959277283
T144_16032-,0,1,10,0.0,0.0,-0.004,0.0,0.0,-0.2056882699052,-28830.437385674246,-28830.413682693168,-28830.40595922083
T144_1604,0,1,10,0.0,0.0,0.0,0.0,0.0,0.0,-28368.255578485954,-28368.269152274643,-28368.267948248227
T144_16040+,0,1,10,0.004,0.0,0.0,0.2056882699052,0.0,0.0,-28368.241865267544,-28368.304057753743,-28368.303408134452
T144_16040-,0,1,10,-0.004,0.0,0.0,-0.2056882699052,0.0,0.0,-28368.258000660633,-28368.282224982024,-28368.277466558047
T144_16041+,0,1,10,0.0,0.004,0.0,0.0,0.2056882699052,0.0,-28368.185573345312,-28368.222972269625,-28368.21716748464
T144_16041-,0,1,10,0.0,-0.004,0.0,0.0,-0.2056882699052,0.0,-28368.32021741732,-28368.35269247814,-28368.353628653505
T144_16042+,0,1,10,0.0,0.0,0.004,0.0,0.0,0.2056882699052,-28368.2553189326,-28368.272514911776,-28368.271621675864
T144_16042-,0,1,10,0.0,0.0,-0.004,0.0,0.0,-0.2056882699052,-28368.255319884658,-28368.272545567277,-28368.27163719406
T144_1607,0,1,11,0.0,0.0,0.0,0.0,0.0,0.0,-9240.722395264542,-9240.714195195913,-9240.71036974537
T144_16070+,0,1,11,0.004,0.0,0.0,0.2056882699052,0.0,0.0,-9240.781055476524,-9240.785828993872,-9240.784807825452
T144_16070-,0,1,11,-0.004,0.0,0.0,-0.2056882699052,0.0,0.0,-9240.656996090953,-9240.67935257728,-9240.674394915713
T144_16071+,0,1,11,0.0,0.004,0.0,0.0,0.2056882699052,0.0,-9240.804611400992,-9240.81631474655,-9240.813255320028
T144_16071-,0,1,11,0.0,-0.004,0.0,0.0,-0.2056882699052,0.0,-9240.633572158144,-9240.650015942965,-9240.646177623856
T144_16072+,0,1,11,0.0,0.0,0.004,0.0,0.0,0.2056882699052,-9240.722395264542,-9240.714195195913,-9240.71036974537
T144_16072-,0,1,11,0.0,0.0,-0.004,0.0,0.0,-0.2056882699052,-9240.722395264542,-9240.714195195913,-9240.71036974537
T144_1610,0,1,11,0.0,0.0,0.0,0.0,0.0,0.0,-17563.62290493169,-17563.595300383466,-17563.60058360974
T144_16100+,0,1,11,0.004,0.0,0.0,0.2056882699052,0.0,0.0,-17563.78999282856,-17563.803628661935,-17563.81917708118
T144_16100-,0,1,11,-0.004,0.0,0.0,-0.2056882699052,0.0,0.0,-17563.449573638172,-17563.423798410066,-17563.418930811004
T144_16101+,0,1,11,0.0,0.004,0.0,0.0,0.2056882699052,0.0,-17563.54843173518,-17563.508513961788,-17563.515096752333
T144_16101-,0,1,11,0.0,-0.004,0.0,0.0,-0.2056882699052,0.0,-17563.69408159298,-17563.713473107793,-17563.715840938276
T144_16102+,0,1,11,0.0,0.0,0.004,0.0,0.0,0.2056882699052,-17563.678170488845,-17563.656137060356,-17563.66576995041
T144_16102-,0,1,11,0.0,0.0,-0.004,0.0,0.0,-0.2056882699052,-17563.566175761185,-17563.551963434682,-17563.555414940845
T144_1617,0,1,11,0.0,0.0,0.0,0.0,0.0,0.0,-27826.48586905439,-27826.49034996113,-27826.486535528526
T144_16170+,0,1,11,0.004,0.0,0.0,0.2056882699052,0.0,0.0,-27826.239352990127,-27826.269430303273,-27826.265996163023
T144_16170-,0,1,11,-0.004,0.0,0.0,-0.2056882699052,0.0,0.0,-27826.716223644686,-27826.77359167503,-27826.764408559313
T144_16171+,0,1,11,0.0,0.004,0.0,0.0,0.2056882699052,0.0,-27826.40543314537,-27826.391544527043,-27826.391499068024
T144_16171-,0,1,11,0.0,-0.004,0.0,0.0,-0.2056882699052,0.0,-27826.56172905696,-27826.624364664505,-27826.616849998903
T144_16172+,0,1,11,0.0,0.0,0.004,0.0,0.0,0.2056882699052,-27826.458528161053,-27826.45135554415,-27826.445839329965
T144_16172-,0,1,11,0.0,0.0,-0.004,0.0,0.0,-0.2056882699052,-27826.51314618034,-27826.530349327866,-27826.528389178835
T144_1619,0,1,9,0.0,0.0,0.0,0.0,0.0,0.0,-76181.63642595407,-76181.65485781577,-76181.66144113263
T144_16190+,0,1,9,0.004,0.0,0.0,0.2056882699052,0.0,0.0,-76181.67801185494,-76181.71563497666,-76181.7214253807
T144_16190-,0,1,9,-0.004,0.0,0.0,-0.2056882699052,0.0,0.0,-76181.58640841953,-76181.63744509194,-76181.6418079895
T144_16191+,0,1,9,0.0,0.004,0.0,0.0,0.2056882699052,0.0,-76181.64313651324,-76181.66122903883,-76181.6676410458
T144_16191-,0,1,9,0.0,-0.004,0.0,0.0,-0.2056882699052,0.0,-76181.62613123756,-76181.67643175829,-76181.68650874287
T144_16192+,0,1,9,0.0,0.0,0.004,0.0,0.0,0.2056882699052,-76181.63642605585,-76181.65485783531,-76181.66144114033
T144_16192-,0,1,9,0.0,0.0,-0.004,0.0,0.0,-0.2056882699052,-76181.63642583867,-76181.65485779784,-76181.66144112416
T144_1622,0,1,10,0.0,0.0,0.0,0.0,0.0,0.0,-29496.50382977949,-29496.502691267073,-29496.496069614077
T144_16220+,0,1,10,0.004,0.0,0.0,0.2056882699052,0.0,0.0,-29496.581326060972,-29496.629473779158,-29496.621096028954
T144_16220-,0,1,10,-0.004,0.0,0.0,-0.2056882699052,0.0,0.0,-29496.41957412232,-29496.417668473317,-29496.408619932077
T144_16221+,0,1,10,0.0,0.004,0.0,0.0,0.2056882699052,0.0,-29496.51735310813,-29496.523790750027,-29496.510461680868
T144_16221-,0,1,10,0.0,-0.004,0.0,0.0,-0.2056882699052,0.0,-29496.482843673202,-29496.522466760733,-29496.518144174224
T144_16222+,0,1,10,0.0,0.0,0.004,0.0,0.0,0.2056882699052,-29496.503569615743,-29496.50602735816,-29496.499750930732
T144_16222-,0,1,10,0.0,0.0,-0.004,0.0,0.0,-0.2056882699052,-29496.503598241306,-29496.506019314555,-29496.49978282245
T144_1625,0,1,12,0.0,0.0,0.0,0.0,0.0,0.0,-17127.407038003872,-17127.388684200854,-17127.38998881817
T144_16250+,0,1,12,0.004,0.0,0.0,0.2056882699052,0.0,0.0,-17127.367589195354,-17127.36760244277,-17127.374767201847
T144_16250-,0,1,12,-0.004,0.0,0.0,-0.2056882699052,0.0,0.0,-17127.43760267454,-17127.448009297885,-17127.44547756885
T144_16251+,0,1,12,0.0,0.004,0.0,0.0,0.2056882699052,0.0,-17127.344150508005,-17127.30750040441,-17127.308810174593
T144_16251-,0,1,12,0.0,-0.004,0.0,0.0,-0.2056882699052,0.0,-17127.46604160308,-17127.50338442886,-17127.506815835233
T144_16252+,0,1,12,0.0,0.0,0.004,0.0,0.0,0.2056882699052,-17127.404530717802,-17127.392958629247,-17127.39516023509
T144_16252-,0,1,12,0.0,0.0,-0.004,0.0,0.0,-0.2056882699052,-17127.408358102934,-17127.39855133162,-17127.400490007465
T144_1626,0,1,10,0.0,0.0,0.0,0.0,0.0,0.0,-11355.823083253425,-11355.896541024355,-11355.891714183072
T144_16260+,0,1,10,0.004,0.0,0.0,0.2056882699052,0.0,0.0,-11355.972454508314,-11356.16692380306,-11356.169067945497
T144_16260-,0,1,10,-0.004,0.0,0.0,-0.2056882699052,0.0,0.0,-11355.644216261375,-11355.689291689398,-11355.67243487282
T144_16261+,0,1,10,0.0,0.004,0.0,0.0,0.2056882699052,0.0,-11355.760833647117,-11355.851778511316,-11355.84612942712
T144_16261-,0,1,10,0.0,-0.004,0.0,0.0,-0.2056882699052,0.0,-11355.883505138045,-11355.957850198236,-11355.954306703867
T144_16262+,0,1,10,0.0,0.0,0.004,0.0,0.0,0.2056882699052,-11355.823081163167,-11355.89653787047,-11355.89171109111
T144_16262-,0,1,10,0.0,0.0,-0.004,0.0,0.0,-0.2056882699052,-11355.823085357522,-11355.896544182762,-11355.891717275777
T144_1630,0,1,10,0.0,0.0,0.0,0.0,0.0,0.0,-8098.151578408828,-8098.139031494878,-8098.147519805566
T144_16300+,0,1,10,0.004,0.0,0.0,0.2056882699052,0.0,0.0,-8097.996106181946,-8097.972599114768,-8097.97812090057
T144_16300-,0,1,10,-0.004,0.0,0.0,-0.2056882699052,0.0,0.0,-8098.304112446553,-8098.3298637554035,-8098.344570203731
T144_16301+,0,1,10,0.0,0.004,0.0,0.0,0.2056882699052,0.0,-8098.018674755703,-8097.984993620412,-8097.988817196916
T144_16301-,0,1,10,0.0,-0.004,0.0,0.0,-0.2056882699052,0.0,-8098.27795584444,-8098.3277182761085,-8098.337575074098
T144_16302+,0,1,10,0.0,0.0,0.004,0.0,0.0,0.2056882699052,-8098.15136041679,-8098.142473003935,-8098.151399126597
T144_16302-,0,1,10,0.0,0.0,-0.004,0.0,0.0,-0.2056882699052,-8098.15136041679,-8098.142500393178,-8098.151418307239
T144_1633,0,1,9,0.0,0.0,0.0,0.0,0.0,0.0,-42764.45568037373,-42764.44508376423,-42764.45869016187
T144_16330+,0,1,9,0.004,0.0,0.0,0.2056882699052,0.0,0.0,-42764.38984160921,-42764.39375046132,-42764.39842168368
T144_16330-,0,1,9,-0.004,0.0,0.0,-0.2056882699052,0.0,0.0,-42764.48849119885,-42764.559403419036,-42764.574999103585
T144_16331+,0,1,9,0.0,0.004,0.0,0.0,0.2056882699052,0.0,-42764.45462417426,-42764.456794611346,-42764.46818122592
T144_16331-,0,1,9,0.0,-0.004,0.0,0.0,-0.2056882699052,0.0,-42764.45449907806,-42764.45659795307,-42764.46788346817
T144_1634,0,1,9,0.0,0.0,0.0,0.0,0.0,0.0,-13350.097712438788,-13350.095144519819,-13350.094528688693
T144_16340+,0,1,9,0.004,0.0,0.0,0.2056882699052,0.0,0.0,-13350.087947611695,-13350.087240782204,-13350.08615734419
T144_16340-,0,1,9,-0.004,0.0,0.0,-0.2056882699052,0.0,0.0,-13350.106518049472,-13350.112500790457,-13350.111562475868
T144_16341+,0,1,9,0.0,0.004,0.0,0.0,0.2056882699052,0.0,-13350.000266478628,-13350.00649721832,-13350.004555784759
T144_16341-,0,1,9,0.0,-0.004,0.0,0.0,-0.2056882699052,0.0,-13350.169632064424,-13350.236980526375,-13350.234249212657
T144_16342+,0,1,9,0.0,0.0,0.004,0.0,0.0,0.2056882699052,-13350.09738263817,-13350.09959265557,-13350.098596074346
T144_16342-,0,1,9,0.0,0.0,-0.004,0.0,0.0,-0.2056882699052,-13350.09738263817,-13350.099611124266,-13350.098616866233
