Reaction,Dataset,Reference,wB97M2,B3LYP,BMK,CAMB3LYP,CF22D,M052X,M062X,M08HX,MN15,PBE0,PW6B95,SOGGA11X,r2SCAN0,wB97M-V,wB97X-V,revDSD-PBEP86-D4,mace-polar-1-s,mace-polar-1-m,mace-polar-1-l
V30_1,V30,1.679133776352932e-05,1.7193834580791286e-05,2.202566350424384e-05,-6.984172218183588e-05,1.7444807180122544e-05,1.8825227816012206e-05,7.718227834465256e-06,1.1169636122028146e-05,1.2362005657338733e-05,2.710832234789216e-05,2.22766361035751e-05,7.097145557666527e-05,9.78907280700299e-06,1.769506638377634e-05,1.5248547247486928e-05,2.11470453878812e-05,1.971126524742045e-05,-5.315510172327049e-06,1.556212919738515e-05,1.8930967999152274e-05
V30_2,V30,0.0003408913842357,0.0003507151599008,0.0003586845030137,0.0003869851948969,0.0003879263064746,0.0003702305266952,0.0004033004113614,0.000397213434083,0.0003999117818934,0.0003726149804075,0.0003793922393434,0.0003898089576675,0.0003974017705418,0.0004121469457993,0.0003711091448115,0.000373619013484,0.0003443169994279,0.0003457823260883031,0.00036944121219464703,0.0003712665731531302
V30_3,V30,0.0003422361370386,0.000351907386757,0.0003604414538882,0.0004032376325417,0.0003896834000282,0.0003639554983162,0.0004056220862541,0.0003977155219608,0.0004009785937895,0.0003724895654474,0.0003807728026585,0.0003864204708786,0.0003994726155144,0.0004131509788758,0.0003721130352089,0.0003743720739611,0.0003454590032284,0.00034284839266427185,0.00036740477447490163,0.00036927325683850753
V30_4,V30,0.0001544294540566,0.0001538025435746,0.000154806576651,0.0001619602231463,0.0001558106097275,0.0001631524500025,0.0001575675606019,0.0001588853450973,0.0001575677032811,0.0001597011843941,0.0001566892278438,0.0001546183828713,0.000160014935813,0.0001556843386926,0.0001575047817823,0.0001592618753359,0.0001541986208547,0.00015747601575683454,0.00015832686651705773,0.00015863039422860253
V30_5,V30,0.0004837414059675,0.0004755267299347,0.0004742717242589,0.0004877003991332,0.0004697536467544,0.0004894573500076,0.0004666159898858,0.0004716361552681,0.0004648590390113,0.0004887042895305,0.000481299813115,0.0004718871278674,0.0004823038461914,0.0004740206089804,0.0004732676911824,0.0004816762006744,0.0004809973333477,0.00047501029795081023,0.0004766796164705224,0.000477687516394928
V30_6,V30,5.2592573036127095e-05,7.649338780871104e-05,4.511796055564552e-05,5.340105508752548e-05,5.766812432291495e-05,-6.275099718526651e-06,7.435983535612436e-05,5.164403287350344e-05,5.453057446365163e-05,3.570527530807167e-05,5.948788968676981e-05,8.95456037839946e-05,7.818766687290026e-05,0.0001044803282729,5.465609643310113e-05,4.4553200867582447e-05,5.295051004742412e-05,2.8379044038489175e-05,3.591698445032247e-05,3.0744764861554994e-05
V30_7,V30,5.6510365686473296e-05,5.66641269162383e-05,5.7730867472747766e-05,5.992716307516726e-05,5.628763234745754e-05,6.275096151548264e-05,4.9887010659481393e-05,5.176951917316906e-05,4.919676467175269e-05,5.854663542992597e-05,5.358932020680779e-05,5.616207470822417e-05,5.716610778468469e-05,5.101653003560754e-05,5.823288401097803e-05,5.660138376640549e-05,5.7416509667473976e-05,4.844073246224094e-05,6.052626129194429e-05,5.313878438222697e-05
V30_8,V30,0.0007130578406585,0.0006905114065905,0.0006341610667629,0.00069935933215,0.0006554336697901,0.0006086841733201,0.0006538021338757,0.0006667915353616,0.0006960335171714,0.0006306470223349,0.0006807850412635,0.000692644959043,0.0007388296601552,0.0007529485810172,0.0006416912078271,0.0006550571752213,0.0006919139068226,0.0005933465495339961,0.0006338177919580394,0.0005676123409388905
V30_9,V30,0.0001123442761599,0.0001154617706152,0.0001122614776061,0.0001148970109272,0.0001143322155693,0.000100401488487,0.00011709323519,0.000112700679655,0.0001147087458079,0.0001065511019059,0.000111445709649,0.0001163402460525,0.0001172187928293,0.000118473798505,0.0001113829664991,0.0001120732124869,0.0001130188541271,0.000112744521126099,0.00010864035330506977,0.00010804206478243798
V30_10,V30,0.0002374539775506,0.0002397086166308,0.0002350650528267,0.0002383280889856,0.0002359435639337,0.000225903411518,0.0002395830946614,0.0002338100471509,0.000234939566527,0.0002256524032489,0.0002346885582579,0.0002392066000926,0.0002437246775971,0.0002448541969732,0.0002339355334505,0.0002356925913343,0.0002378329923854,0.00022627617568325635,0.00023244090068701303,0.00023076247969170587
V30_11,V30,0.0002374539775506,0.0002397086166308,0.0002351278316463,0.0002383908678052,0.0002359435639337,0.0002196283117995,0.0002397713597807,0.00023406105542,0.0002351905747961,0.0002255268812794,0.0002346258151081,0.0002391438569428,0.0002437246775971,0.0002449796832729,0.0002338727903007,0.0002356298125147,0.0002378323503293,0.00022662869736482389,0.0002324422429875616,0.00023077233721135941
V30_12,V30,0.0010000304733357,0.0009952300234891,0.0009915904927614,0.0010026973857336,0.0010010031423392,0.0010416657328703,0.0009695021217771,0.0009831190974404,0.0009268315007627,0.0010488820868457,0.0009895197191284,0.000979730539312,0.0009941632472628,0.0009686236463398,0.000998116600749,0.0010037641619599,0.0009943257587981,0.0009784319390470596,0.0010519025498384375,0.0010081644834543182
V30_13,V30,0.0010294732178586,0.0010339473623567,0.0010247857210481,0.0010630010790473,0.0010358299065402,0.0010667660960747,0.0010385909261609,0.0010403479483749,0.0010463093323443,0.0010579809493348,0.0010389046775799,0.0010210206683509,0.0010486938573962,0.0010324413127421,0.001034135627476,0.0010490703876348,0.0010339234992713,0.0010449510269787596,0.0010417018207133835,0.0010352629308225819
V30_14,V30,0.0011049939830617,0.0011061737165998,0.0010904859673035,0.0011327800937491,0.0011004006334196,0.0011546174207945,0.0011034126613094,0.0011114447832419,0.0011214849356576,0.0011320271046115,0.0011118212778107,0.0010898584644656,0.0011228654633028,0.0011064246891992,0.0011010281362574,0.0011184729077678,0.0011100416766235,0.0011020025335662764,0.0011026426431403743,0.0010996793468918433
V30_15,V30,3.0087071250860008e-05,0.0001016566011722,-7.442257850595717e-05,8.301942445678507e-05,-2.886541590148195e-06,-0.0002384536466248,0.0001549321342902,5.697777132583463e-05,0.0001886921579348,-0.0001353538459971,8.370970611429764e-05,0.0002226403753591,0.0002516312062206,0.0003815257204564,6.902673895990288e-06,-1.7130913082039106e-05,9.626133234270588e-06,-0.00015112257168532772,-0.00013682119827818453,-0.00013358038139123704
V30_16,V30,5.755341193425583e-05,0.0002346886295975,-0.0001908882751883,0.0002099018394632,-3.5391559558907605e-05,-0.0005396581477558,0.0001267568573671,-0.0001041666125238,0.0001923943961426,-0.0003773841731905,0.0001757026494396,0.0004806723102771,0.0005941259077301,0.0008422432122019,5.647668220198507e-06,-7.20379821144715e-05,3.931380899359565e-06,-0.0003941063203497108,-0.0003600882297597977,-0.00035819021678412335
V30_17,V30,0.0002308255949761,0.0002324294481661,0.0002262171986067,0.0002320530606066,0.0002268445587655,0.0002196282761297,0.0002262171986067,0.0002264681712061,0.0002316765303681,0.0002152357562644,0.0002289781825576,0.0002324922269857,0.0002405243489182,0.0002397085096215,0.0002269073375851,0.0002279741494812,0.0002301705520929,0.0002226383314621779,0.00022509188907739058,0.0002220379875418311
V30_18,V30,0.001244978796535,0.0012510657341442,0.0012441632029274,0.0012784250290915,0.0012569642322846,0.0012989445716415,0.001257215204884,0.0012695144317217,0.0012625491216852,0.0012956187209931,0.0012563367294467,0.0012380134468294,0.0012634902332629,0.0012486817084693,0.0012537639392755,0.0012683222048655,0.0012495998487062,0.0012554110850327065,0.0012591733856827725,0.0012559119309248907
V30_19,V30,0.0013167219547043,0.0013209074563261,0.001306537527195,0.0013419917228943,0.0013168913240202,0.0013742456255846,0.0013150715943262,0.0013328929317449,0.0013192759204117,0.0013632015471018,0.001322287876962,0.0013015801406323,0.001329629717237,0.0013143186765282,0.0013161384062222,0.0013313241746501,0.001322597490686,0.0013173629534010136,0.0013230068238450341,0.001317838295582775
V30_20,V30,6.998362160401556e-06,2.836339936325169e-05,7.191256715437361e-05,0.0001222388512022,0.0001332830010246,5.020072640864546e-05,0.0001470882061374,0.0001351655808778,0.0001542418526327,8.30822746159695e-05,0.0001115712316184,0.0001365460728533,0.0001194777959117,0.0001863703403629,8.73493081815751e-05,7.492466638375519e-05,2.029739113602353e-05,7.265998710071963e-05,7.217516492133393e-05,7.235159354968626e-05
V30_21,V30,1.84550536321046e-05,2.102155908821557e-05,3.319522828670424e-05,2.227656476400735e-05,3.915657658628295e-05,2.5100398874106603e-05,4.016053832317573e-05,3.2128487730194774e-05,3.583079727752118e-05,2.9869520317510216e-05,3.6207327516085806e-05,3.564253215823886e-05,3.212855906976252e-05,4.386291921006987e-05,3.0873482054402994e-05,3.055973063545505e-05,2.140686409361299e-05,4.2349666201086915e-05,2.9128173585266234e-05,2.7805839757358735e-05
V30_22,V30,8.842173248032054e-06,9.851922966187425e-06,1.330318857461482e-05,1.1169636122028146e-05,1.60014650454807e-05,1.25501994370533e-05,2.102155908821557e-05,1.2173740538056415e-05,1.6880011822275595e-05,1.324048109456588e-05,1.4872017008922292e-05,5.082801522783811e-06,1.4683751889639978e-05,1.932731569381021e-05,1.4181735351409717e-05,1.3052215975283564e-05,1.0065870329858385e-05,1.2734153622906416e-05,1.355891341621682e-05,1.277828175344057e-05
V30_23,V30,0.0003386612155649,0.0003493973040658,0.0003570528957598,0.00038918138349,0.000385667339062,0.0003639554269767,0.0004018570692267,0.0003925699416184,0.0003954564832085,0.0003696030951969,0.0003773842445301,0.0003811492615574,0.0003949544666703,0.0004097637048596,0.0003691010786586,0.0003711091448115,0.0003431215622912,0.00034601882266620384,0.00036491556200136764,0.00036612799497186114
V30_24,V30,0.0003407307418103,0.0003505268234419,0.0003590609619127,0.000400351019612,0.0003880518641139,0.0003639554269767,0.0004039905503397,0.0003955820408478,0.0003978410082604,0.0003706071282733,0.0003792667530438,0.0003847887922852,0.0003978410082604,0.000411395240774,0.0003704816419737,0.0003727406807259,0.0003446960265513,0.0003614875780816793,0.0003687245075954963,0.0003693983424708772
V30_25,V30,0.0003417272268551,0.0003512170337599,0.0003602531887689,0.0003955191906886,0.0003894323560893,0.0003702305266952,0.0004053083348351,0.0003959585710863,0.0003990333064562,0.000372803388206,0.0003802080073006,0.0003851026150437,0.0003982803173186,0.0004125247601501,0.0003719876202488,0.0003743721453007,0.0003451547399719,0.00036082137754066837,0.0003704625351245383,0.00036969163514073916
V30_26,V30,0.0003448905021139,0.000354417326769,0.0003633279954783,0.0004049945834162,0.0003928209142177,0.0003639554269767,0.0004091361306821,0.0004004765772513,0.0004028611023032,0.0003755017360164,0.0003835337866094,0.00038918138349,0.0004026100583643,0.0004159133182785,0.0003748741618389,0.0003772587582304,0.0003480600438684,0.0003673912675756317,0.00037355175594328195,0.0003737050298871715
V30_27,V30,0.0001543271700124,0.0001536770572749,0.0001546810903513,0.0001615836929078,0.0001557479022474,0.0001568772789444,0.0001575676319415,0.0001586971513176,0.0001572538805225,0.0001595756980944,0.0001565636702046,0.0001543673389324,0.0001598266706937,0.0001554341508285,0.0001574421456418,0.0001591363890362,0.0001541834968663,0.00016045080545381283,0.00015824565733386938,0.0001579322301557789
V30_28,V30,0.0004825999662342,0.000477848476167,0.0004729538684239,0.0004857550404603,0.0004683730120998,0.0004894573500076,0.00046536098421,0.0004701301769929,0.0004631020167973,0.0004871356037753,0.0004799192498,0.0004703183707727,0.0004809232828764,0.0004725147020449,0.0004719498353475,0.0004802957800385,0.0004869830797795,0.00047584520889201916,0.00047565485389547543,0.0004744630587959161
V30_29,V30,0.000484795621884,0.0004809232828764,0.0004754011722954,0.0004884533882707,0.0004711340673903,0.0004894573500076,0.0004683730120998,0.0004731422048828,0.0004661140446871,0.0004900849241851,0.0004823037748519,0.0004727656033046,0.0004835587805277,0.0004750247133964,0.0004746481831579,0.0004829313490293,0.0004890099795783,0.00048232306744562135,0.00047867041597161647,0.0004769879261277715
V30_30,V30,1.6417342116989563e-05,0.0003340232883536,8.119973043249795e-05,0.0002622989684836,0.0001508532945044,-0.0004078811606761,0.0003047813600484,0.0001389305979052,-8.734932601646704e-05,0.000161834683342,2.4849372770099536e-05,0.0004742089097695,4.179212774220795e-05,0.0003658380246648,0.0001414406270917,-8.28312306770705e-05,2.3244838882135072e-05,2.0216073960283093e-05,4.972692904256747e-05,5.0325846768581404e-05
V30_31,V30,1.646101677638414e-05,0.0003336467759499,8.088597901355e-05,0.0002072663774817,0.0001507277903698,-0.0004078811606761,0.0003038401057916,0.0001386795896361,-8.992211618766729e-05,0.0001620229484613,2.4786629620266723e-05,0.0005054588863927,4.486693445163846e-05,0.0003652732649767,0.0001423818991834,-8.17644722856691e-05,2.3197148381096714e-05,1.9600985707348137e-05,4.973930337574958e-05,5.033717242945995e-05
V30_32,V30,3.442121643724502e-05,3.52660375894581e-05,4.9887010659481393e-05,0.0001257528956302,4.04116179318586e-05,3.137546292284938e-05,1.7946788048568933e-05,-1.0228417534968185e-05,1.0542151119024192e-05,4.825547474512498e-05,4.850646517934817e-05,0.0001738201409259,2.309235055607749e-05,3.5517028023681295e-05,1.9829296562256604e-05,4.248239156482859e-05,3.753886271317736e-05,-3.543973368496854e-05,3.290895184132106e-05,3.2897353525643594e-05
V30_33,V30,3.791387141891558e-05,0.0003800197421813,0.0001024095546399,0.0003232928899501,0.0001783382005955,-0.0004141562603947,0.0003305720049102,0.0001636544665407,-5.923689925254661e-05,0.0002193773035303,4.76907150570619e-05,0.0007089602111773,7.153609042048478e-05,0.0004096381828901,0.0001582578957641,-6.187243257357968e-05,5.069145346027989e-05,-9.759720474511332e-06,6.22009070669586e-05,6.714745237599816e-05
V30_34,V30,3.795208674588583e-05,0.0003798942380468,0.0001024095546399,0.0003349645604453,0.0001783382005955,-0.0004141562603947,0.0003288149648613,0.000161520931923,-6.011541035955764e-05,0.0002193773035303,4.76907150570619e-05,0.0007074541972323,7.216359325838067e-05,0.0004092616704865,0.0001582578957641,-6.199793670813724e-05,5.085460705171552e-05,-1.1328219638958453e-05,6.219916627093466e-05,6.71468441460621e-05
V30_35,V30,0.0001520882162089,0.0001554968404736,0.000151857291911,0.0001586343903329,0.0001532378195563,0.0001380520689633,0.0001561243611464,0.0001508532766695,0.0001465862074341,0.0001477157268102,0.0001478412309448,0.0001556223624431,0.0001539908265287,0.0001554968404736,0.0001490962544554,0.0001504767821007,0.0001535484141993,0.00014667028660640596,0.00014781761800029396,0.00014784135994124677
V30_36,V30,0.0001530884663106,0.0001565008557152,0.000152735803018,0.0001563753694155,0.0001542418347978,0.0001380520689633,0.0001581323916296,0.0001531123154217,0.0001484687337827,0.0001487197420518,0.0001488452461863,0.0001551203459049,0.0001543673389324,0.0001567518639843,0.0001504767642658,0.0001516063014768,0.0001544156536547,0.00014983222236267905,0.00014903997141077927,0.00014901318832014613
V30_37,V30,0.0001537410761636,0.0001571283585531,0.0001534260846756,0.000157128376388,0.0001549320986205,0.0001443271686818,0.000158885398602,0.0001538025792443,0.0001492217407551,0.0001494100058744,0.0001495355100089,0.0001559988748468,0.0001551830890547,0.0001574421278069,0.0001511670280884,0.0001522965652994,0.0001550124091389,0.00014880850845993567,0.00014979132414283988,0.00014971254787939583
V30_38,V30,0.0001542606540081,0.0001576931182412,0.0001543045957826,0.0001618347011769,0.0001556851055929,0.0001443271686818,0.0001581951526143,0.0001531750585715,0.0001491589976053,0.0001501630128468,0.0001504767642658,0.0001610816763695,0.0001566263598498,0.000158006887495,0.0001514180363575,0.000153049554437,0.000155504366798,0.00014875771077355081,0.00015001758567905778,0.00015027633508324023
V30_39,V30,0.0002077445415012,0.0002100274149373,0.0002051328606989,0.0002120354632553,0.000206576131494,0.0002008030126439,0.0002114079604174,0.0002061996012554,0.0002019952930047,0.0002013677901668,0.0002029993260812,0.0002087096482768,0.0002095254340688,0.0002125374619587,0.0002033130775001,0.0002051956038487,0.0002089411986788,0.00019843143018343523,0.00020209391820364756,0.0002019115750635031
V30_40,V30,0.0002097299814771,0.0002120982064051,0.0002072036343319,0.0002158632591023,0.0002085841619771,0.0002008030304788,0.0002134787340504,0.0002082076495734,0.0002043170749068,0.0002034385637998,0.0002051956038487,0.0002115962077018,0.000211847198136,0.0002147337397262,0.0002051956038487,0.0002073291384664,0.0002109655302531,0.00020421504669862912,0.00020423306288880441,0.00020408920602220092
V30_41,V30,0.0007794044173509,0.000782190562827,0.0007744094491636,0.000780747292032,0.000780747292032,0.0008032121219153,0.0007916032124048,0.000785453598986,0.0007889049180991,0.0007867086224966,0.0007857046072551,0.0007724641618303,0.0007990705746493,0.000782253288142,0.0007799942850595,0.0007939249943069,0.0007849239918699,0.0007897521545613981,0.0007874238713395697,0.000788327659077677
V30_42,V30,0.0008427640489468,0.0008410509496759,0.0008268064890096,0.000841615709364,0.0008359681303182,0.0008785132650329,0.0008444395078043,0.0008441884995352,0.0008552326671924,0.000849208575743,0.000848643816055,0.0008295047833153,0.0008617587751801,0.000844251242685,0.0008356543788993,0.000855358171327,0.0008473586694118,0.0008468657425492861,0.0008443148261974102,0.0008444033970601695
V30_43,V30,0.0008435860863578,0.0008418666997982,0.000827559495982,0.000842180469052,0.000836595650991,0.000878513247198,0.0008451925147767,0.0008446277550887,0.0008552326671924,0.0008497733354311,0.0008493968230274,0.0008296930484346,0.0008621352697489,0.0008453807442262,0.0008364073680368,0.0008561111782994,0.0008482371805188,0.0008416891185368437,0.0008463939868268029,0.0008459346264109479
V30_44,V30,3.7870824268995054e-05,4.348642464128911e-05,3.721128925297858e-05,5.842111346047647e-05,4.323541637217398e-05,3.137546292284938e-05,4.894572073285368e-05,4.317263755255729e-05,6.532371601689901e-05,3.827806547927192e-05,4.367465409078755e-05,5.559731502016109e-05,5.804465456147959e-05,6.187305679479746e-05,4.141561533853525e-05,3.909383343645013e-05,3.862887780366404e-05,2.8210627266536103e-05,3.2888712465862194e-05,2.769719730670906e-05
V30_45,V30,4.561040062015628e-05,5.4718839582933945e-05,1.217366919848867e-05,5.534634242082983e-05,2.233934358362404e-05,-1.25501994370533e-05,4.3549167791121925e-05,3.702305980348014e-05,5.998990622500007e-05,-8.785111070110213e-07,5.0577256647210097e-05,7.341861676906439e-05,9.086338827940308e-05,0.0001057981127683,3.0622473785287864e-05,2.510036320432273e-05,3.8741166283296615e-05,-1.1976550803916525e-05,-2.817866373472334e-06,-1.0709083510931723e-05
V30_46,V30,5.3330900683306094e-05,6.375495892215929e-05,4.838099671457448e-05,8.778858156997255e-05,6.243721009653469e-05,3.137546292284938e-05,8.138799555178027e-05,6.814755012699827e-05,9.939749108039816e-05,5.0639999797042906e-05,6.752001161931851e-05,8.872983582681639e-05,9.130266166780052e-05,0.0001078061432515,5.79818757418629e-05,5.559731502016109e-05,5.355290135747334e-05,3.2311523229978193e-05,3.432963015785719e-05,3.0085233876394814e-05
V30_47,V30,0.0003820767135467,0.0003606924621573,0.0003066011254123,0.0003748113830193,0.0003249871511794,0.0003012045368007,0.0003235438803844,0.0003512170694297,0.0003663400233681,0.0003150725207332,0.0003572411608791,0.0003750623912884,0.0004110187105354,0.0004268953670071,0.0003207200819441,0.000325677432837,0.0003613030218479,0.00025166977551416297,0.0002807748363618586,0.00025529054735013936
V30_48,V30,0.0005263229438583,0.0005070276791572,0.0004565759088096,0.00051505976542,0.0004725146307053,0.000439256623599,0.0004915909024602,0.000498368018717,0.0005301199762086,0.0004494222979841,0.0005061491323804,0.0005197033292241,0.0005568519109971,0.0005778107269354,0.000466741547525,0.000472640117005,0.0005092101348835,0.000390822214270072,0.00044450555320609594,0.0003952191713982575
V30_49,V30,0.0002312428887763,0.0002326805277747,0.0002264681712061,0.0002328687572242,0.0002269701877443,0.000225903411518,0.0002246484058422,0.000225589660099,0.0002307979835913,0.00021655350509,0.0002292292264965,0.000232680492105,0.0002404616414382,0.0002392693789122,0.0002273467179828,0.0002284134228696,0.0002305946658232,0.0002219375666820414,0.00022337697428591926,0.00022265829818283783
V30_50,V30,0.0012116392181782,0.0012078930252521,0.0011995470805611,0.0012293538220589,0.0012099637632153,0.0012612940446699,0.001203312168928,0.0012133523570135,0.0012018061193133,0.0012577800002418,0.0011986058263042,0.0011885656738885,0.0012148583709584,0.0011855536459987,0.0012065124619371,0.001215297608677,0.0012066128367089,0.0012057165180174273,0.00122757298811529,0.001240069260912855
V30_51,V30,0.0012437112273974,0.0012482418643644,0.0012423432592146,0.0012779857913729,0.0012547679366822,0.0013052197070298,0.0012540776550247,0.0012685103986452,0.0012628628017646,0.0012948658031951,0.0012535128953366,0.0012354406209884,0.0012645571164986,0.0012447278199363,0.0012511284059545,0.0012647453459481,0.0012469416650724,0.0012608415716363968,0.001265896759396086,0.001261836132449101
V30_52,V30,0.0013109488675429,0.0013145068703079,0.0013013291323632,0.0013383521921666,0.0013112437984792,0.0013679706685452,0.0013084827431887,0.0013285630836898,0.0013175188981977,0.0013580560024292,0.0013166403870907,0.001295807057452,0.0013271825560446,0.0013077297540511,0.0013103652873722,0.0013247979953229,0.0013162130274101,0.0013216902786882423,0.0013253283745906736,0.0013187683420753638
V30_53,V30,2.000788857661348e-05,3.9470363675014765e-05,1.7005498121941224e-05,2.610436061099938e-05,2.7296694476526092e-05,-1.8825299155579957e-05,4.944773727108394e-05,2.949295440916171e-05,4.135290785848631e-05,6.65159428730741e-06,2.8990973540715324e-05,5.302452484896084e-05,4.580820654337423e-05,6.620290484980362e-05,2.535137147343786e-05,1.7256506391056355e-05,2.0916796932980223e-05,1.0734650141692719e-05,1.1072427490672071e-05,1.0089360126414994e-05
V30_54,V30,2.2805514064815173e-05,4.932225097141832e-05,1.844876891701532e-05,2.735940195657504e-05,3.175199316141402e-05,-2.5100398874106603e-05,5.609933155839135e-05,2.7735932195139668e-05,3.915657658628295e-05,5.39658861151563e-06,3.325800710632093e-05,6.388044522182492e-05,5.346383390714216e-05,7.919169994936078e-05,2.9994970947391974e-05,1.8699777186130453e-05,2.4211828888043363e-05,1.2614122591039987e-05,1.1063471829199598e-05,1.1755448735432183e-05
V30_55,V30,2.9834373185656045e-05,3.557978900840605e-05,2.917916732042989e-05,2.660637714922964e-05,3.15637280421317e-05,2.510036320432273e-05,3.984682257401165e-05,3.344627222560324e-05,4.191763187676551e-05,2.735940195657504e-05,2.993222779755916e-05,3.928206288594857e-05,3.834084429888861e-05,4.060048943746676e-05,3.281876938770735e-05,2.9304689289879395e-05,3.0340718162474104e-05,3.0320891516452686e-05,2.7632934667946395e-05,2.9048977852900754e-05
V30_56,V30,0.0001510264701788,0.0001672940329382,0.0001372990619908,0.0001691137983021,0.0001527985818377,0.0001004015241568,0.0001719375967424,0.0001559361316969,0.0001782126964609,0.0001203563070187,0.0001639055104796,0.0001890058380142,0.0001936494374881,0.000215738379189,0.0001484059906328,0.0001438879487981,0.0001495625120353,0.00012771662533860446,0.00011960032117790718,0.00011967532222105838
V30_57,V30,0.0003641883009696,0.0003737446424628,0.000338604091173,0.0003832827783403,0.0003606924621573,0.0003012045368007,0.0003692265649583,0.0003561743846528,0.0003837847948785,0.0003153862721522,0.0003648340094232,0.0003880518284441,0.0004011040800892,0.0004213098712202,0.0003490207738273,0.000349397268396,0.0003577456386324,0.00031117234387680997,0.000315910371185008,0.00031793747572125163
V30_58,V30,0.0001044903675825,0.0001079315938813,0.0001046058145726,0.0001068648533248,0.0001066138807255,9.4126424438332e-05,0.0001108181354715,0.000105609847649,0.0001094376791658,9.895825336178458e-05,0.0001039155685849,0.0001087473618385,0.0001098141737346,0.0001110064362606,0.000103852825435,0.0001044803282729,0.0001052571804959,0.00010442999692658122,0.00010209349211389281,0.00010201039532055806
V30_59,V30,0.0002351773731787,0.0002372613127593,0.0002321784755667,0.000236194536533,0.000233182544313,0.0002259033758482,0.0002353788042456,0.0002313000001295,0.0002341237629,0.0002226403396893,0.0002324295195056,0.0002368220393709,0.0002422186636522,0.0002427834233403,0.0002314882652488,0.000233245251793,0.0002352018464478,0.0002270826676050386,0.00022805440930841715,0.00022939207472540282
V30_60,V30,0.0002377520445508,0.0002402106331691,0.0002356925556646,0.0002388301055238,0.0002365710667716,0.000225903411518,0.0002405871277378,0.000234939566527,0.0002363200585025,0.0002261544197871,0.0002351905747961,0.0002398341029305,0.0002444777024045,0.0002457327080802,0.0002344375499888,0.0002363200585025,0.0002382120195089,0.00022936472535172575,0.00023202065574808107,0.00023314023927281666
V30_61,V30,0.0002426503835053,0.0002439129427164,0.0002376378429979,0.0002430971390894,0.0002385790972547,0.0002259033758482,0.0002383908321354,0.0002372613484291,0.000242595158221,0.0002269701520745,0.0002393948652119,0.0002430343959396,0.0002501880424349,0.0002498742553462,0.0002377633649673,0.0002393320863923,0.0002418615734458,0.00023452383653669863,0.00023423211687529199,0.00023479586213224425
V30_62,V30,0.0010253191051403,0.0010305588042284,0.0010210834115007,0.0010606792614754,0.0010319393675434,0.0010667660960747,0.00103589264969,0.0010375869287542,0.001046434818644,0.0010532746780506,0.00103589264969,0.0010176948533724,0.0010474388517204,0.0010299940445403,0.0010309980776168,0.0010459955452556,0.0010302613895704,0.0010351117961701916,0.0010365051041396048,0.0010343975874111235
V30_63,V30,0.001101624257186,0.001102973387921,0.0010870974091752,0.0011298307733393,0.0010970120752912,0.0011546174207945,0.0010996475729424,0.0011079934819637,0.0011187239160369,0.001128387538214,0.0011088092499209,0.0010867209146064,0.0011217359439267,0.0011028485080076,0.0010978905863982,0.0011153981010584,0.0011068633205315,0.0010969096355505509,0.001101409656192731,0.0010990100842277058
V30_64,V30,0.0011039836928084,0.0011052951698231,0.0010893564479274,0.0011321525909112,0.0010992711140434,0.0011546174207945,0.0011019066116947,0.0011100642912665,0.0011204809025811,0.0011307720632659,0.0011111938106426,0.0010889799176888,0.0011232419578716,0.0011052952054928,0.0011001496251504,0.0011177198829604,0.0011092372159878,0.0010989950252934266,0.0011033109410259925,0.001100965627365954
V30_65,V30,0.0011237690665256,0.001121422156838,0.0011068639269178,0.001136921641015,0.0011202926731316,0.0011734427199501,0.0011160256038963,0.0011360431655778,0.0011460833179935,0.0011648458383294,0.0011152098716089,0.0011020320979943,0.0011372981712536,0.0011052958118792,0.0011216104576271,0.0011320898477614,0.0011200648858918,0.0011353920499774307,0.0011274718475375006,0.0011314577041492413
V30_66,V30,0.0012935103792588,0.0012986308558923,0.0012860806564552,0.0013247352521731,0.0012975641153358,0.0013491453693897,0.0012959952869015,0.0013143813483384,0.0013039019582041,0.0013409250180076,0.0013010781597638,0.0012806213246939,0.0013126243617942,0.0012922930130239,0.0012967483117088,0.0013107417819409,0.0012987588747466,0.0013063146453733236,0.0013065169762075742,0.001305070374711694
V30_67,V30,3.2071256207837727e-05,9.293412624258918e-05,3.2065708910578086e-05,0.000118787549924,8.766305960052305e-05,-6.275096151548264e-05,0.0001066765882056,6.758279043893519e-05,0.0001110064005908,5.409130107525418e-05,9.98367644687956e-05,0.0001575676319415,0.0001287649591898,0.000204505357861,5.961341165621931e-05,3.601902672701962e-05,3.956071523756537e-05,9.846026205095004e-06,7.4095409749843935e-06,6.380038401125312e-06
V30_68,V30,4.149789178000927e-05,0.000240838136007,-0.0001794677378065,0.0001792167295374,-5.183229799278575e-05,-0.000577308746067,0.0002173692730472,2.4472896036210716e-05,0.0001991715123993,-0.0002833832707216,0.0001121986987865,0.000413152262988,0.0004418921925898,0.000690887936829,1.5813235595982257e-05,-9.75149468969266e-05,2.806855292975649e-06,-0.00031986892036996373,-0.0003085066398545854,-0.0003097595935228888
V30_69,V30,5.430868594578638e-05,0.000307856131088,-1.0291160684800996e-05,0.0001547438335012,0.0001007780187256,-0.0004769072219101,0.0003191513248493,0.0001226153814408,0.0001233683349085,-2.1209824207497885e-05,8.584329423666819e-05,0.0003980920165296,0.0002528863189058,0.0005042666238667,0.000114959754077,-5.421682304470368e-05,4.721694898765915e-05,-8.099449899434342e-05,-8.21068466801844e-05,-8.333026973641932e-05
V30_70,V30,2.0410310402328152e-05,2.2653095002571983e-05,2.0582321369601995e-05,2.553963659272018e-05,2.246482988328967e-05,1.25501994370533e-05,2.547689344288736e-05,2.3155111540802244e-05,2.8865415901481947e-05,2.1837291375609903e-05,2.171187641551202e-05,2.704565053762709e-05,2.817520558353712e-05,2.79869404642548e-05,2.2653095002571983e-05,2.133534617694739e-05,2.0908592882689405e-05,2.0374276663999407e-05,1.9293053572128338e-05,1.9039190980880523e-05
V30_71,V30,2.5107783574193905e-05,4.279614298377653e-05,7.65559169398406e-06,3.777608461082553e-05,1.7946752378785058e-05,-3.765059831115991e-05,3.627003499613475e-05,1.7319285210673043e-05,3.7399554372260905e-05,-5.5220749111812585e-06,3.376002364455119e-05,5.936240338710418e-05,6.362947262249366e-05,8.458828856087642e-05,2.259035185273917e-05,1.3303224244398694e-05,2.2142303697508936e-05,-4.475439763384548e-06,-5.108586153386951e-06,-5.280903986309295e-06
V30_72,V30,4.167095889295501e-05,5.791909692224621e-05,4.166662360765038e-05,8.145073870161309e-05,6.143317702007417e-05,6.275099718526651e-06,7.479914441430568e-05,5.384032847592292e-05,8.854157070753408e-05,4.561994142409191e-05,6.551201680596521e-05,9.105161772890153e-05,9.080064512957025e-05,0.0001154617706152,5.208330626190088e-05,4.932228664120219e-05,4.35554456730836e-05,2.8320276442597207e-05,2.5866131570894505e-05,2.4225504725407955e-05
V30_73,V30,0.0003309277888066,0.0003417416410323,0.0003158882530206,0.0003491462957967,0.000335968557852,0.0002635539741594,0.0003571783820595,0.000315135263883,0.0003704815706341,0.0002838852872599,0.0003388551351119,0.0003644575148545,0.0003696030951969,0.0004021080774958,0.0003229163775465,0.0003210338690328,0.0003287841996727,0.0002845057187897096,0.00029102896388061023,0.00029173753078268525
V30_74,V30,9.89739317961135e-05,9.889547454216788e-05,9.525594381445816e-05,9.657372830986664e-05,9.770321201620892e-05,0.0001004015241568,0.0001010289913249,0.0001005897892761,9.845623682355432e-05,9.946023423023095e-05,9.663647145969946e-05,9.575796035268844e-05,0.0001005897892761,9.745223941687764e-05,9.902103218140126e-05,0.0001011545489642,9.786829177597372e-05,9.915095957697228e-05,9.88884978728352e-05,9.897151077238566e-05
V30_75,V30,0.0001058595932549,0.0001079943370312,0.0001051078311108,0.0001074923918325,0.0001065511019059,9.4126424438332e-05,0.0001096886517651,0.0001062373861567,0.0001048568228417,0.0001020330244014,0.0001042293556736,0.0001072413835634,0.0001079316652209,0.0001102534114532,0.0001052333530803,0.0001049196016613,0.0001062517967494,0.00010345202610971949,0.0001034199367372303,0.00010358743067755622
V30_76,V30,0.0001182899284266,0.0001209838098566,0.0001173442434591,0.00011997981245,0.0001189757793735,0.0001129516879241,0.0001232428486089,0.0001192268233124,0.0001159637514837,0.0001154617349454,0.0001157127788843,0.0001193523096121,0.0001197288398506,0.0001222388512022,0.0001173442791289,0.0001169677845601,0.0001189312634832,0.00011647045382067719,0.00011585366671861046,0.0001158756888369854
V30_77,V30,0.000174984154389,0.0001761418871582,0.0001716865884733,0.0001755144199901,0.0001735063538371,0.0001631524500025,0.000174447608094,0.0001720003398922,0.0001753888980206,0.0001628386985836,0.0001718748892624,0.0001746359088831,0.0001802834700939,0.0001810992380511,0.0001715611021736,0.0001724396132806,0.0001745223006214,0.0001691790308770883,0.00016822503270908615,0.0001681077911455472
V30_78,V30,0.0001864613026695,0.0001898843491212,0.000185554536736,0.0001891941388032,0.0001875626028889,0.000169427549721,0.0001930846421303,0.0001869978432008,0.0001820404923079,0.0001818522271886,0.0001819150060083,0.0001874370809194,0.0001887548654148,0.0001909511610173,0.000184676025629,0.0001854918292559,0.0001875236514849,0.00018370247113123512,0.000183068821378527,0.00018295061503646878
V30_79,V30,0.0001932176971767,0.0001956574323015,0.0001903863656594,0.0001969124736471,0.0001925198824422,0.0001757026494396,0.000199296998699,0.0001928964126808,0.0001881273269072,0.0001877508323384,0.0001880018406075,0.0001932729429193,0.0001947789568643,0.0001970379956165,0.0001895078545524,0.0001908883821976,0.0001942531129104,0.0001868486558295086,0.0001879352900704661,0.0001878916233557455
V30_80,V30,0.0001966357412819,0.0001989204684604,0.0001936494018183,0.0002000500235063,0.0001956574323015,0.0001882528488766,0.0002018697888702,0.0001960339982098,0.0001918923796043,0.000190449144479,0.0001917669289744,0.0001965359790783,0.0001985440095614,0.0002008030483137,0.0001928964126808,0.0001942141615064,0.000197378071336,0.00019162120542994012,0.00019149104422362123,0.00019113294360539873
V30_81,V30,0.0002312529289279,0.0002327432352548,0.0002267191438054,0.0002331197654934,0.0002274094254629,0.0002196282761297,0.0002275349474323,0.0002266564363253,0.0002339354977808,0.0002161142673714,0.0002295429779155,0.0002328060497442,0.0002407126497073,0.0002402734119887,0.0002275349474323,0.0002285389805088,0.0002305614215846,0.00022414980382675696,0.0002233888033095035,0.0002232875854587631
V30_82,V30,0.0007645826435736,0.0007646830481669,0.0007530741029867,0.0007661890977816,0.0007621102579957,0.0007843868227597,0.0007749741731819,0.0007686363659833,0.0007724641261605,0.0007717738801728,0.000768385393384,0.0007530741029867,0.0007818140682583,0.0007648085701363,0.0007613572688581,0.000777798007292,0.0007688540943441,0.0007659541515872628,0.0007695159460928866,0.000768821347505895
V30_83,V30,0.0007925570159272,0.0007902854279094,0.0007739701757752,0.0007930464831999,0.0007855163421358,0.0008283124851196,0.0007958075028206,0.0007934230134385,0.0008025846190774,0.0007988195663802,0.00079593302479,0.0007767312310657,0.0008087342324962,0.0007919169638238,0.0007843868584295,0.0008049691797991,0.0007965410875957,0.0007916654991261507,0.0007933541971100327,0.0007927021746185662
V30_84,V30,0.0008251059323467,0.0008234179130463,0.0008085459673769,0.0008254259791992,0.0008187116060923,0.0008534128483239,0.0008283752639392,0.0008253632360494,0.0008359681124833,0.0008324540323855,0.0008296930484346,0.0008106167410099,0.0008433727672478,0.0008254259791992,0.0008178330949853,0.0008377878778472,0.0008295135580822,0.0008250504852729535,0.0008263884652916303,0.0008264436674016901
V30_85,V30,0.0012051068445532,0.0012035631415273,0.0011871224030934,0.0012233925094292,0.0012000491327691,0.0012487438452328,0.0012041279012154,0.0012242082417165,0.0012199411368114,0.0012446650411167,0.0011974763425979,0.0011826043612587,0.0012156741389156,0.0011919542676867,0.0012018061549831,0.0012138543378819,0.00120315340272,0.0012103675474713213,0.0012099783642060208,0.0012091858615727682
V30_86,V30,0.0012417282974594,0.0012471123093184,0.0012407744664501,0.0012762287691588,0.0012534501521868,0.0012989445716415,0.0012534501521868,0.0012668161552508,0.0012599135170246,0.001292857772712,0.0012530736932878,0.0012341228721628,0.0012617960968779,0.0012455435878935,0.0012502498948475,0.0012643061082295,0.0012453898154552,0.0012582124243306746,0.001260723742816368,0.0012607306221066792
V30_87,V30,0.0013112688973747,0.001315134337476,0.0013017056269319,0.0013379756975979,0.0013118713013171,0.0013554204334384,0.0013099887571336,0.0013281865534513,0.0013148833292069,0.0013586835052671,0.001317393411898,0.0012961835876905,0.0013254255338306,0.0013093612899655,0.0013108673039104,0.0013258020283994,0.0013165669786755,0.0013212712711826286,0.0013211981158027315,0.0013215229525354848
V30_88,V30,3.17216706798389e-05,3.0245979216507104e-05,3.934484170556526e-05,-2.22766361035751e-05,3.275599056809067e-05,4.392562669011881e-05,5.264803028018009e-05,2.384525051917933e-06,2.158635444606252e-05,3.062243811550399e-05,3.438759782201483e-05,-5.277358791941346e-05,1.267568573671893e-05,3.376002364455119e-05,3.815254350982242e-05,3.306974198703861e-05,3.4346720249696235e-05,3.0157592265341028e-05,4.332677710665972e-05,3.148202343785566e-05
V30_89,V30,6.038053036773835e-05,0.0001522337864798,0.0003216613362009,0.000362072918463,0.0004554463537637,0.0002510037747223,0.0005274844072178,0.000464984525311,0.0005337595782759,0.0003088601641645,0.0003706071282733,0.0004452806793786,0.0003920679250801,0.0005318770697622,0.0003643319572152,0.0003290659552955,7.912264324778242e-05,0.0003506571422117786,0.00035130312435077666,0.00034516344164162925
V30_90,V30,0.0003399645527425,0.0003496483480047,0.0003579941500166,0.00039507995297,0.0003870478310374,0.0003702305980348,0.0004047435394773,0.0003942641850128,0.000398907748817,0.0003704815706341,0.0003781372336676,0.0003773841731905,0.0003955819695082,0.0004114580195936,0.0003708581008726,0.0003720503277288,0.0003433186021773,0.0003550545607557777,0.0003717005556992389,0.0003697468791976911
V30_91,V30,0.0003434760957593,0.0003530368347935,0.0003615709732643,0.0004041160366394,0.0003908128480648,0.0003765056977533,0.0004067516056302,0.0003987194836977,0.0004022335994653,0.0003734935985239,0.0003819023220346,0.0003875498475756,0.0004004137270921,0.0004142817823641,0.0003733681122242,0.0003753761783772,0.0003467334846062,0.00036867031221084787,0.0003729807748474351,0.00037081962901734937
V30_92,V30,0.0001545455433093,0.0001539281012138,0.0001548692841311,0.0001620229306264,0.0001559360246876,0.0001631524500025,0.0001576304107611,0.000158948123917,0.0001576931182412,0.0001597638918741,0.0001568146428039,0.0001546810190118,0.000160014935813,0.0001556851234278,0.0001576303394215,0.0001592618753359,0.0001543064149415,0.00016103281858229326,0.0001584944024042758,0.00015841575198150817
V30_93,V30,0.0004709163673367,0.0004666160612253,0.0004728283821242,0.0004771581945095,0.0004772209019895,0.0005020075494447,0.0004860060130596,0.000486947338656,0.000487261090075,0.0004887042895305,0.0004811743268153,0.0004737696363811,0.0004935988972736,0.0004789779955431,0.0004839353107662,0.0004898338802462,0.000461856998661,0.0004989801363686082,0.0004860525656260317,0.0004842459968752285
V30_94,V30,0.0004842333733952,0.0004796682772006,0.0004747736694576,0.0004883278306315,0.0004703810782527,0.0004894574213472,0.000467118006424,0.0004721381004667,0.0004654865418492,0.0004890808197691,0.0004818018296532,0.0004722635867664,0.0004828057913901,0.0004745226968582,0.0004738951226808,0.0004821782885522,0.0004885255125737,0.0004803057155618009,0.0004789934909348998,0.00047741674920614665
V30_95,V30,8.241772183251446e-06,3.6144548696469125e-05,9.349870758173289e-06,8.032121932548694e-06,1.618976583454689e-05,-3.137546292284938e-05,3.6646565234699386e-05,2.221382161417453e-05,2.4472682017507478e-06,2.259035185273917e-05,4.643563804170237e-06,4.059984738135704e-05,4.706306954003052e-06,3.8717338867669374e-05,2.0205791131037363e-05,-2.0079948133533e-06,8.015178785208963e-06,1.9236844736657075e-05,1.0997048925491581e-05,1.339389434252731e-05
V30_96,V30,9.746665403942135e-06,9.161641308674846e-06,9.851887296403551e-06,1.669178237277715e-05,8.722367920277398e-06,1.25501994370533e-05,7.592884213935119e-06,8.973411859176403e-06,8.345837681712765e-06,1.0165638715351496e-05,7.969378782715879e-06,8.973376189392529e-06,9.224348788723787e-06,7.843856813266378e-06,9.475392727622791e-06,9.600914697072293e-06,9.954188236551653e-06,3.336514526681935e-05,1.2514100226725642e-05,9.42534082379554e-06
V30_97,V30,4.0461183377914746e-05,2.8488921332701187e-05,-2.397084382819658e-05,3.363453734488556e-05,-1.192266092937354e-05,-3.765056264137604e-05,2.4849390604991472e-05,2.49748769046571e-05,6.337842868359466e-05,-2.409636579764608e-05,3.2128487730194774e-05,5.095375121599085e-05,8.22037278391746e-05,0.0001099396600343,-3.890574666608718e-06,-3.639530727709714e-06,2.2883985513582675e-05,-0.0001062437595693869,-5.19220518552888e-05,-4.222594384271192e-05
V30_98,V30,0.0001543811358271,0.0001575048887917,0.0001537398360945,0.0001572538805225,0.0001553713363391,0.0001380520867982,0.000159136424706,0.0001542418169629,0.0001497237394584,0.000150100269697,0.0001499747833973,0.0001561243611464,0.0001557478309079,0.0001578813833604,0.0001517317699416,0.0001528613249875,0.0001555821804315,0.00014948093811442974,0.00015010682769209146,0.00015124056829292522
V30_99,V30,0.0001551705427455,0.0001581951347794,0.0001540535518437,0.0001575676319415,0.000155685087758,0.0001443271865167,0.0001595756624246,0.0001542418169629,0.000150100269697,0.0001502885348163,0.0001503512779661,0.0001561871042963,0.0001561870686265,0.0001581323559598,0.0001522965296296,0.0001534260846756,0.0001561971275055,0.00015562689188395253,0.00015067952861051617,0.00015147375106634668
V30_100,V30,0.0002111575655306,0.0002131649469617,0.0002080821454389,0.0002138552286192,0.0002096509025336,0.0002008030126439,0.0002147965185458,0.0002095881593838,0.0002056975847172,0.0002045053221912,0.0002061996012554,0.0002108431650596,0.0002127884523929,0.0002158004802827,0.0002067643609435,0.0002085214188273,0.0002121107621691,0.00020311142396635382,0.0002045381426353585,0.0002062268615926867
V30_101,V30,0.0002111575655306,0.0002132277257813,0.0002080821454389,0.0002137297423195,0.0002095881593838,0.0002008030483137,0.0002148592616956,0.0002095881593838,0.0002056975847172,0.000204568065341,0.0002061996012554,0.0002108431650596,0.000212725709243,0.0002157377371329,0.0002068271040933,0.0002085841619771,0.0002121415095228,0.00020325117003752732,0.00020453690520204029,0.00020622338000063885
V30_102,V30,0.0007744282672216,0.0007768567530351,0.0007688246311026,0.0007759782419281,0.0007752879602706,0.000790661958148,0.0007858928723744,0.0007804335049432,0.0007840103281909,0.0007820022977078,0.000780433540613,0.0007670048300689,0.0007943014888757,0.0007771704687843,0.000774911430032,0.0007885911488452,0.0007796020779509,0.0007860122535517364,0.0007805180286454352,0.0007839629800829954
V30_103,V30,0.000836733682901,0.0008346503636577,0.0008204058851565,0.0008354661316149,0.0008294420401655,0.0008659630834307,0.0008378506566668,0.0008373486401286,0.0008480162953822,0.0008428707150398,0.0008421177259022,0.0008226649239087,0.0008550443842383,0.0008378506566668,0.0008294420044957,0.0008487693201895,0.0008410729222628,0.0008375302100215682,0.0008360178357988081,0.000840749948595214
V30_104,V30,0.0008456631427169,0.0008439374912661,0.0008295675264652,0.0008447532592232,0.0008389174328931,0.0008785132828678,0.0008473260493944,0.0008466357677369,0.00085742894496,0.0008522205857979,0.0008514675966604,0.0008318893083672,0.0008642060255469,0.0008477025439632,0.0008388546540735,0.0008583702348866,0.0008503889067263,0.0008453373865606196,0.000847603630328969,0.0008487302609315845
V30_105,V30,0.0014229655837574,0.0014240700001036,0.001418422403223,0.0014580182888675,0.0014307843732106,0.0014683721927021,0.0014364319700912,0.0014470368465252,0.0014011031536821,0.0014755257678579,0.0014198029308682,0.001406436963474,0.0014334198708618,0.0014113943143669,0.0014242582295531,0.0014378124620666,0.0014233263564494,0.0014760997249480903,0.0014534683699116747,0.0014251063772848416
V30_106,V30,2.0938171371907427e-05,0.0001354165534772,0.0002508782884226,0.0004255769047858,0.0004078811606761,0.0001255018873611,0.0004698790973843,0.0004210588272813,0.0004712596250295,0.0001733181243876,0.0003229163775465,0.0004070026495691,0.0003496482766651,0.0005292415007714,0.0002804967291315,0.0002291664476769,8.497230945405441e-05,0.00019290167625948918,0.00020963034852736372,0.0002577083242663543
V30_107,V30,8.439186663790722e-06,8.471359651162268e-06,8.283130201663824e-06,1.204818289882304e-05,7.216389645154359e-06,6.275099718526651e-06,8.534102800995083e-06,8.408616501329453e-06,8.220351382047138e-06,9.036119339225344e-06,7.5928485441512465e-06,8.59688162061177e-06,6.902602556422542e-06,7.467362244485617e-06,8.59688162061177e-06,8.659624770444584e-06,8.604407945008997e-06,1.849279076382929e-05,1.0390035449294101e-05,8.603559259827271e-06
V30_108,V30,7.186740504514369e-05,5.672687006607112e-05,1.1295158091477647e-05,7.015554494035157e-05,2.246486555307354e-05,0.0,5.635033982750648e-05,5.823284834119416e-05,9.525594381445816e-05,1.6064243865097387e-05,6.350395065304415e-05,8.333328288508463e-05,0.0001206073152878,0.0001385541033364,2.8237913063586057e-05,2.7861418494805297e-05,5.359745291753086e-05,-3.589726941101539e-05,-2.5219688016082857e-05,-1.5493965497653207e-05
V30_109,V30,0.0003922078540054,0.0003884283943524,0.0003884911018325,0.0004016060609576,0.0003911266708233,0.0004078811606761,0.0003952054749394,0.0003984684754286,0.0004000373038629,0.0004038650997099,0.0003933856739058,0.0003888048889212,0.0004022963069453,0.0003915659085419,0.0003966487457345,0.0004009157793001,0.0003895321601446,0.00039605534074623074,0.00039896968497163133,0.0003977780157127485
V30_110,V30,0.0014331375123319,0.0014349886636263,0.0014301568347029,0.0014641678666165,0.0014409500119259,0.0014809223564694,0.0014495468578767,0.0014566377255524,0.0014138415825687,0.0014869464835886,0.001433357127712,0.0014191754280303,0.0014425815121705,0.0014241327432535,0.0014354279013449,0.0014483546310206,0.0014339043378664,0.0014870390549499935,0.0014463665513374494,0.0014584847148492398
V30_111,V30,0.0004700409916204,0.0004656747356289,0.0004717617129073,0.000476530620332,0.0004763425692314,0.0004957325210657,0.0004849392725031,0.0004862571996777,0.0004863198358181,0.0004877630352736,0.0004801075862588,0.000473330470002,0.000492783200656,0.0004780982359937,0.0004829312063502,0.0004890181836286,0.0004651307000853,0.00047150152431685495,0.0004839867650817864,0.000484499188316202
V30_112,V30,6.413586081525042e-05,0.0002216363422826,3.928206288594857e-05,0.0006334080419556,0.0003225398829777,-0.000451806823036,0.0008452553114313,0.0006207323562189,0.0010817008919032,8.50902694293228e-05,0.0003455067293992,0.0007006771166454,0.0007005515590061,0.0010373973795227,0.000193398429219,0.0001558733885471,4.955945503417455e-05,-0.00032478455081949413,-0.00017887862048171304,-0.00022673239008220072
V30_113,V30,1.0022330315896697e-05,9.914701785804111e-06,1.098137100274583e-05,2.1398017987212452e-05,9.851922966187425e-06,1.2550128097485556e-05,7.404690434220549e-06,1.0353868164849938e-05,9.851922966187425e-06,1.066769092336563e-05,9.914701785804111e-06,1.3679718813179454e-05,9.726436666521796e-06,8.909384597124156e-06,9.663586507337362e-06,1.0855956042647948e-05,1.0794389995682946e-05,1.2876269693485994e-05,1.0728756603346665e-05,1.1200994715089546e-05
V30_114,V30,1.7609108110124314e-05,2.9994935277608095e-05,-1.142068006092715e-05,2.9743962678276843e-05,-1.1922981957428398e-06,-5.0200797748213205e-05,4.05371399013081e-05,3.099896835406862e-05,5.107927318544036e-05,-3.1375498592633255e-05,2.434733839697734e-05,4.781620135672753e-05,6.162147780914036e-05,8.09474380511634e-05,9.161641308674846e-06,1.6315359143564137e-06,1.2242725900067026e-05,-3.4202698862233284e-05,-2.4051257335447047e-05,-2.1765067819883843e-05
V30_115,V30,2.3171540341034373e-05,3.175195749163014e-05,1.6440702764094275e-05,4.3047151252891664e-05,2.622991825023276e-05,0.0,4.2796178653560405e-05,3.451301278211271e-05,5.271080909979677e-05,1.2863950856001248e-05,3.501502932034297e-05,5.0953786885774725e-05,5.835840598042753e-05,6.751876317688295e-05,2.6480890849564016e-05,2.28413601218543e-05,2.2667505595256723e-05,-2.214082807969844e-06,9.280959621040257e-06,7.620785523815194e-06
V30_116,V30,0.0003330130027889,0.0003417416410323,0.0003470127076743,0.0003992842790555,0.0003761292388543,0.0003576803985977,0.0003921307038998,0.0003869850522178,0.0003891186760099,0.0003604414538882,0.0003667793324263,0.0003773214657105,0.0003854790739427,0.0003999732766008,0.0003598766585303,0.0003624495200411,0.0003359547179758,0.00034477148988144754,0.00035530456423294837,0.0003593079756190507
V30_117,V30,0.0003467698929887,0.000356174348983,0.0003640809846159,0.0004071281358688,0.0003935739746948,0.0003765056264137,0.0004096382185599,0.0004013550526885,0.0004048691684561,0.0003757527086157,0.0003842867757469,0.0003899343726276,0.0004029865886028,0.0004167917937157,0.0003758781949154,0.000378011747368,0.0003500248069037,0.00036563444783890977,0.0003728707481493447,0.00037499200248500265
V30_118,V30,0.0001546490823726,0.0001540535875134,0.000154743869171,0.0001620229306264,0.0001559988748468,0.0001631523786629,0.0001576304107611,0.000158948123917,0.0001574421456418,0.0001597639632137,0.0001566891565043,0.0001546183115317,0.000160014935813,0.0001555582816764,0.0001575676319415,0.0001593246541555,0.0001544501641706,0.00015992907000934154,0.00015785206964489415,0.00015794292661327529
V30_119,V30,0.0002299370415608,0.0002318647954874,0.0002257778895485,0.0002321156967471,0.0002265308786861,0.0002196282761297,0.0002260289334874,0.0002262171272672,0.0002328687572242,0.0002154239500441,0.000228538944839,0.0002319902104475,0.0002403361551385,0.0002389549497674,0.0002265936575057,0.0002275976905822,0.000229782036807,0.00023032384104056932,0.00022115714475372586,0.00022173190106986558
V30_120,V30,0.0004844837496754,0.0004790407030232,0.0004748991557572,0.0004888298471697,0.0004706948296717,0.0004894573500076,0.0004676200943018,0.0004725146307053,0.0004656120281489,0.0004894574213472,0.0004818644657937,0.0004725146307053,0.0004831823216287,0.0004747736694576,0.0004741461666197,0.0004824293324911,0.0004882494284465,0.00047679778086568846,0.0004764899745711451,0.00047654882606082134
V30_121,V30,0.0012446713168927,0.0012505636462664,0.0012444140328476,0.0012821900461188,0.0012572780550432,0.0012989445716415,0.0012567759671654,0.0012712086751161,0.0012666278901315,0.0012959953225713,0.0012567131883457,0.0012378251817101,0.0012694516529021,0.0012478640856834,0.0012543287346334,0.0012680084534466,0.0012485813336975,0.0012842225176354029,0.0012627434437261483,0.0012620263616049683
V30_122,V30,0.0013174686909784,0.0013386032361055,0.0013079807266505,0.0013466352866985,0.0013182718873353,0.0013679705972057,0.0013160129199226,0.0013354656505765,0.0013241705281548,0.0013645821104169,0.0013237939979162,0.0013025841737087,0.0013360932247539,0.0013145055861957,0.0013175188981977,0.0013320771637877,0.0013230076932005,0.001341284678733524,0.0013246985000582583,0.0013246639777660248
V30_123,V30,3.0208557085038025e-05,0.0002442266941353,0.0002766061901346,0.0002996985228558,0.0003822787809336,0.0001129516879241,0.0003620729898025,0.0003135037279687,0.0002452307272118,0.0002492467525083,0.0002462347246185,0.0003762546894842,0.0002477407385634,0.0004032375612022,0.000300828042232,0.0002383280889856,9.215916451816184e-05,0.0002882362656424235,0.00026529521670131816,0.0002625508412828799
V30_124,V30,4.595848012541737e-05,4.430215692868344e-05,4.99497538093142e-05,2.698290738779428e-05,4.693772591950038e-05,5.020072640864546e-05,5.0953786885774725e-05,4.3800176060237055e-05,3.984685824379552e-05,5.591106643910904e-05,4.279614298377653e-05,5.484436155238344e-05,4.430215692868344e-05,4.3298730238548765e-05,4.574546339354142e-05,4.982423183986471e-05,4.759847299596602e-05,4.84297004296074e-05,5.7337542445038056e-05,5.312494190781987e-05
V30_125,V30,7.809669159413731e-06,2.660641281901352e-05,2.9743962678276843e-05,3.275599056809067e-05,3.915661225606682e-05,2.510036320432273e-05,3.739959004204478e-05,3.3383493405986555e-05,2.7861418494805297e-05,2.7861418494805297e-05,2.7610410225690167e-05,3.865459571783656e-05,2.79869404642548e-05,4.116460706942012e-05,3.2379495999309905e-05,2.7484923926024538e-05,1.3776348257691733e-05,2.6700790830750595e-05,2.8746666601228083e-05,2.837652722496061e-05
V30_126,V30,0.0002869255694665,0.0003677205510134,0.0003418671630017,0.0003530367991237,0.0003811492615574,0.0003012045368007,0.0003919424387805,0.0003834082646399,0.0003491462957967,0.0003738701287625,0.0003369725909284,0.0003722386285179,0.0003534133650321,0.0003763801757838,0.0003698540677962,0.00035993943735,0.0002824018522881,0.0003565172908316869,0.0003631587422646457,0.00036365468037044925
V30_127,V30,0.0002913319409934,0.0003729916533252,0.0003468872570445,0.0003593118988423,0.0003862948418998,0.0003137547362378,0.0003972135054225,0.0003883028367132,0.0003537898596009,0.0003785136925666,0.0003422436575705,0.0003775097308297,0.0003586844316742,0.0003815257561262,0.0003749996481386,0.0003654615122611,0.0003010269369468,0.00035725580781475184,0.0003708115332671658,0.00036796271008729213
V30_128,V30,0.0002965007365312,0.0003796432476125,0.0003509033180107,0.0003594374208117,0.0003895578780588,0.0003137547362378,0.0003998490387436,0.0003910638920037,0.0003589354399433,0.0003802707504504,0.0003453812074298,0.0003811492615574,0.0003595629427812,0.0003849142785848,0.0003776351814596,0.0003675950647137,0.0003159265266987,0.00036875135360646763,0.0003731871535567773,0.0003699642479927748
V30_129,V30,0.0003023227694315,0.0003862948418998,0.0003574293903286,0.0003672185344752,0.0003954564832085,0.0003137547362378,0.0004063751467312,0.0003969624971534,0.0003624494843713,0.0003859183116613,0.000351781793448,0.000387424361276,0.0003684735758207,0.000391816916811,0.0003839102811781,0.0003734936341937,0.0003226408641358,0.00036773447704714353,0.0003789569905179023,0.00037625661738932174
V30_130,V30,0.0004265803129565,0.0004833078079283,0.0004556973977026,0.0004496732705834,0.0004637295196352,0.0003890558615205,0.0004730166472435,0.0004756521805646,0.0004248239156482,0.0004484182649077,0.000446535756394,0.0004863198714879,0.0004786642441242,0.0004994975380931,0.000456826881409,0.0004467867289933,0.0004431340004456,0.00045360723181011816,0.00044758076376286393,0.0004463957221129396
V30_131,V30,0.0004348433577109,0.0004920302115184,0.0004660513015373,0.0004611566937942,0.0004735814069316,0.0003953309612391,0.000482241031702,0.0004838725676164,0.0004340483357765,0.0004569524033784,0.0004567641739289,0.0004958580073654,0.0004908379133226,0.000509287288626,0.0004666788043752,0.0004561993785711,0.0004521048440803,0.0004454749458835145,0.00045599421970750033,0.0004554414435628434
V30_132,V30,0.0004473885271163,0.0005052706212734,0.0004787897304238,0.0004672435283934,0.0004873238688946,0.0004016060609576,0.0004946029660198,0.0004952304688577,0.0004521833532746,0.0004662395309868,0.0004686240917085,0.0005080316765639,0.0004944774797201,0.0005202053457624,0.0004775346890782,0.0004679965532008,0.0004654871482355,0.00047438965173466637,0.0004657395733714528,0.000466928683869915
V30_133,V30,0.0004557362856497,0.0005149342791203,0.0004885788745704,0.0004776602110477,0.0004976150295794,0.0004141562247249,0.0005050196486741,0.0005055216295425,0.0004622235056903,0.0004762796834025,0.0004785387221547,0.000518197350949,0.0005081571985333,0.0005306219927468,0.0004888298828395,0.0004787897304238,0.0004748947683738,0.00047043754139765455,0.00047509083598372426,0.0004760091792934051
V30_134,V30,0.0003387823248934,0.0003382275966042,0.0003387296131425,0.0003357175852526,0.0003411141381944,0.0003514052988792,0.0003475147598823,0.0003463852405062,0.0003479540332707,0.0003431849474971,0.0003440634229344,0.000339106143381,0.0003517190502981,0.0003438751578151,0.0003449419697111,0.0003492717820964,0.0003391725961884,0.0003480186826960007,0.0003477576052393044,0.0003482039621185952
V30_135,V30,0.00034018229853,0.0003397963893687,0.000340298405907,0.000337725580066,0.0003426829309589,0.0003514052988792,0.0003490207738273,0.0003480167764206,0.0003497110554848,0.0003448164477417,0.0003458204451484,0.0003406749004758,0.0003536015944816,0.0003456949588487,0.0003465735056255,0.0003507777960413,0.0003413450643752,0.0003480310150822907,0.00034936949846367315,0.00035005767917616683
V30_136,V30,0.0009748610683311,0.0009730162018749,0.0009635408091473,0.0009703806328841,0.0009711964008413,0.001004015170229,0.0009840603516973,0.0009786010199359,0.0009915904927614,0.000986131161,0.0009814248183762,0.0009641683119852,0.000992594490168,0.0009777852519787,0.0009693766354774,0.0009890177025902,0.0009817887571811,0.0009746758045901386,0.0009776693864947967,0.0009801407715391702
V30_137,V30,0.0009826233605252,0.0009820523212141,0.0009736437047128,0.0009811738101071,0.0009806718292387,0.0010165653339962,0.0009932219930059,0.0009880764126635,0.0010020071397458,0.0009957320400273,0.0009923434818989,0.0009735182184131,0.0010030111371525,0.0009888294018011,0.0009787892850552,0.0009979910787796,0.0009903272830353,0.0009849575751108123,0.0009907606759574064,0.0009897177503780618
V30_138,V30,0.0010321087576496,0.0010294920280021,0.0010214599417393,0.0010311235639164,0.0010290527902835,0.0010604909963561,0.0010442385587113,0.0010387791912802,0.0010533374212004,0.0010447405395798,0.0010413519814514,0.0010225267179656,0.0010535883937997,0.0010385909261609,0.0010286762957147,0.0010480663188885,0.0010375843961996,0.00103492618117246,0.0010387339103067165,0.0010385583625630993
V30_139,V30,0.0010367021269997,0.0010345748651946,0.0010269192735007,0.001037084912216,0.0010342611137757,0.0010667660960747,0.0010494468465338,0.0010439874791026,0.0010592987695,0.0010501998713411,0.001047313329751,0.001027672298308,0.0010593615126498,0.0010446149819405,0.0010340101055066,0.0010531491560811,0.0010431779890274,0.001044698674475629,0.001045772598808267,0.0010441438009863649
V30_140,V30,1.6957439521313005e-05,2.873992960181632e-05,1.211089037887198e-05,4.279610731399266e-05,2.579064486183531e-05,-1.25501994370533e-05,3.677205153436501e-05,2.28413601218543e-05,4.800450214579372e-05,1.0793141553247386e-05,3.15637280421317e-05,5.227153571139932e-05,5.478154706298288e-05,7.153607258559285e-05,2.1147081057665072e-05,1.8135017498067372e-05,1.663217816392517e-05,-2.9802008460647084e-06,-1.5148700628426378e-06,-1.9736851690998446e-06
V30_141,V30,2.6169404102408616e-05,3.15637280421317e-05,2.3657092409248636e-05,3.8842825167335e-05,2.949295440916171e-05,1.25501994370533e-05,3.727406807259527e-05,3.0371465516172733e-05,4.292166495322603e-05,2.434733839697734e-05,3.181473631124683e-05,4.285892180339322e-05,4.505518173602884e-05,5.114201633527317e-05,2.9053681020764265e-05,2.723387998712553e-05,2.5963215276213453e-05,1.8673539922072325e-05,1.8971698431422867e-05,1.8589604190894718e-05
V30_142,V30,9.46849045409134e-05,0.0001086219112086,7.944267254869205e-05,0.000122615345771,9.8267971704272e-05,5.0200797748213205e-05,0.0001159009726641,0.0001002760021874,0.0001314004925109,7.128506431647771e-05,0.0001097514305848,0.0001369225674221,0.000144891910535,0.0001665410081309,9.349888593065226e-05,8.916907354542996e-05,9.173562150445242e-05,6.188336909343811e-05,6.139917611743455e-05,6.0054274861554264e-05
V30_143,V30,0.000288910381933,0.0002986945254492,0.0002654364826731,0.0003049695894979,0.0002842617818286,0.000225903411518,0.0002927959202994,0.0002798692262936,0.0003084836695957,0.0002451051695726,0.0002950549590517,0.0003185238220114,0.0003308229775096,0.0003510288043104,0.0002772336929725,0.0002742216294129,0.0002839022304072,0.00024689307317140934,0.00024690561529216,0.00024689730980751573
V30_144,V30,0.0002311198969194,0.0002326177846249,0.0002264053923864,0.0002327432709246,0.0002270957097137,0.0002259034471878,0.0002272211603436,0.0002265309143559,0.0002336217820316,0.0002158004802827,0.0002292292264965,0.0002325550414751,0.0002403988626186,0.0002398341386003,0.0002272211603436,0.0002282879365699,0.0002304823416738,0.00022303519100874027,0.00022299026588725541,0.00022311862337721217
V30_145,V30,0.0002367361067122,0.0002378260724474,0.0002313627432793,0.0002373240559091,0.0002322412543863,0.0002259034471878,0.0002309234698909,0.0002311744781601,0.0002375123566982,0.0002204440440869,0.0002339355334505,0.0002373240915789,0.0002450424264227,0.0002443528224911,0.0002319274672976,0.0002331825086432,0.0002357785555135,0.00022748886033510275,0.00022757178934086893,0.0002277321523095306
V30_146,V30,0.0011930272871776,0.001192518991705,0.0011811610904637,0.0012190626613741,0.0011937112899007,0.0012487438452328,0.0011958447710137,0.0012152348655272,0.0012116580422795,0.0012346876318508,0.001190448218072,0.0011753880072834,0.0012105912660532,0.0011826671044086,0.0011938367405306,0.0012056339151603,0.0011918708003924,0.001202314708958436,0.0012025653416389886,0.0012029817064903975
V30_147,V30,0.0012415902453751,0.0012473005744377,0.0012409627315694,0.0012762915123087,0.001253575709826,0.001298944642981,0.0012535128953366,0.0012668788627309,0.0012598507738748,0.0012927950295622,0.0012533247015569,0.0012343111729518,0.001261921511838,0.0012456069017599,0.0012503126023275,0.0012643688513793,0.0012455084174866,0.0012580065070371459,0.001260389342192206,0.0012607547415696614
V30_148,V30,0.0012986057561882,0.0013029607039473,0.0012894064714338,0.0013280610314818,0.0013004506569259,0.0013554204691082,0.0012990701292807,0.0013185228956044,0.0013075415246016,0.0013449410433041,0.0013045922041919,0.0012840726616419,0.0013167030945707,0.0012956187923327,0.0013000113478677,0.0013140048537697,0.0013035643436998,0.0013070242609477024,0.0013080282598111387,0.0013085261274739808
V30_149,V30,0.0013112563471852,0.0013152598594454,0.0013018311489014,0.0013378501756284,0.0013118713013171,0.0013679706685452,0.0013099887571336,0.0013283120397509,0.0013150088511763,0.0013585579832977,0.0013175188981977,0.0012963090739902,0.0013255509844605,0.0013094867762652,0.0013108672682406,0.0013258019927296,0.0013168154543899,0.0013188149031256422,0.0013207608194521435,0.0013214863748455365
V30_150,V30,5.48600785206429e-05,0.0001682980303449,0.0003012045724705,0.000410579437147,0.0004405744437642,0.0002008030483137,0.0004937871980626,0.0004225021337462,0.0004570151465283,0.0002398968817501,0.0003456949588487,0.0003761292031845,0.0003273089330815,0.0005200798594627,0.0003218496013202,0.0002737196485445,0.0001206518668479,0.00029417271565913947,0.0002929963150689965,0.0002858472642942185
V30_151,V30,0.0003959490654897,0.0003953309612391,0.0003924444196489,0.0004052456273551,0.0003954564832085,0.0004141562603947,0.000399472508505,0.0004029865886028,0.000404994619086,0.0004080066469758,0.000397715486291,0.0003929464361872,0.0004066261550003,0.0003958329777773,0.00040085307182,0.0004051201410554,0.0003932049707807,0.000402602285831192,0.0004028336648882513,0.00040495332524200786
V30_152,V30,0.0003962270521867,0.0003922561545296,0.0003928209142177,0.000405559378774,0.0003958329777773,0.0004141562603947,0.0003999117818934,0.0004033631188414,0.0004054338568046,0.0004083831772144,0.0003980292377099,0.0003931974444563,0.0004070654283887,0.0003961467291963,0.0004012295663888,0.000405559378774,0.0003930819813659,0.0004029316108814046,0.0004031415970234711,0.0004051735883726493
V30_153,V30,0.0003955738148242,0.0003916914661811,0.0003921934113798,0.0004054968139731,0.0003950173168295,0.0004016060966274,0.0003994098366947,0.0004027983234836,0.0004044298593979,0.0004075673735874,0.0003973389917222,0.0003925071627988,0.0004066888981502,0.0003955820408478,0.0004005392847313,0.0004046808319972,0.000392557956571,0.00039659024751483485,0.00039974381486612546,0.0004033551067044776
V30_154,V30,1.5679328224547595e-05,9.349892160043612e-05,0.0001121985917772,5.396581477558855e-05,0.0001413151229571,5.020065506907772e-05,0.0001736319471462,8.45255454110436e-05,9.513045751479254e-05,0.0001047941153616,9.864450194283665e-05,5.465609643310113e-05,8.728667204109391e-05,0.0001545554613725,0.0001233683705783,9.161641308674844e-05,3.7896577140748927e-05,9.390248053828932e-05,7.992627943903659e-05,9.500081796215462e-05
V30_155,V30,0.0002856642754237,0.0003679088518025,0.0003416788622126,0.0003418671986715,0.0003805846088787,0.0003074796721891,0.0003975899643215,0.0003677205153436,0.0003548567071667,0.000379141124065,0.0003371607847081,0.0003534133650321,0.0003586843603346,0.0003780751682437,0.0003724267866278,0.0003594375634909,0.0002827558035535,0.00036151392072994486,0.000360604679895859,0.0003631416279326515
V30_156,V30,0.0002858908063438,0.0003674695427443,0.0003412395531545,0.0003505266807628,0.0003803962724199,0.000301204501131,0.0003869224160773,0.0003719876202488,0.0003551704585857,0.0003786391788663,0.00033672147565,0.0003732426259246,0.0003512797412399,0.0003766312553925,0.0003701051117351,0.0003593120058516,0.0002784503179609,0.0003543505660649462,0.00035953788653488505,0.00036160066690289603
V30_157,V30,0.0004264077478511,0.000483872460607,0.0004570778896781,0.0004341737507366,0.0004645452875924,0.0003890558971903,0.0004819900947725,0.0004553209388036,0.0004323540210426,0.0004567013594395,0.0004485436798677,0.0004613449945833,0.0004863824719586,0.0005031377108769,0.0004620352762408,0.0004478535408894,0.0004404400756883,0.00043735356614886794,0.0004430254571168396,0.00044740722947006945
V30_158,V30,0.0004276163310981,0.0004841863547051,0.000456324829201,0.0004477907620698,0.0004643570938127,0.0003890558971903,0.0004686241987178,0.0004629765304976,0.0004327305512811,0.0004561994142409,0.0004479161770299,0.000488955404809,0.0004774092384484,0.0005010048004804,0.0004585838679532,0.0004476653471097,0.0004414389723159,0.00043708107913750875,0.00044396439635056254,0.00044752669421889196
V30_159,V30,0.0003405839045934,0.0003401728839375,0.0003408002440963,0.0003370980058885,0.0003432477619865,0.0003514052988792,0.0003499620994237,0.0003493973754054,0.0003510289113197,0.0003453184642799,0.0003461341608975,0.0003410515020539,0.000353727116451,0.0003462602892533,0.0003470127790139,0.0003512797412399,0.0003391009355926,0.0003488603890337368,0.0003515204931458603,0.00035037232281412943
V30_160,V30,0.0009852086995584,0.0009844995894159,0.0009762791310245,0.0009826170809022,0.0009833699987002,0.0010102902699475,0.0009953556167981,0.0009920924022902,0.00100363871133,0.0009984929883084,0.0009950417227,0.0009758401073246,0.0010078428947364,0.0009934103294648,0.0009814247113669,0.0010005639759601,0.0010099883608968,0.00097894700493568,0.0009946681967480705,0.0009920990334981125
V30_161,V30,0.0010391619641381,0.0010368340109562,0.0010294292491825,0.0010381516527725,0.0010368338682771,0.0010667660960747,0.0010515176915063,0.0010481290620384,0.0010612439854937,0.0010527726971821,0.0010498232340932,0.0010299313370603,0.001063942190625,0.0010488821225155,0.0010365201168582,0.0010555964599526,0.0010443262350401,0.0010329246013200853,0.0010487218009010383,0.0010460034745026208
V30_162,V30,1.733432171143344e-05,0.0003023340561769,3.137548075774132e-05,1.4683716219856104e-05,0.0001559360960271,-0.0004894573856774,0.0004084459025293,0.0001164030070372,8.923185236504665e-05,-0.0001186620279545,0.0001068648533248,0.0004184860727799,0.0002375123388633,0.000567143053847,0.0001285766940706,3.953317816441532e-06,4.52672742709384e-05,-0.00013234045223294393,-2.0384595599466522e-05,-1.9422019292021168e-05
V30_163,V30,2.35703226117995e-05,0.0003319525147206,-3.765052697159216e-06,4.166662360765038e-05,0.0001270079191409,-0.0005522083471929,0.000422564876896,0.0001295179483274,0.000133408522994,-0.0001458332004616,0.0001228663540401,0.0004726401348399,0.0003071031419505,0.0006153357854423,0.000128764941355,-2.409636579764608e-05,4.449480943138216e-05,1.6422292167664017e-05,-1.942313088466295e-05,-3.143040778707403e-05
V30_164,V30,8.011852711955862e-06,3.6144548696469125e-05,5.39658861151563e-06,8.032121932548694e-06,1.782126607911943e-05,-5.020076207842933e-05,3.990960139362834e-05,1.3554196843729951e-05,1.2424695302495736e-05,-5.77308318029639e-06,1.6817250837550843e-05,4.907122486741125e-05,3.4011014078774384e-05,6.049190492833839e-05,1.7319267375781104e-05,3.765052697159216e-06,9.73267887869959e-06,-6.208559506045822e-06,3.406758792264154e-06,1.9839831311208855e-06
V30_165,V30,1.504391213111444e-05,1.8072256513342623e-05,1.4683734054748042e-05,5.96133046468677e-06,1.5938739730539822e-05,6.275099718526651e-06,2.2841342286962365e-05,1.788402706384418e-05,1.7068259106665973e-05,1.537399787736868e-05,1.4181699681625845e-05,2.0707807669267624e-05,1.869979502102239e-05,2.089605495365801e-05,1.6817250837550843e-05,1.549948417703431e-05,1.5322526379239773e-05,1.6318662370625398e-05,1.4889720516337148e-05,1.4815873012719868e-05
V30_166,V30,4.09721015916944e-05,6.864953099544466e-05,4.00351055281859e-05,4.2670638849218965e-05,5.28362953994624e-05,-1.25501994370533e-05,7.542662941730963e-05,4.631020524671255e-05,4.944775510597588e-05,2.585338801166812e-05,5.120477731999792e-05,8.107420846304846e-05,6.639051007808428e-05,9.387541616921688e-05,4.982424967475664e-05,3.765056264137604e-05,4.318016387695452e-05,4.0056932970349445e-05,3.9412586760144935e-05,3.6988412942878214e-05
V30_167,V30,0.0001157503975851,0.0001434486575748,0.0001175952695631,0.0001128889447742,0.0001317142439298,6.27509436805907e-05,0.0001559988570119,0.0001224270984866,0.0001232428664438,0.0001005897714412,0.0001248743845232,0.0001554968404736,0.000136044056315,0.0001703688218128,0.0001255646483459,0.0001148342321075,0.0001189588362261,9.960568486124556e-05,0.00011386664243780923,0.00011289620108808711
V30_168,V30,9.863695920854328e-05,0.0001021585285359,9.851897997338711e-05,0.0001002760021874,0.000100652514591,8.785132471980536e-05,0.0001040410727194,9.927198694584058e-05,0.0001015310435329,9.337341746587856e-05,9.782873398565842e-05,0.0001027860492087,0.0001034135698815,0.0001049195838264,9.795422028532404e-05,9.851897997338711e-05,9.928768165074476e-05,9.377076729696114e-05,9.624773127798949e-05,9.600097868495986e-05
V30_169,V30,0.000101345917608,0.0001049195838264,0.0001012172742791,0.0001030998006277,0.0001034763130313,8.785132471980536e-05,0.0001068648711597,0.0001021585285359,0.0001043548241384,9.607171177163638e-05,0.0001004642673066,0.0001054843256796,0.0001059863600527,0.0001076178781322,0.0001007152755758,0.0001012800352638,0.0001020857443419,0.0001001977862172863,9.923711849343345e-05,9.897656537288887e-05
V30_170,V30,0.0002353970014946,0.0002378260902823,0.0002332452696279,0.000236445562637,0.000234374789004,0.0002196283117995,0.0002383281068205,0.0002327432709246,0.0002340610375851,0.0002239581241847,0.0002328687572242,0.0002375123210284,0.0002417794080987,0.0002434109083433,0.0002321785112365,0.0002341237985698,0.0002358224471825,0.00023139342386987077,0.00023025378973069095,0.00023081174631652752
V30_171,V30,0.0002382578171868,0.0002407126318724,0.0002363200763373,0.0002398341207654,0.0002371985874444,0.000225903411518,0.0002410891442761,0.0002356925556646,0.0002363200763373,0.0002265309321908,0.0002358180597991,0.0002403361194687,0.0002444776845696,0.0002463602109181,0.0002349395486921,0.0002369475791752,0.0002387121277137,0.00023252622066563135,0.00023267177638136664,0.00023414488831308117
V30_172,V30,0.0002394620078676,0.0002418421512485,0.0002371985874444,0.0002402733763189,0.0002382653458358,0.000225903411518,0.0002421559026675,0.0002365710846065,0.0002379516122517,0.0002275976905822,0.0002368848181905,0.000241402895695,0.0002459209553646,0.0002474269871444,0.0002360690502333,0.0002380770807165,0.0002398692555025,0.00023339626212900982,0.00023433916534404024,0.0002350814785208441
V30_173,V30,0.0002440007838934,0.0002463602109181,0.0002415911429794,0.0002441011721659,0.0002428461664901,0.000225903411518,0.0002459837163494,0.0002398341207654,0.0002413401525452,0.0002313000001295,0.000240838136007,0.0002454816998111,0.0002492467703432,0.000251380287126,0.0002400851290345,0.0002422186636522,0.0002442687309756,0.00024050076530433227,0.00023723966709503376,0.00023885489509732787
V30_174,V30,0.0010106040079736,0.001014243569929,0.0010028228898681,0.0010414147246012,0.0010146828254826,0.001047940814754,0.0010193891324366,0.001021020650516,0.0010280487750419,0.001036206401109,0.0010168163601002,0.0010003128428468,0.0010301823096596,0.0010116707797578,0.0010143690562287,0.001029492045837,0.0010142291236666,0.00101417436150573,0.0010188158480416616,0.001016988872127831
V30_175,V30,0.0010226019891176,0.0010281742613416,0.0010183223740452,0.0010577927198853,0.0010294920280021,0.0010604909963561,0.0010335081068032,0.0010353278721671,0.0010433600119345,0.0010503881007906,0.0010333198595188,0.0010150593200513,0.0010426697481119,0.0010277977667728,0.0010283625264608,0.0010436110202036,0.0010277281215198,0.0010380531961410244,0.0010338050665861613,0.001030947833054413
V30_176,V30,0.0010860620222293,0.0010862816590529,0.0010687114012429,0.0011108800235539,0.0010793790386616,0.0011232419578716,0.0010827048358052,0.0010905487282883,0.0010987690975052,0.0011103152638658,0.0010892309437928,0.0010687741265578,0.0011035381654439,0.0010840226203006,0.0010810105745759,0.0010981415768324,0.001089909900294,0.0010822784127570433,0.0010807168348297997,0.0010816951412217985
V30_177,V30,0.0010992648215635,0.0011007771101534,0.0010845873799887,0.0011270070105688,0.0010946902755542,0.0011420672391923,0.0010976395602942,0.0011062992028995,0.001115774613462,0.0011256264829235,0.0011064874680188,0.0010842736107348,0.0011162138511806,0.0011010281184226,0.0010954432825267,0.0011130763191563,0.0011046400585724,0.0011005206127872118,0.0010987034104992504,0.0010963333062259557
V30_178,V30,0.0011006704427854,0.0011022831419332,0.0010857168993648,0.0011287640327828,0.0010960080422147,0.0011420672391923,0.001099145592074,0.0011076797305448,0.001116966875988,0.0011270070284037,0.0011081817292481,0.0010855913773954,0.0011189748886362,0.0011024086460678,0.0010968865533217,0.0011147078372357,0.0011063594491645,0.001103128618859294,0.0010984662008241832,0.00109727031590264
V30_179,V30,0.0011025341459234,0.0011040401641473,0.0010878504161476,0.0011306465591314,0.0010978905685633,0.0011420672391923,0.0011006516060189,0.0011090602403551,0.001118723898202,0.0011291405451865,0.0011099387514621,0.0010875994078785,0.0011207319286851,0.0011041656682818,0.0010987690796703,0.0011164648594498,0.0011079978693471,0.0011060307775125273,0.0011019239250904009,0.0010994656903967142
V30_180,V30,2.390553817284236e-05,4.210589699604783e-05,3.965862879429708e-05,6.965345706255356e-06,3.633277814596757e-05,1.882526348579608e-05,5.390307162575574e-05,1.5938757565431758e-05,-1.8825085136876716e-06,2.848895700248506e-05,3.150098489229888e-05,-1.970381026259097e-05,-2.1335167828028022e-06,4.39884055097355e-05,3.6144513026685246e-05,2.11470453878812e-05,2.615522572280245e-05,3.961443520513576e-05,2.299742556414518e-05,2.329415787916287e-05
V30_181,V30,3.907990952361387e-05,0.0003546055918883,0.0001020330244014,0.000160705146131,0.0001703688396477,-0.0003514052988792,0.0003404866353565,0.0001741338923448,-7.003005864068594e-05,0.0001705571047669,4.241964841499577e-05,0.0003045303517793,3.250501796875941e-05,0.0003739328719123,0.000184676025629,-5.998990622500007e-05,5.150852336456946e-05,4.503357517450143e-05,5.8950127793127185e-05,6.298256642859233e-05
V30_182,V30,5.208033705245192e-05,0.0003908129194044,0.0001174697654286,0.0004009785581197,0.0001915158850355,-0.0003765056620835,0.0003438751934849,0.0002053211258182,-5.233427886123214e-05,0.0002127257449128,6.011542819444957e-05,0.0005233428956216,5.5471864390279336e-05,0.0004108931885659,0.0001892568462833,-4.76907150570619e-05,3.506211343505549e-05,8.461564835234908e-05,7.04676537563258e-05,8.450706882203761e-05
V30_183,V30,0.0001534499117676,0.0001567518639843,0.0001531750764064,0.0001595756624246,0.0001546810546816,0.0001506022862352,0.0001580696484797,0.0001529868112872,0.0001482177611833,0.0001490962722903,0.00014922175859,0.0001560616179966,0.00015512032807,0.0001571283585531,0.0001508532588346,0.0001520455570303,0.0001546384292898,0.00014722977425380573,0.00014930646001656204,0.00014931602390797058
V30_184,V30,0.0001535785512098,0.0001568146428039,0.0001532378195563,0.0001570656154033,0.0001547438335012,0.0001443271865167,0.0001584461430485,0.0001533005627061,0.0001484687694524,0.0001491590154402,0.00014922175859,0.0001546183472015,0.0001549320986205,0.0001572538448528,0.0001510415239539,0.0001521083001801,0.0001548266944091,0.00014535743277612273,0.0001494324684805588,0.00014948307740592903
V30_185,V30,0.000208923631803,0.000210968687029,0.0002061996012554,0.0002146082534265,0.0002077056508701,0.0002008030483137,0.000212725709243,0.0002075801645704,0.0002034385816347,0.0002025600705277,0.000204191606442,0.0002094626730841,0.0002108432007294,0.0002138552286192,0.0002046935873105,0.0002064506095245,0.0002040158970867,0.00019701173761886445,0.00020305712371447506,0.00020316660510296758
V30_186,V30,0.0002091062370599,0.0002113451815978,0.0002063878663747,0.000212725709243,0.0002078938803196,0.0002070781123624,0.0002129767175122,0.0002078311728395,0.0002035013247845,0.0002026228136775,0.0002043171284115,0.0002082704105582,0.0002109059438792,0.0002140434937384,0.0002048818524298,0.000206576131494,0.0002103016264008,0.00019847090220894155,0.00020323980242975664,0.0002033842255794041
V30_187,V30,0.000470061699433,0.0004656747712987,0.0004717616415677,0.0004766561779712,0.0004763424622221,0.0005020075851145,0.0004850020513227,0.0004861316063686,0.0004862570926683,0.0004878258854328,0.0004801702580691,0.0004733931418123,0.0004928459794756,0.0004782877138856,0.0004829312776898,0.000488955404809,0.0004609803780525,0.0004828376299715362,0.00048403892604216586,0.0004883110492193346
V30_188,V30,0.0007792412648877,0.0007821277840074,0.0007738446894755,0.0007805590269127,0.0007803080186436,0.000803212157585,0.0007914149472855,0.0007856418641052,0.000789469695622,0.0007867713834814,0.0007853281126863,0.0007718366589924,0.0007992588397686,0.0007820656829137,0.0007799942672246,0.0007936739860378,0.0007844602668447,0.0007851268595258337,0.0007861722389983688,0.0007881988191984606
V30_189,V30,0.000842782874231,0.0008409882065261,0.0008268065068445,0.0008411764716454,0.0008359681481531,0.0008785132828678,0.0008445022509541,0.000844251242685,0.000855358171327,0.0008489575853088,0.0008485810550702,0.0008285635290585,0.0008621980307336,0.000844564994104,0.0008357798830338,0.0008553581356572,0.0008475067881893,0.0008407794792072824,0.0008434642061450938,0.0008449004048117227
V30_190,V30,0.0008429334765047,0.000846008264899,0.0008269319931441,0.0008418667176331,0.0008360936344528,0.0008785132828678,0.0008446277372538,0.0008442512783548,0.0008551699062077,0.0008491458504281,0.0008487693201895,0.0008294420401655,0.0008619470224645,0.0008445022509541,0.0008358426261837,0.0008555464364463,0.0008225796017857,0.0008405892710248613,0.0008435125079913961,0.0008445503160498995
V30_191,V30,0.0008437053131578,0.0008418039744833,0.0008276222748016,0.0008424314773212,0.0008367838804405,0.0008785132828678,0.0008453807620611,0.0008446277729236,0.0008557346658958,0.0008499616183853,0.000849459601847,0.0008298813135539,0.000861758793015,0.0008451924969419,0.0008365956153212,0.000856236682434,0.0008483451351197,0.0008477766612590577,0.0008456456752444227,0.0008465751344805212
V30_192,V30,5.981156752760815e-05,0.0002409636223066,0.000332705521693,0.0004627254865587,0.000486947338656,0.0002008030483137,0.0005213349008083,0.0004666160612253,0.0004769071862404,0.0003357175495829,0.0003535388513318,0.0004809232472066,0.0003893069054594,0.0005530868582999,0.0003948289447008,0.0003352155687144,8.89268757129315e-05,0.00032299895551476227,0.00034485211180814584,0.00034933334024264613
V30_193,V30,2.670730522357285e-05,2.6355404549898383e-05,2.585338801166812e-05,3.281876938770735e-05,2.5163106354155547e-05,3.137546292284938e-05,2.7045686207410965e-05,2.679464226851196e-05,3.281873371792348e-05,2.7108429357243774e-05,2.359434925941582e-05,2.585338801166812e-05,2.7735932195139668e-05,2.415910894747889e-05,2.754766707585735e-05,2.622988258044888e-05,2.6441404398816476e-05,4.466358261235646e-05,2.7856427709282873e-05,2.6592316167669487e-05
V30_194,V30,0.0003025254549916,0.0002836342789907,0.0002329315003741,0.0002948039507825,0.0002481172331322,0.0002133532120809,0.0002676955570951,0.0002745981596515,0.000319276811149,0.0002330570223435,0.0002825047596146,0.0002986944897794,0.0003348390741456,0.0003555468818149,0.0002453562135115,0.0002505017581841,0.0002828335993521,0.00017430653507883163,0.00019150383802572478,0.00018381925127896047
V30_195,V30,0.000415113832337,0.0004810487691761,0.0004582074090542,0.0004545678783265,0.0004756521805646,0.0004016060609576,0.0005002505629004,0.0004885788745704,0.0004426451817274,0.0004708830947909,0.000455069859195,0.0004900848885153,0.0004856923329802,0.0005060236460807,0.000469377080846,0.0004600899532377,0.0004333662224995,0.0004565847480550857,0.00046114685009763715,0.00046899377131699385
V30_196,V30,0.00039290627205,0.0003906873974349,0.0003933229307559,0.0004033631188414,0.0003967114532145,0.0004141562603947,0.0004042416299484,0.0004046181245172,0.0004063751467312,0.0004027355803337,0.0003995352873246,0.000393887690444,0.0004095754397403,0.000398531289918,0.0004016688041074,0.0004063751467312,0.000387979062085,0.000399274932505754,0.00040358635992086047,0.00040526687826077475
V30_197,V30,0.0010002124510831,0.0009981165650792,0.0009913394488225,0.0010050819107855,0.0009990578193361,0.0010353906331518,0.0010129885464184,0.0010055212198437,0.0010207696600818,0.0010161888394275,0.0010101020048282,0.000991151219373,0.0010227149474151,0.0010064624384307,0.0009976773273606,0.0010170673505345,0.001005319150518,0.0010125060706848753,0.0010130482342658202,0.0010066904696644226
V30_198,V30,0.0012814496471674,0.0012790525319294,0.0012704556859785,0.0013028979251277,0.0012816253221006,0.0013240450061853,0.0012882769520577,0.0012968110905284,0.0012754757800213,0.0013299435756653,0.0012700164125901,0.0012601645252937,0.0012880259794583,0.0012601645252937,0.0012788643381496,0.0012873984052809,0.001276702570898,0.0012972865416181199,0.0012904251206827646,0.0013096636013482151
V30_199,V30,1.980018294069961e-05,1.8072310018018438e-05,9.914666116020238e-06,2.346886295975019e-05,1.0165638715351496e-05,6.275099718526651e-06,1.681726867244278e-05,1.9390058843643028e-05,2.4849390604991472e-05,1.142068006092715e-05,1.7758522929286616e-05,2.2402086733456853e-05,2.8551664482534e-05,2.9304689289879395e-05,1.361697566334664e-05,1.311495912511638e-05,1.773091451656882e-05,2.1322989523591586e-05,2.248730940879741e-06,4.434667384221812e-06
V30_200,V30,3.637327290915087e-05,2.8300691883202745e-05,-1.474645936968892e-05,4.1227385889036806e-05,-7.5928485441512465e-06,-2.510036320432273e-05,2.045679940015249e-05,3.181473631124683e-05,5.566009383977778e-05,-5.647561210846888e-06,3.225400969964428e-05,4.850644734445624e-05,7.724641261605642e-05,9.218117277481154e-05,3.890538996824845e-06,2.949284739981009e-06,2.4723904305325843e-05,-1.8252518965635718e-05,-4.140049192568116e-05,-3.925046202201327e-05
V30_201,V30,0.0001657930231224,0.0001459587224311,9.374992986955126e-05,0.0001596384055745,0.0001065511019059,7.530112528275207e-05,0.0001379266004985,0.0001538653223942,0.0001837347713721,0.0001021585463708,0.0001480922392139,0.0001672939972684,0.0002043170927417,0.0002226403753591,0.0001110691794104,0.0001113201876795,0.0001455464510691,7.784785288025634e-05,5.3202291976931066e-05,3.947148019671333e-05
V30_202,V30,0.0002466482463645,0.0002299822156341,0.0001806599646627,0.0002457954512301,0.0001937749237878,0.0001631524856723,0.0002174947950167,0.0002259661546678,0.0002535138217437,0.0001864958623324,0.0002336217820316,0.0002523215592177,0.0002912271632047,0.0003072286639199,0.0001981675149926,0.0001983557444421,0.0002291363423793,0.00017031293926549065,0.0001478203026013911,0.00013448723125247076
V30_203,V30,0.0013739194432648,0.001371610199273,0.001364519367267,0.0013957693082204,0.0013752497656704,0.0014118963309051,0.0013864821806121,0.0013974636229544,0.0013569264830531,0.0014213717236328,0.0013657743729428,0.0013539771626433,0.0013805835754623,0.0013566755104538,0.0013706689806859,0.0013819641031076,0.0013710887427025,0.001394062048693049,0.0013747834248518179,0.001396817456144121
V30_204,V30,0.0014284813920344,0.0014312863897488,0.0014300313484032,0.001455257233577,0.0014406990036568,0.0014809223564694,0.001447601641883,0.0014528099653752,0.0014157869055718,0.0014880132241451,0.0014347376196874,0.0014191126848805,0.0014410755338954,0.0014247602817611,0.0014334826496814,0.0014466603519564,0.001430217723024,0.0014926176560298397,0.0014528555258174693,0.0014383717673232895
V30_205,V30,1.7849255985847074e-05,1.8009531198401746e-05,2.478664745515866e-05,8.596988629963388e-06,2.026856995065405e-05,1.88253704951477e-05,1.6503410244143216e-05,2.8175276923104863e-05,1.989218239122491e-05,2.309233272118556e-05,2.371983555908145e-05,9.65736569702989e-05,4.329883724790038e-06,1.945287333304359e-05,1.4432707950740974e-05,2.4410117216594028e-05,2.0127317606516505e-05,1.8389517515373884e-05,1.4142981942412226e-05,1.7019699805560814e-05
V30_206,V30,3.886304224937873e-05,0.0002123492146743,0.0001458332004616,0.0001984184519222,0.0002050700105397,-2.5100398874106603e-05,0.0002169927071389,0.0002397086523006,0.0001249999064927,0.0001721886050115,0.0001388051116055,0.0005174442904719,0.0001085592750682,0.0002567769292422,0.0001700549812194,0.0001144577732086,8.552572615084583e-05,0.00014354058703674454,0.00014845827288398992,0.00015077139230430876
V30_207,V30,0.0005192590697088,0.0005513926505753,0.000538716893499,0.000533194782918,0.0005453056732969,0.0004580819227546,0.0005478156846485,0.0005308729653462,0.0004941009851514,0.0005093495323988,0.0005136791307654,0.0005738574804586,0.0005284258754933,0.0005572912913948,0.000530119904869,0.0005149342791203,0.0005240125244743,0.0005057509939638274,0.000524194203501144,0.0005195503469658064
V30_208,V30,0.0006908126298031,0.0007722131535612,0.0007398336932317,0.0007660635401423,0.0007808727783316,0.0006902603983213,0.0008025845477378,0.000767193130858,0.0007388296601552,0.0007552704342589,0.0007315504560206,0.0007698286998488,0.0007628006109927,0.0007823788992859,0.000762423938075,0.0007582823908091,0.0007031601616403,0.0007349662625388486,0.0007467716280759306,0.0007505062437771823
V30_209,V30,0.0007105038770991,0.0007724641261605,0.0007300446204247,0.0007565254399347,0.0007532623681059,0.0006651599994472,0.0007793668000565,0.0007474892849256,0.0007176198359477,0.0007265932121371,0.0007211338803757,0.0007625494957143,0.0007612944900385,0.0007791158274572,0.0007405866110297,0.0007330565769749,0.0007289840864105,0.000709409866819536,0.0007224659208927458,0.0007288366470838153
V30_210,V30,9.317135168948069e-05,9.93974197408304e-05,9.575796035268844e-05,9.789144146570736e-05,9.726393862781148e-05,8.785125338023762e-05,9.964853501929715e-05,9.638546319058432e-05,9.36244792396695e-05,9.513045751479254e-05,9.525587247489044e-05,9.883283840168668e-05,9.864450194283665e-05,0.0001022841040101,9.60089329520197e-05,9.525587247489044e-05,9.69145174249904e-05,9.563438382107845e-05,9.44053398812964e-05,9.418184683995992e-05
V30_211,V30,0.0001318359754431,0.0001347889792997,0.0001325300832266,0.0001341614764618,0.0001337849462232,0.0001255018516913,0.0001352910671775,0.0001315260501501,0.0001282629783214,0.0001277608904436,0.0001298943715566,0.0001349145369389,0.0001341616191409,0.0001366716304925,0.0001310239622723,0.0001312749348716,0.0001322464371052,0.0001299137196552565,0.00013004828528525038,0.0001299887206984077
V30_212,V30,0.0001585917243981,0.0001602031295927,0.0001582578422594,0.0001607679962902,0.0001590109027366,0.0001568774216235,0.0001613954991281,0.0001597011843941,0.0001572539518621,0.0001559361673667,0.0001576303394215,0.0001605796598313,0.0001626505048038,0.0001619602231463,0.0001578186758804,0.0001597011843941,0.0001598236030923,0.00015620754173843832,0.00015837871287574613,0.00015768675694295963
V30_213,V30,0.0001849672026118,0.0001892568819531,0.0001847388044486,0.0001883784065158,0.0001861192250845,0.0001757026494396,0.0001889431305341,0.0001846132468093,0.0001784637760696,0.0001797187817454,0.000180848229782,0.0001905118876289,0.0001871234008401,0.0001893824395923,0.0001822286504179,0.0001833582411335,0.0001858331534178,0.00017965082081916858,0.00018094496633555616,0.000180372139576455
V30_214,V30,0.0002363526984236,0.0002378261437869,0.0002325551484844,0.0002370103044902,0.0002358807137745,0.0002384536466248,0.0002406497638783,0.0002376379500072,0.0002338727903007,0.0002343120993589,0.0002336216750222,0.0002365082166124,0.0002422186636522,0.0002380778297819,0.0002362572440131,0.0002395830946614,0.0002370230029332,0.00023633936094897428,0.0002371081635881663,0.00023614791533323485
V30_215,V30,0.0008360120470059,0.0008368466592601,0.0008250495203002,0.000835340680985,0.0008329560845935,0.000865963047761,0.000845129753792,0.0008408626488868,0.0008501499191743,0.0008440003057555,0.0008417411243241,0.0008283125921289,0.000857554538269,0.0008378506923366,0.0008320774664772,0.000849271301058,0.0008450331600173,0.0008294103613484848,0.0008414367031133748,0.0008418187554070107
V30_216,V30,0.0008438057146737,0.0008438119692966,0.0008307598246609,0.0008414275155843,0.0008398586158104,0.000878513247198,0.0008512165883913,0.0008473887925443,0.0008578055108683,0.0008512793672109,0.0008486437982201,0.000833646366251,0.0008655238813819,0.0008445023936333,0.0008396075005319,0.0008581820411069,0.0008497576942309,0.0008373478878548698,0.0008483763969494684,0.0008491822806413146
V30_217,V30,0.0008802640151166,0.0008793289438156,0.0008647081847643,0.0008797682528738,0.00087499920277,0.0009161638455092,0.0008854157784149,0.0008832822973018,0.0008964601422559,0.0008880514900848,0.0008859178662927,0.000869477092189,0.0009017311375584,0.0008813999314673,0.0008738696120543,0.0008942009608245,0.0008855062369868,0.0008710201682659583,0.0008806553693911439,0.000883122014436705
V30_218,V30,0.0008940629484512,0.0008926948398703,0.0008789526989353,0.0008926323464089,0.0008878630109468,0.0009287139022671,0.0008990954258885,0.0008964599995768,0.0009092613142923,0.0009017311375584,0.0008999740440048,0.0008830313247025,0.0009164777396072,0.0008959587677738,0.0008872355081089,0.0009068767179008,0.0008994382838511,0.0008870015985972021,0.0008941532081324008,0.0008966205243282364
V30_219,V30,5.056383490649112e-05,0.0001908883821976,0.000428965498584,0.0004962345019342,0.0006399341499432,0.0003012045368007,0.0007764802227966,0.0006763297069088,0.0008087341968264,0.0003911894139731,0.000528488475964,0.0006577554160224,0.0006005265650878,0.0008135032826001,0.0005125497540684,0.0004544423563571,5.9388121301276696e-05,0.00043894624769663535,0.0004207703657029444,0.00045988630404185594
V30_220,V30,1.0671928123443609e-05,1.060487643396507e-05,1.0291160684800996e-05,1.091869919248076e-05,9.789144146570737e-06,1.8825299155579957e-05,1.192266092937354e-05,1.0981406672529702e-05,1.0793141553247386e-05,1.129519376126152e-05,9.287127608340474e-06,1.060487643396507e-05,1.0981406672529702e-05,9.726400996737922e-06,1.116967179181202e-05,1.0918663522696888e-05,1.075679404348068e-05,5.905115688285296e-06,3.4878001878839134e-06,1.0675987413031107e-05
V30_221,V30,0.0001128161632844,9.876998824250224e-05,5.233431453101601e-05,0.0001100651820037,6.413148916072392e-05,3.765056264137604e-05,9.236940222430998e-05,9.563243838323893e-05,0.0001347890149695,5.333831193769266e-05,0.0001034135520466,0.0001213603044254,0.000157755861391,0.0001759536577087,6.752001161931851e-05,6.827300075688002e-05,9.548501516649134e-05,1.755804621932064e-05,9.977529711962471e-06,1.7865474991834726e-05
V30_222,V30,0.0004742911132882,0.0004699418048643,0.0004761541971028,0.000480797760907,0.0004807350177571,0.000508282684833,0.0004894573856774,0.0004907751701728,0.0004909006564725,0.0004922811841177,0.000484625556754,0.0004777856973474,0.0004972384993408,0.000482554783121,0.0004874493551943,0.0004934734109739,0.0004651589862239,0.0004941379129803276,0.0004878743191517905,0.0004902437732482571
V30_223,V30,0.0014110554539397,0.0014118335520855,0.0014055584880368,0.0014363064481217,0.0014176694140854,0.0014620970573138,0.0014290273153268,0.0014364319344214,0.0013921297774927,0.0014638541151976,0.0014076920048196,0.0013952045485324,0.0014230659670272,0.0013995343965874,0.0014127120988623,0.0014245092378222,0.0014099165508908,0.001394252110061348,0.0014131467520519046,0.0014250641577378998
V30_224,V30,3.277438057352196e-05,2.6104289271431637e-05,2.8551664482534e-05,3.14382060726822e-05,2.365719941860025e-05,2.510025619497111e-05,2.8551664482534e-05,1.4620901730455544e-05,2.390817201793151e-05,3.055973063545505e-05,2.4661089815925283e-05,2.434733839697734e-05,1.1671723999826154e-05,3.074806709430511e-05,2.8049719283871487e-05,2.96812551982279e-05,3.3295032341981224e-05,9.805807524908553e-05,4.3746917178361326e-05,7.799873585129375e-05
V30_225,V30,1.8939239942289293e-05,2.3216748927334997e-06,-4.4427571888781326e-05,1.5562298666434874e-05,-3.325793576675318e-05,-5.0200797748213205e-05,1.757093553589789e-06,1.255005675791781e-06,3.413655388311582e-05,-3.928213422551632e-05,1.1671723999826154e-05,3.150098489229888e-05,7.078311911781521e-05,8.960834693382741e-05,-2.3970808158412704e-05,-2.4849283595639853e-05,2.083258057325579e-06,-0.00010913624946398115,-0.0001051875368252329,-4.850017120840719e-05
V30_226,V30,0.0014423305261269,0.0014348631416569,0.0014400715008189,0.0014695645622374,0.0014521825338769,0.0014934725915762,0.0014593360376931,0.001463477584959,0.0014240700357734,0.0014981788628604,0.0014443386057241,0.0014288390858773,0.0014507391917423,0.0014360553685131,0.0014454680537606,0.0014595871529716,0.0014436570274938,0.0014819883974546556,0.0014648312796304351,0.0014419247529815632
V30_227,V30,1.883011604475026e-05,2.0331348770270736e-05,2.811249810348817e-05,3.7901570910491166e-05,2.208844232386053e-05,1.25501994370533e-05,1.5813128586630638e-05,9.538242886807224e-06,1.2299084158586552e-05,2.371983555908145e-05,2.698290738779428e-05,6.965352840212131e-05,3.7022382077586553e-06,2.070787900883537e-05,1.6064101185961896e-05,2.378261437869813e-05,2.0926748802680824e-05,1.3070819379243985e-05,1.6984296628592347e-05,1.774697502153151e-05
V30_228,V30,3.135426388277677e-05,0.000365838149509,9.13654404874172e-05,0.0003153862364824,0.0001659135766326,-0.0004016060966274,0.0002681975379635,0.0002176203526559,-4.693772591950038e-05,0.0001677960851462,3.187737245172802e-05,0.000475150057017,6.249988190679976e-05,0.0003850399075636,0.0001746986163631,-7.70581474967741e-05,4.157441721633837e-05,-2.3231782850546624e-05,5.621026166559426e-05,4.9345736660220396e-05
V30_229,V30,3.13545776375138e-05,0.0003642693924143,8.803958983908769e-05,0.0002503135644044,0.000164156483079,-0.0004141562960644,0.0003406120503166,0.0002621734821839,-3.526614459880972e-05,0.0001765811248768,3.300696316742192e-05,0.0008539147935226,5.6224853527840855e-05,0.0003994098366947,0.0001507904443452,-6.042917961339752e-05,4.1615223449089215e-05,-2.3061814043584272e-05,5.6126283987524514e-05,4.9274259156009176e-05
V30_230,V30,0.000153343235157,0.0001566264490242,0.0001531124045962,0.0001598265993542,0.0001545556040517,0.0001380520511284,0.0001573165880026,0.0001534889348347,0.0001487825208714,0.0001489707146511,0.00014928446607,0.0001595128479352,0.000155559494449,0.0001569402004432,0.0001506022505655,0.0001520455927001,0.0001546447785114,0.0001453400248158835,0.00014952036819304392,0.0001484434236841714
V30_231,V30,0.0001535095251677,0.0001567518639843,0.0001531124045962,0.0001568772789444,0.0001546183828713,0.0001380520511284,0.0001585088148588,0.0001537399074341,0.0001490962722903,0.0001492218299296,0.0001492216872504,0.0001554968583085,0.0001548692127915,0.0001571283942229,0.0001508532231648,0.0001519828138805,0.0001547086987641,0.00014593986537352456,0.00014828998195271328,0.00014937573530893577
V30_232,V30,0.0002089305344072,0.0002110942089985,0.0002061369651149,0.0002134158838912,0.0002077057222097,0.0001882528488766,0.0002127883810533,0.0002083332250476,0.0002038150048639,0.0002026229206869,0.0002042543139221,0.0002126000445945,0.0002110314301789,0.0002137924141298,0.0002044425077018,0.0002065134953535,0.0002100556475712,0.0001947928938386364,0.00020256137436968616,0.00020311389883299023
V30_233,V30,0.0007795738449089,0.0007823788992859,0.0007742839985337,0.0007807472206924,0.0007806219484114,0.0007906618511386,0.0007917286630347,0.000786018358674,0.0007895324031021,0.0007871479493897,0.0007857673860747,0.0007725896837997,0.0007993842547287,0.0007823161204663,0.0007801824966741,0.0007940504806066,0.0007848931910115,0.0007907292025466327,0.0007842349008113106,0.000787509191318188
V30_234,V30,0.0008432974319997,0.0008414902944039,0.0008273085590525,0.0008421176545626,0.0008364701290216,0.000865963047761,0.0008447532235535,0.0008447532235535,0.0008556718870761,0.0008493968586972,0.0008491457434187,0.0008299439853641,0.0008623234456937,0.0008446278085934,0.000836093598783,0.0008557974447154,0.0008479378218576,0.0008438097226956734,0.0008422950204203994,0.0008438033467680678
V30_235,V30,0.0008434731346524,0.0008416158520431,0.0008274341166917,0.0008419922396025,0.0008365329078412,0.000865963047761,0.0008451923899325,0.000844690587413,0.0008553581356572,0.0008498361677554,0.0008493968586972,0.0008297557915844,0.0008620724730943,0.0008453180902509,0.0008362819352419,0.0008560485599938,0.0008481272997496,0.0008462462498726762,0.0008412388815700297,0.0008455264412035069
V30_236,V30,4.688731964892098e-05,0.0001562498474461,-3.3132485136871424e-05,0.0001590109027366,4.348640680639717e-05,-0.0002761041735964,0.0001989205041302,7.461087929502337e-05,0.000220632327041,-0.0001110691794104,0.0001183482943705,0.0002831950234372,0.0002622362074988,0.0004457199706019,4.743972462283871e-05,-5.39658861151563e-06,2.8987798929950614e-05,-0.00013035355379281913,-0.0001250096036276193,-0.00012179414363697207
V30_237,V30,5.786220934644076e-05,0.0002859560608928,8.74120870011918e-05,7.617965422465503e-05,0.0001418799004801,-0.0002572788922757,0.0002914154104891,0.0001757654104243,2.359436709430776e-05,0.0001442644433669,5.026350522826215e-05,0.0003155745194365,4.561994142409191e-05,0.0003225398651428,0.0001534260668407,-1.7256506391056355e-05,6.015808925596182e-05,5.083013230592134e-05,7.622949983449758e-05,7.263523843435541e-05
V30_238,V30,6.86056107989798e-05,0.0003677205510134,6.187243257357968e-05,0.0001319024912142,0.0001415661490611,-0.0004016060787925,0.0003176452930695,0.0001709335815008,-4.643563804170237e-06,9.964849934951328e-05,6.977906820646275e-05,0.0004624744782896,0.0001069276143096,0.0004785387221547,0.0001666665122654,-4.819273159529216e-05,6.30860434651867e-05,-1.2780085469802708e-05,1.601853235734415e-05,1.9636116229517675e-05
V30_239,V30,2.2253619482379404e-05,3.890558615205975e-05,4.643581639062174e-06,3.363451950999362e-05,1.9452801993475844e-05,-2.5100381039214667e-05,2.9994953112500038e-05,1.5311236892643932e-05,3.48895251857854e-05,-4.894572073285368e-06,3.2881512537540166e-05,6.237443127691801e-05,5.3840310641030985e-05,8.898084409593152e-05,2.0958815938382755e-05,1.3428692709172386e-05,1.7139170637005732e-05,-2.233237856266823e-05,-7.775800263728661e-06,-5.7421310388647094e-06
V30_240,V30,0.0001537153482752,0.0001570028722534,0.0001532378195563,0.0001567518818192,0.0001547438513361,0.0001380520689633,0.0001586344081678,0.0001534888278254,0.0001488452461863,0.0001493472627246,0.00014922175859,0.0001554968404736,0.0001548693376357,0.0001572538805225,0.000150978780804,0.0001522337864798,0.0001549973564901,0.00014699212413637108,0.00014986156421373288,0.0001501554441400849
V30_241,V30,0.0001541897454376,0.0001574421278069,0.0001536770751098,0.000157128376388,0.0001553086110241,0.0001443271686818,0.0001592619110057,0.0001541163128284,0.0001494727490242,0.0001497865182781,0.0001497237751282,0.0001558733528773,0.0001553085931892,0.0001578186402106,0.0001514807795074,0.0001527985461679,0.0001554209173387,0.00014948473430816865,0.0001503947301863131,0.0001504275536294148
V30_242,V30,0.0001545944890483,0.0001578186223757,0.0001539908265287,0.0001576931360761,0.0001556223624431,0.0001443271686818,0.0001597011665592,0.000154492843067,0.0001500375265472,0.000150100269697,0.0001501630128468,0.0001563126084308,0.0001556223624431,0.0001581323916296,0.000151857291911,0.0001532378017214,0.0001557974297423,0.00014959367038706333,0.0001508857185588438,0.0001507358423132178
V30_243,V30,0.0002094802327065,0.0002116589330167,0.000206576131494,0.0002124119578241,0.0002081449064236,0.0001945279307602,0.0002132277257813,0.0002080821454389,0.0002041915886072,0.0002026228136775,0.0002046308441607,0.0002093999120994,0.0002111569343134,0.0002143572451574,0.000205132842864,0.0002070153692126,0.0002104861283579,0.00019961877891242744,0.0002041296637996726,0.00020398714923361763
V30_244,V30,0.000210193083469,0.0002123491968394,0.0002073291384664,0.0002134787340504,0.0002088351524113,0.0002008030304788,0.0002141062368883,0.0002089606565459,0.000204819091445,0.0002036895720689,0.0002053211079833,0.0002102156800566,0.0002117216940015,0.0002148592438607,0.0002058231066866,0.0002077056330352,0.0002112410258289,0.0001991571114175045,0.00020491545493018238,0.0002048637344121704
V30_245,V30,0.0002313934910501,0.0002329315003741,0.0002268446836097,0.0002326177846249,0.0002275976905822,0.0002133532120809,0.0002272839391632,0.0002265309321908,0.0002331197833283,0.0002157377549677,0.0002294174737809,0.0002327432530897,0.0002395203693464,0.0002403361373036,0.0002273466823131,0.000228538944839,0.0002308105393552,0.00022240395320233039,0.00022340306525283206,0.0002235018292103821
V30_246,V30,0.0007767312269914,0.0007793667643867,0.0007712718993043,0.0007783000059953,0.0007776725031574,0.0007906619224782,0.0007887166708147,0.000782504314246,0.0007859556155242,0.00078426133646,0.0007827553225151,0.0007694521161056,0.0007956192555362,0.0007793667822216,0.000777233229769,0.0007911639390164,0.0007820625439727,0.0007854550520099584,0.0007846029218695249,0.0007864422301696454
V30_247,V30,0.0008384781592389,0.0008365328721714,0.0008222256683552,0.0008369721455598,0.0008313873096639,0.0008659630655958,0.00083985868715,0.0008389801760429,0.0008497105922812,0.0008445022509541,0.0008440002344159,0.0008244847071075,0.0008557346837307,0.0008396076788808,0.0008311363013948,0.0008507773506726,0.0008430533264983,0.000837469345081069,0.0008398776419996598,0.0008413200697797719
V30_248,V30,0.0008404422638927,0.0008384781595047,0.0008242964598231,0.0008392311843121,0.0008334580832969,0.0008659630655958,0.0008419922217676,0.0008408627023915,0.0008514048535105,0.0008467612897064,0.0008460082827339,0.0008265554807404,0.0008578054573636,0.0008419922217676,0.0008330815708932,0.0008529108674555,0.0008449377433454,0.0008400294268288783,0.0008419312359982915,0.0008430931229637531
V30_249,V30,0.0008443830233898,0.0008426824677554,0.0008282497598046,0.0008432472452783,0.0008375996662326,0.0008722381474795,0.0008461337690336,0.0008450670106422,0.0008559856919998,0.0008507773506726,0.0008501498478348,0.0008305715417067,0.0008621980128987,0.0008460710258838,0.0008372858791439,0.0008571151757061,0.0008491351494929,0.0008427489906606141,0.0008468407841484612,0.0008487994942770661
V30_250,V30,0.0012432343201971,0.001248681102083,0.0012419667646458,0.0012820018523391,0.0012548934408168,0.0012989446073112,0.0012534501700217,0.0012678828958073,0.0012621725557769,0.0012929832590117,0.0012531991795875,0.0012346876496857,0.0012619215475078,0.0012459828077772,0.0012517558909575,0.0012660630947737,0.0012473275764641,0.0012582266653005571,0.001259981744241255,0.0012619318972038628
V30_251,V30,0.0013145068462608,0.0013182091441854,0.001303964701354,0.0013444390624357,0.0013143813483384,0.0013616955509918,0.0013113065594639,0.001330884847757,0.0013186483997389,0.0013601267760622,0.0013188994258429,0.0012978778489198,0.0013278727841974,0.0013111810374944,0.0013136910845158,0.0013286885521546,0.001320136239929,0.0013165337682105823,0.0013215527138554601,0.0013237326099463337
V30_252,V30,1.9725572064233883e-05,2.7673331724442343e-05,2.579068053161918e-05,5.020165382302617e-06,2.4284702256496146e-05,1.25501994370533e-05,2.9743891338709096e-05,1.556215598729938e-05,1.1985332739638608e-05,2.6104431950567128e-05,2.748485258645679e-05,7.988191026730561e-05,5.333774122115069e-06,3.463864176091383e-05,1.9201900733712333e-05,2.390802933879602e-05,2.22519526131349e-05,1.269799540187938e-05,1.867425301923875e-05,1.6876409222001238e-05
V30_253,V30,2.9365686359480635e-05,0.0003245479491306,-4.041158226207473e-05,0.0002251503867106,6.714351705053774e-05,-0.0005396581477558,0.0003566764368608,0.0001768322401553,4.34236814914563e-05,-0.0001302709017952,0.0001005270104565,0.0010318764817144,0.0003057225786355,0.0006135787810631,7.931718624902641e-05,-2.7359437626358908e-05,3.364702176924115e-05,-0.00012701174976303799,-5.1538132924952445e-05,-6.74268606245609e-05
V30_254,V30,4.31820644574389e-05,0.0003671557913253,3.670934405431608e-05,-0.0001136419339118,0.0001926453687419,-0.0004643570938127,0.0004000999756731,9.789144146570736e-05,-1.7319249540889168e-05,-2.8049719283871487e-05,0.0001406248412996,0.0007063246421864,0.0002531999633154,0.0006345382033878,0.0001590109027366,3.413655388311582e-05,7.056082502471794e-05,-0.000140941893174718,-9.270179269759574e-06,-1.9789369199961147e-05
V30_255,V30,9.544795606137035e-05,9.920922596111584e-05,9.53186512945071e-05,9.701296602848022e-05,9.751505390627822e-05,8.785139605937312e-05,0.0001002132590375,9.569518153307176e-05,9.757769004675942e-05,9.073793764952132e-05,9.462851231613005e-05,0.0001005270104565,0.0001003386739976,0.0001014684073925,9.48167060958446e-05,9.53814301141238e-05,9.616088623131918e-05,9.486465835025931e-05,9.281865673910539e-05,9.2614878737076e-05
V30_256,V30,0.0002373215730515,0.0002398968460803,0.0002353787685758,0.0002397714311202,0.0002363201655118,0.0002259034471878,0.0002398340672607,0.0002346258507778,0.0002352533536157,0.000226342756246,0.0002348139018784,0.0002434735266489,0.0002442893659456,0.000245167984062,0.0002340609840804,0.0002363200228327,0.0002378003188634,0.00023121529639238668,0.0002314050641324404,0.00023138576856205473
V30_257,V30,0.0002376334452602,0.0002400851825392,0.0002355671050347,0.0002397086523006,0.0002365711381111,0.0002259034471878,0.0002400851825392,0.0002351905747961,0.0002353159897562,0.0002264055350656,0.0002350650171569,0.000243473669328,0.0002441011721659,0.0002456072931201,0.0002343120993589,0.000236570995432,0.0002380651313389,0.0002318903896745318,0.0002319003730348618,0.0002331786626260194
V30_258,V30,0.0010242021382765,0.0010299939732007,0.0010200794854336,0.001059675228399,0.0010313119003753,0.0010667660960747,0.0010347003871641,0.0010352023323628,0.0010432972331149,0.0010519568578854,0.0010347630233046,0.0010171300223447,0.0010458700232861,0.0010284887083213,0.00103011953084,0.0010454936357267,0.0010295516678807,0.0010239764902881976,0.0010324243426843912,0.0010296082800272809
V30_259,V30,0.0011029043765131,0.0011044794732054,0.0010882896717011,0.0011311486291743,0.0010985180535663,0.0011483423210759,0.0011009025072786,0.0011087464354315,0.0011179081480797,0.0011293916782998,0.0011103151925262,0.001088164256741,0.0011211710772293,0.0011042912794257,0.0010991455564042,0.0011169667511437,0.0011085030248263,0.001088026206626347,0.0010960669224874032,0.001097260563250217
V30_260,V30,0.0011030361535026,0.0011046676669852,0.00108847800816,0.0011319016896514,0.0010986436112055,0.0011546173494549,0.0011002751471199,0.0011075542085753,0.0011172178664222,0.0011292661206606,0.0011103151925262,0.0010894818985573,0.0011234928948012,0.0011036637765878,0.0010992711140434,0.001117092308783,0.0011086825151788,0.001091707381987009,0.001098407642962752,0.001096251992175537
V30_261,V30,2.5789635368707503e-05,0.0001269451581562,0.0003025851001158,0.0003140684876567,0.000427835943538,0.0002070781123624,0.0004860060843992,0.0004399468695867,0.00049454022287,0.000288528851064,0.0003474519810627,0.0005357048299394,0.0003678460729828,0.0005018193199952,0.0003357175495829,0.0003114956974855,4.444148310449184e-05,0.0003408338092753328,0.0003274563161676333,0.0003188893345977545
V30_262,V30,0.0004701100176625,0.0004657375501183,0.0004718871278674,0.0004774092027786,0.0004764051697021,0.0004894573856774,0.0004839980539161,0.0004853785458915,0.0004839980539161,0.0004877630709434,0.0004802329655491,0.000473518628112,0.0004934734823135,0.0004779112193168,0.0004829940565094,0.0004890181479588,0.0004610675906741,0.0004882825043592315,0.000484151238845878,0.00048776764820507155
V30_263,V30,0.0004702097916689,0.000465863036418,0.0004720126498369,0.0004776602110477,0.0004765306916716,0.0004894573856774,0.0004841863190353,0.0004855668110108,0.0004841863190353,0.000487825849763,0.0004802957443687,0.000473518628112,0.0004935989686131,0.0004780367412863,0.0004830567639894,0.0004890808554388,0.0004611353632634,0.0004880786424634178,0.0004845916812133767,0.0004878804433980434
V30_264,V30,7.61783951319359e-05,0.0002584084294867,0.0002541413245816,0.0002981925089109,0.0003442517237234,7.530112528275207e-05,0.0003407376436256,0.0002988200117488,0.0002494977607774,0.0002270329308941,0.0002385791329245,0.0003780117116982,0.0002742216650827,0.0004191776028798,0.0002828812541834,0.0002223893670899,0.0001206707004938,0.00022767997037570506,0.00022722002270335998,0.00022620058738361516
V30_265,V30,1.5497475978965007e-05,1.5248511577703051e-05,1.60014650454807e-05,1.104418549214639e-05,1.4934760158755108e-05,1.255016376726943e-05,1.6315216464428646e-05,1.7068241271774037e-05,1.8699777186130453e-05,1.6377995284045334e-05,1.39934702321274e-05,1.524847590791918e-05,1.581327126576613e-05,1.4182341737735558e-05,1.5813235595982257e-05,1.5311219057751996e-05,1.5111040230656058e-05,2.351190419627579e-05,1.9970831455370608e-05,1.809165263426834e-05
V30_266,V30,0.0001366106950312,0.0001211093318261,6.218620182741957e-05,0.0001231173623092,7.881520538058003e-05,3.765056264137604e-05,0.0001081198590006,0.0001113201520097,0.0001468372335381,5.923691708743855e-05,0.0001159010083338,0.0001340360258319,0.0001682353228649,0.0001911393904668,8.182723327039385e-05,8.590603738650101e-05,0.0001154535665649,-4.1344534771562755e-06,3.2311523229978193e-05,3.954337716984597e-05
V30_267,V30,0.0001824603022629,0.0001777107155925,0.000116716776291,0.0001832327905037,0.0001404366475199,0.0001129516879241,0.0001750751109319,0.0001798441967055,0.000205697620387,0.0001236193788474,0.0001677960494765,0.0001878763543078,0.0002230168699278,0.000241716647114,0.0001479667172444,0.0001514807616725,0.0001654120951411,0.00010708680820767153,0.00010386721644814825,9.87754090516184e-05
V30_268,V30,0.0002890358838278,0.0003702305980348,0.000343247690647,0.000355797890084,0.0003817767643953,0.0003012045368007,0.0003930719224868,0.0003844122977164,0.0003516563071483,0.0003761292031845,0.000338227632274,0.0003734936341937,0.000355797890084,0.0003771332005912,0.0003709835871723,0.0003611944430257,0.0002835702873985,0.000340636952510507,0.00036323005198128834,0.00036986735067192505
V30_269,V30,0.0003213425815903,0.000395582005178,0.0003709835871723,0.0003852908444932,0.000404994619086,0.0003263049356748,0.0004159132469389,0.0004054965999544,0.0003773842088603,0.0003928209498875,0.0003680970812519,0.0004014805746579,0.0003881773860833,0.0004090106800523,0.0003933229307559,0.0003844122977164,0.0003294888919229,0.00040339353005768036,0.0003902877689172815,0.0003785904585743591
V30_270,V30,0.0004327386909349,0.0004887043965398,0.0004609684643447,0.0004551953811644,0.0004686240917085,0.0003890558615205,0.0004790407030232,0.0004807349820873,0.000430408769379,0.0004546306214763,0.000452120574455,0.0004916536812798,0.0004855041035307,0.0005048941267046,0.0004624117351398,0.0004525598121736,0.0004479262715787,0.0004613213491689509,0.0004362057733391663,0.00045912882706354243
V30_271,V30,0.0004556277265107,0.0005101652290165,0.0004862570926683,0.0004790407386929,0.0004922184409679,0.0004078811606761,0.0004996857675426,0.0005002505272307,0.0004513048064978,0.0004747736694576,0.0004758404813536,0.0005144950414017,0.0005093494610593,0.0005274844785573,0.0004845628136041,0.0004747736694576,0.0004704657939894,0.00047823081254196064,0.00048303075346296136,0.0004732174458337377
V30_272,V30,0.000339140632803,0.0003387296488122,0.0003393571159803,0.00033653331754,0.0003415534115828,0.0003514052988792,0.0003480167407508,0.0003468872213747,0.0003484560141392,0.000343812450335,0.0003447537402616,0.0003394826379498,0.0003524093319556,0.0003445654394726,0.0003453184642799,0.0003496482766651,0.0003367849678653,0.0003498751682484538,0.0003469062511163755,0.0003488796426572303
V30_273,V30,0.0009790026308599,0.0009769067765415,0.0009700041383153,0.0009780362602479,0.0009769067765415,0.0010040151345592,0.0009895824266084,0.0009839348297278,0.0009981165650792,0.0009922179955993,0.0009887039511712,0.000969753165716,0.0009993716064248,0.0009849401112467,0.000975024232358,0.0009942259904126,0.0009858437338816,0.0009924648523444892,0.000985201160713485,0.0009825862334041993
V30_274,V30,0.0010330311965765,0.0010309353344669,0.0010235934585221,0.0010340728486564,0.0010308725556473,0.0010667660960747,0.0010459955095858,0.0010402224620753,0.0010556591674327,0.0010469368351822,0.0010438620284728,0.00102422096136,0.0010559729545214,0.0010408499649132,0.0010304333179287,0.0010496350759833,0.0010380606591539,0.00105486215476046,0.0010398629948025226,0.0010372538981112446
V30_275,V30,0.0013349260045468,0.0013323281007172,0.0013205309260875,0.0013400464712308,0.0013343361668701,0.001374245732594,0.0013457568112613,0.0013578677373099,0.0013205309260875,0.0013834074095724,0.0013209074563261,0.0013099887928034,0.0013369717001912,0.0013107418176107,0.0013298808325155,0.0013409877254877,0.0013300916766079,0.001301558245326367,0.001345578614294607,0.0013305666185876737
