Reaction,Dataset,Reference,wB97M2,B3LYP,BMK,CAMB3LYP,CF22D,M052X,M062X,M08HX,MN15,PBE0,PW6B95,SOGGA11X,r2SCAN0,wB97M-V,wB97X-V,revDSD-PBEP86-D4,mace-polar-1-s,mace-polar-1-m,mace-polar-1-l
3d4dIPSS_1,3d4dIPSS,150.50999976125843,152.2724970416833,148.8968950418023,147.55653442871105,147.6043493329004,151.07251682407806,158.94880985657548,155.93447070851593,151.36665712098215,151.64838622174216,143.62793587700605,146.46459057192217,152.95943881655396,143.85226110133723,146.82750276965237,142.90799281410193,149.60140229715748,193.99756259842468,144.77019896219488,152.1023820234959
3d4dIPSS_2,3d4dIPSS,156.50000000503718,156.90443312409909,151.40778729215688,153.8755885924736,149.79082050291345,149.57487133784505,163.33803456155178,162.70419150888958,153.59792173706,144.56847362034796,143.5360679880193,148.30265649659938,155.13370172709497,123.03014120606116,147.7718686345064,143.60572417510446,155.0641437626809,183.75895538244976,144.8679783715715,147.3163388171001
3d4dIPSS_3,3d4dIPSS,149.55999999078003,152.6010978999511,150.71409979043926,154.52558700211335,147.79930090141335,144.0817499755386,153.66029090775717,156.7782254066216,144.45604965053946,138.33936854711968,140.76842138839447,145.06008637961096,152.25437814493003,151.69274160341018,145.49711403508428,140.8756407318838,160.07387534518475,161.83070718626198,149.54105209423244,149.64754117340513
3d4dIPSS_4,3d4dIPSS,153.72000000294287,154.7354967650483,161.7387711322736,155.50415282360595,157.09875548896753,155.5514598216764,144.9392946965557,149.8037757498679,148.87479033020466,151.3812956620628,159.72706662187537,159.05678892586914,154.25560889481326,197.3708311684533,153.07105047544937,150.6473396222632,150.4110489783486,145.97186850270015,158.50005000245622,142.61293669954654
3d4dIPSS_5,3d4dIPSS,169.89999983906822,168.68335547981314,172.8584407569532,169.49819692591225,172.11328285737684,167.35966955049838,188.40808486158272,184.93765218667644,172.08085385799538,168.95705678909502,161.99245012038332,168.36825166012866,178.75498984257158,121.50976538133789,171.87175326860196,167.0564254716713,168.35298117953107,166.9425109126723,144.78231410662107,151.15915370142696
3d4dIPSS_6,3d4dIPSS,180.20999995066768,179.16501852641326,183.57440460871723,181.7593077899284,181.99588996855104,179.81632246947578,194.35168680376864,162.7853723467497,181.1251307139956,181.8209209999096,173.77577094090285,179.2645294807933,189.97790360095087,162.69134814706086,183.1113592810513,177.42341718592908,169.2915228905637,182.85372616892457,170.3768810162332,166.1621552789869
3d4dIPSS_7,3d4dIPSS,171.1199999934788,169.50501086308816,177.4535501281712,170.62971046339618,174.0715172228844,169.92965970187768,184.66419642190888,179.71929802148654,168.73835091217438,169.17805182076643,172.35801977281417,171.68274484224554,168.5513149990412,171.8362613954806,163.67527722924513,164.42114377513855,167.39094423986123,179.93526232011882,183.0975237770629,181.23259748221184
3d4dIPSS_8,3d4dIPSS,162.92999985187518,174.6503335931731,181.6997875122205,175.3126677724167,178.58664178920708,173.400232625095,165.8889964922274,172.47109390511878,161.5938294332835,172.59278073060312,176.19339802709118,175.60992296358816,173.57000336807465,175.29173167185274,168.99246049706892,168.88752980624247,171.48601740931193,185.7495314603021,183.9726961591201,183.73334797024907
3d4dIPSS_9,3d4dIPSS,173.1500000446671,177.5285573395713,185.1525743697282,178.6990648804688,182.2583373347499,176.33001788374852,168.86461962355548,175.03463972248872,163.73775728089228,175.35512970693244,178.64642467942082,178.78030727709924,175.9517097410223,178.07660874028187,171.5295367725731,172.4278037207897,174.46383356075756,173.39474645142388,174.0603999754306,169.21958085466784
3d4dIPSS_10,3d4dIPSS,212.2799998845384,212.69821474325468,216.9433443849016,217.1922847351079,214.97191550323905,212.11400919596483,217.2082525922257,209.6156550240981,207.9305759092813,213.6745421128108,209.1523305173092,212.5841475770081,221.5562080070929,207.2279777102472,212.7332717522009,208.4360187890725,210.5948659505395,243.4300686403083,218.93212056505445,221.82996849725816
3d4dIPSS_11,3d4dIPSS,141.42999979504816,104.39352856350776,143.6399605900075,142.17644145348214,141.11157255972296,141.8253740618581,144.2953710178123,140.61232357487256,143.61349531518866,142.4125663032158,142.24799196624403,142.4551554339693,145.21523201026508,140.6870690521218,139.66486427650338,138.70816916818467,141.85684539830248,188.37479993932504,144.25886163079676,152.5455007663481
3d4dIPSS_12,3d4dIPSS,153.23999980845963,148.3467962659809,151.9716019190965,149.78248780462468,150.10955151558883,155.28990132261964,163.8992779056673,159.9743930177369,151.7657970093813,157.7747574519191,144.83393911880293,148.8381626650687,157.18301972018594,147.50224387778363,149.25943782468013,151.24906849712775,151.16384525887685,165.433372367985,124.47106704683743,122.27136415251351
3d4dIPSS_13,3d4dIPSS,156.9600002175632,155.00470811855334,160.1464029654772,141.83705515071892,155.44657763709665,160.0115147839517,150.6854427505755,156.15465744509893,154.0476796772101,157.24139341250128,159.84168580814153,158.56209904835202,156.78458170111247,161.4909690843162,153.01333058523667,148.65104592875315,152.33157042781082,105.09401085958426,103.8573666631241,130.97657624239557
3d4dIPSS_14,3d4dIPSS,162.72000004132417,162.42713565944902,167.74926181949016,163.0761705909871,162.42513158243528,167.24028587303886,156.0600138934344,161.18609981868929,160.95844528009349,165.98571452741874,167.02718120835968,165.77242964202154,163.8589138607536,169.04495743774228,160.46022679130417,156.0958715418016,158.94049460934502,131.9109741475507,142.0202831116745,104.75676067535098
3d4dIPSS_15,3d4dIPSS,164.2899998799865,161.27949500300764,167.10093484413912,167.20412607885382,165.7891079653377,165.25861722904875,183.82848865416244,178.456682569047,164.37625055518623,167.15364871474972,156.2505639850872,162.5732413885808,171.52695005305702,146.92612084080258,164.61297097416085,161.38566395844077,164.11861993168782,151.85613094632373,169.48881767844557,120.89751774513002
3d4dIPSS_16,3d4dIPSS,170.91000018292775,167.13229826965136,176.23611008687055,168.98655487998872,171.75530966130717,173.25566699251144,161.9327916024038,166.54777413582312,162.7231779375547,175.65651767550762,173.30221363727478,171.58948049363326,169.59800168028133,173.73082513563662,163.1935465518754,179.22827097939884,168.1904268726743,194.2355439147192,175.82662501058348,180.02808306820413
3d4dIPSS_17,3d4dIPSS,173.03000015292366,168.43480368346965,179.10840022909653,172.30277101480712,174.94849610038935,175.1863944173915,164.577870039463,169.18035270967226,163.6093574217281,177.10025852917838,175.0221935740584,173.8114602285679,171.5171485433289,174.881796235862,165.31535676119253,165.31220967568535,170.83887798554284,195.65681434996685,185.1040416736112,183.38613582244943
3d4dIPSS_18,3d4dIPSS,194.71000004736587,193.1502822024386,198.20345868042253,168.95919182737245,195.30466573830583,198.52613239785617,189.1634945716606,195.322269261578,192.9109402371392,200.1060893686065,192.89696760918085,194.92258444394213,192.9546940254748,187.861334099812,191.9325543225864,190.6667769755352,193.96015508188768,231.83273104129535,203.30611956030728,203.2884327294633
3d4dIPSS_19,3d4dIPSS,175.75000020914624,172.20765915282456,183.6653220092,178.1315781936618,180.05324670352658,177.41007464024236,169.51397326712717,172.2819350647234,165.5328706211915,179.740680783204,177.6844887375491,177.63426363226995,175.0042862734415,177.01470005967298,169.1336213888922,170.17868834266426,174.71929339739117,167.9116973007284,170.61535266450477,164.8574156358047
3d4dIPSS_20,3d4dIPSS,207.84000012497413,204.74532313518145,210.51141777019765,209.98221035354555,207.60091142248515,206.1689781635778,209.70673890275663,202.57736958144105,200.91407157142,209.81151597942943,203.16384464221832,205.9377463817316,211.8510769532188,201.9756739018404,203.28109384617792,200.58795652926133,206.2070309191729,234.81759415763727,209.2622514581929,213.27431473575
3d4dIPSS_21,3d4dIPSS,30.540000059122825,30.24598557785636,17.20866626504817,26.41987011640502,35.16488500582765,36.039607296503455,37.45138890439493,33.76780287014162,25.56734107879055,30.95619044669113,13.57090398458425,17.516552784437923,41.04368962947422,30.152325459080792,37.22110522665248,35.833961334952285,29.148193078655364,35.058856198947495,16.223658173253824,22.705254610136244
3d4dIPSS_22,3d4dIPSS,15.61999971381312,16.995593854351938,4.983613977916088,17.899392926014563,7.531074280173353,8.186840003905218,30.724435008197847,23.859033508437385,13.978475027522364,7.777395719677286,-1.2430475733651511,4.516278179710402,14.498440170891325,-21.86010709893068,9.354701337370194,7.97980078302151,17.414183995652483,34.858349396274605,1.5751604167427284,10.668557471436811
3d4dIPSS_23,3d4dIPSS,1.920000150423493,4.443569598239801,-4.501802540178508,4.940241087914001,-2.712598832984756,-5.407533839039773,14.35127307225206,11.729682063775757,0.5451376859504211,-6.793277380539744,-12.64075083271946,-7.51043831744133,4.032147906109527,52.050613309186375,-1.1072127310334046,-2.9940820755503545,6.997626542343377,21.317315157001936,-4.497300859217888,6.051817460900095
3d4dIPSS_24,3d4dIPSS,51.625907869036624,47.68254546264088,57.19657289879288,57.77915482800429,56.02200148087043,52.518363765633325,74.62385687568555,70.01045516410358,54.18593680941744,57.32183972855622,44.98480925431157,52.72216597888475,59.80103371421741,3.5532771032606787,56.016496403039305,51.54512242492867,52.54223803509115,10.455184156001438,-2.9316381445402904,9.446083827232268
3d4dIPSS_26,3d4dIPSS,18.486280386062248,15.064139585331722,16.779422676339674,7.049422606398987,17.864267957711913,28.424033092524816,14.748285138705436,35.03878697685925,20.09523538534957,30.52530516773689,13.520171914297771,16.932349057020478,17.886918727900653,48.62368385817684,22.814791792379417,23.94708268859724,21.196598742954293,10.401466501403572,-6.866598262397663,-6.551783259635495
3d4dIPSS_27,3d4dIPSS,34.6385763064173,29.15159732078771,28.490125402496325,21.47437049906459,30.020017596467515,39.51809311418795,37.47052568430236,30.062313366576703,40.76298951879704,58.41322604315242,26.18984773359797,30.58610638048518,31.67657126024057,13.915548754012914,34.62047447795606,36.71235455596717,35.867232991672125,4.815332745312649,-3.848332064921557,-5.424685273673683
3d4dIPSS_28,3d4dIPSS,119.56151550739202,119.34098414254385,124.3975408258361,114.26723966099696,122.28037249232196,119.39769600162342,118.42430456047072,113.01453013608467,111.75138788967118,135.79849326663458,116.62693657850484,121.68197343380098,117.06895782879576,109.22605934448374,119.7558561954828,121.53727031387248,126.37527917719412,43.93760919653882,26.69217043535056,48.56962125186916
3d4dIPSS_29,3d4dIPSS,75.75919119284694,69.94620541034763,64.45087239096098,54.777310460308655,65.69943872194742,65.98298515282376,69.37047870836982,60.22057017067507,72.76572897117174,82.5773081595039,63.75506371912823,66.36351141606636,67.79439616932791,56.10374575963537,72.2760661348158,72.05225408781286,76.57767140326716,47.644383412571,26.084407031105265,55.44387725164686
3d4dIPSS_30,3d4dIPSS,89.10407059467654,87.97330347978475,94.140465963325,100.63578214187385,91.8754223867284,92.04684216179406,99.58922064869832,88.86772341841127,86.39808257404955,94.09613009716648,86.06872311949685,91.78389548625088,97.70136536124984,82.30235948672609,91.02390608654508,88.37916838709384,88.91512628102339,44.44965832877138,47.08346496959988,61.86775033778199
3d4dIPSS_31,3d4dIPSS,32.09999990680652,49.32404950386178,24.08380313501265,29.2361567323623,26.78970267685092,32.64798134015974,41.077217084210666,37.02581354787834,29.69512644882592,38.64402575519661,18.794760027450508,23.25555626674779,30.45974335441897,18.507417477938624,30.11139301606743,27.71907583440836,30.700930231463985,31.10188345070369,26.519768525587693,34.920537717695666
3d4dIPSS_32,3d4dIPSS,14.400000186911983,11.510991309764464,8.429013103693405,25.721396160689647,10.941929950648833,11.266819655041925,23.70368481578536,19.04236635527703,6.869117861838266,16.027453286998306,-0.3123784204985187,6.445767340144287,14.168446304441945,-4.59006055541498,10.486064335293197,11.430185659773006,15.481920544958,33.06955952980839,34.30229586853422,17.30965636993075
3d4dIPSS_35,3d4dIPSS,72.72000028502057,22.71560802142833,16.868795838735817,-6.455417431836054,17.83004553630586,22.57816738236451,22.65209025743746,23.875104214347537,28.51884243218607,21.26769240997885,16.62555622383753,19.27552979954885,19.195218564276125,12.010831345787231,24.78335395975088,22.89914431418256,21.067988203841107,32.21217612955449,14.723214855822134,18.764358951492504
CUAGAU_1,CUAGAU83,46.2715107165143,43.51878340572468,41.69031203810495,44.52157523448773,40.25552417595741,44.38981311714216,47.28893324251836,34.30829221674587,39.52268880528983,45.071811121106,40.82052943935348,42.844582018368406,45.38869110654949,39.54558731639548,44.80589362768772,41.13259705416865,43.6599932557353,38.80373929132529,44.09354930955773,32.21656086523543
CUAGAU_2,CUAGAU83,64.81835580697494,63.4440542103548,62.77336235816954,60.46052665603453,62.976658359515135,63.28235380418504,61.616959347668846,53.582331241985536,59.679092747435845,61.67750466191286,59.58608718381757,61.35172558837352,61.31464228865701,60.53643660257167,65.24453595715264,63.15718549334137,63.92452328560437,131.0362010535382,60.8181396299043,65.78257260600786
CUAGAU_3,CUAGAU83,99.28298272212596,98.78242719983278,93.64554466032148,95.03668779545174,97.45485893208478,96.15173931211632,100.94855231643902,92.38772996919052,100.543064479409,96.70231461851348,92.74753630880836,94.71918965044222,92.76854005498616,90.12879105586072,99.67812844994084,99.618180775652,97.0914284912482,105.62550184344738,100.80148113919012,97.8749245831857
CUAGAU_4,CUAGAU83,65.0812621963029,61.74724060556122,59.81480635495776,63.85910466472058,57.22134176414738,65.00730204776501,68.03567086368204,51.44729746295132,56.686655813048446,67.91358782893937,59.25081157031077,61.45935425605113,64.50092298653092,58.75611842965049,62.13456003546456,57.58358993139751,62.644255107623074,47.8462848715542,65.67625649844982,59.11503940290593
CUAGAU_5,CUAGAU83,-6.142447395406879,-6.691992394381213,0.2226254893595469,0.2421992045010375,-1.9485098511570325,-4.501897293891766,3.415195400696969,5.260327646388725,2.268424973944544,-3.8053946594224857,-3.35991934572794,-2.719914401536556,0.5957202209409092,-5.804187910986434,-4.373093757973292,-4.531122230395996,-4.107600417093978,-8.591682846993303,-8.308008923665229,-27.002651670118443
CUAGAU_8,CUAGAU83,130.3537284118803,125.8389539959231,108.84977579828706,118.1917701317076,108.83090169373568,124.55221569908684,118.17517827923312,86.35168195018109,98.61481847782396,128.51984100998197,113.3229442652966,117.2106302033294,116.91889596646716,115.17995633250732,122.06952855593894,114.79141363561652,120.5201188592667,100.6123581544966,52.08695061052634,121.82496571129816
CUAGAU_9,CUAGAU83,413.9340342045701,406.0861979735132,414.9466543378008,406.46356805228805,407.1688256365997,403.21051727211074,395.4681758008239,394.3837989548858,382.5588759505061,404.3360763725297,402.0383012736953,403.6775434576625,404.8201113897588,398.6281084414776,393.4971900033667,390.4314074399277,396.69492924313255,410.314455905894,328.80157630233055,393.7975975894007
CUAGAU_10,CUAGAU83,16.945506801154277,16.430834323163037,19.331307861986648,15.51488133484547,18.823287863251625,15.41709201541062,10.751515400987104,12.65931777133816,9.183267129231588,13.739788495806916,16.12155178380534,15.570727732844857,13.358953184127866,18.396971606167,15.409260069766516,15.304199734916187,16.493083212482052,96.13112834986264,12.577558450961986,9.5604618972556
CUAGAU_11,CUAGAU83,-15.48757199693592,-16.556481863665145,-14.246929478816446,-14.857594779327265,-14.266882900234055,-16.563401221888522,-14.520349036613196,-13.883246825240256,-17.28415703565682,-17.904074586146667,-15.85376857935499,-15.49249832291448,-13.94341230812902,-16.005579241727084,-15.577186436932502,-15.899905334855813,-14.556840325286174,-29.29768148984497,-26.922330924119148,-40.44541697089044
CUAGAU_12,CUAGAU83,-15.320267930999938,-17.53948348709548,-11.98758582182231,-16.19365086527301,-13.932325847094384,-18.13105794032162,-16.838379199962006,-17.81866427143637,-21.874964327175864,-21.239069130495416,-15.717586159092171,-16.341290039447937,-14.40662580869567,-16.334983066922693,-16.606691029830014,-17.10384607842742,-15.096655363019448,-34.0212847524599,-31.0767168281698,-41.26774817673159
CUAGAU_13,CUAGAU83,65.91778189847332,65.4724125085118,59.77262698789573,62.03373833902169,62.29918181248643,61.00674089684381,57.71906182241116,56.43632753803279,51.44580474303231,61.54391140926023,60.80422237994672,59.35384134720233,58.833853299253015,62.20814524730377,59.93385531908359,60.736471437028,64.27293081961764,60.08118500842184,51.05989580067735,59.83404102919673
CUAGAU_14,CUAGAU83,35.39674956822292,35.17783127961991,31.95035709506785,31.702386183954825,33.36624776061665,29.08368360136067,27.20795179757957,25.8113240412214,22.056572282833496,29.013111000170824,31.278133241100235,29.07655283546223,30.87205705167371,31.01741020818401,29.996583882512795,31.405408665785373,33.17251046673864,18.0636530361114,24.90532237124843,29.8574758864776
CUAGAU_15,CUAGAU83,39.07743776379554,37.34949128045991,35.923557325908654,38.56477155965017,34.36754398312866,39.741681014979946,43.0615483136375,31.16037537799689,36.252261283870055,41.12396566149709,35.95458352782168,37.669741681808965,39.21352737495108,35.60084106334031,38.65649361543644,35.41485861315032,38.18834049235885,35.476341632300915,32.93070136163024,31.63693970326611
CUAGAU_16,CUAGAU83,55.78393875646986,54.69209655621445,55.487346152556974,54.60534192816823,55.619573631141805,56.74095659291886,56.584078659631096,49.11341816777895,53.599410104723816,56.40135863119104,52.97003937480935,54.49605519192173,53.67795170053733,54.28696577210848,57.73028087610044,55.73933230826382,54.93890429729573,127.03772934172858,54.02115426137748,57.89739205372469
CUAGAU_17,CUAGAU83,81.54875738049724,81.9996794134565,76.98870746567216,78.42901527777485,80.71610150515549,78.71296864862003,85.44986712670826,78.46925212650876,85.80117673700485,78.46808483337547,76.2099072771986,78.50276715651424,76.3731607067274,73.18154310409629,83.92626163626431,83.5159594210749,78.18764208562858,93.46540788074545,84.71235883362446,82.45808756954625
CUAGAU_18,CUAGAU83,55.688336433077865,52.69254847304529,51.06768014723593,55.713972893404254,48.72257451933137,58.32211104000356,61.837752885956405,47.16382755713887,51.83182089865417,61.42835127231382,51.82432498417449,53.76349743159085,55.70538210040173,52.72445306275489,53.72376064516364,49.5904187414848,53.54808639789644,38.58667043724224,55.37225568645547,45.073746023150136
CUAGAU_19,CUAGAU83,-2.342256295594259,-2.021437182392656,3.544253830715143,2.0518071349036067,1.177780438471581,-1.7901025517540503,3.630575665493125,5.474102742339094,2.543001345422023,-1.597075366440241,0.3137645889098771,0.3865789685289164,2.8241991339075967,-1.5883393677757638,-1.6125502520565906,-1.5077358385903612,-0.560582205130694,-7.35359741614736,-5.940895812023368,-30.337555765383254
CUAGAU_22,CUAGAU83,108.74761022789497,103.53121445689916,89.8130767948826,102.42848026098928,90.24166306737712,109.89238956666826,109.5849986541706,81.62013921877444,93.78692085051937,114.44181361246424,95.7598484130613,99.8284949684464,99.90740177475936,98.82286347104278,104.87967740953334,97.4309892874552,102.04787635047704,89.48821469835069,61.77337927950166,109.5447778572775
CUAGAU_23,CUAGAU83,396.41491409057335,387.4879359491585,403.57052987418,393.3471322195925,394.34409963093447,394.6615164504776,385.55760674179015,380.80716398923727,374.6454620303273,399.78108267781903,391.7608354578775,392.4960599452256,392.1547993971216,388.5755991245517,379.04570078154046,377.1773954891125,390.73794483642007,410.3205831880532,337.61253357376427,392.800188442156
CUAGAU_24,CUAGAU83,11.663479688765827,10.479636253737786,14.564443374433928,12.76656692155208,14.25342796720492,12.186974447402845,8.121775366285904,9.112264118805037,6.533309994579732,12.775173088477729,12.225166995796863,11.68614501721277,9.995102930767258,14.43235388512719,10.147927780348027,10.085723142752627,10.985919693898774,86.9812830222228,4.238683923086723,10.002966104714927
CUAGAU_25,CUAGAU83,-10.062141399459485,-10.62297880761837,-9.952890556759208,-9.918469465794873,-10.117345478718336,-11.407620230808462,-12.481074583715785,-13.068619610935672,-14.795754975474464,-11.02307608729794,-10.580464476044948,-10.555698685140458,-9.80916635160206,-9.94081890599618,-12.304589552166608,-12.146293447429334,-9.79036351142652,-34.479313797951974,-21.39191623842417,-33.18561600519927
CUAGAU_26,CUAGAU83,-10.63575533981142,-12.129844855365125,-6.744721513209109,-9.386010483316223,-9.05989042113488,-11.433373219650178,-12.903097295377632,-15.216951257195376,-17.631315168397997,-11.290842976755531,-9.389502510784192,-10.30612486411338,-9.30880504343947,-9.236081526602325,-13.346168557310474,-13.07513378673855,-9.78908329677303,-42.2034847235442,-24.688917924099226,-32.32978404817839
CUAGAU_27,CUAGAU83,51.434034297153296,49.76720284400049,48.04976469715788,50.6395748607719,50.06379425570017,50.43030716544568,48.377273437761936,45.88347347870543,42.858011223121785,51.99920509754728,49.35828786398972,48.16819819970877,47.18910225815523,50.46879062728281,48.5524755889655,49.1275894024662,49.91903871552863,48.550227944239055,36.10718586513174,51.55927086938451
CUAGAU_28,CUAGAU83,27.46175923672571,25.97865621978325,26.76548978454408,27.62341841573533,27.93495459300381,25.247630335517904,24.22744833676618,21.765342688947023,19.126143827350564,26.004708718811365,26.54989848806805,24.64472092713706,25.62606586260432,26.06615099526465,24.816598282180284,25.88365417192093,25.955623524729177,9.583343587986032,16.064017167485922,22.11243210589428
CUAGAU_29,CUAGAU83,52.2705546268332,50.53543809475695,45.42200928661936,48.864867187197504,44.04303431325512,51.36311254888795,47.015311501324,35.33169710435169,37.925406360808566,53.56806732424873,47.44960014065353,47.771676720080194,44.75436512235991,48.153007513086514,45.25524575732148,45.43805188006708,51.04934422816961,35.195249699561444,19.024515230244543,-1.0116372239528788
CUAGAU_30,CUAGAU83,73.75716990657854,71.31630639573788,70.91763387636794,71.43618317010434,70.04309826973576,73.72083585300216,71.04270881372572,63.8760965541125,66.55405435409116,74.29463854820813,69.20487563234505,69.90159067902505,66.40520421226715,71.3472605595544,69.44893609241373,69.10085464185882,72.94578833622059,146.638171268915,62.9119630668629,67.5786119831612
CUAGAU_31,CUAGAU83,69.78967474082994,70.21758280108952,66.56396762326189,69.18014774302115,69.28458464680114,67.61130948713678,69.7189145762508,63.0868787043604,68.42968594513871,68.91384025232657,65.70289341261308,67.31781703102718,63.18945924684456,62.02551576876952,70.02956176086411,70.83011889508691,66.64509729905927,70.81709623229357,68.39346188094024,63.67159780453238
CUAGAU_32,CUAGAU83,75.78871865114884,73.60197752648722,66.049755800497,70.0880332819179,63.09817563191393,76.31847407184068,68.18323831355494,51.59358203228242,54.42639705944873,80.3637511703892,69.78848604959674,69.63103620423963,64.01506248047154,72.14000808734902,64.1641131115613,64.28732120820557,73.54387672172908,26.465542872061917,40.7863015335143,26.808968678294047
CUAGAU_33,CUAGAU83,-3.3221794828526736,-3.511674919364792,3.790561402163804,0.8747866731732382,0.7968786109281748,-2.1327917506074168,4.166724780175913,4.666309859123976,4.548472867028157,-2.530520809500911,0.2193426735920646,0.2778232935261853,2.9345863962961825,-1.2355536042441393,-2.134655579247658,-2.0519692206487226,-0.8432341771536805,-15.931182634639452,-2.956922146202557,-6.767792697599443
CUAGAU_36,CUAGAU83,144.0726580535739,140.6491614558179,114.10845610704718,126.56324569936518,114.49397540031202,139.9187743762188,119.6190797752266,90.85955049951222,96.61674523033564,146.20413611307416,125.3551165181712,126.32971980563129,113.9904109700271,129.94922940425303,123.14843370725389,122.422229166565,136.73920081519788,37.820959868027735,39.88675748467358,24.56801572231413
CUAGAU_37,CUAGAU83,460.7074571188923,448.1809339692364,461.4270217308186,450.4955636581808,451.2997823102714,457.67592998424897,446.9395816126941,438.5886827081796,434.9348600129305,463.6408715156753,451.09546660601166,450.6459985752269,447.330781623732,450.1299579388332,434.6484566568716,435.0523123416847,455.2237702467796,454.93941293748674,517.6811479038514,385.1936940573773
CUAGAU_38,CUAGAU83,32.71988514075669,30.806745174884583,34.822460364954345,36.32056004253376,33.82511519287866,34.54295327522275,31.741107095490595,30.067066186060888,28.15723739953112,35.84688702606989,32.27679844211682,31.729463782769955,28.431902626085563,34.29769176137651,30.31685285834217,30.07555494597213,32.32850595942438,118.98190898702428,95.55352477570544,36.0066664950661
CUAGAU_39,CUAGAU83,0.3824092935679564,-0.5395526633588663,0.9429237854297308,2.796335830764091,1.083799850515331,0.8483049576026013,1.1831741961863695,0.3236685709625431,-0.5952782656841414,1.0957369005641795,-0.2612859715904765,-0.0404213992286527,0.4147354441586302,0.3950087425268804,-0.0110118500483301,0.1667633409614184,0.9713496068434208,-9.19911863149734,-20.381257976451263,-23.35512964610582
CUAGAU_40,CUAGAU83,10.755258244051406,8.393971154882092,13.5460211004089,15.18530965666458,12.281148872973189,11.372806005249828,12.647892329801037,10.335194679718825,9.580568666262282,11.365723054768011,10.518033997692706,9.679012415308522,10.925421933433624,11.627883962211722,8.986362751492276,9.726070919472914,11.96428253300553,-5.86389727183664,-14.013850124278012,-15.286035159557334
CUAGAU_41,CUAGAU83,71.19980901086178,69.68837801993506,64.92935620888692,68.76810061219649,66.97176243609474,70.51502172699671,66.31551804817671,61.419909638433744,58.4911907694932,73.38135780830454,67.66744027241761,65.58118600480735,63.24818553677482,68.95330294261512,65.11926812340312,66.3629597724521,70.02922412877454,67.69949669518708,119.9200830232298,54.894237565016645
CUAGAU_42,CUAGAU83,46.05640548888233,43.77985301203951,41.77507068405547,44.74126780732905,43.67292746843219,43.72054916238612,40.66228516687853,36.05006285936481,33.25920757089967,45.44316551751164,43.16249645301244,40.55816753988294,40.4955838865613,43.294282604158994,40.1820103742274,41.97160533357828,44.41199035846556,21.142485719851667,65.43314272318669,37.07986124171543
CUAGAU2_10,CUAGAU83,43.21171867265455,63.656352399975525,61.47940694918816,58.6944098382391,62.59936671936591,60.71076977877984,57.15817553129839,49.22616266934484,54.63611417694363,59.746568653019,59.7702488525996,59.64660105991567,57.4405790793281,56.98908199657243,63.40993206492571,64.04006979965101,59.54993713855977,61.16663076999282,58.59897807527248,49.4326302028387
CUAGAU2_11,CUAGAU83,20.93576299054598,44.98558887206639,45.235520185262615,46.14739499012668,46.596944032376776,45.67970904155645,46.9529637287518,40.75027586311044,45.19502505361227,45.32819078437256,44.173709521670645,44.54076309363267,42.87334579767947,41.62822474475371,48.32143249921922,48.53308943679697,42.38505259803851,48.2406014399414,43.266769469611255,33.40394773947292
CUAGAU2_12,CUAGAU83,49.92976607589877,48.3814018854023,48.97428601418704,51.17795075559138,48.27705358594508,48.925815550877246,44.85355422713862,38.39177491600256,40.70921070184682,50.71058270332249,47.95243709917954,47.73583538694727,42.77579442986436,44.93815254438408,46.86709338706327,48.90760685747626,44.954634109596505,36.07326952438927,38.50486150171058,27.399177540248797
CUAGAU2_19,CUAGAU83,167.98154147942248,166.99040846318178,134.60826529906237,148.03772996627802,136.68520550600542,164.31103399748687,144.93634264070155,107.21532308009586,122.73639661696954,172.3952561842959,147.02507644930338,153.31038403243554,145.22911364979467,153.18123856653958,156.54899537933838,147.8710685945991,163.90966217657564,113.82534283453508,36.96556450160098,199.15877723194865
CUAGAU2_20,CUAGAU83,135.09228964908854,130.60527462064528,104.51612339518036,125.28303795625575,107.33738860853666,139.97071961052583,131.9768345027657,99.22003869008884,115.73334068529418,147.5053166661629,117.56556211224544,124.89321884247336,119.09217293379128,124.50802629348892,130.1309838839635,120.18930416042856,127.43581844639624,103.23050036999015,90.112338541848,189.69979041007065
CUAGAU2_21,CUAGAU83,174.30328778436197,175.35937411829306,129.28028554250417,148.4852946977022,131.78860701203777,172.144360264085,137.48377356088722,102.5217391502698,112.5402913570802,181.97716144629885,149.24132545395014,153.2526446891801,131.3698364937053,157.03877154451885,148.57695362617503,146.0358360013973,165.5538584485779,-11.988307187648184,52.4883006436218,71.49845540496445
CUAGAU2_31,CUAGAU83,137.54833851270885,135.2909343615238,136.88686697021134,133.60488593274334,133.2507864785374,135.30380614945935,128.87090639351308,131.57200071909185,125.88087056227208,138.32076533838273,133.11915519624694,133.4193070974652,132.74312667117005,133.37098610645856,126.76326584964156,125.968965362088,133.73895543481015,86.06153331812934,61.16121002580652,135.82269761873673
CUAGAU2_32,CUAGAU83,133.24111285525154,129.51988798688188,135.44811833162422,132.13452920246246,131.03992947458323,133.82155974630726,127.74632608287853,129.3011256340638,125.86870315326334,137.6297679070882,131.1642671510639,131.47212342447443,130.7164802809242,131.03040858711512,123.52846235539556,123.06664305555836,130.60069622560758,104.535617608357,94.631165101127,138.81847704246584
CUAGAU2_33,CUAGAU83,158.53288597229667,154.16353875943608,158.2525095937689,152.7709524780518,153.79294051194017,158.97309328099766,151.13359558427075,149.46324763076674,148.52624678177375,162.44937202238694,154.4082532726083,154.4753823536693,152.528643710742,155.0346521176382,146.57321961551816,146.3901756039213,155.94670429810023,107.27339892140677,176.0086385385093,135.13156863763643
CUAGAU2_34,CUAGAU83,268.5509995720936,264.31795714327325,263.9007791816287,260.0508804200828,261.08541324715304,259.75409548507395,253.73873475915823,249.6334420891905,245.1009209532205,259.9980349606878,258.9440602602751,261.0925682987525,260.2798813434118,257.6661523448865,256.375346651131,254.37890555471813,260.4406741076585,273.4067311645255,207.7792737414414,250.45198860745933
CUAGAU2_35,CUAGAU83,252.0606128422855,247.19355297602928,250.81510304723065,247.3522127224421,247.25907331102883,249.0004217023796,242.52327129567385,236.0774747763801,234.84874646714167,251.6211897321806,246.63847259072296,248.29202512764888,246.1855723968545,245.3282970031088,242.19879367679872,240.59487921011188,248.99707695202497,263.4368361215853,225.27177965339004,257.5772892505666
CUAGAU2_36,CUAGAU83,284.0402570594768,278.3863905486002,279.55662537388224,275.7544167683765,275.4784820273949,280.3770123722449,273.2756030532874,267.41882087466047,266.5326074421894,283.3744629186989,276.26114171279886,277.18403815689106,274.3018365025695,275.64197736175566,269.6794702533425,269.34663609071407,281.44995232171084,291.15535995578665,282.951172515551,248.7911841313324
CUAGAU2_46,CUAGAU83,-7.171116773629223,-8.272994606894034,-4.633393724424114,-3.534170317717814,-6.246727736157324,-7.462273638775602,-3.8228704844759474,-4.458141308698732,-4.076719026049736,-7.602652528640058,-6.945623001565568,-7.537681390459173,-5.603907156198966,-7.9464215465902095,-7.576412718160003,-8.080735117869054,-8.631699485629792,-0.7071889486815977,2.364826883786839,-3.614543210419429
CUAGAU2_47,CUAGAU83,-4.854915926416882,-5.463923346358819,-2.0230783079500583,-3.671154067665371,-3.5853122149160086,-5.312802687063227,-1.5339696251573154,-1.7097112462613528,-2.201520353273988,-5.468398492924226,-4.204537936321778,-5.321499340778989,-2.954007751736856,-4.850324502397663,-5.399712937444578,-5.432599014644361,-6.364193174912513,-3.71154808654024,-7.751169822247034,-10.35379398180722
CUAGAU2_48,CUAGAU83,-4.072348861316656,-5.364855162646814,-0.9916084804627058,-3.0491401332797907,-2.685387135679523,-4.736265807510783,-0.5452852761730967,-1.282976879746145,-1.4143291081145697,-5.226960143960867,-3.483218117638044,-4.882448594897088,-2.447068261839864,-4.078432377390664,-4.8102279020194,-4.659400226766548,-4.826812421999111,28.30873377526084,-0.149592093100025,1.6270891942788095
CUAGAU2_58,CUAGAU83,-9.437743744881349,-16.617190393045774,-8.78939348848164,-11.166103694820285,-12.65969722579752,-18.016656689167185,-6.669708403453561,-11.58420114587563,-10.023672683329616,-20.07549563135917,-14.773012526379176,-15.758567359266875,-9.70488519541221,-6.20792844867211,-14.460622999183869,-15.911756040128932,-15.004522005732596,-3.0179171585611,2.555837420320613,-19.79301635807016
CUAGAU2_59,CUAGAU83,2.05383850859838,-4.395471122550263,3.2107479192004464,-3.730493183320678,-0.4786331024053796,-8.065347894634579,2.5946205885091302,-0.9052356291190186,-2.079362707473664,-8.87820252028878,-2.3961230265707543,-4.708744936289967,1.7103467250769415,5.875194938255066,-4.291669195542574,-3.807400618917971,-0.2306528510167586,-8.514428449682553,-8.42532047676822,-30.30922894031769
CUAGAU2_60,CUAGAU83,4.339981652003246,-2.2706890282964456,7.523599073572678,1.2168233249697442,4.367749510988613,-2.0415079474473408,7.855763558052828,6.367051485010159,4.659491215676796,-3.784091026465645,1.564878357376254,-1.6517360224348052,5.3635304273946405,9.800119045505218,-0.7447672121432495,0.6053857490259223,3.238039413807219,6.083447796467862,48.05558422764239,-4.389965685055822
CUAGAU2_61,CUAGAU83,-15.809224568206435,-16.437068128402345,-13.53366255272309,-13.12308417111629,-15.44526242214261,-16.262654757308304,-14.999831849200657,-13.676399873908448,-13.372134271825765,-16.472332781148115,-15.51316189548601,-16.245023120361,-16.12660743934817,-16.13003005841049,-17.04058841735912,-17.305496813162357,-17.141100123480857,-3.9728847870268593,-3.972695634731607,-1.7117033092205691
CUAGAU2_62,CUAGAU83,-14.7524986138894,-15.350036478471218,-12.019384801933946,-13.144892069733912,-14.018937340421155,-15.323693505197696,-13.46820001097745,-12.542201285596123,-12.909786922857354,-15.437155689509115,-13.454369953156707,-14.61375539063009,-14.212076285160364,-14.378551285571508,-16.03010012189799,-15.995318213092208,-14.503007932837786,-3.153172220459378,-6.265395312988987,-4.009819607278035
CUAGAU2_63,CUAGAU83,-12.273773440404993,-13.69185417666838,-8.96808609877061,-11.839246096516414,-11.340568835469169,-13.102523320245677,-11.022094348692477,-11.328621243358375,-11.049675649092906,-13.338691781881364,-11.13384023184318,-13.16412868637014,-11.916008828361282,-11.890823610165423,-14.00203305095924,-13.79223498474218,-12.532076255859618,-0.7099518247768155,8.23809574532216,3.503887356179101
CUAGAU2_75,CUAGAU83,-28.609854963032205,-32.91835521774349,-33.242908577052944,-33.140044274758914,-33.99191574518681,-27.73527241870936,-12.795265628041554,-40.79874588714684,-22.32729003584704,-25.83719249201208,-4.962125543589997,-7.019475030392805,-34.05086599321004,-34.44058307386103,-33.61102238907439,-33.13959911956584,-6.957573615977148,-52.50646649594579,-59.26184752708381,-50.69987953977193
CUAGAU2_78,CUAGAU83,-31.922854609788857,-39.34053579450346,-35.96197797396531,-35.83867324084959,-39.65555753594641,-32.25377988857227,-23.72413572602393,-51.93952932303464,-36.22565883546216,-28.863438255876165,-8.215825984246907,-11.4024057526377,-40.00574798305358,-38.12247665241816,-41.88176436293864,-40.83006312792228,-14.519982538501347,-84.19838751926716,-90.3680180838702,-69.80868394507807
CUAGAU2_82,CUAGAU83,19.91395291838459,18.643513050183028,19.342356860358564,18.90079500991754,19.664496943272173,17.306315963185764,17.429181252268844,17.360602310634253,16.14785522419574,16.222101329727604,17.452144396452155,17.131679826016047,19.624378254451585,17.170283393111788,17.7644886800936,18.403935518295725,19.841770447189813,8.526698711618529,21.064633930255585,23.917542664939727
CUAGAU2_83,CUAGAU83,15.758898308386826,14.620378564874418,15.083923829458817,15.788815199090648,15.794832889454664,14.354768676471936,12.297054543889155,10.508822095875065,8.402842507356896,14.917549669809548,15.390700472822422,13.840784514194278,14.246337110144948,14.992772807247556,13.362708075506117,14.26918899720476,14.722720232710406,8.871543941535656,8.209385187528522,9.1552946256629
CUAGAU2_84,CUAGAU83,33.786494996799654,31.998980607860744,30.58654676662816,32.73429959809218,31.22491202913932,32.654187408836634,27.6143895584074,23.58992199168791,20.276795086067512,34.199597661311415,32.77387831494225,29.83470281632399,28.766548534016074,33.135299236340806,27.784966149006607,29.805661991692087,33.44344479990261,13.707565549515236,43.12003896513711,25.263750525402305
CUAGAU2_85,CUAGAU83,28.429320487345144,28.36828446057429,25.498053867012423,25.402144252435903,26.57403789873408,23.25884573395796,19.898760976883946,18.82287835064818,14.785542321558422,22.782527891020667,25.51872591187102,23.10730646328164,24.23506385424272,25.40161293987613,23.071710486183875,24.48767136984241,27.112886270485763,9.232613376133806,18.68349865856988,19.766916225258083
CUAGAU2_86,CUAGAU83,20.074846347533573,19.212547614883785,19.217259771825024,20.143942859035192,20.278312968704963,18.75032194004256,16.354862755686757,14.659338118125364,11.64913168463717,19.250549337701287,19.747365781957832,17.774975053872204,18.36831136599238,19.40684017301071,17.510260056712205,18.442481417053127,18.92498983901463,13.4032570301307,7.963258751194369,12.804722663559456
CUAGAU2_87,CUAGAU83,38.88344195487095,37.40878377217638,35.33789915695424,37.84907949695783,36.283009875666885,38.0244072127384,32.22459021864067,27.80874536947671,23.85276349658549,39.52801290954756,38.020124837099374,34.46770334308963,33.260236686397434,38.161223794246325,32.50676259208522,34.50680879224852,38.22951932382468,13.576062110182267,57.96095294644103,28.35317438740624
CUAGAU2_91,CUAGAU83,62.76387159112774,63.37083276488087,59.21439129589712,58.58240931021348,60.45731920455669,59.597373442735694,56.33570036949838,52.20060702417888,55.989255212601314,59.32559250116272,58.189912992170406,59.01586499452851,57.53850130538676,60.79354292749176,60.83157037221845,60.68645893185588,63.11527485078786,128.33093507265772,53.95055299015163,37.303789052102246
CUAGAU2_92,CUAGAU83,53.2027594836462,52.961734726160365,51.09029973029821,51.28857333400539,52.54255789553131,52.04177032018227,50.53638086501528,45.89950785187311,48.2749770315956,52.223023670676056,50.3914414249926,51.03283674240297,49.21470798599234,52.48016387547918,53.46700227990373,53.06110913453888,52.383276006093645,117.93637057555596,37.27767741795571,32.92932600883925
CUAGAU2_93,CUAGAU83,60.92495507739491,60.418069427747575,56.451352624749575,57.01643162051384,57.43939032528208,59.647680878299056,55.60068327419241,51.30646626467533,51.59322654814376,59.89284882983024,57.031476222847104,57.02970168890939,53.81993036266272,58.79638972857378,57.80045990416058,57.36675440929643,60.23927598589953,126.48402898825604,49.34281803355288,64.95790490172742
CUAGAU2_97,CUAGAU83,85.61659884126172,87.89864466144162,78.30695282530003,77.66566305492282,80.49202941833873,79.58306073495825,78.66384588960943,78.1112019350258,80.65352801741014,79.62488938756039,76.96661994767724,75.66587670635279,69.05827473567558,74.34114854590342,79.70636779003422,81.3751208651754,87.59198921865315,102.68561383263288,67.3135021526138,64.42127942012463
CUAGAU2_98,CUAGAU83,34.23576040475291,33.98906139279436,25.703312404416334,26.177313608320983,26.98920356364666,28.52754078027007,22.615270950805275,21.105992442858668,24.056024671125847,29.407870683853616,25.54896339704189,26.61431070406368,16.218471186930312,22.077911056519977,28.063196821641263,28.75231285410908,15.004777710499477,66.61688108564701,13.171783179974437,24.623875445756948
CUAGAU2_99,CUAGAU83,29.60252412272773,31.75468960081967,26.534472610915586,26.79608269114613,25.31476832724758,24.935620074932963,24.54489151171384,22.51375378581448,27.001442131948057,26.344702387981243,23.38569388778028,23.621146800424988,16.06309168356613,17.00088695949863,24.80967308766687,25.258291094018777,21.562298767574564,98.03463863117126,121.2220711512812,40.99510257080082
CUAGAU2_100,CUAGAU83,89.02664471071017,89.62535394663105,78.96429278165247,78.50314661101518,81.50918481359953,80.41555245432531,73.64151225471777,69.01396503615707,72.62832020961413,81.38841490402241,80.04947760812045,79.92482529996191,70.96754729837153,79.49293412889341,80.59887614770375,82.72631009548883,79.50956528604544,60.36883703798121,85.22153875051013,35.9677138042133
CUAGAU2_101,CUAGAU83,56.74071311923019,56.96258967605402,50.37915968405365,50.7014988134214,52.918984513730486,52.94845875926667,51.23480675352102,47.52730476431696,50.94219130463574,53.0621000974218,50.84338636107514,52.33052024800106,45.16832063488746,49.90658782118008,53.80717704834733,55.1801551018627,47.85268532610353,55.162815721532425,42.13914228778242,18.301707200776477
CUAGAU2_102,CUAGAU83,38.48407547278547,39.60226497607102,29.496127506814187,29.96629657314575,30.780387392445743,32.26746587021476,26.802486676352046,23.45904208968507,26.25224445192657,34.03765949157963,31.23226945211614,32.57860966587808,22.82998028269716,27.46918963914593,32.07872664542938,33.20695598643982,28.106482479760096,52.23831568843691,83.09462479267899,34.12623742234399
CUAGAU2_109,CUAGAU83,61.88624562584006,62.27474709494349,55.91717947416329,58.44615711186338,58.303389105532425,57.90050624865605,55.54927380810053,54.37007092941694,49.95081010861158,58.67935632537981,57.240865844071216,55.82341286710031,55.76646399914303,58.70058478804813,56.780097120243255,57.449670750360696,61.17184760482712,49.0666846669482,46.8702230993652,47.17546338170915
CUAGAU2_110,CUAGAU83,47.43037074033882,46.7154963225088,44.48944536890512,47.36434243647397,46.321404559595386,46.96023624983132,45.51440164802109,43.52146889529142,40.50244896571786,48.53734426476892,45.81231710465562,44.67567035147452,44.16686759755429,46.913468031504536,45.34788284746956,45.84023757397824,46.80458423531087,37.59746527436262,31.725803055223604,37.6564423483359
CUAGAU2_111,CUAGAU83,65.22710669324498,64.76645104709375,58.73031065922604,61.98680834887509,61.023304135285215,64.8539136313086,60.48026703727125,55.77717445535501,52.99951167505005,67.34785195627019,61.85293867792633,59.85084278090597,57.83080444255691,63.20870784834982,60.08555159268121,61.15525538416911,64.80798664459894,51.50885050761114,85.93413716117414,56.473133127276085
CUAGAU2_115,CUAGAU83,38.2237067317706,38.49725800304896,33.292145982449654,33.82845705746259,34.76985944606776,33.307023165013995,28.451726340829783,27.98336161553413,23.42340783441482,33.30990814055795,34.657844674669406,32.37916563147884,31.832828272176823,35.058757026531346,32.34382912951545,33.52752327971829,37.94089061612807,31.59501905374928,24.89799689352317,31.5092195838982
CUAGAU2_116,CUAGAU83,27.526509429316064,26.712855231021635,24.52405687948596,25.94004336555989,25.98224293847101,26.21576450232119,22.790505795238424,21.475427852546755,18.327902516891825,27.306655712041845,26.18916952123987,24.454323696818125,23.66507459705074,26.382522321243364,24.54200503083366,25.36021212407361,26.812922571821986,33.08811796554984,13.236706849491444,23.33449366307537
CUAGAU2_117,CUAGAU83,47.34022963189958,46.417168717644365,41.48860583214768,44.46886205406069,42.71714576297951,46.59181916246377,39.70706690204529,35.79712935254519,31.60397600695247,48.82112601177771,45.367427445794505,42.00612136666367,39.37715360782351,45.983446844784936,40.482755647650855,42.2879817425012,47.26998982829529,50.46325608502265,83.71755337521476,35.257265228735484
CUAGAU2_118,CUAGAU83,38.09792496773317,38.097817725475245,31.700250329802422,32.06511533683861,33.24181043453086,32.708259900022085,27.57503737307807,26.447720993622617,22.774474184017784,33.01237113355306,33.7010282076202,31.238942262862235,30.89574691434144,34.42554481625489,31.495351732834617,32.67420176030897,37.66038503375619,26.420991094192512,24.92763303927424,25.642264120323716
CUAGAU2_119,CUAGAU83,27.14756963563019,25.87105679370156,23.043932963734136,24.72960143547989,24.51462923989551,25.180511922219203,21.62796367135209,20.20564166130244,17.046125498049,26.33553742388952,25.049740202818512,23.185219357319955,22.61942625576417,25.346683208046525,23.56037759067813,24.372442934901827,25.91127394432345,24.051357578955376,10.620004917872327,14.431205448313422
CUAGAU2_120,CUAGAU83,45.34616265572436,44.412099868911085,37.77337217323645,40.32921989251508,39.4918767097207,43.774615378685866,36.39502144620152,32.367962077173345,28.013589373982978,45.67590595768222,42.48389534577368,39.03806267382426,36.45975331560988,43.26034130695816,38.28367009384897,40.00576887912637,44.77910397234034,27.954736380131457,54.25331132782447,37.31484977943018
DAPD_1,DAPD,56.36616303696785,53.32966110109831,59.7539914625785,70.85090414238898,58.52871288672665,57.06185238775562,53.35364859200687,48.59510644912934,47.50593599596384,57.92817709565773,57.77211285392301,56.81232023334522,53.19316492653098,61.86978981738936,54.440763763376765,55.087729482445575,54.396586384180445,119.9393724093785,50.848231897850965,54.90443105361253
DAPD_2,DAPD,87.00459278414182,84.308097574419,87.13815388175608,88.71477338060463,81.76396470392004,87.92087324340186,78.66614997849838,75.16401941552039,68.43635191553271,92.37036006770494,89.38797545903519,85.83882686618479,77.76047885779063,90.839475530098,78.69233061502298,77.52570760873841,87.71385201387336,96.25477591383152,95.53098578570236,82.69443220667495
DAPD_3,DAPD,84.07861975779294,74.65522149350488,77.0650159435328,79.11887974075509,68.22580761501189,73.8286733561251,56.76610955717256,52.14207965489097,48.83471548246179,78.51221908071776,75.74028797193711,72.65085671033937,63.4289696984395,70.47344119161433,65.33148749766534,64.66775114866124,82.0399963732077,59.274635951868426,85.50772482642212,76.70185161433254
DAPD_4,DAPD,46.422071595310925,41.5719763015226,51.99406836772542,54.79711647905086,47.97076489389525,44.52228036685847,37.98014388674347,34.675418579906534,31.55870690868037,48.56607026799537,50.54040006317471,47.02536803091456,41.16090124567231,47.32775235901032,41.55940477671799,44.90441299149473,40.54910093664704,29.40451794688293,54.35894875767821,41.86961810847172
DAPD_5,DAPD,55.69478783228636,52.68128480348104,59.96329329434846,71.15696096969542,58.25788538255991,54.17044560864704,49.63974506494678,44.38243988056413,42.86059386390955,56.0707589670976,58.19667779469164,56.45895220373608,50.29997865606667,56.90809807113244,52.90402657041482,55.93490473473376,41.803096074201456,46.623805373655614,54.53647169782166,41.67484423493224
DAPD_6,DAPD,77.63093495999654,77.02975794320173,79.44892970655387,99.34500255824858,81.95264946090309,75.47241559814492,81.1979921346822,72.30139850402338,74.88284120532757,76.7431538468376,78.62957841258469,78.81041089252523,75.03945740438975,79.14911364922757,78.11869565309397,80.22124182358517,74.49921343582001,72.00769868501119,74.78501172678855,68.95581319805606
DAPD_7,DAPD,65.38740997100241,61.38911825051177,63.97608159192792,64.50018741928271,59.78912195297523,68.33733794863707,58.32288250011448,54.75158633690067,48.00804209417169,72.89946372753006,64.89371850254278,64.16065195755756,56.848323589428205,68.10217927525478,58.34452881591311,57.207110602585416,63.76252854849704,-0.5379445403431943,31.37905476544853,44.09236998690513
DAPD_8,DAPD,74.96755103253268,69.41972257709568,71.89221626772891,74.06358384949988,64.9980593973809,72.36064631702594,61.84944715251058,55.412090133580094,49.21628661163217,76.38831004045072,70.32309029877035,70.24528665407475,61.055879532591135,72.04240394598166,64.41472715505046,63.105283996474704,67.36236242131784,80.41929554490841,82.97104649687816,76.19536934620345
DAPD_9,DAPD,49.9072181066178,46.23876921741948,51.82907234441016,57.11730376844616,48.27730622125572,49.397257143650585,46.66682681320859,42.7246287506225,37.41906676990248,53.41962249079069,53.285061367252425,50.9926814071955,45.36652904047193,54.44526752436238,45.83277397625141,47.96345961684745,47.60035970976888,16.99798758608503,40.80092578448265,32.85837417360037
DAPD_10,DAPD,64.69679311222494,58.7934566865336,64.14012336157055,76.70721380647741,59.67197038948448,61.625113833314295,54.494498717402514,46.03100459562183,44.10148456168805,64.43395862614202,66.19031472239524,63.63962538188448,57.36861133544113,67.8740161402495,57.12896628304284,59.16321946789792,49.31336678631072,49.19357315690124,63.60515165433913,54.60379962641272
DAPD_11,DAPD,67.73647691802657,66.58671697519159,66.46078373035178,90.45316118231726,67.36479929281202,66.60658524299023,69.23946822164243,61.88792735123574,61.624466996490455,67.25140400108073,70.4492886663414,68.90328246819354,67.71654182188935,73.52663786050238,67.82713189535673,68.96672135423587,64.24337694876179,56.31178306984357,63.11552769076015,63.424698140099
DAPD_12,DAPD,18.239553862447217,6.842152148204796,19.727756173703952,50.93677282305232,15.387882327828832,16.281153735833506,8.83413391041393,5.304767177214606,1.7726229615943867,20.50830159154188,19.28247802370534,16.64142217336372,10.929501435250703,23.180020880560733,9.516319853707088,11.261639940838707,0.7646761173852289,19.0498364272228,23.683256004835183,23.879079779433795
MME55_1,MME52,-0.8467330463702313,-0.8272350090996021,-1.3884608457316867,-1.904219730354861,-1.320651607524662,-0.7771391081957282,-1.0629943973834273,-1.256305530656307,-1.4069342228045587,-1.0996624115725653,-1.256066763400942,-1.3284509852588715,-1.737427461127382,-1.2388517312663492,-0.7651943397050267,-0.7156415480718379,-0.9251759411063212,-0.6542181850926619,-0.7388701201913156,-0.758832631396736
MME55_2,MME52,24.1442929775327,22.008541452962906,10.426792928039474,15.843966065602707,14.763248918088202,22.099547081211423,22.65531333439616,22.50842717161674,21.46598176433008,22.877852603895565,17.231767398717807,17.33117788900888,19.232688096067346,19.14114582191298,20.370543997493392,20.895392419668045,20.190867509268,6.137816296946871,17.129588102732964,16.47546475251636
MME55_3,MME52,65.05620511549421,64.4473906546537,64.32104319109571,65.1813522165639,63.39260276335437,63.05784973956602,64.93445127198262,62.520273856535326,64.98514274242171,59.78659315249365,65.20094381539359,65.16499574271529,66.63873299251073,64.86250718529507,62.52160085096893,63.414838310720505,63.83085022827167,53.69169771637589,57.76176198656617,56.48846007887365
MME55_4,MME52,-9.166082343371292,-10.444471626843542,-12.576014696348876,-15.55161718271948,-11.600784966085522,-8.90882102937759,-11.37511756183765,-10.88104735000754,-11.147762031420626,-6.716928114709284,-12.364107570978382,-10.14268920587173,-12.598193140386046,-12.521151605591736,-10.456757948638815,-10.957200770247589,-10.983155848532704,-17.974407079398723,-13.241482739490685,-13.079699473222476
MME55_5,MME52,-31.74582979459021,-31.994377574847253,-41.318235566707365,-33.78576896824171,-37.028568879180646,-32.04948162897701,-30.90402037574881,-29.130799334911043,-32.37139894667102,-30.1918124338888,-35.6050688456974,-37.691128647834674,-34.80785175605734,-33.200209757790354,-31.69429890483672,-31.56224512080487,-32.656826870470965,-29.57947434003029,-27.390691144342522,-26.93329585313481
MME55_6,MME52,-1.1679996993142034,-1.2627266470606635,-1.0161015557517283,-1.2476419465398525,-1.195463027850317,-1.2194705365066776,-1.1654884063719455,-1.233327137783068,-1.4109084285610782,-1.2845887631790578,-1.193925127686852,-1.2580282325457193,-1.2341549484299985,-1.2711283088102123,-1.2541764537628424,-1.2196191308337694,-1.200115063085478,,,
MME55_8,MME52,-2.643000251189099,8.264363904611145,-2.6682324071669044,-6.995787677237049,-6.310123386212573,-9.883901726147474,-21.84644113488553,-21.841075928835227,-17.673923438130736,-8.086425561294073,-2.950076844032849,-3.267681979346332,-10.901703581452193,-3.501584880651842,-5.105560717986552,-2.928398525464647,-3.521853430627417,,,
MME55_9,MME52,-77.32199977293652,-28.04082177902454,-44.2524973522756,-65.36632443922709,-53.60194392509371,-67.86895860206515,-82.61259439760536,-83.95761878664116,-82.84069722911353,-62.58190206394857,-51.55107843117874,-54.83163910099184,-68.85052705666857,-56.89046913372789,-58.7688170875841,-55.87605645692043,-63.50750453605505,,,
MME55_10,MME52,-43.30699971119582,-25.38607266801464,-23.054196069277847,-24.186933877782305,-26.169915146187723,-27.36317185066062,-41.06154898845697,-40.70669583228851,-37.89062470304672,-26.56873425188214,-26.41174763392113,-25.31005202868774,-30.232561706845893,-28.11622381954768,-28.00276765929204,-24.329969893457445,-38.52802473057668,,,
MME55_11,MME52,-67.7620002397525,-66.37285647539872,-65.46437649687849,-68.33660006028468,-67.21724244799391,-64.14103149336546,-67.89550419790267,-64.81021550300439,-63.14618387164669,-62.18612995622936,-67.362425675366,-65.67397225392628,-67.86533674300445,-69.95186623600966,-64.75095928142991,-65.20514750113519,-67.8190355797626,,,
MME55_12,MME52,-10.277000015868154,-10.188136077504469,-5.248309208665352,-9.312376011420769,-6.681247423872333,-11.044681301286152,-11.956211226959322,-12.367383985874488,-13.642153857448656,-12.077071183051,-6.602724025859661,-9.707004169766808,-7.910585044715493,-8.814958664068897,-10.600344666397516,-9.579523423527815,-10.038341841426565,,,
MME55_13,MME52,-1.0820001534037549,-0.7861220319021514,-0.8839953117407019,-1.1978201419574408,-0.9046460212174532,-0.8536325131259355,-0.921924996718767,-0.9895121597024884,-1.237213115898648,-0.5857769565043291,-0.87113676442892,-0.656713513905886,-1.2110987443487855,-0.8307471170864194,-0.8578059528883155,-0.7968614173789523,-0.8364081309422353,,,
MME55_14,MME52,28.10299987309709,31.934179524019022,22.54693573381261,24.594655460406184,24.1477631049074,25.87732981772402,24.0950349899699,26.30317494045095,28.36358428910848,27.932680122076263,19.60538981825535,23.90574456072772,22.999961367110675,21.876507875150228,27.847844041233984,26.512119342989767,32.40060432329256,18.04082372597273,24.77473963020756,25.362829096220786
MME55_15,MME52,-27.573999973822403,-28.693966395508745,-24.07980840960212,-29.18877531172673,-25.289413806488927,-27.445996825999032,-27.34766991982177,-26.082406879466653,-28.16271411425653,-28.05100901879029,-25.71692459055512,-28.04274038963988,-27.644003676009763,-27.20395261726718,-29.18700774267101,-29.683488721385,-29.701919577792623,-28.25726985419021,-27.340726189002794,-27.183310357975653
MME55_16,MME52,8.371000229320414,2.759371192716128,-1.4688852839948796,8.760070912649978,0.4324041653394148,7.154762621692581,9.999417811285335,11.66336272112304,12.674015737363227,4.667855477729294,0.3792034731350701,5.55045546000588,4.818688863357846,4.71231082182644,8.178161421928756,5.38996382521109,8.498637425529353,17.107415453069738,10.224016056322535,8.168016368526585
MME55_17,MME52,8.042999772210305,8.148723384148129,13.675877220830776,10.399465266768738,13.463161360728408,10.344951761580782,11.332648159781316,11.38675554079514,11.03048383641613,8.141630518964527,10.396069060182622,10.920947163327115,13.597052743589256,9.85742208117212,9.435264643095774,10.460097428568886,9.500112946811406,,,
MME55_18,MME52,25.440000267460228,22.008345481743515,21.228293600113226,19.61322163837139,23.517539150179275,20.34066312590922,22.189287148096344,23.22755968034465,22.32645965255261,15.484169201234922,20.471763095354568,21.40243940188553,22.6463936637748,23.0278438715842,22.27798805972345,23.0982395788965,25.03236449678452,,,
MME55_19,MME52,27.77300017080263,26.141651993755787,17.851170580080588,21.82125146139099,21.44512165495906,25.930963052571222,27.2075874027722,27.909309786764243,29.55790022978608,23.81629722691294,18.497972958322983,22.73645093691126,22.87612143086052,23.30702089147877,27.074256950947497,26.605668392621592,27.21625457612499,,,
MME55_20,MME52,2.3329999033424005,4.13330651201227,-3.377123020032632,2.2080298230196025,-2.072417495220218,5.590299926662007,5.018300254675856,4.681750106419592,7.231440577233458,8.332128025678019,-1.973790137031585,1.3340115350257298,0.2297277670857171,0.2791770198945782,4.796268891224039,3.507428813725092,2.1838900793404674,,,
MME55_23,MME52,6.95399975062341,3.475180160485552,1.1006485429832538,-6.6888952583870775,0.8827289978873475,-1.5182215220873083,-3.011316811816238,-5.186591957201155,-5.549734388761645,0.8493432975204932,0.2632946297191307,0.3516483402307689,1.2834611288796698,-3.548192456753994,-0.7145746568461613,-0.0218787456569941,16.362422098390144,-2.377392155195077,4.352500111197832,4.9995006834882965
MME55_24,MME52,-6.035000203182534,-1.1758077367691833,-1.3093031613443022,-14.587056619252468,-1.849728125558128,-6.459362897511374,-15.16698456045274,-17.54450550787726,-17.133128682413915,0.0478793494299468,-2.549828585643813,-3.7713899210854858,-4.537660000690813,-8.577561350984386,-5.544420512671765,-3.839066503937003,4.187007806804612,-5.973782224205559,-5.142190708023861,-5.9783859647467015
MME55_25,MME52,5.229000051792484,2.567160021124306,1.028977171483131,1.4626110049667402,2.532746083592447,2.123943866603204,4.47377890827643,4.368730497032978,4.052972372520348,1.891796485956494,1.5046714592288504,2.1718095370990733,4.288813462586813,0.5142546184976771,2.8749972808992297,3.1039720363040817,4.296799160723689,2.0042022838152644,6.053908735624151,6.271077947394975
MME55_26,MME52,4.165000007652141,2.096120787418897,-0.908193081312092,-0.5997514669622157,1.9190393073596823,1.265397954892055,2.263600179102471,1.529806350498604,1.466246104651218,2.098981791155942,0.3290586261537654,0.8796418391597991,3.5244413482112784,-0.4925494431504425,1.6925125292718846,2.112172793409185,26.923369305014432,-2.9631680786277323,-0.5684816228279461,2.268334634007296
MME55_27,MME52,4.138999780103939,4.340410052650257,4.0288784562381,4.228279380707269,4.684916330790074,3.873829336471032,4.596981106743582,4.1203965713905255,3.681054221601162,4.502370185052709,3.541063133056258,3.678458466367029,4.384388489454154,4.134995955395199,4.484592340229536,4.39418930931974,4.138366372156858,3.2818815607796448,4.201789640546221,4.491286622045445
MME55_28,MME52,0.7230001007656064,0.3356900835639643,-0.333390386965262,0.3085268303196241,-0.3408421244176198,1.3225766178699463,0.0082827481069389,0.5599993065727962,1.4774116943929638,2.2484560535778018,-0.5166746090169461,0.8980231607958844,0.8955431805487394,-0.4168152610092264,0.8045078710450246,0.2469399756002188,-0.1328240393423109,0.2668698332327278,0.8025032891251818,0.1317537022936152
MME55_29,MME52,0.7389997098257142,0.8032078598041662,-0.5901131095503327,0.3585060770476776,0.7482570430659257,0.7102026730742198,1.1328193219506415,1.120569960329341,-0.0536624138718457,0.6440700770780876,0.815393905561584,0.0017857663526583,-0.052614033837208,1.2376218125775926,0.6822770578145493,1.0447747851405682,0.7915714557389729,0.7328089077010871,0.6881274922903678,0.9806250168648952
MME55_30,MME52,-3.411999933950674,-4.274773251811332,-11.8821278974899,-7.063371012710282,-8.073010977411213,-5.480561069818685,-4.190417529955949,-3.920696638822837,-5.092393874735246,-5.373385589462562,-6.705594289716013,-10.663143932219675,-7.036402788717679,-5.5096421178390695,-4.523916162444861,-3.933927801257705,-4.463642025970121,-5.92525871743769,-3.6300221069155483,-4.003597628290043
MME55_31,MME52,8.797000096013422,7.935585398977301,11.374298223192426,9.558007002689298,9.766149259704076,9.029792306013649,8.054719390107739,9.086155896737823,9.756992766829326,7.535664323535669,8.372955862618204,9.586637561314443,9.36801464118212,7.781200629790945,8.239348176957847,8.16123215841034,9.073578982059445,8.06379763846458,7.178067562921471,7.551930821183856
MME55_32,MME52,2.339000148933362,2.206352176347596,2.0509023918808373,2.78790800201779,1.8468604701197868,3.080092602717621,1.61168497879111,1.786566159386005,3.461609452526905,3.385324192199928,1.1593952896103654,2.8253388168179208,3.084911059752496,1.1529597409260957,2.603170091311275,2.008934432507252,1.771821236385247,1.6687676992994207,2.4157755903929568,2.0087596750540406
MME55_33,MME52,1.705999966975337,1.770870516223838,0.842473826200765,1.5868372983382366,1.3123956534179353,2.1644809791101185,1.0282848403825162,1.320811998277318,2.16263089300318,1.7417179317385,1.0885532348781273,1.4730494367723304,1.5558437894586086,1.4457922447266152,1.65512946803697,1.5269016721074684,1.5545613357414472,1.2254671074833898,1.6666706392600004,1.2273375194040343
MME55_34,MME52,1.4830000426502126,1.4471946031356615,-0.2809796035515788,0.7565906203295255,0.8695445845565812,1.435471847374802,1.2283504230486135,1.3432134592200864,1.3427601464901149,1.3337813644736367,0.8565803645113214,0.2612613105006605,1.0086523277400057,0.9396347573413496,1.2872000812825732,1.5847358949191757,1.295521547370436,1.6538376366112466,0.9394115436477442,1.2348563139119932
MME55_35,MME52,2.492000136408145,3.7509574596069073,14.117700115305944,7.846910780261278,10.395767918460312,4.213933196237873,4.116641868352496,3.333148034351664,4.31837938738624,1.9987349562934849,7.222820291383535,7.152458155615737,11.057411021038272,4.656881083736273,3.478075740513576,4.320840103096511,4.19642939694239,10.371333096555178,2.487608963983308,3.2578873210157497
MME55_36,MME52,6.652000148570976,6.627071205312082,14.230187902852172,10.998498486962884,12.402865317147938,6.524360329174064,7.123842970952799,6.77864944451389,6.695499984005167,5.923079119299918,10.616614857607155,9.750239886050524,12.61589179372329,8.731754415913578,5.907334279230399,7.008310883779175,7.325871108551895,7.973423243238239,6.090145930903961,5.439702264080958
MME55_37,MME52,8.30199991506225,5.353126446037032,0.3324111583711486,2.5001974183639906,2.698435316688855,4.347015406056543,5.271836358905534,6.049139058717644,4.564103688811873,5.271051344579937,2.968188712982616,3.442388335767224,2.127793826227104,4.0063330451741,5.269087678461832,5.3090828739249165,5.286212055127315,7.944965289712976,4.973037767442535,6.0235516972962255
MME55_38,MME52,-8.459000275434166,-7.769016773872899,-3.7208141631399134,-3.967667731114248,-1.5426189020521188,-2.753335869279812,-0.2675360917593568,2.0221335925827457,-0.7111726766061488,-3.431292210789384,-10.52964825652928,-7.170605667240342,-5.852710834632098,-8.192849285260365,-4.023612019819338,-5.372224382762592,-14.43872508315823,4.174807079689092,0.3135835158353881,-1.1992583993356922
MME55_39,MME52,9.954000181756829,8.693314069753821,16.71947136268064,11.61780980065462,12.89266269151057,9.659341185541162,9.380197925812908,7.550194179997617,8.44035822359062,5.324745761381873,9.167580082852323,10.226209085671645,12.611164263247884,8.8043000389778,9.365089756571816,8.839103095042992,14.264468111796068,5.559324576839902,4.172020054013024,8.118199918272468
MME55_40,MME52,-22.53799987341918,-25.538120597799026,-29.54117854557616,-28.94203689266333,-28.631209675177995,-26.934482479007528,-28.6811673984731,-26.0495897023781,-25.304192658588104,-23.46261054772636,-26.59334812260889,-26.24237310062786,-29.77820907968494,-28.00493946972802,-26.78641986112357,-26.696347214024904,-22.970874401330462,-23.77602509765087,-23.979943137869594,-26.8214560972772
MME55_41,MME52,-2.6850000877974094,-0.8074634408009241,-8.449479325191168,-6.987701402009341,-8.58605029897794,-6.299216204365267,-6.950805853122459,-8.536525243312616,-6.517085235340044,-6.420589401277408,-1.923619750485028,-3.511974052771261,-4.757011208207331,-2.645967806333766,-5.0261984651057885,-6.367042574056091,-2.06011277523578,-12.3553425639484,-6.398798452653315,-8.065065205087805
MME55_42,MME52,-3.418000179541636,-6.134604907571773,1.685439556413353,-5.612410348135973,-0.341632033778998,-3.983612119369081,-2.5291552235714363,-4.677935162253051,-7.239823853064249,-5.019446400451641,-0.6753170993870918,-4.566664492223542,-5.014461904282495,-2.61599481624863,-5.628787655706585,-5.047475115083902,-5.589382175368436,-5.2125440254583975,-3.436902458496879,-1.3228678162069498
MME55_43,MME52,16.708999735400013,14.956550575754337,19.844479901144155,18.150344067973315,18.69733284370705,16.300192373148516,16.019137029233935,15.581057354409255,16.16314009983399,13.947689224792985,15.509634100213605,15.905414115210506,18.88329602975254,15.249400775762672,15.862280807447004,16.41361019238151,15.62424085555119,23.20569559039681,14.829585081957525,17.61846130456965
MME55_44,MME52,14.659999952356111,13.32710764332369,8.532161040119291,12.209718591045378,11.9836092943909,11.871820364088942,10.851084023865608,12.335982156988832,12.976258436945766,13.248144360685204,10.40500987784937,11.857473426844429,12.215906022995894,11.160938789445057,13.201406827860714,12.859709721552315,9.496395881673244,4.870082336494738,10.36860988921639,7.883970173577821
MME55_45,MME52,8.501000112042476,9.001759511899545,9.301433061911704,10.04544519238519,9.472858923669287,9.532703498924384,9.532891939253645,9.839509823186493,9.11472489673532,8.437770625608021,8.205162151082007,8.062884982664375,11.176647924346277,9.128678643383978,9.546542718172416,9.145487357300816,4.887663762992809,9.909608468958442,9.756932741442874,10.615217497679163
MME55_46,MME52,17.105000256666635,14.290227193464908,17.259120223166235,14.373510125739152,16.735863227518088,15.595587085313564,15.48366876272793,15.336016975717424,15.540594665051565,13.772061998397977,13.568197159707,13.397973731500226,15.247486621587448,13.730906036828092,14.19298029300874,14.93479733237707,14.015477102506631,20.52531242843711,16.645506750765147,17.530790354997844
MME55_47,MME52,-3.2100002416844418,-3.899524155457246,-4.261292528729856,-3.260438260939565,-3.941933629993807,-5.438768938794857,-4.217277570918364,-0.9858550343545064,0.7838668882902979,-7.78766635539773,-9.987384627102594,-6.946677844394327,-4.713811824309392,-8.797543330973868,-2.1026889914586744,-2.869423679130415,6.953392158146731,-3.362158968927855,-1.4722420464613954,-2.341322194120437
MME55_48,MME52,-14.939000077165296,-16.117128155760522,-12.327780921757356,-20.629146926892336,-17.702365493362443,-21.36049779820185,-23.54573522201566,-27.7521228678428,-28.309137049247497,-17.774414625280638,-15.137994375642286,-16.961443345521957,-20.236770460749863,-16.90292024301792,-23.51207379393411,-20.320955437627727,-20.01591284149901,-5.579025841123182,-15.250267267574957,-11.800889980202928
MME55_49,MME52,14.272000176883754,13.606314971690946,13.489565077004302,14.700482659086529,14.186844568547643,12.741824599468051,12.565534597955349,15.474770991927077,15.389034184265675,12.62542529452635,11.626432659009357,12.751267299554645,13.963099037416226,11.58993419785624,14.18680497280468,14.40280433838547,14.687951370342091,8.281279197532704,10.83251295348773,13.309322611228737
MME55_50,MME52,19.699000175554808,22.79639930153525,16.15704961835604,19.78201378025976,17.524674890676927,18.56351864455134,17.941236261869218,17.43341148146609,18.895007426827423,19.14968691599161,14.050676581420817,17.398284881627525,18.751063154299107,14.34413609324799,19.522282086828024,19.196728728623324,22.06790815413093,22.43763722195918,25.21271536004334,24.99983466463071
MME55_51,MME52,10.720999991824574,3.2544990093577,-1.9211590981242928,-7.1720676387043465,-0.1970625732390797,-1.1043601985846714,0.1518928095989944,0.3584671085221919,3.343015683982882,-1.5592426946778928,-6.943888690445617,-3.680069533532608,-2.990723707328292,-6.135499610192438,1.843872395773956,1.646563775790019,15.20694039131306,,,
MME55_52,MME52,-5.792999919492346,-2.890220911803928,-5.636658444062751,-16.703868967182114,-13.73201973993669,-11.223998408448992,-20.91425102469958,-21.76823105226437,-21.089061735498746,-10.905733760804283,-6.619519756260527,-8.358376119252606,-17.14764718104596,-5.938527022401247,-14.27441546085094,-15.197207047834947,-11.226482743834069,,,
MME55_53,MME52,-2.6300001374149984,-5.098618831298396,-5.954745443628008,-4.723076060191876,-7.047341534043339,-6.078295219312834,-6.386914732286725,-6.049899599576489,-6.119741404512223,-5.222529989834047,-5.041260449681437,-4.767070122643975,-5.665508254861826,-5.32881195979636,-5.8336651692639,-6.069566311837061,-4.794578894531423,,,
MME55_54,MME52,5.880999965606098,2.586359363906478,-3.1832175097367434,4.139187593881311,1.9760446528552424,3.467410275384723,6.497951592875468,4.845183317286031,7.088616283412835,4.926051529608271,1.591819848934691,2.178801309549446,2.9738251283847568,3.264439574875753,5.090881137464117,5.625321418491112,1.2743583952203072,,,
MME55_55,MME52,1.8000002586800508,-2.5494921779195825,6.9991284752369705,-1.2074010818609022,3.2806625150360933,-2.080275482975064,-1.5283149488946794,-1.140663504072337,-4.031650792882467,-2.4195618860344785,2.6942476321269457,0.4636221347521336,2.503131338558587,0.2339687271807445,-3.1792501440179795,-1.177112705824642,-0.3788026514883296,,,
MOBH28_01,MOBH28,26.20000020934484,27.64909773491633,25.47860584248712,26.628452884977733,26.72309342471695,27.42847676185282,28.60725243024088,28.03314689896627,28.89667304016969,27.0184028972361,23.061378040720506,25.81573355046205,26.89502807128292,24.767575296843223,27.39003214273832,27.510768103241933,26.22115928925192,35.11296604834583,32.30763506650374,29.158116768173624
MOBH28_02,MOBH28,5.709999868867904,6.7215727514605526,7.630494120299516,5.854697278475431,7.119948647106547,7.895104574388092,6.087621892583764,6.856036109150666,8.509019620496368,7.953433336923292,4.678306648070779,7.295868857258935,6.441571811921748,4.914206347444486,7.048180639598671,6.199833011303716,6.363237344341169,11.907609383636125,7.793425358363746,8.245511767175875
MOBH28_03,MOBH28,0.9199997975425288,1.2713475604134246,1.1882530068310546,1.2202429377113395,1.4171736712915293,1.4194703559336812,1.3056690027714022,1.596121865854849,1.933293122783552,1.435544638702752,0.6720568109429542,1.1445511134384727,1.1683738831477055,0.8264902181624869,1.3746535038561083,1.415824463285999,1.198657201779329,2.3403646323122658,1.6580398210639955,1.667619694238445
MOBH28_04,MOBH28,1.3600000281112898,1.942196854718686,1.3142745421619555,-0.054970457519995,0.9942484755029848,1.6227708753870846,0.5463457670981134,0.6311526686303914,0.9584412789239446,1.4464928593497992,-0.0472846586555193,1.004326779748785,0.2917166670681288,-0.0538900179116495,0.8901890814984151,0.5747771547815769,2.311687541870844,3.734721825714359,1.5136543793235784,1.8066034199095549
MOBH28_05,MOBH28,4.630000215667453,4.737712781614158,4.437051719913355,5.356379580549316,4.148420140442443,5.056006984956427,5.150316701575452,5.438270256953381,4.272734724519057,4.6796525302256615,2.786847699143874,4.485130743086258,4.467867267104791,3.3586893645457225,4.20173704765623,4.0658169270039535,3.830541518047408,6.476906071898207,8.440672624186016,7.05727248854917
MOBH28_06,MOBH28,15.760000215023275,15.396601948391016,16.460411167198238,14.95478733701038,16.168941675752286,15.67300920414604,15.14662030901775,15.000407903369084,14.850202215478127,15.141630730047082,15.1665285490896,15.31387775103566,16.58723603999467,15.344829404705532,15.199156280531705,14.989510762137902,15.974416004316096,13.05896943489896,11.31189446357778,11.566645060465005
MOBH28_07,MOBH28,27.59000021039198,28.363599663070687,24.38296620579023,27.37029439681406,28.21109722804412,28.86553620824364,28.914505667074977,28.216209735933628,28.687837887187605,28.20289210223797,22.130138795657963,25.56265828928176,27.37880455520254,23.30605672323813,29.11930110217673,28.76884992521487,25.57470099330177,35.779952021589615,30.036170543662408,30.09389197131248
MOBH28_08,MOBH28,34.5700001885636,36.31647163007682,27.65260846205448,31.877702353854392,30.72055587004868,33.45008905028079,31.921713923036418,32.09736160619516,32.99781454615508,34.21776926887378,30.4961692125048,31.2770143287764,29.4880720424324,33.29470628363077,33.35004245388531,33.04307090575751,44.62603925282336,21.910349293214225,31.70145726937896,30.78897216063993
MOBH28_09,MOBH28,-4.289999894884893,-6.444690282869693,0.9184113828963538,0.7453350454252493,-1.332047555869601,-0.2285891512013076,-2.632258669508394,-3.6660418107484607,-2.78726122807978,0.9565333992063836,2.3046220422600707,2.276325381062446,-0.815664926719639,2.239314809678337,-4.088215250147174,-3.8195228468663074,-17.021804209651883,9.58524179056166,-5.425648857209903,-4.528238970644441
MOBH28_10,MOBH28,29.48999975134876,27.997747520733416,18.432837663230984,26.420800273649423,21.049905897134305,28.808928578555395,29.3727354871691,29.09926880359533,29.667080414774688,30.76191476857603,27.12298965016159,26.72868321628727,26.00561572101557,28.57478766276964,26.924073100240903,26.600560026279343,40.36467280360287,19.55916080264032,20.7902464969946,30.65558060603606
MOBH28_11,MOBH28,5.500000058316881,5.100956555453685,6.755459831874014,5.199892083596164,6.0251696398259735,5.18708743903498,4.338498345136849,4.114532934756701,3.68618128804162,4.8651369889628455,6.261268824320819,5.580717229522312,5.239383953011913,5.587931015701281,4.544189675656843,4.646174397891782,3.6741027597162232,6.188534929715424,6.120339028025537,6.346188958015259
MOBH28_12,MOBH28,20.65000019613485,18.72515146830607,30.829733106002244,26.706963419182227,30.33916439696149,24.64556009561389,23.068274495375658,26.74602255818937,24.82657712608484,20.97966003929745,23.150775487774315,23.60534328791272,30.93724085282069,23.046192499723176,23.990637744613608,24.623676832164755,5.275795949610168,26.7237427961187,27.386141548514185,22.27389076982897
MOBH28_13,MOBH28,10.100000301048471,9.480097747753671,9.876061497093907,9.941388998388272,9.483175493653292,10.875046665070306,10.8004901937527,12.229579265888471,12.566685826818016,10.876040075399771,9.221983522929616,10.404535857097711,11.04378389988964,9.805408009104644,9.899316245184682,9.158469837707194,10.403912269517972,6.879267250013538,8.575797623369278,6.627296426016944
MOBH28_14,MOBH28,20.66000018711347,19.94371500246587,22.432697822303204,22.986860475006885,22.124663398939354,19.70049051054828,17.085582917230788,14.73590826745165,15.953364561154292,17.46075068876051,18.8085117720512,18.24326052497444,19.399133289951006,19.81643273781432,19.882589994900265,20.386093431210217,12.445504051729689,18.250551543389296,15.997723626063715,18.304892119738312
MOBH28_15,MOBH28,35.450000022191645,35.748055852658965,35.736540238110315,35.39997741423965,34.46722875768529,33.17450571452669,30.81889400935428,28.87024962019055,28.53448498834776,32.642319698636115,34.908401928973376,34.00663347789605,33.010431063353685,36.55858160240447,32.45782149665324,32.783478017651404,32.430084806047155,19.395520230422346,25.60989585238672,23.03644019188877
MOBH28_16,MOBH28,8.409999943133244,8.058603297307005,12.01915281165216,10.85108440003915,11.728122514479024,8.993559908632022,9.024641331401172,9.854558002414349,8.237630746277755,8.378722423649858,9.570007430738793,8.041582981314788,10.902873007968498,9.37625239720717,8.949877342626474,10.12744882044151,9.238907865016609,6.946172248597907,7.730099187659492,9.381972977157934
MOBH28_17,MOBH28,13.840000064599783,14.606839295050504,17.302249388455056,15.967470974121229,18.31168911533107,15.414305873294277,14.020468149788284,15.23854366986887,14.429701277099738,14.123152419620494,14.556782864260615,13.745687273166965,16.94134660155729,14.391881092793676,15.985069414556133,17.203792524414023,14.615585097876108,23.127519210212338,19.620149571371755,19.973637382735745
MOBH28_18,MOBH28,29.449999787434283,30.59375408944229,32.65730594270608,30.59269661054516,33.90707144424284,32.462627591753794,31.02792394125757,30.780855891015484,31.906512066822625,31.246507453912045,29.17504258062344,31.18752746192613,31.648387299651265,29.85738446006612,33.04678783285361,32.89807486456509,34.1574259937283,13.10645035493448,29.9989719807329,31.68165074230613
MOBH28_19,MOBH28,25.829999915626413,27.27270826515625,18.436161580862382,21.522261771191136,23.02935867970029,26.703031884046723,21.59624758546397,17.268998288945063,17.95862392191788,26.6927435525465,24.552694089955075,21.62159990946332,21.97364289005264,25.3459342754908,26.069021725581035,25.72460524412461,24.24481419080587,3.851330582549226,15.646865485922133,22.14863752850064
MOBH28_20,MOBH28,14.049999875150808,14.206208255863997,11.823566830921491,12.55803065135373,12.19213935243987,11.30701163677896,10.42099963493035,11.104898867338498,12.53325915014488,11.78864699555088,12.932808174616726,12.453872989377455,12.350381867821266,12.49829739707105,12.849741859090098,12.579556171554117,14.177832139366718,14.366366393144412,4.975141810632771,9.105251407070217
MOBH28_21,MOBH28,30.17999975638303,30.59622791993333,27.545723957674944,27.54057379918712,27.55053601398112,32.84956875879448,25.06865151858781,26.604159420510168,28.012247382188747,33.14462327411408,25.96979622535237,30.17722754494286,30.779913936560785,26.613729567450427,29.46789259258067,28.25356757106935,29.063854202069432,30.765771670674283,25.910637010367733,27.65637953312301
MOBH28_22,MOBH28,14.719999898227831,14.178724031065736,13.903237833763963,14.776091777829036,12.97928673468008,14.856054619982366,14.075834440179047,14.328674322590766,14.867233512841349,16.090522005185758,14.05438629187758,14.972879815722951,15.060225871390957,14.406598323557724,14.230979443321427,13.326838943697847,14.630355620438694,12.200216793128249,11.873032742156806,12.541526317073744
MOBH28_23,MOBH28,9.789999953201772,9.559296973599391,11.208173623690389,12.730288151554094,10.159467365907776,10.500304282251593,9.85102273945867,8.970844567716405,9.651105688483524,9.677375054803816,8.291487688098195,9.79503170065072,8.899229546912807,8.499545231373784,8.938427491031561,8.997683022467053,10.02668739658344,10.464556640469278,9.971775651814736,8.963517864294245
MOBH28_24,MOBH28,2.909999884816363,3.3705779708190367,11.53383585492158,7.534005376961876,9.457992220602089,6.756469808392542,5.0462414942996165,5.832294688227305,4.752047043386955,4.7894734026030426,8.283468869996279,8.721805635786978,10.75258819129909,6.4330524922486605,4.256473444192144,5.079422061734433,3.662221765232109,2.6450838375262697,0.7750458657909504,4.429996143496877
MOBH28_25,MOBH28,20.17999999263024,21.3188408327589,24.38799161562952,22.375404324879185,23.065179932457053,21.14033609914527,20.3306195856488,20.11819037213868,20.35967308610912,20.644655446939023,21.69521241833141,21.92755501749373,22.59006364423844,21.954845153509776,20.794670058075653,20.80632849386821,24.529963586599067,15.691113151927569,24.80526483723352,18.9150523052219
MOBH28_26,MOBH28,1.050000307774065,0.3591451955723428,1.564552366191998,3.1850995989877915,1.087321684724796,0.2700612523535095,1.556196450012852,1.0763604120044523,2.522015671563175,-0.4520496674904207,0.8083083822539271,0.7175903416022178,0.5723852768317509,1.2574635995210588,0.6958828435813367,0.8552443966301879,1.2715606977519736,8.096792378327942,1.10938056657367,1.608691241537054
MOBH28_27,MOBH28,29.160000049054297,28.39013841929848,25.51995112407448,31.247204930664346,26.501957077993914,25.67220324575066,26.704939512863024,23.039879691763968,24.802861974253744,26.610575077368747,26.008966433360577,25.44442144821853,23.47902425039023,27.517005484518226,26.35177918892098,27.23373484399271,29.446170330550885,7.396180372380072,27.43738751068085,22.97462363953841
MOBH28_28,MOBH28,17.280000098792488,16.850829552183345,14.672720134211437,18.79294495630601,16.042453963669217,18.2082792563198,16.95164189851023,17.25860127275481,16.94081434809997,18.03773466879336,17.33006355761271,16.298270311766945,17.98893551598718,19.31802480382441,16.718091594659114,17.067085632271255,18.27405368745033,17.20518748650484,15.067505474627806,15.750978525923545
MOBH28_29,MOBH28,14.019999902214945,15.403489868979038,18.99643222248733,16.50618490831232,19.43318672303614,15.941821712725655,15.564860142578665,15.312403731317415,15.797196152889848,15.145040867681308,14.03569874586034,14.96819928518157,17.96449715943073,14.21901026485619,16.56210861540944,17.706771237443387,15.58197096429824,23.97382999177114,21.57643040075252,18.229161222811783
MOBH28_30,MOBH28,22.25000000773303,23.646449049112885,19.820401860769312,21.68852040632664,22.80059087638646,23.53174332938673,21.62933113993276,21.32265207433053,23.50466692307734,21.165808214834623,21.748546958688834,20.177575358636663,23.56134332781855,22.153400069892395,22.78269116874295,24.67131841822973,22.560482452272133,37.303312709571,28.329598252618627,28.72150541251557
MOBH28_31,MOBH28,26.92000018731496,26.8871205106612,28.741618461070868,36.319052890252216,31.93918968531106,30.185138431415226,32.51346263614058,33.32495537796083,33.96797977278138,29.589860918720223,34.82167949220319,30.773976504565933,36.60125174465895,35.93716248420827,31.1541703132951,34.106629120718665,25.83951092609093,35.72476701915027,34.89329781758924,31.55649710521549
MOBH28_32,MOBH28,8.250000087475321,8.465832598604086,10.140358008145457,15.769113221327531,13.300630947811424,12.123859544461435,12.749266234238863,14.604966053760684,15.000144286544764,11.92992987516361,13.81133844386368,11.328215056405424,15.74448554525299,14.13125350415773,12.764172533619746,15.09178263269626,7.830891630279632,17.460635949893636,15.520014075218027,14.493813446780662
MOBH28_33,MOBH28,22.59999969198473,25.774032973215167,20.7596115430084,21.545306240912208,20.869185113777924,20.44670595194325,21.279387554981703,20.67175180792427,22.531836789062982,21.47661710846664,19.842916398636618,20.78786503149713,20.31535228016136,20.2673052602039,21.974783702196984,21.695588296669005,17.63911577638305,19.09899022669165,24.616469153065395,23.025332274768587
MOBH28_34,MOBH28,14.609999997463008,15.93726160123444,13.743074135547772,13.591793774996448,13.664282602633278,14.08582439108359,11.315376589041776,11.025518228681657,12.914927041228427,13.078857616151849,11.309438906359684,13.061654067404795,13.987775972891582,11.413865016846522,13.459974867645297,13.731827534019686,14.369177542810476,15.720402436646264,13.99698103357223,13.700442198762335
MOBH28_35,MOBH28,18.58000018103205,20.62238921442729,18.40027362375496,19.52608855927821,20.334293653644743,18.722222065760945,17.74398932607057,18.40409327405011,17.761634955560687,17.73447753760763,16.31750084156857,17.804136423040575,20.13830976919834,16.244468779103414,20.24195343814976,20.405186348341115,18.1173410416086,32.77483700048288,21.99998585603078,20.95670946207518
MOBH28_36,MOBH28,31.82000015940516,37.39164322539912,28.040822657642657,29.16778894758622,29.994104028108644,28.43662720745834,22.278956307160584,20.61266746134607,21.34236729221805,30.274954113533543,29.93652206429136,28.264832621152333,28.79260875155738,29.1297993356591,29.45698528588912,30.7579449551967,47.26783129743449,10.175763222111256,24.42405080198461,24.807472126071158
MOBH28_37,MOBH28,8.220000114539461,10.170992518592303,7.298632283591291,6.878129211544523,7.5981839084679965,7.10343862181181,6.800847027334113,6.877941900083664,8.967964738341342,4.646866227127455,3.400303345491395,5.849915467979039,7.846260993956514,2.6766222715188874,7.34717622818074,5.978986322960039,9.516213972171611,-5.076233387867751,0.7673240701164311,10.374003643891411
MOBH28_38,MOBH28,82.33999976407634,83.45624361138537,76.92900985397515,80.51431071077589,80.9919588742828,82.13684231681974,83.47008885497453,83.00027527285297,84.63844096357401,80.97583194348344,76.30750275889659,78.45854104176843,81.08821374483014,80.48217814684547,83.16892340127058,84.14292365215424,94.90943643547548,76.91997170587123,83.732076186685,89.03035592489965
MOBH28_39,MOBH28,37.17999971651188,36.06603103030536,41.70599136633601,37.57243523089832,40.5740509970843,36.025005151015456,39.56393487757988,36.98890814701053,32.73253027244228,34.717216483893154,40.10592441125582,37.17924877587436,38.70288997162928,38.80849184679632,34.03734630167442,36.45272087967723,38.04899449606432,27.494566124657045,31.567407018029723,34.479162360778595
MOBH28_40,MOBH28,47.99000000455186,49.181053209754765,51.86970728515168,54.66860950414551,56.36909391393607,49.7416029675812,53.6351308304784,54.69135891883619,52.88161073976586,46.85732582557932,50.91513855538309,48.33836577961901,56.27349930878044,51.53111710362487,52.55187044977437,56.04228246162301,53.04372995212775,50.16530069871536,53.79168398991981,50.00534745790005
MOBH28_41,MOBH28,14.370000213976123,14.85781886261672,14.288110980664978,14.5813401965251,14.95939626859335,14.106030196054505,13.211495799797436,12.35426966552386,13.741833925698332,13.18244430733193,12.09001475828143,13.313121147390383,14.79856565314148,12.818519999673429,14.334708328099907,15.033785948001563,14.502416692116194,17.68260123583705,15.19573908324747,14.579033357648129
MOBH28_42,MOBH28,74.98000012871715,79.83846160918944,66.44074095223756,83.3085084284915,75.97228751163823,80.47435636684618,76.62650918552187,74.68009678485845,76.64403690561647,81.78574637355797,75.88804053689499,77.89391084079931,79.66511468972665,78.34059473758676,82.24961995103719,83.82189934333688,85.49344880554554,75.3661470467827,80.02338786206738,80.47112384141188
MOBH28_43,MOBH28,53.7699998102701,56.2462367203958,49.19308689609672,61.93081122323255,54.15875247162116,56.25107249668021,58.0520654126562,57.22786648244024,59.69360101755164,57.55215283650993,55.27022210143582,56.62895092088303,58.05581384045183,55.99284431595681,57.48485075114733,58.03655645322912,55.80139777183963,48.257225077128425,54.61433161362662,53.15223917330574
MOBH28_44,MOBH28,8.409999943133244,8.063449490238407,12.019739846763551,10.85332887596008,11.729953524385548,8.995335760496914,9.02898150072216,9.857874013481457,8.241286365433444,8.38199927814038,9.572139896190386,8.045163801361731,10.90490350313884,9.379624382083868,8.95360393309506,10.129387322739865,9.241868947323589,6.944584928450213,7.714915001805976,9.439033409876313
MOBH28_45,MOBH28,27.010000106122543,27.732532084852405,30.115156190402686,31.59998165804096,33.213432072478014,27.72779250576606,26.814282536692897,27.43817755622511,23.385236558918,26.182097050255194,29.55965010270532,24.770630577698945,33.00341117762047,28.04837485961201,29.0219851760517,32.74433949867919,28.28791805655009,36.18902542166919,31.728854533990567,33.68281697735092
MOBH28_46,MOBH28,20.34999983926677,21.266083475661244,21.8838321026134,22.287269803477297,25.03615650528004,24.50708130488838,22.90489619150691,22.49426641637613,23.072928042938315,22.84530920966241,22.54954642427061,22.230033911327443,24.36811701009501,22.38750710009687,24.20495933846413,25.33882823274761,25.333651285824057,14.439301006883566,22.996419144862173,24.06231410877704
MOBH28_47,MOBH28,0.1099999007648217,0.0831143200644428,-0.0145727152767422,0.5110752793464193,0.1370010059902412,0.0362700475518986,0.0894896280482373,0.0549588484321356,0.9966353961375878,0.4655508476209843,0.1741661329784017,-0.0303094605881869,0.5799226696342542,0.071979854777351,0.1207468162456454,0.1413893052640054,0.189853788249168,0.1718266732387064,0.1576264209527704,0.6310884006406248
MOBH28_48,MOBH28,2.289999816632439,2.3733722313880974,3.8594540985346346,2.0457400595811386,3.23885475893478,2.850148031118545,2.216970075819653,1.2589627824526657,-0.5037406975870431,2.5808145015678883,3.013425745269354,2.576894575377563,1.952270138941783,3.01837522640918,2.686973416911042,2.221880902185412,2.365349836462932,0.6160597630914904,4.74945666296848,2.67163360654177
MOBH28_49,MOBH28,15.519999804026918,15.457133269286608,12.841581223777345,18.020949355039484,14.117252826489072,16.976453058454883,15.275317984151645,16.132343127183127,18.96417923964943,18.034942690867865,12.716523919608589,15.843498445294388,16.52972191011877,14.272080686301418,16.974921747071217,16.120802788551824,14.361984276174056,17.768606622058822,15.553985341498969,14.482200531739068
MOBH28_50,MOBH28,31.190000100242614,31.23474554171728,29.153299126318977,31.452343801793205,29.11804991117031,30.25011076239368,27.95942752513784,28.20831604315316,30.599062631330007,32.16323290689918,29.37842097392096,30.317323866912183,31.771581591054748,30.12631148898375,30.684034191147884,30.16681822952577,30.352205769465154,36.36438656529187,30.656910378390247,31.211186431156957
MOBH28_51,MOBH28,16.600000084736845,17.47677552364963,18.62510474621027,19.33372094943116,18.677886701690262,18.455743892564467,21.88141801094897,22.60890831843588,24.969887677105145,18.32222230120661,15.428273481220948,17.91936711737661,18.654778163187512,17.654488779501488,18.029541277418705,17.961255822057407,17.526501507920905,27.005073116129317,22.36843073138131,18.169538601604884
MOBH28_52,MOBH28,12.900000285100012,12.976240552686848,7.737444387632788,14.600131846233364,9.581302664022177,11.039529448483597,11.590892028432366,8.029876164525513,10.327695941619046,11.781704795396664,9.011209114660032,10.17248793650688,8.181187649531493,10.667010833706804,11.45453917694345,11.701933908473096,11.931411111164488,4.226335211468233,10.022899886281644,10.843895623045078
MOBH28_53,MOBH28,62.61999998397211,67.12977867155222,53.88250679970173,67.33569427398348,59.47371316370124,63.73658908704969,65.09047340788022,65.11856273995721,65.64756038025617,66.19267560130537,64.78888131045959,66.03662698451691,65.2332986429551,66.51020286256072,65.86843292188976,66.05016845074344,67.80794172252693,57.16223279827256,64.99291765153744,60.98258859682141
MOBH28_54,MOBH28,7.859999811799661,10.16091446546178,10.120133817041769,11.177081533158976,11.6733592606647,12.21401383067093,8.908848514194508,9.195729906994758,9.88695041793804,11.088295029424248,9.347804129725905,10.758837181591897,12.857014317355128,9.291073508232992,11.060819338871466,11.3534236808281,7.215710025302256,7.755136308161505,11.127681399627688,12.831884635699677
MOBH28_55,MOBH28,3.0399997675384247,3.5911195640601643,5.3613634490016056,5.7820941186230295,5.400570931149226,5.527693306422605,4.604940813093685,5.280163472019561,5.817879603361324,5.299062363075721,3.714235040293936,5.252297470528245,6.398631338434165,3.891164913284773,4.495941099661938,4.626242312426734,3.0807358829429803,7.44421971217901,6.009609252706743,5.275069924797186
MOBH28_56,MOBH28,-2.440000308821215,-2.189064980468148,-0.0851617579897562,0.2393152961390506,-0.8968377953570416,-2.4715966658873323,-1.3792742326226262,-1.893821898414487,-1.0770010364048423,-1.837085127285864,-0.9153737349479608,-0.1877212789415758,-0.510729019618965,-1.5228103732361449,-2.3327887463875765,-2.227420744059885,-1.368020844169092,-2.303501694740819,-2.012729363833948,-2.399319967486964
ROST61_1,ROST61,-40.05000026492324,-35.06861287873825,-30.091119189112945,-26.93643792366849,-28.32237806381935,-31.260846547371088,-28.8560961440114,-24.494771828124247,-24.025825024747064,-29.59851333320056,-28.308093877286662,-28.308619981344584,-23.077721838812035,-33.07664216076811,-29.84378024284241,-28.89056141164636,-34.992928689368604,-22.73041916122774,-25.913662268551885,-27.86744093578236
ROST61_2,ROST61,-37.70999986588822,-43.800570425652914,-41.44508993256522,-48.4763062926174,-45.83190951925327,-46.11417150104474,-51.61031990615116,-53.5668715421852,-51.8979612757283,-43.98484046522119,-43.0046292510306,-42.96325585701648,-48.31092805338029,-42.57258264031813,-45.95001257529893,-46.55765560141781,-41.70625917478797,-50.42131168075009,-49.446601806223,-49.68782180200054
ROST61_3,ROST61,-12.589999937253316,-14.712725494564172,-12.6235616538302,-13.52127538980924,-11.902823411140115,-13.976167110251252,-12.674489695336067,-14.409930963806737,-12.172850715204865,-11.905483800379326,-11.75162230499622,-12.888663698749896,-11.905394944736171,-12.204570754232453,-12.070534730683356,-12.784723970806358,-12.826600942411128,-11.220075816972136,-12.212286603996048,-14.262044513031976
ROST61_4,ROST61,-17.039999687796133,-16.192448180892278,-10.041481402776276,-13.194154701087134,-11.773025335372804,-18.479369624242413,-17.91511774862941,-17.61837360130506,-16.00742964772064,-19.66880667870552,-14.55967631023681,-13.618408083108102,-13.548288731298692,-15.588704749472264,-17.772885760986824,-17.076197195058203,-14.660808486256494,-8.623508494841328,-10.06921959880746,-13.47399083289077
ROST61_5,ROST61,-10.6599997958512,-9.730955515920424,-2.3336516975412094,-6.736940521393658,-4.637626150023974,-13.056570801318744,-14.30086630318921,-13.622568785047982,-15.404258317115572,-14.58430480215065,-6.138248164793144,-7.673663822799577,-5.782227589960512,-8.954222218290086,-11.837511722903,-10.997701361176192,-10.824523537462802,-9.330673943531648,-9.319346121045864,-13.35468465556906
ROST61_6,ROST61,-12.659999874103656,-13.088874048161257,-5.829613340350507,-15.78791616637224,-7.1723503945079,2.242511782258592,3.5517695117125707,5.64153394164777,1.5296344132942292,4.208447634058897,-10.41517597056973,-5.633464295387945,-8.105594846148128,-9.169045129337055,-4.96139876218408,-11.90832422193768,-11.341510350686152,-27.651506132287675,-21.000908744605663,-11.951984595626945
ROST61_7,ROST61,-14.72999988920645,-16.083275462873544,-3.223801810514139,-9.34518860736764,-6.666326879977279,-16.47500396256579,-14.462685936022645,-15.192173857274366,-17.532661580148435,-17.843725556252274,-8.587517917967485,-10.979167931311263,-7.704999261371338,-11.876457094703955,-15.575339425275576,-14.223972170495133,-16.175848158610478,-12.1157576024889,-12.71520680737141,-13.85725567678078
ROST61_8,ROST61,-10.5099999311719,-10.030340097879469,-13.954812837330282,-14.766708754432296,-14.858896108352615,-8.839462407048844,-10.961087626695928,-11.488556967567764,-8.40265946279584,-6.64719963838408,-16.3337101016534,-10.10134191643224,-16.652487487031937,-14.765307211862549,-10.428234881906128,-13.723405666621684,-10.692658758484235,-13.124701105503036,-12.488022828457956,-12.760628876372094
ROST61_9,ROST61,-12.759999783889857,-10.657301128594463,-16.194676090481465,-14.97374960670924,-15.894132812404518,-10.401339763278251,-12.740965790066786,-15.398182707654634,-10.471700831520756,-8.86733123230293,-14.751946280185726,-12.00714880635138,-16.272137993393365,-14.109228361004291,-11.816223589822703,-14.42511167276112,-9.712203932510912,-23.197664831050076,-16.799773719539992,-16.410545123575684
ROST61_10,ROST61,-21.19999969995896,-19.944749389172955,-33.692398256971,-22.40789569872757,-33.14364755970708,-31.1393042373027,-33.471321586438435,-37.51710803444799,-27.62878129982538,-29.534121323067392,-31.664803888714047,-28.34338375513287,-33.73738328166395,-29.949798156956707,-25.97578818788601,-24.425627312103725,-18.16908965800306,-19.314906510297885,-18.92403575239962,-21.76908011629285
ROST61_11,ROST61,-8.439999916069103,-9.28744826057849,-17.497722166489527,-7.434146092018335,-17.249514747302563,-20.737964474024448,-20.730355796371647,-22.118925326793363,-17.157080468304628,-20.666790090764465,-16.912857608528324,-16.33623494878149,-17.465245288270587,-15.840569795952414,-14.159564598063309,-10.000515639342604,-8.45688572549215,3.8827583207521914,-2.124262032859629,-5.358534992717169
ROST61_12,ROST61,-2.7899999930729207,-1.7833617195594322,0.7983102110515078,0.340991534476999,0.4986598161241379,-1.9324405255070007,-1.0577257654270469,-1.275559843277413,-1.10459965634463,-2.526355652503117,0.2056076835213594,-0.3853137215409628,0.4249959770191783,-0.292448594232737,-1.7663238331934772,-1.5046150457802576,-1.8393246183678733,-2.618883654056701,-2.1886679448713013,-1.7090562645287573
ROST61_13,ROST61,-178.9599998233212,-171.60600539069532,-180.8132555562484,-191.48421336158205,-186.5389836361745,-188.1500875414166,-205.08801829522253,-207.3954019439337,-202.11174732343,-187.86199311009105,-187.2934030105603,-186.2324099289837,-191.96537319335653,-190.5752114206047,-185.72678933867303,-186.41110341756084,-187.0419218950052,-188.8537406379517,-181.28747413065605,-179.66496904056098
ROST61_14,ROST61,-42.33000009057705,-46.12471830393162,-26.93155577438217,-37.593179752620046,-34.95633675012504,-41.573807876269065,-46.06609448622335,-44.490697564229976,-43.43713457131135,-40.95418136439194,-34.84465531228626,-34.205527437571895,-36.06578485814554,-41.36767841864485,-44.60392788338921,-45.64340215890668,-45.787200971483145,-47.15596554810763,-44.73597075909911,-44.18320188736213
ROST61_15,ROST61,-7.169999806765396,-6.944467128497042,-15.00264284069043,-11.50153085148489,-13.989088032458016,-9.222657342411154,-11.8388170055672,-9.292150377188962,-9.70134993288457,-9.44822334152983,-12.88015761977192,-11.65172398924775,-11.866480697889248,-11.640585319491894,-6.88699027297457,-6.887407064982304,-7.400725988216275,-5.837354927462997,-6.528329403645911,-6.842243876517298
ROST61_16,ROST61,-193.4299999470836,-195.21823509352097,-165.20241540971188,-182.2540767963665,-173.12446191532416,-185.3142530017608,-187.8484469378608,-184.40954780608408,-190.48959879717097,-190.32162850365384,-179.3402295877327,-184.3285587354026,-177.6043945581636,-184.29248138914969,-189.99967704997667,-187.8505404351436,-185.9238788288393,-185.44693677599605,-197.4347528480048,-194.84993705685363
ROST61_17,ROST61,-200.100000204918,-201.09610679843985,-173.2046835423302,-189.90528883272407,-181.0528476469364,-194.5457331270996,-196.50930220170565,-190.4598094790784,-198.4164546603136,-197.8209498004012,-188.92801775069228,-192.810606367032,-186.75337682890327,-192.6690889866981,-198.518302961748,-197.11281119561133,-196.0223583107482,-199.3887672408293,-206.6071225600658,-202.95547123688428
ROST61_18,ROST61,-203.09000001756328,-200.82917907781567,-177.1235616582391,-191.89286026955008,-184.37404231609403,-197.891927397744,-198.3186513474695,-193.7706126542991,-201.15884751787624,-201.1259718571808,-190.9396807829817,-194.9574446659724,-189.72982551169687,-195.2440087273202,-200.01936109598324,-198.61916645041225,-198.749626997462,-190.60828606122504,-203.70779532993828,-200.2436709923228
ROST61_19,ROST61,-4.939999936004677,-5.91366930133225,0.6089565292414785,3.2980174814449703,1.74231817572756,9.2720109628173,11.420734112064048,15.952266576649352,9.84043492901878,9.533091833007829,1.478987966683128,1.900339651165459,5.632822886756146,1.625688292456795,0.9235867047045476,0.5097989876557617,-6.99892765692199,15.325388762401465,7.684008520265657,6.882904220396959
ROST61_20,ROST61,-27.02000009710116,-28.55755311512557,-23.976896855973425,-22.14392329617342,-23.06959207712401,-27.867162359866867,-28.98738141712789,-28.36812777148913,-31.28611779709063,-28.662222448309137,-26.364638677772376,-27.796508558126188,-22.79101690165036,-27.21604572839897,-27.074197274543,-26.40023434111872,-28.958998832272,-31.136377144615743,-22.826512745227543,-22.214079804979008
ROST61_21,ROST61,-25.08999995569905,-25.81472275826474,-26.616133368186027,-29.623172949337192,-27.88473306456576,-22.045782069501985,-26.421002708215816,-20.66597947402345,-25.300060948531343,-22.680279049570338,-24.20782122097981,-27.16087603685529,-25.942558046924432,-28.81251899953487,-27.37594129207004,-29.73250323479169,-26.83976959258205,-46.9744417630043,-39.39401579983751,-34.57895110995193
ROST61_22,ROST61,-46.69999991329091,-47.3696524844113,-24.52194154501878,-40.1833969192225,-29.29698612025821,-39.7786726985001,-42.26824424776356,-39.783581516942384,-46.06964951566111,-41.60200206502622,-28.42360676255955,-37.28381061673744,-33.271642737851955,-30.56015779681164,-45.989877750262096,-45.34540004345964,-45.492135730687565,-64.93536382730908,-60.46681455439172,-54.97566813788757
ROST61_23,ROST61,-115.35000010495624,-111.23343623604578,-98.21885397585127,-110.18879485875048,-106.45753184708666,-109.53900760645526,-115.76818132882217,-115.01425875382292,-110.96983795487834,-107.40896924167107,-102.30745414006302,-103.662874667099,-106.75206521602026,-110.68090429200282,-109.64759943833396,-109.64940352811192,-112.61306232978254,-109.32696559205772,-106.54075823173324,-108.71720209908818
ROST61_24,ROST61,-46.37000021099645,-48.749619111011455,-33.07646463838898,-45.51933588075634,-40.69622633866441,-46.23150322241228,-47.21550177007383,-46.83193283873976,-47.08549398058949,-43.77348460665827,-48.06412443580182,-40.35571384442672,-45.3395355282077,-49.00571965811219,-48.51447587429887,-52.56151966307095,-47.08683396824125,-57.1484921908024,-50.75264516577617,-50.678811449598975
ROST61_25,ROST61,-19.390000077809766,-8.968132660180311,-34.17084862821004,-23.24288584618328,-28.219880164398845,-12.738705877333487,-11.072865826385462,-4.158716692472398,-1.194866078251156,-11.735265204001475,-30.20249044878905,-19.57690459024341,-28.454731859554755,-21.075268951817414,-12.616229707497135,-18.24298278905092,-11.845219951426952,-20.802377524443692,-17.99601665243846,-17.433678933015948
ROST61_26,ROST61,-47.73000023910773,-48.16356441874412,-51.455986900116926,-54.58812099736816,-50.57847175298667,-50.12176703247253,-50.214774666720366,-50.85136275954648,-53.83763547981068,-51.41466772356791,-48.282841984178944,-52.63131095319,-52.91299029238994,-49.22376106510103,-47.88118333565129,-48.77545436607448,-46.66008899511962,-46.66964646136697,-46.21157215817748,-46.77769438621414
ROST61_27,ROST61,-25.859999888562275,-24.7597532658,-6.871255723940893,-17.12944262895147,-12.307246678137805,-21.641747544525224,-22.295362416423032,-22.63929144863127,-21.52427463316433,-22.610894825182875,-14.037369364398904,-15.845780571867133,-16.184972535151974,-17.957234678681978,-25.48227595718308,-24.478817650439904,-23.84507703272924,-31.87641132185304,-29.69209312241092,-30.25982757991823
ROST61_28,ROST61,-28.76999977337864,-28.450356801047445,-9.241336605351698,-20.67855708541297,-15.125348051862694,-24.375072136568697,-26.072625387112947,-26.6502036185755,-26.160891434457973,-25.03203056794976,-16.515853134843237,-18.23736475962104,-19.485424627732588,-20.84943757888788,-28.630424095967864,-27.61566741885516,-27.170386225153884,-37.26611147068146,-29.567399442808195,-32.72928692301135
ROST61_29,ROST61,-11.129999999355825,-11.899892879218292,-11.75523989716604,-12.495935513913825,-12.729340110336134,-11.67268650785238,-14.51654369361104,-12.536090786520823,-14.01904734282434,-10.4697093677974,-11.279340665395456,-11.964552333971618,-11.674865408870676,-12.645841503424604,-11.455143656790684,-10.889661925267744,-10.963781794578408,-13.947823747016288,-12.9044194751076,-13.395193190458096
ROST61_30,ROST61,-141.31999989428334,-143.43785359368587,-141.51629916506403,-140.5990969301986,-142.7992678243518,-142.6601875657356,-143.6948093735073,-144.91759786622575,-142.70307501451998,-143.33547925054435,-142.41776440350276,-141.15113822437934,-141.31931722665303,-142.87937762886827,-142.10362349705323,-142.9505558404948,-142.77849026598963,-135.51847168053433,-139.44871183198907,-138.42144902837578
ROST61_31,ROST61,-63.7300002376179,-61.97638397317588,-42.548958728084514,-55.643443903197934,-47.833943355700775,-60.27291876795826,-62.42272939132277,-60.45011602300446,-66.65702313675743,-63.52674558908498,-52.7220228440321,-57.84200479628404,-51.33184086531078,-57.256646451517135,-62.05691125998174,-59.72456013869077,-59.95059155821952,-64.29078692262078,-64.92786539197691,-63.82883661420061
ROST61_32,ROST61,-49.75000029931743,-49.72530604447244,-52.52692048493213,-52.10513723087864,-53.6407198063521,-51.69638283055446,-52.946061233791305,-52.47012240627775,-51.66019586520584,-52.04340259784978,-51.59410167283282,-51.23965438972321,-51.56193283886741,-53.35734230118729,-50.95933561639437,-51.68957027412023,-49.27894669813102,-47.66648261196767,-46.38253291079453,-45.5797869628413
ROST61_33,ROST61,-10.639999813893962,-14.211348625136331,-20.946768251507947,-26.40179163130536,-25.47709329362379,-20.011314778356507,-25.12254711518232,-25.439387692791254,-26.11126886364957,-18.657297425497543,-23.07604983995093,-21.021233922465782,-29.95429269340261,-18.783319212015066,-20.196624538477327,-21.26388782011743,-8.471482628806033,-15.39330070301101,-17.369199246687497,-17.532489155387335
ROST61_34,ROST61,-0.6500000411197845,-0.8470511309380108,0.8820001454759441,-0.0480235510944941,0.5509181775486441,-0.6623676255336782,-0.3915166524049379,-0.8499359173429388,-1.043173569487753,-1.5351949628827384,0.5378751423693432,-0.3210145197088822,0.1576481384475611,-0.0499201983971134,-0.8503382764643735,-0.7541526831470522,-0.6624828805265564,-0.539555687437219,-0.5624305347864194,-0.7532074996151877
ROST61_35,ROST61,-5.4600000944024,-9.68652771974004,-1.6332162098665708,-15.126692427878789,-9.67275018453462,-14.748355168906755,-18.388639033426937,-21.27129111400827,-22.93087671540307,-16.63666056879222,-6.461731181111941,-10.347718074597408,-14.717793763075573,-7.161843752373364,-16.32621519106411,-15.853807484816295,-2.6207586609895657,-14.383423636425167,-15.344187874036493,-15.72675277899678
ROST61_36,ROST61,-49.04000031232592,-48.611270465701445,-47.003841192858346,-44.187772510920425,-45.27372051495768,-43.89478344302166,-40.16333092307524,-38.20786707494606,-38.1087037607052,-46.086473170152274,-48.70995091126508,-46.66319805125997,-45.25502292896636,-44.72364125453873,-46.43328090184166,-48.20775702468856,-47.11297881266582,-44.74942116886695,-46.25687521929392,-47.9496416613561
ROST61_37,ROST61,-40.61999975070459,-42.9907461060132,-19.19443198120235,-24.21505414619152,-25.20445988010005,-39.32921903764445,-36.43462959290616,-32.60422742614608,-36.76756164711874,-39.304916537021874,-28.191284243416703,-29.59044368665537,-25.44967665186565,-33.71357475618353,-40.88391737132357,-39.39642059599659,-41.703828648698654,-37.40895342920939,-42.05819927943712,-40.18954594164117
ROST61_38,ROST61,-27.700000111156807,-27.565052002601817,-21.983091362937053,-31.76874273825349,-23.931043232521034,-23.778498879791247,-31.38020066915089,-34.88095924556212,-33.47970724643758,-17.48390114453844,-27.082136775458668,-27.668217320917844,-29.87704182192089,-32.666139707432734,-32.44755261774099,-30.250063197307604,-18.194688898804632,-35.68655146095173,-32.84013226250039,-32.357245104491
ROST61_39,ROST61,-44.99000020092791,-45.97125822628193,-40.15122300255812,-44.856996618755794,-42.15343454967663,-44.2563857774409,-47.60594192973647,-46.92788939134093,-46.081276764197895,-44.34737571795795,-39.220015321107695,-41.977193242649,-42.06532349707083,-43.6537553597262,-45.27387343892772,-46.42196383119111,-46.46880686310411,-49.2602706539838,-45.517364315441945,-46.2852611099723
ROST61_40,ROST61,-24.5099998514296,-26.155604666645853,-12.797774097205574,-18.602729954610737,-13.862114627957252,-22.39026594553277,-22.896272642714464,-21.25320484784399,-22.39141767628713,-23.96452230633657,-19.251397918671643,-20.10739181278221,-17.427736223229864,-20.135873965389973,-25.09075415949208,-23.929275475730783,-24.25727786207992,-22.07574783300368,-24.45299303732939,-24.353307560067456
ROST61_41,ROST61,-5.960000270842881,-6.18535498731811,-4.44950784571725,-5.063261621955377,-5.107507754566057,-6.138266299739302,-6.215265728065901,-6.226250093404325,-5.959711427964059,-5.865041709342882,-4.298038040375549,-5.350253142645112,-4.950746914137901,-4.787870743804277,-6.533797130049119,-6.380425657025397,-5.970361651465601,-7.674239415851904,-6.292190828543256,-7.027599548829983
ROST61_42,ROST61,-26.96000015122944,-29.13661628500556,-4.1490305816379776,-17.15559226685103,-7.554203557445148,-16.796881809503756,-19.00440818198848,-16.248923468619733,-22.004795221783905,-17.86268845338263,-10.807738492659093,-16.580811127397897,-9.328135347191076,-15.427872813310977,-22.557387311788386,-21.71765407127325,-29.81378652019477,-23.050014722929923,-23.90603723956429,-20.74437879922878
ROST61_43,ROST61,-80.58000009682024,-82.70211050675846,-89.74802853513334,-93.1392523833862,-90.8670591524208,-85.14150828105991,-86.82652715524758,-88.88789025492804,-85.22148681096255,-85.24664441856983,-88.84943270926222,-88.36902275120855,-90.75625641605866,-89.18938860252582,-85.95638066317022,-85.82148664616616,-82.56436487344841,-94.72766404823123,-89.59579230193324,-87.29779921194428
ROST61_44,ROST61,-66.14999993697239,-66.95104069293647,-79.97334131943555,-79.37053896356676,-78.98540734581414,-70.5730036022927,-72.4589666978086,-73.76003768744654,-70.85175222141271,-70.42804144653888,-77.86602764565177,-76.71937054733152,-79.8673062744795,-76.32726824078871,-70.23294561376092,-70.5357600367364,-67.63845088957981,-83.2058100607424,-74.52865932342588,-72.37895587780105
ROST61_45,ROST61,-42.83000026701753,-45.452715897969824,-27.94443839495432,-32.97255609760757,-33.47933726659812,-47.00344655232144,-43.313176976994974,-42.52455789671141,-42.39257696664366,-44.63119706076767,-35.112503778040185,-34.821686018061484,-35.90485453152251,-42.24888620783008,-46.36239730586511,-47.31310528390268,-43.007652553996415,-37.04524131012059,-43.32650903816619,-43.929180205311
ROST61_46,ROST61,-33.27000010632403,-32.70866345162006,-19.66509759568026,-27.243259057382804,-23.430151804524915,-34.06360506308261,-32.793098490875714,-33.36828095392078,-32.506368516093985,-34.13177461754258,-29.4747862861092,-27.999813846701034,-26.59789580917296,-32.06693749935462,-32.35709675067847,-32.26481313663858,-32.1295698211001,-29.189923871426476,-31.93424417575926,-34.33795434204845
ROST61_47,ROST61,-58.4699999627879,-55.13824029296397,-41.476865694501136,-40.65956372077852,-42.53913274611133,-59.3488859670204,-51.15451741848793,-45.75461999317583,-48.06238190436616,-59.13990284700003,-53.23913501535792,-51.98458770363688,-48.21762950539964,-52.1779920216519,-55.36772897872187,-56.41880013126157,-54.56704341173258,-82.30781614843656,-59.09039450572828,-60.659371990250925
ROST61_48,ROST61,-4.239999939991792,-6.503343468081742,0.9532225964984372,-1.9589166565627705,-2.457536437608133,-7.032247671952558,-8.957006164022314,-9.856903507290934,-12.520329066510824,-5.591480711222231,-1.170536029783157,-2.791605852556774,-2.689092390837602,-4.697789875819183,-7.539360103657718,-6.737658078308106,-4.6581061674571655,-10.022895449642755,-10.542809041761425,-12.840843803617732
ROST61_49,ROST61,-35.26000019359786,-32.43554365551735,-34.440887102124925,-34.757322873486906,-35.50000041642856,-33.0890326490689,-34.41669454134074,-34.23739393744546,-33.210454351750656,-32.07503293647333,-34.65345618734454,-33.591167863916056,-34.03514863806445,-34.97900057263676,-33.88602621978682,-35.17779005198433,-33.50711495815831,-32.297923222282364,-34.977397617323966,-37.08184534414351
ROST61_50,ROST61,-2.74000003817982,-2.2701318627499565,-6.824725958988751,-6.634158610780472,-3.880437262154736,0.1450927407325185,0.2788783250614771,1.4178088364136625,2.086312688870847,-1.5555476052075756,-5.998329804605644,-5.862356156934897,-5.100409304198779,-3.080317313920118,-0.2029835644687436,-0.5005378265398588,-2.274856215315144,-6.221004855735795,-2.612387109777605,1.0926952468330506
ROST61_51,ROST61,-29.7700001262596,-32.21892424732695,-22.61156770371335,-23.87682911238988,-26.21647390205544,-31.95927714207678,-33.288455787217,-33.351296907963565,-32.75289075886025,-30.98635407400752,-21.025834319838943,-23.265085374772376,-23.55806753985456,-26.552012567386864,-32.58307088175208,-33.10073306495113,-30.950031628684545,-28.255237736329203,-33.0241484525923,-34.69423129333771
ROST61_52,ROST61,-42.71999973874324,-45.67793017782418,-39.67371176155175,-47.5074037408131,-44.81466194314071,-47.38945273007479,-53.19157036223949,-56.28875833124469,-55.782571476212965,-46.45176576208806,-40.59483831498469,-44.26888739766871,-50.21302184449856,-44.66899333675903,-49.26158030822417,-49.02804845314197,-38.857079095760746,-40.08511230557002,-46.43966922980326,-46.33602442399884
ROST61_53,ROST61,-30.77999984260971,-28.989910782511835,-29.20727328682524,-30.83016690336542,-30.041593756917383,-29.303908051735466,-30.77492423231784,-30.96025476295381,-31.055815670757607,-29.275938197668403,-29.58832433634125,-29.978526544529856,-29.757187826215432,-30.399343245496617,-29.41720174975142,-30.238612592652213,-29.15722106617561,-32.980450040702664,-32.07368242247522,-32.45361460046591
ROST61_54,ROST61,-12.330000171809193,-11.702580368945046,-6.039829327880659,-16.497181967151224,-5.154582824562816,-7.991810059317592,-4.55413112007837,2.5368245187403096,1.2740821838233405,-8.552179219886845,-8.063206142269395,-6.308734331206121,1.2932158262879168,-11.886120740280456,-8.69596805862103,-8.164690990293325,-9.15772632731532,-0.084307304466436,-4.377729346158779,-4.491780347201007
ROST61_55,ROST61,-4.610000233710212,-4.357267404457592,-5.54738932276608,-5.741058701090236,-5.951955222724723,-4.770170144466305,-5.14257128937066,-4.6861536539552455,-4.07399431655687,-3.9010656950801,-5.079740083397227,-4.628331040374077,-5.583583190788598,-5.04938625815865,-4.951540714002606,-5.302833004728636,-4.48553438835309,1.3869535669389008,-2.943718238646754,-2.56421115255839
ROST61_56,ROST61,-13.650000236006,-14.030929046495098,-8.549744985067424,-11.110735646907932,-9.530654115462047,-12.633397237467149,-12.811788579976792,-12.573787351626386,-12.233755592263782,-12.755737676641909,-9.685710012131354,-10.507975397221498,-9.153781463380335,-11.300441800347194,-13.482069852948952,-13.154150658304877,-13.81743657479812,-14.101189358875423,-12.573634963404828,-12.626222604551016
ROST61_57,ROST61,-31.8900000962555,-31.963618503624623,-24.12184451638315,-27.12032894738498,-25.02067101464457,-27.59023615398577,-25.459502383508298,-23.552605320980906,-23.51799396917288,-29.168659868163225,-30.18765989005653,-28.71072886811652,-26.01505842095948,-31.22957448729935,-29.287572976154536,-30.240588431654785,-32.75491598274993,-26.07877061244274,-24.17347580159644,-25.42127195085112
ROST61_58,ROST61,-39.299999686507775,-39.803102018758864,-32.156477893067304,-37.65509096723749,-33.18807748951125,-32.9954772615942,-35.5107194704139,-34.38865980251001,-34.64850902830764,-34.554698621032934,-38.66944239888336,-36.7894683167947,-35.89590699937565,-39.43871460901222,-36.80630351752357,-38.87677253310751,-40.75448283721374,-33.016787643838725,-33.11628277279989,-34.616455455720825
ROST61_59,ROST61,-29.890000018003043,-33.80228765314338,-7.359429480349955,-16.917389670585614,-15.018211602222326,-30.443069925500986,-21.42804781238978,-20.08341134994582,-22.17384570921593,-31.334356960614308,-18.0709095886313,-19.83986864788629,-15.462746090553509,-22.598985448554927,-31.25877651895124,-30.39984387287512,-31.23386649028438,-37.3329066778898,-31.799165745470347,-30.751760254823505
ROST61_60,ROST61,-66.00000007229309,-66.35314075513797,-44.0389053636651,-52.71618255056092,-49.522050078255575,-64.75269007807739,-65.09834300422355,-66.10301290603401,-70.45105171685591,-67.61612832067514,-51.321015385531474,-57.691024197177065,-51.09918664485766,-57.982978564688665,-66.22499892795334,-63.98220577059718,-64.83725520139652,-47.29328421202964,-61.12014368299143,-61.78461008948043
ROST61_61,ROST61,-69.48000007040028,-69.98326480210885,-47.45302766017344,-59.64849218525038,-53.977397087995975,-71.4604902517191,-70.48299169805372,-75.59158717756748,-75.06849364826343,-77.31266142791807,-54.99633718265486,-59.91083256121664,-56.95662871263141,-61.41441271881724,-71.9567967192971,-71.25752137093981,-70.1349224796315,-81.142167620003,-70.75986902462557,-72.07956961020395
TMD10_1,TMD10,92.94582666703194,67.925404710982,92.38061620824624,86.2484373148215,91.88116102331306,94.69405362924287,81.7882096622011,84.38103149463505,94.73943385944644,94.83113884659907,99.47885534898042,94.67253676866729,85.78964606217407,118.74440567706836,89.86469377907365,94.9884675200952,87.28940569713929,57.629072292395264,86.15471910077997,84.95335451074097
TMD10_2,TMD10,151.0038239894552,152.68793473168893,151.95227048578985,138.4219169791716,147.95664670584932,151.62644453716172,126.45466321699162,129.6457056444469,134.43492032494044,157.2105618640053,153.17300482623662,149.63066132264993,128.5329458552163,139.44642258103744,141.98051517443028,148.7433567766641,141.99888820756786,133.46572056619817,140.14333733278295,123.04153812078282
TMD10_3,TMD10,77.5885563848751,70.74340869467557,71.92188121341783,72.75613560634112,69.79874037020772,71.99135071641119,77.09683387419804,75.5398926331054,68.40753460979843,75.08450292099656,68.84755146938666,70.41863978585842,67.67037444391474,64.57526579027865,70.401225958706,72.92817536088089,63.31908613732654,93.54741639342372,77.76624111479084,81.4335771770546
TMD10_4,TMD10,77.97031808866583,64.76302704161827,69.1536961476224,67.45613938356878,70.02644197172147,74.69994516076005,61.027479269647685,63.32795184252549,76.08927617343755,71.99773173480635,78.99443626617057,73.03882147086533,64.77562052933432,119.66154629081268,67.96406933476018,74.25261034813064,71.72520008439376,98.78913634287984,100.96056424281926,97.56825661161604
TMD10_5,TMD10,78.48948365946305,85.69088648751095,80.08354378013385,79.68373879446506,81.78139572495387,83.49231925651064,72.84076730702648,78.8206989730261,82.749646984921,82.37693164593567,88.749730866607,84.14975955207214,75.69687567424315,90.47865770801684,81.31698506201005,86.17404449804177,92.7246618314948,91.767957526767,91.22987312940307,89.13812787430606
TMD10_6,TMD10,83.55594871732241,77.59245974471455,79.32417435979512,70.32248845445643,75.00496233018272,73.5307820585683,61.8521596248777,61.46776790338311,66.8797578755667,79.21214427760574,82.15691690956325,79.99874070646877,64.2251745524331,76.14943136530832,74.61156089030376,80.27409908010127,77.04298197697678,84.72888410388127,88.60431319920508,80.62106734455888
TMD10_7,TMD10,51.386233135457296,61.66483932461755,61.69470601458342,60.72835817892648,62.06067568939896,61.84988145179464,41.80957002551939,44.99089666089955,51.58584233044503,61.55500056820022,57.61784968983863,60.06949205636503,62.22303931038893,54.73628350815191,65.89725198477551,62.80987851494381,41.43620975665509,139.99837892671198,52.90204769647408,53.28361006213996
TMD10_8,TMD10,110.29026383118725,107.21170504987434,103.92049516758404,107.87583051744744,107.5740112615561,109.23689317000265,94.41278681457123,98.81860883123784,101.8015027895002,111.4970992133283,101.9870988192193,104.17581283362628,104.07892913596466,100.50405434906192,110.18773499547098,109.55066020619856,92.95946595756962,109.52756196185304,98.85946157980638,97.84413721857057
TMD10_9,TMD10,80.20682146761571,81.0262267898497,74.24005601727654,78.66856381920581,76.08520351165824,79.89946356256392,85.80475592587257,74.87366952688949,86.7413424927265,77.75911822853209,78.2740396394212,78.2902251166063,79.83371682174393,78.90370667924549,81.20526911155085,81.35723446064912,79.25097268775734,82.0108317716077,80.38600233208082,81.22507864666005
TMD10_10,TMD10,34.297322849215035,33.48398497854847,29.952072627634564,33.61166633917829,28.23045602075273,34.37177496588576,34.09037637410219,33.48482094680364,36.775106193674745,33.056111745069245,35.01489254576948,34.86382666794961,29.22127503134146,33.274819943950135,33.95076712531452,33.83076729615891,19.544292012573937,36.44247442797004,41.82260862848211,32.44205159320738
MOR13_1,MOR13,-43.10000002344028,-45.416225406302495,-35.923740182097575,-37.616540048029336,-37.55540694563432,-41.80773713297913,-37.3140683705496,-34.60217416824899,-34.01180503454454,-43.04599586778578,-42.11691607101088,-39.61686869031612,-37.01714946183007,-42.46655481185874,-39.54223603918377,-39.92181143730295,-49.80500784826312,-23.227128144867105,-30.32493813011752,-26.777346651734465
MOR13_2,MOR13,3.6999997996368297,2.510573161951215,4.30533672834481,5.452741755080688,5.353003516690153,5.451902712304175,4.407914698154721,4.109168167872775,5.051722162013529,4.976749024388505,-0.0906166349874666,3.185043562399383,5.090580623530001,0.7250816750828992,5.656054134451871,3.70753800826646,5.012378510965349,5.500989613810842,4.771909675423749,3.075292665292553
MOR13_3,MOR13,-16.19999981808256,-16.526820933965844,-11.365241629539936,-12.437826379654751,-13.960059005036412,-17.704100494336014,-14.388085476299526,-12.510609948570556,-13.915461341925914,-17.744774717211765,-15.290205583576991,-15.60212316129365,-13.857965535332628,-15.970541189701436,-16.788097179119653,-15.678111044487306,-14.768332497640312,-7.0646222221487,-9.16467744248921,-10.08791726205163
MOR13_4,MOR13,-18.7000000727755,-13.04171740136878,-21.02172551343958,-26.54179665054168,-23.173399588807087,-14.98431128132777,-15.41771688926126,-7.043838211096252,-9.64948928654507,-12.535744464023468,-20.991829769553043,-14.922475744579875,-17.607273335207992,-18.48281810275661,-15.91095301570142,-16.117036414217832,-15.748287330122867,-10.016370261571812,-14.350306606186434,-10.505971798035176
MOR13_5,MOR13,27.000000115143923,29.12794717884987,39.93867330704511,32.20431607771183,40.18513832063941,33.36027361927775,34.76507550197433,38.71971739120881,35.68281651651208,32.64925418034848,37.05971305294698,37.0596304726889,44.665836462294976,32.661371388274105,31.091053025952824,33.517635362230514,23.75686735940877,45.90406615436691,34.201834526218384,33.307809413575654
MOR13_6,MOR13,-29.80000009919546,-33.69441337803645,-16.739065094706085,-23.838322746453937,-19.867802420397496,-27.932260192839696,-26.76121104836444,-24.07476361009635,-24.94617986711432,-29.345526613555297,-25.57801219123093,-24.691271713661667,-20.95312912699781,-27.43830694865147,-27.82962141746261,-26.74818370079175,-30.613590045410515,-19.8117490910974,-20.12824124117944,-19.66262681988423
MOR13_7,MOR13,-30.19999973834027,-31.302763803859047,-10.94787993269598,-24.911866896044653,-17.105182610961233,-25.776840450589173,-26.568037653533946,-22.210543529932544,-25.95232372600688,-27.39114233251588,-18.13243074274775,-19.66100096287876,-15.366853042166053,-23.826795899561684,-29.523728385645587,-29.17841262028414,-27.296428900717245,-38.01235248533709,-33.44977059550768,-35.51856056958645
MOR13_8,MOR13,-41.60000012162831,-43.92486185433263,-8.819111835689364,-27.61199655086686,-18.51604065067346,-41.64486704869537,-33.17844659935461,-31.570583466690536,-35.63574483443139,-42.28141636158213,-20.65490744562543,-26.60614009155568,-21.74212603076361,-28.324011910136942,-45.12902003006311,-43.08467981916503,-49.69547731251712,-45.15427267671128,-47.75447167041021,-44.00009083888622
MOR13_9,MOR13,-36.29999988288383,-34.77110009504791,-36.81988457960007,-32.10129797283856,-38.2251463012773,-38.59599931770766,-35.89789840071256,-35.221283863017455,-30.21420441922482,-35.489407993421906,-36.00207884123446,-33.09697284012355,-38.52374875527399,-37.447041958064695,-36.445459214660765,-38.50999274350151,-34.151663325090475,-43.09789700600141,-42.5663727204744,-44.06241003988035
MOR13_10,MOR13,-30.899999734353152,-23.98773519964116,-27.36050506112967,-28.781943160968986,-27.78902011109792,-29.12691272939072,-32.79821877957569,-28.70859960262799,-32.954211234958244,-28.52607585967292,-25.344608348395223,-26.505461592570388,-27.05694810597045,-27.06633582984213,-30.43081510518106,-30.02696996220694,-26.687554935191983,-20.55521226164342,-32.54399033301161,-29.708957398137816
MOR13_11,MOR13,-39.799999862948255,0.4869710718232296,-33.442189396303625,-34.82062715877048,-33.19262210125077,-34.59920949965736,-39.32200010597431,-34.57445280761536,-39.5471460498975,-32.3719987829277,-31.993258035261352,-33.485696510668,-33.634088633388274,-35.05741993015634,-36.66073386974304,-35.5907638258529,-39.4929408344782,-52.57073837130924,-44.45852936680386,-41.55696473417534
MOR13_12,MOR13,-13.999999920257704,-14.455778186227231,-27.58935669943082,-14.190328061787966,-23.433999065105443,-17.98708844190813,-18.56114509013382,-18.427841495516187,-19.73228654112548,-16.93258462394716,-20.198499724893967,-16.98925029837914,-16.201786400329567,-21.00678112363412,-11.98003694586412,-13.060910782552964,-17.999423734339484,-14.730698702591503,-13.356316141662411,-8.467815073655375
MOR13_13,MOR13,-64.40000026069492,-63.81622989131874,-43.266331198664666,-43.1226942172224,-48.059721264671566,-61.19336848981043,-57.926940839234405,-54.80455459974603,-52.18931204193944,-59.869042187108015,-51.4764753984336,-48.45883486027999,-47.71583697366179,-58.50936294179295,-61.43071597900197,-62.59384156133696,-65.18388191986554,-52.69472392868889,-58.58315110579341,-51.56060716964514
TMB11_1,TMB11,3.350000115385124,3.45443237558498,10.087348580487932,7.755162494191143,8.816822681009928,2.8359412166720395,4.026988711431027,3.3309151050518846,1.5466492698655114,2.1841988327984736,5.8602063724567,4.897055823142026,7.865494849475027,4.704184762171527,3.1489659719421894,4.206205856494695,3.3766787440283856,3.6730457337907456,3.4364928802960706,4.19280307685074
TMB11_2,TMB11,8.519999843898066,6.901210829891956,12.406421726720968,10.490457905794118,10.735441369493444,8.5512849561472,7.776699058835625,7.291822174496601,8.47841184166328,7.112701163540074,6.971652784363163,8.866862106159013,11.019247024388886,6.74207555689187,7.895829849958413,8.282252003594836,6.97951001249429,18.643993214477963,10.537315148738935,11.534139349970417
TMB11_3,TMB11,13.539999707731702,15.068523178048844,11.994397500102131,23.54965301443952,19.107432875249184,17.657445165096686,21.44316890836055,22.5355203950878,21.5054807246135,16.807029077138978,14.490658865110436,15.070356949367357,21.296400905877903,16.517870389862427,21.053089754648425,21.556898599928275,14.326262571506213,20.662788010313427,25.351194316277763,21.674896118416264
TMB11_4,TMB11,14.689999925291971,15.612768357424514,13.400494687982311,19.51421670774445,15.821934458799074,15.4213339793432,14.621944389270867,15.114194007984116,14.938763506082996,15.915501706227216,17.843110785601052,15.39176334841517,17.370124829210233,17.529723329784755,15.684191611263469,18.025862691487934,23.6308880108026,19.254438794912502,14.593186530210463,18.61828741282158
TMB11_5,TMB11,37.1399997525974,37.21600181755412,36.067071817384445,39.47115433886341,38.31824900348919,36.33402219131752,36.66913233099447,35.548731107576494,35.063893944823434,36.99705447474494,36.78146970476927,37.33342226879314,37.36291031932042,36.38846077198178,37.570058852397,38.017099488328775,36.71466412981439,31.515824857982352,27.86699685057896,32.539009304368506
TMB11_6,TMB11,17.02999969681751,16.917592544050862,16.579618263408044,17.46668485768353,18.1263752764418,16.522657032018312,15.414228438616542,13.270111020659757,13.486163097335004,15.091121049377382,15.6839182682165,14.248944914061356,15.616401888351897,15.631078330789425,17.039168614142895,17.76630833245558,15.772154044435114,20.84592826892715,18.68757914586021,21.72993124326768
TMB11_7,TMB11,20.93999993451484,19.99672279854289,20.441827504895144,20.95173423612936,22.13178763940753,21.603676544620384,22.15879759248153,22.422718601868404,22.893139299548867,20.841173279228823,18.39201597576153,18.63673877181428,21.233948841171216,19.595971340234875,21.55689037961256,21.52824733313876,19.070691511714,28.16563320113931,20.7826118956746,23.902159916425177
TMB11_8,TMB11,8.980000056424066,9.012492245960408,12.36905949920806,11.44729665076354,12.488767598648876,10.248302752620088,10.430250881589698,11.389419883031136,11.016811221026389,10.533442430037992,10.228666412467089,11.077944386057547,11.928946442100733,10.042611673215374,10.57165844721482,10.98471172683796,8.970233473692486,17.652081698185246,10.03937732250487,12.521912201318004
TMB11_9,TMB11,5.970000261821502,5.068699430925833,2.853725776501458,6.168660223379439,4.722139502646814,4.3567229771170535,6.471933481231157,7.71960172039674,7.774340124998807,4.727145898636467,3.1901282087633884,4.682410057917198,4.676375801435458,3.844488499707534,5.678287548194215,5.533400881688121,5.512840345425,8.500413162301415,4.681860596634818,4.641600436676815
TMB11_10,TMB11,9.179999875996469,9.103719573330029,7.468326407589815,11.96122145074482,9.920643723463382,10.197399184081595,8.928275328931273,8.989319011315814,8.733359967674495,12.210732709111172,11.558642936026448,9.529759412413346,10.975295758971516,11.1415243991004,9.905142356920512,11.709182584266426,9.269292039391418,12.575505552341358,15.807261804376502,11.712929556974109
TMB11_11,TMB11,8.569999798791166,9.455944280695908,12.2707741333477,12.826680572136024,12.15980567170972,11.57293760177092,9.473051443979768,11.165156154905466,11.668757231684287,11.212034814944492,9.203682836620972,11.099444241277716,12.25179379155284,9.678323598109657,9.943154621799955,10.53053969679151,8.40262701242398,16.421518936439742,13.300725479155616,11.478356620173962
