Reaction,Dataset,Reference,wB97M2,B3LYP,BMK,CAMB3LYP,CF22D,M052X,M062X,M08HX,MN15,PBE0,PW6B95,SOGGA11X,r2SCAN0,wB97M-V,wB97X-V,revDSD-PBEP86-D4,mace-polar-1-s,mace-polar-1-m,mace-polar-1-l
3d4dIPSS_1,3d4dIPSS,150.50999976125843,1.762497280424867,-1.6131047194561177,-2.953465332547381,-2.9056504283580296,0.5625170628196372,8.438810095317052,5.424470947257504,0.8566573597237266,1.13838646048373,-6.882063884252375,-4.0454091893362545,2.449439055295528,-6.657738659921193,-3.682496991606058,-7.602006947156497,-0.90859746410095,43.48756283716625,-5.739800799063545,1.5923822622374644
3d4dIPSS_2,3d4dIPSS,156.50000000503718,0.40443311906190615,-5.092212712880297,-2.6244114125635747,-6.709179502123732,-6.925128667192126,6.8380345565146,6.2041915038524,-2.902078267977174,-11.93152638468922,-12.963932017017868,-8.197343508437797,-1.3662982779422066,-33.46985879897602,-8.728131370530775,-12.894275829932724,-1.435856242356266,27.258955377412576,-11.632021633465683,-9.183661187937076
3d4dIPSS_3,3d4dIPSS,149.55999999078003,3.0410979091710715,1.1540997996592353,4.9655870113333265,-1.7606990893666818,-5.478250015241429,4.100290916977144,7.218225415841573,-5.103950340240573,-11.220631443660352,-8.791578602385556,-4.499913611169063,2.6943781541500016,2.1327416126301557,-4.062885955695748,-8.684359258896222,10.513875354404718,12.270707195481947,-0.018947896547587106,0.08754118262510246
3d4dIPSS_4,3d4dIPSS,153.72000000294287,1.0154967621054425,8.01877112933073,1.7841528206630812,3.3787554860246587,1.8314598187335207,-8.780705306387176,-3.9162242530749722,-4.845209672738207,-2.3387043408800707,6.007066618932498,5.336788922926274,0.5356088918703961,43.650831165510425,-0.6489495274934995,-3.072660380679679,-3.308951024594279,-7.748131500242721,4.780049999513352,-11.10706330339633
3d4dIPSS_5,3d4dIPSS,169.89999983906822,-1.2166443592550706,2.9584409178849853,-0.4018029131559615,2.21328301830863,-2.540330288569834,18.508085022514507,15.03765234760823,2.180854018927164,-0.942943049973195,-7.907549718684891,-1.5317481789395515,8.85499000350336,-48.39023445773033,1.9717534295337487,-2.8435743673969114,-1.5470186595371445,-2.9574889263959108,-25.117685732447143,-18.740846137641256
3d4dIPSS_6,3d4dIPSS,180.20999995066768,-1.0449814242544164,3.3644046580495512,1.5493078392607345,1.7858900178833608,-0.3936774811919008,14.141686853100964,-17.42462760391797,0.9151307633279089,1.6109210492419095,-6.4342290097648345,-0.9454704698743797,9.767903650283188,-17.518651803606815,2.9013593303836274,-2.786582764738597,-10.918477060103982,2.6437262182568873,-9.83311893443448,-14.047844671680792
3d4dIPSS_7,3d4dIPSS,171.1199999934788,-1.6149891303906543,6.333550134692388,-0.49028953008263443,2.951517229405596,-1.1903402916011316,13.54419642843007,8.599298028007723,-2.381649081304431,-1.9419481727123866,1.2380197793353602,0.5627448487667266,-2.5686849944376036,0.716261402001777,-7.444722764233688,-6.698856218340268,-3.729055753617587,8.81526232664001,11.977523783584047,10.11259748873303
3d4dIPSS_8,3d4dIPSS,162.92999985187518,11.720333741297907,18.769787660345315,12.382667920541508,15.656641937331898,10.470232773219806,2.958996640352211,9.541094053243597,-1.3361704185916778,9.662780878727943,13.263398175215997,12.67992311171298,10.64000351619947,12.361731819977564,6.062460645193738,5.957529954367288,8.556017557436746,22.819531608426928,21.04269630724494,20.80334811837389
3d4dIPSS_9,3d4dIPSS,173.1500000446671,4.378557294904198,12.00257432506109,5.549064835801687,9.108337290082801,3.1800178390814153,-4.2853804211116255,1.8846396778216103,-9.412242763774827,2.2051296622653354,5.4964246347537085,5.630307232432131,2.8017096963552035,4.92660869561476,-1.620463272094014,-0.7221963238773981,1.3138335160904546,0.24474640675677506,0.9103999307635036,-3.93041918999927
3d4dIPSS_10,3d4dIPSS,212.2799998845384,0.41821485871628283,4.663344500363195,4.912284850569506,2.691915618700648,-0.16599068857357224,4.928252707687307,-2.664344860440309,-4.34942397525711,1.3945422282723996,-3.1276693672292026,0.3041476924697122,9.276208122554493,-5.05202217429121,0.45327186766252225,-3.8439810954658924,-1.685133933998884,31.150068755769894,6.652120680516049,9.549968612719766
3d4dIPSS_11,3d4dIPSS,141.42999979504816,-37.0364712315404,2.209960794959329,0.7464416584339801,-0.3184272353252027,0.39537426680993804,2.8653712227641392,-0.8176762201755992,2.1834955201404966,0.9825665081676505,0.8179921711958684,1.0251556389211487,3.785232215216922,-0.7429307429263474,-1.7651355185447812,-2.7218306268634933,0.4268456032543213,46.94480014427688,2.8288618357485973,11.115500971299952
3d4dIPSS_12,3d4dIPSS,153.23999980845963,-4.893203542478716,-1.268397889363115,-3.4575120038349496,-3.1304482928707955,2.0499015141600125,10.659278097207675,6.734393209277272,-1.4742027990783413,4.534757643459471,-8.406060689656698,-4.401837143390935,3.94301991172631,-5.737755930676002,-3.980561983779495,-1.9909313113318774,-2.076154549582782,12.193372559525358,-28.76893276162218,-30.968635655946116
3d4dIPSS_13,3d4dIPSS,156.9600002175632,-1.9552920990098528,3.186402747914002,-15.122945066844267,-1.513422580466539,3.051514566388505,-6.274557466987687,-0.8053427724642575,-2.912320540353079,0.2813931949380901,2.8816855905783427,1.602098830788833,-0.17541851645071915,4.530968866753,-3.9466696323265182,-8.308954288810042,-4.628429789752374,-51.86598935797893,-53.102633554439095,-25.983423975167625
3d4dIPSS_14,3d4dIPSS,162.72000004132417,-0.2928643818751482,5.0292617781659885,0.35617054966292017,-0.29486845888888524,4.520285831714688,-6.659986147889782,-1.533900222634884,-1.761554761230684,3.2657144860945664,4.307181167035509,3.0524296006973657,1.1389138194294333,6.324957396418114,-2.259773250020004,-6.624128499522556,-3.779505431979146,-30.80902589377348,-20.699716929649668,-57.963239365973195
3d4dIPSS_15,3d4dIPSS,164.2899998799865,-3.010504876978871,2.810934964152608,2.914126198867308,1.499108085351196,0.9686173490622423,19.53848877417593,14.16668268906048,0.08625067519972163,2.863648834763211,-8.039435894899299,-1.7167584914056988,7.236950173070511,-17.363879039183928,0.3229710941743349,-2.904335921545737,-0.17137994829869285,-12.43386893366278,5.198817798459061,-43.39248213485649
3d4dIPSS_16,3d4dIPSS,170.91000018292775,-3.7777019132763883,5.3261099039428075,-1.9234453029390295,0.8453094783794199,2.3456668095836903,-8.97720858052395,-4.3622260471046275,-8.186822245373037,4.746517492579869,2.3922134543470293,0.6794803107055145,-1.3119985026464178,2.8208249527088753,-7.71645363105236,8.318270796471097,-2.719573310253452,23.325543731791413,4.916624827655738,9.11808288527638
3d4dIPSS_17,3d4dIPSS,173.03000015292366,-4.5951964694540095,6.078400076172869,-0.7272291381165417,1.9184959474656864,2.156394264467849,-8.452130113460669,-3.849647443251399,-9.420642731195557,4.0702583762547135,1.9921934211347434,0.7814600756442474,-1.512851609594776,1.8517960829383355,-7.71464339173113,-7.71779047723831,-2.1911221673808257,22.62681419704319,12.074041520687558,10.35613566952577
3d4dIPSS_18,3d4dIPSS,194.71000004736587,-1.5597178449272633,3.4934586330566617,-25.750808219993417,0.5946656909399621,3.8161323504903066,-5.54650547570526,0.6122692142121196,-1.7990598102266802,5.396089321240623,-1.8130324381850187,0.21258439657626127,-1.755306021891073,-6.8486659475538545,-2.7774457247794544,-4.043223071830653,-0.7498449654781894,37.12273099392951,8.596119512941414,8.578432682097429
3d4dIPSS_19,3d4dIPSS,175.75000020914624,-3.542341056321675,7.915321800053761,2.381577984515559,4.303246494380346,1.6600744310961204,-6.236026942019066,-3.4680651444228374,-10.21712958795473,3.9906805740577624,1.9344885284028521,1.8842634231237128,-0.7457139357047424,1.264699850526739,-6.6163788202540275,-5.571311866481977,-1.030706811755067,-7.83830290841783,-5.134647544641467,-10.892584573341537
3d4dIPSS_20,3d4dIPSS,207.84000012497413,-3.0946769897926742,2.671417645223528,2.142210228571429,-0.23908870248897074,-1.6710219613963204,1.8667387777825013,-5.262630543533078,-6.925928553554115,1.9715158544553049,-4.676155482755803,-1.902253743242511,4.011076828244683,-5.86432622313373,-4.558906278796201,-7.252043595712792,-1.6329692058012313,26.97759403266315,1.42225133321881,5.4343146107758855
3d4dIPSS_21,3d4dIPSS,30.540000059122825,-0.29401448126646557,-13.331333794074656,-4.120129942717806,4.6248849467048245,5.49960723738063,6.911388845272107,3.2278028110187975,-4.972658980332273,0.4161903875683066,-16.969096074538577,-13.023447274684901,10.503689570351398,-0.3876746000420326,6.681105167529658,5.29396127582946,-1.3918069804674609,4.5188561398246705,-14.316341885869,-7.834745448986581
3d4dIPSS_22,3d4dIPSS,15.61999971381312,1.3755941405388175,-10.636385735897033,2.279393212201443,-8.088925433639767,-7.433159709907903,15.104435294384727,8.239033794624264,-1.6415246862907562,-7.8426039941358345,-16.863047287178272,-11.103721534102718,-1.121559542921796,-37.4801068127438,-6.265298376442926,-7.640198930791611,1.794184281839362,19.238349682461482,-14.044839297070393,-4.951442242376309
3d4dIPSS_23,3d4dIPSS,1.920000150423493,2.5235694478163078,-6.421802690602001,3.0202409374905077,-4.632598983408249,-7.327533989463266,12.431272921828567,9.809681913352264,-1.3748624644730718,-8.713277530963238,-14.560750983142952,-9.430438467864823,2.112147755686034,50.130613158762884,-3.0272128814568973,-4.914082225973847,5.077626391919884,19.39731500657844,-6.417301009641381,4.131817310476602
3d4dIPSS_24,3d4dIPSS,51.625907869036624,-3.9433624063957424,5.570665029756256,6.153246958967664,4.396093611833805,0.8924558965967009,22.997949006648923,18.38454729506695,2.5600289403808176,5.695931859519597,-6.641098614725053,1.0962581098481294,8.175125845180787,-48.07263076577595,4.390588534002681,-0.08078544410795274,0.9163301660545287,-41.17072371303519,-54.55754601357691,-42.17982404180435
3d4dIPSS_26,3d4dIPSS,18.486280386062248,-3.422140800730526,-1.7068577097225734,-11.43685777966326,-0.6220124283503345,9.937752706462568,-3.737995247356812,16.552506590797,1.6089549992873238,12.039024781674641,-4.966108471764477,-1.5539313290417702,-0.5993616581615946,30.137403472114592,4.328511406317169,5.460802302534994,2.7103183568920457,-8.084813884658676,-25.35287864845991,-25.038063645697743
3d4dIPSS_27,3d4dIPSS,34.6385763064173,-5.486978985629587,-6.148450903920974,-13.164205807352708,-4.6185587099497845,4.879516807770649,2.83194937788506,-4.576262939840596,6.124413212379743,23.77464973673512,-8.44872857281933,-4.052469925932119,-2.9620050461767278,-20.723027552404385,-0.018101828461240643,2.073778249549868,1.2286566852548262,-29.82324356110465,-38.486908371338856,-40.06326158009098
3d4dIPSS_28,3d4dIPSS,119.56151550739202,-0.2205313648481706,4.8360253184440865,-5.2942758463950526,2.7188569849299427,-0.1638195057686005,-1.1372109469213,-6.546985371307343,-7.810127617720838,16.236977759242563,-2.934578928887177,2.1204579264089602,-2.492557678596256,-10.335456162908272,0.19434068809079008,1.9757548064804666,6.8137636698021,-75.62390631085319,-92.86934507204145,-70.99189425552285
3d4dIPSS_29,3d4dIPSS,75.75919119284694,-5.812985782499311,-11.30831880188596,-20.981880732538286,-10.059752470899525,-9.776206040023183,-6.388712484477125,-15.538621022171874,-2.993462221675202,6.818116966656959,-12.004127473718711,-9.395679776780582,-7.964795023519031,-19.65544543321157,-3.483125058031135,-3.7069371050340862,0.8184802104202191,-28.114807780275946,-49.67478416174168,-20.31531394120008
3d4dIPSS_30,3d4dIPSS,89.10407059467654,-1.1307671148917962,5.036395368648456,11.531711547197304,2.7713517920518598,2.942771567117518,10.485150054021773,-0.23634717626526935,-2.7059880206269895,4.992059502489937,-3.035347475179691,2.6798248915743414,8.597294766573299,-6.801711107950453,1.9198354918685396,-0.7249022075827014,-0.18894431365315256,-44.654412265905165,-42.02060562507666,-27.23632025689455
3d4dIPSS_31,3d4dIPSS,32.09999990680652,17.224049597055263,-8.016196771793865,-2.8638431744442165,-5.310297229955598,0.5479814333532218,8.97721717740415,4.9258136410718265,-2.404873457980596,6.544025848390092,-13.305239879356009,-8.844443640058728,-1.640256552387548,-13.592582428867892,-1.988606890739085,-4.380924072398155,-1.3990696753425311,-0.9981164561028244,-5.580231381218823,2.8205378108891495
3d4dIPSS_32,3d4dIPSS,14.400000186911983,-2.8890088771475195,-5.970987083218578,11.321395973777664,-3.4580702362631506,-3.1331805318700585,9.303684628873375,4.6423661683650455,-7.530882325073717,1.6274531000863224,-14.712378607410502,-7.954232846767696,-0.23155388247003827,-18.990060742326964,-3.9139358516187865,-2.9698145271389773,1.0819203580460162,18.669559342896406,19.902295681622242,2.9096561830187664
3d4dIPSS_35,3d4dIPSS,72.72000028502057,-50.004392263592244,-55.851204446284754,-79.17541771685663,-54.889954748714715,-50.14183290265606,-50.06791002758311,-48.84489607067304,-44.201157852834505,-51.452307875041726,-56.09444406118304,-53.444470485471726,-53.52478172074445,-60.709168939233344,-47.93664632526969,-49.82085597083801,-51.652012081179464,-40.50782415546608,-57.99678542919844,-53.95564133352807
CUAGAU_1,CUAGAU83,46.2715107165143,-2.7527273107896164,-4.581198678409351,-1.7499354820265722,-6.015986540556888,-1.8816975993721385,1.0174225260040615,-11.96321849976843,-6.748821911224468,-1.1996995954082976,-5.450981277160821,-3.4269286981458933,-0.8828196099648125,-6.725923400118816,-1.4656170888265763,-5.138913662345651,-2.611517460778998,-7.467771425189007,-2.1779614069565696,-14.05494985127887
CUAGAU_2,CUAGAU83,64.81835580697494,-1.3743015966201355,-2.0449934488053927,-4.357829150940404,-1.8416974474598007,-1.5360020027898926,-3.201396459306089,-11.2360245649894,-5.13926305953909,-3.140851145062072,-5.232268623157367,-3.4666302186014164,-3.503713518317923,-4.281919204403266,0.42618015017770006,-1.661170313633562,-0.8938325213705625,66.21784524656327,-4.000216177070634,0.9642167990329256
CUAGAU_3,CUAGAU83,99.28298272212596,-0.5005555222931832,-5.637438061804488,-4.246294926674224,-1.8281237900411895,-3.1312434100096453,1.6655695943130553,-6.895252752935448,1.2600817572830323,-2.5806681036124814,-6.535446413317601,-4.563793071683747,-6.514442667139804,-9.154191666265248,0.395145727814878,0.33519805352602816,-2.1915542308777702,6.342519121321416,1.5184984170641656,-1.4080581389402624
CUAGAU_4,CUAGAU83,65.0812621963029,-3.334021590741685,-5.266455841345142,-1.2221575315823188,-7.859920432155519,-0.07396014853789268,2.954408667379141,-13.633964733351583,-8.394606383254455,2.8323256326364685,-5.830450625992128,-3.6219079402517735,-0.580339209771978,-6.32514376665241,-2.946702160838342,-7.49767226490539,-2.4370070886798274,-17.234977324748705,0.5949943021469153,-5.966222793396973
CUAGAU_5,CUAGAU83,-6.142447395406879,-0.5495449989743344,6.365072884766425,6.384646599907916,4.193937544249846,1.640550101515113,9.557642796103847,11.402775041795604,8.410872369351424,2.337052735984393,2.7825280496789384,3.4225329938703224,6.738167616347788,0.33825948442044496,1.7693536374335865,1.6113251650108822,2.034846978312901,-2.449235451586424,-2.1655615282583502,-20.860204274711563
CUAGAU_8,CUAGAU83,130.3537284118803,-4.514774415957191,-21.503952613593242,-12.161958280172698,-21.522826718144614,-5.801512712793453,-12.178550132647175,-44.00204646169921,-31.738909934056338,-1.8338874018983233,-17.0307841465837,-13.143098208550896,-13.434832445413136,-15.17377207937298,-8.284199855941353,-15.562314776263776,-9.833609552613595,-29.741370257383707,-78.26677780135395,-8.52876270058215
CUAGAU_9,CUAGAU83,413.9340342045701,-7.847836231056874,1.0126201332307119,-7.470466152282029,-6.765208567970376,-10.723516932459347,-18.46585840374621,-19.550235249684306,-31.37515825406399,-9.597957832040379,-11.895732930874772,-10.25649074690756,-9.113922814811303,-15.305925763092489,-20.43684420120337,-23.5026267646424,-17.239104961437533,-3.6195782986760605,-85.13245790223954,-20.13643661516943
CUAGAU_10,CUAGAU83,16.945506801154277,-0.5146724779912404,2.385801060832371,-1.4306254663088076,1.8777810620973483,-1.5284147857436565,-6.193991400167173,-4.286189029816118,-7.762239671922689,-3.205718305347361,-0.8239550173489363,-1.3747790683094205,-3.5865536170264107,1.4514648050127228,-1.5362467313877612,-1.64130706623809,-0.4524235886722252,79.18562154870837,-4.367948350192291,-7.385044903898676
CUAGAU_11,CUAGAU83,-15.48757199693592,-1.068909866729225,1.2406425181194738,0.6299772176086549,1.2206890967018644,-1.075829224952603,0.967222960322724,1.6043251716956632,-1.7965850387208988,-2.4165025892107472,-0.3661965824190698,-0.004926325978560797,1.5441596888069,-0.5180072447911641,-0.08961443999658236,-0.41233333791989324,0.9307316716497454,-13.810109492909053,-11.434758927183228,-24.957844973954522
CUAGAU_12,CUAGAU83,-15.320267930999938,-2.219215556095543,3.332682109177627,-0.8733829342730726,1.3879420839055534,-2.8107900093216838,-1.518111268962068,-2.4983963404364307,-6.554696396175926,-5.918801199495478,-0.3973182280922334,-1.0210221084479993,0.9136421223042674,-1.0147151359227546,-1.2864230988300758,-1.783578147427482,0.22361256798049034,-18.70101682145996,-15.756448897169863,-25.947480245731647
CUAGAU_13,CUAGAU83,65.91778189847332,-0.4453693899615274,-6.145154910577595,-3.8840435594516336,-3.618600085986891,-4.911041001629513,-8.198720076062159,-9.48145436044053,-14.47197715544101,-4.37387048921309,-5.1135595185266,-6.563940551270996,-7.083928599220307,-3.7096366511695535,-5.983926579389731,-5.181310461445321,-1.6448510788556803,-5.8365968900514815,-14.85788609779597,-6.083740869276589
CUAGAU_14,CUAGAU83,35.39674956822292,-0.21891828860301388,-3.446392473155072,-3.6943633842680974,-2.030501807606271,-6.313065966862254,-8.188797770643351,-9.585425527001522,-13.340177285389426,-6.383638568052099,-4.118616327122687,-6.320196732760692,-4.524692516549212,-4.379339360038912,-5.400165685710128,-3.9913409024375497,-2.2242391014842795,-17.333096532111526,-10.491427196974492,-5.539273681745321
CUAGAU_15,CUAGAU83,39.07743776379554,-1.7279464833356286,-3.153880437886883,-0.5126662041453685,-4.709893780666874,0.6642432511844092,3.984110549841965,-7.917062385798648,-2.8251764799254815,2.0465278977015515,-3.122854235973854,-1.4076960819865718,0.13608961115554052,-3.476596700455225,-0.4209441483590979,-3.6625791506452146,-0.8890972714366896,-3.6010961314946215,-6.1467364021652955,-7.440498060529428
CUAGAU_16,CUAGAU83,55.78393875646986,-1.0918422002554067,-0.29659260391288456,-1.1785968283016288,-0.1643651253280538,0.9570178364490047,0.800139903161238,-6.670520588690906,-2.1845286517460423,0.617419874721179,-2.813899381660505,-1.2878835645481317,-2.1059870559325304,-1.4969729843613777,1.9463421196305788,-0.04460644820603932,-0.8450344591741299,71.25379058525871,-1.762784495092376,2.1134532972548357
CUAGAU_17,CUAGAU83,81.54875738049724,0.45092203295926936,-4.560049914825072,-3.119742102722384,-0.832655875341743,-2.8357887318772015,3.90110974621102,-3.079505253988472,4.252419356507616,-3.0806725471217646,-5.33885010329864,-3.0459902239829972,-5.175596673769832,-8.367214276400944,2.3775042557670787,1.9672020405776607,-3.361115294868654,11.91665050024821,3.163601453127228,0.9093301890490153
CUAGAU_18,CUAGAU83,55.688336433077865,-2.9957879600325725,-4.620656285841932,0.025636460326389,-6.965761913746498,2.633774606925698,6.14941645287854,-8.524508875938992,-3.8565155344236928,5.740014839235954,-3.8640114489033763,-1.9248390014870154,0.017045667323863256,-2.963883370322975,-1.964575787914228,-6.097917691593068,-2.140250035181424,-17.101665995835624,-0.31608074662239716,-10.614590409927729
CUAGAU_19,CUAGAU83,-2.342256295594259,0.3208191132016034,5.886510126309402,4.394063430497866,3.5200367340658403,0.5521537438402089,5.972831961087384,7.816359037933354,4.885257641016282,0.7451809291540181,2.6560208845041364,2.7288352641231755,5.166455429501855,0.7539169278184954,0.7297060435376685,0.834520457003898,1.7816740904635653,-5.011341120553101,-3.5986395164291087,-27.995299469788996
CUAGAU_22,CUAGAU83,108.74761022789497,-5.216395770995803,-18.934533433012362,-6.319129966905692,-18.50594716051785,1.14477933877329,0.8373884262756377,-27.127471009120526,-14.960689377375601,5.694203384569278,-12.98776181483366,-8.91911525944856,-8.840208453135602,-9.924746756852187,-3.8679328183616235,-11.316620940439762,-6.699733877417927,-19.25939552954428,-46.974230948393306,0.7971676293825283
CUAGAU_23,CUAGAU83,396.41491409057335,-8.92697814141485,7.155615783606663,-3.067781870980866,-2.070814459638882,-1.7533976400957272,-10.857307348783195,-15.60775010133608,-21.769452060246067,3.3661685872456815,-4.654078632695871,-3.918854145347723,-4.260114693451726,-7.839314966021675,-17.369213309032887,-19.237518601460863,-5.676969254153278,13.905669097479802,-58.80238051680908,-3.614725648417391
CUAGAU_24,CUAGAU83,11.663479688765827,-1.1838434350280416,2.900963685668101,1.1030872327862529,2.589948278439092,0.5234947586370176,-3.541704322479923,-2.5512155699607906,-5.130169694186095,1.1116933997119016,0.5616873070310362,0.022665328446942468,-1.668376757998569,2.768874196361363,-1.5155519084178,-1.5777565460132,-0.6775599948670532,75.31780333345696,-7.424795765679105,-1.6605135840509
CUAGAU_25,CUAGAU83,-10.062141399459485,-0.5608374081588856,0.10925084270027696,0.14367193366461173,-0.055204079258851735,-1.3454788313489772,-2.4189331842563,-3.006478211476187,-4.73361357601498,-0.9609346878384546,-0.5183230765854638,-0.4935572856809731,0.252975047857424,0.12132249346330504,-2.242448152707123,-2.08415204796985,0.27177788803296465,-24.41717239849249,-11.329774838964685,-23.123474605739787
CUAGAU_26,CUAGAU83,-10.63575533981142,-1.4940895155537053,3.8910338266023103,1.2497448564951963,1.5758649186765403,-0.797617879838759,-2.267341955566213,-4.5811959173839565,-6.995559828586577,-0.6550876369441117,1.2462528290272274,0.32963047569803905,1.3269502963719493,1.3996738132090947,-2.7104132174990543,-2.4393784469271313,0.8466720430383887,-31.567729383732782,-14.053162584287806,-21.69402870836697
CUAGAU_27,CUAGAU83,51.434034297153296,-1.6668314531528097,-3.384269599995413,-0.7944594363813948,-1.3702400414531297,-1.0037271317076133,-3.0567608593913604,-5.550560818447863,-8.57602307403151,0.5651708003939859,-2.075746433163573,-3.2658360974445273,-4.244932038998066,-0.9652436698704889,-2.8815587081877965,-2.306444894687097,-1.5149955816246674,-2.8838063529142417,-15.326848432021556,0.12523657223121631
CUAGAU_28,CUAGAU83,27.46175923672571,-1.4831030169424615,-0.6962694521816317,0.16165917900961801,0.4731953562780973,-2.2141289012078076,-3.2343108999595316,-5.696416547778689,-8.335615409375148,-1.4570505179143467,-0.9118607486576629,-2.81703830958865,-1.8356933741213908,-1.395608241461062,-2.645160954545428,-1.578105064804781,-1.506135711996535,-17.87841564873968,-11.39774206923979,-5.34932713083143
CUAGAU_29,CUAGAU83,52.2705546268332,-1.7351165320762547,-6.848545340213846,-3.405687439635699,-8.227520313578083,-0.9074420779452552,-5.255243125509203,-16.938857522481513,-14.345148266024637,1.2975126974155273,-4.820954486179673,-4.498877906753009,-7.516189504473296,-4.117547113746689,-7.0153088695117205,-6.832502746766124,-1.2212103986635938,-17.07530492727176,-33.24603939658866,-53.282191850786084
CUAGAU_30,CUAGAU83,73.75716990657854,-2.440863510840657,-2.8395360302105956,-2.3209867364741967,-3.7140716368427746,-0.03633405357638253,-2.7144610928528152,-9.88107335246604,-7.203115552487375,0.5374686416295873,-4.552294274233489,-3.8555792275534913,-7.351965694311389,-2.40990934702414,-4.308233814164808,-4.656315264719723,-0.8113815703579519,72.88100136233645,-10.845206839715637,-6.178557923417344
CUAGAU_31,CUAGAU83,69.78967474082994,0.4279080602595826,-3.2257071175680494,-0.6095269978087856,-0.5050900940288017,-2.1783652536931584,-0.07076016457914136,-6.702796036469536,-1.3599887956912227,-0.8758344885033722,-4.086781328216858,-2.4718577098027623,-6.600215493985381,-7.7641589720604145,0.23988702003417472,1.0404441542569742,-3.1445774417706644,1.0274214914636275,-1.396212859889701,-6.118076936297555
CUAGAU_32,CUAGAU83,75.78871865114884,-2.186741124661623,-9.738962850651845,-5.700685369230939,-12.690543019234909,0.529755420691842,-7.605480337593903,-24.19513661886642,-21.36232159170011,4.575032519240352,-6.000232601552099,-6.157682446909206,-11.773656170677299,-3.648710563799824,-11.624605539587535,-11.501397442943272,-2.2448419294197635,-49.323175779086924,-35.00241711763454,-48.97974997285479
CUAGAU_33,CUAGAU83,-3.3221794828526736,-0.18949543651211842,7.1127408850164775,4.196966156025912,4.119058093780849,1.1893877322452568,7.488904263028586,7.988489341976649,7.870652349880831,0.7916586733517628,3.541522156444738,3.600002776378859,6.2567658791488565,2.086625878608534,1.1875239036050158,1.270210262203951,2.478945305698993,-12.609003151786778,0.36525733665011684,-3.4456132147467695
CUAGAU_36,CUAGAU83,144.0726580535739,-3.4234965977559852,-29.964201946526714,-17.509412354208706,-29.578682653261865,-4.153883677355083,-24.453578278347294,-53.213107554061665,-47.45591282323825,2.1314780595002674,-18.717541535402688,-17.742938247942604,-30.08224708354679,-14.123428649320857,-20.924224346320003,-21.650428887008886,-7.333457238376013,-106.25169818554616,-104.18590056890031,-119.50464233125976
CUAGAU_37,CUAGAU83,460.7074571188923,-12.52652314965593,0.7195646119262733,-10.211893460711508,-9.407674808620925,-3.0315271346433406,-13.767875506198209,-22.118774410712717,-25.77259710596178,2.9334143967830073,-9.611990512880652,-10.061458543665424,-13.376675495160328,-10.577499180059135,-26.05900046202072,-25.655144777207624,-5.483686872112685,-5.768044181405571,56.9736907849591,-75.51376306151496
CUAGAU_38,CUAGAU83,32.71988514075669,-1.913139965872105,2.1025752241976576,3.6006749017770687,1.105230052121975,1.8230681344660624,-0.9787780452660932,-2.6528189546957996,-4.562647741225568,3.1270018853132058,-0.44308669863986694,-0.9904213579867331,-4.287982514671125,1.5778066206198247,-2.403032282414518,-2.6443301947845583,-0.3913791813323044,86.26202384626758,62.83363963494874,3.2867813543094115
CUAGAU_39,CUAGAU83,0.3824092935679564,-0.9219619569268227,0.5605144918617744,2.4139265371961347,0.7013905569473746,0.4658956640346449,0.8007649026184132,-0.0587407226054133,-0.9776875592520978,0.7133276069962231,-0.6436952651584329,-0.42283069279660906,0.032326150590673786,0.012599448958924009,-0.3934211436162865,-0.215645952606538,0.5889403132754644,-9.581527925065297,-20.763667270019223,-23.737538939673776
CUAGAU_40,CUAGAU83,10.755258244051406,-2.3612870891693145,2.790762856357494,4.4300514126131745,1.5258906289217826,0.6175477611984217,1.8926340857496307,-0.4200635643325814,-1.174689577789124,0.6104648107166053,-0.23722424635869999,-1.0762458287428842,0.1701636893822176,0.8726257181603163,-1.76889549255913,-1.0291873245784924,1.209024288954124,-16.619155515888046,-24.76910836832942,-26.04129340360874
CUAGAU_41,CUAGAU83,71.19980901086178,-1.5114309909267263,-6.270452801974869,-2.431708398665293,-4.228046574767049,-0.6847872838650773,-4.884290962685071,-9.77989937242804,-12.708618241368583,2.1815487974427583,-3.532368738444177,-5.618623006054435,-7.951623474086965,-2.24650606824666,-6.0805408874586675,-4.836849238409684,-1.1705848820872404,-3.500312315674705,48.72027401236801,-16.30557144584514
CUAGAU_42,CUAGAU83,46.05640548888233,-2.2765524768428236,-4.281334804826862,-1.3151376815532814,-2.3834780204501413,-2.335856326496213,-5.3941203220038005,-10.006342629517526,-12.797197917982665,-0.613239971370696,-2.8939090358698962,-5.498237948999396,-5.560821602321035,-2.7621228847233397,-5.874395114654931,-4.084800155304052,-1.6444151304167747,-24.913919769030667,19.376737234304358,-8.976544247166906
CUAGAU2_10,CUAGAU83,43.21171867265455,20.444633727320976,18.26768827653361,15.482691165584555,19.387648046711362,17.499051106125293,13.946456858643842,6.014443996690289,11.42439550428908,16.53484998036445,16.558530179945052,16.43488238726112,14.228860406673554,13.777363323917882,20.198213392271164,20.82835112699646,16.33821846590522,17.954912097338273,15.387259402617929,6.2209115301841535
CUAGAU2_11,CUAGAU83,20.93576299054598,24.049825881520405,24.299757194716634,25.211631999580696,25.661181041830794,24.743946051010468,26.017200738205815,19.814512872564457,24.259262063066288,24.392427793826577,23.237946531124663,23.605000103086688,21.937582807133488,20.692461754207727,27.38566950867324,27.59732644625099,21.44928960749253,27.30483844939542,22.331006479065273,12.468184748926937
CUAGAU2_12,CUAGAU83,49.92976607589877,-1.5483641904964713,-0.9554800617117323,1.2481846796926135,-1.6527124899536858,-1.0039505250215228,-5.0762118487601455,-11.537991159896208,-9.220555374051948,0.780816627423718,-1.9773289767192281,-2.1939306889514967,-7.153971646034407,-4.9916135315146875,-3.062672688835498,-1.0221592184225088,-4.975131966302264,-13.856496551509501,-11.42490457418819,-22.530588535649976
CUAGAU2_19,CUAGAU83,167.98154147942248,-0.9911330162406955,-33.37327618036011,-19.943811513144453,-31.296335973417058,-3.6705074819356014,-23.04519883872092,-60.76621839932662,-45.24514486245293,4.413714704873428,-20.95646503011909,-14.671157446986939,-22.752427829627806,-14.800302912882898,-11.432546100084096,-20.110472884823366,-4.071879302846838,-54.1561986448874,-131.01597697782148,31.177235752526173
CUAGAU2_20,CUAGAU83,135.09228964908854,-4.487015028443267,-30.576166253908184,-9.809251692832788,-27.754901040551886,4.878429961437291,-3.11545514632283,-35.8722509589997,-19.35894896379436,12.41302701707437,-17.526727536843097,-10.199070806615183,-16.000116715297267,-10.584263355599617,-4.961305765125047,-14.90298548865998,-7.656471202692302,-31.861789279098375,-44.97995110724055,54.607500760982106
CUAGAU2_21,CUAGAU83,174.30328778436197,1.0560863339310913,-45.023002241857796,-25.817993086659783,-42.5146807723242,-2.1589275202769613,-36.819514223474755,-71.78154863409218,-61.76299642728176,7.673873661936881,-25.06196233041183,-21.05064309518187,-42.93345129065668,-17.26451623984312,-25.726334158186944,-28.267451782964656,-8.749429335784072,-186.29159497201016,-121.81498714074017,-102.80483237939752
CUAGAU2_31,CUAGAU83,137.54833851270885,-2.2574041511850567,-0.6614715424975088,-3.943452579965509,-4.297552034171446,-2.2445323632495047,-8.677432119195771,-5.976337793617006,-11.667467950436773,0.7724268256738753,-4.429183316461916,-4.129031415243645,-4.8052118415388065,-4.177352406250293,-10.785072663067297,-11.579373150620853,-3.8093830778987012,-51.48680519457952,-76.38712848690233,-1.7256408939721268
CUAGAU2_32,CUAGAU83,133.24111285525154,-3.72122486836966,2.2070054763726716,-1.1065836527890838,-2.2011833806683114,0.5804468910557148,-5.494786772373018,-3.9399872211877494,-7.372409701988204,4.3886550518366505,-2.076845704187633,-1.7689894307771112,-2.5246325743273417,-2.210704268136425,-9.712650499855982,-10.174469799693185,-2.6404166296439655,-28.70549524689453,-38.60994775412455,5.5773641872143
CUAGAU2_33,CUAGAU83,158.53288597229667,-4.369347212860589,-0.2803763785277624,-5.7619334942448575,-4.739945460356495,0.440207308700991,-7.399290388025918,-9.069638341529924,-10.006639190522918,3.9164860500902705,-4.124632699688362,-4.057503618627379,-6.00424226155468,-3.49823385465848,-11.959666356778513,-12.142710368375361,-2.586181674196439,-51.259487050889916,17.475752566212634,-23.401317334660234
CUAGAU2_34,CUAGAU83,268.5509995720936,-4.23304242882034,-4.650220390464881,-8.500119152010768,-7.465586324940546,-8.79690408701964,-14.812264812935354,-18.917557482903078,-23.45007861887308,-8.552964611405798,-9.606939311818508,-7.458431273341091,-8.271118228681814,-10.884847227207104,-12.175652920962591,-14.172094017375457,-8.110325464435107,4.855731592431937,-60.77172583065217,-18.09901096463426
CUAGAU2_35,CUAGAU83,252.0606128422855,-4.867059866256227,-1.2455097950548577,-4.708400119843418,-4.8015395312566795,-3.0601911399058963,-9.537341546611657,-15.983138065905422,-17.211866375143842,-0.43942311010491153,-5.422140251562553,-3.768587714636624,-5.8750404454310114,-6.732315839176721,-9.861819165486793,-11.465733632173624,-3.063535890260539,11.376223279299808,-26.788833188895467,5.516676408281086
CUAGAU2_36,CUAGAU83,284.0402570594768,-5.653866510876583,-4.48363168559456,-8.285840291100328,-8.561775032081925,-3.663244687231895,-10.764654006189403,-16.621436184816332,-17.507649617287427,-0.6657941407779049,-7.779115346677941,-6.856218902585738,-9.738420556907329,-8.398279697721136,-14.360786806134286,-14.69362096876273,-2.590304737765962,7.11510289630985,-1.0890845439258214,-35.249072928144386
CUAGAU2_46,CUAGAU83,-7.171116773629223,-1.101877833264811,2.537723049205109,3.6369464559114095,0.924389037471899,-0.2911568651463785,3.348246289153276,2.7129754649304916,3.094397747579487,-0.4315357550108345,0.22549377206365495,-0.36656461682994923,1.5672096174302572,-0.7753047729609861,-0.40529594453077955,-0.9096183442398305,-1.4605827120005683,6.463927824947626,9.535943657416063,3.5565735632097946
CUAGAU2_47,CUAGAU83,-4.854915926416882,-0.6090074199419373,2.8318376184668237,1.1837618587515109,1.2696037115008734,-0.45788676064634526,3.320946301259567,3.145204680155529,2.6533955731428938,-0.6134825665073445,0.6503779900951043,-0.46658341436210726,1.9009081746800258,0.004591424019219303,-0.5447970110276961,-0.577683088227479,-1.5092772484956312,1.1433678398766425,-2.896253895830152,-5.498878055390338
CUAGAU2_48,CUAGAU83,-4.072348861316656,-1.2925063013301576,3.08074038085395,1.0232087280368654,1.386961725637133,-0.663916946194127,3.5270635851435594,2.789371981570511,2.6580197532020864,-1.1546112826442112,0.589130743678612,-0.8100997335804321,1.6252805994767923,-0.006083516074007811,-0.7378790407027438,-0.5870513654498923,-0.7544635606824546,32.381082636577496,3.922756768216631,5.699438055595466
CUAGAU2_58,CUAGAU83,-9.437743744881349,-7.179446648164426,0.6483502563997092,-1.7283599499389357,-3.221953480916172,-8.578912944285836,2.7680353414277876,-2.146457400994281,-0.5859289384482675,-10.637751886477822,-5.3352687814978275,-6.320823614385526,-0.26714145053086114,3.229815296209239,-5.02287925430252,-6.474012295247583,-5.5667782608512475,6.419826586320249,11.993581165201961,-10.35527261318881
CUAGAU2_59,CUAGAU83,2.05383850859838,-6.449309631148643,1.1569094106020663,-5.784331691919058,-2.5324716110037597,-10.119186403232959,0.5407820799107501,-2.9590741377173986,-4.1332012160720435,-10.932041028887161,-4.449961535169134,-6.762583444888347,-0.3434917835214386,3.821356429656686,-6.345507704140954,-5.861239127516351,-2.2844913596151386,-10.568266958280933,-10.4791589853666,-32.36306744891608
CUAGAU2_60,CUAGAU83,4.339981652003246,-6.610670680299691,3.1836174215694317,-3.1231583270335017,0.027767858985367155,-6.381489599450587,3.5157819060495825,2.0270698330069132,0.31950956367354966,-8.124072678468892,-2.775103294626992,-5.991717674438052,1.0235487753913945,5.460137393501972,-5.084748864146495,-3.7345959029773237,-1.101942238196027,1.743466144464616,43.715602575639146,-8.729947337059068
CUAGAU2_61,CUAGAU83,-15.809224568206435,-0.6278435601959096,2.275562015483345,2.6861403970901456,0.36396214606382493,-0.4534301891018693,0.8093927190057784,2.1328246942979874,2.4370902963806707,-0.6631082129416797,0.2960626727204243,-0.43579855215456575,-0.317382871141735,-0.32080549020405513,-1.231363849152686,-1.4962722449559216,-1.3318755552744221,11.836339781179575,11.836528933474828,14.097521258985866
CUAGAU2_62,CUAGAU83,-14.7524986138894,-0.5975378645818168,2.733113811955455,1.6076065441554892,0.7335612734682453,-0.5711948913082949,1.2842986029119512,2.2102973282932776,1.8427116910320471,-0.6846570756197146,1.2981286607326936,0.13874322325931132,0.5404223287290364,0.3739473283178931,-1.2776015080085905,-1.2428195992028073,0.24949068105161487,11.599326393430022,8.487103300900413,10.742679006611365
CUAGAU2_63,CUAGAU83,-12.273773440404993,-1.4180807362633878,3.305687341634382,0.43452734388857905,0.933204604935824,-0.828749879840684,1.251679091712516,0.9451521970466175,1.2240977913120865,-1.0649183414763712,1.1399332085618124,-0.8903552459651465,0.35776461204371124,0.3829498302395695,-1.7282596105542467,-1.5184615443371872,-0.2583028154546252,11.563821615628177,20.511869185727154,15.777660796584094
CUAGAU2_75,CUAGAU83,-28.609854963032205,-4.308500254711284,-4.633053614020739,-4.5301893117267085,-5.382060782154603,0.8745825443228448,15.814589334990652,-12.188890924114638,6.282564927185167,2.7726624710201264,23.647729419442207,21.5903799326394,-5.441011030177833,-5.830728110828822,-5.001167426042187,-4.529744156533631,21.65228134705506,-23.89661153291358,-30.651992564051604,-22.090024576739722
CUAGAU2_78,CUAGAU83,-31.922854609788857,-7.417681184714603,-4.039123364176454,-3.9158186310607306,-7.73270292615755,-0.33092527878341116,8.198718883764926,-20.016674713245784,-4.302804225673306,3.0594163539126917,23.707028625541952,20.52044885715116,-8.082893373264724,-6.199622042629301,-9.958909753149783,-8.907208518133423,17.40287207128751,-52.2755329094783,-58.445163474081355,-37.885829335289216
CUAGAU2_82,CUAGAU83,19.91395291838459,-1.2704398682015636,-0.571596058026028,-1.0131579084670506,-0.24945597511241857,-2.607636955198828,-2.4847716661157477,-2.553350607750339,-3.7660976941888507,-3.691851588656988,-2.4618085219324364,-2.782273092368545,-0.28957466393300635,-2.7436695252728036,-2.1494642382909923,-1.5100174000888664,-0.07218247119477894,-11.387254206766062,1.1506810118709936,4.003589746555136
CUAGAU2_83,CUAGAU83,15.758898308386826,-1.1385197435124077,-0.674974478928009,0.029916890703821863,0.03593458106783842,-1.4041296319148895,-3.4618437644976705,-5.250076212511761,-7.35605580102993,-0.8413486385772782,-0.3681978355644038,-1.9181137941925481,-1.5125611982418778,-0.7661255011392694,-2.396190232880709,-1.4897093111820663,-1.0361780756764194,-6.88735436685117,-7.549513120858304,-6.603603682723927
CUAGAU2_84,CUAGAU83,33.786494996799654,-1.7875143889389093,-3.1999482301714934,-1.0521953987074752,-2.5615829676603354,-1.1323075879630196,-6.172105438392254,-10.196573005111745,-13.509699910732142,0.4131026645117615,-1.012616681857402,-3.951792180475664,-5.0199464627835795,-0.6511957604588474,-6.001528847793047,-3.9808330051075664,-0.3430501968970461,-20.078929447284416,9.333543968337459,-8.522744471397349
CUAGAU2_85,CUAGAU83,28.429320487345144,-0.061036026770853624,-2.931266620332721,-3.0271762349092413,-1.8552825886110647,-5.170474753387186,-8.530559510461199,-9.606442136696966,-13.643778165786722,-5.646792596324477,-2.910594575474125,-5.322014024063506,-4.194256633102423,-3.0277075474690136,-5.3576100011612695,-3.9416491175027346,-1.3164342168593812,-19.19670711121134,-9.745821828775263,-8.662404262087062
CUAGAU2_86,CUAGAU83,20.074846347533573,-0.8622987326497871,-0.8575865757085488,0.06909651150161977,0.20346662117139047,-1.3245244074910119,-3.719983591846816,-5.415508229408209,-8.425714662896402,-0.8242970098322857,-0.32748056557574046,-2.2998712936613686,-1.7065349815411928,-0.668006174522862,-2.5645862908213672,-1.6323649304804455,-1.149856508518944,-6.671589317402871,-12.111587596339204,-7.270123683974116
CUAGAU2_87,CUAGAU83,38.88344195487095,-1.4746581826945757,-3.54554279791671,-1.0343624579131259,-2.6004320792040687,-0.8590347421325504,-6.658851736230282,-11.074696585394243,-15.030678458285465,0.6445709546766096,-0.8633171177715795,-4.415738611781322,-5.623205268473519,-0.7222181606246281,-6.376679362785737,-4.376633162622433,-0.6539226310462709,-25.307379844688686,19.07751099157008,-10.530267567464712
CUAGAU2_91,CUAGAU83,62.76387159112774,0.6069611737531346,-3.549480295230616,-4.1814622809142605,-2.306552386571049,-3.1664981483920442,-6.428171221629356,-10.56326456694886,-6.774616378526424,-3.4382790899650217,-4.573958598957333,-3.7480065965992253,-5.225370285740979,-1.970328663635982,-1.9323012189092879,-2.0774126592718574,0.351403259660124,65.56706348152998,-8.81331860097611,-25.460082539025493
CUAGAU2_92,CUAGAU83,53.2027594836462,-0.24102475748583174,-2.1124597533479843,-1.9141861496408055,-0.6602015881148873,-1.160989163463924,-2.6663786186309153,-7.303251631773087,-4.9277824520506,-0.9797358129701408,-2.8113180586535975,-2.1699227412432265,-3.9880514976538564,-0.7225956081670191,0.264242796257534,-0.14165034910731578,-0.8194834775525521,64.73361109190975,-15.92508206569049,-20.27343347480695
CUAGAU2_93,CUAGAU83,60.92495507739491,-0.5068856496473373,-4.473602452645338,-3.9085234568810705,-3.485564752112829,-1.2772741990958565,-5.3242718032025,-9.618488812719583,-9.331728529251151,-1.0321062475646698,-3.8934788545478085,-3.8952533884855214,-7.105024714732195,-2.128565348821134,-3.1244951732343296,-3.558200668098479,-0.6856790914953805,65.55907391086112,-11.582137043842032,4.032949824332505
CUAGAU2_97,CUAGAU83,85.61659884126172,2.2820458201799028,-7.30964601596169,-7.950935786338903,-5.124569422922988,-6.033538106303467,-6.952752951652286,-7.505396906235916,-4.963070823851581,-5.991709453701333,-8.649978893584475,-9.95072213490893,-16.558324105586138,-11.275450295358297,-5.910231051227498,-4.2414779760863155,1.9753903773914345,17.069014991371148,-18.303096688647926,-21.195319421137086
CUAGAU2_98,CUAGAU83,34.23576040475291,-0.2466990119585475,-8.532448000336576,-8.058446796431927,-7.246556841106248,-5.70821962448284,-11.620489453947634,-13.129767961894242,-10.179735733627062,-4.827889720899293,-8.686797007711018,-7.6214497006892294,-18.017289217822597,-12.157849348232933,-6.172563583111646,-5.483447550643831,-19.230982694253434,32.3811206808941,-21.063977224778473,-9.611884958995962
CUAGAU2_99,CUAGAU83,29.60252412272773,2.1521654780919413,-3.0680515118121434,-2.8064414315816,-4.287755795480148,-4.666904047794766,-5.05763261101389,-7.0887703369132495,-2.6010819907796723,-3.2578217347464857,-6.216830234947448,-5.981377322302741,-13.539432439161597,-12.6016371632291,-4.79285103506086,-4.344233028708953,-8.040225355153165,68.43211450844353,91.61954702855347,11.392578448073088
CUAGAU2_100,CUAGAU83,89.02664471071017,0.5987092359208788,-10.062351929057698,-10.52349809969499,-7.5174598971106406,-8.611092256384865,-15.385132455992405,-20.012679674553098,-16.39832450109604,-7.638229806687761,-8.977167102589718,-9.101819410748263,-18.059097412338645,-9.533710581816763,-8.427768563006424,-6.300334615221345,-9.517079424664729,-28.657807672728964,-3.805105960200038,-53.058930906496876
CUAGAU2_101,CUAGAU83,56.74071311923019,0.22187655682382967,-6.361553435176546,-6.039214305808791,-3.8217286054997075,-3.792254359963522,-5.505906365709173,-9.213408354913234,-5.7985218145944515,-3.6786130218083954,-5.897326758155053,-4.410192871229135,-11.572392484342735,-6.834125298050111,-2.933536070882866,-1.560558017367491,-8.88802779312666,-1.5778973976977682,-14.601570831447773,-38.43900591845372
CUAGAU2_102,CUAGAU83,38.48407547278547,1.1181895032855493,-8.987947965971284,-8.517778899639719,-7.703688080339727,-6.216609602570713,-11.681588796433424,-15.0250333831004,-12.231831020858902,-4.446415981205838,-7.251806020669331,-5.905465806907387,-15.65409519008831,-11.01488583363954,-6.405348827356093,-5.277119486345647,-10.377592993025374,13.754240215651443,44.610549319893515,-4.3578380504414795
CUAGAU2_109,CUAGAU83,61.88624562584006,0.3885014691034314,-5.9690661516767705,-3.440088513976683,-3.5828565203076366,-3.985739377184011,-6.336971817739531,-7.516174696423121,-11.935435517228484,-3.2068893004602543,-4.645379781768845,-6.062832758739752,-6.1197816266970335,-3.1856608377919287,-5.106148505596806,-4.436574875479366,-0.7143980210129399,-12.819560958891863,-15.016022526474863,-14.710782244130911
CUAGAU2_110,CUAGAU83,47.43037074033882,-0.7148744178300248,-2.9409253714337,-0.06602830386485437,-1.1089661807434368,-0.47013449050750467,-1.9159690923177308,-3.908901845047403,-6.9279217746209625,1.1069735244300958,-1.6180536356832036,-2.7547003888643005,-3.2635031427845362,-0.5169027088342872,-2.08248789286926,-1.5901331663605802,-0.6257865050279534,-9.832905465976204,-15.704567685115219,-9.773928392002922
CUAGAU2_111,CUAGAU83,65.22710669324498,-0.4606556461512241,-6.496796034018935,-3.24029834436989,-4.2038025579597615,-0.3731930619363766,-4.74683965597373,-9.449932237889968,-12.227595018194926,2.1207452630252135,-3.374168015318645,-5.376263912339006,-7.396302250688066,-2.0183988448951595,-5.141555100563764,-4.071851309075868,-0.419120048646036,-13.718256185633834,20.707030467929158,-8.753973565968892
CUAGAU2_115,CUAGAU83,38.2237067317706,0.27355127127836454,-4.931560749320944,-4.395249674308005,-3.4538472857028353,-4.916683566756603,-9.771980390940815,-10.240345116236469,-14.800298897355777,-4.913798591212647,-3.5658620571011923,-5.844541100291757,-6.390878459593775,-3.164949705239252,-5.879877602255149,-4.69618345205231,-0.2828161156425253,-6.628687678021322,-13.325709838247423,-6.714487147872397
CUAGAU2_116,CUAGAU83,27.526509429316064,-0.8136541982944294,-3.002452549830103,-1.5864660637561734,-1.5442664908450539,-1.3107449269948752,-4.73600363407764,-6.05108157676931,-9.19860691242424,-0.2198537172742192,-1.3373399080761956,-3.072185732497939,-3.8614348322653242,-1.1439871080727002,-2.984504398482404,-2.1662973052424555,-0.7135868574940787,5.561608536233777,-14.28980257982462,-4.192015766240694
CUAGAU2_117,CUAGAU83,47.34022963189958,-0.9230609142552169,-5.851623799751906,-2.871367577838889,-4.6230838689200695,-0.7484104694358109,-7.633162729854291,-11.543100279354391,-15.736253624947114,1.480896379878125,-1.9728021861050777,-5.334108265235912,-7.963076024076074,-1.3567827871146463,-6.857473984248728,-5.05224788939838,-0.07023980360429505,3.1230264531230674,36.37732374331518,-12.082964403164098
CUAGAU2_118,CUAGAU83,38.09792496773317,-0.00010724225792557718,-6.3976746379307485,-6.032809630894562,-4.856114533202309,-5.3896650677110856,-10.5228875946551,-11.650203974110553,-15.323450783715387,-5.085553834180111,-4.396896760112973,-6.858982704870936,-7.20217805339173,-3.6723801514782792,-6.6025732348985535,-5.423723207424203,-0.43753993397697855,-11.676933873540658,-13.170291928458933,-12.455660847409458
CUAGAU2_119,CUAGAU83,27.14756963563019,-1.276512841928632,-4.103636671896055,-2.417968200150302,-2.632940395734682,-1.9670577134109877,-5.5196059642780995,-6.941927974327751,-10.10144413758119,-0.8120322117406715,-2.097829432811679,-3.962350278310236,-4.52814337986602,-1.8008864275836665,-3.5871920449520616,-2.7751267007283644,-1.23629569130674,-3.0962120566748155,-16.527564717757862,-12.716364187316769
CUAGAU2_120,CUAGAU83,45.34616265572436,-0.9340627868132785,-7.57279048248791,-5.016942763209286,-5.854285946003664,-1.5715472770384977,-8.951141209522845,-12.978200578551018,-17.332573281741386,0.32974330195785484,-2.8622673099506812,-6.3080999819001065,-8.886409340114483,-2.0858213487662027,-7.062492561875395,-5.340393776597992,-0.5670586833840261,-17.391426275592906,8.907148672100107,-8.03131287629418
DAPD_1,DAPD,56.36616303696785,-3.0365019358695378,3.3878284256106497,14.484741105421136,2.162549849758804,0.6956893507877737,-3.0125144449609778,-7.771056587838508,-8.86022704100401,1.5620140586898827,1.4059498169551645,0.4461571963773707,-3.1729981104368647,5.503626780421513,-1.9253992735910828,-1.2784335545222731,-1.9695766527874028,63.57320937241066,-5.517931139116882,-1.461731983355314
DAPD_2,DAPD,87.00459278414182,-2.6964952097228263,0.13356109761426183,1.7101805964628056,-5.240628080221782,0.9162804592600367,-8.338442805643439,-11.840573368621435,-18.56824086860911,5.365767283563116,2.383382674893369,-1.1657659179570317,-9.24411392635119,3.834882745956179,-8.312262169118839,-9.478885175403406,0.7092592297315434,9.250183129689688,8.526393001560535,-4.310160577466874
DAPD_3,DAPD,84.07861975779294,-9.423398264288053,-7.0136038142601365,-4.959740017037845,-15.852812142781048,-10.249946401667842,-27.312510200620373,-31.936540102901965,-35.24390427533115,-5.56640067707518,-8.338331785855829,-11.427763047453567,-20.649650059353434,-13.605178566178608,-18.7471322601276,-19.410868609131697,-2.038623384585236,-24.80398380592451,1.429105068629184,-7.376768143460396
DAPD_4,DAPD,46.422071595310925,-4.850095293788328,5.571996772414494,8.375044883739932,1.5486932985843254,-1.8997912284524574,-8.441927708567455,-11.74665301540439,-14.863364686630554,2.1439986726844467,4.118328467863783,0.6032964356036317,-5.261170349638618,0.9056807636993938,-4.862666818592935,-1.5176586038161943,-5.872970658663888,-17.017553648427995,7.9368771623672885,-4.552453486839205
DAPD_5,DAPD,55.69478783228636,-3.0135030288053173,4.268505462062102,15.46217313740906,2.563097550273554,-1.5243422236393158,-6.055042767339579,-11.31234795172223,-12.834193968376809,0.37597113481124467,2.5018899624052793,0.7641643714497235,-5.394809176219688,1.2133102388460841,-2.7907612618715376,0.24011690244740436,-13.891691758084903,-9.070982458630745,-1.1583161344646982,-14.019943597354121
DAPD_6,DAPD,77.63093495999654,-0.6011770167948072,1.817994746557332,21.714067598252043,4.321714500906552,-2.158519361851617,3.567057174685658,-5.329536455973155,-2.7480937546689717,-0.8877811131589368,0.9986434525881549,1.179475932528689,-2.5914775556067866,1.5181786892310356,0.4877606930974281,2.590306863588637,-3.131721524176527,-5.623236274985345,-2.8459232332079836,-8.675121761940474
DAPD_7,DAPD,65.38740997100241,-3.9982917204906414,-1.4113283790744902,-0.8872225517197023,-5.5982880180271835,2.9499279776346583,-7.064527470887931,-10.63582363410174,-17.37936787683072,7.512053756527649,-0.4936914684596303,-1.2267580134448508,-8.539086381574208,2.7147693042523713,-7.0428811550893045,-8.180299368416996,-1.624881422505375,-65.9253545113456,-34.00835520555388,-21.29503998409728
DAPD_8,DAPD,74.96755103253268,-5.547828455436999,-3.0753347648037703,-0.9039671830328047,-9.969491635151783,-2.6069047155067437,-13.118103880022105,-19.55546089895259,-25.75126442090051,1.4207590079180363,-4.64446073376233,-4.722264378457936,-13.911671499941548,-2.9251470865510214,-10.552823877482226,-11.862267036057979,-7.605188611214842,5.4517445123757255,8.003495464345477,1.2278183136707668
DAPD_9,DAPD,49.9072181066178,-3.6684488891983165,1.9218542377923598,7.210085661828366,-1.6299118853620769,-0.509960962967213,-3.2403912934092105,-7.182589355995297,-12.488151336715319,3.512404384172889,3.377843260634627,1.0854633005777004,-4.540689066145866,4.538049417744581,-4.074444130366388,-1.943758489770346,-2.3068583968489165,-32.909230520532766,-9.106292322135147,-17.04884393301743
DAPD_10,DAPD,64.69679311222494,-5.903336425691336,-0.5566697506543932,12.010420694252474,-5.02482272274046,-3.0716792789106435,-10.202294394822424,-18.665788516603108,-20.595308550536885,-0.26283448608292304,1.4935216101703048,-1.0571677303404599,-7.328181776783808,3.1772230280245566,-7.567826829182096,-5.533573644327021,-15.383426325914215,-15.5032199553237,-1.0916414578858067,-10.092993485812222
DAPD_11,DAPD,67.73647691802657,-1.1497599428349758,-1.27569318767479,22.71668426429069,-0.37167762521454506,-1.1298916750363333,1.5029913036158575,-5.84854956679083,-6.112009921536114,-0.485072916945839,2.7128117483148344,1.1668055501669699,-0.019935096137217556,5.790160942475808,0.09065497733016059,1.2302444362093041,-3.493099969264776,-11.424693848183004,-4.620949227266422,-4.311778777927572
DAPD_12,DAPD,18.239553862447217,-11.39740171424242,1.4882023112567353,32.697218960605106,-2.8516715346183847,-1.9584001266137108,-9.405419952033286,-12.934786685232611,-16.46693090085283,2.268747729094663,1.0429241612581244,-1.5981316890834982,-7.3100524271965135,4.940467018113516,-8.723234008740128,-6.9779139216085095,-17.47487774506199,0.8102825647755836,5.443702142387966,5.639525916986578
MME55_1,MME52,-0.8467330463702313,0.019498037270629154,-0.5417277993614554,-1.0574866839846297,-0.47391856115443065,0.0695939381745031,-0.216261351013196,-0.4095724842860756,-0.5602011764343274,-0.252929365202334,-0.40933371703071064,-0.48171793888864023,-0.8906944147571506,-0.3921186848961179,0.08153870666520457,0.1310914982983934,-0.0784428947360899,0.19251486127756934,0.10786292584334056,0.08790041497349532
MME55_2,MME52,24.1442929775327,-2.1357515245697947,-13.717500049493227,-8.300326911929993,-9.381044059444498,-2.0447458963212775,-1.4889796431365419,-1.6358658059159588,-2.678311213202619,-1.2664403736371348,-6.912525578814893,-6.813115088523819,-4.911604881465355,-5.003147155619722,-3.773748980039308,-3.248900557864655,-3.953425468264701,-18.00647668058583,-7.014704875470887,-7.668828225016341
MME55_3,MME52,65.05620511549421,-0.6088144608405059,-0.735161924398497,0.12514710106968607,-1.66360235213984,-1.9983553759281918,-0.12175384351158414,-2.5359312589588825,-0.0710623730724933,-5.269611963000557,0.14473869989937782,0.10879062722108301,1.582527877016517,-0.19369793019913573,-2.534604264525278,-1.6413668047737033,-1.2253548872225366,-11.364507399118317,-7.2944431292636125,-8.567745036620558
MME55_4,MME52,-9.166082343371292,-1.2783892834722508,-3.4099323529775845,-6.385534839348189,-2.43470262271423,0.2572613139937019,-2.209035218466358,-1.7149650066362483,-1.9816796880493346,2.4491542286620076,-3.19802522760709,-0.9766068625004376,-3.4321107970147544,-3.3550692622204448,-1.2906756052675235,-1.791118426876297,-1.817073505161412,-8.808324736027432,-4.075400396119393,-3.9136171298511844
MME55_5,MME52,-31.74582979459021,-0.2485477802570415,-9.572405772117154,-2.0399391736515007,-5.282739084590435,-0.30365183438680177,0.8418094188414003,2.6150304596791685,-0.6255691520808107,1.5540173607014118,-3.859239051107192,-5.945298853244463,-3.062021961467128,-1.454379963200143,0.05153088975349007,0.18358467378534016,-0.9109970758807542,2.166355454559916,4.355138649912114,4.812533941455399
MME55_6,MME52,-1.1679996993142034,-0.09472694774646007,0.1518981435624751,-0.07964224722564905,-0.027463328536113663,-0.05147083719247414,0.0025112929422579366,-0.06532743846886446,-0.2429087292468748,-0.11658906386485435,-0.025925428372648662,-0.09002853323151583,-0.06615524911579507,-0.10312860949600888,-0.08617675444863893,-0.05161943151956594,-0.03211536377127455,,,
MME55_8,MME52,-2.643000251189099,10.907364155800243,-0.02523215597780526,-4.35278742604795,-3.667123135023474,-7.240901474958376,-19.20344088369643,-19.198075677646127,-15.030923186941637,-5.443425310104974,-0.30707659284375,-0.624681728157233,-8.258703330263094,-0.8585846294627428,-2.4625604667974526,-0.28539827427554787,-0.8788531794383179,,,
MME55_9,MME52,-77.32199977293652,49.28117799391198,33.069502420660925,11.955675333709436,23.720055847842815,9.453041170871373,-5.290594624668842,-6.635619013704641,-5.518697456177009,14.740097708987953,25.770921341757784,22.49036067194468,8.471472716267954,20.43153063920863,18.553182685352425,21.44594331601609,13.81449523688147,,,
MME55_10,MME52,-43.30699971119582,17.92092704318118,20.252803641917975,19.120065833413516,17.1370845650081,15.943827860535201,2.245450722738852,2.6003038789073116,5.416375008149103,16.73826545931368,16.89525207727469,17.996947682508083,13.074438004349929,15.19077589164814,15.304232051903782,18.977029817738376,4.7789749806191395,,,
MME55_11,MME52,-67.7620002397525,1.3891437643537756,2.297623742874009,-0.5745998205321854,0.5447577917585846,3.6209687463870353,-0.1335039581501718,2.9517847367481096,4.615816368105804,5.5758702835231375,0.39957456438649785,2.0880279858262156,-0.10333650325195265,-2.1898659962571685,3.0110409583225817,2.5568527386173088,-0.057035340010102686,,,
MME55_12,MME52,-10.277000015868154,0.08886393836368534,5.028690807202802,0.9646240044473853,3.5957525919958213,-0.7676812854179982,-1.679211211091168,-2.090383970006334,-3.3651538415805025,-1.8000711671828462,3.6742759900084927,0.5699958461013459,2.366414971152661,1.4620413517992574,-0.32334465052936245,0.6974765923403385,0.2386581744415892,,,
MME55_13,MME52,-1.0820001534037549,0.29587812150160353,0.198004841663053,-0.11581998855368592,0.1773541321863017,0.22836764027781942,0.16007515668498784,0.09248799370126648,-0.15521296249489303,0.49622319689942573,0.21086338897483492,0.42528663949786893,-0.12909859094503062,0.25125303631733553,0.22419420051543937,0.28513873602480255,0.24559202246151957,,,
MME55_14,MME52,28.10299987309709,3.831179650921932,-5.55606413928448,-3.5083444126909065,-3.955236768189689,-2.225670055373069,-4.00796488312719,-1.799824932646139,0.2605844160113904,-0.17031975102082697,-8.49761005484174,-4.197255312369371,-5.103038505986415,-6.226491997946862,-0.25515583186310664,-1.5908805301073237,4.297604450195472,-10.062176147124358,-3.3282602422183807,-2.740170776876308
MME55_15,MME52,-27.573999973822403,-1.1199664216863425,3.4941915642202837,-1.6147753379043266,2.284586167333476,0.12800314782337097,0.2263300540006341,1.4915930943557498,-0.5887141404341278,-0.4770090449678861,1.8570753832672828,-0.4687404158174786,-0.07000370218736052,0.37004735655522225,-1.6130077688486075,-2.1094887475625974,-2.12791960397022,-0.6832698803678063,0.23327378481960892,0.39068961584674966
MME55_16,MME52,8.371000229320414,-5.611629036604286,-9.839885513315293,0.38907068332956385,-7.938596063980999,-1.216237607627833,1.6284175819649214,3.292362491802626,4.303015508042813,-3.70314475159112,-7.991796756185344,-2.820544769314534,-3.5523113659625674,-3.6586894074939735,-0.1928388073916576,-2.9810364041093234,0.12763719620893887,8.736415223749324,1.853015827002121,-0.2029838607938288
MME55_17,MME52,8.042999772210305,0.1057236119378242,5.632877448620471,2.3564654945584333,5.420161588518104,2.301951989370478,3.2896483875710114,3.3437557685848347,2.987484064205825,0.0986307467542229,2.3530692879723176,2.8779473911168107,5.554052971378951,1.8144223089618148,1.3922648708854695,2.4170976563585818,1.4571131746011012,,,
MME55_18,MME52,25.440000267460228,-3.431654785716713,-4.211706667347002,-5.826778629088839,-1.9224611172809531,-5.099337141551008,-3.2507131193638834,-2.2124405871155766,-3.113540614907617,-9.955831066225306,-4.96823717210566,-4.037560865574697,-2.7936066036854292,-2.4121563958760284,-3.162012207736776,-2.3417606885637277,-0.4076357706757072,,,
MME55_19,MME52,27.77300017080263,-1.631348177046842,-9.92182959072204,-5.951748709411639,-6.327878515843569,-1.8420371182314064,-0.5654127680304271,0.13630961596161484,1.7849000589834496,-3.956702943889688,-9.275027212479646,-5.0365492338913675,-4.89687873994211,-4.465979279323857,-0.6987432198551318,-1.1673317781810368,-0.5567455946776398,,,
MME55_20,MME52,2.3329999033424005,1.8003066086698696,-5.710122923375033,-0.124970080322798,-4.405417398562618,3.257300023319606,2.685300351333456,2.348750203077192,4.8984406738910575,5.999128122335618,-4.306790040373985,-0.9989883683166707,-2.1032721362566833,-2.0538228834478223,2.4632689878816385,1.1744289103826917,-0.14910982400193307,,,
MME55_23,MME52,6.95399975062341,-3.4788195901378582,-5.853351207640157,-13.642895009010488,-6.071270752736063,-8.47222127271072,-9.965316562439648,-12.140591707824566,-12.503734139385056,-6.104656453102917,-6.69070512090428,-6.602351410392641,-5.670538621743741,-10.502192207377405,-7.668574407469571,-6.975878496280404,9.408422347766734,-9.331391905818487,-2.601499639425578,-1.9544990671351137
MME55_24,MME52,-6.035000203182534,4.859192466413351,4.725697041838232,-8.552056416069934,4.185272077624406,-0.4243626943288401,-9.131984357270206,-11.509505304694727,-11.09812847923138,6.082879552612481,3.485171617538721,2.2636102820970483,1.4973402024917206,-2.5425611478018517,0.4905796905107689,2.195933699245531,10.222008009987146,0.06121797897697512,0.892809495494248,0.056614238435832576
MME55_25,MME52,5.229000051792484,-2.661840030668178,-4.200022880309353,-3.766389046825744,-2.696253968200037,-3.10505618518928,-0.7552211435160538,-0.8602695547595065,-1.1760276792721358,-3.33720356583599,-3.7243285925636336,-3.057190514693411,-0.9401865892056716,-4.714745433294807,-2.3540027708932545,-2.1250280154884025,-0.9322008910687956,-3.2247977679772197,0.8249086838316666,1.0420778956024908
MME55_26,MME52,4.165000007652141,-2.068879220233244,-5.073193088964233,-4.764751474614357,-2.245960700292459,-2.899602052760086,-1.9013998285496703,-2.635193657153537,-2.698753903000923,-2.0660182164961993,-3.8359413814983756,-3.2853581684923423,-0.6405586594408628,-4.657549450802584,-2.4724874783802564,-2.052827214242956,22.758369297362293,-7.1281680862798735,-4.733481630480087,-1.8966653736448453
MME55_27,MME52,4.138999780103939,0.20141027254631805,-0.1101213238658385,0.08927960060333007,0.545916550686135,-0.26517044363290676,0.4579813266396435,-0.018603208713413366,-0.45794555850277696,0.36337040494877026,-0.597936647047681,-0.4605413137369099,0.24538870935021517,-0.004003824708739501,0.34559256012559736,0.2551895292158015,-0.0006334079470811105,-0.8571182193242941,0.0627898604422823,0.35228684194150617
MME55_28,MME52,0.7230001007656064,-0.3873100172016421,-1.0563904877308685,-0.4144732704459823,-1.0638422251832262,0.5995765171043399,-0.7147173526586675,-0.16300079419281022,0.7544115936273574,1.5254559528121954,-1.2396747097825525,0.175023060030278,0.172543079783133,-1.1398153617748328,0.08150777027941825,-0.4760601251653876,-0.8558241401079173,-0.45613026753287855,0.07950318835957537,-0.5912463984719912
MME55_29,MME52,0.7389997098257142,0.06420814997845203,-1.3291128193760469,-0.38049363277803655,0.009257333240211496,-0.028797036751494365,0.39381961212492733,0.3815702505036269,-0.7926621236975598,-0.09492963274762656,0.07639419573586981,-0.7372139434730559,-0.7916137436629221,0.49862210275187846,-0.05672265201116489,0.30577507531485404,0.05257174591325875,-0.006190802124627082,-0.05087221753534632,0.24162530703918095
MME55_30,MME52,-3.411999933950674,-0.8627733178606585,-8.470127963539227,-3.651371078759608,-4.661011043460539,-2.068561135868011,-0.7784175960052755,-0.5086967048721629,-1.6803939407845725,-1.9613856555118883,-3.2935943557653387,-7.251143998269002,-3.6244028547670055,-2.0976421838883956,-1.111916228494187,-0.5219278673070309,-1.0516420920194474,-2.513258783487016,-0.21802217296487436,-0.5915976943393693
MME55_31,MME52,8.797000096013422,-0.8614146970361212,2.577298127179004,0.7610069066758758,0.9691491636906537,0.23279221000022687,-0.7422807059056833,0.2891558007244015,0.9599926708159039,-1.2613357724777527,-0.42404423339521813,0.7896374653010216,0.5710145451686977,-1.015799466222477,-0.5576519190555747,-0.6357679376030809,0.276578886046023,-0.7332024575488418,-1.6189325337631013,-1.2450692748295653
MME55_32,MME52,2.339000148933362,-0.1326479725857661,-0.2880977570525247,0.44890785308442815,-0.49213967881357523,0.7410924537842591,-0.727315170142252,-0.5524339895473571,1.122609303593543,1.0463240432665661,-1.1796048593229966,0.4863386678845587,0.7459109108191337,-1.1860404080072664,0.2641699423779129,-0.33006571642611027,-0.567178912548115,-0.6702324496339414,0.0767754414595947,-0.33024047387932143
MME55_33,MME52,1.705999966975337,0.06487054924850111,-0.8635261407745719,-0.11916266863710034,-0.39360431355740166,0.45848101213478154,-0.6777151265928207,-0.38518796869801886,0.45663092602784294,0.035717964763163135,-0.6174467320972097,-0.2329505302030066,-0.15015617751672838,-0.2602077222487218,-0.05087049893836704,-0.17909829486786855,-0.1514386312338898,-0.48053285949194713,-0.03932932771533659,-0.4786624475713026
MME55_34,MME52,1.4830000426502126,-0.03580543951455106,-1.7639796462017914,-0.7264094223206871,-0.6134554580936313,-0.04752819527541052,-0.25464961960159904,-0.13978658343012618,-0.1402398961600977,-0.14921867817657586,-0.6264196781388912,-1.221738732149552,-0.4743477149102069,-0.543365285308863,-0.19579996136763933,0.10173585226896309,-0.18747849527977656,0.17083759396103404,-0.5435884983313181,-0.24814372873821933
MME55_35,MME52,2.492000136408145,1.258957323198762,11.6256999788978,5.354910643853133,7.903767782052166,1.7219330598297278,1.624641731944351,0.841147897943519,1.8263792509780945,-0.49326518011466036,4.730820154975389,4.660458019207592,8.565410884630126,2.164880947328128,0.9860756041054306,1.8288399666883661,1.704429260534245,7.879332960147033,-0.004391172424837109,0.7658871846076045
MME55_36,MME52,6.652000148570976,-0.024928943258894165,7.578187754281196,4.346498338391908,5.750865168576962,-0.12763981939691238,0.47184282238182274,0.1266492959429142,0.04349983543419089,-0.7289210292710582,3.964614709036179,3.098239737479548,5.963891645152313,2.0797542673426017,-0.7446658693405768,0.3563107352081989,0.6738709599809187,1.3214230946672627,-0.5618542176670154,-1.2122978844900185
MME55_37,MME52,8.30199991506225,-2.9488734690252185,-7.969588756691102,-5.80180249669826,-5.603564598373396,-3.9549845090057074,-3.030163556156716,-2.252860856344606,-3.7378962262503777,-3.0309485704823134,-5.333811202079634,-4.859611579295026,-6.174206088835146,-4.295666869888151,-3.032912236600418,-2.992917041137334,-3.0157878599349353,-0.3570346253492742,-3.3289621476197153,-2.278448217766025
MME55_38,MME52,-8.459000275434166,0.689983501561267,4.738186112294253,4.491332544319918,6.9163813733820465,5.705664406154353,8.191464183674809,10.481133868016911,7.747827598828017,5.027708064644782,-2.0706479810951137,1.2883946081938236,2.606289440802068,0.2661509901738004,4.435388255614828,3.0867758926715734,-5.979724807724065,12.633807355123258,8.772583791269554,7.259741876098474
MME55_39,MME52,9.954000181756829,-1.2606861120030075,6.765471180923811,1.6638096188977904,2.9386625097537404,-0.2946589962156665,-0.5738022559439209,-2.4038060017592118,-1.5136419581662093,-4.629254420374956,-0.7864200989045056,0.2722089039148159,2.6571640814910555,-1.1497001427790288,-0.5889104251850128,-1.114897086713837,4.3104679300392394,-4.394675604916927,-5.781980127743805,-1.8358002634843604
MME55_40,MME52,-22.53799987341918,-3.000120724379844,-7.003178672156977,-6.40403701924415,-6.093209801758814,-4.396482605588346,-6.143167525053919,-3.5115898289589182,-2.766192785168922,-0.9246106743071785,-4.055348249189709,-3.704373227208677,-7.24020920626576,-5.466939596308837,-4.248419987704388,-4.158347340605722,-0.4328745279112809,-1.2380252242316878,-1.441943264450412,-4.283456223858014
MME55_41,MME52,-2.6850000877974094,1.8775366469964854,-5.7644792373937594,-4.302701314211932,-5.9010502111805305,-3.614216116567858,-4.26580576532505,-5.851525155515207,-3.8320851475426347,-3.735589313479999,0.7613803373123813,-0.8269739649738517,-2.0720111204099214,0.03903228146364324,-2.341198377308379,-3.682042486258682,0.6248873125616292,-9.670342476150992,-3.7137983651914808,-5.380065117290396
MME55_42,MME52,-3.418000179541636,-2.716604728030137,5.103439735954989,-2.194410168594337,3.076368145762638,-0.5656119398274453,0.8888449559701996,-1.2599349827114148,-3.821823673522613,-1.601446220910005,2.742683080154544,-1.1486643126819063,-1.596461724740859,0.8020053632930058,-2.210787476164949,-1.629474935542266,-2.1713819958268,-1.7945438459167615,-0.018902278619667978,2.0951323633346863
MME55_43,MME52,16.708999735400013,-1.7524491596456766,3.1354801657441413,1.4413443325733013,1.9883331083070352,-0.4088073622514976,-0.6898627061660783,-1.127942380990758,-0.5458596355660248,-2.7613105106070286,-1.1993656351864086,-0.8035856201895069,2.1742962943525264,-1.4595989596373418,-0.8467189279530096,-0.29538954301850495,-1.084758879848824,6.496695854996798,-1.8794146537780634,0.9094615691696362
MME55_44,MME52,14.659999952356111,-1.332892309032422,-6.12783891223682,-2.450281361310733,-2.676390657965211,-2.7881795882671696,-3.808915928490503,-2.324017795367279,-1.683741515410345,-1.411855591670907,-4.2549900745067415,-2.8025265255116825,-2.4440939293602177,-3.4990611629110546,-1.4585931244953976,-1.800290230803796,-5.163604070682867,-9.789917615861373,-4.291390063139721,-6.77602977877829
MME55_45,MME52,8.501000112042476,0.5007593998570687,0.8004329498692275,1.5444450803427134,0.9718588116268112,1.031703386881908,1.0318918272111688,1.3385097111440167,0.6137247846928435,-0.06322948643445514,-0.2958379609604691,-0.43811512937810093,2.6756478123038008,0.6276785313415019,1.0455426061299402,0.6444872452583397,-3.613336349049667,1.4086083569159662,1.255932629400398,2.114217385636687
MME55_46,MME52,17.105000256666635,-2.814773063201727,0.15411996649960003,-2.731490130927483,-0.36913702914854696,-1.5094131713530707,-1.6213314939387047,-1.768983280949211,-1.5644055916150705,-3.3329382582686584,-3.536803096959636,-3.707026525166409,-1.8575136350791865,-3.3740942198385433,-2.9120199636578956,-2.1702029242895655,-3.0895231541600037,3.420312171770476,-0.45949350556591284,0.42579009833120907
MME55_47,MME52,-3.2100002416844418,-0.6895239137728044,-1.0512922870454147,-0.050438019255123034,-0.7319333883093653,-2.228768697110415,-1.0072773292339225,2.2241452073299355,3.9938671299747397,-4.577666113713288,-6.777384385418152,-3.7366776027098854,-1.5038115826249503,-5.587543089289426,1.1073112502257674,0.3405765625540269,10.163392399831173,-0.15215872724341306,1.7377581952230463,0.8686780475640048
MME55_48,MME52,-14.939000077165296,-1.1781280785952255,2.611219155407941,-5.690146849727039,-2.7633654161971464,-6.421497721036552,-8.606735144850365,-12.813122790677504,-13.3701369720822,-2.8354145481153417,-0.19899429847698968,-2.0224432683566604,-5.297770383584567,-1.963920165852624,-8.573073716768814,-5.381955360462431,-5.076912764333713,9.359974236042113,-0.3112671900740853,3.13811009696237
MME55_49,MME52,14.272000176883754,-0.6656852051928084,-0.7824350998794518,0.4284824822027744,-0.08515560833611069,-1.5301755774157026,-1.7064655789284053,1.2027708150433227,1.1170340073819212,-1.6465748823574042,-2.6455675178743974,-1.5207328773291096,-0.30890113946752784,-2.6820659790275148,-0.08519520407907422,0.13080416150171637,0.4159511934583371,-5.99072097935105,-3.43948722306045,-0.962677565655019
MME55_50,MME52,19.699000175554808,3.0973991259804414,-3.541950557198767,0.08301360470495212,-2.174325284877881,-1.1354815310034674,-1.75776391368559,-2.2655886940887164,-0.803992748727385,-0.5493132595631991,-5.648323594133991,-2.300715293927283,-0.9479370212557008,-5.354864082306818,-0.1767180887267834,-0.5022714469314842,2.3689079785761216,2.738637046404371,5.513715183146232,5.300834489075903
MME55_51,MME52,10.720999991824574,-7.466500982466874,-12.642159089948866,-17.89306763052892,-10.918062565063654,-11.825360190409246,-10.56910718222558,-10.362532883302382,-7.377984307841691,-12.280242686502467,-17.664888682270192,-14.401069525357181,-13.711723699152866,-16.85649960201701,-8.877127596050617,-9.074436216034554,4.485940399488486,,,
MME55_52,MME52,-5.792999919492346,2.902779007688418,0.15634147542959553,-10.910869047689769,-7.9390198204443445,-5.430998488956646,-15.121251105207236,-15.975231132772024,-15.2960618160064,-5.112733841311937,-0.8265198367681803,-2.5653761997602595,-11.354647261553616,-0.14552710290890047,-8.481415541358594,-9.404207128342602,-5.433482824341723,,,
MME55_53,MME52,-2.6300001374149984,-2.468618693883398,-3.3247453062130097,-2.093075922776878,-4.41734139662834,-3.448295081897836,-3.756914594871726,-3.4198994621614904,-3.4897412670972248,-2.592529852419049,-2.411260312266439,-2.137069985228977,-3.0355081174468275,-2.6988118223813613,-3.2036650318489013,-3.4395661744220627,-2.1645787571164243,,,
MME55_54,MME52,5.880999965606098,-3.29464060169962,-9.064217475342842,-1.7418123717247873,-3.9049553127508556,-2.413589690221375,0.61695162726937,-1.0358166483200675,1.2076163178067363,-0.9549484359978271,-4.289180116671407,-3.702198656056652,-2.9071748372213415,-2.616560390730345,-0.7901188281419813,-0.2556785471149867,-4.606641570385791,,,
MME55_55,MME52,1.8000002586800508,-4.3494924365996335,5.19912821655692,-3.007401340540953,1.4806622563560425,-3.8802757416551144,-3.32831520757473,-2.9406637627523877,-5.831651051562518,-4.219562144714529,0.894247373446895,-1.336378123927917,0.7031310798785364,-1.5660315314993063,-4.97925040269803,-2.977112964504693,-2.1788029101683803,,,
MOBH28_01,MOBH28,26.20000020934484,1.4490975255714922,-0.7213943668577194,0.4284526756328937,0.5230932153721106,1.2284765525079813,2.4072522208960407,1.8331466896214295,2.696672830824852,0.8184026878912611,-3.138622168624334,-0.3842666588827903,0.6950278619380796,-1.4324249125016166,1.190031933393481,1.3107678938970935,0.021159079907079104,8.912965839000993,6.107634857158903,2.9581165588287845
MOBH28_02,MOBH28,5.709999868867904,1.0115728825926489,1.9204942514316121,0.1446974096075273,1.4099487782386433,2.185104705520188,0.37762202371586007,1.1460362402827622,2.799019751628464,2.2434334680553887,-1.0316932207971243,1.5858689883910317,0.7315719430538445,-0.795793521423418,1.3381807707307676,0.48983314243581244,0.653237475473265,6.197609514768221,2.083425489495842,2.5355118983079716
MOBH28_03,MOBH28,0.9199997975425288,0.35134776287089575,0.2682532092885258,0.3002431401688107,0.49717387374900046,0.4994705583911524,0.3856692052288734,0.6761220683123202,1.013293325241023,0.5155448411602231,-0.2479429865995746,0.2245513158959439,0.2483740856051767,-0.0935095793800419,0.4546537063135795,0.4958246657434703,0.2786574042368003,1.420364834769737,0.7380400235214667,0.7476198966959161
MOBH28_04,MOBH28,1.3600000281112898,0.5821968266073962,-0.045725485949334344,-1.4149704856312848,-0.36575155260830505,0.2627708472757948,-0.8136542610131764,-0.7288473594808984,-0.40155874918734524,0.08649283123850937,-1.4072846867668092,-0.3556732483625049,-1.068283361043161,-1.4138900460229393,-0.4698109466128747,-0.785222873329713,0.951687513759554,2.374721797603069,0.15365435121228854,0.446603391798265
MOBH28_05,MOBH28,4.630000215667453,0.10771256594670575,-0.19294849575409767,0.726379364881863,-0.48158007522500945,0.42600676928897396,0.5203164859079994,0.8082700412859287,-0.3572654911483957,0.04965231455820884,-1.8431525165235785,-0.14486947258119454,-0.16213294856266192,-1.2713108511217301,-0.428263168011223,-0.5641832886634992,-0.7994586976200448,1.8469058562307543,3.8106724085185633,2.4272722728817175
MOBH28_06,MOBH28,15.760000215023275,-0.3633982666322595,0.7004109521749626,-0.8052128780128953,0.40894146072901094,-0.08699101087723626,-0.6133799060055249,-0.7595923116541918,-0.9097979995451482,-0.6183694849761938,-0.5934716659336754,-0.44612246398761535,0.827235824971396,-0.4151708103177434,-0.5608439344915706,-0.7704894528853732,0.21441578929282024,-2.7010307801243147,-4.448105751445496,-4.193355154558272
MOBH28_07,MOBH28,27.59000021039198,0.773599452678706,-3.207034004601752,-0.21970581357792085,0.62109701765214,1.2755359978516587,1.3245054566829957,0.6262095255416469,1.0978376767956242,0.6128918918459902,-5.459861414734018,-2.027341921110221,-0.21119565518944228,-4.283943487153852,1.5293008917847501,1.1788497148228885,-2.0152992170902095,8.189951811197634,2.4461703332704268,2.5038917609204994
MOBH28_08,MOBH28,34.5700001885636,1.746471441513222,-6.917391726509116,-2.692297834709205,-3.849444318514916,-1.1199111382828093,-2.6482862655271795,-2.4726385823684396,-1.5721856424085203,-0.35223091968981635,-4.073830976058797,-3.2929858597871977,-5.081928146131197,-1.2752939049328305,-1.2199577346782888,-1.526929282806087,10.056039064259764,-12.659650895349372,-2.8685429191846374,-3.781028027923668
MOBH28_09,MOBH28,-4.289999894884893,-2.1546903879847994,5.208411277781247,5.035334940310142,2.957952339015292,4.061410743683585,1.6577412253764994,0.6239580841364325,1.5027386668051133,5.246533294091277,6.594621937144964,6.566325275947339,3.4743349681652544,6.52931470456323,0.20178464473771918,0.4704770480185858,-12.73180431476699,13.875241685446554,-1.1356489623250097,-0.23823907575954806
MOBH28_10,MOBH28,29.48999975134876,-1.4922522306153425,-11.057162088117774,-3.0691994776993354,-8.440093854214453,-0.6810711727933629,-0.11726426417965996,-0.3907309477534291,0.17708066342592943,1.271915017227272,-2.3670101011871694,-2.761316535061489,-3.4843840303331888,-0.9152120885791177,-2.565926651107855,-2.8894397250694155,10.874673052254114,-9.930838948708438,-8.69975325435416,1.1655808546873025
MOBH28_11,MOBH28,5.500000058316881,-0.39904350286319623,1.2554597735571331,-0.30010797472071715,0.5251695815090924,-0.31291261928190117,-1.1615017131800318,-1.38546712356018,-1.8138187702752613,-0.6348630693540356,0.7612687660039379,0.08071717120543109,-0.26061610530496804,0.08793095738440027,-0.9558103826600384,-0.8538256604250991,-1.8258972986006579,0.6885348713985433,0.6203389697086559,0.8461888996983777
MOBH28_12,MOBH28,20.65000019613485,-1.9248487278287811,10.179732909867393,6.056963223047376,9.689164200826639,3.9955598994790407,2.4182742992408066,6.096022362054519,4.176576929949988,0.3296598431625988,2.5007752916394637,2.95534309177787,10.287240656685839,2.3961923035883252,3.3406375484787567,3.9736766360299036,-15.374204246524684,6.073742599983849,6.736141352379331,1.6238905736941192
MOBH28_13,MOBH28,10.100000301048471,-0.6199025532947999,-0.22393880395456378,-0.15861130266019963,-0.6168248073951794,0.7750463640218346,0.700489892704228,2.1295789648400003,2.4666855257695453,0.7760397743513003,-0.8780167781188553,0.30453555604924,0.9437835988411685,-0.2945922919438271,-0.200684055863789,-0.9415304633412767,0.3039119684695013,-3.220733051034933,-1.5242026776791935,-3.4727038750315273
MOBH28_14,MOBH28,20.66000018711347,-0.716285184647603,1.7726976351897328,2.326860287893414,1.4646632118258829,-0.9595096765651903,-3.5744172698826837,-5.924091919661821,-4.70663562595918,-3.1992494983529625,-1.8514884150622706,-2.416739662139033,-1.2608668971624652,-0.843567449299151,-0.7774101922132068,-0.27390675590325486,-8.214496135383783,-2.4094486437241756,-4.662276561049756,-2.355108067375159
MOBH28_15,MOBH28,35.450000022191645,0.29805583046731954,0.28654021591867007,-0.05002260795199476,-0.9827712645063542,-2.2754943076649568,-4.631106012837364,-6.579750402001096,-6.915515033843885,-2.8076803235555303,-0.5415980932182691,-1.4433665442955927,-2.4395689588379597,1.108581580212828,-2.9921785255384066,-2.6665220045402407,-3.01991521614449,-16.054479791769303,-9.840104169804928,-12.413559830302873
MOBH28_16,MOBH28,8.409999943133244,-0.3513966458262381,3.609152868518917,2.441084456905907,3.3181225713457803,0.5835599654987789,0.6146413882679287,1.4445580592811051,-0.17236919685548813,-0.03127751948338542,1.160007487605549,-0.36841696181845585,2.492873064835255,0.9662524540739259,0.5398773994932302,1.7174488773082661,0.8289079218833653,-1.4638276945353361,-0.6799007554737511,0.9719730340246908
MOBH28_17,MOBH28,13.840000064599783,0.7668392304507208,3.462249323855273,2.1274709095214455,4.471689050731287,1.5743058086944934,0.180468085188501,1.3985436052690865,0.5897012124999552,0.2831523550207109,0.716782799660832,-0.09431279143281834,3.1013465369575055,0.5518810281938933,2.1450693499563496,3.36379245981424,0.7755850332763252,9.287519145612555,5.780149506771972,6.133637318135962
MOBH28_18,MOBH28,29.449999787434283,1.1437543020080057,3.207306155271798,1.142696823110878,4.457071656808555,3.0126278043195107,1.577924153823286,1.3308561035812012,2.456512279388342,1.796507666477762,-0.2749572068108428,1.7375276744918473,2.198387512216982,0.4073846726318351,3.596788045419327,3.448075077130806,4.70742620629402,-16.343549432499806,0.5489721932986171,2.2316509548718457
MOBH28_19,MOBH28,25.829999915626413,1.4427083495298376,-7.39383833476403,-4.307738144435277,-2.800641235926122,0.8730319684203103,-4.233752330162442,-8.56100162668135,-7.871375993708533,0.8627436369200865,-1.2773058256713377,-4.208400006163092,-3.8563570255737716,-0.4840656401356114,0.23902180995462174,-0.10539467150180215,-1.585185724820544,-21.978669333077185,-10.183134429704282,-3.6813623871257732
MOBH28_20,MOBH28,14.049999875150808,0.15620838071318843,-2.226433044229317,-1.4919692237970779,-1.8578605227109382,-2.742988238371849,-3.629000240220458,-2.94510100781231,-1.5167407250059277,-2.2613528795999276,-1.1171917005340823,-1.5961268857733533,-1.6996180073295424,-1.5517024780797577,-1.20025801606071,-1.4704437035966915,0.12783226421590932,0.31636651799360394,-9.074858064518036,-4.9447484680805935
MOBH28_21,MOBH28,30.17999975638303,0.4162281635503007,-2.634275798708085,-2.639425957195911,-2.62946374240191,2.6695690024114533,-5.1113482377952195,-3.5758403358728614,-2.167752374194283,2.9646235177310523,-4.210203531030661,-0.00277221144017048,0.5999141801777554,-3.5662701889326023,-0.712107163802358,-1.9264321853136792,-1.1161455543135972,0.5857719142912536,-4.269362746015297,-2.5236202232600213
MOBH28_22,MOBH28,14.719999898227831,-0.5412758671620956,-0.8167620644638678,0.05609187960120465,-1.7407131635477509,0.13605472175453492,-0.6441654580487839,-0.39132557563706527,0.14723361461351736,1.3705221069579263,-0.6656136063502505,0.25287991749511995,0.3402259731631254,-0.31340157467010776,-0.4890204549064041,-1.393160954529984,-0.0896442777891373,-2.5197831050995845,-2.8469671560710257,-2.1784735811540887
MOBH28_23,MOBH28,9.789999953201772,-0.2307029796023805,1.418173670488617,2.940288198352322,0.3694674127060047,0.710304329049821,0.06102278625689905,-0.8191553854853666,-0.13889426471824784,-0.11262489839795542,-1.4985122651035763,0.005031747448947854,-0.890770406288965,-1.290454721827988,-0.8515724621702105,-0.7923169307347191,0.23668744338166903,0.674556687267506,0.18177569861296483,-0.8264820889075271
MOBH28_24,MOBH28,2.909999884816363,0.4605780860026738,8.623835970105217,4.624005492145514,6.547992335785725,3.8464699235761795,2.1362416094832537,2.9222948034109417,1.8420471585705918,1.8794735177866797,5.373468985179915,5.811805750970615,7.842588306482726,3.5230526074322976,1.3464735593757813,2.16942217691807,0.7522218804157461,-0.2649160472900931,-2.1349540190254124,1.5199962586805138
MOBH28_25,MOBH28,20.17999999263024,1.1388408401286618,4.20799162299928,2.1954043322489447,2.8851799398268128,0.9603361065150295,0.1506195930185612,-0.0618096204915588,0.17967309347887905,0.4646554543087831,1.5152124257011685,1.747555024863491,2.4100636516082012,1.7748451608795364,0.6146700654454129,0.6263285012379711,4.349963593968827,-4.488886840702671,4.625264844603279,-1.2649476874083412
MOBH28_26,MOBH28,1.050000307774065,-0.6908551122017221,0.5145520584179331,2.1350992912137263,0.03732137695073101,-0.7799390554205554,0.5061961422387871,0.02636010423038737,1.47201536378911,-1.5020499752644856,-0.24169192552013785,-0.33240996617184715,-0.47761503094231406,0.20746329174699385,-0.35411746419272827,-0.19475591114387703,0.2215603899779086,7.046792070553877,0.05938025879960507,0.5586909337629891
MOBH28_27,MOBH28,29.160000049054297,-0.7698616297558161,-3.6400489249798156,2.087204881610049,-2.6580429710603823,-3.487796803303638,-2.4550605361912723,-6.120120357290329,-4.357138074800552,-2.54942497168555,-3.15103361569372,-3.715578600835766,-5.680975798664068,-1.642994564536071,-2.808220860133318,-1.9262652050615863,0.2861702814965881,-21.763819676674224,-1.722612538373447,-6.185376409515886
MOBH28_28,MOBH28,17.280000098792488,-0.4291705466091429,-2.6072799645810516,1.5129448575135207,-1.2375461351232708,0.9282791575273102,-0.3283582002822598,-0.02139882603767873,-0.33918575069251844,0.7577345700008706,0.05006345882022245,-0.981729787025543,0.7089354171946916,2.0380247050319227,-0.561908504133374,-0.2129144665212337,0.9940535886578417,-0.0748126122876478,-2.212494624164682,-1.5290215728689454
MOBH28_29,MOBH28,14.019999902214945,1.3834899667640936,4.976432320272384,2.486185006097376,5.4131868208211955,1.9218218105107105,1.54486024036372,1.2924038291024704,1.777196250674903,1.1250409654663631,0.015698843645395755,0.9481993829666244,3.9444972572157866,0.1990103626412445,2.5421087131944944,3.6867713352284426,1.5619710620832947,9.953830089556195,7.556430498537576,4.209161320596838
MOBH28_30,MOBH28,22.25000000773303,1.3964490413798565,-2.4295981469637162,-0.5614796014063899,0.5505908686534333,1.2817433216537033,-0.6206688678002692,-0.9273479334024977,1.2546669153443126,-1.0841917928984053,-0.5014530490441942,-2.072424649096366,1.3113433200855198,-0.09659993784063303,0.5326911610099216,2.4213184104967027,0.31048244453910456,15.053312701837967,6.079598244885599,6.47150540478254
MOBH28_31,MOBH28,26.92000018731496,-0.032879676653760015,1.821618273755906,9.399052702937254,5.0191894979960985,3.265138244100264,5.593462448825619,6.404955190645872,7.047979585466422,2.6698607314052616,7.901679304888226,3.8539763172509716,9.681251557343991,9.01716229689331,4.234170125980139,7.1866289334037035,-1.0804892612240309,8.804766831835309,7.973297630274281,4.63649691790053
MOBH28_32,MOBH28,8.250000087475321,0.2158325111287649,1.8903579206701355,7.51911313385221,5.050630860336103,3.8738594569861142,4.499266146763542,6.354965966285363,6.750144199069442,3.6799297876882893,5.561338356388358,3.0782149689301033,7.494485457777669,5.881253416682409,4.514172446144425,6.841782545220939,-0.4191084571956889,9.210635862418314,7.270013987742706,6.24381335930534
MOBH28_33,MOBH28,22.59999969198473,3.174033281230436,-1.8403881489763307,-1.0546934510725237,-1.7308145782068074,-2.15329374004148,-1.3206121370030282,-1.928247884060461,-0.06816290292174898,-1.1233825835180902,-2.7570832933481135,-1.812134660487601,-2.2846474118233715,-2.33269443178083,-0.6252159897877476,-0.9044113953157265,-4.960883915601681,-3.5010094652930803,2.016469461080664,0.4253325827838559
MOBH28_34,MOBH28,14.609999997463008,1.327261603771431,-0.8669258619152362,-1.01820622246656,-0.9457173948297299,-0.5241756063794192,-3.2946234084212325,-3.5844817687813517,-1.695072956234581,-1.5311423813111595,-3.300561091103324,-1.548345930058213,-0.6222240245714268,-3.1961349806164865,-1.1500251298177115,-0.8781724634433221,-0.24082245465253216,1.1104024391832557,-0.613018963890779,-0.9095577987006731
MOBH28_35,MOBH28,18.58000018103205,2.0423890333952386,-0.17972655727709252,0.9460883782461593,1.7542934726126909,0.14222188472889385,-0.8360108549614829,-0.17590690698194322,-0.8183652254713643,-0.8455226434244203,-2.2624993394634814,-0.7758637579914769,1.5583095881662885,-2.3355314019286375,1.661953257117709,1.825186167309063,-0.46265913942345094,14.194836819450824,3.4199856749987276,2.37670928104313
MOBH28_36,MOBH28,31.82000015940516,5.57164306599396,-3.779177501762504,-2.6522112118189405,-1.825896131296517,-3.3833729519468214,-9.541043852244577,-11.20733269805909,-10.477632867187111,-1.5450460458716186,-1.8834780951138015,-3.555167538252828,-3.02739140784778,-2.6902008237460606,-2.3630148735160397,-1.0620552042084626,15.44783113802933,-21.644236937293904,-7.395949357420555,-7.012528033334007
MOBH28_37,MOBH28,8.220000114539461,1.9509924040528421,-0.9213678309481699,-1.3418709029949385,-0.6218162060714647,-1.1165614927276515,-1.4191530872053484,-1.3420582144557969,0.7479646238018809,-3.5731338874120064,-4.8196967690480665,-2.3700846465604224,-0.3737391205829468,-5.543377843020574,-0.872823886358721,-2.241013791579422,1.29621385763215,-13.296233502407212,-7.45267604442303,2.15400352935195
MOBH28_38,MOBH28,82.33999976407634,1.1162438473090361,-5.410989910101193,-1.8256890533004508,-1.3480408897935376,-0.20315744725660068,1.1300890908981955,0.6602755087766354,2.298441199497674,-1.3641678205928969,-6.032497005179749,-3.8814587223079116,-1.2517860192461967,-1.8578216172308686,0.8289236371942366,1.802923888077899,12.569436671399146,-5.420028058205105,1.3920764226086675,6.690356160823313
MOBH28_39,MOBH28,37.17999971651188,-1.113968686206519,4.525991649824128,0.39243551438644175,3.3940512805724197,-1.1549945654964233,2.3839351610680026,-0.19109156950135286,-4.447469444069597,-2.462783232618726,2.925924694743941,-0.0007509406375163508,1.522890255117403,1.6284921302844424,-3.1426534148374614,-0.7272788368346497,0.8689947795524375,-9.685433591854835,-5.612592698482157,-2.7008373557332845
MOBH28_40,MOBH28,47.99000000455186,1.1910532052029055,3.879707280599817,6.678609499593648,8.37909390938421,1.7516029630293417,5.645130825926543,6.701358914284327,4.891610735214002,-1.132674178972536,2.925138550831228,0.34836577506715116,8.283499304228577,3.5411170990730128,4.56187044522251,8.05228245707115,5.053729947575889,2.1753006941635036,5.801683985367951,2.015347453348184
MOBH28_41,MOBH28,14.370000213976123,0.4878186486405962,-0.08188923331114495,0.21133998254897612,0.589396054617227,-0.26397001792161845,-1.1585044141786867,-2.0157305484522627,-0.6281662882777912,-1.1875559066441923,-2.2799854556946926,-1.05687906658574,0.4285654391653573,-1.5514802143026944,-0.0352918858762159,0.6637857340254403,0.13241647814007074,3.312601021860928,0.8257388692713477,0.20903314367200565
MOBH28_42,MOBH28,74.98000012871715,4.858461480472286,-8.53925917647959,8.328508299774356,0.9922873829210772,5.494356238129029,1.6465090568047174,-0.299903343858702,1.664036776899323,6.805746244840819,0.9080404081778397,2.9139107120821564,4.685114561009499,3.3605946088696044,7.269619822320038,8.84189921461973,10.51344867682839,0.386146918065549,5.0433877333502295,5.49112371269473
MOBH28_43,MOBH28,53.7699998102701,2.4762369101256994,-4.576912914173377,8.160811412962452,0.388752661351063,2.4810726864101085,4.282065602386098,3.457866672170141,5.923601207281543,3.7821530262398326,1.50022229116572,2.858951110612928,4.285814030181733,2.2228445056867088,3.714850940877227,4.266556642959017,2.0313979615695317,-5.512774733141676,0.8443318033565177,-0.6177606369643627
MOBH28_44,MOBH28,8.409999943133244,-0.3465504528948369,3.6097399036303077,2.4433289328268373,3.319953581252305,0.5853358173636707,0.618981557588917,1.4478740703482131,-0.16871357769979944,-0.028000664992863022,1.1621399530571423,-0.36483614177151225,2.4949035600055964,0.9696244389506248,0.5436039899618166,1.719387379606621,0.8318690041903452,-1.465415014683031,-0.6950849413272673,1.0290334667430692
MOBH28_45,MOBH28,27.010000106122543,0.7225319787298616,3.105156084280143,4.589981551918417,6.2034319663554705,0.7177923996435176,-0.1957175694296467,0.4281774501025666,-3.6247635472045445,-0.827903055867349,2.549649996582776,-2.239369528423598,5.993411071497928,1.0383747534894674,2.011985069929157,5.734339392556645,1.2779179504275469,9.17902531554665,4.718854427868024,6.672816871228374
MOBH28_46,MOBH28,20.34999983926677,0.9160836363944753,1.533832263346632,1.9372699642105289,4.686156666013272,4.157081465621612,2.554896352240142,2.144266577109363,2.7229282036715468,2.495309370395642,2.1995465850038407,1.880034072060674,4.018117170828241,2.0375072608301004,3.85495949919736,4.988828393480841,4.983651446557289,-5.910698832383202,2.646419305595405,3.7123142695102693
MOBH28_47,MOBH28,0.1099999007648217,-0.0268855807003789,-0.1245726160415639,0.4010753785815976,0.0270011052254195,-0.07372985321292311,-0.0205102727165844,-0.0550410523326861,0.8866354953727661,0.3555509468561626,0.06416623221357999,-0.1403093613530086,0.4699227688694325,-0.038020045987470705,0.010746915480823696,0.03138940449918369,0.07985388748434628,0.06182677247388478,0.04762652018794873,0.5210884998758031
MOBH28_48,MOBH28,2.289999816632439,0.08337241475565849,1.5694542819021957,-0.24425975705130032,0.9488549423023409,0.5601482144861061,-0.07302974081278579,-1.0310370341797732,-2.7937405142194818,0.2908146849354494,0.7234259286369151,0.28689475874512427,-0.337729677690656,0.7283754097767412,0.3969736002786033,-0.06811891444702711,0.07535001983049305,-1.6739400535409485,2.4594568463360407,0.38163378990933117
MOBH28_49,MOBH28,15.519999804026918,-0.06286653474031034,-2.6784185802495735,2.5009495510125657,-1.4027469775378467,1.4564532544279647,-0.24468181987527338,0.6123433231562085,3.4441794356225106,2.514942886840947,-2.8034758844183294,0.3234986412674701,1.0097221060918518,-1.2479191177255,1.4549219430442992,0.6008029845249059,-1.1580155278528625,2.248606818031904,0.03398553747204858,-1.0377992722878506
MOBH28_50,MOBH28,31.190000100242614,0.0447454414746673,-2.0367009739236366,0.2623437015505914,-2.0719501890723038,-0.9398893378489355,-3.230572575104773,-2.9816840570894527,-0.5909374689126068,0.9732328066565685,-1.8115791263216536,-0.8726762333304308,0.581581490812134,-1.0636886112588648,-0.5059659090947299,-1.0231818707168436,-0.8377943307774594,5.17438646504926,-0.5330897218523667,0.021186330914339635
MOBH28_51,MOBH28,16.600000084736845,0.8767754389127838,2.0251046614734243,2.733720864694316,2.0778866169534176,1.855743807827622,5.281417926212125,6.008908233699035,8.3698875923683,1.722222216469767,-1.1717266035158964,1.3193670326397644,2.054778078450667,1.0544886947646432,1.4295411926818602,1.3612557373205618,0.9265014231840603,10.405073031392469,5.768430646644465,1.5695385168680396
MOBH28_52,MOBH28,12.900000285100012,0.07624026758683655,-5.162555897467223,1.700131561133352,-3.3186976210778347,-1.8604708366164147,-1.3091082566676455,-4.8701241205744985,-2.5723043434809654,-1.118295489703348,-3.88879117043998,-2.727512348593132,-4.7188126355685185,-2.232989451393207,-1.445461108156561,-1.1980663766269153,-0.9685891739355235,-8.673665073631778,-2.877100398818367,-2.056104662054933
MOBH28_53,MOBH28,62.61999998397211,4.509778687580109,-8.737493184270377,4.7156942900113705,-3.1462868202708663,1.1165891030775796,2.4704734239081176,2.4985627559851054,3.027560396284059,3.5726756173332603,2.1688813264874796,3.416627000544807,2.6132986589829983,3.8902028785886102,3.2484329379176557,3.4301684667713346,5.1879417385548265,-5.457767185699552,2.372917667565332,-1.6374113871506992
MOBH28_54,MOBH28,7.859999811799661,2.300914653662119,2.260134005242108,3.3170817213593153,3.8133594488650395,4.35401401887127,1.0488487023948476,1.3357300951950979,2.0269506061383797,3.228295217624588,1.4878043179262441,2.8988373697922363,4.997014505555468,1.431073696433332,3.200819527071806,3.4934238690284403,-0.6442897864974046,-0.104863503638156,3.2676815878280276,4.971884823900016
MOBH28_55,MOBH28,3.0399997675384247,0.5511197965217396,2.321363681463181,2.7420943510846048,2.3605711636108015,2.48769353888418,1.5649410455552601,2.2401637044811364,2.7778798358228993,2.259062595537296,0.6742352727555114,2.2122977029898205,3.3586315708957404,0.8511651457463483,1.4559413321235128,1.586242544888309,0.04073611540455557,4.404219944640586,2.969609485168318,2.235070157258761
MOBH28_56,MOBH28,-2.440000308821215,0.2509353283530671,2.354838550831459,2.6793156049602658,1.5431625134641735,-0.031596357066117076,1.060726076198589,0.5461784104067282,1.3629992724163729,0.6029151815353513,1.5246265738732543,2.2522790298796393,1.92927128920225,0.9171899355850703,0.10721156243363872,0.21257956476133,1.0719794646521232,0.13649861408039632,0.42727094498726714,0.040680341334251136
ROST61_1,ROST61,-40.05000026492324,4.981387386184991,9.958881075810297,13.113562341254752,11.727622201103891,8.789153717552153,11.193904120911842,15.555228436798995,16.024175240176177,10.45148693172268,11.741906387636579,11.741380283578657,16.972278426111206,6.973358104155132,10.206220022080831,11.159438853276882,5.057071575554637,17.3195811036955,14.136337996371356,12.18255932914088
ROST61_2,ROST61,-37.70999986588822,-6.090570559764693,-3.735090066676996,-10.76630642672918,-8.121909653365051,-8.404171635156516,-13.90032004026294,-15.856871676296976,-14.187961409840078,-6.274840599332968,-5.294629385142379,-5.253255991128256,-10.600928187492066,-4.86258277442991,-8.240012709410706,-8.847655735529585,-3.996259308899745,-12.711311814861865,-11.73660194033478,-11.97782193611232
ROST61_3,ROST61,-12.589999937253316,-2.122725557310856,-0.03356171657688378,-0.9312754525559246,0.6871765261132001,-1.3861671729979363,-0.08448975808275172,-1.8199310265534212,0.41714922204845095,0.6845161368739898,0.8383776322570959,-0.2986637614965808,0.6846049925171442,0.3854291830208627,0.5194652065699596,-0.19472403355304202,-0.23660100515781224,1.3699241202811798,0.3777133332572671,-1.67204457577866
ROST61_4,ROST61,-17.039999687796133,0.8475515069038551,6.998518285019857,3.8458449867089985,5.266974352423329,-1.4393699364462798,-0.8751180608332767,-0.5783739135089263,1.0325700400754911,-2.6288069909093856,2.4803233775593228,3.4215916046880306,3.4917109564974407,1.4512949383238691,-0.7328860731906914,-0.03619750726207016,2.379191201539639,8.416491192954805,6.970780088988672,3.5660088549053626
ROST61_5,ROST61,-10.6599997958512,0.9290442799307748,8.326348098309989,3.9230592744575414,6.0223736458272255,-2.3965710054675444,-3.6408665073380106,-2.9625689891967824,-4.744258521264372,-3.9243050062994502,4.521751631058055,2.986335973051622,4.877772205890687,1.705777577561113,-1.1775119270518015,-0.33770156532499307,-0.1645237416116032,1.3293258523195526,1.3406536748053366,-2.694684859717862
ROST61_6,ROST61,-12.659999874103656,-0.42887417405760075,6.830386533753149,-3.1279162922685835,5.487649479595756,14.902511656362249,16.211769385816226,18.301533815751426,14.189634287397885,16.868447508162554,2.2448239035339252,7.026535578715711,4.554405027955529,3.4909547447666007,7.698601111919576,0.7516756521659769,1.3184895234175045,-14.99150625818402,-8.340908870502007,0.7080152784767133
ROST61_7,ROST61,-14.72999988920645,-1.3532755736670943,11.50619807869231,5.384811281838811,8.06367300922917,-1.7450040733593397,0.26731395318380535,-0.46217396806791555,-2.802661690941985,-3.1137256670458235,6.142481971238965,3.750831957895187,7.025000627835112,2.853542794502495,-0.845339536069126,0.5060277187113176,-1.4458482694040278,2.61424228671755,2.0147930818350392,0.872744212425669
ROST61_8,ROST61,-10.5099999311719,0.47965983329243045,-3.4448129061583828,-4.2567088232603965,-4.348896177180716,1.6705375241230556,-0.45108769552402883,-0.9785570363958644,2.1073404683760586,3.862800292787819,-5.823710170481499,0.40865801473965924,-6.142487555860038,-4.25530728069065,0.08176504926577088,-3.2134057354497845,-0.18265882731233596,-2.6147011743311364,-1.978022897286058,-2.2506289452001944
ROST61_9,ROST61,-12.759999783889857,2.1026986552953932,-3.4346763065916086,-2.213749822819384,-3.134133028514661,2.3586600206116053,0.01903399382307036,-2.638182923764777,2.2882989523691,3.892668551586926,-1.9919464962958688,0.7528509775384773,-3.512138209503508,-1.3492285771144346,0.9437761940671532,-1.6651118888712642,3.047795851378945,-10.437665047160216,-4.039773935650135,-3.650545339685827
ROST61_10,ROST61,-21.19999969995896,1.2552503107860034,-12.492398557012045,-1.2078959987686133,-11.943647859748118,-9.939304537343741,-12.271321886479477,-16.317108334489035,-6.428781599866422,-8.334121623108434,-10.464804188755089,-7.143384055173911,-12.537383581704994,-8.749798456997748,-4.775788487927052,-3.2256276121447662,3.0309100419558987,1.8850931896610739,2.2759639475593367,-0.5690804163338932
ROST61_11,ROST61,-8.439999916069103,-0.8474483445093863,-9.057722250420424,1.0058538240507682,-8.809514831233459,-12.297964557955344,-12.290355880302544,-13.67892541072426,-8.717080552235524,-12.226790174695362,-8.47285769245922,-7.896235032712388,-9.025245372201484,-7.40056987988331,-5.719564681994205,-1.5605157232735003,-0.016885809423046183,12.322758236821294,6.315737883209474,3.081464923351935
ROST61_12,ROST61,-2.7899999930729207,1.0066382735134884,3.5883102041244284,3.1309915275499196,3.2886598091970587,0.8575594675659199,1.7322742276458738,1.5144401497955078,1.6854003367282906,0.2636443405698037,2.9956076765942803,2.4046862715319577,3.214995970092099,2.4975513988401836,1.0236761598794435,1.285384947292663,0.9506753747050474,0.1711163390162196,0.6013320482016193,1.0809437285441634
ROST61_13,ROST61,-178.9599998233212,7.353994432625882,-1.8532557329272095,-12.524213538260852,-7.578983812853323,-9.190087718095413,-26.128018471901328,-28.43540212061251,-23.151747500108797,-8.901993286769851,-8.3334031872391,-7.272410105662516,-13.00537337003533,-11.61521159728349,-6.766789515351832,-7.45110359423964,-8.081922071684005,-9.893740814630462,-2.327474307334853,-0.7049692172397783
ROST61_14,ROST61,-42.33000009057705,-3.794718213354571,15.398444316194883,4.736820337957006,7.373663340452012,0.7561922143079869,-3.7360943956462975,-2.160697473652924,-1.1071344807342953,1.3758187261851091,7.485344778290795,8.124472653005157,6.264215232431511,0.9623216719322016,-2.2739277928121595,-3.31340206832963,-3.4572008809060932,-4.825965457530579,-2.405970668522059,-1.8532017967850791
ROST61_15,ROST61,-7.169999806765396,0.22553267826835377,-7.832643033925035,-4.331531044719495,-6.81908822569262,-2.052657535645758,-4.668817198801805,-2.1221505704235666,-2.5313501261191744,-2.278223534764435,-5.710157813006524,-4.481724182482355,-4.696480891123852,-4.470585512726498,0.2830095337908256,0.282592741783092,-0.23072618145087898,1.332644879302399,0.6416704031194849,0.3277559302480979
ROST61_16,ROST61,-193.4299999470836,-1.788235146437387,28.227584537371712,11.175923150717068,20.305538031759426,8.115746945322798,5.581553009222773,9.02045214099951,2.940401149912617,3.1083714434297463,14.089770359350894,9.101441211680992,15.825605388919996,9.137518557933902,3.430322897106919,5.579459511939973,7.506121118244295,7.983063171087537,-4.004752900921233,-1.4199371097700464
ROST61_17,ROST61,-200.100000204918,-0.9961065935218585,26.89531666258779,10.194711372193922,19.047152557981576,5.554267077818395,3.5906980032123386,9.640190725839602,1.6835455446043852,2.279050404516795,11.171982454225713,7.289393837885996,13.346623376014719,7.430911218219876,1.581697243169998,2.987189009306661,4.077641894169801,0.7112329640886514,-6.5071223551478,-2.855471031966289
ROST61_18,ROST61,-203.09000001756328,2.2608209397476173,25.966438359324172,11.1971397480132,18.71595770146925,5.198072619819271,4.771348670093772,9.319387363264184,1.9311524996870446,1.9640281603824974,12.150319234581588,8.132555351590895,13.36017450586641,7.8459912902430915,3.0706389215800414,4.470833567151033,4.340373020101282,12.481713956338268,-0.6177953123749944,2.8463290252404647
ROST61_19,ROST61,-4.939999936004677,-0.9736693653275736,5.548956465246155,8.238017417449647,6.682318111732236,14.212010898821976,16.360734048068725,20.89226651265403,14.780434865023457,14.473091769012505,6.418987902687805,6.840339587170136,10.572822822760823,6.565688228461472,5.863586640709224,5.449798923660438,-2.058927720917313,20.26538869840614,12.624008456270333,11.822904156401636
ROST61_20,ROST61,-27.02000009710116,-1.5375530180244112,3.043103241127735,4.876076800927741,3.95040801997715,-0.8471622627657069,-1.9673813200267283,-1.348127674387971,-4.2661176999894685,-1.6422223512079768,0.6553614193287842,-0.7765084610250277,4.228983195450802,-0.19604563129781027,-0.05419717744183927,0.6197657559824421,-1.9389987351708378,-4.116377047514586,4.1934873518736175,4.805920292122153
ROST61_21,ROST61,-25.08999995569905,-0.7247228025656902,-1.5261334124869776,-4.533172993638143,-2.794733108866712,3.044217886197064,-1.331002752516767,4.424020481675598,-0.21006099283229318,2.4097209061287117,0.8821787347192398,-2.0708760811562392,-0.852558091225383,-3.7225190438358204,-2.285941336370989,-4.64250327909264,-1.749769636883002,-21.88444180730525,-14.304015844138462,-9.48895115425288
ROST61_22,ROST61,-46.69999991329091,-0.6696525711203876,22.17805836827213,6.516602994068407,17.4030137930327,6.921327214790807,4.431755665527348,6.916418396348526,0.6303503976297975,5.09799784826469,18.27639315073136,9.416189296553469,13.428357175438954,16.13984211647927,0.7101221630288137,1.3545998698312687,1.2078641826033447,-18.235363914018166,-13.766814641100808,-8.275668224596657
ROST61_23,ROST61,-115.35000010495624,4.116563868910461,17.131146129104962,5.161205246205753,8.89246825786958,5.81099249850098,-0.41818122386592904,0.33574135113332204,4.380162150077894,7.941030863285164,13.042545964893222,11.687125437857233,8.597934888935981,4.669095812953415,5.702400666622282,5.700596576844319,2.7369377751737005,6.023034512898505,8.809241873223002,6.632798005868054
ROST61_24,ROST61,-46.37000021099645,-2.3796189000150036,13.293535572607475,0.8506643302401145,5.673773872332042,0.1384969885841727,-0.8455015590773769,-0.4619326277433089,-0.7154937695930386,2.5965156043381796,-1.6941242248053712,6.014286366569735,1.0304646827887538,-2.63571944711574,-2.1444756633024156,-6.191519452074502,-0.7168337572447996,-10.778491979805949,-4.382644954779721,-4.308811238602523
ROST61_25,ROST61,-19.390000077809766,10.421867417629455,-14.780848550400272,-3.8528857683735147,-8.829880086589078,6.651294200476279,8.317134251424305,15.231283385337369,18.19513399955861,7.654734873808291,-10.812490370979283,-0.18690451243364237,-9.064731781744989,-1.6852688740076474,6.773770370312631,1.1470172887588461,7.544780126382815,-1.4123774466339292,1.3939834253713066,1.9563211447938187
ROST61_26,ROST61,-47.73000023910773,-0.4335641796363916,-3.7259866610091947,-6.858120758260426,-2.848471513878941,-2.391766793364802,-2.484774427612635,-3.121362520438751,-6.1076352407029475,-3.684667484460178,-0.5528417450712126,-4.901310714082271,-5.182990053282211,-1.4937608259932986,-0.1511830965435621,-1.045454126966746,1.069911243988109,1.0603537777407581,1.5184280809302493,0.9523058528935948
ROST61_27,ROST61,-25.859999888562275,1.100246622762274,18.98874416462138,8.730557259610805,13.55275321042447,4.218252344037051,3.5646374721392426,3.2207084399310055,4.335725255397943,3.2491050633793996,11.82263052416337,10.014219316695142,9.6750273534103,7.902765209880297,0.3777239313791938,1.3811822381223706,2.014922855833035,-6.0164114332907666,-3.832093233848642,-4.399827691355956
ROST61_28,ROST61,-28.76999977337864,0.3196429723311951,19.52866316802694,8.091442687965671,13.644651721515945,4.394927636809943,2.697374386265693,2.11979615480314,2.6091083389206666,3.737969205428879,12.254146638535403,10.532635013757599,9.284575145646052,7.92056219449076,0.13957567741077526,1.1543323545234792,1.599613548224756,-8.496111697302819,-0.7973996694295558,-3.9592871496327113
ROST61_29,ROST61,-11.129999999355825,-0.7698928798624678,-0.625239897810216,-1.365935514558,-1.5993401109803091,-0.5426865084965549,-3.3865436942552147,-1.4060907871649988,-2.8890473434685155,0.6602906315584249,-0.14934066603963103,-0.8345523346157933,-0.544865409514852,-1.5158415040687796,-0.3251436574348592,0.24033807408808094,0.166218204777417,-2.817823747660462,-1.7744194757517757,-2.26519319110227
ROST61_30,ROST61,-141.31999989428334,-2.1178536994025308,-0.19629927078068476,0.7209029640847291,-1.4792679300684597,-1.34018767145227,-2.3748094792239556,-3.597597971942406,-1.38307512023664,-2.015479356261011,-1.0977645092194166,0.16886166990400397,0.0006826676303148815,-1.5593777345849276,-0.7836236027698931,-1.6305559462114445,-1.45849037170629,5.801528213749009,1.8712880622942691,2.8985508659075663
ROST61_31,ROST61,-63.7300002376179,1.753616264442023,21.181041509533387,8.086556334419967,15.896056881917126,3.4570814696596415,1.3072708462951326,3.279884214613439,-2.92702289913953,0.2032546485329192,11.007977393585804,5.887995441333864,12.39815937230712,6.473353786100766,1.6730889776361622,4.0054400989271315,3.7794086793983794,-0.5607866850028813,-1.1978651543590075,-0.09883637658271027
ROST61_32,ROST61,-49.75000029931743,0.024694254844987995,-2.776920185614699,-2.355136931561212,-3.8907195070346745,-1.9463825312370346,-3.196060934473877,-2.720122106960325,-1.910195565888415,-2.2934022985323494,-1.844101373515393,-1.4896540904057858,-1.8119325395499857,-3.60734200186986,-1.2093353170769419,-1.9395699748028008,0.47105360118640505,2.0835176873497545,3.367467388522904,4.170213336476124
ROST61_33,ROST61,-10.639999813893962,-3.5713488112423697,-10.306768437613986,-15.7617918174114,-14.837093479729827,-9.371314964462545,-14.48254730128836,-14.799387878897292,-15.471269049755609,-8.017297611603581,-12.436050026056968,-10.381234108571821,-19.31429287950865,-8.143319398121104,-9.556624724583365,-10.623888006223467,2.1685171850879286,-4.753300889117048,-6.729199432793536,-6.8924893414933734
ROST61_34,ROST61,-0.6500000411197845,-0.19705108981822628,1.5320001865957287,0.6019764900252904,1.2009182186684286,-0.01236758441389374,0.2584833887148466,-0.19993587622315434,-0.3931735283679686,-0.8851949217629539,1.1878751834891277,0.3289855214109023,0.8076481795673456,0.6000798427226711,-0.20033823534458906,-0.1041526420272677,-0.012482839406771862,0.11044435368256544,0.08756950633336513,-0.10320745849540325
ROST61_35,ROST61,-5.4600000944024,-4.22652762533764,3.826783884535829,-9.666692333476389,-4.21275009013222,-9.288355074504356,-12.928638939024538,-15.811291019605871,-17.47087662100067,-11.17666047438982,-1.0017310867095413,-4.887717980195008,-9.257793668673173,-1.7018436579709642,-10.866215096661712,-10.393807390413896,2.839241433412834,-8.923423542022768,-9.884187779634093,-10.26675268459438
ROST61_36,ROST61,-49.04000031232592,0.4287298466244778,2.0361591194675768,4.852227801405498,3.7662797973682416,5.145216869304264,8.87666938925068,10.832133237379864,10.931296551620726,2.953527142173648,0.33004940106084035,2.3768022610659543,3.7849773833595606,4.316359057787196,2.60671941048426,0.8322432876373611,1.9270214996600998,4.290579143458977,2.7831250930320053,1.0903586509698187
ROST61_37,ROST61,-40.61999975070459,-2.3707463553086114,21.425567769502237,16.404945604513067,15.415539870604537,1.290780713060137,4.185370157798424,8.015772324558505,3.852438103585847,1.315083213682712,12.428715507287883,11.029556064049217,15.170323098838935,6.906424994521053,-0.26391762061898305,1.2235791547079984,-1.0838288979940671,3.2110463214951963,-1.4381995287325324,0.43045380906341535
ROST61_38,ROST61,-27.700000111156807,0.1349481085549904,5.716908748219755,-4.068742627096682,3.7689568786357732,3.9215012313655606,-3.680200557994084,-7.18095913440531,-5.77970713528077,10.216098966618368,0.6178633356981393,0.0317827902389638,-2.177041710764083,-4.9661395962759265,-4.7475525065841815,-2.5500630861507965,9.505311212352176,-7.986551349794926,-5.1401321513435825,-4.657244993334192
ROST61_39,ROST61,-44.99000020092791,-0.9812580253540233,4.83877719836979,0.1330035821721154,2.836565651251277,0.7336144234870119,-2.615941728808558,-1.9378891904130242,-1.091276563269986,0.642624482969957,5.769984879820214,3.012806958278908,2.924676703857081,1.3362448412017116,-0.28387323799981345,-1.4319636302631977,-1.4788066621762042,-4.270270453055893,-0.527364114514036,-1.2952609090443943
ROST61_40,ROST61,-24.5099998514296,-1.6456048152162523,11.712225754224027,5.907269896818864,10.647885223472349,2.1197339058968296,1.6137272087151366,3.256795003585612,2.118582175142471,0.545477545093032,5.2586019327579585,4.40260803864739,7.082263628199737,4.374125886039629,-0.5807543080624775,0.5807243756988179,0.2527219893496806,2.4342520184259193,0.057006814100212466,0.1566922913621447
ROST61_41,ROST61,-5.960000270842881,-0.22535471647522876,1.5104924251256318,0.8967386488875047,0.8524925162768247,-0.17826602889642018,-0.25526545722301996,-0.26624982256144314,0.00028884287882213755,0.09495856149999948,1.6619622304673323,0.6097471281977693,1.0092533567049804,1.1721295270386047,-0.5737968592062375,-0.420425386182516,-0.01036138062271963,-1.7142391450090226,-0.33219055770037453,-1.0675992779871013
ROST61_42,ROST61,-26.96000015122944,-2.1766161337761183,22.810969569591464,9.80440788437841,19.40579659378429,10.163118341725685,7.95559196924096,10.711076682609708,4.955204929445536,9.09731169784681,16.152261658570346,10.379189023831543,17.631864804038365,11.532127337918464,4.402612839441055,5.242346079956189,-2.8537863689653307,3.9099854282995175,3.053962911665149,6.21562135200066
ROST61_43,ROST61,-80.58000009682024,-2.122110409938216,-9.168028438313101,-12.55925228656595,-10.287059055600551,-4.5615081842396705,-6.246527058427333,-8.307890158107796,-4.641486714142303,-4.666644321749587,-8.269432612441975,-7.7890226543883045,-10.17625631923842,-8.609388505705581,-5.3763805663499795,-5.241486549345922,-1.9843647766281691,-14.14766395141099,-9.015792205113002,-6.717799115124038
ROST61_44,ROST61,-66.14999993697239,-0.8010407559640811,-13.823341382463155,-13.220539026594366,-12.835407408841746,-4.423003665320309,-6.308966760836213,-7.610037750474149,-4.7017522844403175,-4.278041509566492,-11.716027708679377,-10.56937061035913,-13.717306337507111,-10.17726830381632,-4.082945676788526,-4.385760099764013,-1.4884509526074226,-17.05581012377,-8.378659386453492,-6.228955940828655
ROST61_45,ROST61,-42.83000026701753,-2.6227156309522925,14.88556187206321,9.857444169409959,9.35066300041941,-4.1734462853039105,-0.48317670997744244,0.30544237030612464,0.43742330037387234,-1.8011967937501367,7.717496488977346,8.008314248956047,6.925145735495022,0.5811140591874491,-3.532397038847577,-4.483105016885148,-0.17765228697888347,5.784758956896944,-0.49650877114866176,-1.0991799382934673
ROST61_46,ROST61,-33.27000010632403,0.5613366547039647,13.604902510643768,6.026741048941222,9.839848301799112,-0.7936049567585854,0.47690161544831255,-0.09828084759675448,0.763631590230041,-0.861774511218556,3.7952138202148262,5.270186259622992,6.672104297151066,1.2030626069694037,0.9129033556455539,1.0051869696854467,1.1404302852239283,4.080076234897554,1.3357559305647655,-1.0679542357244216
ROST61_47,ROST61,-58.4699999627879,3.3317596698239313,16.993134268286767,17.81043624200938,15.930867216676575,-0.8788860042324984,7.315482544299975,12.715379969612073,10.40761805842174,-0.669902884212128,5.2308649474299855,6.485412259151019,10.25237045738826,6.292007941135999,3.102270984066031,2.0511998315263327,3.9029565510553255,-23.837816185648656,-0.6203945429403745,-2.1893720274630226
ROST61_48,ROST61,-4.239999939991792,-2.2633435280899503,5.19322253649023,2.2810832834290213,1.782463502383659,-2.7922477319607664,-4.717006224030522,-5.616903567299142,-8.280329126519032,-1.351480771230439,3.069463910208635,1.4483940874350179,1.5509075491541902,-0.4577899358273907,-3.299360163665926,-2.4976581383163143,-0.4181062274653735,-5.782895509650965,-6.302809101769633,-8.60084386362594
ROST61_49,ROST61,-35.26000019359786,2.8244565380805113,0.8191130914729357,0.5026773201109549,-0.24000022283070166,2.1709675445289633,0.8433056522571221,1.0226062561524003,2.0495458418472055,3.1849672571245335,0.6065440062533227,1.6688323296818055,1.2248515555334123,0.2809996209611043,1.3739739738110401,0.08221014161352969,1.7528852354395497,2.962076971315497,0.28260257627389507,-1.8218451505456486
ROST61_50,ROST61,-2.74000003817982,0.4698681754298635,-4.08472592080893,-3.894158572600652,-1.1404372239749159,2.8850927789123384,3.018878363241297,4.157808874593482,4.8263127270506665,1.1844524329722443,-3.2583297664258244,-3.1223561187550772,-2.360409266018959,-0.3403172757402979,2.5370164737110765,2.239462211639961,0.4651438228646758,-3.481004817555975,0.12761292840221516,3.8326952850128704
ROST61_51,ROST61,-29.7700001262596,-2.4489241210673534,7.158432422546248,5.893171013869718,3.553526224204159,-2.1892770158171793,-3.518455660957404,-3.5812967817039656,-2.982890632600647,-1.216353947747919,8.744165806420657,6.504914751487224,6.211932586405041,3.2179875588727356,-2.813070755492479,-3.330732938691529,-1.1800315024249457,1.5147623899303966,-3.2541483263327002,-4.9242311670781085
ROST61_52,ROST61,-42.71999973874324,-2.9579304390809398,3.04628797719149,-4.787404002069863,-2.0946622043974727,-4.669452991331546,-10.471570623496248,-13.568758592501453,-13.062571737469725,-3.731766023344818,2.1251614237585486,-1.548887658925473,-7.493022105755323,-1.9489935980157895,-6.541580569480928,-6.30804871439873,3.8629206429824947,2.634887433173219,-3.719669491060017,-3.616024685255603
ROST61_53,ROST61,-30.77999984260971,1.7900890600978734,1.5727265557844667,-0.050167060755711645,0.7384060856923256,1.4760917908742428,0.0050756102918683155,-0.18025492034410107,-0.2758158281478984,1.5040616449413058,1.19167550626846,0.801473298079852,1.0228120163942762,0.3806565971130915,1.362798092858288,0.541387249957495,1.6227787764340995,-2.2004501980929554,-1.2936825798655143,-1.6736147578562033
ROST61_54,ROST61,-12.330000171809193,0.6274198028641464,6.290170843928534,-4.167181795342032,7.175417347246377,4.338190112491601,7.775869051730822,14.866824690549503,13.604082355632533,3.7778209519223473,4.266794029539797,6.021265840603072,13.623215998097109,0.4438794315287371,3.6340321131881623,4.165309181515868,3.1722738444938727,12.245692867342756,7.952270825650413,7.838219824608186
ROST61_55,ROST61,-4.610000233710212,0.2527328292526203,-0.937389089055868,-1.131058467380024,-1.3419549890145106,-0.16016991075609255,-0.5325710556604477,-0.07615342024503313,0.536005917153342,0.7089345386301122,-0.46973984968701465,-0.01833080666386433,-0.9735829570783858,-0.4393860244484378,-0.3415404802923936,-0.6928327710184234,0.1244658453571228,5.996953800649113,1.6662819950634584,2.0457890811518222
ROST61_56,ROST61,-13.650000236006,-0.3809288104890971,5.100255250938577,2.539264589098069,4.119346120543954,1.0166029985388523,0.838211656029209,1.0762128843796148,1.4162446437422194,0.8942625593640923,3.964290223874647,3.1420248387845024,4.4962187726256655,2.349558435658807,0.16793038305704933,0.49584957770112403,-0.16743633879211828,-0.45118912286942425,1.0763652726011728,1.0237776314549851
ROST61_57,ROST61,-31.8900000962555,-0.07361840736912484,7.768155579872349,4.769671148870518,6.869329081610928,4.299763942269728,6.430497712747201,8.337394775274593,8.372006127082617,2.7213402280922736,1.7023402061989685,3.1792712281389797,5.874941675296018,0.6604256089561495,2.6024271201009626,1.6494116646007129,-0.8649158864944297,5.81122948381276,7.7165242946590595,6.468728145404377
ROST61_58,ROST61,-39.299999686507775,-0.503102332251089,7.1435217934404704,1.6449087192702834,6.111922196996524,6.304522424913571,3.7892802160938714,4.911339883997762,4.651490658200132,4.745301065474841,0.6305572876244128,2.510531369713078,3.4040926871321275,-0.13871492250444817,2.493696168984208,0.42322715340026207,-1.4544831507059683,6.283212042669049,6.183716913707883,4.68354423078695
ROST61_59,ROST61,-29.890000018003043,-3.9122876351403377,22.530570537653087,12.97261034741743,14.871788415780717,-0.5530699074979424,8.461952205613262,9.806588668057223,7.7161543087871145,-1.4443569426112646,11.819090429371744,10.050131370116752,14.427253927449534,7.291014569448116,-1.3687765009481971,-0.5098438548720772,-1.3438664722813378,-7.442906659886759,-1.909165727467304,-0.8617602368204587
ROST61_60,ROST61,-66.00000007229309,-0.35314068284488087,21.96109470862799,13.283817521732168,16.477949994037516,1.2473099942156978,0.9016570680695395,-0.10301283374091952,-4.451051644562824,-1.6161282483820543,14.678984686761616,8.308975875116026,14.90081342743543,8.017021507604426,-0.22499885566024602,2.0177943016959077,1.1627448708965744,18.70671586026345,4.879856389301658,4.21538998281266
ROST61_61,ROST61,-69.48000007040028,-0.503264731708569,22.02697241022684,9.831507885149897,15.502602982404305,-1.9804901813188138,-1.0029916276534436,-6.111587107167196,-5.588493577863147,-7.832661357517793,14.483662887745417,9.569167509183643,12.523371357768873,8.06558735158304,-2.4767966488968227,-1.777521300539533,-0.6549224092312187,-11.662167549602714,-1.279868954225293,-2.5995695398036673
TMD10_1,TMD10,92.94582666703194,-25.020421956049944,-0.5652104587856996,-6.697389352210436,-1.0646656437188824,1.7482269622109357,-11.15761700483084,-8.564795172396884,1.7936071924144983,1.885312179567137,6.53302868194848,1.7267101016353479,-7.156180604857866,25.79857901003642,-3.08113288795829,2.0426408530632614,-5.65642096989265,-35.31675437463667,-6.791107566251966,-7.992472156290972
TMD10_2,TMD10,151.0038239894552,1.6841107422337132,0.9484464963346397,-12.5819070102836,-3.0471772836058904,0.6226205477065037,-24.549160772463594,-21.358118345008307,-16.568903664514778,6.2067378745501,2.1691808367814076,-1.3731626668052854,-22.470878134238916,-11.557401408417775,-9.023308815024933,-2.260467212791127,-9.004935781887355,-17.53810342325704,-10.860486656672265,-27.962285868672396
TMD10_3,TMD10,77.5885563848751,-6.845147690199539,-5.666675171457271,-4.8324207785339865,-7.78981601466738,-5.597205668463914,-0.4917225106770644,-2.048663751769709,-9.181021775076672,-2.5040534638785488,-8.741004915488446,-7.1699165990166875,-9.918181940960366,-13.013290594596455,-7.187330426169112,-4.660381023994219,-14.269470247548561,15.958860008548626,0.17768472991573958,3.845020792179497
TMD10_4,TMD10,77.97031808866583,-13.207291047047562,-8.816621941043437,-10.514178705097052,-7.943876116944367,-3.2703729279057825,-16.94283881901815,-14.642366246140341,-1.8810419152282805,-5.972586353859484,1.0241181775047323,-4.931496617800505,-13.194697559331516,41.691228202146846,-10.006248753905652,-3.7177077405351895,-6.245118004272072,20.81881825421401,22.990246154153425,19.5979385229502
TMD10_5,TMD10,78.48948365946305,7.201402828047904,1.5940601206708038,1.1942551350020096,3.29191206549082,5.002835597047593,-5.648716352436566,0.33121531356304956,4.2601633254579525,3.8874479864726226,10.260247207143948,5.660275892609093,-2.7926079852199024,11.989174048553792,2.827501402547,7.684560838578719,14.235178172031752,13.278473867303944,12.740389469940041,10.648644214843017
TMD10_6,TMD10,83.55594871732241,-5.963488972607863,-4.231774357527286,-13.233460262865975,-8.550986387139687,-10.025166658754102,-21.70378909244471,-22.088180813939296,-16.676190841755712,-4.3438044397166635,-1.3990318077591581,-3.5572080108536426,-19.330774164889306,-7.406517352014092,-8.944387827018645,-3.2818496372211428,-6.512966740345632,1.172935386558862,5.048364481882672,-2.9348813727635275
TMD10_7,TMD10,51.386233135457296,10.278606189160257,10.308472879126121,9.342125043469181,10.674442553941667,10.463648316337341,-9.576663109937904,-6.395336474557745,0.19960919498773677,10.168767432742925,6.231616554381333,8.683258920907733,10.836806174931631,3.3500503726946107,14.511018849318212,11.423645379486516,-9.950023378802207,88.61214579125468,1.5158145610167821,1.8973769266826608
TMD10_8,TMD10,110.29026383118725,-3.078558781312907,-6.36976866360321,-2.4144333137398064,-2.716252569631152,-1.0533706611846014,-15.877477016616012,-11.471654999949408,-8.488761041687042,1.2068353821410511,-8.303165011967948,-6.114450997560965,-6.21133469522259,-9.78620948212533,-0.1025288357162708,-0.739603624988689,-17.330797873617627,-0.7627018693341938,-11.430802251380868,-12.44612661261668
TMD10_9,TMD10,80.20682146761571,0.8194053222339903,-5.966765450339167,-1.5382576484098962,-4.1216179559574755,-0.30735790505178784,5.597934458256859,-5.333151940726225,6.5345210251107915,-2.447703239083623,-1.932781828194507,-1.9165963510094173,-0.37310464587177705,-1.3031147883702232,0.9984476439351369,1.150412993033413,-0.9558487798583712,1.804010303991987,0.17918086446510983,1.0182571790443404
TMD10_10,TMD10,34.297322849215035,-0.8133378706665653,-4.345250221580471,-0.6856565100367433,-6.066866828462306,0.07445211667072726,-0.2069464751128436,-0.8125019024113982,2.4777833444597093,-1.2412111041457905,0.7175696965544418,0.5665038187345743,-5.076047817873576,-1.0225029052649006,-0.34655572390051503,-0.46655555305612495,-14.753030836641098,2.145151578755005,7.525285779267072,-1.8552712560076543
MOR13_1,MOR13,-43.10000002344028,-2.316225382862214,7.176259841342706,5.483459975410945,5.544593077805963,1.2922628904611528,5.785931652890682,8.497825855191287,9.088194988895744,0.05400415565450345,0.9830839524294035,3.483131333124163,6.082850561610208,0.6334452115815381,3.5577639842565105,3.178188586137331,-6.705007824822843,19.87287187857318,12.77506189332276,16.322653371705815
MOR13_2,MOR13,3.6999997996368297,-1.1894266376856146,0.6053369287079802,1.7527419554438586,1.6530037170533234,1.7519029126673455,0.7079148985178909,0.40916836823594505,1.351722362376699,1.2767492247516756,-3.790616434624296,-0.5149562372374468,1.3905808238931714,-2.9749181245539305,1.9560543348150414,0.007538208629630283,1.3123787113285195,1.8009898141740122,1.0719098757869192,-0.6247071343442765
MOR13_3,MOR13,-16.19999981808256,-0.3268211158832841,4.834758188542624,3.7621734384278085,2.2399408130461484,-1.5041006762534543,1.8119143417830337,3.689389869512004,2.284538476156646,-1.5447748991292052,0.9097942345055685,0.5978766567889107,2.342034282749932,0.22945862838112419,-0.588097361037093,0.5218887735952542,1.4316673204422479,9.13537759593386,7.035322375593349,6.112082556030931
MOR13_4,MOR13,-18.7000000727755,5.6582826714067185,-2.321725440664082,-7.841796577766182,-4.473399516031588,3.715688791447729,3.282283183514238,11.656161861679248,9.05051078623043,6.164255608752031,-2.291829696777544,3.7775243281956232,1.0927267375675065,0.2171819700188884,2.789047057074079,2.5829636585576665,2.9517127426526315,8.683629811203687,4.3496934665890645,8.194028274740322
MOR13_5,MOR13,27.000000115143923,2.127947063705946,12.938673191901184,5.204315962567907,13.185138205495488,6.360273504133826,7.765075386830407,11.719717276064888,8.682816401368154,5.6492540652045555,10.05971293780306,10.059630357544979,17.665836347151053,5.661371273130182,4.0910529108089015,6.5176352470865915,-3.2431327557351537,18.904066039222986,7.201834411074461,6.3078092984317315
MOR13_6,MOR13,-29.80000009919546,-3.8944132788409895,13.060935004489377,5.961677352741525,9.932197678797966,1.8677399063557658,3.0387890508310207,5.72523648909911,4.853820232081141,0.45447348564016465,4.221987907964532,5.108728385533794,8.846870972197653,2.361693150543992,1.97037868173285,3.0518163984037123,-0.8135899462150533,9.988251008098064,9.671758858016023,10.13737327931123
MOR13_7,MOR13,-30.19999973834027,-1.1027640655187767,19.25211980564429,5.288132842295617,13.094817127379038,4.423159287751098,3.631962084806325,7.989456208407727,4.24767601233339,2.8088574058243907,12.06756899559252,10.538998775461511,14.833146696174218,6.373203838778586,0.676271352694684,1.0215871180561322,2.9035708376230254,-7.812352746996819,-3.249770857167409,-5.318560831246177
MOR13_8,MOR13,-41.60000012162831,-2.3248617327043206,32.78088828593895,13.988003570761453,23.083959470954852,-0.044866927067054974,8.421553522273705,10.029416654937776,5.96425528719692,-0.6814162399538191,20.945092676002883,14.993860030072632,19.8578740908647,13.27598821149137,-3.5290199084347975,-1.4846796975367198,-8.095477190888808,-3.5542725550829672,-6.154471548781892,-2.4000907172579105
MOR13_9,MOR13,-36.29999988288383,1.5288997878359183,-0.5198846967162396,4.198701910045273,-1.9251464183934672,-2.295999434823827,0.4021014821712683,1.078716019866377,6.085795463659011,0.8105918894619251,0.2979210416493743,3.203027042760283,-2.2237488723901606,-1.1470420751808632,-0.1454593317769337,-2.2099928606176817,2.148336557793357,-6.797897123117579,-6.266372837590566,-7.762410156996516
MOR13_10,MOR13,-30.899999734353152,6.912264534711991,3.5394946732234835,2.118056573384166,3.1109796232552327,1.7730870049624308,-1.8982190452225396,2.1914001317251603,-2.054211500605092,2.3739238746802336,5.555391385957929,4.394538141782764,3.843051628382703,3.8336639045110203,0.4691846291720907,0.8730297721462108,4.212444799161169,10.344787472709733,-1.6439905986584549,1.191042336215336
MOR13_11,MOR13,-39.799999862948255,40.28697093477148,6.357810466644629,4.979372704177777,6.607377761697485,5.200790363290892,0.4779997569739436,5.225547055332896,0.2528538130507556,7.428001080020557,7.806741827686903,6.314303352280255,6.165911229559981,4.742579932791912,3.139265993205214,4.209236037095351,0.30705902847005717,-12.770738508360985,-4.658529503855604,-1.7569648712270833
MOR13_12,MOR13,-13.999999920257704,-0.45577826596952775,-13.589356779173116,-0.19032814153026223,-9.43399914484774,-3.9870885216504277,-4.5611451698761165,-4.427841575258483,-5.732286620867775,-2.9325847036894572,-6.198499804636263,-2.9892503781214366,-2.2017864800718634,-7.006781203376416,2.019962974393584,0.9390891377047392,-3.99942381408178,-0.7306987823338016,0.6436837785952907,5.532184846602329
MOR13_13,MOR13,-64.40000026069492,0.5837703693761824,21.133669062030258,21.27730604347252,16.340278996023358,3.206631770884492,6.473059421460519,9.595445660948897,12.210688218755486,4.530958073586909,12.923524862261324,15.941165400414931,16.684163287033137,5.890637318901973,2.969284281692957,1.8061586993579652,-0.7838816591706177,11.705276332006036,5.8168491549015116,12.839393091049786
TMB11_1,TMB11,3.350000115385124,0.10443226019985596,6.737348465102808,4.405162378806018,5.4668225656248035,-0.5140588987130847,0.676988596045903,-0.019085010333239616,-1.8033508455196128,-1.1658012825866506,2.5102062570715757,1.5470557077569014,4.515494734089903,1.3541846467864032,-0.2010341434429348,0.8562057411095712,0.026678628643261426,0.3230456184056214,0.08649276491094637,0.8428029614656154
TMB11_2,TMB11,8.519999843898066,-1.6187890140061105,3.8864218828229014,1.9704580618960517,2.215441525595377,0.03128511224913311,-0.7433007850624413,-1.2281776694014654,-0.04158800223478565,-1.407298680357992,-1.5483470595349038,0.34686226226094696,2.499247180490819,-1.7779242870061962,-0.6241699939396534,-0.23774784030323026,-1.540489831403776,10.123993370579896,2.017315304840869,3.0141395060723486
TMB11_3,TMB11,13.539999707731702,1.5285234703171415,-1.545602207629571,10.009653306707818,5.567433167517482,4.117445457364983,7.903169200628849,8.995520687356098,7.965481016881796,3.2670293694072754,0.950659157378734,1.5303572416356541,7.7564011981462,2.9778706821307246,7.513090046916723,8.016898892196572,0.7862628637745104,7.122788302581725,11.81119460854606,8.134896410684561
TMB11_4,TMB11,14.689999925291971,0.9227684321325427,-1.28950523730966,4.824216782452478,1.1319345335071027,0.7313340540512279,-0.06805553602110415,0.42419408269214465,0.24876358079102445,1.2255017809352449,3.1531108603090807,0.7017634231231984,2.680124903918262,2.8397234044927835,0.9941916859714972,3.3358627661959623,8.940888085510629,4.564438869620535,-0.09681339508150621,3.9282874875296088
TMB11_5,TMB11,37.1399997525974,0.07600206495672523,-1.0729279352129524,2.3311545862660097,1.1782492508917954,-0.8059775612798745,-0.47086742160292516,-1.5912686450209037,-2.0761058077739634,-0.14294527785245492,-0.3585300478281255,0.1934225161957457,0.2229105667230229,-0.7515389806156207,0.43005909979959966,0.8770997357313775,-0.4253356227830096,-5.624174894615045,-9.273002902018437,-4.600990448228892
TMB11_6,TMB11,17.02999969681751,-0.11240715276664659,-0.4503814334094649,0.43668516086601983,1.09637557962429,-0.5073426647991965,-1.615771258200967,-3.759888676157752,-3.543836599482505,-1.9388786474401272,-1.3460814286010088,-2.7810547827561525,-1.413597808465612,-1.398921366028084,0.009168917325386161,0.7363086356380713,-1.2578456523823949,3.815928572109641,1.6575794490427,4.699931546450173
TMB11_7,TMB11,20.93999993451484,-0.9432771359719503,-0.49817242961969654,0.011734301614520604,1.1917877048926897,0.6636766101055436,1.2187976579666895,1.4827186673535628,1.9531393650340263,-0.0988266552860182,-2.54798395875331,-2.3032611627005615,0.2939489066563752,-1.3440285942799655,0.6168904450977202,0.5882473986239205,-1.8693084228008416,7.22563326662447,-0.15738803884024222,2.962159981910336
TMB11_8,TMB11,8.980000056424066,0.0324921895363417,3.389059442783994,2.4672965943394747,3.5087675422248097,1.268302696196022,1.4502508251656323,2.4094198266070705,2.036811164602323,1.553442373613926,1.2486663560430227,2.0979443296334814,2.948946385676667,1.0626116167913082,1.5916583907907533,2.0047116704138936,-0.009766582731579376,8.67208164176118,1.059377266080805,3.5419121448939386
TMB11_9,TMB11,5.970000261821502,-0.9013008308956687,-3.116274485320044,0.19865996155793741,-1.2478607591746878,-1.6132772847044485,0.5019332194096551,1.7496014585752384,1.8043398631773053,-1.2428543631850353,-2.7798720530581136,-1.287590203904304,-1.2936244603860443,-2.125511762113968,-0.29171271362728657,-0.43659938013338095,-0.45715991639650166,2.530412900479913,-1.2881396651866837,-1.328399825144687
TMB11_10,TMB11,9.179999875996469,-0.07628030266644004,-1.7116734684066541,2.7812215747483506,0.740643847466913,1.0173993080851265,-0.2517245470651961,-0.1906808646806546,-0.4466399083219734,3.030732833114703,2.3786430600299795,0.34975953641687774,1.7952958829750472,1.9615245231039307,0.7251424809240437,2.529182708269957,0.0892921633949495,3.3955056763448894,6.627261928380033,2.53292968097764
TMB11_11,TMB11,8.569999798791166,0.8859444819047422,3.7007743345565345,4.256680773344858,3.5898058729185536,3.002937802979755,0.9030516451886026,2.5951563561143,3.0987574328931213,2.6420350161533257,0.6336830378298064,2.5294444424865503,3.6817939927616745,1.108323799318491,1.3731548230087895,1.960539898000345,-0.167372786367185,7.851519137648577,4.730725680364449,2.908356821382796
