Reaction,Dataset,Reference,wB97M2,B3LYP,BMK,CAMB3LYP,CF22D,M052X,M062X,M08HX,MN15,PBE0,PW6B95,SOGGA11X,r2SCAN0,wB97M-V,wB97X-V,revDSD-PBEP86-D4,mace-polar-1-s,mace-polar-1-m,mace-polar-1-l
Pol130_1,Pol130,5.970993562115288,6.0852746603871966,6.150421027109416,6.035294091571084,6.107837534019765,6.032799849620377,5.793517390996518,5.944915455010475,6.280034779493255,6.284023017921259,6.245767402124499,6.117262663129259,6.301476785099849,6.276788945311832,6.07591591795456,6.289472355904606,6.223572909562609,0.0,0.0,0.0
Pol130_2,Pol130,5.131993474768016,5.317222364396047,5.407460373871987,5.1755417973834605,5.309959099438842,5.388537949739341,5.070915069837259,5.140863949152411,5.541971328539734,5.4282299182326845,5.369675392131916,5.321344710094016,5.339865554005466,5.266486647193858,5.345809828321668,5.333594680959186,5.317136690179705,-0.3203398945348402,3.4729152162727606,1.6779294950558667
Pol130_3,Pol130,1.6339982590807884,1.6675530171238666,1.72635219539244,1.6669678362521203,1.7110862247223313,1.7010695430082745,1.6850943608403823,1.6678201935743888,1.6703508891078085,1.6564331010895443,1.69144969952569,1.6911343626000348,1.6590381852811291,1.6570181337109369,1.7259740286191525,1.692961478127516,1.6725795026449248,0.0,0.0,0.0
Pol130_4,Pol130,5.621993792478159,6.210467475130153,6.442229864985524,6.090732593211123,6.433402215909835,6.710062445071389,6.556701528622185,6.17403008362488,6.182014859068195,6.624567081642102,6.404912553716503,6.210474884362746,6.262402005240281,6.5579913268101215,6.351056070200738,6.4504840399134205,6.2545878746564245,0.0,0.0,0.0
Pol130_5,Pol130,5.394992868081312,5.283125992188805,5.5290234083971095,5.540860981740284,5.485463971804869,5.698436266340829,5.578234010393548,5.349009725241014,5.4470794355157794,5.623980650713966,5.614752310655977,5.489045888364152,5.641466425759878,5.626961234435971,5.724161101496153,5.620551660585671,5.507834730041509,0.0,0.0,0.0
Pol130_6,Pol130,3.8249955093628216,3.855576499887132,4.1359069635977175,3.979331924602195,4.050165169280668,4.43159186419219,4.266550894564904,4.117880463180906,4.1341785391888255,4.403284913526333,4.118385179709625,4.160261091802683,4.137117631237793,4.02483954326218,4.366719786957722,4.06970804203341,3.944390519682544,-0.2639765166910881,1.3493469131674292,5.909614761596821
Pol130_7,Pol130,2.912996756730816,2.888984342053144,3.0252595816952885,2.9075035560425078,2.9948132909124245,3.0419617569327126,2.9428787608075613,2.8998569377028467,2.9427934065140096,3.021655437459286,3.054809059686625,3.0129282574956333,2.924003311199864,3.0034349634894584,3.042425574516053,3.0103024275412347,2.935309770422618,0.0,0.0,0.0
Pol130_8,Pol130,2.9739969202736285,3.018138722084694,3.107349664528994,2.9983560867566816,3.083788916317851,3.1929914342850148,3.198823088445859,3.08539049476542,3.1515868971845378,3.1532913157021527,3.0866642890223286,3.10323013447692,3.054898859506045,3.0174149888224866,3.165475640842153,3.0562025870413576,3.0123499880964406,-1.088196355068425,7.161821628702755,5.909551882171005
Pol130_9,Pol130,2.949996953099102,3.092017010760289,3.1843152297948483,3.0849370500792794,3.1547956851082386,3.1867973207338225,3.101597437295633,3.087470116523328,3.105305014345132,3.1965970603770115,3.1584914073940125,3.1111257028284727,3.1022052902371686,3.133065015889132,3.1808512681293597,3.152356271318673,3.111046542656864,0.0,0.0,0.0
Pol130_10,Pol130,2.6859973141793114,2.7638226460754933,2.8227046599030667,2.6810972961775645,2.773288081423768,2.807267091512252,2.673333463901063,2.6993432579051944,2.6872205775312965,2.774047675340977,2.779379354894385,2.770778724507169,2.711808096389193,2.688246459028655,2.820920369943814,2.75022671513452,2.7424427519340644,-0.19159961360688346,-0.008852525634978261,0.8682232586453017
Pol130_11,Pol130,2.831996126594119,2.8856667867038595,2.983133978664972,2.9067987903969947,2.9626356120297377,3.081319569234087,2.9523302667768725,2.901813566297642,2.981863148088466,3.034717015046461,2.9754269010355814,2.9717211022006413,3.00325625293684,2.894531778280016,3.1239442577908827,3.015236676167102,2.9014259392565416,0.0,0.0,0.0
Pol130_12,Pol130,3.018996117803194,3.114648641948756,3.329550002759117,3.1208722442115517,3.202637506540264,3.5380243039321564,3.1714117651056872,3.201413354103819,3.224538587972117,3.5047328700975786,3.269340996435582,3.293251608347984,3.255359341069909,3.1195621447381043,3.409259501049813,3.2048047053678186,3.10572084977493,-0.029413526526083426,-0.3152454511506965,0.4600320416819116
Pol130_13,Pol130,2.9139970023373127,2.9603932836607694,3.071745959214208,2.951991220555409,3.0221743796939458,3.170408111253461,3.0036913227339426,3.0280413017768706,3.060504976813353,3.167016167272334,3.0357756453628277,3.0565274075463518,3.022909671356049,2.9587481389565133,3.1244510488979893,3.0077438733762376,2.95856501250704,-0.4063633628053777,1.8510214517437285,-0.07667290879533144
Pol130_14,Pol130,3.5479956412492712,3.583537108959141,3.663790592728144,3.5651115477400808,3.637024909507333,3.668871247749183,3.617452103323513,3.59002492432899,3.624249624464104,3.605167901957071,3.6219681753432575,3.6115226474724977,3.574952779035248,3.571816897929512,3.689999991429676,3.618056399899106,3.6016903206326667,0.0,0.0,0.0
Pol130_15,Pol130,4.043994468907703,4.100578733315495,4.198982451621375,4.074297317119126,4.1543045181349,4.20793694667418,4.119318445794313,4.105813796639311,4.131814254998584,4.168767032198844,4.145338168276253,4.149319886721087,4.090195442964818,4.083675916338912,4.210606935544484,4.117014769059923,4.106717954825228,-0.43533153922505996,2.6179943942761827,2.8575462649132803
Pol130_16,Pol130,5.487993481805272,5.524313807591204,5.681516259919994,5.482760196736865,5.574435447906113,5.621884135859841,5.503960958080661,5.514251484984162,5.525912570403406,5.578230157626924,5.619635435579061,5.625895935649174,5.488980983569612,5.502002551366068,5.619711454317252,5.49969042789931,5.541227957801929,-0.7945202714326703,5.234706655478741,4.033316485974713
Pol130_17,Pol130,2.0829973979966634,2.115993944648446,2.162541374184753,2.0869462194738397,2.156207078078841,2.1689770284678644,2.087887783961574,2.102041481588432,2.122034835362705,2.1479875783348388,2.152886855365601,2.1382029534890754,2.112686762196362,2.111732157405356,2.1958179895120304,2.163457747315367,2.1137617861168634,0.0,0.0,0.0
Pol130_18,Pol130,2.64799687220453,2.7038117625354534,2.7709766990824267,2.659949140376752,2.7435201794476587,2.794078667942695,2.670622279626789,2.693456627243358,2.7329913719407024,2.802627433743881,2.746742303933167,2.7453277343938822,2.7013284860990487,2.6943827806014258,2.78747111956452,2.730225952127654,2.690621074694443,-0.4224620149923454,2.95221033451373,3.175128534139516
Pol130_19,Pol130,2.619997404449364,2.683130832549391,2.7181403179167183,2.604960378827616,2.6928263984800416,2.705908870048797,2.5862308909482628,2.6071729221106223,2.629844118612505,2.6919768565246462,2.691775621915688,2.683652886651631,2.6242344448813437,2.616633615511291,2.7227079579375526,2.683922582515835,2.6529148264850484,-0.33885011476015287,2.6974217720357596,2.4066509781136105
Pol130_20,Pol130,2.729996266102381,2.766101131515938,2.8505995093896965,2.749447560815049,2.829150687162347,2.887998025790232,2.791433574023567,2.7907972696280345,2.8231649210888783,2.8899072353301296,2.8362223495087493,2.834241715022676,2.798518869348253,2.7888418265096115,2.865648834331709,2.8085817846934806,2.76733267244256,-0.3991769456217301,3.1904691159728458,2.652602774118311
Pol130_21,Pol130,2.0989968821645664,2.114584709700192,2.1688590735898634,2.104266027843401,2.169456553639462,2.18924867277319,2.12717565320962,2.1312676209360344,2.156888726919297,2.1753762294104324,2.170207849222064,2.156997790735033,2.130853593349807,2.1340579357107874,2.2100090296656782,2.1729703053125946,2.122183821556203,0.0,0.0,0.0
Pol130_22,Pol130,2.0479976928413697,2.098332422793494,2.1335849306697665,2.0455745793584925,2.121508187478979,2.1321976271081065,2.0340069982170275,2.0510334012370524,2.0693663471750576,2.1017608201256928,2.1137243503334404,2.100290533175845,2.0695748428504888,2.064775442167253,2.1611499213399687,2.131310001700556,2.083178363872639,0.0,0.0,0.0
Pol130_23,Pol130,2.6029961928296217,2.6851473277115243,2.70559531157987,2.57921524240784,2.677827604471038,2.674730844022418,2.547842501882021,2.568319233599781,2.589634689756289,2.643629874023424,2.670449200118528,2.663743553596855,2.5911609904068267,2.57786172484909,2.705980887754217,2.67102741617181,2.633313557201998,-0.2933130717358665,2.5074265765827013,2.2653030253304647
Pol130_24,Pol130,2.5039970691573714,2.5837357598323663,2.623654895122393,2.4980562030248703,2.592372398967002,2.613397265309313,2.4777458824976155,2.5098882935424545,2.539787486958374,2.60368376913013,2.5849631722709248,2.582081724065847,2.519869707339696,2.511871002617444,2.6318102308919293,2.5851612950544194,2.5476106064044544,-0.3846635226621898,2.492271509414399,2.707826279644972
Pol130_25,Pol130,2.2459974220312127,2.3058678266900814,2.378343104173641,2.270271530581564,2.3437423118015097,2.3609945480389003,2.3058556755941155,2.251158985730964,2.339182673677751,2.337251532814434,2.32471512120761,2.3307518628072112,2.341418185573372,2.274220352062328,2.399036185297787,2.363492939272731,2.340665215498813,0.0,0.0,0.0
Pol130_26,Pol130,2.7969964214388248,2.8867532757149785,2.8969520762499146,2.782049343806805,2.839190930321965,2.869193408411583,2.7906118907839828,2.77056133781159,2.7975021752454,2.8539729302998724,2.84060253615979,2.8618081875751966,2.8274889457888763,2.7647335364278973,2.912079939038453,2.8639541959731094,2.792259172314928,-0.06745407207063811,2.384030864331612,0.3054363984859485
Pol130_27,Pol130,4.340994803615139,4.416068052247871,4.570772113300713,4.445202020886485,4.505471634776425,4.599796129200571,4.565056635945455,4.429516688039119,4.545823765127229,4.522292653946484,4.459192419232534,4.476842086450111,4.465064972217672,4.405944677786643,4.590645734108778,4.474803659753975,4.494863170501291,0.0,0.0,0.0
Pol130_28,Pol130,6.279992398564644,6.437231452416779,6.5336035605104,6.407956115778661,6.42771593085497,6.512502824017185,6.436964572130032,6.355997876293757,6.468985916208178,6.433453339491532,6.415058897032513,6.473105150164916,6.407189409087451,6.30611555382938,6.546536662435275,6.418118907481945,6.296359464733945,-0.0851766657768764,0.4871026757857312,5.539839915687168
Pol130_29,Pol130,3.01999636340969,3.1336962820258747,3.908554990051414,5.605690826376351,3.5078337796713845,3.4592494055213137,3.899749568647179,3.1750593274111982,3.326784582988185,3.279529424078582,3.3275598844515355,3.569327397715829,3.596274458884801,3.122220871667103,3.656604828338804,3.457618190117053,3.345656324999838,0.0,0.0,0.0
Pol130_30,Pol130,3.870994952498882,-10.233501241644875,4.098373006516365,4.816095907305661,4.057487856212084,4.138556947641101,4.020235746175135,4.051875811570295,4.042846038778368,4.1079027539209925,4.039802476621445,4.062899851826579,4.054083612947813,3.989493975453818,4.123696854346616,4.047393822138402,4.061516903329641,-0.869558607868326,3.526467345047761,3.545663269529593
Pol130_31,Pol130,2.757997215702891,2.832957844227132,2.9432269944287945,2.8371301279725145,2.8978537791656973,2.9643723347785014,2.872603727244896,2.84085756172493,2.862232884448775,2.90706522619591,2.8895296611686785,2.887030973518373,2.887268661541579,2.8648092207488296,2.9543393526853547,2.87850206446222,2.839380728005768,0.0,0.0,0.0
Pol130_32,Pol130,4.5009940908302015,4.599121889455828,4.721742220575856,4.643260727546137,4.684935256864116,4.751299996922858,4.621742851325356,4.6549622674966304,4.639516697124508,4.729783009825151,4.662166110469091,4.684514709189428,4.668326437943668,4.624431807901852,4.7339330658727565,4.650567410609701,4.572286368230962,-1.1890373914158618,6.726360967297238,5.602189437553804
Pol130_33,Pol130,3.434996042776767,3.504383006433172,3.597895745895487,3.491379368927364,3.535149227596773,3.6562607438585513,3.471064306578852,3.531016212758859,3.536158660633153,3.622576769199629,3.532579707780595,3.555757843503058,3.5019192903253247,3.454464823261146,3.623521001014466,3.5115416530531247,3.5086957113131585,-0.39949890235484853,2.9383748073213685,2.12543909942908
Pol130_34,Pol130,4.997994645940472,5.150385398243491,5.289312400122519,5.153408659072784,5.222235781533707,5.312519283694394,5.116178332193134,5.177750636218637,5.158645945098992,5.283067903846557,5.204449636472469,5.232243424103611,5.201874633835964,5.123557032877885,5.296836173465188,5.191268622135504,5.276783085074814,-1.0471164598743763,4.56492482195043,3.743957373118996
Pol130_35,Pol130,3.131995716275699,3.21950816760449,3.316740338880029,3.195013560444123,3.266079010251772,3.3501855882686686,3.227870813594143,3.220803596799932,3.217567542930194,3.292363686608192,3.251053691222096,3.255395201735441,3.2518980466894063,3.21051988646454,3.333781856655364,3.246363354365126,3.317648321840838,0.0,0.0,0.0
Pol130_36,Pol130,3.249996542780682,3.348011424770058,3.4427120114733376,3.314564100803031,3.3927341099422117,3.4630725665065976,3.3556266280227005,3.3260392147453284,3.310831035979937,3.406388722037325,3.381889372971468,3.3759450986131507,3.385589244456133,3.3506334019209816,3.445964365637931,3.365005523532611,3.3638369907015075,0.0,0.0,0.0
Pol130_37,Pol130,3.700996172909549,3.7670031955282384,3.843376022655249,3.770088693835499,3.801085638372309,3.869868750020271,3.736236826114284,3.78456098821113,3.785695785368633,3.8544184377426585,3.794959393359233,3.812194440178693,3.763047557521481,3.753515735538466,3.849499600299104,3.766040588755923,3.765223857846781,-0.40272620138192816,4.375288296366797,4.476685580846532
Pol130_38,Pol130,5.068994301857555,5.273175697088432,5.377928826213416,5.2759971306021685,5.354149653991178,5.394835792473124,5.273580240884738,5.272999950210951,5.256250355913364,5.372009446795746,5.322551969371067,5.326661126515412,5.331940348734075,5.300903394417075,5.391814013431384,5.322099117438907,5.20624981183617,-0.6681915569581566,6.594213808159259,5.927789541542962
Pol130_39,Pol130,4.116994616037779,4.250673959027767,4.412612389064397,4.194724813492941,4.295444063254818,4.453449082982469,4.26865704137507,4.2194665924874935,4.210289524251023,4.376880355900705,4.322898211894726,4.315407780098724,4.318170828916911,4.292373086954153,4.369985922282512,4.250135752796791,4.299876590135461,0.0,0.0,0.0
Pol130_40,Pol130,3.6099960503985775,3.662764266690308,3.74365168388104,3.642496475188457,3.7003613503727,3.774734279006791,3.652846275826348,3.6737637083381847,3.685627954862888,3.7483538754596175,3.702543515810501,3.708634196532404,3.6682971808526754,3.6606784211919736,3.7626756143570055,3.676355752184382,3.6763402847027336,-0.3391146009721008,2.2809071508296768,2.333635335803289
Pol130_41,Pol130,5.761992613099333,5.872039190138667,5.992597681746401,5.822812732461556,5.9291222437079245,6.016218000134731,5.813594468947467,5.85348841292249,5.865608277761047,6.017001451745509,5.916216259889369,5.938163278556978,5.8893877463576425,5.857305498296615,5.978145985030639,5.8760818124400345,5.845495899252936,-1.4895325750981627,6.609493066426508,5.745564439227678
Pol130_42,Pol130,2.232997192837453,2.2982338040237167,2.411640169121016,2.289770688895705,2.3367740823159857,2.467257677561681,2.254398003302161,2.3249316188222324,2.31417460710305,2.404020816669483,2.3540092772594496,2.3611729622013664,2.3176779859263625,2.2364445578009944,2.455323043285233,2.34850155449632,2.280651719425338,-0.00847388798372946,0.09583088175057672,0.009490026390333195
Pol130_43,Pol130,2.549996512293433,2.615070861446508,2.663712879335176,2.5476049620249364,2.61957285583167,2.648027990986172,2.5169162414713133,2.557907491900399,2.5722010756128557,2.605217182681017,2.61523564264122,2.62515348533906,2.568241733116152,2.526616697347225,2.667980149356476,2.616079108985458,2.5742922839835023,-0.21404575103199047,1.1206011770826885,2.143663871060437
Pol130_44,Pol130,2.3199978147677838,2.3715769983359154,2.435438308923097,2.3572247334272025,2.3979926697999043,2.4526615009788326,2.321747577746762,2.3767047759953788,2.380722355105745,2.4202799201653487,2.396781705822323,2.4049099239067053,2.36186083482963,2.335394484234926,2.4522762211367275,2.3912004834819847,2.3544008638063745,-0.2759545529095476,2.894914275670596,1.5009940787190208
Pol130_45,Pol130,3.210995855199405,3.254779198646477,3.333958789030275,3.236598734472632,3.2762781072031824,3.325483226389822,3.196992268528457,3.2409494324225983,3.2558627239245475,3.290310738116045,3.2811819780154314,3.290232793007705,3.228744361409228,3.230982244257593,3.318247227410245,3.242370966653998,3.26021126580055,-0.2857944228510642,3.6510365902746797,3.787842638646626
Pol130_46,Pol130,2.522997290144762,2.563732033166156,2.6090009265505945,2.523479778994412,2.5894660557370432,2.62585958463233,2.539610554667696,2.534353856521168,2.5375125579891638,2.5869155035428246,2.5689626508324905,2.5660819435001314,2.555369090760029,2.5343046592201244,2.6317395469764104,2.5777022783085832,2.561082124679913,0.0,0.0,0.0
Pol130_47,Pol130,4.029995475952791,4.318477719110197,4.425236081340187,4.300410023378914,4.3736620842397285,4.403629442578652,4.2854805797061095,4.304248447369861,4.309431942355655,4.371950108276021,4.3643248285058,4.367179603566202,4.325532340183731,4.317931807272269,4.403224898824464,4.336682930058568,4.282554812436841,-0.383719247121612,4.609662383984356,4.806283431829115
Pol130_48,Pol130,7.610990331144365,7.727794271034071,7.85420738537841,7.728520375322727,7.826221995283874,7.8946792491165905,7.781703656672493,7.761695928931396,7.728179847292651,7.827621894566213,7.779850016124341,7.774592280604385,7.801428055244701,7.733332519976994,7.889329491064296,7.791958174575877,9.314294213916142,-0.8383882875327425,7.401138026185873,5.633094805443897
Pol130_49,Pol130,4.928993999391036,5.000980267903989,5.114584755700551,4.952362404209599,5.062817377595736,5.202284808576601,5.067871952178698,5.006385446992488,5.004370137243554,5.110168263780325,5.0414290146949705,5.0218956257532055,5.041979372064028,5.006695745427714,5.133932617579495,5.026986950082655,5.343973788122893,0.0,0.0,0.0
Pol130_50,Pol130,5.640992531620207,5.706614570907239,5.826668049496075,5.677255658132218,5.761850207579269,5.863173013086139,5.782516319352848,5.732239677902214,5.746800141985651,5.808013246733477,5.755273629837133,5.7600216105590505,5.714292456051975,5.694885172061939,5.822520067942622,5.699438438410765,5.845045390097529,-0.5702968068930642,4.809825139271512,5.24749538062415
Pol130_51,Pol130,2.105997119564694,2.172965859770933,2.328505088875523,2.20367414082158,2.25365974791754,2.377680126591316,2.185032230027669,2.2388531492469936,2.2534371747759927,2.350207899410407,2.262412119259372,2.271232062733375,2.240043071066345,2.1579334278830222,2.3542610427908883,2.254846706056489,2.150600113159612,0.0,0.0,0.0
Pol130_52,Pol130,2.300997593780393,2.3396992449596654,2.433918231923488,2.3575317718287248,2.3950390556601104,2.4464970243264217,2.3470874294764545,2.3607411524695525,2.378575457542642,2.442758328516882,2.3869659622375763,2.40821117893481,2.367260679242867,2.3282493223744893,2.44126018288281,2.3793083782520004,2.326038032733536,-0.20743171022017046,1.6580252954335075,3.6632437153901787
Pol130_53,Pol130,2.022997480060348,2.0749666853455926,2.200474540345031,2.0903291242055237,2.1480520385783715,2.237601286324034,2.069957751718791,2.099198857666112,2.1221348598974115,2.219325539520973,2.147068241460648,2.153771220676276,2.120859287425944,2.0611803372070168,2.222581005574205,2.1431680245322133,2.051600770165733,-0.00646800538253253,-0.14006964521676438,0.5126229600546423
Pol130_54,Pol130,2.340997045122823,2.379896226282383,2.4511231972721013,2.3894401994245387,2.419081551803153,2.4816019404890866,2.373828662339215,2.416164539264784,2.414071729095395,2.463798309614502,2.413193587519882,2.4295709422575773,2.385434326890719,2.3609388306283368,2.4654956152580887,2.402374634676033,2.373132620337305,-0.2400688446608119,2.8726615809361244,1.703505732995849
Pol130_55,Pol130,2.340997045122823,2.41460119240917,2.53909753979384,2.434353894479836,2.45338256688235,2.6389590974528945,2.4311006511921684,2.494458430695416,2.450199266721716,2.593263136242133,2.462111821445448,2.4923930346487126,2.444901965983109,2.3503747551835064,2.5782816798382373,2.456895725827825,2.403188816816239,0.0,0.0,0.0
Pol130_56,Pol130,3.6979954360900615,3.7369046938313937,3.810607828378224,3.7238789768781615,3.7881666143347146,3.8359937654782046,3.737596419242073,3.7528475714891134,3.7683621958651976,3.821698255311365,3.787176445294651,3.7834830939616215,3.736321587664385,3.739314619151527,3.844039296632989,3.7738425045266975,3.7403083384506295,-0.11468779820922458,2.1660956826075095,2.216125820713109
Pol130_57,Pol130,4.866993590241727,4.932161147424375,5.099961164889724,4.900454991768831,4.994943970929099,5.099474378704299,4.931249664407488,4.965495406616599,4.975903443741801,5.104796870821086,5.072803978049529,5.075441070039995,4.959710726964909,4.972027084675403,5.059341561292873,4.940287735470847,4.92124538122429,-0.9849343062403078,6.085860538099712,5.418227436552999
Pol130_58,Pol130,4.250994926710665,4.305508608606368,4.406609285343701,4.286554473049199,4.365141769829366,4.4472253325324935,4.318141043820419,4.325892132252242,4.352573943130257,4.454263653395405,4.371542008071658,4.379069634238858,4.321973540450563,4.315336355268369,4.418086770322978,4.332324526501652,4.305514374492214,-0.49009938125579533,4.819091101603164,4.578171564901509
Pol130_59,Pol130,3.9299946248287023,3.9886623638733054,4.085047660352085,3.9836925507562095,4.0373217191354405,4.0723036421507866,3.990598691224706,3.989922525067697,3.985988818342244,4.007016055679416,4.022935668392282,4.026316498671929,3.966657108676268,3.967628458134143,4.089658718563514,3.997282850879204,3.9985205561882,-0.1229405107664276,2.3675483415933347,2.671253285308642
Pol130_60,Pol130,5.389993121894174,5.46358496986782,5.583150328607679,5.4599541522607655,5.504856437219166,5.539330531680274,5.468704893712096,5.499876695876963,5.521444510439975,5.472340008557813,5.510920444922742,5.529498932614906,5.442192754310985,5.442014636396527,5.554949774519956,5.438872679553284,5.458284426721298,-0.2519869148373178,5.672644373777829,5.148748220435112
Pol130_61,Pol130,2.3709970040909805,2.4219351414293,2.4751763627235546,2.4091328866985715,2.4519908177263825,2.484550812702333,2.379297708964648,2.4156535989903745,2.4245630458989105,2.458645488785097,2.447854987395245,2.4447709708334235,2.4048977726843903,2.4059741852305763,2.485127250593702,2.44028898140153,2.4100203935058397,-0.12308873910549771,2.28036696084215,2.4901930124065434
Pol130_62,Pol130,2.561996495880696,2.6179767600938715,2.656577201327836,2.550129285657073,2.626041851577213,2.6384849069881477,2.545000618916654,2.56933088938067,2.594471432934728,2.5968462382514663,2.6252874441059726,2.619945243452391,2.576448192514765,2.570878676814148,2.6534556941046903,2.615191631744028,2.5926970920061727,-0.1359721210263438,2.541291506233303,2.733657128298417
Pol130_63,Pol130,4.107995369270002,4.162015893076657,4.297271030363481,4.151713363285428,4.197875068481268,4.243056681196738,4.117284168591885,4.175898412967522,4.198608137419921,4.200521347908355,4.2390914112549964,4.2461544789345504,4.157267171482021,4.164400626744852,4.240491606911693,4.145650393123745,4.171953691746186,-0.2545524072528224,3.945247158975753,4.771954805471505
Pol130_64,Pol130,3.6089958047920834,3.6505892771477857,3.764216881723081,3.623026805596449,3.689939087488911,3.72221768004517,3.603096282090973,3.622514531679546,3.6416931668747625,3.675341280826036,3.698549942601943,3.697152562438471,3.617480406674565,3.6224697799517513,3.739488291155804,3.64964474895859,3.674163649466408,-0.1009812209073469,2.701468160904287,2.896046514277111
Pol130_65,Pol130,3.510995444880986,3.557757741995976,3.628373155406805,3.5432958205543983,3.589058761148616,3.632862405863053,3.514901441048192,3.554593409457302,3.5618254074883438,3.6100585842578106,3.5816412361389904,3.5911855056344457,3.534125272469565,3.535674097234353,3.631732647027514,3.559067989656602,3.5563710103774424,-0.14429379662404965,3.7851323006173474,4.470156868622838
Pol130_66,Pol130,4.180995516400077,4.311813416032264,4.535571173678229,4.336252898488668,4.407444305208269,4.42553111676975,4.2181000346675885,4.276953004313508,4.319799376909836,4.360549234741535,4.432386726063067,4.460740354832133,4.300108912380312,4.306871758184334,4.437937422307845,4.364673803057662,4.186846658293108,-0.11968846305165357,1.9564055546997268,1.5935119817986387
Pol130_67,Pol130,3.398996092014976,3.4802041804862385,3.6266682923855647,3.441747181914399,3.5324451562228507,3.547552569517642,3.390264021975198,3.431300024089963,3.451981250450384,3.501290543349564,3.545552671024723,3.564622538725916,3.4462229476111297,3.416466455858267,3.5634539554812683,3.499885753953499,3.3915299520878284,-0.3707757382850863,0.698408710899698,0.8055889151124372
Pol130_68,Pol130,2.997996887448155,3.051913978445353,3.1072013318321106,3.023772401717661,3.07350920702576,3.109459812298228,2.995174713024108,3.034713903168351,3.041065981440908,3.0865801202051486,3.067957769781912,3.0721586531263543,3.022369390525627,3.023666746133334,3.112602806262198,3.0529782397692244,3.040631016882605,-0.13164569278424937,3.086846927421256,3.354109905586626
Pol130_69,Pol130,3.3979958464084805,3.462091288486681,3.5377027434924524,3.3944014823863613,3.4716497836986058,3.49368749127712,3.3787942426449904,3.4177778890163237,3.441392280001732,3.450088933954059,3.4886598864237746,3.4909534865984706,3.4227640021755743,3.421821400398646,3.5074812486693463,3.440573560474137,3.4457895967916192,-0.16775698897476685,3.250828734391797,3.7995090213620224
Pol130_70,Pol130,2.9169962573114567,2.970765904703036,3.036996685910633,2.932427009227963,2.995785974207582,3.023675785403836,2.907398937784225,2.9369679761041207,2.9556934629928198,2.989381438642396,2.9938966213706006,2.9906270778301938,2.9317936685128325,2.935425967823209,3.0373991551285515,2.9753427322026083,2.964604683683145,-0.10028000576151155,2.4670261093287116,2.553929251897721
Pol130_71,Pol130,6.28499214475178,6.372282763726993,6.526751211335018,6.410137392135507,6.41651629184521,6.481013610432508,6.392488021418637,6.437449135486715,6.446864188120748,6.413034251722952,6.446771276423219,6.465389625940035,6.370278271705288,6.368816431235109,6.484748749791872,6.332487658978771,6.37775880311524,-0.4504638892031054,6.14429499635991,5.54833236901272
Pol130_72,Pol130,4.983994171140217,5.046323698070595,5.168061886771865,5.054205337153739,5.099738295289586,5.160452314716252,5.074062212915887,5.065633476623733,5.069340016468273,5.090303682537577,5.093161272964855,5.0973889778306765,5.031731966976763,5.03053359871986,5.159200007084348,5.039042799239218,5.06595454662642,-0.169687212176681,3.7638226731091637,3.6908967127903383
Pol130_73,Pol130,4.98099343432073,5.0512791373051,5.206723676360722,5.049789141734223,5.1125233606445,5.18355428357652,5.093986512770434,5.062671267774976,5.058215655281867,5.072996321680457,5.115242398649729,5.112899453092101,5.0427195539030345,5.044203621986756,5.183074313790739,5.041613949093306,5.0922417063447325,-0.1581226087359786,2.8481434849908616,2.9142214619442472
Pol130_74,Pol130,2.425997175840161,2.468580965462404,2.522243623596536,2.470482765769708,2.502955331889513,2.5359708461247266,2.461202561130952,2.4805569431404746,2.477239980545169,2.525492421332012,2.498728812605354,2.499745951248685,2.4639510878793702,2.465542589772508,2.531597624144741,2.481866894447801,2.4629027133919124,-0.0947555292326862,1.8156476527915875,2.4369412583355703
Pol130_75,Pol130,3.665994985908912,3.719644011030101,3.810188021702605,3.667572261977217,3.759190314116813,3.763412980492205,3.722682683031179,3.69227299398662,3.680025393779379,3.647216448975796,3.738179821488625,3.735296150623272,3.669997153928655,3.673284183345583,3.807782097373126,3.7179321830640473,3.729017942216875,0.0,0.0,0.0
Pol130_76,Pol130,6.1739930374922665,6.265853223266408,6.32318848690758,6.203590527241074,6.283199111694997,6.308808363314642,6.261275210227288,6.267601207809066,6.25502182263636,6.19958095019625,6.233734817828559,6.257349505483141,6.194026549208824,6.1598366725763976,6.330187538736672,6.220944417819438,6.229301299692143,-0.27710331084868994,6.853981928004843,3.2069875022409993
Pol130_77,Pol130,3.384995617214721,3.430079576132936,3.4849448999311003,3.388275237204819,3.457452816257858,3.4851520619429803,3.426875233687723,3.403368721283848,3.420231825023066,3.40721351738666,3.432623608470335,3.4284154642278866,3.4100951134209265,3.3863435007288603,3.5099765277407804,3.441122584263878,3.4258981836668148,0.0,0.0,0.0
Pol130_78,Pol130,6.643991406763179,6.715367895757371,6.93096913213637,6.738151712619927,6.808900788212728,6.821852857591097,6.760475268065031,6.745331846191288,6.773881522954878,6.743670401444873,6.844183526357717,6.842187480562981,6.751384443503151,6.764584721710082,6.850430245041255,6.753857198755149,6.707584694572157,-1.0579662308909066,6.995471811321559,5.770355552193235
Pol130_79,Pol130,2.355997765529573,2.404805009321447,2.4784823595939742,2.374503050439602,2.4425484991568416,2.4399472677897904,2.3888742827175755,2.381545668330592,2.371918711863423,2.359398007886973,2.432489436709851,2.422757861989665,2.3798711829439747,2.382662087835157,2.477712985744127,2.423640449243717,2.4099289192471085,0.0,0.0,0.0
Pol130_80,Pol130,3.3369956828656693,3.3829503742616374,3.390259872776308,3.3105202932990503,3.372840780681585,3.3924922727622318,3.2984863750868594,3.3239921937824524,3.316251626029638,3.323765767647906,3.3468704036668107,3.3537897325204646,3.333675608364438,3.3047150156505603,3.40352861265965,3.3578787363769527,3.351384899178816,-0.2762972325559139,3.752305843958402,1.9397990047760227
Pol130_81,Pol130,2.4049964636397787,2.277093946536452,2.832155276786156,4.478004445833246,2.890090984178389,2.8275683726847727,3.069705161828556,2.684683510096596,3.10898176896683,2.7133231350247207,2.694783471573197,2.7323458800874896,2.8591266402312923,2.634431170837892,3.036159739675915,2.8738677413480542,3.234707203366249,0.0,0.0,0.0
Pol130_82,Pol130,3.781995321200904,4.055735425927709,4.016301446785198,3.9249142662691634,3.940056206523819,3.909611842142693,3.738479747242496,3.4356647995902785,3.855253457607226,3.819965829896025,3.9236421020185777,3.9695905696756135,3.8828442324253816,3.702173350850056,3.98325392466687,3.911934041958565,3.980810914416379,-0.14284146282589824,1.0930227042921077,2.281075271395327
Pol130_83,Pol130,1.752997849346925,1.7794953186695468,1.799836906038731,1.7321195375864284,1.7928550435433357,1.8022499430158616,1.747240287474616,1.7433729674681355,1.7426317484662868,1.7851571533189792,1.7774560030609212,1.7675664636298998,1.757779171541267,1.7448957117527295,1.8150836127546397,1.792374629259193,1.774295572244127,0.0,0.0,0.0
Pol130_84,Pol130,2.2829976183994978,2.2900640942452406,2.298812464617477,2.2328415990466293,2.285339823135006,2.302461656971426,2.2444017709555024,2.248963039075054,2.242409133571172,2.279789423222468,2.273843222409767,2.2710595759738283,2.2550760957029707,2.230005347109825,2.312895033661987,2.287215987544712,2.298313155362472,-0.10290690034432376,0.5922009236947491,1.905648303310551
Pol130_85,Pol130,1.890997660600452,1.9223392823544616,1.9254413774572865,1.8614262513160449,1.9136642633090803,1.9273769638096183,1.8733637010014816,1.874406327376291,1.9034312321044051,1.8849383949590648,1.898856182893096,1.893413364892918,1.8896699272200048,1.8646196280363732,1.947747891692698,1.9175004645134024,1.91398061659199,0.0,0.0,0.0
Pol130_86,Pol130,3.953994592003229,3.963892133361581,3.87324261552357,3.7821823300698583,3.8649205720628217,3.8675274344163193,3.778717182906938,3.7994479029427617,3.8265226991856,3.8608238624730338,3.821829398669287,3.832196388640874,3.7726697721673936,3.731216334077056,3.886432520838565,3.856124634469567,3.9708047685432986,-0.5070330643257868,4.767769294267794,2.6388406962910813
Pol130_87,Pol130,3.506995944300346,3.549912111828717,3.597971468090854,3.493724833730206,3.5763993564576477,3.635203721467005,3.572837296522311,3.535848954904528,3.567721966417403,3.569210924741204,3.545330394215417,3.542245784820647,3.527130369797248,3.506656009074349,3.6287642144857104,3.5548290228178865,3.532509163018249,0.0,0.0,0.0
Pol130_88,Pol130,5.607993317677904,5.600289796276158,5.674072802385712,5.54234564248849,5.607186452933672,5.667021145097871,5.625076178916619,5.613409166178687,5.615654754381304,5.555241253583574,5.611858859331528,5.607322041696377,5.576323318955539,5.539601116709667,5.667401090370004,5.575491411084901,5.61982496809689,-0.4048692872003157,2.3858572754241334,3.4961075959539762
Pol130_89,Pol130,3.780995075594408,3.8414025009326473,3.880634949260308,3.779890211809068,3.8482080240545455,3.910560223030071,3.854511201189834,3.809935515129981,3.8511100698773766,3.805333199983163,3.8193120398556135,3.8131724579964414,3.8023440215311375,3.771033518525402,3.9168272434202858,3.82639200032604,3.8395838914376768,0.0,0.0,0.0
Pol130_90,Pol130,7.777991337604896,7.75801591410753,7.611220165408856,7.466939700777005,7.612761432859166,7.616655425841857,7.551275816501214,7.548727635343973,7.615150908306503,7.549388093870608,7.522166002225344,7.534766429514164,7.467029056150709,7.402593086086771,7.66472826698986,7.58392813042598,7.802843333142706,-1.355272451077091,6.955090197861523,4.610479945782335
Pol130_91,Pol130,0.9459982121808024,0.9788024152248864,0.9805151321876636,0.9280533614714176,0.9768552704831877,0.9748467773023622,0.9228746083489971,0.9255214804405671,0.9327220633793256,0.9466004341555332,0.9623459299445948,0.9563056320211674,0.938738355527296,0.9269120441622788,0.9929012846484864,0.981805819393382,0.9590994898740828,0.0,0.0,0.0
Pol130_92,Pol130,1.838998225670759,1.9337483059521428,1.9271739509545127,1.9267922276047005,1.938251634000856,1.96658659152232,1.9140516177295728,1.920159487827288,1.913859570599352,1.9268387575786416,1.909380841159044,1.925265334205448,1.9504469248288887,1.9055238941708492,1.964390793116764,1.9365632193984763,-7.017420300784423,-0.3116066644104291,4.271734274071084,1.973196397700615
Pol130_93,Pol130,2.1619975369203703,2.205341216807139,2.246218217006107,2.180462811718572,2.227521181592463,2.2527902010931085,2.1888521310213664,2.177897441101285,2.203521214348475,2.203106297660234,2.2149705442691694,2.205973964815671,2.2093629450742798,2.1855953312835243,2.2695483900786018,2.229208114280939,2.193863597096932,0.0,0.0,0.0
Pol130_94,Pol130,3.722995648871084,3.788313909779256,3.840390252487276,3.713609936841836,3.8068885448153535,3.817855978538001,3.728985119588564,3.72281056648175,3.7432155767842143,3.7881051176873513,3.7932921692075534,3.791776241448953,3.748320237580711,3.731347032852384,3.837191392946623,3.8048650849189904,3.745714993430364,-0.8413363061561148,4.8478158424521265,3.9172067530776657
Pol130_95,Pol130,3.3199959530912704,3.3913488809589385,3.388664518037578,3.2563229850893007,3.350890798438866,3.374161845900975,3.244988350065552,3.2943551385793244,3.3233410708164435,3.325296958370053,3.330943678222058,3.3389207481637158,3.277530118334379,3.2362202712407533,3.402271414787669,3.345802437937226,3.355477678870732,-0.38647844494999306,2.3395487321082213,0.42413001965488495
Pol130_96,Pol130,2.4039976998786257,2.4675913891921133,2.500332317491513,2.3716536097385883,2.460010120150619,2.522011863039425,2.3730695128993085,2.478677074135532,2.4684210744024764,2.467264345879437,2.4632306146403358,2.44921665501719,2.40857600926211,2.3999438156164903,2.538705888092569,2.464118684546248,2.4313691705297726,-0.05653848349891024,0.3671860335768744,-0.4440418368106793
Pol130_97,Pol130,2.026996980640987,2.0789445510080107,2.104018856051332,2.012797049394493,2.0846223895358253,2.126536977871872,2.0138029260228145,2.039915708368404,2.065351287309907,2.079654947582059,2.0664603002773405,2.0643477815922138,2.0465016217554,2.005505184922464,2.1499572471486728,2.094003359750473,2.0482724061916637,0.0,0.0,0.0
Pol130_98,Pol130,1.885997914413316,1.9366759877989217,1.9873826608194567,1.8845744537337803,1.9651601672193104,1.9646157371689392,1.8658083643161767,1.8842675636247272,1.898110518233765,1.9303261323551053,1.946549967934156,1.9450088487342008,1.9005007347644032,1.891405464460808,1.994862275267278,1.9633158624844824,1.922961929965316,-0.06420898029184538,0.9117580931679822,0.6044138158717509
Pol130_99,Pol130,1.601997808899639,1.6475684059930369,1.6916307808467927,1.6004987741462524,1.6785949874180994,1.6902520720151557,1.5810107296810003,1.6117622805876544,1.6198896095910795,1.6580898042674006,1.6535852908054895,1.6496871484975584,1.605348557627963,1.5967120665752152,1.7124818266817736,1.6796782162796968,1.631023848715399,0.0,0.0,0.0
Pol130_100,Pol130,2.279996881580011,2.353091274006694,2.5010658309285274,2.273343395963188,2.4039627283061744,2.375575906156564,2.2602406231089214,2.2837277235609417,2.2906394947631834,2.317054573562689,2.411999220190457,2.401965793598949,2.3123833524938,2.3010779098178253,2.422444155228268,2.3840776974433293,2.3200196660492947,-0.501715226503982,2.2647511580587234,1.6598942538592911
Pol130_101,Pol130,3.444995535151038,3.5053588015485286,3.4185906811409974,3.313577784503268,3.402773908519235,3.415520149380809,3.291158649949298,3.3230301796325032,3.327253735173085,3.364793175074764,3.371982199539922,3.374412722309339,3.3414238813451527,3.2999892627106537,3.4324551226172098,3.39830570030545,3.4123718119602686,-0.5558719886870632,2.838008039428033,2.022281642748265
Pol130_102,Pol130,2.464996381576095,2.5059233198908384,2.4769326458324628,2.375564347767196,2.458093501420246,2.4744298090675003,2.372484184029908,2.399041075411514,2.4088563743504907,2.4146090462032985,2.439268138141904,2.4365141285521013,2.4123790171280035,2.3775586152315524,2.4929665087754467,2.457111334319374,2.4485670762976217,-0.12311053328855624,1.2495462931984498,0.8686590535024421
Pol130_103,Pol130,1.7469978575532934,1.779981956688851,1.7790759564080565,1.7053194754034078,1.7747617119144532,1.7821264832149757,1.7101615532360517,1.7159899474105758,1.728268814207046,1.7478505113688962,1.751208965616179,1.7460105039569631,1.7275065530048506,1.706505544440342,1.8012920781911537,1.7769640304716452,1.7616531761646192,0.0,0.0,0.0
Pol130_104,Pol130,0.666999334699604,0.7243260036373256,0.7848700551834432,0.7356890900961524,0.7880059362982271,0.7954249431923095,0.7622016742340112,0.7651564738480389,0.8124223020138994,0.8040021604063633,0.7737802210059277,0.7671439248217725,0.7515033435962524,0.7362720480541017,0.8304365031102208,0.7824279740582195,0.7114073263200158,0.0,0.0,0.0
Pol130_105,Pol130,0.6779990726803715,0.7030618193349135,0.7260544280452301,0.7080615655218032,0.7337970699625044,0.7326539744644716,0.7113071031919906,0.7074563798836797,0.7109997684680973,0.7202601163855117,0.7234689042907853,0.7170456974674687,0.7088567237328182,0.7082026371989377,0.7412125204273045,0.727888359841399,0.6981926637317855,0.0,0.0,0.0
Pol130_106,Pol130,0.947998703393794,0.9794046372234084,1.0078717753689554,0.9958480822563645,1.0131539612785492,1.0142638634401275,0.9980293586007064,0.9849185837447324,1.0066320635544646,1.02003624378893,0.9979525990115126,0.9976680847064732,0.9823890737442796,0.9849710410696068,1.0245949928021196,0.99964516276277,0.9743285434007593,-0.0047168410467934,-1.6884909768495435,-6.852893639890134
Pol130_107,Pol130,2.261996906199116,2.301586182786191,2.3395083832847594,2.263642643628685,2.3219526651381384,2.356549011979137,2.279404143464596,2.282628342528492,2.28653241228146,2.3213492576856187,2.3051455752680745,2.304284030382835,2.2912248237589337,2.2708734562044124,2.3618946208746574,2.315394314061008,2.2926080078138904,0.0,0.0,0.0
Pol130_108,Pol130,2.772996454264298,2.811928087855326,2.878371958435608,2.791931770421709,2.835691256157066,2.901453181512004,2.769108388445791,2.817872658630118,2.820485151970061,2.8761746781582627,2.831393904622801,2.837729978932743,2.7804231667666253,2.774777039663334,2.885898250939257,2.813943101187788,2.79731701274368,-0.36361339177308694,2.0718198407011172,1.7357663266598795
Pol130_109,Pol130,3.656995739141136,3.7325839291861542,3.824769083403794,3.7132274725771865,3.776620816350549,3.8342600064414314,3.697480642998224,3.736127614079781,3.744836122837949,3.794209579627361,3.7665593828244632,3.779732987886719,3.735337197819004,3.689857882431102,3.827517758339391,3.761133013369496,3.699202234639917,-0.390598330668796,2.374366440941538,1.508475532484013
Pol130_110,Pol130,1.3619981371543748,1.4066067202455363,1.4507666005783075,1.3417632425995991,1.421192523978565,1.4091756473551154,1.328520287159026,1.3344349246712068,1.3605275538552897,1.373929659504129,1.41059970070538,1.403825889260704,1.359161885158458,1.3556285731146511,1.4480563054271072,1.4130912754974505,1.4081925096355918,0.0,0.0,0.0
Pol130_111,Pol130,1.459998497065472,1.4921566156090147,1.5143647353686875,1.453600481604484,1.4949244063326916,1.497256534542138,1.438493957432766,1.457117493353434,1.4665701848149109,1.480254433798277,1.4845028843637385,1.490555629883839,1.4606872587693704,1.4549163602936726,1.5137485840714866,1.4835669509045664,1.4826139435532375,-0.011559890834192902,1.3955783505082588,1.5788376990058608
Pol130_112,Pol130,1.4059985709227871,1.4382503420908728,1.4785346041036147,1.4006467382989616,1.4551787950914046,1.4514526950025413,1.3812587183473573,1.3935412898864734,1.398625797647813,1.4338781574000816,1.4433718959309412,1.4430738968420358,1.4046789876241583,1.404172937484533,1.472832315049282,1.443397531870657,1.4407263989877517,-0.02119635794292623,0.5501716900841193,0.5825897138290821
Pol130_113,Pol130,38.52694162513366,35.27017156477274,32.782686700933574,34.89785792603246,34.506843393831524,31.82707427501561,38.6734368568388,32.13869153612132,36.74811965488858,30.85290914702751,35.527405104136164,32.38322565115831,36.507171602193054,37.11911445511295,33.07683300321059,38.47292836716179,38.20595451001356,-0.14995345517448969,3.3479876465364278,-1.2208679408904262
Pol130_114,Pol130,33.52689906892922,31.81636053361571,28.281670380633347,30.43732561858689,30.030173795320238,27.74310851306244,33.64091224811917,28.145473976791457,32.23646368888372,26.99193147178011,30.723781147372517,28.0845701371065,32.08540437423252,32.08856070849615,29.43543516430714,33.727422381660745,33.26714269824898,-0.037041844945948435,1.127889259502391,-0.26151290146130174
Pol130_115,Pol130,43.72688511810296,44.043540648691696,42.396232457952735,47.34688510548958,41.86734703416477,42.28593870547853,41.8032868602162,42.9519244601585,33.30933453412009,43.51189899812881,39.90972560843563,39.54898517988589,38.31869789742326,43.76247904055946,41.06949186545529,37.6076344157893,42.354587269990986,-0.36261345680836676,10.01925091762786,5.110071481902082
Pol130_116,Pol130,2.0999971277710627,2.141807394115229,2.1707976236752424,2.0843784778616907,2.148271203499038,2.1620123553903983,2.1006301721249643,2.1140444288697693,2.1544558332076638,2.1370995714659715,2.147308300436599,2.134188930871002,2.1206656102578147,2.1162630477639346,2.184652284881885,2.154617947117389,2.1489683079969124,0.0,0.0,0.0
Pol130_117,Pol130,3.170996403856975,3.2011046857065035,3.1943982982699954,3.0818524408529755,3.15858757916736,3.188590353589219,3.077088752627034,3.1159566668122287,3.154520210007235,3.203963906298038,3.1520627177608995,3.162298860791039,3.101768738599865,3.090510418604432,3.1929173420117363,3.1449609738804742,3.218665605124128,-0.674388265037928,2.8571406765018414,3.2935853239740935
Pol130_118,Pol130,4.210995475368235,4.277821365724742,4.381597662360941,4.273264987634684,4.334464903828885,4.426064581011004,4.385202992025935,4.300875026533389,4.383229174181676,4.332390616888384,4.312548115008828,4.301801772513823,4.294165230686475,4.27739696522552,4.401617392989768,4.299234623566156,4.298838486323004,0.0,0.0,0.0
Pol130_119,Pol130,6.677992348157321,6.680996641555834,6.761315178085442,6.644806866135672,6.698088690169413,6.781146566073994,6.70713639325199,6.714231024274181,6.819138858076299,6.747803564196209,6.678085111753559,6.698359275198807,6.612756774292346,6.600859630677222,6.755765667169627,6.637314804385993,6.735321996965408,-1.0686173024689214,5.1772447934192956,4.8069456985575
Pol130_120,Pol130,3.9799950503907473,4.051035604964944,4.156942499248439,4.037492724233781,4.1050752450487975,4.163777955127549,4.082968779672214,4.042498101599932,4.067136744002673,4.057876692672832,4.086658870803077,4.081302296098439,4.060081381972186,4.03961739405699,4.177863488084102,4.076323296176472,4.0596154334690056,0.0,0.0,0.0
Pol130_121,Pol130,8.156989584364842,8.31077238191483,8.663431717208674,8.449918696901705,8.494724217674975,8.546291101832965,8.43469451463698,8.443143404048522,8.456792384862373,8.442993293152874,8.546121134150168,8.556118699991911,8.446070789563061,8.4521186448852,8.55080509902162,8.39114678490557,8.314254900649878,-2.0232356912392273,9.752894170673047,7.700540618397936
Pol130_122,Pol130,2.7479962414832766,2.831253425704253,2.926576091107654,2.8362158293360547,2.8795269087125,2.9417001010295425,2.8480510318475694,2.818578609757267,2.859082184835738,2.859990556111394,2.8784730202805653,2.864550490609511,2.8738072820320006,2.849833395394556,2.946562924730292,2.871502123467938,2.825080830091741,0.0,0.0,0.0
Pol130_123,Pol130,4.77399445836311,4.90034163061967,5.002885180163107,4.870776148665718,4.9547966314689615,4.993477981344262,4.85400877228572,4.869837251462969,4.882240148717009,4.957843453701702,4.93975975392357,4.9468317127496215,4.894067200996862,4.869807021868118,4.999119959290779,4.933729828892079,4.847715329133883,-1.4291357022246396,6.727063775863743,5.592054346909927
Pol130_124,Pol130,1.9119983728008343,1.9481468044604409,1.9735112548195968,1.9108499426535783,1.9636128242841944,1.9844872833143832,1.9155198300589171,1.9244203859051892,1.9365943382006343,1.9508090878080275,1.9486598193342963,1.944224952582944,1.93526630841548,1.9171774222756133,1.9943786009915507,1.959614509212262,1.9390066001485011,0.0,0.0,0.0
Pol130_125,Pol130,2.63299615179778,2.6952828534793,2.7731476025052197,2.65946813338601,2.708684366379424,2.744911039501611,2.6119489096407675,2.658680680742461,2.6836939338052472,2.702077707124322,2.724696001666746,2.723474664755113,2.6573947354001164,2.6677377195120138,2.743968585848686,2.6779425956159906,2.6918817961235533,-0.2681010442839658,2.9692577288908337,2.833706489786054
Pol130_126,Pol130,3.28799550291012,3.3443588241741704,3.4003248627525693,3.2860990372549543,3.3539795568640614,3.3658486935446077,3.2751861354033247,3.290784928580793,3.319759450594666,3.3349920797602253,3.347953336448866,3.3461683055326605,3.298280250532639,3.2883332154870244,3.374653818574484,3.3262162952863603,3.327307961867379,-0.33919712856819056,3.4210672188581692,4.111171515078257
Pol130_127,Pol130,3.890995419092769,3.9600443736836586,4.025563572861893,3.9245414340658487,3.994396216186041,4.070806978514852,3.994793647081996,3.95046068728308,3.956905528918579,3.988513586556974,3.962223871878591,3.957006887180011,3.9537088922908983,3.925791222284072,4.05459025575192,3.961757387147143,4.28219728910414,0.0,0.0,0.0
Pol130_128,Pol130,4.570994982986131,4.648119105589405,4.803873202333882,4.646236865863357,4.707514727208015,4.775394802150293,4.672755969998699,4.652249008686086,4.617236559575182,4.659045640493022,4.704162792943903,4.707916307092277,4.640913780913623,4.641173400302365,4.779875902416996,4.636489583512797,4.811412975259041,-0.2690356460791077,2.6902243978562472,2.490969283450765
Pol130_129,Pol130,6.672992601970184,6.72453918488339,6.873885634152985,6.739993646444127,6.821426975430669,6.871850319535013,6.762699221655518,6.774496044256287,6.762243406064014,6.780533082188128,6.787534653262436,6.79179451396691,6.773007678933902,6.735993256709574,6.871930487261512,6.7641945518806,4.763111661784678,-0.6341349296681174,5.9537616202529,5.693327026755161
Pol130_130,Pol130,2.45799762602131,2.508539814221437,2.601260655593304,2.5004889485387967,2.5621251202065265,2.563592443244332,2.5314879676118767,2.500746493096452,2.497208735605746,2.496291473267827,2.5445062754167487,2.5417773090179474,2.4889462624222114,2.4971183431534323,2.589724193296113,2.5252571041352017,2.524323642413745,0.0,0.0,0.0
Pol130_131,Pol130,2.708997035747341,2.7425271949143712,2.807264127852908,2.7470662352940294,2.781532328110762,2.7880771942599094,2.760232431250042,2.753153952272354,2.7657526015677285,2.7472954768375657,2.759916057414242,2.767448277152347,2.723503857102888,2.721202551194892,2.803930420464385,2.7454742887972383,2.75038617949034,-0.04761776067770615,1.1394836444369933,1.3917207699040928
Pol130_132,Pol130,2.0609979220351287,2.1010637600608075,2.148243937563529,2.076680587679451,2.132115829175232,2.16183453393453,2.097505553034238,2.0888604672514672,2.101348570722437,2.129027367124394,2.1160206178352388,2.113514817368816,2.112402247866973,2.0894757294677118,2.1689865123209606,2.12768955719602,2.0910450570458345,0.0,0.0,0.0
Pol130_133,Pol130,3.2949957403102488,3.3466962870378216,3.4185435585025727,3.3411550745619056,3.395154111569339,3.436814267004728,3.348043580819293,3.365815203831821,3.364818366474001,3.415792512572115,3.3794544047551507,3.389206577093088,3.375172909017381,3.34431644339912,3.432293749622319,3.386038539980234,3.321574143584838,-0.3878112355966678,3.775767025861158,3.9578884283226743
Pol130_134,Pol130,2.63299615179778,2.6781512394575424,2.7524082878236067,2.6181477651079788,2.67836240241796,2.767435088682954,2.582161002753505,2.640266974160776,2.6560499606953942,2.717871659299592,2.707510003940093,2.702583905472184,2.6406860400479086,2.636905852544274,2.740528481876767,2.657978878772086,2.6769610286763514,-0.2724447547412742,2.5819564450636623,2.180843096138242
Pol130_135,Pol130,2.8919960445304347,2.944162631597842,2.993319887189107,2.900316457942234,2.967470132474198,3.0330114110577395,2.9407216385028496,2.9640778920555384,2.9646832259203246,3.024830142932013,2.9712306113989206,2.9497690452953016,2.932229775609658,2.9437506786110608,3.0296234680883245,2.966619997770087,2.894998110517865,-0.09540878950883021,1.2525004890261988,0.19412035171334052
Pol130_136,Pol130,1.9299983481817289,1.967355669250509,1.998478570657156,1.9273378430682693,1.9854999764265815,2.0244674706270622,1.936969245024454,1.9542205921387708,1.9655045480739208,1.99897469248744,1.968595973868335,1.9663622401346272,1.9556505729340723,1.9242822779815028,2.039603631729149,1.989743388712196,1.946858411049897,0.0,0.0,0.0
Pol130_137,Pol130,5.188994137730188,5.196854586381331,5.2812655353463,5.026665685922547,5.138401418626228,5.161889704491445,4.966037465629993,5.040879694657219,5.100259608645457,5.104682620548852,5.171020094545735,5.184883054108044,5.036163277446406,5.022587203039882,5.167173372283356,5.069823690659767,5.201750201796825,-0.5064978831975901,5.20432937687553,5.988144344064381
Pol130_138,Pol130,4.086994657069619,4.138986090087929,4.265038078615971,4.048021383574616,4.13689994817312,4.176507006781776,3.9895255387543385,4.053610163313668,4.09469832651517,4.1133557966048695,4.177655436907034,4.182133573598626,4.059022751718994,4.069623873221495,4.181047973657934,4.081959791134197,4.141165107985409,-0.34514260648055567,4.219952434173131,4.926359513229604
Pol130_139,Pol130,2.9669966828735013,2.99379763410403,3.027652761943181,2.90855714809482,2.9879594598705186,3.0194969815068164,2.924689998388607,2.9274038498215167,2.975014651642855,2.952877660423413,2.975139126598788,2.97019628333766,2.936866025178206,2.9106987109616007,3.0454950689554607,2.976367872869363,3.004274354775775,0.0,0.0,0.0
Pol130_140,Pol130,4.004995263171769,4.059961945169752,4.078930454777978,3.894568889154609,4.015556523124936,4.01584533477722,3.875485981234378,3.911153405798892,3.952366192122447,3.968444214128744,4.00761012744496,4.011266877155506,3.921512986706353,3.897437889889364,4.048589967735032,3.9888308496421976,4.0304576665211975,-0.3213842597457137,3.3977785602049746,3.6741503862641682
Pol130_141,Pol130,3.5199961734941048,3.603099986665153,3.698423689399864,3.498998128630181,3.595312296695081,3.626534926241017,3.4544947564816404,3.510754348575696,3.5429625535486773,3.5759435408661435,3.621297343924687,3.624209910889807,3.5216039757443998,3.529019129759164,3.637283639562418,3.5548272446559745,3.577103501162659,-0.4025835660623293,4.174443902442992,4.13354628318567
Pol130_142,Pol130,2.4009969630591383,2.445997642441379,2.464550049779699,2.363143520138273,2.4426537101585737,2.464634811329801,2.3708129588875746,2.3804722195279826,2.4120295980356623,2.4153178128657875,2.426026220032641,2.4202218317178072,2.3946905256697844,2.373874451335145,2.4866911900716837,2.440384115927801,2.431352118875169,0.0,0.0,0.0
Pol130_143,Pol130,4.43799491791974,4.505542763274538,4.627122246265903,4.478821535280814,4.575902262039271,4.705866618760181,4.591347239620562,4.538669712330878,4.565783925563074,4.627897844103612,4.554252798088557,4.543388796868795,4.54386743307526,4.525934733526431,4.645495054112793,4.542909271834077,4.527008871187787,0.0,0.0,0.0
Pol130_144,Pol130,6.897991553308699,6.963603367772831,7.113359695408704,6.981222953477444,7.061439983663732,7.165581703439123,7.017972717822597,7.035236512449356,7.021773354693631,7.09470607797507,7.02908063063226,7.046176235569664,7.035714111240275,6.975139533906247,7.12748508968451,7.013345952149263,2.0119092091081625,-0.5975266241154331,5.767619821659426,6.1011875578043355
Pol130_145,Pol130,0.2049999665899702,0.2093728921975512,0.222877837913804,0.211211862267645,0.2260030497427168,0.2230177241152241,0.2138791838845503,0.2137638963178583,0.2122814582365083,0.220476952089233,0.2213595391761357,0.2174907373544611,0.2133866184925967,0.2136127480922161,0.224770450787119,0.2253949004136624,0.2104226432929927,0.0,0.0,0.0
Pol130_146,Pol130,0.7619989577912138,0.7916530540509211,0.8164419556838974,0.7607414638129283,0.8098406310408843,0.801796878174363,0.7500309820676877,0.7560766146874368,0.7680022096091493,0.7802019459683142,0.7958075556717762,0.792075380013872,0.7706517491120551,0.7634805067714251,0.8237207800211211,0.8099162051964803,0.7859178265476885,0.0,0.0,0.0
Pol130_147,Pol130,0.9319992192258906,0.9606541071423932,0.975871769718764,0.92878420758133,0.9664888732181992,0.9623844579793452,0.9216617179591492,0.9314743496131402,0.9337978830504472,0.948851653597295,0.9556540646410302,0.95611358484883,0.934519986348449,0.9316840307017692,0.9770250899998644,0.9637095241051558,0.950269124631855,-0.0355709831997514,0.557494565160112,0.3245966767428032
Pol130_148,Pol130,2.31199733176116,2.3349549689382783,2.373911497540224,2.2682070236579337,2.357656246868891,2.3826887638437606,2.311237737819649,2.3003443963386925,2.3095096097693206,2.3559349353024404,2.3376557802363824,2.330907456565302,2.316987594137117,2.299084531434426,2.393423251532925,2.3501462546179805,2.3364714509089257,0.0,0.0,0.0
Pol130_149,Pol130,3.4749954941191965,3.4746693399958373,3.5231525040927134,3.3986211851445263,3.469789623251516,3.510387888315779,3.416416369476266,3.4402789695850537,3.423724534327385,3.470302638083256,3.478924903419533,3.484516943234403,3.456085962063596,3.419023824578479,3.512405124392748,3.4545463247354293,3.4822236808346605,-0.49263034921011484,3.4969754299957505,3.602646124185625
Pol130_150,Pol130,1.58899757970588,1.6100640858420538,1.6400367788351815,1.579354619336093,1.6351585440047651,1.6462116284427026,1.5888375403924218,1.5960164883821184,1.603119565799745,1.6192352267177192,1.6153720558258966,1.6134975214962168,1.6005956868344358,1.5831167282144911,1.6577311976963212,1.6298896946780386,1.3399819860026263,0.0,0.0,0.0
Pol130_151,Pol130,2.29299711077377,2.3370457045082222,2.4394957496054146,2.288208823911878,2.3532658355130933,2.376954022407952,2.2485795375212114,2.279268850992016,2.296559763303927,2.308934061043141,2.384129858403718,2.3741591139148874,2.306976691575627,2.320897591250889,2.388205970375754,2.3262722443280635,2.3404996207802844,-0.07125318797443822,1.5833236108663662,1.795690964737405
Pol130_152,Pol130,2.7699971992901538,2.810032955823662,2.884280223920156,2.77708308735047,2.844604852222376,2.857457193250872,2.769481072525104,2.775628804363237,2.787835801662524,2.806661757689582,2.83885944143604,2.836710024754072,2.812110799340688,2.793865726778248,2.87283711790309,2.826863903387295,2.674574396771879,-0.21176807332027586,2.192934224963957,2.583201719809113
Pol130_153,Pol130,5.624993047452303,5.74801125404512,6.026055823103725,5.850915188490015,6.0043623483400514,5.869322671420773,5.876337430711772,5.831753298088017,5.788969904052958,5.771842735435983,5.981540003569094,5.932262718595146,5.933993217682452,6.024069261456904,5.932717941522167,5.929177516535893,7.014531186941025,-0.5993224858786508,4.704354995933121,3.9767053815809525
Pol130_154,Pol130,3.920995378060928,4.073705171681615,4.068313773811223,3.945712261978568,3.972981476346488,4.162503568300921,3.9474673595058127,4.021975432488479,3.99525153733612,4.026332502466078,3.962818980975445,4.002245106429119,3.9300242618040993,3.875518729990212,4.169423193486817,3.950186842093635,4.06276496978005,-0.053285893995354196,1.0001050769873177,1.0653791297276147
Pol130_155,Pol130,3.435996288383262,3.383874453083435,3.5106673642810877,3.381804018799001,3.483160165641952,3.4745420494624484,3.4190093024034187,3.4005647733939326,3.3942814528773275,3.4052894890867624,3.4689504541459404,3.4431921293831222,3.414883548631977,3.4563529905164634,3.4825697985348207,3.444443399599482,4.591893482031508,0.0,0.0,0.0
Pol130_156,Pol130,1.7379986107855174,1.76700528878631,1.8013984746903169,1.6994165445730645,1.7695248704287243,1.7741689738124602,1.689452764565765,1.7115632307645352,1.7152782170887428,1.7264864506600597,1.7649711596657691,1.761249653358392,1.7262078637335918,1.7129754293510753,1.8007392015768795,1.7667815301473326,1.7481057414521373,-0.08069432876148545,0.5770442433935616,1.1931786921299625
Pol130_157,Pol130,2.7019967983472144,2.737708382026581,2.774429843273384,2.6891426791241124,2.746073250718626,2.751742346518763,2.727845515698119,2.746093996586731,2.780659669250284,2.7005193985485545,2.736964495613397,2.7365888479168583,2.7034713826714976,2.680464694987424,2.775193438139131,2.732693965516279,2.8071272246318117,-0.23607130311028585,0.1985421830710448,0.9494355336687117
Pol130_158,Pol130,1.4769982268398711,1.4965772566017812,1.5053127349210995,1.4382067758183914,1.496764265494271,1.512815910646016,1.4400896084616202,1.4515543495119814,1.4679340752234795,1.47748367937314,1.47999333262198,1.4759209253083567,1.457829668215745,1.440853944326436,1.5250660296773062,1.49658081300984,1.4901777860604697,0.0,0.0,0.0
Pol130_159,Pol130,2.933995987085856,2.982176113756031,3.057652572705696,2.94878139541622,3.0125483119708005,3.019037609338787,2.95638059466413,2.9512218465792133,2.9420229950169783,2.943355025792786,3.0006078989629525,2.998169077879985,2.94905953767586,2.948502512241744,3.0545713717213303,2.985591915451786,2.989807549032557,-0.0197156118574638,1.0994125328569269,1.0263279107903414
Pol130_160,Pol130,2.792996920858184,2.850936481043303,2.923129911313994,2.7979535452215387,2.876308044218576,2.877447286865095,2.8114408573400067,2.8008314373554906,2.795494423274227,2.7888930981679314,2.865313640976896,2.85645027929124,2.8027815457565337,2.8031937979816,2.920921961854589,2.851485949415638,2.8542070913966238,0.0,0.0,0.0
Pol130_161,Pol130,4.20999522976174,4.280408075127316,4.310076396498507,4.2131327408378265,4.276238310205982,4.301189473788456,4.202847697007351,4.229903822213172,4.223299682034818,4.229843955351017,4.244284538133658,4.264885300140523,4.225647813996297,4.194604635691437,4.3159151639019,4.242250409181583,4.234330794759537,-0.18771359783338612,4.195933746710404,3.020382218128682
Pol130_162,Pol130,1.515998914421148,1.5524127446130895,1.566479754277579,1.4938462157088253,1.5494986958182977,1.5532851068886273,1.485382804164339,1.496707066296152,1.5059622277228495,1.5224102665234718,1.538432719327442,1.5362819689819227,1.5089675582193782,1.49894272627366,1.5735029603009478,1.5487925964829112,1.5382350647960588,-0.02668592834639658,1.0611948508345979,0.8862042284945615
Pol130_163,Pol130,1.3449984073799757,1.3861030190087422,1.3949766052517472,1.3125341396452983,1.3808154984765306,1.377286335547382,1.3069585483756392,1.3128755568405646,1.3231068097990937,1.3353803420255914,1.368135940624055,1.3585403992491687,1.3297795593145785,1.3173548788611216,1.408261348760772,1.3846413267889168,1.3671718578762728,0.0,0.0,0.0
Pol130_164,Pol130,2.3509965374970943,2.35722517809403,2.350042080947559,2.310604989937467,2.351204884955405,2.375798182965869,2.300671439693486,2.317467563838665,2.3192207350378764,2.3301096310298166,2.3190747732990027,2.336395174459396,2.344473898910492,2.3032394776378755,2.381754904920859,2.3442852599379767,2.291095131106532,-0.20094250479464967,2.6254605713706307,2.248461292964634
Pol130_165,Pol130,2.0059977502859483,2.047902261952573,2.0655196249126786,1.9722759885237349,2.037825713713296,2.0447391149955627,1.959801518104752,1.977425993796742,1.98668900912286,2.0098120201834746,2.02758201320021,2.0280381252081883,1.988378312806196,1.9804667404604404,2.069705541625816,2.03191729989416,2.0321738147857222,-0.04912082381524361,1.3830998742528644,1.8169738386075625
Pol130_166,Pol130,2.7859966834580567,2.8793102628896405,2.8882537923017955,2.8158887640998147,2.876869960061235,2.901838461354109,2.8081046305378017,2.833149002234279,2.8437723515187905,2.8559706060061663,2.8408780112607936,2.864931028461893,2.857267813447754,2.8173356378544554,2.914390580422842,2.860610263816654,2.8069099549782024,-0.17009353058399387,2.4279905702213833,2.6164790055552927
Pol130_167,Pol130,1.8549977098386623,1.9004493147188517,1.917630126041653,1.808791845674132,1.8899208036283692,1.8879895145146997,1.7998238658196923,1.8089090595635924,1.8248833523978287,1.8403081769439624,1.8786054325588208,1.8708210025803336,1.827358330478568,1.818109837285394,1.9268719508328371,1.8883389336912733,1.8847141607396916,-0.014291069331858343,0.5173875985937813,0.5813707032346362
Pol130_168,Pol130,24.43897076615524,24.04544500788574,24.55829686320982,12.471758689425338,24.231120229453783,24.31708207780404,23.22414704549037,23.785944251014254,22.202903689956763,24.04756404663826,24.98822465207189,23.97778394971905,24.930432684179426,25.66185672672192,23.13794810186561,24.666160385435305,-137.21776500275402,0.0,0.0,0.0
Pol130_169,Pol130,43.91794746544515,37.35938086100012,37.86120778658686,41.83250885016487,35.61218147242876,28.727053818490965,38.12820667993473,38.293817715478376,34.412746214665006,38.28246678026506,38.614503866095255,39.89020970339093,40.38283436942619,39.3086150435,36.93410606637345,35.27664723129986,39.63204423840292,1.3337782596716241,-1.417075963271005,-1.000241928628709
Pol130_170,Pol130,4.297994615453222,4.325005988737538,4.501038842561344,4.274016875966001,4.41774550131489,4.5189762840788354,4.482270678544294,4.374142202086339,4.488666619421574,4.445350501849514,4.475834431491409,4.444220150202085,4.391643388319827,4.39008330156109,4.473871579140396,4.376679714061519,4.360287339330816,-0.20941567278719858,2.510035138729966,3.2475331305785167
Pol130_171,Pol130,4.664994360471247,4.707823099125682,4.929901036920348,4.646181741117276,4.818944014090422,4.895187179752355,4.798800401212263,4.768944477610235,4.855832034757026,4.843261096169279,4.883366795811317,4.881306586231641,4.729568586788917,4.743637374657434,4.873655966896062,4.745654166172867,4.729922827850359,-0.5393562772502852,5.741013053636613,5.149740374188137
Pol130_172,Pol130,3.774995083800776,3.830289550137955,4.086967687577096,3.841418504895263,3.9282324143619,4.010466236126797,3.864105260903514,3.8164259976584662,3.840109442816301,3.959193498191062,3.948829768126827,3.967704921454928,3.813743561317839,3.8476499610364208,3.993481917675931,3.8442749099935742,3.925297779573532,0.0,0.0,0.0
Pol130_173,Pol130,3.975995549810106,4.0761069466858535,4.360742467369186,3.969246633319365,4.164419742532933,4.20689965478511,4.081681352542315,4.05458655117774,4.129929347608501,4.098452877994856,4.191229140402928,4.23986211906321,4.009666336012924,4.024324750284322,4.220507885282985,4.030359417221303,4.126037107349311,-0.2831298160246941,2.813172620160599,1.9423305460685762
Pol130_174,Pol130,3.720995157658092,3.7634137215333903,3.941183742656965,3.5807196764781755,3.800375834462743,3.849182189047761,3.6597650117207023,3.708037753814115,3.785738758892399,3.793648256617651,3.8231165294669456,3.864333464947275,3.7122061847349648,3.661251747131529,3.875497835913869,3.739980856535912,3.7548990870910526,-0.1969019862538841,3.8674632828508035,2.0207799344046156
Pol130_175,Pol130,3.8729954437118734,3.882943960648904,3.989019784904837,3.7626726506134287,3.897624009658781,3.984341302811592,3.8208158163918986,3.8358586212138617,3.863406126133893,3.955501628729821,3.91699424744374,3.930016556155032,3.845823586592242,3.820075041888412,3.9705583628517793,3.8847150621808817,3.901398000087047,-0.10792643681085265,1.0298292912974003,1.1843422410150104
Pol130_176,Pol130,3.149995691656594,3.181681101547959,3.269390341902747,3.071327189711962,3.197293231318824,3.2851918515188463,3.111721997422758,3.1151438746875537,3.102291533616941,3.279750219058216,3.2000361270597373,3.2071294243341435,3.129672775512588,3.130747409728396,3.2702670015854136,3.187878771475624,3.186646265879317,0.0,0.0,0.0
Pol130_177,Pol130,4.373994767837974,4.064761049457558,4.544197291902212,4.211923110271083,4.274456984179825,4.484064008174156,4.307339132165187,4.252970226508495,3.9760726059771168,4.552391896537084,4.506914062620868,4.454145550593432,4.142009647523207,4.343718435449297,4.329388990586983,4.183516135591725,4.325964297913184,0.0,0.0,0.0
Pol130_178,Pol130,3.809995442492621,3.6588687919411087,4.2595792567584665,3.463072566632944,3.9121606160486366,4.404044359351116,4.008228649947586,3.990698418879645,3.936240603021459,4.151404546721968,4.04454867888663,4.195637630447116,3.584465337169339,3.7366212169386,4.14885577252121,3.663403238539272,3.8202260415491343,-0.2803507755102964,3.449613085149251,1.0825307645214457
Pol130_179,Pol130,10.59098733108646,10.542233050564564,10.689602569743275,10.644406284622915,10.64485084194777,9.712014383204618,9.334588364709925,9.403820184861122,9.490463680546176,10.473860703415683,11.127828694791909,10.77516431797523,11.297114703931436,11.186406039991422,10.142194085532612,11.206499859239928,10.805321649202916,0.0,0.0,0.0
Pol130_180,Pol130,18.40097798878619,18.237589272056965,18.3813282832697,18.2998119839511,18.319594595383226,17.053076206818,16.415571535147606,16.52002681385519,16.683296511978533,18.37485260673989,19.04144591832397,18.522266575754763,19.27111711834,19.15462926813989,17.644154662947745,19.188652437923448,18.663171259210767,0.0,0.0,0.0
Pol130_181,Pol130,32.40096124204714,31.439319793362703,33.52479485112538,33.37538037836025,32.36428764557656,28.498849635219948,27.939201113254743,28.202717666863023,28.811415273211963,31.562787152289022,35.7688718098518,33.7223396604004,35.74098345871095,36.19679910075466,29.72950737510056,34.617151958706145,33.25673049891086,-9.417969522418666,-3.671290927100813,-0.8644331495404398
Pol130_182,Pol130,1.0769992678795448,1.0855613702667677,1.162463808915789,1.101162534396981,1.1478000601586529,1.172258213904773,1.098180172470949,1.106191324768815,1.1338016599155285,1.1684143070724424,1.1575019979905856,1.131747822300309,1.1062719371621423,1.1345784432717256,1.16441925205527,1.146728389581131,1.0822721907564292,0.0,0.0,0.0
Pol130_183,Pol130,1.505997940201533,1.521697498870329,1.5462018861739164,1.496021564578517,1.5436682270232698,1.554781770735144,1.5129134160407982,1.5083271047302462,1.5107570347088324,1.5366988120403144,1.5246786753410468,1.5223426943491838,1.513962562525127,1.498209657461356,1.564252837069865,1.5433600032085488,1.512843794515953,0.0,0.0,0.0
Pol130_184,Pol130,2.183997012881905,2.208660254022947,2.256869128558367,2.208514440450194,2.253635742057849,2.277270286120532,2.2323765959763877,2.2247762112310467,2.2283225634938915,2.2547127472264017,2.2358349266554303,2.236142261389195,2.241774162776016,2.208948028386038,2.2796299766819605,2.258242502820033,2.188232377282688,0.033574358703487704,0.11463649305519558,1.3917321356808074
Pol130_185,Pol130,3.4979952156872267,3.549596478781404,3.679799116232119,3.534630137153876,3.609611215145976,3.6389676086757823,3.5093765288671315,3.5366380376281024,3.539144282635004,3.5831662031680924,3.6162772964700554,3.618190358792368,3.5712783952399447,3.569509812826833,3.638663534017836,3.570609638441878,3.5114958714486533,-0.2531155126271794,2.7334399703008385,3.1050391203060546
Pol130_186,Pol130,2.067998159435256,2.0818243692172964,2.122832364523833,2.0485524957533925,2.1171764571930884,2.133886930749326,2.066778600693873,2.067192331968917,2.073847595776348,2.1071446605973727,2.0895009208248325,2.088706058990807,2.0699559734937027,2.0528433270939046,2.1461927672332965,2.107870468427438,2.083840587252348,0.0,0.0,0.0
Pol130_187,Pol130,2.8719970597818905,2.9075625334815074,3.012347966863964,2.8711027661176005,2.93734095655779,2.967899126670672,2.8454130506919144,2.8771362475992666,2.891434425135327,2.9059250943842017,2.9520210056519,2.952221647512143,2.886794174618241,2.8917970326970592,2.97417400079184,2.9023744447563447,2.9161240876024808,-0.09503071707319347,2.2613751670097346,2.5386161133080587
Pol130_188,Pol130,3.1209959782949315,3.154045574959892,3.222520462793133,3.109425137130128,3.170288081786544,3.1971702381504468,3.08064592236441,3.1153880827781624,3.133298851045687,3.15351922349264,3.1643014266110603,3.173336237640718,3.1074717686111493,3.107342551707611,3.2149541604671774,3.140258189553181,3.160722214404615,-0.09005234194328311,2.76745188141853,3.807926442661772
Pol130_189,Pol130,3.720995157658092,3.766665038366674,3.901706493616331,3.732674766305297,3.799373514284597,3.825828306447818,3.7033327466580808,3.7590530952319656,3.77952330679809,3.768787633653612,3.825792149407929,3.8394500215788607,3.7504773598696297,3.7568593714047966,3.839037475801247,3.745485319265341,3.7845660398419327,-0.1832511527226426,2.8878014699702006,4.515216918455813
Pol130_190,Pol130,3.1569959290567207,3.1857527679467466,3.297511765511049,3.134306209545797,3.211705659085,3.2300227493949767,3.108364432256432,3.1294476832100586,3.1501822559861825,3.162005899939864,3.2258157904393765,3.221877490100902,3.136409244462061,3.1424648054753845,3.261568124846462,3.173675135675002,3.215286304265886,-0.032804318997946155,1.5168029424050933,1.8671177994586838
Pol130_191,Pol130,24.319970194492583,19.1813913985934,21.439463555720312,22.5229625268414,21.62341325068545,9.969855466837174,18.223651703173708,15.98055606258091,24.184957454276933,20.212801860135507,25.02100801071055,22.8575566193764,30.82066254668234,23.630375188797945,19.075669966400884,25.677139491377403,24.59145654359041,0.0,0.0,0.0
Pol130_192,Pol130,30.433963594961945,28.72783920369489,27.62693182435046,26.034096280296083,27.781458676869992,27.71939898982505,27.76838879091393,26.25852175947252,31.109979678388388,25.96009292143097,30.110667626268924,28.722993556650746,28.805547153586264,30.850360373879656,27.75582275400093,30.325831568916524,28.891910144440125,0.0,0.0,0.0
Pol130_193,Pol130,55.11493407163845,51.415498966319056,47.866094068647925,53.94946929951211,46.951084209539374,59.21453991003568,48.39926202820042,46.41953147128378,49.286516927793215,52.71869300988841,50.04488091458216,49.3242002640368,48.68328733358126,52.69319046179778,54.46445502704739,48.68293168435204,27.238761706826637,1.6604572015758914,0.7035043384036153,-0.30232814505023015
Pol130_194,Pol130,4.180994998703852,4.2372774922411605,4.560690221141577,4.237099659203241,4.351646305794566,4.448499710683088,4.261194452258973,4.208737109090092,4.214145888472123,4.398294795785983,4.394071547527944,4.415439747032887,4.211493386404892,4.262587399105137,4.4188924640775165,4.243027078970411,4.354812865963258,0.0,0.0,0.0
Pol130_195,Pol130,4.842994206821986,4.983594065655634,5.974178029820124,4.762517578816125,5.367925492969629,5.305006324499032,4.9886916203746505,5.048721187291859,5.609451465133465,4.90050698645297,5.504018172103793,5.663390637974205,5.131378542628358,4.967041879970727,5.367881017863505,4.930662557207691,5.128813878895715,-0.32063768371918683,3.8477642571890134,2.152978339708559
Pol130_196,Pol130,4.457995384513628,4.48494763225412,4.768547491212641,4.344937401302912,4.568129686866626,4.642843736279507,4.4033136613231,4.455120604583393,4.565915513503592,4.562053676359553,4.626143783823443,4.668783142531895,4.500908440118257,4.436290054816966,4.639087110137202,4.497664977100159,4.520081275355317,-0.09704732336775476,2.129069570536188,2.514967152930899
Pol130_197,Pol130,4.094995140076243,4.134976957457233,4.56392761794052,3.906061488889194,4.274646808376019,4.31522254945238,4.035008410592416,4.109255234106315,4.311590546432128,4.171415682620793,4.351662163696897,4.426488685177984,4.143177785953633,4.066321136258426,4.333220450180633,4.121632051006512,4.17082581038345,-0.21260464566890533,3.093681032544369,1.2954548314643988
Pol130_198,Pol130,3.466996492957916,3.4947970971196183,3.631806146478373,3.369590056597016,3.5278701068851905,3.6307285486032224,3.4186693671220576,3.42722317120309,3.4219818842283467,3.626607833069512,3.5448440526125875,3.557098617132893,3.4348976482743563,3.449978091881647,3.609135098268962,3.5081840878867987,3.5171206304114024,0.0,0.0,0.0
Pol130_199,Pol130,5.809993050100296,5.155814134607989,5.577043491376903,5.303139203950535,5.229091395249261,5.636939691938999,5.466601568570483,5.40580144516993,4.736970555619375,5.936213169524172,5.605613474058837,5.531269299423168,5.19835790923782,5.556327298612259,5.3071401777578044,5.164645930424023,5.570660302851864,0.0,0.0,0.0
Pol130_200,Pol130,8.16899022827356,6.825690830471366,8.461025716166047,5.957433194485249,7.348100598787795,8.006410396588443,7.148851668543513,6.776641754510924,6.270191465280596,7.885951180535248,7.91841840389341,7.972431676641049,5.793837463510162,7.438522802252652,6.929553368886912,6.53163344892498,7.837217726208545,-0.42052402101680103,3.4178293863259444,1.7858126833134587
Pol130_201,Pol130,27.51196709024397,26.341505097120848,26.1752420474665,26.61918809232701,26.085708941804786,26.922166186208404,25.452531259946767,25.326441032177343,27.076189198108214,26.00333317790718,27.481133076632517,26.2534538379776,26.73192688481805,28.244105602556164,25.46705334235056,27.443123732807138,26.277306662870803,0.0,0.0,0.0
Pol130_202,Pol130,50.34693977511071,44.46779297336909,43.16394688936619,44.03408647935948,41.51446037868569,45.70900144664705,42.77760017538314,42.21738854635,38.76637820022738,44.84252203153707,44.320808728220406,44.68488331143673,44.35484672303932,46.04757347334942,45.10958018501568,42.00647748518456,6.032753462927015,1.4165295980849932,-0.5875700281854273,-0.7584876632402319
Pol130_203,Pol130,2.2839978640059937,2.3016138932200607,2.314966949902443,2.259218001603149,2.307086348066375,2.3434791360889418,2.2660673872034205,2.289595090310694,2.295424817980303,2.3115474435482755,2.2854013197823693,2.2784461304316506,2.2751616202599383,2.258347565655644,2.3463945186315187,2.305581978697141,2.290098898332186,-1.6165998578084588e-07,-2.2475888954457066e-06,-2.1257495679270543e-07
Pol130_204,Pol130,4.825993893292805,4.830632069239283,4.836838037522613,4.722323696620723,4.818875997375656,4.835053895729479,4.726092177653103,4.726534063944612,4.760838190891389,4.812408038792956,4.781471109073839,4.791845656528371,4.760735054383811,4.716667641292324,4.8458529918493545,4.808674529513618,4.63595984751524,-1.0043188597192465,2.945885495095737,-4.848580735783341
Pol130_205,Pol130,0.3930002034055417,0.4121411997025945,0.4262620003232643,0.4017549456925741,0.4262661494800389,0.4241930478685023,0.3958560157686512,0.3982767583106156,0.4016458818663084,0.4110366321399435,0.4165748809986326,0.4140181050271359,0.4032581296486099,0.3990505779864107,0.4309286276527853,0.4275405365593664,0.4050610819688666,0.0,0.0,0.0
Pol130_206,Pol130,1.3289989232120722,1.3342455448259722,1.401953133135054,1.3398051321961908,1.387992668156906,1.426483600939894,1.337307926417674,1.3878601911986077,1.3852076880153,1.42571541231372,1.3815457518166696,1.3682138856271042,1.3354292429101615,1.351840680067242,1.4195367099658986,1.3845900548884271,1.3377738378582658,0.0,0.0,0.0
Pol130_207,Pol130,1.696997431991249,1.7136361842310095,1.7878058036988118,1.708141798082334,1.7586773180068742,1.7843640697100418,1.699626818368292,1.7359197299590992,1.7297629589346972,1.7693703139808856,1.7502484334854262,1.7606978141175444,1.7228511876903387,1.7160228443325305,1.7791349338733795,1.7451588874652977,1.7149209515726742,-0.07046284020370068,1.4429380364219304,1.5841339478151006
Pol130_208,Pol130,1.5739983411444725,1.5818402666831262,1.6398073892097578,1.5725852534436078,1.6255342548436404,1.6880885777828385,1.5604551638160598,1.6213278886578135,1.6079047408086278,1.6745122071283072,1.6047967183660574,1.606048877705491,1.5590651928851804,1.5538185712772892,1.672554096682782,1.6208848169109908,1.5873951625403402,0.0,0.0,0.0
Pol130_209,Pol130,1.860997701632294,1.8852676610162489,1.935900538190509,1.871194575824835,1.909360391707413,1.931555767643463,1.8484417296825493,1.8822144668822272,1.8954197834742976,1.913101754844056,1.9002061439174365,1.9116774050983751,1.8722591335020051,1.864742324830393,1.9340885376920949,1.8922127737862149,1.882163952258864,-0.11338985212437476,0.7147165400882458,1.1679953555861604
Pol130_210,Pol130,1.9179983645944656,1.932878610961591,2.0307450120753336,1.9176910298981849,1.9829523878706483,1.9915853224732205,1.899889029040451,1.9234128792810756,1.921904953461666,1.9571128579026131,1.983185630341664,1.9848261813065504,1.9288152428552945,1.927541448608915,2.0086157264628413,1.958417326368556,1.954904155567264,-0.047064799229370034,0.5015228310124611,0.593248633717096
Pol130_211,Pol130,3.4329955515637747,3.478120706024882,3.5673712138299787,3.447354484650698,3.512497147304137,3.5309855382023634,3.4543339761933485,3.4503953797332167,3.4460968428699865,3.4506309930095687,3.5006831349063896,3.5016238106922173,3.443512059542748,3.4410886497579143,3.561923209425949,3.476358495513053,3.493030639319388,-0.024907358753557554,1.5102535500357361,1.6930027196771273
Pol130_212,Pol130,3.4279958053766397,3.4730080432470785,3.565990875002549,3.4359457573852583,3.5061907100087986,3.522968755107574,3.4451985481540266,3.438804533646897,3.4341665058322026,3.436984382853647,3.497500131077997,3.4955480964331542,3.4339789041067643,3.432394218676445,3.55742210429021,3.4695110360723485,3.4903595968607752,-0.019681286053816336,1.053816543866931,1.163018791231345
Pol130_213,Pol130,5.001994146521112,5.076347070278673,5.1586766194870215,5.03111952050644,5.095280608470789,5.118945826247637,5.028550444978042,5.0583607281924845,5.056244059845183,5.042317677349596,5.071873823742923,5.098138346979953,5.026623453187267,5.010439183100628,5.140828977736303,5.037006891788298,5.058244287310692,-0.22052576833589904,4.6390227210319654,4.360104358428805
Pol130_214,Pol130,2.0919981266097825,2.123942711239051,2.177091169086129,2.0765473697431416,2.138115969236583,2.153254649373303,2.055339643833581,2.082248769800751,2.0927790590531457,2.103644986432473,2.138325353908737,2.1344451418914554,2.0929131660704114,2.086679042770617,2.171930939003074,2.1257850895616124,2.1231886816377457,-0.04468380320423687,1.3897182835989141,1.6824516371776708
Pol130_215,Pol130,2.4149974378593937,2.4525355441089944,2.4772522798283134,2.3871286688328435,2.456400937745325,2.4642939867990163,2.3832952831217447,2.400380959918276,2.416167799277428,2.4133677042962787,2.436713288582673,2.440223928388225,2.410641405308813,2.3926117929875685,2.4887770356542496,2.4457980379124447,2.436470694230858,-0.11346065706843493,1.8778230935987557,2.236630642555151
Pol130_216,Pol130,2.0609979220351287,2.0940104725665907,2.1411786470973517,2.049002532192329,2.1071680737925806,2.123439921006778,2.027662329261296,2.054821738888115,2.0666203396507963,2.079062654062661,2.104319522425224,2.1022809478156668,2.0630688009419837,2.0566140307444427,2.1397824524734266,2.0961910080928337,2.090834999519234,-0.04096055055771626,1.5500288214644709,1.8828276057408277
Pol130_217,Pol130,2.6519963727851703,2.6857719254883934,2.7528082378384267,2.6214327197780527,2.693044822422697,2.7092430221462647,2.599423463674594,2.625242396045936,2.637877943085452,2.653507855065078,2.698606928974956,2.695867293351977,2.63417896072386,2.632227220726594,2.738202577444598,2.6719522358242105,2.694361280509646,-0.04969506405637723,1.4471766229168923,2.0370561277393686
Pol130_218,Pol130,3.234995822373932,3.29812035936742,3.348713523156907,3.2249028255928174,3.299549747329773,3.314532389336391,3.2088045023010103,3.245778025453608,3.265176418297149,3.265845323303453,3.286640651769987,3.304425611333795,3.252259172421468,3.238135108861053,3.3399035080133035,3.269354036696738,3.274853840448218,-0.1412664512871646,2.7352869106266526,3.437140167454095
Pol130_219,Pol130,2.4789968563763494,2.518344888518831,2.561839123879,2.452247176955073,2.523429692612411,2.537630512961925,2.429553308299169,2.4544284533119187,2.4743420837738226,2.4914064220377656,2.513973148410635,2.5143948815827533,2.459075223938524,2.4558800661081217,2.5649747086524943,2.5087780949933576,2.513741564090344,-0.028200191786993026,1.7403303945362616,2.383672404560733
Pol130_220,Pol130,1.9999977584923163,2.025402811421752,2.07834914551574,2.008761984597131,2.048279243460072,2.0621063423568478,1.9869266970828907,2.009995176293548,2.016833299794577,2.04154069995327,2.0404687330224487,2.0475789233404265,2.004438552624789,2.003230848659852,2.073079703503473,2.025701551425493,2.0327710814095634,-0.017940331233073235,1.622729485488214,2.0187994097372792
Pol130_221,Pol130,2.2419979214505723,2.256550087269116,2.3905880368221384,2.233274742463053,2.3090102279263944,2.3083742199052195,2.213526782318935,2.2101520277557376,2.2221817964110477,2.2657677580555475,2.3211121624743023,2.313569717841916,2.2343127751406096,2.2444219240538343,2.342636410638482,2.270868566090685,2.316606934736291,-0.005333182667890599,0.2587502098159118,0.4074497152848313
Pol130_222,Pol130,2.6639963563724343,2.7059696256970915,2.8433171286760013,2.651851003805335,2.747465889018724,2.7554321414016165,2.5911569895004054,2.628789192933493,2.652944901975342,2.695988656398212,2.7627386762569435,2.759980221178125,2.650418800181292,2.6711673024258764,2.784590856730522,2.7123102937464023,2.738888565103308,-0.07132345900469733,1.3711141376836584,2.1005315643056663
Pol130_223,Pol130,3.7019949366707015,3.7884432748068,4.050328172302938,3.678643869622985,3.816641013485533,3.811261766753223,3.583819252462133,3.646911337028656,3.719825240854257,3.74692596928482,3.9122800528089674,3.907751681653486,3.695069680557364,3.746602482548669,3.8172285651836746,3.7083772445128815,3.7805489112104818,-0.555264486309517,1.8921041225280473,2.9811200842706893
Pol130_224,Pol130,1.4879979648206385,1.506899791262047,1.5596662293428387,1.4736098392571404,1.534395135263807,1.579913867683183,1.4692896673606164,1.4917790414159762,1.510395464520526,1.528815098420899,1.5338418141511712,1.524719277912068,1.5035105145869645,1.4749799535272208,1.584794473508461,1.5402709484089958,1.5083533496756762,0.0,0.0,0.0
Pol130_225,Pol130,2.192997741495025,2.2539023259702398,2.3144786818031133,2.235617539917735,2.292857224618508,2.3263638223620418,2.246399891244392,2.2550369750458548,2.274097358936067,2.277100763020329,2.2876543173860444,2.2822852953795496,2.2693218159464004,2.241669544565116,2.3321605049435754,2.294032920679274,2.2711903651734486,-0.09588942629037216,-0.4869152738740958,2.691420729941946
Pol130_226,Pol130,4.694994319439403,4.908451473915042,4.871678592285754,4.748837614352213,4.842307232545808,4.881005919626108,4.793684478105941,4.780584520913365,4.782153350631423,4.788953687349469,4.798648215653993,4.806730496428917,4.759932042444474,4.719679047442128,4.902749925354379,4.819053522372933,7.750971126707387,-0.432528710882079,2.686484767329586,1.8748276730383149
Pol130_227,Pol130,7.050992084968978,7.105323203608653,6.926515446223995,6.807259496417236,6.92449376491071,7.000770864383684,6.907505593129911,6.907537304554435,6.946032683121254,6.888508335924971,6.830441188589877,6.856825593464635,6.817117621008676,6.727997071148304,6.999866790599389,6.900213876908236,9.806595969012044,-0.579963648298507,5.318715898621118,4.6074039623840175
Pol130_228,Pol130,3.3889965996407043,3.4250401166843325,3.445708006451357,3.339620327263232,3.421608755777023,3.458715940943127,3.3907069453032017,3.366487072413236,3.36890900070533,3.374395088266699,3.3916544372359736,3.390345375157012,3.358399456984108,3.3362283830925814,3.479808527878547,3.4047148297784715,3.5210144872733133,0.0,0.0,0.0
Pol130_229,Pol130,3.516995436674617,3.581712661095696,3.633444178450744,3.5089961392229867,3.600993543464835,3.676250837514891,3.5653853925925927,3.5595949337462205,3.5800764074537037,3.619704212014698,3.5883237658398124,3.577656850493403,3.5709796552362034,3.555547421457476,3.65153276813202,3.59317532756767,3.386052158122953,0.0,0.0,0.0
Pol130_230,Pol130,5.421993572075325,5.44041824441072,5.501695809423137,5.3480192599476775,5.438061665716872,5.498831698507293,5.397332849917052,5.386683123862223,5.367105576025613,5.410845205058054,5.431359427437139,5.430183138543425,5.408735798114158,5.363015534753583,5.487942358101225,5.410251874123113,6.960571808587871,-0.28402957093018655,2.4299946517302446,3.6566511022033428
Pol130_231,Pol130,1.2099978511005929,1.2311666045868983,1.2412241852884505,1.189518748455712,1.2358696853306663,1.2507663802055184,1.1927705098715904,1.2010359467987024,1.2117467250446503,1.219386823195823,1.2229065022297585,1.2182280201786295,1.209586787136159,1.191919041546045,1.256769928382458,1.236941948551612,1.2173967774972214,0.0,0.0,0.0
Pol130_232,Pol130,2.262997151805612,2.282048644603421,2.3145111342267053,2.275868460425927,2.320539873845,2.3472726601438567,2.3116342796767637,2.3033315001702155,2.326031592645513,2.307538162751458,2.312098986330532,2.3008728223843327,2.3241967717216654,2.311232106791086,2.3454087951225877,2.3180162911276976,2.282247681653586,0.01726229567260103,-2.8467595964160712,2.075520849844913
Pol130_233,Pol130,1.7449973663403018,1.7767870981388505,1.7675424577702097,1.696885108124809,1.7584240706036478,1.7824228523502053,1.7019124166880295,1.7138359369892384,1.7282338427067043,1.7408310099197069,1.7386488444819048,1.7362986377735723,1.7179723601533237,1.6911773362501503,1.7906047131404137,1.760169091655431,1.7420266576983872,0.0,0.0,0.0
Pol130_234,Pol130,4.585994221547539,4.705067311310792,4.519376678739424,4.358877120518246,4.420056290928574,4.5693293888713145,4.430281912900655,4.403573428877964,4.4801385994253184,4.496272338800061,4.421120552252444,4.43617758274876,4.334543145395816,4.274728754432897,4.541104087840597,4.436947549600023,4.512105840042277,-0.9065293489181082,1.76326626513833,3.1541535095189603
Pol130_235,Pol130,2.1259975861585803,2.15167277952044,2.162662292774743,2.068189613867216,2.1395757350441413,2.1605156916702306,2.0842061392682654,2.08777442285453,2.096260951093517,2.104012632231937,2.129327144459446,2.121427723336006,2.093438628498824,2.065919871386089,2.1804367311962616,2.1446147501628503,2.1396870112542365,-0.008465308613001234,0.9872529480426564,0.3573679878820227
Pol130_236,Pol130,2.420997429653025,2.4423448938057204,2.4876881755535067,2.410452618338643,2.469258465177673,2.484936092375972,2.437371820528576,2.4372823170729845,2.461340965681696,2.4175079800321977,2.5777645156602,2.567293203683604,2.42446050247698,2.4323528105316026,2.56732269236362,2.5655304008442243,2.542513254097696,0.0,0.0,0.0
Pol130_237,Pol130,4.170994542180463,4.219620852539917,4.265271321150162,4.16363836562689,4.249787963573893,4.2616242034167175,4.3015240748367765,4.265271617313937,4.3255861315189605,4.169930873453768,4.216844467086217,4.206199482852644,4.169620871519251,4.152627068920472,4.275916305383735,4.22267271309462,4.355857965592,-0.3107338915669384,0.775695298521648,-0.5954512011237169
Pol130_238,Pol130,4.20999522976174,4.278079799616053,4.388959173501414,4.222082345819023,4.31876653101518,4.32761077649159,4.256793387472732,4.2325569179556695,4.211225457920779,4.191208394619056,4.306264497823049,4.296709262855408,4.221123591913358,4.227757220771727,4.381939968384466,4.278241320734947,4.288896814233935,0.0,0.0,0.0
Pol130_239,Pol130,7.732990658229989,7.854084985000865,8.160796148464513,7.853214845385602,7.904629840654497,7.9342148827264225,7.786338572409025,7.828444318794335,7.760186076910303,7.771259314299166,8.007470500163766,8.024209721527301,7.84367442871468,7.899438047565738,7.934819179133552,7.767530250508841,7.753908701401349,-0.4747167805796693,6.748965286888721,4.998837977212557
Pol130_240,Pol130,4.624994909128816,4.689959898100235,4.762578469953448,4.622676117583775,4.711058708518116,4.728657399851571,4.652991561519953,4.635794301483475,4.625133017123511,4.618812650359712,4.683668723515742,4.685809101137792,4.6227897750651765,4.611635629034981,4.767415064965768,4.674571527221047,4.6907579398622286,-0.05827537790024332,2.203274728294239,1.0578365197522668
Pol130_241,Pol130,1.093998997653944,1.116170663987669,1.1794620568351166,1.1094327132927575,1.168322432685165,1.1659455527058062,1.0738832434483072,1.086636745460586,1.08840117863269,1.1237636395004178,1.156724621864615,1.1478021347370395,1.1273550399496493,1.075568544793259,1.1914475184084004,1.1748256591004471,1.1386222436369466,0.0,0.0,0.0
Pol130_242,Pol130,2.0329969724346197,2.1019306395581365,2.09729320457639,2.0299661541618077,2.079913085141129,2.081340694941569,2.006352948589596,2.0298514593490955,2.0390337139473,2.0438246681508656,2.0563272936705466,2.0685566669179645,2.0310012231379035,1.993403543842869,2.1026837133658263,2.079371618750101,2.000859881300495,-0.1392658261520065,0.2773224929640069,0.4039826008009041
Pol130_243,Pol130,1.4529982596653446,1.4976800459182862,1.4919882780062432,1.417354248153739,1.4842441540980698,1.48691325397165,1.4106266703507635,1.417126636690228,1.4215926221595052,1.444954803241464,1.467642448077973,1.4575827927980338,1.4345649927391513,1.4174698320474073,1.5103071464781326,1.4925089984449325,1.4672938690428925,0.0,0.0,0.0
Pol130_244,Pol130,2.9529962080732464,3.073643017584435,3.046698030951734,2.9594333442155567,3.032140975110235,3.0371309410097864,2.920776148366069,2.953300579008729,2.9381487104026167,2.9900337468952527,2.9987630014794093,3.0133316157945083,2.993115096129972,2.960797234666243,3.0603141151805637,3.0214290115353224,2.9094389542548216,-0.493940360657249,3.4300395639623518,2.7239281018832227
Pol130_245,Pol130,1.980997537504926,2.0270067608062714,2.02479510660422,1.964902326076715,2.019882048439583,2.0301873934713366,1.965265378221043,1.9711099243558368,1.9834809620192333,1.9869283270576248,1.9963405642826677,1.997961110294285,1.9855762914127804,1.9577367148067644,2.0477571894631224,2.0216380351320176,1.9849913004025663,-0.08028128323839175,1.536534213835475,1.020392779067538
Pol130_246,Pol130,1.257997785449646,1.280086172112841,1.3173865903698787,1.2567926006207135,1.2998616946089414,1.3032533422367691,1.2455794769356698,1.2599849400939651,1.2681087126050978,1.2854926849070092,1.2903701787804729,1.2941273976714942,1.2665579614280436,1.2602021783286073,1.3154298136089633,1.2927740283630984,1.2742770464832238,-0.04748755975487517,0.3173289756157138,0.6290883234251766
Pol130_247,Pol130,3.7049956734901888,3.842153203829709,4.007719784104174,3.847375226850253,3.908801865511241,4.072318460952904,3.832643905918829,3.871913400156752,3.791914793955234,4.031723900336471,3.927698357287698,3.914260835387456,3.83590100190468,3.836883465422026,4.093636880684522,3.8666635185362175,3.771098693087151,0.0,0.0,0.0
Pol130_248,Pol130,5.9229936277662345,5.976082515522552,6.106717555327447,5.961649638052045,6.065399261585686,6.2540393594559465,6.116663405044097,6.041702480297737,6.050661124170384,6.160485720711317,6.01143252900419,6.005219151151334,5.9791606045972205,5.970488253047408,6.160988066360998,6.015075793576169,6.300069906258246,0.0,0.0,0.0
Pol130_249,Pol130,10.154988333489513,10.23047886998077,10.421418198759474,10.308458017613509,10.328942454643403,10.450921739525583,10.340750687635886,10.30658822518932,10.287719592012854,10.271211538436658,10.286313913493716,10.294569273524202,10.27215725203905,10.196646562419646,10.428119992456612,10.241339610703545,11.075863075808716,-0.580112859474819,5.097977149791674,4.951995475619259
Pol130_250,Pol130,7.387991871018842,7.44053751411465,7.584450184780918,7.378242514000312,7.510392889067791,7.63754944524272,7.589778307884151,7.485278870787105,7.53173442574661,7.534106563483546,7.51009889109589,7.494724152847523,7.441496860684797,7.4272112790378815,7.583832551569812,7.434677111930662,7.480257557855658,-0.566546606259931,4.607164156634694,5.2364487765891115
Pol130_251,Pol130,10.697986849890496,10.796689308065057,11.05189686230634,10.925336008061215,10.845038365397365,10.97244238948602,10.92617384325054,10.939865501634964,10.874176186692043,10.86989039329445,10.921091706568294,10.927475496181142,10.79803274906411,10.776476345061278,10.970315645168656,10.683746612374447,10.836131923843585,-1.0857858065243677,7.500740916273834,6.402595806422388
Pol130_252,Pol130,7.411991838193369,7.461164801142187,7.634132458218001,7.391579270472071,7.540845255682925,7.684212755215519,7.618525663017108,7.508251622954417,7.54157091522052,7.549033339702896,7.549798861402075,7.528468438782728,7.466689416948889,7.457674462874847,7.620562459464751,7.453441126854111,7.51602599987426,-0.28676152464295535,4.22162308869246,4.592136655242303
Pol130_253,Pol130,3.905994657654176,4.0201068255617205,4.152724574525837,4.015697150125372,4.064379029838691,4.266647659071172,3.992118916221969,4.097812424505723,4.0040691098784364,4.16997681084746,4.070087987210781,4.065227534504893,3.991567077191704,3.996013798538315,4.231492656463332,4.02711595403474,3.9926486834700263,0.0,0.0,0.0
Pol130_254,Pol130,4.36399452518317,4.4428998259817645,4.562187190543872,4.410702586565201,4.499073767613229,4.61634834150315,4.488451899989924,4.46448319975633,4.498208221568868,4.524385167762574,4.488115224784378,4.498825854779973,4.444618025680634,4.4134702292912245,4.5751094745730505,4.436702896842587,4.429451941887198,-0.057123511077122,1.0884623849561739,2.0782638313540835
Pol130_255,Pol130,4.0809946652759885,4.173621557586044,4.282906762567039,4.151731441868545,4.202977210201015,4.452619249732335,4.170750334191014,4.27410608298406,4.180102259971308,4.333726055906132,4.204468243018968,4.20681578248443,4.134293085819623,4.131301240040494,4.365177334078424,4.173650305351224,4.168527487592657,0.0,0.0,0.0
Pol130_256,Pol130,4.410994213925727,4.470322559487272,4.563630804306927,4.44860463419708,4.520682184410328,4.611354522779065,4.5459266053868,4.508383460742476,4.528499214978529,4.54953934436862,4.510705512602811,4.512160684671,4.470676424152862,4.452433423136416,4.5795944278327525,4.474139200489386,4.474603209102996,-0.23310028746242903,2.161533887381282,2.3912948821963966
Pol130_257,Pol130,4.495994344643065,4.552660110508463,4.696773422866508,4.518676655141546,4.625054034725978,4.733917951117446,4.645735261128515,4.5959246599952,4.594090283569713,4.632110582422362,4.62946133933593,4.622949814522865,4.565190890960375,4.553740820377544,4.6843554107308085,4.555531334240425,4.572676250614802,-0.12686082663844597,1.9883289131027884,1.7232830614255192
Pol130_258,Pol130,4.871994818274208,4.9340487219730935,5.064952272144762,4.879292165753187,4.990554893152619,5.06102049200004,4.971777541930589,4.934430741739381,4.95435400434685,4.984866829983221,5.005389943340337,4.987760873656278,4.930443244057747,4.929261768928647,5.044995964870381,4.939108038377312,4.956575754229523,-0.28190616345092606,3.1165666776572465,3.593524377073046
Pol130_259,Pol130,4.948994465984925,5.02160325786133,5.103327621160431,4.906816701934254,5.01784292706061,5.057019509601005,4.936384703133423,4.946191703590385,4.978035819256195,4.96920535466096,5.048367014838342,5.0259720340574825,4.964399730158329,4.953674726280145,5.072997951592016,4.988850474840324,5.02576737663425,-0.24347064875812455,3.470780870989805,2.9627328463347498
Pol130_260,Pol130,4.853994842893312,4.9158112068936,5.044266303920968,4.860906614272198,4.971600609513562,5.041045216766768,4.95333004926176,4.9154367445260245,4.936471094510851,4.966141639300415,4.985461939080077,4.967865025403136,4.911182218475757,4.909999557512293,5.02588801350645,4.921414212433354,4.937828481151131,-0.2802786596666992,3.081603571911963,3.5653821120608353
Pol130_261,Pol130,4.404994222132095,4.447085446446894,4.545896375791949,4.428970479826833,4.510858142575208,4.567995728015479,4.550968732330973,4.486481490387603,4.514362410479476,4.517773914768104,4.508445401930318,4.495703606473527,4.460381748261051,4.456477085801486,4.548490790506655,4.467175416408644,4.465695515170658,-0.2103974453218557,2.7260960376744374,3.034187265925532
Pol130_262,Pol130,4.615994180515698,4.655808845708449,4.838031219459897,4.616407170949761,4.751919704670235,4.858259593930275,4.783927860531688,4.704310236680914,4.689458441615744,4.739079959362416,4.776085786604021,4.745662612673595,4.692892173686382,4.698705601061135,4.7929564479104165,4.672738039623817,4.71125840780935,-0.0035509109177454695,1.9067905980695936,1.675171800754504
Pol130_263,Pol130,4.091994403256756,4.146008406946108,4.215777242103002,4.064824472622493,4.160923032027375,4.20972997961381,4.096125343566896,4.097186492981068,4.1421075971426085,4.169968512533911,4.173497082545878,4.164313494368356,4.085516071832733,4.093518036462336,4.205983133530491,4.126113744190397,4.143051191775741,-0.26846196887434615,2.9954474516679275,3.348444695967084
Pol130_264,Pol130,4.91799426141027,4.970253612022215,5.027864054432151,4.800681307527459,4.928174390657577,4.945155004702729,4.798840855532931,4.817419787976156,4.870505860221265,4.917292014817271,4.957412088384017,4.956579884181139,4.82248814360876,4.8324923778524935,4.950489944289838,4.873164142536082,4.9672004414734765,-0.5595465703854382,4.02900956975611,4.685413892709054
Pol130_265,Pol130,9.372988909104407,9.349803660713684,9.505213820849212,9.265946180690534,9.378556794914973,9.538682927847187,9.3684574262292,9.378777145480475,9.392950995889793,9.35609542728879,9.368740754892697,9.371380069417084,9.287682036692546,9.274249256445096,9.48629421246249,9.277662390982211,8.038378207969272,-0.7741533269359029,2.366624591868605,6.259102823938771
Pol130_266,Pol130,4.656993877464623,4.71410182600821,4.773762105000594,4.633996527059521,4.7122409245620505,4.832505121655058,4.689367455993549,4.688567852548851,4.677814693738435,4.7049644710512215,4.689637744690701,4.686612409493604,4.616572692975076,4.622450877115126,4.802898444465602,4.659784785253416,4.727182688555228,0.0,0.0,0.0
Pol130_267,Pol130,8.685989107810919,8.773964487494915,8.808028852008565,8.748243208810827,8.821203049608954,8.94012113854427,8.696784943643808,8.743513603046386,8.7483294524433,8.818720958627864,8.758571374289073,8.717355328142396,8.731455382894962,8.708647115842822,8.884600839292498,8.759382536881237,8.751257021586115,-0.5279506020313438,1.7683593280234593,4.196505902607529
Pol130_268,Pol130,5.654993006420461,5.722822402523674,5.847123442597015,5.688226351930682,5.757128011131656,5.823830019523706,5.771865259381768,5.7144659802270645,5.726828719408446,5.687358286809573,5.748275763505472,5.746421975043898,5.666201980861331,5.670409532776231,5.830067995479568,5.677937603526026,5.751808819101437,-0.1642685027831728,1.7607538235966824,1.9673348643608601
Pol130_269,Pol130,8.286990394457089,8.369525031136027,8.55473465625337,8.419191448523915,8.411168441272798,8.457573021358979,8.41155727769143,8.40963473138967,8.41475598898173,8.32765311969669,8.432046160547271,8.446368492109142,8.325598689543337,8.322137395204951,8.481798821567631,8.290705084317686,8.384959530449704,-0.5327554700343585,7.1757048459066635,4.846844982808489
Pol130_270,Pol130,5.625993293058799,5.691952600312017,5.817977915316335,5.65196944925576,5.727771024937368,5.7941190202450095,5.740188740403895,5.682038610270243,5.695492728460649,5.6530743133191175,5.718333448189084,5.7152334278331125,5.634920225957709,5.639410069120555,5.800387670546783,5.648320404941583,5.722042999200465,-0.09676474280222985,1.9132391614119553,1.9645935833027597
Pol130_271,Pol130,7.195990651777288,7.260929115532817,7.450358147539366,7.221406966808849,7.302298829235897,7.352101576638258,7.290119246290938,7.295044307343304,7.33060281641614,7.187883475853279,7.313846998088575,7.343672395763511,7.191972331796345,7.172442054595813,7.367319980171581,7.204363522579133,7.261041838026192,-0.3514138794363175,2.6999308847883006,2.825949086486646
Pol130_272,Pol130,5.581992859290387,5.653528350580243,5.769249506555637,5.557303537299415,5.677248841816807,5.709935386411311,5.64924789183685,5.605592135105089,5.594921070601906,5.529985422383856,5.6662499924122445,5.656837014777766,5.562144429550395,5.575385903835161,5.762150281625613,5.616280686411358,5.667966102791926,0.0,0.0,0.0
Pol130_273,Pol130,10.068987957165676,10.15763757690412,10.366501603250342,10.101216907431434,10.165480094740518,10.1817000776635,10.15981588875929,10.13165727115884,10.139397245573306,10.013777067114008,10.206147265179338,10.23416599778922,10.027280234270872,10.046348027646374,10.229009768275652,10.01944216192349,10.129128546681258,-0.7513619989341908,9.152686595183571,5.766947767617482
Pol130_274,Pol130,7.037991855775217,7.109310257381559,7.229040544976852,7.026118865860698,7.138414588247471,7.179466594366967,7.126868048800953,7.081408738913836,7.099213555180559,7.0113442753680815,7.115293651091378,7.117457887249329,7.020276838971118,7.019469811889958,7.210186730097105,7.061348553627409,7.12021927583202,-0.1874589510634067,3.5433646858732346,2.6388478651982448
Pol130_275,Pol130,3.603996058604947,3.6781265574262334,3.706882507204981,3.55932345988857,3.655495370704542,3.6735242421109504,3.546033085393099,3.574992492272613,3.5855857602126258,3.592253916241441,3.647709459064849,3.6481205227600912,3.588957847596129,3.5675002824410478,3.7001387771890353,3.6411231010110248,3.637307977384974,-0.25428498701614166,1.1917923707804043,1.8225240780126635
Pol130_276,Pol130,3.172996895069968,3.2615804242770143,3.390721763936853,3.2085268047081983,3.3055123966876847,3.321911978849399,3.21827912504379,3.234778583805732,3.2142162014569133,3.1886851916568992,3.3271894232430816,3.296335328493332,3.234127164675948,3.258225230021316,3.372626950436182,3.280902502050123,3.275443881573038,0.0,0.0,0.0
Pol130_277,Pol130,3.81499601698855,3.890268722211354,3.8961646883074663,3.744834789300747,3.85733737686176,3.861837148081249,3.731078225900671,3.7678682968215376,3.7880658488641146,3.793642329046264,3.848683103431784,3.838890773021187,3.7908306758442154,3.771805560039284,3.894926754726618,3.8516980661581126,3.844537594963778,-0.6520772216228564,3.0591753045025327,2.4255621791931268
Pol130_278,Pol130,3.444995535151038,3.517636631266388,3.558784660824645,3.3971974283370856,3.512664891905494,3.522138921731092,3.413771868084741,3.4323288692466645,3.451406294515036,3.428197336406889,3.5076993763639943,3.491114859298545,3.4444699246201558,3.4371952494397062,3.5563867389818724,3.5021337134036763,3.4982057589604123,-0.18677596892529358,1.8028455990180856,1.3737412913979186
Pol130_279,Pol130,3.448996517577021,3.501478441280892,3.590771181737036,3.5076266176173885,3.547955631526392,3.583309497495631,3.534516924297186,3.524982583026839,3.541827904641528,3.522709432388007,3.530510458825125,3.540108371194873,3.4808573779042846,3.4788070967392413,3.586270521015425,3.496706306701632,3.505515786796232,-0.12959224802231553,0.4069744130351793,2.4538349293704047
Pol130_280,Pol130,3.633996017573105,3.713729669976512,3.876544759569457,3.7029815493195937,3.78053185079563,3.827725068348925,3.782544493048997,3.714252761241597,3.703202937132176,3.705553736420758,3.785516482209442,3.7732877015422734,3.704824372140517,3.721311976265083,3.8271412213934295,3.706305032150768,3.75999402544404,0.0,0.0,0.0
Pol130_281,Pol130,3.569995117210806,3.617347781571204,3.699978441567572,3.633760107703949,3.664869524435313,3.691691665939407,3.665636675709118,3.643726999536713,3.663488296442693,3.642986373283579,3.647252606057802,3.652258575919969,3.6019078421434094,3.603288329221194,3.696888794019304,3.616883667666151,3.6314155438589375,-0.14317461414157068,2.072891787215466,2.17283436970703
Pol130_282,Pol130,3.557995133623543,3.603988353071773,3.705494017977424,3.6114212892110658,3.6585338946237327,3.691410115437829,3.650133016931569,3.6198584720671207,3.624523173152841,3.6294829094575407,3.646502347743336,3.644731246085009,3.591955472443591,3.5945334387815557,3.691903866273251,3.604218187279791,3.623598917946816,-0.0214375942147286,1.6558308686026875,1.2618223178593226
Pol130_283,Pol130,5.012993884501879,5.064946196744185,5.184163321973369,5.034771972894092,5.122097711484455,5.255986883952788,5.1821915784548,5.093096812700263,5.169087323686628,5.135916808568389,5.145982983831498,5.134340125119378,5.10168055012814,5.044460870380637,5.214555673475996,5.077364653462482,5.0553469627562295,-0.24938875992309897,3.023579648393205,3.272751117186973
Pol130_284,Pol130,4.981993679927225,5.097031704923149,5.252129640379653,5.050571704306161,5.109960657185851,5.481583019014893,5.079475097653453,5.120893119408155,5.071006944119245,5.294689720695262,5.174291564582643,5.1607769868656,5.09973473896576,5.0317001074703525,5.343687381411433,5.070854313978382,5.045244778324537,-0.019607441713816374,0.6848074547813876,0.5862596406708078
Pol130_285,Pol130,5.657993743239947,5.711265194105678,5.852358209420123,5.692442201822197,5.790891561189528,5.868907754564065,5.847462488460486,5.737625444617694,5.815338156377815,5.767903101223374,5.805297172387594,5.793689284923116,5.700433497311857,5.702113317352678,5.862328953740486,5.735251232049671,5.713847660684209,-0.30927341028380506,3.2651970219234068,3.943221511063942
Pol130_286,Pol130,7.163991683441482,7.1977327091297525,7.387414692291521,7.196673485959379,7.271323816443674,7.328140137808069,7.275813955433362,7.221928279743555,7.243004714466005,7.210694410064057,7.344376420857443,7.336560279454432,7.179072423631063,7.182864465519371,7.339584132821859,7.194273341372099,7.204878877197348,-0.5541598655087473,6.2669417519133495,5.002953534564486
Pol130_287,Pol130,4.230994460116778,4.283280187687534,4.397679833608247,4.257695831345469,4.356456970640764,4.4260053073187295,4.376922143884924,4.288416856240796,4.380820879025802,4.36101157056891,4.380036390041598,4.362099245003754,4.283377396623727,4.2826326210453525,4.412219403657458,4.323584306318961,4.267124325737991,-0.32081061235691766,3.2648923346519956,3.9032772043088007
Pol130_288,Pol130,3.878995435505506,3.939659812917058,3.993041216713386,3.862605485189418,3.9649260169244793,3.9830669159007295,3.872535478856873,3.873638712840206,3.914013811887857,3.930488968373634,3.981845578778514,3.958971665964351,3.8923434537344495,3.881870808178536,4.013973319440056,3.96178168925484,3.908549953287763,-0.2573437431259992,2.647622071473402,2.9877250044678094
Pol130_289,Pol130,4.588994958367026,4.613234391847182,4.744345993027452,4.619387606337176,4.702284702037696,4.783633862222854,4.772587594437259,4.674756164781742,4.75117878208486,4.709735716970693,4.739335577676271,4.716047192587995,4.6428241759088325,4.645854549596363,4.758379957603868,4.657695383010091,4.611252333136387,-0.285396565491653,3.36713231247025,3.9219041731569813
Pol130_290,Pol130,4.019994501733176,4.102116888687639,4.113374171478113,4.018546442576032,4.066024767291663,4.098398938788321,3.9338340859854033,3.976407502768059,4.035158521403831,4.120446722968647,4.097263252634095,4.053143085833505,4.083261295814445,4.065432325521911,4.101169396754868,4.103033558361077,4.136859040341144,0.0,0.0,0.0
Pol130_291,Pol130,5.074994293651186,5.134318934584444,5.0909042743705255,4.87801629692842,4.962928554127524,5.01853598617696,4.842776384435893,4.839970510470643,4.865497519027304,4.965445764943543,5.009058399522137,4.994484302470944,4.911986564078645,4.903896873818431,5.001395925507065,4.929927858441729,5.192778458152297,-0.3592780558874744,1.8054164436965694,2.8080444418935464
Pol130_292,Pol130,2.8919960445304347,2.934653333813312,2.939858167205343,2.8372981692009294,2.9208988452443214,2.951450643371688,2.8622755613033672,2.871009558045713,2.894303277619728,2.897949506187984,2.9035345815213227,2.8930330399498745,2.8800301432746696,2.858331630189031,2.9652466235084223,2.9214361621416427,2.924295196156737,0.0,0.0,0.0
Pol130_293,Pol130,5.01699338508252,5.054538900449588,5.003066706151039,4.842820247166964,4.962040632387732,4.982467870387975,4.83620025127635,4.878158701838069,4.894538724050276,4.951602513665332,4.931709332739292,4.94763235403103,4.892621364489299,4.840949266381417,4.997815046537057,4.946506744015332,5.039557851797338,-0.8742818526846169,4.120149721446544,3.7439467609135697
Pol130_294,Pol130,3.381996362240577,3.4428056641278197,3.435649240168141,3.2831452745068166,3.3836761820495864,3.402835553037903,3.3050087174586875,3.3128942093663656,3.323744132530378,3.3277600816449517,3.3851331322796887,3.373625714079918,3.328412686103699,3.311073612474323,3.43151978182252,3.375115561737375,3.4312630270349307,-0.13640506875594677,1.1305995577110106,0.22423884502121907
Pol130_295,Pol130,2.9419964700924788,2.99229533922895,3.0610903056827534,2.944028080040098,3.0049728226715056,3.0798673607410083,2.9246819964915325,2.9667755915702947,2.9503694889200114,3.003723626949298,3.011375876407019,2.99916902718962,2.948053957548246,2.948617651552817,3.085902916843179,2.987051977760052,2.982547242006844,0.0,0.0,0.0
Pol130_296,Pol130,4.350994295989411,4.391230990729392,4.417055257586474,4.300026373616834,4.392088386542092,4.4518486900481244,4.329667874308978,4.347523962455132,4.351759817215684,4.3947325913065605,4.378773117105974,4.3714009363201605,4.354036079932679,4.332774414816583,4.4376693565657845,4.370595256969487,4.296408407967716,-0.1380892823084699,0.2536464074874564,2.558596652500223
