Reaction,Dataset,Reference,wB97M2,B3LYP,BMK,CAMB3LYP,CF22D,M052X,M062X,M08HX,MN15,PBE0,PW6B95,SOGGA11X,r2SCAN0,wB97M-V,wB97X-V,revDSD-PBEP86-D4,mace-polar-1-s,mace-polar-1-m,mace-polar-1-l
AE11_1,AE11,-425190.8871266355,-425134.6900309351,-425197.1013944983,-425060.82895079337,-425202.4269086448,-425230.29397487023,-425181.93933701696,-425187.0605058408,-425185.1517533583,-425257.2299949352,-425069.7566173127,-425473.8498002671,-425193.2532944934,-425152.9137847633,-425164.2323875041,-425121.9539341165,-425101.9688539638,-425162.5238997832,-425164.5542079234,-425162.53831564484
AE11_2,AE11,-1116632.606472724,-1116567.318987634,-1116654.301147806,-1116096.8818064237,-1116689.1820319386,-1116754.601976372,-1116574.8445191858,-1116610.3875924172,-1116600.434770761,-1116961.2105155722,-1116458.4257102432,-1117185.535485326,-1116620.6413665505,-1116576.7878982057,-1116553.4070830783,-1116506.1477251735,-1116468.3535772471,-1116525.2943630782,-1116523.3540949407,-1116520.442682167
AE11_3,AE11,-1728100.7144821745,-1728023.7813549172,-1728067.3416739907,-1727178.4086014964,-1728134.0494815945,-1728176.5556913656,-1728035.9909910534,-1728094.9037631445,-1728108.138917871,-1728462.2568676092,-1727854.4627335067,-1728789.140917155,-1728048.0229112983,-1728039.3741163271,-1727951.8351884594,-1727894.2055689509,-1727861.5065599207,-1727922.6779111212,-1727916.9529795402,-1727917.312681075
AE11_4,AE11,-1966290.4989744185,-1966027.206899068,-1966246.2081661068,-1965229.200725343,-1966318.59723396,-1966349.601374664,-1966222.702083648,-1966299.5647791792,-1966313.081127992,-1966675.1885290444,-1966020.962141712,-1967029.799654417,-1966221.765108025,-1966213.6948188697,-1966121.3817306503,-1966052.554993984,-1966033.013510496,-19225.883702630803,-19232.099897065877,-19229.873987785013
AE11_5,AE11,-3100187.2201435994,-3099883.267313892,-3100095.2179461634,-3098455.2158888383,-3100199.4565710644,-3100227.0428737374,-3100104.1540446533,-3100249.481784971,-3100278.368996925,-3100748.0996398674,-3099847.4700946794,-3101154.976540128,-3100036.070243562,-3100074.525230456,-3099933.517556899,-3099856.761771287,-3099827.0475561065,-80202.79872513936,-80188.94825283253,-80186.2941694368
AE11_6,AE11,-3431084.901673144,-3430771.22947758,-3430974.259435484,-3429160.717632104,-3431086.7193716792,-3431119.4715905003,-3430997.29552188,-3431158.2668894627,-3431177.6739609987,-3431687.9984057355,-3430717.838707912,-3432104.9109213143,-3430914.3372458164,-3430960.203549318,-3430795.1578805665,-3430718.3859126144,-3430693.280624764,-105242.74847564386,-105241.98615404357,-105239.53119128659
AE11_7,AE11,-4540116.408075404,-4539797.133551436,-4539946.282652827,-4537533.7078081565,-4540101.005380526,-4540174.405964849,-4540026.19398504,-4540210.75685004,-4540256.825428962,-4540859.629474568,-4539673.842416176,-4541296.639562566,-4539860.6715064775,-4539946.504233198,-4539737.962121948,-4539668.725429891,-4539640.610981973,-206694.7905532337,-206673.14524625483,-206673.34885939697
AE11_8,AE11,-4948957.679555076,-4948450.172283625,-4948778.032532905,-4946152.551591589,-4948940.1420415295,-4949038.386692357,-4948873.574918851,-4949077.100344304,-4949123.477315079,-4949784.144664284,-4948493.492004084,-4950199.360629874,-4948675.4485904975,-4948758.617372961,-4948549.307587515,-4948478.8076206185,-4948459.405823927,-15944.37685340226,-15951.666040286773,-15950.39136080211
AE11_9,AE11,-8406207.024868235,-8405527.121798119,-8406042.747265996,-8401229.4437573,-8406273.95012952,-8406291.106807943,-8406163.595570505,-8406539.844747515,-8406564.073767513,-8407563.161244022,-8405701.750076761,-8408022.501905687,-8405766.173466623,-8405922.006119652,-8405668.779655827,-8405665.276031854,-8405435.937216222,-727024.3790178751,-727016.8965537118,-727024.5388617401
AE11_10,AE11,-11555060.522016732,-11554145.406190185,-11554673.810169188,-11548194.345821856,-11554960.003202043,-11554711.788985455,-11555078.309558166,-11555558.007585188,-11555632.75958188,-11556245.334498068,-11554340.150305852,-11557108.56129876,-11554423.181315536,-11554638.112952774,-11554248.91823542,-11554233.686224502,-11554018.763443427,-96277.79000627212,-96274.64936887987,-96273.05752173797
AE11_11,AE11,-13725071.127116976,-13724061.194957858,-13724558.909823546,-13716975.779040022,-13724894.168144654,-13724501.190783748,-13725092.167452917,-13725623.023049816,-13725726.642349783,-13726178.006881343,-13724224.119710036,-13727263.404950358,-13724292.540751224,-13724544.25441709,-13724117.639694711,-13724101.928915652,-13723829.410048047,,,
AE18_1,AE18,-313.75473703,-313.46317102797275,-315.28439284130326,-313.0735527800649,-313.1833789234564,-311.08996157255154,-313.5895450354518,-312.99342113799736,-315.68386568624453,-313.43502936159337,-314.5650869515623,-314.7593663947692,-316.7612946841336,-313.8106463043613,-310.40030694873184,-314.2493463980507,-313.1612656433303,-234.36802674174783,-312.87627485576394,-311.066196299616
AE18_2,AE18,-1822.111810017503,-1823.407217357902,-1829.2938787139835,-1824.3738046510668,-1820.6441693359968,-1822.850589471504,-1825.114590127354,-1822.8251330436656,-1828.3157895486647,-1833.1318838484567,-1816.719721320169,-1830.6830470767245,-1824.5451575963823,-1821.935308356953,-1819.0062447343148,-1821.955492387439,-1819.691107365093,-1829.2957564406017,-1817.613582073099,-1817.8388146768118
AE18_3,AE18,-4692.553497589124,-4689.099233762578,-4701.861337397481,-4694.967804271526,-4688.388520987574,-4687.861025667766,-4695.920005345239,-4695.134916068559,-4704.890774674548,-4701.074446729354,-4685.680399371941,-4710.463298638322,-4696.564038085015,-4693.27321186203,-4689.739407946599,-4693.202914611191,-4681.899025110073,-4694.959700887962,-4696.807154421441,-4690.570776396269
AE18_4,AE18,-9203.907359448682,-9202.535382460994,-9207.596748439615,-9196.17084314747,-9193.205720383166,-9189.070161488513,-9206.821211363156,-9203.36462945386,-9213.691819246238,-9201.951135937365,-9184.558078460645,-9222.756727358594,-9201.761528176688,-9193.336916675453,-9200.730463720303,-9201.121381101077,-9186.602746154222,-9193.100276062656,-9194.790853171493,-9191.659332850268
AE18_5,AE18,-15470.562097622576,-15476.232632604855,-15477.887450138089,-15463.249890740284,-15463.328919722704,-15458.40302852146,-15474.837005475352,-15469.835596834706,-15480.441850255853,-15472.17142912756,-15449.14659366171,-15499.028360031914,-15469.951481205562,-15461.994737316883,-15468.986042882249,-15471.381424067164,-15457.947653488623,-15424.156474824478,-15453.394286620824,-15466.237653365353
AE18_6,AE18,-23748.0960458007,-23764.57969307876,-23758.572199878872,-23741.79452073756,-23744.490049744072,-23741.62572031253,-23755.71928302489,-23748.76004852748,-23754.330691406107,-23749.004942947617,-23724.495151554835,-23788.26646237265,-23747.952792666885,-23742.36162903619,-23750.240549639155,-23750.32754127754,-23732.110822334416,-23748.09862600116,-23747.704103907487,-23758.004469165036
AE18_7,AE18,-34255.24018135615,-34280.73658092012,-34266.375118411794,-34248.20092434058,-34252.99147059615,-34255.28666725799,-34265.62252508974,-34256.88839334816,-34257.14505382193,-34254.20890781361,-34228.451366479705,-34308.333931839246,-34253.67270849814,-34251.86952889996,-34259.01049403161,-34255.118152851785,-34234.20024536471,-34246.03627056688,-34249.66640047425,-34256.4020726768
AE18_8,AE18,-47105.44194210424,-47137.59536421436,-47126.47191942997,-47104.28964281747,-47112.05413418129,-47113.85838154959,-47120.37006330065,-47108.79161139664,-47107.33313605575,-47109.716839163855,-47077.52012824991,-47176.9874691767,-47107.83195733013,-47101.11293201613,-47114.20437508786,-47108.81004743672,-47083.625200546005,-47102.901245813846,-47113.392310753545,-47126.0722789716
AE18_9,AE18,-62583.96713495264,-62621.78582466776,-62610.498936694974,-62586.131008816286,-62595.9291265458,-62600.638034822805,-62602.76913267435,-62588.83448497928,-62586.80021190233,-62592.86330633217,-62551.24524203256,-62673.635551674735,-62588.06936393258,-62579.1621884214,-62594.59151254167,-62587.69608910617,-62558.92337583499,-62581.15854818902,-62589.04253444187,-62593.94394890862
AE18_10,AE18,-80909.56556255865,-80947.78043991837,-80936.58734365314,-80909.75721838475,-80922.30487467295,-80926.86346362022,-80930.28561207664,-80912.38378981041,-80912.73134747878,-80921.85919617192,-80868.04864073808,-81016.30175385565,-80912.03409534675,-80900.61233739022,-80916.99490148888,-80908.78795250464,-80878.41026349764,-80918.16241444006,-80913.59644429332,-80897.34697012434
AE18_11,AE18,-101816.29870981567,-101791.91176130906,-101846.55759234478,-101811.00903838286,-101831.42037714772,-101833.8974263689,-101832.40657637098,-101817.99895250874,-101820.33593904252,-101819.26923236177,-101772.32801165704,-101942.86162343709,-101822.26848781364,-101810.5431931706,-101823.63640104998,-101811.73276470035,-101779.2518350274,-101816.55469721674,-101825.50881653739,-101815.64423393497
AE18_12,AE18,-125535.15281412518,-125516.06793845836,-125566.59313057842,-125522.06612983427,-125552.23616982308,-125540.26318853095,-125557.91701353098,-125541.48794301091,-125539.29253409793,-125513.71984425386,-125483.32796993962,-125678.61916800686,-125542.83743212985,-125525.4513792276,-125544.96860409026,-125525.47608308334,-125494.88482940017,-125539.2983864718,-125538.57321613158,-125537.67244611471
AE18_13,AE18,-152074.41100054476,-152058.8235917905,-152105.57396295603,-152053.15762984625,-152093.31576304577,-152078.0966523403,-152091.6053705125,-152078.51176830614,-152078.38167944257,-152071.4400233053,-152018.25032856892,-152234.69046507444,-152084.20705458388,-152067.8956455415,-152080.7608214353,-152060.97160472468,-152029.1109045085,-152068.74918652224,-152064.84914192907,-152061.4442142641
AE18_14,AE18,-181575.5139045276,-181563.97175906663,-181603.09020727288,-181542.08806909493,-181593.65561914764,-181575.4855975752,-181587.6290312737,-181576.498807128,-181577.8485742336,-181570.1587863666,-181512.80983791512,-181751.5497021069,-181585.1530164392,-181569.41910191847,-181577.6707219844,-181555.42907400223,-181524.6447174812,-181561.6755891924,-181569.94253017945,-181580.44319424848
AE18_15,AE18,-214143.2556082416,-214135.45339847548,-214164.4387514055,-214095.1933298132,-214158.1664451915,-214141.9391686661,-214148.799627964,-214140.3372163588,-214141.53251265743,-214139.1032695553,-214072.3198237164,-214334.5566337664,-214150.97098468983,-214136.2196213033,-214139.12101087967,-214113.6601979427,-214085.40323264129,-214132.84024116577,-214134.25504733797,-214142.69390654535
AE18_16,AE18,-249817.7967180266,-249815.14612924057,-249840.56476456748,-249760.2540897172,-249837.1285651072,-249817.7159199068,-249823.661059812,-249817.4485080621,-249815.935259992,-249820.7966598484,-249740.2219137001,-250029.16061438268,-249827.68649801027,-249808.95061788705,-249813.5499501459,-249786.9484433334,-249755.5532602092,-249802.1486296776,-249805.32518852165,-249812.61069696728
AE18_17,AE18,-288747.2294697609,-288750.61454652634,-288769.0031186045,-288678.7554219707,-288768.5964729498,-288754.74270344473,-288752.9170362288,-288748.0410574449,-288747.42251426546,-288763.5382455852,-288661.7875970421,-288979.09651510266,-288758.8825907115,-288736.1455430132,-288741.85582551226,-288713.182796786,-288680.22583577223,-288726.428317969,-288732.61123658303,-288734.8772292731
AE18_18,AE18,-331036.3479456124,-331044.5388713932,-331053.6902954918,-330954.2040739972,-331056.3155071044,-331052.47564818145,-331039.3484707669,-331037.0106303183,-331036.7800056518,-331067.7235496491,-330940.97387195175,-331287.8582692297,-331048.0985191609,-331021.06794044626,-331026.9683642774,-330995.71248653834,-330963.1424767656,-331032.23223157896,-331017.798910231,-331017.5364345732
AL2X6_1,AL2X6,38.50002927365397,37.28600457821621,33.60842512729127,37.62190575609618,35.035613222347706,37.59142567566008,38.72027003882939,39.219289668949166,41.36198991968676,41.53417676236131,38.871722650693215,38.370235339553126,35.989133760239774,40.47344434830647,36.704929487456766,37.38669832522262,37.01208199146576,36.68443113231623,29.177025563003642,32.15465714183205
AL2X6_2,AL2X6,51.6000387909685,49.90274106270526,44.98785982882466,50.641298315431975,48.72280996084309,52.042372729255874,54.456016573390016,55.06937087694129,54.68656631511799,52.5123533544021,47.902190470182106,49.18373223581399,48.74363172933414,53.09294789837324,50.195056812925,49.86620902986496,49.56062596460029,55.284012962572085,53.77680603642955,50.89458483750969
AL2X6_3,AL2X6,32.50002464633029,31.549297404169856,21.82230467311188,26.802458814826544,25.150140400844148,31.325724751925105,32.43078920416431,31.942839531454908,33.98219543537638,32.72342059202117,28.456316446756897,28.853938264195488,25.88747382200206,31.30606494276647,31.7741193021337,31.642195412901444,30.987659714225632,26.130804597062898,34.74462687949908,34.595954470079725
AL2X6_4,AL2X6,38.40002873635829,36.95479685739328,31.167510913694493,35.564833942152724,32.98568453698607,36.53296779520459,37.72302897058204,38.18248688949255,40.67449788179192,40.19946724856675,36.77576608264322,36.62208468271478,34.00055140507028,38.94517545841258,36.31505521570408,36.99745156290674,36.88756411373384,22.37568379820011,30.254875228802767,28.688308873788444
AL2X6_5,AL2X6,31.20002330907177,29.56850419856672,20.881170984096872,26.95483574825111,23.75910086765589,29.518698269642027,30.78528372339608,31.06612634156574,32.81870338744255,32.57883694971024,28.34540866548515,28.39590002297924,25.03508308758967,31.38587304101496,29.75534232067946,29.90679179502909,29.442713390914268,12.109102914672178,21.739273744810113,22.086135289599994
AL2X6_6,AL2X6,23.10001743869049,21.57021842966984,9.490118760405387,17.593113583929117,13.560925830890008,21.832924580792763,23.1935348618455,23.227112580078256,24.55431940234822,24.4068067341294,19.08839768923545,19.489512538246423,15.252667151112748,23.054754741061217,22.68085058539374,22.22296620939288,21.33621812188925,0.8130794633211027,14.592304310096155,14.52665552470529
ALK8_1,ALK8,86.4700650642886,81.5213677842203,74.14847860225878,84.66185880146973,72.59178635701292,80.37386072455365,83.70814442590627,83.0449900919329,85.40699109863068,80.04155392092639,91.0170024783861,91.50896312894368,85.9957632833369,90.83775910343984,79.32312623069295,83.63740352586568,78.89888092629965,-262.95471564750386,-168.18090474038834,-79.4221461380265
ALK8_2,ALK8,53.15003990269251,46.81835378490776,35.98302050018052,57.593109375880175,36.38207322740728,47.29351280659755,52.5708593886292,54.27327188392845,53.61156207657178,47.92415995349139,54.48774257397992,56.29712585629768,49.68463721825665,58.01802107829087,48.904008278852885,51.76850845586046,59.7492784936338,-46.03283086911507,-230.05753125421995,-93.15729134480655
ALK8_3,ALK8,131.1300988209242,129.44057154240386,120.23460093180944,123.80503408126025,126.8365232515433,131.69205614529497,135.65596415311663,136.33696121698446,138.49883307441152,133.1382317357214,130.44209109571557,132.44763352590928,126.9608001851286,133.49923166105367,129.92797126585833,131.9881680769469,128.96758871796274,145.92345234994218,128.57763008275558,132.5592424363249
ALK8_4,ALK8,34.510025970580315,32.2175709603802,31.99049762105609,32.33771913261386,32.90125301177373,37.29115611723725,33.78014704821041,33.94421096897721,35.66403503241466,30.444599856535355,34.648347381938464,33.781463437584776,33.68347413090381,34.57816734986984,31.7667012617088,33.96911744750851,31.219143188283464,22.132422331522765,17.040853137807837,21.009986799014968
ALK8_5,ALK8,47.42003565930105,46.9081565402652,45.74382770862369,45.93075707061036,47.20191838619313,46.277782046196855,47.53802714422319,48.28752144799426,48.92390014095732,46.83639869837486,47.73995523765696,47.45648040554173,47.221384671343735,47.910615538016906,46.16136592381259,47.47319418312828,47.17527042453994,56.27172415415832,48.01152577780159,47.29140551564696
ALK8_6,ALK8,66.28005002045238,66.20056885470098,65.72605039473865,61.300042088409946,65.07386279283187,75.7116347598491,72.77529648262215,72.35092694829254,71.24999841086421,76.10653751603711,73.00680913771997,70.70461354895944,70.22073107886926,71.92493047015202,68.51088291004605,65.5180056526964,72.18317836845645,199.22394497987548,48.68195965089327,85.69278646627055
ALK8_7,ALK8,56.55004248300864,56.82787073387554,55.44544659192947,54.37804506993745,57.16257274113385,54.74671265906319,54.68315969181354,55.70639395942877,55.4208282030182,54.85975183922432,55.06941988551218,54.47183018865518,55.75196815278557,55.66651146532307,56.63740140268866,57.46453632419387,57.26474606763638,54.102975020514485,60.09985234821573,57.23347552226783
ALK8_8,ALK8,25.300019219043765,26.04415201910796,24.961131598028825,25.634886073062788,25.063780664602263,23.57866221270724,24.49084675628224,25.045140181868582,25.779770229521866,25.00897806594624,25.20961706664105,25.10890920067812,26.614905583031888,24.33040494568361,24.19474360974138,25.30969095980236,24.362150018692944,22.95112186560048,22.401615952753044,21.89197644065379
ALKBDE10_1,ALKBDE10,138.70010454192914,139.00532383234568,141.38698201257068,142.40595210235213,143.2491614947756,138.61330994152166,137.14649688226007,139.8026720086109,137.34791575175365,139.53075709326478,140.5384811465186,139.996163990176,134.556150700029,140.34933535831246,135.44380759251447,138.4122714055217,137.8958233466897,148.15457607165567,139.0410127773039,137.79652563071045
ALKBDE10_2,ALKBDE10,106.6000807897626,108.712296943999,110.07181931188352,110.01991191644883,109.56916477037116,109.8465562746449,107.86754519603312,107.20398247890483,104.00364274555751,109.68346034999595,105.54526365652193,107.04844264682669,99.11431005801984,100.92943919361508,106.97385630597982,105.31580986000384,74.94573817166868,118.01734294811526,109.84970218133118,102.98340254431702
ALKBDE10_3,ALKBDE10,96.20007260173234,94.08493432409948,104.08311769898415,94.43387998078624,102.01812853527484,96.42973228416484,93.17323478270956,89.12447720277028,94.50769410843492,96.91668064003396,102.73280177355878,102.64470465172909,92.81812811249642,98.40651727227504,98.51319168714748,103.304109993107,67.46424268270913,93.92020089197267,82.2676435345001,71.49850714750458
ALKBDE10_4,ALKBDE10,142.10010712224525,140.09428212455038,139.30069768735336,138.41968574370503,140.1879374743026,140.74955926934524,140.39780626086886,139.24316266145817,140.2919060049991,140.63484143859498,136.94018325060892,139.24676607185697,135.9461176940826,134.456133659233,139.8567722359069,138.64038948536307,139.15704812944975,225.4178302769106,138.9634685725752,135.86239387518265
ALKBDE10_5,ALKBDE10,117.50008852672384,97.85391624023028,115.31612024093704,116.53268998932406,118.10061302256366,116.29066441697526,122.88019825642988,116.50271392449464,118.12054517081646,118.39883156630592,112.7521326569054,115.69789330264835,115.73349191510108,110.7829473726705,117.82042044159112,118.7894253404744,114.21951264524672,122.52057521392295,111.60321948809758,113.13413392437636
ALKBDE10_6,ALKBDE10,139.20010534587908,135.8913939733751,136.51908624092846,136.71227199788055,138.5982476433551,138.02510138582042,140.95500386311517,136.69449898429775,135.50184475150783,139.65059402080033,131.482033995405,134.858125138947,130.26083153283847,129.49843607353665,137.34018872558354,135.4368316951957,134.28251417478825,142.63387156406202,132.1365790032268,133.93686470305167
ALKBDE10_7,ALKBDE10,82.50006237068166,81.7453791910721,84.49226645947843,84.33094877118377,86.04519904446467,86.28670052087519,86.0805730085294,84.48545578540111,81.33752150178253,86.79678552757576,79.541829409404,81.54347839428934,78.7251940391924,78.6407368488137,84.90357099555011,83.14625104476306,80.32432403229461,80.70345771369125,74.35336806120719,69.19211035559192
ALKBDE10_8,ALKBDE10,62.20004679857114,53.76345796126285,55.96104979145597,52.67219419925142,54.70897850634323,52.743947146557424,46.08321978448012,50.587273326616206,49.75078976898213,53.95477562246977,53.50249158020818,54.59103025683855,47.543410861751,44.73539381666655,49.93276450440915,53.14226022850767,48.36155410961805,50.840026425879444,47.624914337050875,36.58483053309619
ALKBDE10_9,ALKBDE10,56.70004297519742,47.55823458083813,47.380596939827306,50.30231650539615,44.10866716066922,48.33619509888076,48.332218320334064,47.14170571462815,49.712251588363394,50.40326740571936,49.49704909674062,50.76748463492714,47.46143565958751,48.98109072696064,47.622397675531886,48.0543954660456,35.40270215319576,48.11844659432872,50.71472190522527,44.11326789367082
ALKBDE10_10,ALKBDE10,65.20004911223297,59.061680026395855,62.38541096367381,62.64781089010347,63.88058889444415,62.78310726655891,66.34858422065727,63.64453012144239,62.89295198421355,64.28647808649117,58.78524133251502,61.10247694284947,59.74119848968914,57.90072430917384,63.49514565531155,63.71244503257016,60.34792538837245,65.48450488993204,53.742187553979235,51.878703749886334
AlkAtom19_1,AlkAtom19,-420.4299826201764,-420.05173526186167,-421.1235324877242,-419.65849421350447,-422.1276905301284,-420.9646490969199,-418.5329110170908,-417.6501542833424,-418.89368146220704,-416.5592903076121,-417.8283888113029,-419.98475402208766,-417.7452496418269,-417.3261388878913,-419.8447838295788,-418.976664758326,-419.65932668514216,-722.9752617903779,-409.251073021242,-406.1237143182961
AlkAtom19_2,AlkAtom19,-713.0599705236463,-712.9246403520572,-711.8361769765766,-712.2264425005031,-715.1501035803333,-714.1880918979938,-711.0378148077544,-709.5145791086329,-710.6704301617726,-707.133239452206,-712.1777077302114,-712.4084774141018,-710.4079335361287,-708.2018087065841,-712.6196549971698,-711.9382586490369,-712.0508689992532,-1167.9549149355983,-697.6850992837782,-687.9152836848968
AlkAtom19_3,AlkAtom19,-1007.8899583356086,-1007.8892743534184,-1003.7599617508214,-1006.3352354692338,-1009.6710676129662,-1009.555107062453,-1005.5271638463228,-1003.2896501143672,-1004.2900682630504,-999.639059532203,-1007.9843946867846,-1006.2788625908744,-1004.4068440738688,-1000.9394284645082,-1007.4166621417174,-1006.7804782904532,-1006.4114576751964,-1614.9774844175172,-988.0091544030347,-971.6229423934783
AlkAtom19_4,AlkAtom19,-1302.859946142381,-1302.908369525537,-1295.6073939960654,-1300.446810563967,-1304.129928287986,-1304.956083039658,-1300.0262254137838,-1297.0764094253254,-1297.927758870625,-1292.193544917192,-1303.7484871787678,-1300.1012048893078,-1298.359235200761,-1293.6515434763546,-1302.2650705325764,-1301.6800814769854,-1300.8235553859909,-2062.0109554402698,-1278.3709661375085,-1255.3205582554997
AlkAtom19_5,AlkAtom19,-1597.779933950962,-1597.9064339058723,-1587.3982836843832,-1594.495981975026,-1598.5292433967409,-1600.2887295102198,-1594.4716059302584,-1590.8085473623792,-1591.4925220214068,-1584.6873268554418,-1599.4469146321069,-1593.8722708785842,-1592.246793680316,-1586.30590941883,-1597.085073640308,-1596.548394593853,-1595.208377416681,-2509.0345478445747,-1568.7045472478774,-1539.0031533604183
AlkAtom19_6,AlkAtom19,-1892.729921758207,-1892.9163500576508,-1879.1910093399224,-1888.5601105136773,-1892.9311495548511,-1895.6543767040191,-1888.9127632452507,-1884.5363767566,-1885.06643237781,-1877.1895043056847,-1895.15282827347,-1887.638342519948,-1886.1442054391448,-1878.957722276264,-1891.9204576955149,-1891.43816420493,-1889.6167736994896,-2956.070255352009,-1859.0491289329543,-1822.6976401700792
AlkAtom19_7,AlkAtom19,-2187.679909565452,-2187.945268765063,-2170.98817512698,-2182.62301528336,-2187.340699719609,-2191.005930035052,-2183.3807143990134,-2178.2856162093226,-2178.64420994956,-2169.699837182828,-2190.8596645419902,-2181.4225176841373,-2180.0387539977087,-2171.628060970412,-2186.7675380253245,-2186.3305687910247,-2184.02745983145,-3403.089323303495,-2149.398311842577,-2106.3876915849964
AlkAtom19_8,AlkAtom19,-2482.6398973724604,-2482.958040963458,-2462.78113948712,-2476.68941879483,-2481.7434650637224,-2486.358757210309,-2477.811604403957,-2472.009505597085,-2472.1984532805395,-2462.1897643931165,-2486.5657152941867,-2475.1904636335657,-2473.9367249929905,-2464.280423839844,-2481.606031452724,-2481.219275212776,-2478.4350853060832,-3850.0973305727875,-2439.7414956088833,-2390.0717220562933
AlkAtom19_9,AlkAtom19,-1304.2999460826336,-1304.3486916448437,-1296.1406981083155,-1301.4521155054265,-1304.9503586472338,-1306.4320668988737,-1301.4490935453282,-1298.4155416886276,-1299.2324551710171,-1293.608094218378,-1304.517695759442,-1300.9154980804133,-1299.0785197551709,-1294.8131954153412,-1303.6173983161025,-1302.892042544762,-1302.1631240689562,-2063.3770855143134,-1279.7544558347097,-1256.7283025014754
AlkAtom19_10,AlkAtom19,-1598.6899339131485,-1598.7788693010502,-1586.980906927382,-1594.8631267868886,-1598.5008103149569,-1601.2135090474355,-1595.3137427207328,-1591.6519949573965,-1592.3856778421723,-1585.779822042049,-1599.416847076395,-1594.0165989361392,-1592.2157503473827,-1586.7376601588512,-1597.9033618704816,-1597.1978407951096,-1595.9790330762385,-2509.8316474444277,-1569.549339219931,-1539.844918631042
AlkAtom19_11,AlkAtom19,-1893.6099217217293,-1893.7704096536413,-1878.6909322308163,-1888.8608570420708,-1892.820102027017,-1896.523803630528,-1889.6981229157616,-1885.3192060579083,-1885.894145047264,-1878.232411309117,-1895.0389248872657,-1887.716218767474,-1886.0372794563,-1879.312970763501,-1892.713816354796,-1892.0566469552,-1890.3470779923384,-2956.7907120079803,-1859.8784712866873,-1823.5197326097848
AlkAtom19_12,AlkAtom19,-2188.5899095282657,-2188.82711893588,-2170.4904575790174,-2182.9364590894447,-2187.233493993024,-2191.9181217322016,-2184.1668532480417,-2179.073470292771,-2179.4864332736097,-2170.757547197504,-2190.755759201502,-2181.5010482985394,-2179.9422928648523,-2171.988983272819,-2187.592527366419,-2186.983529547322,-2184.792386432437,-3403.8404218764417,-2150.272387343355,-2107.248036060799
AlkAtom19_13,AlkAtom19,-2484.259897305323,-2484.5277446804007,-2458.7623181251965,-2475.9230013135525,-2479.227662426204,-2488.0502529233104,-2479.066347938191,-2473.2528506099698,-2473.831873242704,-2464.667856472273,-2484.070462901664,-2473.698417288845,-2471.459468756425,-2463.6581097049902,-2483.001409335468,-2481.932289567016,-2479.5319368077785,-3851.33830841299,-2441.380766980148,-2391.6511474442264
AlkAtom19_14,AlkAtom19,-1601.4799337982895,-1601.6419863842923,-1588.1875128293143,-1596.9324230501056,-1600.2008004354434,-1604.114635948289,-1598.205541505009,-1594.2605361533274,-1594.961822418218,-1588.520074903805,-1601.013761361159,-1595.6330976033253,-1593.6894256619846,-1589.0743424132902,-1600.5485637386546,-1599.6099855818698,-1598.6641972646755,-2512.299021938725,-1572.2944313175694,-1542.5944468355353
AlkAtom19_15,AlkAtom19,-1895.219921655456,-1895.407766359247,-1877.9206883222705,-1889.588039807232,-1892.7462671915075,-1898.2285335183296,-1891.364786133579,-1886.889980933538,-1887.616769936492,-1880.2934346756865,-1894.9663576209,-1887.9690774123528,-1885.9442999342468,-1880.156585652551,-1894.202025667336,-1893.2501627585088,-1891.7967579263668,-2958.3422268239315,-1861.498621313228,-1825.0872768580773
AlkAtom19_16,AlkAtom19,-2190.1199094645094,-2190.3858027079445,-2169.532160815509,-2183.51280614732,-2186.969995799522,-2193.4901584666,-2185.6843498710177,-2180.489872943172,-2181.0481870102462,-2172.685355950335,-2190.491540187836,-2181.582450145275,-2179.675261793027,-2172.643116154088,-2188.9907110950007,-2188.0841983585906,-2186.1439698052304,-3405.2306062784382,-2151.7856785388312,-2108.7504708780143
AlkAtom19_17,AlkAtom19,-1892.9499217492444,-1893.075215438923,-1877.6711510222865,-1888.11658970396,-1891.890183751976,-1895.8499714071,-1888.9840096041776,-1884.7118798613324,-1885.3818204592408,-1877.7875350161696,-1894.1661604261328,-1886.97779454658,-1885.212391457984,-1878.487839542524,-1892.0626386666447,-1891.374284556232,-1889.6619224351143,-2956.131037591714,-1859.229899837452,-1822.8566294122309
AlkAtom19_18,AlkAtom19,-1893.809921713867,-1893.9111641074685,-1877.196692363962,-1888.404822312904,-1891.819001712768,-1896.7849730736243,-1889.840422486177,-1885.542285299432,-1886.2854273247904,-1878.7422092302284,-1894.080482353318,-1887.0603178155072,-1885.1086701032748,-1878.9273281646265,-1892.800627207704,-1891.917262668284,-1890.3393381304588,-2957.0584003722283,-1859.988468186188,-1823.6374830669579
AlkAtom19_19,AlkAtom19,-2484.0098973162494,-2484.2967272558,-2454.894327262253,-2474.506782648896,-2476.395149231006,-2488.0666748462186,-2478.975859566004,-2473.2337089354546,-2474.6611916461543,-2465.764845254232,-2481.4509001920983,-2472.104768061361,-2468.9468616481804,-2462.298432028486,-2482.603215543093,-2481.0548824770544,-2479.0027196327296,-3851.7999326674626,-2441.2097898757725,-2391.427090800714
AlkIsod14_1,AlkIsod14,2.199999909120028,2.0917289111658297,1.2111402853924604,1.5408446817320594,1.4985509824277163,2.143572363385391,1.9844452479043635,1.9106461804441648,1.8428894017080253,1.931870935407889,1.4573680376650862,1.4466617847581378,1.336226643433963,1.861949939231453,2.0221359769606595,1.880625750701287,1.969046361827665,2.0429163366987844,1.8900288567256867,1.9160893419854856
AlkIsod14_2,AlkIsod14,4.539999812422558,4.237918993080241,2.3459280417756223,3.084471489466652,2.934998607242492,4.321105539516761,3.978603024701672,3.832980666112034,3.703831309730577,3.912407175789909,2.8721416107312057,2.845280691177427,2.6259338760380966,3.698395132376291,4.095673200214707,3.818635046536088,3.989601758506765,4.096734214220358,3.81781432866855,3.8221358373899794
AlkIsod14_3,AlkIsod14,6.819999717770079,6.363078283215376,3.4241732412451715,4.5656946135358565,4.311900665779059,6.430309208999955,5.919079750526219,5.70069377786606,5.491845760942031,5.832239969450144,4.221250145174639,4.19262328843992,3.8508084612864857,5.477091256172332,6.140805140355461,5.725354272692155,5.98288147510326,6.140673473305005,5.717369176490618,5.713161575708342
AlkIsod14_4,AlkIsod14,9.12999962240886,8.500089344820225,4.504254407945385,6.061874865197355,5.69139377367976,8.572513601748012,7.855333274841088,7.564098346805959,7.289007417757946,7.760468275121664,5.5778448676343375,5.534971537806484,5.0855363257910895,7.2532342949182995,8.201318027997832,7.653529993031959,7.999735443791448,8.196727835540084,7.627924599031764,7.61607901879945
AlkIsod14_5,AlkIsod14,11.449999526811393,10.656102962023713,5.58877570612818,7.556831347854856,7.078530888263689,10.7006241316929,9.81838063792692,9.448912974246966,9.090036289999674,9.69685200763085,6.935362217233044,6.895423309973022,6.317400990093614,9.047903170323952,10.273527190189188,9.584340688442843,10.01887926163193,10.236142641784514,9.543081246139462,9.514561067084307
AlkIsod14_6,AlkIsod14,13.779999430350168,12.795970070210895,6.669095577411947,9.055286572317762,8.458883182167234,12.83000850586406,11.744366852229314,11.308377536745212,10.867530921347564,11.612830073339396,8.292094050525284,8.239645867361045,7.55268809102535,10.824596221139345,12.337149449988354,11.511453219491983,12.034962422163677,12.264496765856833,11.45223874990881,11.407022171769551
AlkIsod14_7,AlkIsod14,5.979999752675071,5.678241112386743,2.879232154025896,4.089776430926315,3.755428966489992,5.79708939873208,5.401471156246087,5.172112929414325,5.008527610122862,5.326956476975965,3.641350191405289,3.659573882282833,3.34521843044788,4.860047071362766,5.448000983740736,5.030596114312733,5.3291704414720655,5.462864288264119,5.201304025869852,5.229880083365783
AlkIsod14_8,AlkIsod14,7.7299996805838465,7.235513678393179,3.006796484243932,4.932839425398559,4.28346758399488,7.355088746215774,6.761216541000538,6.544141372883304,6.385001581707622,6.924735156057256,4.191182589463016,4.336951345994969,3.8197651283533673,5.908841996193468,6.95909337052919,6.3748004739490245,6.753537134660709,6.937773073158099,6.562161148544205,6.55492684633203
AlkIsod14_9,AlkIsod14,10.009999585931368,9.354148940811386,4.004177298839307,6.362621393590818,5.580346245845965,9.441940528256213,8.64069294535213,8.346927648113997,8.116720087211275,8.803375278553863,5.463941481429822,5.612847785333071,4.978610342946055,7.608482782155009,8.994676687278561,8.272012743301646,8.730039736640101,8.91718449151132,8.457266952764902,8.438171458505122
AlkIsod14_10,AlkIsod14,12.35999948899765,11.537953132841103,5.091058158165575,7.870275153939639,6.971325161678662,11.61281582884306,10.604519486955065,10.236767057695268,9.932259614049888,10.754562022306844,6.831456876744648,6.973953924375339,6.22093985723754,9.408825472731191,11.098516531283682,10.237301444740712,10.783805862619424,10.98724121473131,10.417156746917257,10.374905542886806
AlkIsod14_11,AlkIsod14,15.399999363212686,14.36567378715324,2.650274215488431,8.288869091040235,5.943080544648958,14.52150421886502,12.999110386463368,12.551722549630137,12.500950883511518,14.090922152495896,5.796841658002434,6.74759952264046,5.075431854459363,10.20228208628571,13.732527332732234,12.22446757373125,13.131813923858932,13.50547460605934,13.091510121173632,12.98644755970239
AlkIsod14_12,AlkIsod14,10.51999956509763,10.098630761635595,4.213402386176191,7.0021356886155415,5.983457704481667,10.256215647069434,9.653015325276805,9.152682568814363,8.96114615775324,9.664988017813222,5.788096874226887,5.953450013181051,5.293440442955249,8.245524250632586,9.604295238702104,8.7869452607092,9.438701323097725,9.405147567455469,9.30725324618278,9.304455050825352
AlkIsod14_13,AlkIsod14,11.629999519421396,10.991505646416504,3.233933390293057,7.089804158751561,5.506511410336098,11.146670416058791,10.307356163169269,9.917702523743625,9.83934497643959,10.864398645123169,5.391374215064343,5.86570643021162,4.885630820893129,8.452097671205191,10.482885999818318,9.465528546610532,10.179719670668836,10.468699307462517,10.07741697930554,10.005715706797481
AlkIsod14_14,AlkIsod14,13.88999942586892,13.096636904905706,4.132761394657597,8.446622211814772,6.707826968176955,13.184852563241371,12.12201610993095,11.653169708095762,11.49401335068643,12.682370775138278,6.567237863078314,7.055355771110583,5.953908785412216,10.062958354000186,12.496700259865651,11.33797025600856,12.135389235412566,12.377425616727889,11.930447942393357,11.877340360101982
BDE99_1,BDE99MR,-17.64999913749196,-19.51735795739853,-17.43849939106244,-13.721573778364569,-16.80070334243226,-19.77343221182004,-11.57669424997144,-14.142448586925225,-15.615689162998848,-20.958150708809395,-16.13037469263914,-16.034637705727,-10.973751520840338,-7.0982867690449245,-18.74985871253946,-17.384194972177845,-12.28277096679256,-33.25619493808302,-23.204077469191525,-16.532905004653358
BDE99_2,BDE99MR,-46.21999783627925,-43.43055544814434,-42.65381675378271,-35.39875452374676,-39.21258542049638,-41.24179888854021,-33.04465549281697,-36.00333599391021,-34.60609698080256,-38.93260958121377,-41.90649846459312,-40.52489497957614,-34.151104858622375,-34.01128413888145,-40.92397525457699,-39.156490905357565,-24.111964476317457,-46.82741550179498,-42.40309303507111,-36.964544108969264
BDE99_3,BDE99MR,-62.66999742882732,-63.67759177581423,-59.702677440036986,-55.73245580839898,-59.26602252524437,-59.66683246737333,-57.37143531636806,-56.98680658439063,-56.09814787309296,-58.2889725783944,-63.2966896345194,-61.18721117870953,-56.78776773291126,-55.47682187735947,-60.0937737238428,-60.71618995446398,-62.28951201777805,-65.42019389707298,-53.41541055224621,-44.9132581004435
BDE99_4,BDE99MR,-60.939997734507074,-57.32073386853753,-60.85082644189743,-56.71917222496276,-53.77534807354118,-57.91489504186831,-53.78299892003032,-55.29850470641115,-52.97765144120832,-56.04704601154426,-60.05962145794601,-58.65882289741228,-54.678519886748525,-47.3657542072294,-57.04185962214195,-58.819025062092834,-47.05193419477877,-68.73948993964619,-53.10229374433344,-41.083874270204205
BDE99_5,BDE99MR,-5.560000004188602,0.3928833679429632,-3.4461910426475075,-0.1345794468387217,5.273966690430142,-1.7779916189281355,1.7526910644122926,1.3494796435079877,1.605578872824228,-1.8014683798022568,-3.157307894677856,-2.818976372570964,1.423272561403813,6.806486517739146,-0.9074485412940716,0.4358428547808025,8.459246845262497,-3.868022713337807,1.0869630309436258,0.8661887562801452
BDE99_6,BDE99MR,-81.6499966214947,-78.55284580110789,-80.64077307160342,-73.76430086148802,-78.09670106952848,-76.37533270525907,-71.12390427260313,-72.62822131411284,-71.0160112348956,-74.10950800489368,-79.87230696015588,-78.68458877962583,-73.1616783504045,-71.59321785525032,-76.92984601023682,-78.21431962558394,-61.59259105076766,-85.11117649698191,-74.21439911372507,-60.514555553212325
BDE99_7,BDE99MR,-13.89999938296203,-9.360340827775229,-12.319707761417437,-4.210548159323549,-9.346829356519647,-8.339425207597664,-1.152120258323312,-1.97387234077726,-2.487520220763482,-9.317592560614852,-9.638345032310015,-9.32198682118341,-2.94871853712916,-2.0377859377280694,-8.559674569660347,-8.177907281032212,4.902942665226372,-17.493851905071605,-9.047299220998813,-6.991691810963803
BDE99_8,BDE99MR,-36.009998261975426,-35.91981291406697,-30.357552997266662,-34.73417147613369,-30.81576374101769,-36.95969933792136,-35.17745584037735,-36.490183257955714,-36.78480108962024,-37.0700798859725,-32.51771815446553,-33.04940247648674,-30.82847909109037,-27.779516040952,-35.89862693928336,-33.61211406726855,-36.68359416653402,-51.22138660661215,-36.351781904032094,-34.24805741319449
BDE99_9,BDE99MR,-40.6999984235146,-39.697985773253,-38.04514100431142,-35.75157053327544,-38.34323028107795,-40.72604885183368,-35.305915375562535,-37.73007721977704,-38.09505856721088,-41.02077699959039,-37.3525429845548,-37.78041126070988,-33.63862985659642,-29.127917811426347,-40.06812361702644,-39.10803073320846,-39.3006124212738,-55.04268056835625,-42.856980969317256,-36.23407561128409
BDE99_12,BDE99MR,-105.5799957411454,-103.5920140380937,-101.84119031636608,-102.15796218170088,-102.41163665166177,-105.12257082750082,-102.7485956222616,-104.1419484064416,-104.42169570677936,-103.35463310264775,-99.83806724897477,-101.86427601341953,-100.48272153688428,-98.92797488477323,-103.7048288836004,-101.32981935452209,-105.23220997055124,-181.70370516866845,-101.47255605611282,-100.2382662135024
BDE99_55,BDE99MR,-57.7599974657585,-55.89805066408052,-56.92824012124253,-51.15991607054293,-54.409111432486895,-54.55510891625556,-49.10068882434605,-50.8449974289452,-49.92797139880817,-53.231184282303744,-55.7846836102177,-54.81599096002101,-49.53603757816845,-47.27720609438031,-54.18054888768057,-54.7892841567979,-44.09467347161189,-60.88659721422734,-51.656540051205326,-40.248292842194964
BDE99_56,BDE99MR,-5.269999638299143,-2.614224674759439,-2.7468832523721045,1.4687161700003937,-0.2400725118294318,-2.193384065442311,4.135355393333223,2.4993851071477327,2.02414438378231,-3.0576966642242964,-1.693536813065569,-1.2387300571926698,3.5771316248382288,6.223440733486134,-1.3528203784794015,-0.159802943189233,6.909323396603961,1.1943060912682295,0.1427222337398375,-2.283734426299169
BDE99_57,BDE99MR,-85.86999657952926,-90.00392997364318,-92.68852437655526,-89.63198891862073,-91.80941416311808,-90.58142556210451,-92.12140823406205,-91.08798867187924,-90.53561711949853,-88.55950243635277,-89.32821390401382,-90.85460315201402,-87.90525045378243,-90.55984996659268,-90.75458084012462,-89.3487662825617,-90.27837155899496,-164.20033067329754,-88.94249667077929,-91.72857664055262
BDE99_58,BDE99MR,-26.59999859347069,-19.429949401723785,-18.307039521166487,-15.820332803658852,-16.87348000870092,-20.21042353447064,-9.815581694682466,-12.718919185911442,-14.59783560079326,-21.38395341202167,-18.103687545981,-16.899970132888058,-13.989192763848065,-8.157175372021213,-18.23115774976568,-18.004150612682068,-9.255482403921985,-26.640344204327786,-14.058867433826745,-2.5034559828498737
BDE99_97,BDE99MR,-65.97999758029796,-63.41413619015472,-61.25031284108133,-64.72170742522515,-60.54513589188318,-63.89720641221097,-66.59381686846405,-64.62229066008405,-65.07102186920349,-64.03001734897157,-67.1620134567008,-66.18595296682682,-64.2817412057794,-65.79914263555462,-64.68279550005312,-65.42600918706242,-66.27555081072144,-62.49731163329027,-65.2483751488606,-56.98245448302074
BDE99_98,BDE99MR,-25.849998642564707,-20.137642036266044,-14.22605092117589,-19.536632099093268,-11.493942065657782,-19.414929774231748,-15.773376081528426,-17.69084510969235,-15.860626316457257,-21.01563377695596,-19.596901874009514,-18.68174111589945,-15.847966563842276,-15.63567402203398,-18.86331098222044,-16.26681501894037,-18.252674186147303,-31.598302142197312,-21.499002121325347,-23.369159298829377
BDE99_10,BDE99nonMR,-100.7799956788414,-100.08318274063376,-96.73657155299472,-99.51997698623067,-98.27129770359198,-101.410613834815,-100.13881766794287,-100.65466208207322,-101.31892353098624,-100.13315765797748,-95.62414151988511,-97.00502525158504,-96.68976744109185,-95.47711140655645,-99.92908561565216,-97.92545947391736,-102.25264981777168,-183.45278564422546,-96.64258350653245,-97.94836819025628
BDE99_11,BDE99nonMR,-59.019997584083576,-59.38206408722268,-54.82977652742862,-57.65521913404347,-55.21385198413995,-59.61811890696013,-58.15850940544213,-59.12206764766128,-60.13219054410361,-59.9287854188713,-57.31360843575332,-58.20626896325341,-55.31368497638642,-50.60005701240604,-59.287657232186994,-57.95591364198083,-56.55722267541065,-65.70361797422473,-59.4917238335022,-57.655787157792574
BDE99_13,BDE99nonMR,-51.44999813817338,-51.41200764783935,-49.017965379890654,-47.32404440552672,-49.653633983145454,-51.43107182492472,-46.33219332994147,-48.60298934863996,-49.28970201978824,-52.603923050986936,-48.195885800247424,-49.5427642914868,-44.995471707038,-38.66772929806915,-50.82764014037989,-50.57872909486287,-48.55243015227313,-61.20868013304483,-53.34385326561242,-48.37288446528502
BDE99_14,BDE99nonMR,-75.13999684682771,-76.58469019713046,-77.66016167921397,-73.5972341196407,-76.0318957661125,-75.6579073986867,-71.70349611920636,-72.43816413113804,-72.77578543800132,-75.92594637625692,-80.54798795199494,-77.56390938149248,-73.61290918080253,-72.17624562998996,-74.82468877283763,-76.38623700014566,-75.48876098500429,-87.03229649598006,-73.84771780503814,-60.92103996470329
BDE99_15,BDE99nonMR,-118.09999511403888,-117.95448219309988,-120.81842909485918,-116.72399848890753,-117.49197884527892,-117.8515565831508,-115.23212025396109,-116.69619868969237,-118.03861502383916,-119.83480636276089,-122.3292033970901,-120.28062592792944,-118.07797404957184,-110.00435633310076,-117.10373503137932,-117.58442893757486,-121.5644560944134,-132.25602532824544,-125.10359760399287,-118.42875177036872
BDE99_16,BDE99nonMR,-42.3599981809845,-43.45186265782633,-46.32963673083805,-41.86483603983624,-43.93315464330538,-44.315264991350126,-39.56268205494837,-41.42968112368077,-41.22515520376772,-46.38648181008633,-50.22295538218636,-46.656301408535874,-42.43749076920271,-41.41815233135851,-41.42709308634453,-43.98364022777872,-44.24338123404705,-50.946707814564114,-40.33176006111488,-27.33627220426726
BDE99_17,BDE99nonMR,-84.76999631686209,-83.69363502632844,-80.7739046658544,-83.64605154767901,-82.68918280748895,-86.82892518231144,-84.30891678804608,-85.0410226160206,-85.74239296724659,-84.82836674612766,-78.26504793071072,-80.57346402090403,-81.52268574236513,-79.12330700834924,-85.6969121473251,-82.55533855074398,-82.3811218724334,-161.08847656083697,-81.99736695715127,-84.20972685606996
BDE99_18,BDE99nonMR,-52.69999763801037,-53.45867052285136,-50.1853856997009,-50.322247775039735,-50.27825691361188,-53.888367549883135,-49.94006758517472,-51.17289378222024,-51.36058130117384,-53.86855393823443,-53.07467124575859,-51.62153017468709,-49.66402008069893,-46.35908656623918,-52.88868270875183,-51.74846159881728,-51.42670549791679,-56.08579208792348,-52.700998423843544,-53.18246862366993
BDE99_19,BDE99nonMR,-116.8499949866924,-119.8297243517786,-120.11147127380464,-125.34102980903236,-123.56978172070906,-125.48576781851278,-124.40610011782698,-122.04993350596848,-126.98104884908376,-124.19632966198448,-118.78575873986746,-120.89382065586288,-122.3887297615835,-119.07981156194144,-125.50216395080292,-123.52323099713271,-123.44016538117972,-214.0952801280373,-127.91552983875896,-129.28642411735208
BDE99_20,BDE99nonMR,-215.1099910563931,-215.9043924481664,-211.46159744764984,-217.54963675961488,-212.51640604677468,-216.5115140139116,-213.7406610291684,-215.38115170534385,-215.1900959665573,-218.2706414430035,-212.2281165854661,-214.3506642439202,-212.59928636858925,-201.38716144332145,-215.9864192943405,-213.5630758480119,-213.18451672855755,-214.09183952518686,-218.57777376946981,-208.3313139011031
BDE99_21,BDE99nonMR,-61.58999714811738,-65.33273969283414,-63.18734334764445,-71.16511727507985,-67.19180547302528,-71.70508716947907,-68.98763662150584,-69.34088975413242,-72.15435038114566,-73.26193246428383,-67.09761052787738,-66.97683083011027,-67.75897809137138,-60.51748506345848,-70.31849184659535,-69.69124122019065,-67.94376102269561,-83.91912558998992,-75.60325687227528,-75.50817446392706
BDE99_22,BDE99nonMR,-91.90999615069164,-92.7541985140984,-94.65865469010508,-93.545014630498,-94.39914632732145,-95.05554928686436,-94.05642995728664,-93.41133973854178,-92.47605613199944,-97.92350208360344,-98.78455477066773,-96.60930114820744,-94.2360094263038,-92.92182079009008,-92.16677484725427,-94.07582119228792,-93.27065893737053,-89.44640619757278,-93.85630165531241,-93.48278367508009
BDE99_23,BDE99nonMR,-128.0099949589841,-128.948175400262,-128.64556767877946,-130.8560189979042,-127.29582786981976,-129.79002472866148,-129.0374708141844,-129.74343208744432,-127.82000316250917,-133.21598467762058,-134.3444960214811,-132.07736792115622,-125.78800254836877,-128.952189703885,-126.19195286165854,-124.14849743857232,-129.54443268239422,-141.00968689995642,-130.58664852921493,-129.43713131044134
BDE99_24,BDE99nonMR,-53.13999786857913,-51.59785744252223,-51.523690591754495,-50.63757825110704,-51.10926526283705,-53.7080527025071,-49.69982006094183,-50.973178600944784,-53.00763855024999,-53.12302141552234,-50.11387402977754,-50.73793508828352,-50.0761527410352,-49.37565707529623,-52.45804529605812,-50.46614931440007,-49.66232985695031,-131.08748168670024,-49.36853046902636,-51.369336181533754
BDE99_25,BDE99nonMR,-122.7899946480686,-123.30573972746777,-118.57450642038748,-119.06507393718354,-119.091873925559,-123.88797809527276,-116.1132228099894,-119.0489234748405,-120.7661037153638,-124.71660448128556,-118.0882387867897,-119.729632449095,-117.7487088471127,-105.31273669509432,-121.92892219445876,-122.4999250051352,-117.6687284680974,-127.66287244767864,-121.93409975939448,-108.98437538901636
BDE99_26,BDE99nonMR,-98.4199959253586,-99.70724250504033,-93.40195301256796,-98.82617157549208,-95.70502102775782,-98.2688684261502,-99.2170905878022,-99.53939589442098,-97.94500557826515,-99.3735417518702,-95.80830500836932,-97.79532273136924,-97.2651530289404,-88.99644826456608,-98.39696582565594,-98.48229136363422,-96.77134010030076,-99.14857464563663,-98.37144650970366,-98.5308939964524
BDE99_27,BDE99nonMR,-131.04999472652253,-133.38894756123565,-127.39453931441416,-132.57718750037958,-129.77387250928732,-133.01569952948392,-131.94021537171466,-132.2686946813059,-130.81609803742333,-134.72196035214884,-130.9093398584269,-131.42392059401428,-129.55619913638688,-124.70611246012407,-132.55974530980106,-131.17932323685605,-127.5044722015502,-142.87334589726305,-136.2737264852184,-135.58552307067868
BDE99_28,BDE99nonMR,-43.04999818601876,-42.65173768937576,-40.642634644945176,-40.75956984316753,-41.648781515870986,-45.18181792447254,-43.726321684819965,-43.58461906416108,-45.4474632043971,-45.202798327230056,-39.04279654253136,-40.78817781183772,-42.09195110854564,-38.84857595971829,-44.53202778526984,-42.6338391111476,-39.687514262871154,-121.02468655291712,-42.54353156750822,-43.34638795361205
BDE99_29,BDE99nonMR,-115.26999515705148,-116.08286051308798,-109.95742477402318,-114.828717630941,-112.73000723762492,-116.55753792120431,-116.79452735350267,-116.7649698374892,-115.29411856652172,-117.62873625202435,-114.2203748690132,-113.86338585874586,-113.6621074886162,-110.2117256866714,-115.11901713059372,-114.55139076014618,-113.80782955344564,-116.54026326596046,-116.02157225193032,-115.1034543670291
BDE99_30,BDE99nonMR,-173.5299927992505,-175.65312862233614,-174.02740738565933,-178.23564919667396,-175.2051314110301,-175.413377144349,-174.07630191985996,-175.72494526187575,-174.03062406196068,-175.4907038818227,-178.08185760598803,-176.3964852559419,-172.712304154375,-172.3020443588964,-173.2372094288436,-174.58985975224368,-175.14639476095826,-182.63238512588637,-172.1735533947609,-159.3120484747147
BDE99_31,BDE99nonMR,-82.98999666764875,-83.69713452116757,-86.27727288129367,-85.6261133909218,-85.93415697595371,-85.44144525931026,-87.35504198930926,-83.04997603121232,-82.64922520046957,-88.50619349850885,-88.84520417409433,-88.62735026670664,-88.54616465973399,-82.43793259491146,-84.579234503515,-86.9675887118414,-84.05494331610404,-80.24161452519634,-83.93293286703248,-86.32435676289961
BDE99_32,BDE99nonMR,-76.25999709145212,-75.96011715364794,-69.7732416482304,-73.3293779355876,-71.8211136712466,-77.58968903948124,-76.10090994831864,-76.50799511069432,-75.73446311526045,-77.58076020716507,-74.04500185072982,-73.02895601785075,-75.58996048457534,-71.47562841564577,-75.44387772227212,-74.99225482398468,-75.32612659922412,-78.9109482644405,-78.23106269886343,-75.69108096207476
BDE99_33,BDE99nonMR,-90.56999610453757,-91.63745190609733,-84.99737556705199,-90.03856491980046,-87.23072658941119,-91.54657278377816,-91.48997670028302,-91.36462904731056,-90.48064007320764,-91.2628660869042,-89.21720051269823,-89.5800037747658,-91.73331219863688,-84.81019940558102,-91.04570733452258,-91.16425648710477,-89.50662723892489,-93.7394955227877,-92.67224736053218,-91.28404618071865
BDE99_34,BDE99nonMR,-161.84999329607052,-162.07532266107532,-159.96979255751805,-163.4902142686621,-162.0069951624621,-162.26134960167846,-162.27694660064188,-162.80159340396455,-160.61382692883035,-161.97819486216127,-163.91224940502818,-162.10847153928688,-160.05851273353042,-159.46909967336205,-160.43541268215503,-161.6446762749876,-161.6154118931153,-170.3621185229321,-159.43207695988568,-146.48270501131358
BDE99_35,BDE99nonMR,-124.31999515032588,-124.29554844798272,-120.55348003670171,-123.35974074552884,-123.3015774571364,-125.2721824188426,-125.7470730546758,-124.84713053070348,-123.12520851485176,-127.78439237636049,-122.8203432025159,-123.30735932942277,-121.6273989975863,-118.43979419253752,-124.3743724230472,-124.00875955008884,-122.31061733014998,-136.42610143179928,-128.1070100117009,-122.13547607650476
BDE99_36,BDE99nonMR,-95.23999628411951,-94.69020919224523,-93.133036965012,-93.39592710184156,-93.4931700487551,-95.54109101751628,-94.58904437388084,-94.54433024504353,-94.71308555214084,-94.90964950633789,-91.85767861505252,-93.4399440676524,-93.77812015564685,-91.69316947631847,-94.48623403741227,-93.84712944328616,-94.70287074709834,-171.8054691509611,-92.7996251957107,-93.44862076051953
BDE99_37,BDE99nonMR,-183.90999222019084,-184.5337087759804,-181.3537159745955,-185.5660608190512,-182.10526643867092,-183.8497651158933,-182.7142446794411,-180.3782814253656,-180.387359855926,-185.5196788327964,-178.6602148277026,-183.14362023334823,-182.84416612348087,-167.1654394922623,-184.0375427451836,-185.00352587222656,-182.1566701824467,-188.26375383066357,-181.5099525612208,-171.53845428075027
BDE99_38,BDE99nonMR,-19.68999917965889,-19.079751487218697,-25.148314285625624,-20.396372099141768,-24.55243806615765,-19.956577126913007,-20.10920443651137,-19.08201648266434,-19.08459008726588,-19.55900042735472,-25.11619201290048,-23.09147540321821,-21.30278600281858,-26.419835352392887,-19.51994442594201,-21.84816917044206,-21.01071021145684,-93.54113219238744,-15.461385786831988,-18.25086241355825
BDE99_39,BDE99nonMR,-195.19999207520456,-197.5568645724748,-195.0005853148361,-198.73865554950777,-196.56791265340192,-196.4323466361288,-194.2862390089728,-194.99036858208024,-192.52623193710093,-196.40492120908127,-197.60490795283016,-197.15158600987056,-192.9358228702973,-190.79800257251475,-195.66063573594425,-195.73859807776444,-194.26013529821176,-213.8836403132381,-196.87428125605265,-184.18743331418298
BDE99_40,BDE99nonMR,-108.55999556281208,-109.22903781820024,-110.42705104462146,-113.7179755983537,-107.75203093023258,-111.17909774315429,-112.24918287220451,-111.27200403487338,-110.63510268925624,-111.81822147635702,-115.7541392358592,-114.44767015840873,-111.42129644538907,-113.65380409500776,-108.965642661756,-109.38126458846928,-109.71006082862029,-113.33730636728073,-110.19727653506514,-102.77027027907783
BDE99_41,BDE99nonMR,-130.40999467638136,-131.22851803434813,-132.37084889386938,-132.92944904254907,-132.41988273516247,-132.33881761000097,-130.15293196902294,-130.77847777769907,-128.88085411310567,-132.8666222292471,-136.02609371379552,-133.58096715457378,-130.7373205608025,-130.04271043192804,-129.98690162182402,-131.89017933503453,-130.94740271126395,-139.5652382187343,-128.99045499201276,-116.12795364434938
BDE99_42,BDE99nonMR,-108.93999521999966,-110.35960456933364,-107.42977067881336,-111.07684356837125,-109.69606751733718,-109.66388199165182,-112.63731078510914,-107.93016656273188,-109.30917190753487,-112.70843120287536,-109.11134590628008,-110.70820038939392,-111.53846771265889,-102.39052955472856,-110.42615627886974,-112.31050611005502,-108.34526077723731,-103.14344126158335,-108.54100985182872,-111.86220371723233
BDE99_43,BDE99nonMR,-42.82999838448911,-43.43758606427442,-45.8247144955853,-44.410010136812645,-47.43799680022682,-44.41399733201085,-45.62683616005242,-43.90566219822408,-45.76802905476146,-44.508252831816726,-46.96820662413632,-44.79333245666454,-44.26324106740051,-50.722873041125226,-44.36068444083992,-45.465099860173005,-43.724568451577774,-118.26062475378136,-40.94045262607257,-42.82112594436169
BDE99_44,BDE99nonMR,-83.65999669072578,-84.87437699579274,-82.08847909489351,-85.78413395619167,-83.69117531470475,-85.02636029241921,-84.69107539157895,-84.00739892501016,-83.46384463374521,-86.8916473270334,-84.55736730436323,-84.91534595983154,-86.32603965456371,-78.84802205338701,-84.98365789619962,-86.60297985402651,-83.10195835944165,-79.78309622291518,-86.20530982369483,-85.9694112030569
BDE99_45,BDE99nonMR,-35.1899983742191,-35.44852242563947,-38.31138210447767,-37.00357254134333,-39.37415976016759,-36.4577545096474,-37.32549029811702,-36.10834160949815,-36.47493735056714,-35.957404622174764,-39.16370199319409,-37.06012331863515,-38.27201266208572,-43.93783222442826,-36.5432984209226,-38.371060702754974,-36.36417820349468,-109.2397613863504,-33.11426234542946,-35.19272563927985
BDE99_46,BDE99nonMR,-100.0299957279354,-100.01127611631354,-96.7173316732506,-98.46387000726504,-97.24704486253697,-99.3764100976818,-98.21087475357297,-98.9528929722222,-98.69085969957094,-97.69323867437194,-95.443899965636,-97.5438675114287,-98.30416664983925,-94.85348772216554,-98.98603695587576,-98.49952089126596,-99.4866937249738,-175.94171029663676,-96.1974764416221,-98.04015325289274
BDE99_47,BDE99nonMR,-107.66999573820544,-108.0003397549485,-104.23066406435822,-105.87030760273436,-105.3108819025962,-107.33265292004523,-106.51222061550835,-106.75021356094813,-107.98395140376527,-106.2440868840139,-103.24840459657824,-105.27707664945808,-104.29539505515405,-101.6385285388625,-106.80342297579308,-105.59356004868398,-106.8470839730569,-184.96257366406772,-104.0236667222652,-105.66855355797458
BDE99_48,BDE99nonMR,-103.18999601472676,-103.09809311068354,-100.54173710864092,-101.57285151477568,-101.36210107739264,-103.5408139713367,-102.4136739866562,-102.43788744373276,-102.84343746693254,-102.29581929880148,-99.41303939446364,-101.06278947492606,-101.83958395487946,-99.27458501384108,-102.83086362034756,-102.1937223778658,-103.12922847793249,-181.86886209902437,-101.4824985556257,-101.76617350334476
BDE99_49,BDE99nonMR,-168.92999318402835,-170.5666230454137,-167.85103023923276,-170.76801317497768,-169.02691766988335,-169.90681208191387,-169.1544393294403,-168.30791844402273,-166.41767786764945,-172.07285512032314,-171.49993294640785,-170.98400764628067,-167.99542970735178,-165.12513473149758,-168.65314660897857,-168.8095518393671,-167.73385463397327,-172.80348854898722,-172.32155685920614,-172.30541111715164
BDE99_50,BDE99nonMR,-22.82999885698352,-22.518724664908337,-28.05412033637668,-25.286557446554365,-28.11868290362889,-24.557068709565968,-24.876751089348023,-23.304210339321816,-24.63784612163364,-24.26183209087812,-28.663938749582226,-26.564322671834628,-26.311380379942324,-30.88543159990708,-24.80375504575977,-26.19941744129305,-22.918860669395137,-96.50254836148586,-19.993940935373672,-23.17825985749893
BDE99_51,BDE99nonMR,-132.06999443385126,-134.5517866226415,-133.94291907453058,-136.6899275777712,-136.602614780046,-138.1396846157787,-137.48919474076533,-134.77335676662815,-138.4388601114415,-135.67093012857546,-132.36237638644127,-134.3149695672083,-135.33411140634192,-132.20454802732382,-137.62796024056942,-136.40623343110025,-138.95829932155067,-226.16321520925112,-140.37526728957846,-141.54782775937073
BDE99_52,BDE99nonMR,-229.1999902679489,-230.10775181096528,-227.8774477863628,-231.0013622623345,-228.09677069342823,-228.34707688076847,-227.4165242563996,-228.186841395302,-226.6414416222976,-229.71967497733385,-228.0979608906425,-228.977727730012,-226.20633897767783,-216.56416475707505,-229.0471287718108,-227.72018606829693,-229.2215597364372,-251.34351401446662,-240.67713339927136,-232.8039554793839
BDE99_53,BDE99nonMR,-139.33999415040284,-145.348075075665,-144.37490338832825,-149.4576984389903,-148.43737311701378,-152.8152235852362,-150.53904177822844,-146.61190814734354,-152.58730473965034,-150.49148584722826,-147.47201003206322,-147.23616467505235,-149.99211079574863,-143.6057767604094,-150.6467726674745,-149.3350223448486,-155.00034887676836,-176.94206084948507,-162.47610730590245,-161.0570145360204
BDE99_54,BDE99nonMR,-96.17999606361928,-96.23543828268532,-93.96276375163148,-94.25701103887354,-94.04870161335482,-97.0754897336763,-94.65254619911414,-94.46435259379469,-95.95111882280936,-95.41518086505477,-93.2552626328552,-95.2853616423035,-94.3871690539606,-92.78473205834166,-96.07116941729208,-95.2407604651476,-94.82240926691132,-171.07279517242273,-92.93555494713131,-94.30925964647808
BDE99_59,BDE99nonMR,-93.55999591718287,-91.70932056616284,-89.30092539952435,-89.71158887189829,-89.92734721140602,-93.03215126285896,-91.298810394334,-91.95369001186866,-92.50348174733055,-91.60745965154112,-87.25225424319613,-89.14812759559398,-88.06162299092425,-87.16633941104453,-91.4471177404578,-88.9571665479817,-93.6133779391873,-168.58985526274554,-88.23277899281695,-90.45498878054234
BDE99_60,BDE99nonMR,-54.669997743326974,-55.437993159912686,-50.61740890434707,-51.80279155733847,-51.75017733525398,-55.01483490713747,-51.61814789861403,-53.724697391294846,-53.94786329188046,-55.47517742607626,-51.75288792516609,-52.6119569292818,-49.67416377135039,-42.96087891400516,-54.11237192861042,-53.613007419264086,-52.42513496868443,-53.63125151353804,-53.47191381010103,-54.14791235867514
BDE99_61,BDE99nonMR,-77.39999669052429,-77.48908144953832,-75.30529884375605,-78.2316547003098,-73.63362973185878,-78.64045365383485,-79.75824217851466,-77.97021279255196,-79.36397214016164,-77.80199356685414,-79.49523701922188,-80.21979572797507,-78.50415790574624,-75.79780065850655,-78.94404054104352,-78.7117219127607,-74.69967325816597,-80.03228954950896,-79.13609779263751,-71.83089483188257
BDE99_62,BDE99nonMR,-60.87999778863536,-61.28277999304042,-60.10340706099078,-61.59280286850046,-61.0962622772736,-62.38258051945582,-59.12979680733963,-60.14153503866437,-61.0406891597566,-61.90580384117066,-59.274805461666894,-59.94734520381327,-60.5489636369683,-59.08809541420848,-62.37508598553917,-62.07770046063288,-61.53267638411374,-145.8516570664985,-60.47226387776826,-64.11635131771241
BDE99_63,BDE99nonMR,-68.32999734280212,-70.54832729436477,-69.56516415018977,-69.01224057772698,-70.26565178383358,-70.58114867539597,-66.39168282635814,-68.0773003443705,-68.60197864862461,-70.7534769586887,-70.23899831890456,-69.97967256139076,-67.08411562289112,-60.73500557506066,-70.29817239956569,-71.84895482333837,-65.25493438902095,-77.07637721968469,-68.38322115562656,-55.641221775238655
BDE99_64,BDE99nonMR,-54.70999770724145,-53.535828711284914,-54.06732377648771,-54.29240565174347,-54.27378273932815,-56.23674018031311,-52.83630110439884,-52.9619104288514,-55.20548132147531,-56.71227156607411,-51.64721783977356,-52.9385823248746,-52.35840563945828,-51.4398192442425,-54.805189702202966,-52.563632738438415,-55.43918049130797,-129.95407766339662,-51.34482405339731,-53.98373978121006
BDE99_65,BDE99nonMR,-125.76999509724476,-125.44266871081167,-122.81108392371635,-123.50173980165114,-123.61852427210968,-125.35925563344696,-124.59489406146125,-124.19409554000896,-125.36057810966749,-123.99740558190832,-121.44455848733742,-123.46923173610516,-121.40569180554068,-119.3499909743242,-124.4182692835569,-123.01506140034572,-124.02294165763952,-199.1438692068873,-120.50712072886353,-122.66396323868932
BDE99_66,BDE99nonMR,-20.199999347077995,-20.677363374256835,-24.420932850960103,-21.56340455534856,-21.829079892975653,-23.25646747325578,-19.75884644436299,-20.838027699704384,-20.955014792956177,-27.48971497203882,-28.28703447113097,-25.640383871828003,-22.245820857387592,-20.28748627805919,-19.79232783984004,-21.71248467940165,-22.323286223621484,-16.634589619430844,-21.30738876764576,-20.784635030708277
BDE99_67,BDE99nonMR,-73.09999680466078,-75.290533043855,-68.10094879190444,-73.29731088369182,-70.93190996791111,-74.94362591454077,-74.31964097294588,-75.20214362811265,-75.95309971520076,-75.97802414051343,-71.83136899582823,-72.67024568633755,-71.92075602612805,-64.26036785654209,-74.17815302327801,-73.97401622199638,-71.66876417703511,-71.88677521428514,-72.859190042116,-74.20379330924601
BDE99_68,BDE99nonMR,-130.33999473953102,-130.77729291430796,-125.29957082283929,-127.540047905539,-126.19308840279868,-131.41307170821324,-126.47115906057776,-127.28260549220168,-129.031194276171,-133.94502355305997,-125.38226276630976,-127.8433376670596,-127.59381530180916,-113.0879124117378,-129.70079225393005,-130.23438332627427,-128.35294985918225,-122.9145749955845,-132.32118569897304,-131.80865732919204
BDE99_69,BDE99nonMR,-141.76999384073596,-141.9670673953771,-144.78389009266334,-142.89215748702722,-144.37987646366574,-142.85477197858208,-140.26211116491191,-140.61436611821242,-142.4293963583108,-145.06837703481278,-143.10116093803074,-143.69688912801158,-143.14188542438052,-129.1124790296577,-143.93770228927545,-145.846776181994,-140.8352282840543,-145.4774194098989,-151.17105735457267,-145.2136843397815
BDE99_70,BDE99nonMR,-65.46999741287885,-66.2874802346775,-60.5885529586629,-65.78251394817842,-61.29359273428536,-66.48324198072942,-65.32228513400587,-66.26053064800429,-67.33472157153302,-66.7469215872206,-64.42324032511013,-65.10499040031998,-63.79751379365485,-58.45795755398797,-66.31015754850024,-65.17788679540173,-63.32970152682292,-72.01700868151889,-66.77342837183394,-65.12119818920746
BDE99_71,BDE99nonMR,-115.4299950127094,-115.9804280628326,-113.08711208615703,-114.46710287183772,-113.94917506347434,-115.79970727957829,-114.95638543745903,-114.70514030769309,-116.17674132699231,-114.63983288669212,-111.96253861523608,-114.23154805170849,-112.80748639714646,-110.07149947030824,-115.08807495218944,-113.97352971017852,-114.18380968990432,-189.19890152993918,-111.12176053113599,-113.61498091364454
BDE99_72,BDE99nonMR,-99.49999557855908,-99.0293326622983,-100.00780485939752,-99.10550942590554,-100.1751317666796,-100.07406885584888,-98.39659998763166,-97.56488412148502,-98.86801484849276,-100.3736041654432,-97.96746131854763,-98.6840193442982,-98.6900101145007,-97.40633067516885,-99.30921136312335,-99.57566631852688,-99.43605492339168,-172.364178506674,-98.03954429852266,-98.93290705367875
BDE99_73,BDE99nonMR,-153.41999337098005,-153.73180678195314,-152.44951037349682,-154.85317738177028,-153.208355886207,-152.95118606298547,-156.38656561941752,-152.58683184851614,-151.4510299740672,-155.25119628725474,-155.6673102441929,-156.0514727364788,-156.2304231272441,-149.77022865409108,-152.2987183408564,-154.58054265030597,-154.6221380181565,-147.0444687570074,-151.8654425333265,-153.9945687293353
BDE99_74,BDE99nonMR,-131.56999425741077,-135.51733996845067,-129.8756967146234,-135.98758646941536,-132.0097830172826,-134.94514055995612,-136.37003523333075,-132.03935810355836,-134.67104605320748,-132.33643533303717,-132.72572878204397,-134.50937721059992,-137.45794483170033,-126.14183731952258,-135.77498682436703,-136.09894379867652,-136.3418431453054,-142.97002850028784,-138.70044698065408,-137.2646111515119
BDE99_75,BDE99nonMR,-107.62999577429096,-109.79323855165867,-101.34672439699098,-107.81418511615948,-103.79507616665254,-107.6711691809274,-108.353586298721,-107.20387209997588,-107.16461981360128,-106.59349250504826,-105.0706967528164,-106.61858347136014,-108.84503496430204,-99.25540186096296,-108.36600439745878,-108.6826002463838,-108.4476104928944,-112.48619560003311,-109.21476439191648,-108.93493664784322
BDE99_76,BDE99nonMR,-127.80999451190225,-128.68901361096616,-124.70322516352948,-128.56005420171263,-127.50025407847248,-128.7798788025939,-129.5354215446824,-127.86910364532062,-127.28100841783753,-130.9146224214314,-125.60433523164336,-127.72669488824346,-125.72783643798608,-119.40529319602244,-128.692328680779,-128.56431869336026,-127.63699024464636,-142.33725854957106,-131.6348547863998,-126.8307830544013
BDE99_77,BDE99nonMR,-97.33999627215816,-99.29832834081536,-91.60803313244335,-98.27060989044404,-93.72708744565836,-96.7946792440276,-97.5502054826256,-97.62411900780997,-96.39035487233502,-96.39934614183454,-95.23392312193069,-97.32777452113436,-99.1257615411685,-88.6869641060079,-98.00893436095764,-98.72482364986617,-96.02899417675371,-99.981490730692,-98.8419501461691,-98.3969764333266
BDE99_78,BDE99nonMR,-182.60999213795125,-182.5702795733691,-178.9156637689383,-182.4248719485281,-179.6173356384436,-180.6779682784949,-184.9004267558969,-176.5733022400058,-177.2210809603453,-184.46756494760493,-176.34871885828014,-182.46224070247004,-185.89466130072628,-165.60581213420707,-182.5491765552668,-184.4878681421345,-180.96521154471256,-172.83203937402232,-180.45799001839717,-185.7199095102078
BDE99_79,BDE99nonMR,-86.14999632693062,-85.00916960762595,-87.61361730825297,-85.85752482873322,-88.19050653430149,-84.46751290500656,-85.97000929051153,-86.23322974833602,-84.63253948805064,-84.19108500427717,-89.83648214528282,-86.85656772766188,-85.20638391263275,-93.66367083626103,-83.22014499165238,-85.3275260598716,-86.4248122417854,-155.69417716736538,-80.12518328050612,-81.7962418490272
BDE99_80,BDE99nonMR,-40.55999854981392,-39.6915375486496,-44.19272017219637,-42.61059195591965,-44.55333053964702,-41.8302082472833,-41.97636398892784,-41.02889320713207,-41.76860344592564,-40.725988799160966,-45.46801897149893,-42.6474000928935,-43.4548072460202,-49.50545709623494,-41.56284246187877,-43.35558111816908,-39.72401744153154,-114.03670874860114,-38.29544982364988,-40.129358872642825
BDE99_81,BDE99nonMR,-169.18999294947247,-169.09967532261453,-167.59827187036083,-169.14982644453949,-167.38550449203294,-170.3195250630018,-170.00184205392,-166.3342497300655,-166.92831847124197,-171.7956292785464,-166.22080254325738,-169.64310379823624,-171.32751605878343,-154.78625023324577,-171.7455404055575,-170.10410175082254,-166.04563034623635,-167.81057193906275,-171.88217023795588,-164.41444547226837
BDE99_82,BDE99nonMR,-132.30999421733813,-135.05219750402918,-133.34616352603894,-137.00338638133462,-135.88908241671595,-137.3705839039975,-137.26789994793455,-133.96903470107762,-135.51918007723305,-138.77792280757163,-134.24181432447477,-136.31817609337529,-134.77286674447686,-126.53029059608632,-136.6245960604001,-136.67106094068222,-136.2364644282517,-153.62013919520192,-141.86919800937568,-135.68108716292858
BDE99_83,BDE99nonMR,-181.5299924847508,-182.6028640695821,-176.82085228022672,-179.47141910342384,-178.2632675201431,-181.8364323438439,-180.9926240563824,-183.44184938196696,-178.2663613300904,-183.7422379789536,-183.1744833455812,-182.23742708752047,-177.94705012219427,-177.84407889228592,-179.07330996206284,-176.71622988466206,-180.5583025261413,-192.78476437146674,-183.1363129896012,-180.6216945763415
BDE99_84,BDE99nonMR,-139.3599941323601,-141.6177864604795,-140.5056773357448,-141.8657677879625,-141.19028665788886,-142.00199915352255,-142.3907980623044,-137.7159043128484,-141.50556216413077,-138.6118967274275,-137.72832159581768,-140.75268307425702,-141.8189877096895,-135.92125539221078,-142.3069938582934,-141.63602107003246,-144.10745135614502,-223.9260861583855,-141.77631296497535,-142.3847583071404
BDE99_85,BDE99nonMR,-237.0799900617058,-239.55211603180507,-232.30293996614543,-235.54820234970984,-234.3374924103124,-237.26481481965865,-237.61045864689768,-237.5941368117265,-231.7761366637841,-239.12139848613933,-238.4228974220036,-237.94805309636664,-233.08825094192616,-233.99800175272503,-235.249345942618,-232.8223044574452,-235.66510430499724,-257.0345615724619,-243.1659622889049,-240.71336195913327
BDE99_86,BDE99nonMR,-115.08999531943633,-115.52781871965207,-112.11674084811476,-115.80674423355924,-114.40391153827092,-114.81062684656987,-116.55299607038631,-115.59072579139458,-113.8488895741316,-117.59893507408532,-112.46579757387394,-115.37915977995716,-113.37313084168036,-105.51025264392244,-115.30879965266573,-115.72271556943248,-112.99694092000748,-126.80249830863325,-118.16499731333634,-113.20074010425972
BDE99_87,BDE99nonMR,-112.54999510082892,-113.23691886616878,-111.01197584325595,-112.68259839485552,-111.41560756998597,-112.26621398133626,-111.78462160706847,-111.70123331633047,-111.75090734279878,-111.19177010876427,-109.35921723136136,-112.44394430543832,-112.10519335602048,-107.56670937305306,-112.54001418614143,-112.36880061067632,-111.64625872235209,-188.98748379181828,-109.82822302068809,-111.36329970742842
BDE99_88,BDE99nonMR,-117.12999536160324,-116.52549659720428,-117.83576405220974,-116.9917814426158,-118.11618692925282,-116.75534773271804,-118.04148951922646,-113.69033117048082,-115.4202504180881,-117.63953983164323,-114.71693528952228,-116.7436646358312,-117.91120976728108,-114.16379735981344,-116.93432372587615,-118.18915341713732,-117.31896709310426,-186.70366017791122,-112.54905404601344,-117.19729926277233
BDE99_89,BDE99nonMR,-106.51999552064515,-107.7133649887397,-106.77990630524808,-106.56852183228924,-107.95581626348606,-108.12367253776073,-106.16103870340812,-109.15641740176264,-106.8519576333158,-105.79489188262276,-110.80237174018008,-107.44790984417916,-103.86977690247215,-115.32573255656648,-106.10932702817294,-104.582201648824,-106.8063358628545,-197.4253556335356,-108.16395389055302,-106.09759979394701
BDE99_90,BDE99nonMR,-126.05999483562476,-126.20063953807204,-121.6385687917344,-125.34063108951298,-124.13663876453572,-127.01156337980731,-124.88299777997648,-125.61688071479482,-124.62040031354358,-128.25527008910723,-123.62180972345904,-124.56679004566764,-122.74343984568704,-118.14615452270873,-126.7567855599372,-124.89266167688228,-123.0268029604126,-139.36471971777056,-129.09221168797316,-123.11138111585109
BDE99_91,BDE99nonMR,-104.09999582129066,-107.23075818266722,-103.55631929120388,-108.49576846211838,-105.89053995143944,-111.74818608519068,-110.20827061949332,-108.57750238687248,-111.47965470098568,-110.75764593965246,-108.79548418069936,-108.38474986246148,-109.44762835894358,-104.87092810775162,-110.37297378420756,-109.44473798756007,-110.57555747626492,-130.625588762027,-117.05437270783665,-114.23563868655839
BDE99_92,BDE99nonMR,-44.44999817804453,-44.80782560373095,-39.69225240744071,-44.481729386867,-42.00290061157158,-46.156434264106046,-40.9837902106646,-43.36980142411686,-40.835226777926216,-49.61547224547685,-49.29979488217033,-47.58752032246367,-44.18232924281439,-48.03783279272504,-44.144715258172006,-43.51595816977424,-42.458180653906894,-10.769747454408124,-26.60834962319475,-32.37635730240173
BDE99_93,BDE99nonMR,-104.52999543337133,-103.92191917467156,-97.34005576006572,-99.53287619647185,-96.357752994165,-102.02111780215073,-94.80828859126244,-97.05958387458196,-95.28572484472998,-102.2253994953964,-97.76089417305155,-99.06752031613529,-94.16007783065332,-89.01684357748964,-101.25118287925494,-98.37420637082175,-95.04802543136012,-119.67792017338849,-100.78894994720407,-89.40547742411026
BDE99_94,BDE99nonMR,-82.31999664457172,-80.3318984129776,-73.97268910220131,-75.26050652724632,-70.30954513026995,-80.29039568942294,-76.66145117204228,-76.61820434865157,-75.73282989632085,-79.70854129464226,-77.64758601280859,-78.97784937101129,-75.76714431069698,-71.747561340532,-79.27524863832535,-75.6987626580306,-72.93634361397535,-89.2017717308047,-81.51870102488296,-72.22798245569436
BDE99_95,BDE99nonMR,-86.31999617356716,-85.23008268639207,-81.6463211730345,-85.7963522558607,-83.5678073913987,-86.75383112352162,-83.52350948953638,-84.59885917201532,-82.50908733741645,-88.54586696923269,-86.91819882164103,-85.14621366071547,-85.3588589884127,-83.87301908826167,-84.50168845153442,-86.41660997943066,-84.39925669527187,-92.30622798595215,-81.83542329750814,-69.39650975103221
BDE99_96,BDE99nonMR,-134.1599944309113,-134.07245447477283,-125.17353792947335,-130.23638376373052,-126.38233289820532,-132.02503777261518,-125.03819731366656,-127.28311641041984,-125.22945360447532,-131.82228814374233,-126.47051021578584,-128.00405821733835,-124.46142373762348,-118.39241101492878,-131.76712874318096,-129.0475536991795,-132.43514217673777,-146.7507142584276,-131.34500139658255,-116.82485552273022
BDE99_99,BDE99nonMR,-55.38999772129709,-59.87655975061396,-47.68560325357928,-65.21984879314167,-51.71094782742502,-51.01288068612976,-62.028695296391,-67.16190571330071,-64.60744334664766,-55.627518026704855,-70.64908762019097,-66.86629102014813,-68.83345390423827,-72.07930790373473,-58.43988245730375,-66.7290904034791,-70.16915213807108,-50.4184586561695,-50.55747670882811,-54.631302233177394
BH76RC_1,BH76RC,-64.91004874634352,-63.422384363022935,-61.88689371761589,-65.01107915217638,-64.3320428671984,-64.1613502500778,-66.25199413461256,-64.6363507628279,-65.65006207221921,-60.3785186978558,-55.42254180589353,-59.73263474239066,-62.856682877880246,-63.34413794765038,-66.04795327954747,-63.0592379787956,-62.361858370702926,-140.9359451299406,-62.614371837773646,-64.43025029204355
BH76RC_2,BH76RC,-26.320020181391445,-24.52291167463002,-27.146620715792007,-22.577522490881503,-25.74008019254208,-25.93918342656346,-23.770700066575955,-23.614332675006267,-26.42071568544112,-23.01655372131636,-24.45977066732288,-23.8278904642796,-22.54335604329842,-28.910547211837656,-24.511856777466107,-22.87939577527727,-26.119369616297305,-98.57675149403966,-20.76160753653171,-22.62392299003632
BH76RC_3,BH76RC,-103.28007813727544,-102.1630144487383,-102.31453765541151,-105.84452738001474,-102.99959765488065,-102.84841374255348,-110.09213160530236,-105.77222975446692,-106.12947729865007,-101.36501334886816,-102.01743632956244,-103.03696584404504,-105.65970444183544,-110.09113242196996,-102.32923606083185,-101.0231800729012,-103.77965059321043,-166.46585864227217,-95.88317732066095,-102.73991538953189
BH76RC_4,BH76RC,-52.64003973527342,-52.78146863631129,-51.378407088291056,-54.79236246722535,-53.036248715229085,-51.00676874381934,-54.4114245578764,-53.19339760702198,-49.79691378614324,-52.30087858290997,-51.32114383670357,-52.5401610603376,-55.20747485631945,-51.89901875469676,-51.54151437082339,-53.07505898387128,-53.11606913203743,-45.717584422978014,-51.27920859807702,-53.27891997182145
BH76RC_5,BH76RC,-32.16002432554773,-31.65615461192625,-32.59356622862151,-35.23095227805426,-33.22912332342351,-34.17725957906485,-34.66532697254796,-35.346426069440206,-31.31874138716382,-35.61837712934394,-32.89813855678086,-32.97228106013886,-34.63507110126214,-35.577735662530095,-32.7181173838184,-32.34140757050661,-32.16826466255353,-33.13438807908463,-31.97936245643236,-33.2652513165918
BH76RC_6,BH76RC,-26.12001973430957,-25.71264296833327,-25.63918796424696,-27.804937642020843,-26.73223197069664,-27.675891197157057,-27.927324140517424,-28.52525200219221,-25.392744348741985,-29.07332825225773,-26.12324845883313,-26.40227657057786,-27.64138030958067,-28.038938058380257,-26.61362044366536,-26.60312057864708,-26.258278755492423,-27.14212731576061,-26.838781625036024,-26.74362113446716
BH76RC_7,BH76RC,-20.32001555406776,-19.9063183871322,-19.82970117462045,-20.65444089244112,-20.67176561324531,-19.7632665583374,-19.92555462730061,-20.05696408455564,-21.99852985308561,-19.3255174552501,-20.84038142499032,-20.369335790681053,-20.615910743971057,-20.596292162314235,-20.42230838346364,-21.129735581621315,-19.340249793888688,-21.492040569225928,-21.362517908700987,-19.649442920922574
BH76RC_8,BH76RC,-36.71002775093359,-35.91978178964799,-36.82886235758348,-36.8801181471888,-37.87757721221203,-36.89861129063674,-37.150541409753295,-37.731519613033015,-37.829703635918776,-36.03854862527246,-39.43603646137493,-36.64032569281511,-37.4871858098668,-39.19767221858428,-36.546785428330026,-37.51691005512679,-35.92001112113976,-37.04735779159204,-36.91420906364573,-36.796232233798136
BH76RC_9,BH76RC,3.690002946205579,4.249133152128407,-3.1552773367376123,0.4840005673785109,-2.719979348410223,0.9314311376294108,1.951485940294968,2.8514834340883937,2.2830401718090343,0.0438021693234296,-2.9291334644431264,-0.9739001630752488,0.2608221166023765,-4.457802203349004,1.2992638253742994,-0.1357970662471357,4.4564529086302285,-67.5038177076379,6.239123344355727,3.5785940698276515
BH76RC_10,BH76RC,-19.550014993695065,-19.07671722790423,-25.12876360044824,-20.37382731525958,-24.53620226253691,-19.93226113480107,-20.09426161615856,-19.06054950906372,-19.05979147760984,-19.554478092072955,-25.106743790997584,-23.07525145952417,-21.286434109942224,-26.41499210876406,-19.500762841843287,-21.82961283677705,-21.011462172377207,-93.5005113675977,-15.450053781129466,-18.222151309427314
BH76RC_11,BH76RC,-40.02003041244213,-40.25517415111484,-41.97234981081748,-41.360284223429225,-43.32769252636012,-41.55309378844389,-41.05238778934661,-40.734098480603166,-42.09216270473927,-40.4635029666816,-43.51711874855225,-40.609630470397285,-41.3762493194739,-48.06373782708366,-40.8353921266629,-42.442967797394815,-41.533528276478776,-115.62705144802635,-37.753637822797664,-39.53300946966958
BH76RC_12,BH76RC,-26.56001996487833,-27.818332019960973,-23.303540096443584,-27.99603216085371,-26.481702389947326,-27.47098425349549,-28.248434669105755,-28.103045430281608,-27.90712184951068,-26.956745322345828,-30.23418733299937,-26.412132422588577,-29.18433775300756,-30.281580613539347,-27.61700752788227,-29.981671935802552,-27.31757201426944,-28.958956570901538,-28.08608067947838,-27.620741005691578
BH76RC_13,BH76RC,-15.060011514180925,-14.730577323423692,-13.874296908666432,-11.42540617111202,-13.09296980228222,-12.699586936783328,-13.151486629508186,-12.788660902610731,-11.527509743657868,-11.533602546899884,-13.61879418986323,-13.474895035036864,-12.990111022080931,-13.182868880319567,-12.178941886902049,-12.931579950385382,-15.506020669423451,-12.118166865287115,-12.514391651720617,-12.312403340281522
BH76RC_14,BH76RC,-1.9000014234852007,-1.4211599252666172,-5.162353211787192,-1.7485221424777286,-4.011558943739564,-1.4839218540278682,-1.0885008378204464,-2.063796644681946,-0.9533992402951242,-1.2632024874350078,0.6051590926252667,-1.8213515823075568,-0.3920763907683507,-2.544196625433349,-1.1018446384771785,-1.4311346903313915,-3.229339852147996,-69.90825081090108,2.4580547922331184,-1.686783874122162
BH76RC_15,BH76RC,-16.390012196865825,-16.861407040181682,-12.490347667711513,-15.927963667913035,-14.398359751643843,-15.596427947927443,-17.407856722899968,-16.359664207173,-17.181231048846925,-16.06778244237896,-16.977191888029417,-15.126688851115524,-15.53048341655384,-12.055458501816473,-15.876655983271233,-15.315913580005413,-14.986163338463784,60.486323796497835,-17.860435064494126,-16.315788896114384
BH76RC_16,BH76RC,-3.1100022144266624,-4.659838981419728,-0.6802143712889017,-5.095193320091961,-2.1813037550495658,-2.4929382630697208,-4.585765064811986,-3.856917705261013,-3.550711091449092,-3.242905269730317,-4.88467305318855,-4.09356771767698,-6.223679312582693,-0.2685477622582151,-3.992250288998679,-4.659400666051849,-2.609423803063309,70.64745588263516,-7.122886271018468,-4.9750264108183995
BH76RC_17,BH76RC,-13.280009982439164,-12.201568058757497,-11.81013329642261,-10.832770347816616,-12.21705599658982,-13.103489684857722,-12.822091658087984,-12.502746501916446,-13.630519957402292,-12.824877172648645,-12.092518834840869,-11.033121133438543,-9.306804103971146,-11.786910739562716,-11.884405694272552,-10.656512913949104,-12.376739535396014,-10.161132086142574,-10.737548793475659,-11.340762485301228
BH76RC_18,BH76RC,-10.320007632691803,-9.44678176383226,-9.707851558430049,-9.02551651887352,-9.634784041510589,-9.562805128040996,-9.610103842896525,-9.48349313884827,-9.175790040451718,-9.333217672009493,-9.47383112447328,-9.220068991443878,-8.604956029804331,-9.263748859172956,-9.318086975315753,-9.024774865423842,-9.832550087387531,-9.925670079153818,-9.384469867989102,-9.067579346746562
BH76RC_19,BH76RC,-5.010003637911863,-6.080998906671436,-5.842567583111345,-6.843715462576517,-6.192862698802993,-3.976860117145973,-5.674265902641734,-5.920714349939963,-4.504110331735926,-4.506107757186574,-4.279513960568647,-5.914919299995893,-6.615755703333905,-2.8127443877138574,-5.094094927491393,-6.0905353563668685,-5.838763655209772,0.7392050717249854,-4.66483147879768,-6.661810284948345
BH76RC_20,BH76RC,-16.84001241841321,-15.950658740319035,-16.46689980319509,-15.077384992485865,-16.674974477446185,-17.30688072212476,-16.977108994034204,-16.554184363014265,-17.501451517986652,-17.30168406517549,-16.68839910137445,-15.790622489108108,-13.764548262687882,-16.068816640744082,-15.973249959874938,-14.88515712875497,-15.864764823703444,-14.257758746082828,-14.873928512895999,-15.20406699798558
BH76RC_21,BH76RC,-32.22002427141945,-31.513206384976897,-28.963426368451124,-30.83191665069344,-30.947732372023093,-30.973760962991808,-33.192169102236164,-31.3933793720822,-32.089792021947126,-32.682199369029135,-32.468270470667,-30.893172996030632,-30.06785942079813,-27.157624972947204,-31.30508439651946,-30.927779014012007,-30.11850211419221,34.22414730144493,-36.25314633894861,-29.468076716095535
BH76RC_22,BH76RC,5.440003877502003,6.415001931154587,2.771177093387743,5.759120996736176,2.9786865698321927,3.6766156590852335,5.713715603470842,5.399817982528081,4.592283695985274,4.314384536538449,3.6225499448064857,5.928228650409745,6.626212144728657,2.618846093763027,4.909223984850086,5.179984722017586,5.202066166705668,-3.0418207734015783,6.732955202864325,19.449529516692767
BH76RC_23,BH76RC,-21.74001615556025,-20.38420738871269,-24.162747403654365,-20.165086037711493,-22.83525255454988,-21.110284670420658,-21.3272381017389,-21.871659987583065,-21.087638983069112,-20.976854381688806,-20.12002244885709,-21.205745051214,-19.42711757697571,-23.312953115007453,-20.5194969252998,-20.149745815588144,-22.17893097987249,-94.40541154303135,-16.86788872413157,-19.571388910508453
BH76RC_24,BH76RC,-2.3200016720967214,-1.7551629497319332,-2.09096272209926,-0.6639276766507634,-0.7973828147821395,-1.183677396016175,-1.1279505386584718,-1.5429002772745224,-1.0415726045400142,-1.0714792668047175,1.2621231083785114,-1.834660932730326,-0.4025328321497265,-2.3502983315092707,-0.9169736958492472,-0.5205840559598157,-2.592642363634975,-67.60563510922974,0.38993106814550016,-14.474503105866583
BH76RC_25,BH76RC,-13.260010000481923,-12.341442807069722,-16.37196088281561,-13.336683563347126,-15.185417274507044,-12.694453909253175,-12.5384361032393,-13.38261204850873,-12.242538466053707,-12.530137290460456,-11.225685342248608,-13.07072446594137,-11.491048242937332,-14.5172373426745,-12.48237785813548,-12.46795712567262,-14.214861217411803,-88.56855832128794,-9.741628065113183,-12.06469553017013
BH76RC_26,BH76RC,0.4200002486115208,0.3340030244563985,-3.071390489705767,-1.084594465862635,-3.2141761290020114,-0.3002444580651977,0.0394497008469429,-0.5208963674252585,0.0881733642627247,-0.1917232206481252,-0.6569640157354097,0.0133093503870997,0.0104564414081281,-0.1938982939775826,-0.1848709426636009,-0.910550634371576,-0.6366974885219385,-2.3026157017028095,2.068123724082375,12.787719231723448
BH76RC_27,BH76RC,-13.120010126781242,-14.202755071181068,-11.000511160341018,-13.568504513843845,-11.230604577266536,-12.190833630685091,-13.376962957229129,-14.13182347100556,-12.871865333074316,-10.804816495018416,-11.3900054751348,-13.755790489461802,-13.412624697133486,-10.15369741625557,-13.224716357618936,-12.788433744189078,-12.206399934412824,-16.625800965230855,-11.824880736366568,-12.424031394321993
BH76RC_28,BH76RC,-9.560007063297723,-10.453664389637362,-6.343744653568535,-9.32388986917014,-6.772686096423549,-7.987442593409136,-9.221945621287365,-10.080385609916656,-9.000933772463203,-6.328009602500485,-6.79412520859676,-8.998289133814533,-8.95488053842121,-5.871791515074204,-9.135872092025467,-8.559789529396587,-8.718374646114311,-12.529174305280113,-7.68850101693574,-8.560726881648128
BH76RC_29,BH76RC,-6.520004785721404,-6.503876976468942,-6.759048244765044,-6.051868473603426,-7.040190435922221,-7.744075594088222,-7.367005151137681,-7.070691224165994,-8.32566147755277,-7.968466393157082,-7.214567976901169,-6.570553497650854,-5.159592232883552,-6.805067781571128,-6.65516298457702,-5.860382263317754,-6.032214736324829,-4.332088666934253,-5.489458644901653,-6.136487651228531
BH76RC_30,BH76RC,-2.96000234974736,-2.754786294925236,-2.102281737983644,-1.8072538289430973,-2.5822719550658566,-3.540684556821184,-3.21198781519146,-3.0192533630681755,-4.454729916950575,-3.491659500648069,-2.618687710367587,-1.81305214198129,-0.7018480741668159,-2.523161880389761,-2.56631871896572,-1.6317380485297222,-2.5441894480084835,-0.23546200698351244,-1.353078925481313,-2.273183138544179
BSR36_1,BSR36,9.540007081340484,9.53311828233092,2.231532311652757,5.848208767777608,4.448578755356084,9.692103455168317,8.832072981034925,8.611758357981541,8.664846726268323,9.626294403070403,4.447776923708309,5.001741157906563,3.966428901667606,7.224756660004593,9.112007028189792,8.16498397438957,8.761386808626513,9.258772749555902,8.735345788122748,8.623019059657347
BSR36_2,BSR36,9.500007117426003,9.487788252942936,3.855507189472592,6.339618653272172,5.569830881379178,9.61008169180914,8.791177247338862,8.4576976285034,8.296273075337579,9.034675647134453,5.493287652199296,5.661737111210207,4.951532054128147,7.711589867908052,9.080007496305637,8.316174350045888,8.799701091331666,9.013059914632878,8.554583371138259,8.534361992469128
BSR36_3,BSR36,11.090008193064506,11.15585489571349,3.0415079865678463,7.007711424061653,5.507522892904241,11.32109922455375,10.46202946741323,10.02925287489482,10.046060527920943,11.128055096467133,5.464250216054182,5.962516646584671,4.862159958552819,8.587784923332098,10.572757090915202,9.50074450378776,10.255666399332137,10.577977698228134,10.19331293524488,10.120328730442667
BSR36_4,BSR36,8.850006448796746,8.820401053806505,2.7912455366426903,5.592107530448719,4.62963073809537,8.971684928384423,8.12048232028336,7.91180159738335,7.861141377027886,8.639058910662405,4.61872725894998,4.943187558629062,4.127191683338604,6.918864240174711,8.450300923338851,7.642913787731956,8.134244339132794,8.377513315597025,7.9291082662085195,7.8964063774610596
BSR36_5,BSR36,8.64000663824572,8.582538253841282,4.423697941954366,6.0431658584724826,5.690666803990888,8.661500720265936,7.953569820252995,7.61874827240212,7.381348574418024,7.88822267789152,5.591382254967573,5.560474715100335,5.060054483843415,7.316797929876696,8.255431307456293,7.681813727535578,8.039687228788697,8.24906867088361,7.684101426234852,7.672025611864926
BSR36_6,BSR36,10.810008445663142,10.7474482611753,5.4885914968301135,7.531481031850323,7.074095463034556,10.81715264100986,9.918553363873114,9.4995027252704,9.198158117651392,9.84307583404875,6.952186875739456,6.9159824656014885,6.288983219528493,9.114945843348828,10.33545547267336,9.620512405297722,10.068992711677105,10.29932641390587,9.61236184559203,9.582120832388746
BSR36_7,BSR36,12.7400098420842,12.824080674908751,4.306868604595175,8.240737922103278,6.861834547590442,12.986352491291644,11.815362332903549,11.445747267212534,11.29508933336783,12.479827032115242,6.807340871859562,7.255716596893842,6.128008339633255,10.058539997101498,12.255712776488908,11.137870662435391,11.8282586565853,12.117972645587072,11.592368098120343,11.5476500800403
BSR36_8,BSR36,11.700008897779282,11.688000751012243,4.917682749834967,7.836182940701149,6.9557986947725885,11.80495295467197,10.768803914570409,10.353586041114957,10.130362535237342,11.012059844711912,6.8604428571041725,7.024134099994703,6.185255087703482,9.522977603743016,11.198430346783852,10.290415666415504,10.864458569735852,11.094467245680727,10.527566349263633,10.485310838608685
BSR36_9,BSR36,13.200010054610203,13.290635725893743,3.921235041822237,8.360650025277785,6.713365366794009,13.38992265935294,12.292698184909344,11.769500426427967,11.72087829412706,12.978878853501568,6.65221086625616,7.161837728246244,5.932126362724951,10.219336225026888,12.612162505120912,11.393493737554529,12.228737033377206,12.496892463545175,12.06836449728633,12.015295547872885
BSR36_10,BSR36,11.070008211107265,11.069691130601823,2.1274979552147366,6.529944786756242,4.7904355001413945,11.205781808483712,10.08339746714439,9.87842532521744,9.983909228602512,11.18268243174711,4.8297535495053925,5.562732933411889,4.272137398425327,8.131952126732473,10.594811664404745,9.459692771252524,10.136895076377517,10.7032548072542,10.077225007990375,9.948992439276113
BSR36_11,BSR36,12.490009440109224,12.597174315852785,1.2578610640347505,6.9220998672436735,4.637639704220817,12.7909209407144,11.56504177558068,11.171179116300456,11.519877220442435,12.950844742245026,4.713259992438933,5.727360608700044,4.0326674839524514,8.87767710656602,11.883958719309652,10.406037236307084,11.375398379880194,12.184628283656233,11.472140298416498,11.335750541227094
BSR36_12,BSR36,12.35000956640854,12.475024388387304,1.9043190024309813,7.274213066156756,5.06439609636386,12.716724220497683,11.551535387162296,11.301963950624598,11.58699299824349,13.044340139813494,5.137982689118625,6.2753795671358095,4.53008263511573,9.057148267459054,11.87978069847693,10.54406428295271,11.35308114977908,11.957134488416084,11.350077631455846,11.208468123752331
BSR36_13,BSR36,10.990008283278303,10.967117490711308,3.780964523288758,7.020099527801721,5.931272573346388,11.082501297184416,10.00069818181578,9.698585314254018,9.586347652007074,10.533376102342404,5.901529440044091,6.218575150495891,5.281353355442276,8.622797567449663,10.508423125383098,9.561784546641576,10.1382051969345,10.378489537848015,9.842402579318327,9.793386560834593
BSR36_14,BSR36,9.830007447229944,9.865180922069625,2.297239644442017,5.714811548734237,4.501597532804109,9.899545537082988,8.689188069805239,8.441866693970862,8.501723818747669,9.525087353320789,4.551426679601328,4.997650486382022,3.9349421077312976,7.216125392676658,9.43154639857188,8.441822768326338,8.978512387725697,9.21525938566786,8.756011328800039,8.698191854505245
BSR36_15,BSR36,14.270010971850985,14.570235977074544,-1.6675155639427386,6.683176827290364,3.115411283325755,15.055307703113582,13.351644832522355,12.879630762796202,13.918548500225423,15.94246760808122,3.366163190690093,5.569009032205392,2.502824047329866,9.207674800829082,13.612793128467098,11.49772111585586,12.809101542430604,14.357199758309767,13.210065655001335,13.085832250969814
BSR36_16,BSR36,2.24000174426776,2.220792236001308,-0.8662813469882177,1.7333222314977643,-0.5756392899264815,2.089895202978377,0.98400017907262,0.264250263589452,0.8498564747595646,2.6296503636111166,-0.0394390959705089,1.0771187572097511,-0.5679347913561593,0.7516779740200539,1.9972237253216585,1.2198269617569204,1.3740983449935682,1.935633216847124,1.3018421255960215,1.1726829871782998
BSR36_17,BSR36,10.560008043688164,10.79694614572162,5.505220058630836,8.447894989246983,6.716382934343938,10.660212521537057,9.891334952159106,8.910529925794366,9.22351182219622,10.695769969400551,6.940003967567567,7.637415173212161,6.279229651514778,8.999443311979773,10.25724407235688,9.477304075656116,9.827037104138002,10.397521923721664,9.74638621854023,9.518828928415287
BSR36_18,BSR36,6.110004528088503,6.19593542447481,1.2087509175832891,4.519855046421695,2.0600694266570176,6.035919504532395,4.550068184379016,3.7397887948444337,4.222787229641487,6.27925123785139,2.5642493182136845,3.6701049344989167,1.826253749048545,4.109771330060358,5.8306994964519205,4.816806523045025,5.106347799233445,5.4883154628890924,5.016437598333719,4.851194676375617
BSR36_19,BSR36,14.670011238505262,14.978600945042636,7.451335145349956,11.32241310388555,9.295344776979046,14.806035839648112,13.699301145355994,12.559542823651151,12.798783132402964,14.584551789971414,9.510786286936792,10.224146775408292,8.61643487235495,12.416606205609774,14.238627465994284,13.158239196169957,13.691550497825682,13.944553972595711,13.495671903883828,13.257937608327884
BSR36_20,BSR36,10.210007731926984,10.45961926626996,1.5658392626164106,6.837696015185828,3.5391329768809423,10.224520143484847,8.49645336666031,7.500616037099965,8.154428072765045,10.68780950968678,4.05250581948763,5.684028004758249,3.074783935450611,6.988742314646064,9.82696176721809,8.348589669672847,8.978995584422249,9.361326120129768,8.97505620793373,8.643114305175343
BSR36_21,BSR36,9.780007492336845,9.967093104145397,3.044476859387476,7.047107033607521,4.441444286363364,9.742184986250068,7.842431993844114,6.936352740913909,7.31854667324089,9.622885583345518,4.913948691968466,6.009130497643863,3.975779545800199,7.203129483185203,9.449351038608038,8.203884980951582,8.646267823617666,8.85749193369832,8.515877036986256,8.312178612384972
BSR36_22,BSR36,8.720006566074684,8.903427648086032,0.6478617398263838,5.7704442797120885,2.4280040847099102,8.72208048484789,7.012838929490141,6.244905197039737,6.928748016364906,9.423248213260209,3.006690497919549,4.745123103807876,2.1641462654866026,5.717861307550715,8.40875841559777,7.050149450476715,7.543369280427044,8.28373343116403,7.526803196193198,7.201143692306777
BSR36_23,BSR36,10.10000783116216,10.313246657349024,2.944652150235536,7.2922419781041885,4.481188038171951,10.105732600052708,8.243902075949816,7.39457390131192,7.808791336384721,10.2586441087165,4.994319540626094,6.196731043766016,4.055683715689121,7.412940287902489,9.805906314344542,8.522637705418653,8.947823541782434,9.24413257875623,8.806391341611418,8.586297482011314
BSR36_24,BSR36,9.470007144490143,9.671082954545268,2.7311669010634056,6.710033605270124,4.113565064099499,9.412184028933014,7.519805151357591,6.5843752723057225,6.977966533683637,9.258747734138476,4.582558303150391,5.681591510971416,3.640043716665832,6.8671923490216535,9.13871458441096,7.901959487763258,8.371395161187454,8.494633047156228,8.220247946876515,8.00078904566729
BSR36_25,BSR36,18.550014013304622,19.249110270162205,4.627932697456288,13.09685377214438,7.672690994862822,18.441719055715524,15.86382906215636,14.13755740155524,15.330281538926403,19.493495278105744,8.587490495893718,11.325049584881402,7.137363352805748,13.359264680007463,18.143352859105526,15.971103814731284,16.799258119126723,17.561879057738693,16.789015935267816,16.149942893119867
BSR36_26,BSR36,8.930007004135181,9.56209190077396,-4.997763124354197,2.56355121388721,-1.921435013533393,8.62633508924791,6.254766194719969,5.566959586213925,6.195417917387684,8.73653416156644,-1.3075530372384438,1.0066733513302568,-2.3706159587379063,3.431432019827057,8.751476103443808,6.6959799658197685,7.420201165579816,8.393660614195817,6.9157271444058575,6.845508963876039
BSR36_27,BSR36,14.560010710230966,15.058524881484969,2.4887412914910096,9.611819893040051,4.95985678307382,14.236169385853003,11.492543347029152,10.275515453922727,10.719715417180872,14.181113900913738,5.632095132456874,7.437030313824089,4.493247954539171,9.770934332853177,14.15748867125233,12.211950642253171,12.88083466929507,13.36896383814743,12.48036456502194,12.18387492191972
BSR36_28,BSR36,25.52001902057341,26.28531476591426,12.781765201007138,19.755514871032883,15.830970971825703,25.61411469363461,23.583521081360043,21.50109430781258,22.09031911514992,25.50453760882065,16.364332312944747,17.85678647597585,14.80969447097437,21.340497753416127,24.96145570670457,23.09748819900124,23.89649887948208,23.963807997137046,23.596208242181806,23.07368808864202
BSR36_29,BSR36,22.86001702769413,23.58825080848775,9.29263098675609,16.96465864127782,12.495721909907491,22.74032838056734,20.754814295904737,18.938623602447738,19.85795121189708,23.278386441922265,13.11969135198254,15.28065457561597,11.780301182302969,18.193832356717508,22.3500314185228,20.47008802157974,21.28822236012461,22.20379384006275,21.247340171213647,20.74089350159248
BSR36_30,BSR36,27.25002059742207,27.9807452142724,10.864286446299536,19.76074164843048,14.858976492350765,27.26229342762858,24.705629506790885,22.69739556299248,23.521335331682803,27.475556977786617,15.50780340434386,17.587590182672695,13.916470879135383,21.59651145311821,26.593437730955827,24.352755201652883,25.35898970795317,26.028052490671225,25.090187416896637,24.545494061714468
BSR36_31,BSR36,24.960018898261207,25.27883286772589,11.583069809017006,17.964339027039102,15.142057687622192,24.97690392312928,22.766823273947264,21.318433328021456,21.303918092675257,23.8999864082769,15.305263363719549,16.149856477205923,13.821088058541743,20.48962998440704,24.14697244302059,22.32467639621132,23.308735680347663,23.644877727070615,22.61776014372375,22.27913853753226
BSR36_32,BSR36,26.82002035783193,28.024850533491296,12.011520664993718,20.530005763658604,15.049665012469044,26.492634232447493,24.32520420986781,20.757329479267973,22.902091977204734,27.97025250297195,16.281282187041274,19.729446809706104,13.882258246739717,21.57963496240298,26.206077826905428,24.03487502904904,25.070391249089365,26.7537641645934,25.281473393754656,24.58334285243766
BSR36_33,BSR36,38.34002879048657,40.08895209973008,17.02505335342875,28.48074652029016,21.93578951058964,38.140778844633736,35.02148359152608,30.94721179008961,32.948392025423686,39.04122682749245,23.18204045704972,26.65435277390315,20.184434539295086,30.95660410089932,37.5800466070416,34.504655995448154,36.18396408958289,36.26412215868491,35.8233343602912,35.24160237405997
BSR36_34,BSR36,31.090023408306948,32.59694618284132,8.601921519517266,20.8498305253954,13.71408351157094,30.697732095415635,27.4178244747116,23.79691954591234,26.70489502236964,32.67124173575376,15.252901588698409,19.96615329802497,12.498246066682588,22.93367804309232,30.25814231888882,27.116204515694115,28.78320570963588,31.00633329898956,28.94652321130073,28.2176813572653
BSR36_35,BSR36,49.82003788673621,52.17520795086141,22.00732195113516,36.39540899612044,28.737695397366352,49.86630792526816,45.70117011667677,41.295007675823655,43.15882627559116,50.225924568694985,30.07313803044537,33.90522631530844,26.43481469381571,40.29776767449521,49.1389967716963,45.15499478094743,47.26988557514787,45.50511805786668,46.364345640303505,45.84138145550403
BSR36_36,BSR36,45.46003428994413,47.894165440044645,20.655531943141355,34.62572635553852,25.45938761198367,44.40118986358637,40.45586027776503,34.34022686416956,38.11581099581794,46.91232885082477,27.728932188391028,33.45257913328082,23.624141275642195,36.24318241415218,44.62699299835315,41.051413894633626,42.78499359767617,43.59635243473656,41.96938190695722,41.505484984130355
CR20_1,CR20,-31.359732627843208,-31.98188637130656,-38.77338231519902,-34.05443338461778,-33.21945986577327,-31.22677905800123,-29.86357138975041,-30.60856425429691,-33.18152346674312,-27.82201600259628,-29.71593209019619,-34.23417983388078,-31.54928748946807,-30.1690128812862,-31.143753530515767,-28.30668185550513,-33.66838261150188,-31.364749433030784,-31.219250247800716,-31.29582319693808
CR20_2,CR20,-16.165329292131272,-16.695780118807537,-25.308186317610325,-20.48282376563733,-19.091918958685227,-15.499672262128197,-15.199285861437202,-16.483450679354398,-18.070053728407764,-14.245055171071428,-15.099851776939548,-20.371970640248,-16.812406143107065,-14.50623126578069,-15.62361203485746,-13.41294704876918,-19.126884303634952,-16.424221503222995,-15.824604357372127,-15.746722786111825
CR20_3,CR20,-18.2460885846763,-18.86400048955828,-27.74197108230842,-22.571007122735843,-21.553462357969103,-17.86004914880236,-17.21607577140259,-18.53173259152608,-20.30134507642038,-16.30899658221328,-17.476863814247736,-22.675276104971136,-19.203582449807303,-16.928294341779512,-17.756773325816923,-15.47212465897259,-21.15367112039809,-18.485059921867038,-17.827756234673462,-17.756397064574536
CR20_4,CR20,-23.88463834229931,-24.5143997595894,-32.649979330325486,-28.313377193360548,-26.81912785111319,-23.59876134116128,-23.33191049002724,-24.36338483559209,-25.76259033790289,-21.88145158270749,-22.90159906848211,-27.972860369524497,-24.850508705899067,-22.935960734299908,-23.6600116623848,-21.304138474011864,-26.62535244482018,-24.954826670097233,-24.356405651662893,-23.65249817165009
CR20_5,CR20,-17.786864601369714,-18.55422711190304,-28.87294496164459,-23.59883112024733,-22.204837209601365,-18.01192526679733,-18.03142876329404,-19.13979385274515,-20.8482971432381,-17.1083437526372,-18.680551922651382,-23.79739243703761,-20.126830926665555,-17.685147887795623,-17.826525772950284,-15.700389638790677,-20.988978142688783,-18.418923588545788,-17.759781082656218,-17.90183911211813
CR20_6,CR20,-28.74518240118904,-29.811571436639465,-39.57978802595187,-34.60517033756692,-33.07394518781383,-28.5693705617852,-29.05170415026289,-29.798583120085727,-31.57273067863717,-27.70641639555372,-29.599168955099795,-34.689755539871086,-30.674362450456613,-28.82526265021026,-28.637313899117903,-26.60927274423897,-32.274223952076085,-30.073053164487902,-28.89092868185676,-28.874787662057543
CR20_7,CR20,-30.78964654575444,-31.78296091068149,-42.67930349033813,-37.604874458732965,-36.070702398991415,-31.21727856458937,-32.114648738948006,-32.64466501535459,-34.776522216090726,-30.72697435077704,-32.68241473032862,-37.80474432108093,-33.41003367725275,-32.104089762570275,-31.03275545043708,-29.02461029921765,-34.421861505076514,-31.33475586156602,-30.998184315850857,-31.138197616202532
CR20_8,CR20,-21.667427114619937,-22.64853723604803,-31.85986439303231,-26.56701525223093,-25.27065980777133,-20.97020573055104,-21.399574193608384,-22.29380431059328,-23.72805125962305,-20.13478699373461,-21.671622329221293,-26.799487181076465,-22.671428656179,-20.70785644413009,-21.216663465048214,-19.15313815545409,-25.184734845138948,-23.42212919931906,-21.680305760266947,-21.56242506531349
CR20_9,CR20,-19.047079327934927,-19.83472200340723,-31.786917671702174,-26.108896501351897,-24.79138451221293,-19.84614800964461,-20.09899573587748,-21.082923249340297,-22.92859107476806,-19.21986368513109,-21.58238834847592,-26.587899395046254,-22.89797394624257,-20.09932298206741,-19.38657531935216,-17.355190542995896,-22.307303626371247,-20.199390075886473,-19.296847525315957,-19.399983874426027
CR20_10,CR20,-35.703811289202584,-36.68385696634194,-44.30735605022751,-40.19923626231804,-37.916159255696485,-33.99391386086115,-35.73858541699688,-36.23536345777298,-37.05210958336799,-33.07198993102562,-34.40645634768109,-39.694188211400174,-36.28900987021545,-34.401605824937306,-34.19170854942295,-32.354075418040175,-39.43471716225133,-34.807307945677216,-34.464503081051234,-34.39104116354352
CR20_11,CR20,-17.753600951659266,-17.66854417597406,-26.49258509846164,-21.56963942675172,-20.94712078654022,-18.14692137999697,-17.43657243498395,-18.56615914182218,-18.725354969559515,-17.12591922619001,-15.703087427512916,-21.40094988264744,-17.60633219644991,-16.637065124066577,-17.57982776504112,-13.879805312321457,-19.606045734501645,-17.65107720099273,-17.60555581299322,-17.216087936519674
CR20_12,CR20,-7.659612818881762,-7.590411827142905,-18.204513258159352,-13.89850358859442,-12.274086128425182,-7.751793960660311,-7.848035402390097,-9.903965086404716,-9.405426755955377,-8.70582422443667,-6.4364402275464645,-12.840278576967496,-8.391306122150418,-6.492522631224184,-7.25141545873448,-4.229877459149088,-10.093752287086083,-7.98830642222064,-7.180110162555778,-7.023672925424637
CR20_13,CR20,-9.609091481868171,-9.55079616554538,-20.660062498721,-15.740882762321364,-14.686764800214265,-9.755124231668113,-9.582983197164433,-11.618219814904045,-11.242978687607712,-10.296470191556372,-8.676751396731998,-14.97930168490243,-10.6461465829312,-8.684541361566941,-9.130302945466166,-6.086069057695809,-11.94230708406757,-9.251937072749582,-9.03335614486741,-8.928165302375394
CR20_14,CR20,-12.341705106028831,-12.233976287565826,-22.73746059953569,-18.06371010967398,-16.768615708250785,-12.609357349493138,-12.649220579097635,-14.315719640431697,-13.500608051435943,-13.019508899688851,-11.25868499874616,-17.393485563714567,-13.241137213773246,-11.766285005150136,-12.060553313988626,-8.839698350684117,-14.626886284303737,-13.056262369143738,-12.79027428752048,-11.822494889419408
CR20_15,CR20,-11.178451260866945,-11.310492620168445,-24.12567207317125,-18.92704548794584,-17.884033878699068,-12.257901843252927,-12.338017860375656,-14.3315496965423,-14.179890382989347,-13.199468011953618,-12.186138542016336,-18.42765023060375,-13.879741118196156,-11.831796804798456,-11.477292733252735,-8.52312697457488,-13.660249129247989,-11.89278352474626,-11.483263938175664,-11.118194995181938
CR20_16,CR20,-25.50751652181224,-25.87092827989332,-37.224800378914985,-33.21203416965301,-31.473828910482663,-25.947334774610383,-26.72928945315672,-28.3604993270689,-28.22572434823068,-27.05735008848139,-25.94433063573533,-32.091148446485604,-27.51426628025198,-26.123169015518528,-25.52774497998346,-22.65637696290671,-28.21042043256117,-27.800427357751577,-25.772931517156113,-25.508341373348543
CR20_17,CR20,-24.98260986683684,-25.22533994407557,-38.39863215133798,-33.89023693379562,-32.284402350943225,-26.152448796455648,-27.272772020115173,-28.70371406511349,-28.944352276690307,-27.68032988542235,-26.85971867792724,-33.052456000427256,-27.87482663515572,-27.04682066719484,-25.481255187576505,-22.62981655761699,-27.818298281918832,-27.08921438036692,-25.51060480784963,-25.40030700917656
CR20_18,CR20,-19.60035066615679,-19.66682425078048,-30.29378724156464,-26.527891919027148,-24.311979133982184,-19.23795327719507,-20.08021199276917,-21.94737615930134,-21.484724719218868,-20.45264601929308,-19.154669906039807,-25.18414388431815,-20.560802108949304,-19.20304222629348,-18.940950093902725,-15.978697808881885,-22.21270500626142,-21.134449019818277,-18.89238208538319,-18.996687541315847
CR20_19,CR20,-13.78409273551788,-13.867064422719194,-28.771473730382304,-22.93385349469781,-22.21537648224017,-15.402132189471176,-15.728536513434353,-17.737659638242217,-17.575641021876145,-16.46117114368976,-16.577533425821347,-22.61687637108737,-18.20630209953274,-15.805254817207954,-14.509944051079833,-11.758262798561429,-16.187024043507922,-14.685996317572855,-14.430902489821204,-14.082980197140339
CR20_20,CR20,-31.81549401387193,-32.078597880434515,-40.69460918387949,-38.90561268039141,-35.44201703492244,-30.944073489738106,-32.72604634247594,-34.42903031080194,-33.81666257747104,-32.200098963081345,-30.17645539456812,-36.35817258392528,-32.54399410974397,-30.94663837141884,-30.70937390231165,-27.992033921483458,-34.665742861985315,-32.20909299551294,-31.09888028617834,-30.915560032863176
DARC_1,DARC,-45.40003434407241,-47.552007929799736,-33.9799279297232,-45.90061822982662,-41.884900529773375,-45.42534180116805,-46.65974806707069,-45.79428160387488,-46.75748913100547,-44.35656810419924,-48.90788308713616,-41.41483970884062,-46.879330825809625,-49.97936693483287,-46.71474324837015,-50.981245611760464,-46.220343875114565,-47.35396665538059,-47.21622626529099,-47.15277030247112
DARC_2,DARC,-60.800046179035895,-62.31988366335529,-53.45188005459193,-62.752628001864,-59.92112152013053,-61.79458531697313,-63.49294121452291,-60.99138241455552,-62.52111936283719,-60.482151573754834,-67.84669456595603,-59.85561724941049,-65.56452945611076,-68.1216609343531,-62.87536232892539,-67.35334912748353,-61.67549328961344,-62.79544027676821,-63.36873540173765,-63.317248459247836
DARC_3,DARC,-29.900022599322728,-31.61338607621376,-15.41396846142996,-30.3208480856467,-22.905349818130983,-29.03053982446986,-28.96660577073748,-28.097975781233647,-29.35654304442428,-29.349746865842658,-30.531026297127912,-25.09727435927048,-28.980248265919663,-31.685066797263616,-30.09632143076435,-33.634211938899774,-30.36450031724764,-29.601671746854134,-30.607845098000716,-30.50196346005766
DARC_4,DARC,-33.60002553650693,-34.55582864010706,-21.87592516953019,-35.0502335028532,-27.926765092346493,-33.164496938465675,-32.99566783626065,-30.86980755526637,-32.869309453753786,-33.86483453455617,-36.69350492449018,-31.37902264557461,-34.67690809916692,-36.62114072019393,-34.150929908997746,-37.651938045770216,-33.944666590450666,-35.404533027029046,-34.72523266550151,-34.79537658314861
DARC_5,DARC,-37.60002820304973,-39.53793201451849,-22.73541121643005,-36.58708496525555,-30.709729700201738,-36.72070607966212,-37.86449621243332,-36.149720588270895,-37.63875815055263,-36.57522058090567,-38.20653004043138,-32.23524018389298,-36.08665224654234,-39.8534341145203,-38.21414944873227,-41.87352077098025,-38.01139092055152,-35.755797642769565,-38.614461429603494,-38.570943927612596
DARC_6,DARC,-49.00003674396094,-50.44549440081125,-37.172170155311946,-49.11174234099124,-43.68749183783559,-48.81512915474333,-50.48665381396777,-47.06285174457489,-49.32041848307059,-49.08143281762423,-52.60470787708308,-46.63353266654734,-49.72677592267909,-53.452276577815695,-50.09299986437149,-53.63353890175701,-49.44460380523658,-45.56674529873334,-50.27160940310582,-50.22602045359616
DARC_7,DARC,-14.000010587918764,-14.958816826366167,3.9667668155306255,-9.801252766781884,-4.553183204132691,-11.80960279996075,-11.944483890556157,-10.254893108166367,-10.90312934566002,-11.00295173292305,-10.292893638614332,-5.296461273568089,-9.980402078073595,-12.392343677296076,-14.267837341752678,-17.67675714549433,-13.244433600110003,-13.418897372412557,-14.76362087170978,-14.726636957654977
DARC_8,DARC,-15.900012011403964,-16.78980908768916,1.576244812945133,-12.253197718433624,-6.951266382135066,-13.651518808963417,-13.843921685026418,-12.183200291723995,-12.616973432050392,-12.66855766003684,-12.491870445018712,-7.20825705135684,-12.38218718545474,-14.52593794977942,-16.024867885168632,-19.542340364569103,-15.077121462990092,-13.525243774600822,-16.188471310787257,-16.29151743209038
DARC_9,DARC,-16.800012454498727,-17.780368623321873,1.3120828399002846,-12.542315241281454,-7.116404599039798,-14.62833143175748,-14.749886480219084,-12.990471651737518,-13.630481491036024,-13.626831519477216,-13.05946393390022,-8.033531219028522,-12.912545077980388,-15.310077115089523,-16.962112521653708,-20.346619508546848,-16.098673928653177,-16.324511363007925,-16.963848351150787,-17.14015997754023
DARC_10,DARC,-18.900014325065808,-19.8046090160193,-1.353421344300043,-15.184164200885094,-9.742437370588108,-16.639643623258028,-16.89612186835471,-15.101574666951398,-15.53619783156799,-15.502902367193586,-15.49946581144733,-10.201163425148492,-15.480796588926726,-17.688409118564113,-18.898781080722244,-22.380267335043587,-18.11444750239159,-16.481220037051926,-18.73267945635887,-18.930637819895548
DARC_11,DARC,-31.70002411302173,-33.761474939050125,-13.172744328727598,-30.19226882156816,-22.4030842069314,-29.74188456423039,-30.83984535839413,-29.36326724773128,-30.19708269774671,-29.823875893416567,-28.884649331094323,-23.81341149895056,-27.62831644092905,-31.18675857455188,-32.72347148288656,-36.0993438139293,-31.66319865933664,-31.59175059990076,-32.88983023837181,-32.868468575365696
DARC_12,DARC,-32.20002428946221,-34.14365851747327,-13.997382264523214,-31.02310360171418,-23.153116600131035,-30.17111986977301,-31.30222100798308,-29.924092482228467,-30.72220979681379,-30.32963654411201,-29.63344603259336,-24.5619098196399,-28.384167227422665,-31.811604521914983,-33.07817742543392,-36.507896281721465,-32.00646951679487,-31.552418572398658,-33.24074821520972,-33.24819446554595
DARC_13,DARC,-34.20002562273361,-36.2431833553351,-15.47853328770664,-32.59743394601927,-24.56952784748449,-32.228692059729994,-33.268991259352795,-31.758978126143457,-32.582921785408445,-32.13723813870287,-31.3333876465793,-26.237445958688937,-30.20423254070164,-33.7857293731408,-35.06098474806944,-38.38811760249647,-34.18414258615798,-33.759580699422685,-34.85406220191466,-35.02225955424714
DARC_14,DARC,-34.600025889387894,-36.51409274947029,-16.242089890519402,-33.35373528425891,-25.259128505473395,-32.56336168756365,-33.627484347106,-32.21146485399754,-33.02424455491402,-32.541947989496144,-32.02500348848382,-26.89938041420176,-30.901953924366232,-34.32652331237627,-35.32422020340061,-38.71060582813651,-34.41948006018177,-33.58932524019323,-35.18357420565032,-35.28723084098168
DC13_1,DC13,-1.0000009803904382,-0.8692671625984895,0.5520775014369067,0.7714511112541755,-0.0605869182106131,-1.7650084478834018,-1.639995445693225,-1.6470371687534822,-0.958923770963916,-1.7959065123400777,-0.0148573535888094,-0.3274736001419407,-0.6108958469867631,-0.4311610693764209,-1.113738704082254,-0.2855664466922254,0.0769154627611255,-0.7128916889880331,-0.9367095175599319,-1.0805253542303521
DC13_2,DC13,-7.700005603727004,-8.352970501548699,-42.40757274902785,-4.043230350940516,-36.17850858939838,-19.19974422532828,-31.12140107832224,-31.44676110101922,-29.32479702634404,-10.266265713277326,-4.118533307581312,-15.962889841213602,-10.136615729820564,-9.284105705770372,-19.864808698169423,-12.170694027901174,51.427471339359016,-28.02840431497604,-70.81794854408501,-8.414537457413516
DC13_3,DC13,-15.200011387881606,-18.361673821747583,-6.165328336119566,-10.87760050317194,-11.845621592729657,-10.970635183284331,-12.148740734429062,-13.56898405657678,-12.37373369158555,-10.968246191947436,-7.092387677983548,-7.817856589269613,-10.242738877073922,-8.00452302479388,-14.093938716030582,-14.856988228456707,-39.91466847372955,-7.438929518675914,-8.947953676469233,-16.845670888667897
DC13_4,DC13,-18.800014415279605,-20.014791369083447,7.025709713535299,-14.873274797590293,-3.255511997832779,-16.803913053387898,-15.980280513290156,-16.741833980370203,-17.137605586179887,-18.42549360607888,-8.771085021487371,-7.473899821271859,-9.279328162369968,-14.187211661488812,-19.486197593919872,-21.70386853504995,-17.68228049392381,-22.954636924556755,-20.29087214444673,-19.898198022540225
DC13_5,DC13,-22.90001699160861,-27.094522682974475,1.1455214314352165,-28.02519760894212,-13.718735239261225,-22.164889642752243,-20.902580415059475,-22.1679840174414,-24.74584972651233,-28.5434424350894,-30.56735947220724,-23.13737157165372,-28.456444145082543,-29.122094335250587,-27.243234333478497,-36.55665408154845,-22.49974656017226,-34.74872519958777,-30.047660752299354,-31.047426641173452
DC13_6,DC13,-25.700019485698046,-21.23973962391229,-21.97154600442573,-12.382477659628808,-18.16115379683214,-16.58218885582118,-11.79072480490604,-10.51270085742265,-10.04974476157344,-9.17049517824714,-3.511598425976983,-8.168866626529656,-4.958114251959185,-5.171519995715617,-15.184050684437484,-8.415196851144659,-24.147162698192787,-21.172740893339988,-10.931243125458826,-12.367130356002809
DC13_7,DC13,-38.90002954030825,-39.61663243300077,-27.90052879573252,-38.0784598748413,-35.45744065303615,-38.510890207641175,-39.01026030180557,-37.18797454615698,-37.67637062913648,-37.38698541080289,-40.06803124765988,-33.45308333725071,-40.87154608501269,-40.65611499171977,-39.90714145805191,-43.86381133237404,-37.39292284772017,-39.265613223809034,-39.69290538999386,-39.73312583704633
DC13_8,DC13,-92.00006948810768,-88.59898796800591,-96.33663240574246,-83.18423839753551,-88.80406076241624,-96.9288533197705,-93.82511992499472,-96.5071490691875,-86.07076811025206,-94.87573469004232,-113.08397077372902,-105.43468757654708,-100.36279763653958,-114.18543727503494,-82.45137190255595,-90.5030554646278,-90.34526506104164,204.2845986191949,-54.76813120341246,-25.118006702793192
DC13_9,DC13,-106.00008007602644,-106.90270294403815,-75.01846997353545,-107.4381264067274,-79.43140066841616,-103.34486786291004,-92.67062805739852,-100.58938898583136,-95.70095495468696,-106.21723412228788,-96.9350226793664,-90.8244137967781,-94.42625159898432,-88.257391576875,-106.7204516022159,-101.54876010824827,-105.02786233240028,-147.35681116063006,-113.56020718381147,-116.88557591822395
DC13_10,DC13,109.92008281474028,108.65678689114574,127.43740869089746,89.44391717561669,117.87977907273805,109.78718132821906,120.8242442879092,112.68019760636392,111.98376098564265,102.89461732788236,104.08655444286178,108.43353200973388,104.74634137274788,112.87323144327203,105.0112385358865,98.69364697112644,110.1846644121353,99.72315929547305,103.21610324713888,103.63434708877551
DC13_11,DC13,-65.30004902201918,-68.51491340339257,-64.2666246907363,-74.7536765377003,-70.29257043425483,-73.61321170312382,-75.92515960484668,-75.19121831168479,-72.65063971758765,-76.60861418407829,-71.84474956858108,-69.7529429090084,-71.07769334541614,-72.63140830923925,-72.1692165198723,-72.51376841784652,-80.89615872413778,-75.4030692916912,-74.36031428657289,-73.48545338535794
DC13_12,DC13,-58.70004430846882,-62.609035950188506,-54.6620231646602,-67.18511954782835,-62.12267205662275,-66.2082422288211,-69.33242703583417,-69.48902064458018,-66.26502254909522,-68.89873785632918,-62.43395829689273,-60.6717423289157,-63.06012094738608,-64.11281377278819,-65.02378000669096,-65.56341443450427,-74.44928735950622,-63.58321676570092,-65.58562007269144,-65.46619162009524
DC13_13,DC13,152.6001152200617,152.55320330147453,123.90443264805214,122.42273418585695,134.50994987570192,151.21325464906144,141.58755845068504,139.25664940824765,137.76345767141814,151.47373922747494,141.12281081440122,135.18545798877918,141.58111110471913,151.26410983667455,143.96302417935593,147.7484065576517,149.87188448613358,144.14452860847152,144.62437514147229,145.9439509625637
DIPCS10_1,DIPCS9,529.2003998468236,522.61868427339,522.6967084876517,518.6103496615614,523.5882619002166,519.3383492558197,523.7632362654466,525.4308594472675,530.5175674587563,521.889657132391,521.8669943767269,523.0334745618567,518.0242024117337,520.6792022755992,518.792691113533,518.8663161098574,510.8123037089021,529.1877977958558,533.0805155703764,515.95353829542
DIPCS10_2,DIPCS9,667.1005038554441,668.4363479690996,666.7153589343263,668.8992037262392,668.7554967148185,660.0747684767699,667.5190954707824,666.6801309289573,670.1070820918878,663.2772660269225,662.334547939131,665.1734375718411,668.9495242757183,666.6684597547448,662.8341047801302,666.2152275456452,668.3998140223881,660.1691372755945,641.3674831108559,660.3184229998257
DIPCS10_3,DIPCS9,655.8004952243191,651.5984956265503,650.6301986210751,646.2616760184129,651.1636344475694,646.1271781477814,650.9504635806452,651.050020657001,654.1812144938716,649.5108727608756,649.4406457283558,651.5635799326556,648.8890834121885,649.7558829565187,645.380930138768,646.1488885950603,650.1801681849507,630.2238484549466,618.3336772767796,647.2281527953206
DIPCS10_4,DIPCS9,626.9004736053869,625.3443042010371,633.9074372264068,629.9528870790984,632.4545496691393,626.6758590991834,632.0430047969303,629.0240100305255,632.5136990886749,627.3267724175915,629.4986401244391,630.6351382833913,634.0624032638101,630.5462563354565,626.6539614030709,628.9681033289532,623.1778424450135,625.1405792283024,616.8787586701075,627.774079384866
DIPCS10_5,DIPCS9,776.5005865117868,774.2476135819313,779.2231227730541,772.2167608081177,778.8559551198491,771.3291799070347,778.5786860426738,774.9005801113391,778.2429322040083,773.3563683392712,777.055200971289,778.1194719112688,775.6113417693283,777.685785869278,770.2199191105509,772.8503465191668,772.6269445124967,741.9204591247241,653.0274302008276,620.4133799522075
DIPCS10_6,DIPCS9,747.6005648928544,745.3704772335133,752.3844240309635,748.1342288190459,753.344205858384,745.4104093636571,756.1708872942583,751.6151370116143,755.0889819575466,748.4014908143857,748.6242584974507,751.0204180451182,755.5106255279596,752.7296103410483,744.9842792259986,749.5246016862208,752.5185574327995,723.5347895488277,687.0673924458966,660.7826898404129
DIPCS10_8,DIPCS9,649.600490777423,647.8964094834141,649.5506555437745,647.39746364837,648.7058091046246,641.8063989131736,643.9325083154341,645.7605738725954,650.5344902485974,649.8385595260003,648.0654079504258,650.0200091615005,647.8194815282386,650.013885233786,645.1520895445186,644.8878449912156,644.2781109994055,585.7803107685922,628.8146107397614,624.0206921719437
DIPCS10_9,DIPCS9,522.1003943293233,525.3034134026096,535.1369410524779,518.8745544934924,534.3293349160978,522.5501498221774,527.8244431940557,528.6786641854746,527.6877966054814,515.4910209620745,525.1616390576164,527.1915308634333,526.9341394666081,517.0887054519615,524.9323349848556,520.4479688621992,521.9379494526496,516.379975976482,508.9488131866559,511.0854423885879
DIPCS10_10,DIPCS9,634.8004796561958,634.6414769758424,639.4763654981396,620.8332246235666,639.2426286984596,624.8096584735206,632.146929778479,632.2022267918471,639.6005575296738,622.3006716556499,632.4830519652107,635.0800579682347,640.02863997481,623.9084204562399,630.3682748193191,630.8848263738997,630.2481763119514,602.1695661359204,566.4665455639163,580.6028693954225
EA50_1,EA50,14.528145151628726,9.851731134961437,12.85766127962068,8.448794586849925,11.689764366358334,13.431664589601311,15.284087742756164,12.044874613268762,16.04697510673471,17.09353703909612,11.3653738457508,11.043607444261651,11.423615384574472,10.627980246423776,10.63838542027019,9.892656424346136,10.994596573566984,-23.294663877046407,22.909439274350902,15.94384958476107
EA50_2,EA50,6.918164567088265,5.757505222597064,11.39619303230632,6.147711007626752,8.644832186100606,9.71513932796541,6.145881315500265,6.222713010745704,7.844019969287816,10.460757568467605,11.440715080493304,9.200537006061513,9.394011919374176,11.157784236339326,7.604539826395176,5.391429373130498,5.383640380408633,4.2325573580235725,-10.481428365159365,-17.797201091235955
EA50_3,EA50,12.913906522554656,9.694842910532,13.527378044920717,7.276497828155814,12.016249137097915,13.696053156317042,18.04936317228679,12.932617223544884,16.112199884748097,17.87417551656999,11.859655214600496,11.598069983707047,12.808736373945615,10.585116956777876,11.156826970643277,9.914960997606306,11.64431217971322,-113.43429263383064,18.66253482494345,-2.95465272478934
EA50_4,EA50,10.838457215179126,7.548844846523623,10.936804829758772,7.187123159790314,8.273400480523604,11.455888259587525,7.38728142552088,7.352052541613974,11.371073075032054,12.82932734432823,12.411850374085786,9.983803304967774,11.188999130370162,13.0173691551223,8.063913721721075,6.451041620027494,8.995242536393164,-127.44109862156571,-98.99502968108372,-69.06298885928227
EA50_5,EA50,83.94039427913368,83.72304514037546,84.66169037792633,84.99769917372011,84.0424098748665,84.27242020952632,84.45365868807443,83.37191518604611,84.79079875794801,83.32556871682827,82.19751708639073,83.65069273325383,84.74782308134434,81.60417594244164,83.82483257364218,83.09372498770121,82.51277893363336,92.38930195757163,85.28798805521454,82.62058294431361
EA50_6,EA50,32.976583578857785,28.959902651804068,30.71066864255721,25.974245267414485,29.0480019696975,33.363881798690976,31.3556128399346,29.362834328914875,31.4476061054294,32.74490651633591,32.4831087479805,29.780736687654304,31.07444360325618,34.187369697850784,28.62559547349046,26.45074358233668,29.675783607475232,-3.1126410817324692,-1.1509401561609849,3.1705475283988305
EA50_7,EA50,48.1965447479387,48.13357486245208,50.72558965518229,46.48842248122612,49.66245996658901,50.047815040663295,50.3882101904435,45.01972363035042,54.10693286465212,46.51531621957604,47.40632533028669,48.31205022863328,48.95196110960708,47.31137147501328,46.93437131329908,48.59991662275412,47.18878312584684,40.837469666200825,46.72538881111355,37.45554154932741
EA50_8,EA50,81.63433963260744,80.87870339151783,81.63341047918284,78.01710607359973,80.89472715988042,81.1515206655846,83.3667475828938,78.45747440137266,87.34686070877147,77.61353370924283,79.42897923512547,80.07172570582871,81.20616086470842,79.71652014018561,78.71875604279407,79.63061051670172,79.8928140137247,83.45755719874194,79.38167428621374,77.43748244779137
EA50_9,EA50,9.22421921361453,4.8901693460120645,10.103928698575542,4.610382261380852,7.270979321596306,11.175899807273154,6.844852572371183,6.172855688805322,9.01664347215086,11.681233061262777,10.39513921654696,8.254096155432292,9.18138736223444,11.28053048611069,6.365930502055369,4.20762446718979,7.174243709824668,-75.652300586226,-110.2213377117919,-69.32432383554189
EA50_10,EA50,17.75662178226739,15.427647352240449,23.299748872380125,18.300276726212022,21.71082974848309,21.94939661414092,20.309459903526587,18.161689689962863,26.045311594058,18.14837607239952,18.49643844650363,19.71692052814325,19.685913088928903,18.39012572890225,18.156615836704745,20.37536414870032,17.75082295467931,9.59733980379319,19.691689125103704,14.640747789912044
EA50_11,EA50,7.148769906238997,4.575792872502096,9.88674559885551,5.102547480126393,8.536805802632186,12.823369455636527,5.074673697542592,6.381182370797332,11.486619657554227,6.5363777629189785,9.728375134298489,7.96776333154994,10.16845612533575,8.183538739306396,3.8268756264420656,6.587875582926185,9.256486912290512,-4.332923555996226,-3.6927096847155503,-3.589871313385336
EA50_12,EA50,7.148769906238997,-3.469171067112395,5.765573425659662,-0.0314114299943068,2.031376806975252,4.4465446833781,-2.2185314448616835,0.6149602885930542,3.4300971189294804,6.884552335865665,5.107311092797485,3.802339190243683,1.5443680846785548,4.508966502065444,-0.7954465715537472,-3.0473202303130567,-1.0530908295840256,-7.904419559075376,-6.606257959148199,-17.07616069266588
EA50_13,EA50,10.377246536877662,8.297953984974404,13.666384320115869,8.488672688426846,12.868881462769211,9.224420644156863,10.809639219095772,10.217557110161508,11.129420745362694,10.021303522145358,13.219510350776616,11.099887451219132,10.830943165732691,15.264505242845813,7.883936160687392,9.02478584684389,10.218769530627585,3.5764774075965504,5.48988846799918,4.176632851611765
EA50_14,EA50,24.444181010204925,22.552926755020657,26.45676045714676,23.49234903758969,25.67496315789591,25.01024350153817,23.877495339236887,23.868300568368,26.24166821897111,28.317601147886112,28.04138653760684,25.351918205866845,25.510735645397915,30.42238589563068,22.0804295658052,23.18816212572547,27.22288896337989,8.37220093197825,12.903252111325193,15.49210154979059
EA50_15,EA50,8.993613874463799,-1.783922210938735,8.967194972598662,2.753653954078123,8.426779609228193,1.8634270337876169,6.355900704363924,3.868505797222683,5.8980546063393655,2.6429290916136057,6.718128414725478,5.920593115121837,4.764981080338827,8.720208812386504,1.934396661020336,2.9389606393208947,1.9205759449733129,-8.886533240691595,-4.3586088333568185,-6.129017493297831
EA50_16,EA50,46.58230674637411,45.635189566166325,50.14298337852548,47.53861951316332,52.23469986500938,46.21126604195169,50.13904977263417,47.84385844461966,48.19895589034133,46.62187956459132,50.85227980189418,47.94226266056799,49.58268587947944,54.14691563489378,46.224238231545165,49.299917183769146,43.907553937866815,42.11118307782354,26.976567810382953,42.76526959662393
EA50_17,EA50,45.65988476226171,46.03958302663653,54.10681451644693,52.90638393527161,55.96282300774295,55.119271308892,64.43171251873866,61.75677316482467,61.84822037147869,52.72682592705127,55.19159453682846,52.82890465024218,59.99543307457935,59.72264830561972,51.745813195107,51.78785312955903,59.1852999035859,43.00410234734867,47.28154752123128,49.190790535900526
EA50_18,EA50,10.377246536877662,9.78402600028715,14.583554802925711,13.16413747148121,15.239912958321913,11.495785311940985,13.049217017943992,12.337778842005012,15.989891260149133,13.325784288563492,15.380875180560176,13.264521228875418,15.911887816509626,16.97285573478368,11.069625618531513,14.018469594840557,15.52333866017767,17.5009552706577,5.193999453940819,13.824205310892069
EA50_19,EA50,2.0754493073755325,-1.1849004119775308,8.111398869619984,3.102267407117055,6.046434806309537,4.095271154907112,2.925991336224424,3.733086617165276,7.072051099951622,5.784534691178309,7.846005095520544,6.178974157152395,6.262557226794846,8.698494851036456,1.2399934847719574,2.7466250949687216,3.080348296676555,-5.131151617699879,-2.180571701864205,-5.120610324945481
EA50_20,EA50,12.222090505102464,5.705459210313663,11.730705908239202,6.644011262706624,9.81932052163028,11.75805289662053,13.722336265126051,9.209368197895442,14.643587818568031,14.869547579579857,8.609665927664457,10.112502046798753,11.942140205447163,6.065287198952179,11.735801222416749,8.624350465120894,8.334263393737096,1.0993614085837384,14.549856764039056,6.095970552717612
EA50_21,EA50,28.13386831914505,26.99560008146358,31.508025604000384,27.35001398111099,30.581064216352228,30.54387304759947,28.45616220509599,28.95188182565829,28.96599376072243,29.62875238722216,32.01398178661507,29.97695042902177,28.64047874313909,32.75182336495814,28.251495346563463,26.47749330739864,26.674538151600323,21.510004836704443,25.900401522034397,16.86353767755699
EA50_22,EA50,-1.153027323263132,-6.29759070424205,2.0302144711727963,-2.7205857735626258,-1.1421380886126904,0.5828684500765756,-0.9222174160241122,-0.9741720001796098,0.8159637468205624,0.763164911417921,-2.637793930584506,0.2799226264837239,-0.9139627171459976,-7.194383569908114,-1.2929007538028532,-3.553412770733251,-8.22779211491192,-6.097546068869598,-9.366331440747684,-7.20064661251668
EA50_23,EA50,16.60359445900426,15.311134907109388,18.27283523474226,14.086088007756311,16.66301282909526,17.693884640069,16.44588212638386,15.988839742511132,18.071450250758627,16.46922033323936,13.414142077798989,16.048663671979394,14.536845256729574,9.009559266703498,15.976025873552112,14.371349673097406,-8.015225719706766,12.089298619336555,11.793325694987807,13.231717510906847
EA50_24,EA50,41.73959148666138,42.70751029218055,43.04125917533021,38.294571125672654,42.13636327982173,40.61212450680431,40.77081280490837,38.97546772526428,41.730785269702935,39.166082826899554,37.3388516690936,40.00404743238531,37.78261049315721,32.482606928607005,40.11664679114533,39.27506384052736,41.4795149335175,39.81373608575087,39.91595355318387,40.32627952012897
EA50_25,EA50,68.95103782169403,70.41667618322361,71.41377869734978,70.91497762876558,71.44406268107129,71.87675493630941,73.50008473439004,67.9456016052396,73.82475750876118,68.70840651447702,66.99118718011138,69.99163784929026,73.19693264843495,64.67245201038642,72.41487010095763,70.96713245119633,72.51657291143418,74.44903405597549,74.35859078249459,72.12589412240851
EA50_26,EA50,89.70553089544934,92.36814859882296,93.3780607148434,95.39015578721516,96.38577235889976,96.3184121034052,98.28559412643,94.01964497541104,99.51420854264592,94.21106548545492,89.93498544497436,91.93688813194656,95.31460063449254,89.74297921758576,96.67226488408576,95.19550906270732,95.64755036047914,108.01893056276276,101.45183407819923,100.46305851199305
EA50_27,EA50,56.72894794410104,57.17492865371438,58.897776183300216,56.55493429587129,59.7751077211454,58.93585295617231,62.14177658256506,55.13329714966701,61.63431086315951,57.63633480120832,54.6063109282934,57.51259131344985,61.37980600992204,52.68166783527786,60.40423209082971,59.25456552006539,56.46679143549815,62.16905067359066,73.70908172087901,67.29187241992916
EA50_28,EA50,8.993613874463799,8.510023259020432,10.427929849582396,5.639242214329759,8.453572004728358,9.782314217159351,7.986255157236789,9.495521052196224,12.350450831068011,8.780527784067424,6.315995745365914,8.443630434874036,7.546834180667679,2.631378273717012,8.293978649707427,6.3359303408333965,10.193116059796228,9.578880607655588,7.8448956102480984,6.441903232586759
EA50_29,EA50,29.286895642408187,27.04857110548015,29.074788529514013,27.088525825940096,27.869875836409747,29.459053494115565,27.084346487358548,27.49128286724903,29.730600939892184,31.47093358174827,31.18668239491549,28.73028934234888,29.40007858496684,32.921095551600445,26.26088908511489,25.818066254202268,27.81682352358637,7.830176667652326,12.512946504240347,12.706068509612939
EA50_30,EA50,35.51324356453478,34.931548243418064,34.37575161882131,30.31699831501915,33.44229324908447,33.328697342525395,33.8036031013482,33.23243676170044,36.849090690243344,32.10907375655345,30.19586206636391,32.24721670421633,31.131869065834305,26.47628604192527,32.60684941191377,31.36492520598387,34.95291742971516,33.09341332354381,32.473327127175125,32.189722866581896
EA50_31,EA50,23.060547720281587,20.23159168803276,25.579631855848845,23.34780693655874,24.05402291588511,23.62065514670804,24.480395711498392,23.26668822205028,25.77032527068188,24.44176729501204,22.29250147544697,23.361180732186423,24.56092663783498,21.260713877126744,23.765206597609748,23.391944321415217,22.967544724990805,17.785442409574898,18.855778913914207,21.430033555239536
EA50_32,EA50,28.59507899744652,26.773381657452163,28.91740501187034,28.39459517980245,27.579634695145145,28.865630334703745,28.91287100495376,27.93263086263978,30.824154170245286,29.67567723194,26.56685015452927,28.333476510044044,29.001767636577966,24.79783022682128,28.61638451285573,27.07988263595124,27.962841374427096,25.55960899219226,24.859349532255155,25.483228037063327
EA50_33,EA50,53.73107665261311,53.75472717092185,53.78761174217903,53.65380143366933,52.69515345312759,54.00279390248871,53.931926433748856,52.99517288625671,55.22419848581671,53.60836403742932,51.42087579999439,53.00647966574212,53.802533854724174,50.1599531800042,53.21019151762181,52.01323100104761,52.41255963740559,53.02211126719832,53.301211709047045,53.10949728730383
EA50_34,EA50,40.81716950254898,39.53883801270744,41.16999856427949,39.166267879437584,42.21790807323368,40.561346440171015,41.76464022159299,41.65065544741076,43.325803534595686,40.72719989244015,36.57745972294547,39.46939109995894,38.702826091201885,34.28697477810237,39.78353169256787,38.57262195414627,40.276838522262494,43.96537968989433,42.240058918750265,38.915662935807724
EA50_35,EA50,14.528145151628726,15.376618595521425,16.449179437660405,14.519873886502676,15.396775831364266,16.94055951645806,16.956914797892544,18.25167555253088,20.92469874349901,15.552448695435183,13.989983237523258,15.849371745844662,15.755849867367507,10.45612930959346,15.79881424878634,13.947034418340673,17.638295925163035,17.213390924847243,14.8676774711506,15.22096202136119
EA50_36,EA50,63.18590120537837,66.33534063321498,62.25237148780786,62.160242052859616,62.86932518575047,64.50454773163385,65.00983555391149,62.92391104263629,67.75251850884152,63.175194952494266,59.84357113829298,61.87518357507405,63.404800355287065,58.10494036491641,63.57035906637532,62.382785840543534,66.86934160479143,64.57625439850563,66.53223782897234,65.01767243068592
EA50_37,EA50,48.88836139290038,47.27156164666005,49.16235104281796,47.05405550503159,49.01881370994637,47.444334708660215,48.7403794104293,47.09971811443713,50.98896567257595,48.61445551551376,46.548369779002535,46.95133289439075,48.35845474243434,45.844251187301786,45.88005568564002,46.84816851706146,50.74351626233724,61.099115355745674,49.411630665422905,43.720496666240074
EA50_38,EA50,37.819298211061046,38.16347548591485,38.33081895943861,36.84588286182297,36.91029708581342,36.70537602319532,38.77805060918538,38.67949660672768,41.51112156225967,35.83198963742564,35.638888468753215,37.25592133477313,36.29050742157547,32.49391992041332,35.62809543130223,34.356809241340514,42.92998413890894,43.05050455811713,41.83799299855864,36.89920553222389
EA50_39,EA50,80.02010100353336,80.38298960687996,78.66550289073538,79.03238132482548,79.54620835876243,78.87512964691204,83.23027293180922,81.63874926717462,84.8218993197499,78.09963141326544,76.57304581756911,77.98496497554868,78.4540140629407,75.13598919545828,77.73721494805632,77.53444304263651,82.22652119425926,88.71614789112901,81.01451902291761,76.6645944895514
EA50_40,EA50,38.04990417772125,38.55826742392837,39.17013816962552,36.929955765381344,38.22851696838733,38.68198066574328,39.56027844267407,39.15957454964832,42.266408719743865,38.13012586738921,36.34569185973905,38.38206408138869,37.86765923670697,33.3981180253824,37.59944556050255,36.37373237158161,40.748460485094334,40.891252230657024,37.13075328117433,36.757300423838124
EA50_41,EA50,59.49621326892877,60.74819149439645,58.07720858773388,57.6858237124052,59.53369510008375,59.9643723596357,60.71461459193166,57.38444063841992,62.53663327956166,60.13085250562719,56.41276656516849,56.88160085609547,59.90813903938528,55.84319391136243,59.19450144270711,59.27755181958318,71.06677522899659,49.58702686095928,53.400865505022075,55.468579756085475
EA50_42,EA50,103.7724653687766,104.5533136226744,99.61004963340068,102.57177380638662,103.35481501763594,102.7924900982441,109.70441257757366,105.6245975457804,109.266502455571,101.64803800567732,98.02834912758289,99.41222105934676,101.53590356868162,97.52391590980967,102.49846168628736,102.50645452546146,108.41780510373611,104.7218568496073,109.56901884076265,105.37096843643077
EA50_43,EA50,18.44843842722906,15.1623697300506,19.500924676535547,16.205649536871007,17.950580568141106,18.369066008888133,15.922636363485056,16.66012961131366,19.852266603549324,20.1437568651894,20.692307073156417,18.64363183798264,19.56749226205037,21.967978362045383,15.667040898776143,15.581063692216455,16.955091008736296,22.552622227728577,11.699186850355632,8.136739664722938
EA50_44,EA50,21.44630971871699,21.150836591702056,23.523338906688902,22.237712430987784,23.42459589835753,22.63006869094676,22.186999437044403,22.94526795480452,25.39683075319729,24.16443088608136,20.92754575397093,21.97961991779045,23.114808087994344,19.4610483320076,22.32994873077152,21.69929656378364,22.284913251811325,24.118623864401947,17.565877853666308,18.718470972498714
EA50_45,EA50,49.58017803786205,48.7365076769884,48.11254269017637,47.59761036105177,49.06109065477424,48.96179066904557,50.37823429578801,49.91720779156845,52.41997937909749,48.596380105078126,45.74023383639756,46.90033457188932,48.09992987528731,44.635324065106026,47.87863778073336,47.19029609497156,50.78269743994542,56.44511460431734,48.47201517443352,47.566956905483906
EA50_46,EA50,49.34957207120184,48.62726536839843,48.76208025683805,48.8476467584743,48.63658275457743,49.30301149570623,48.67304739289241,49.46548348772377,51.20084010491304,49.73493549110861,46.41523931424417,48.22742888170907,49.34068126595551,45.679169571655976,48.53668312079477,47.434680098882026,47.76400300399831,48.64397450383775,45.49385179701733,50.296824695171495
EA50_47,EA50,33.89900556297019,36.509184621381,30.725700506568604,30.01316299677243,28.122408678387,35.40252202788549,34.99943548138354,33.30662965410348,38.51696939392536,35.550848262023045,37.66464944245374,31.57084193786317,38.194591860934494,38.49581692805011,28.62235884231708,26.972807556833907,30.93269333122938,-118.97379444104797,-91.44573390103757,-60.435689415112215
EA50_48,EA50,98.2379334641022,101.06657398457833,92.04829133215738,96.11366919073151,97.89823541464214,97.59444634382184,102.91060401026364,99.39287249496653,103.16744263396406,95.59835740662442,90.75467992386427,91.95338705032157,94.42078348150552,90.3221021263637,98.84465631034136,98.45105369102652,108.93873065409186,99.48583248865933,95.93631683410113,104.61116012439165
EA50_49,EA50,70.10406514495716,70.80392200607562,69.25468570286236,68.71958534474446,71.50481312826214,71.47206152629023,72.56525004812022,71.37016227081929,74.41194152971399,70.3419713685961,66.47578428160773,68.59568836815818,70.06849828447199,65.69777400207643,71.28172158756539,69.5758455537195,68.94253654235553,81.5651719545707,77.02419984269159,73.00959098117643
EA50_50,EA50,33.89900556297019,34.53522593527513,33.91523264420827,34.8252616927421,34.82150711526172,34.35133070716122,33.754934596107816,34.73031511674417,37.27103653197823,36.22484708927312,32.79859779562366,33.15138092372897,35.61577666733915,31.94019872064668,34.68600366070284,34.76307224075532,34.51227785736647,44.8805669588883,36.158735630501404,37.27425867619476
FH51_1,FH51,-150.8101136973413,-150.3195384621799,-147.9564485383076,-153.48843677060432,-148.6418054752532,-149.15558205740194,-154.48793160181103,-150.46528130260745,-150.90158142352522,-147.7407466119612,-147.79018350251474,-149.86310369576222,-149.21363747692584,-152.04914991639117,-148.9150058436905,-146.14985077047916,-149.70434997600182,-148.32959523941253,-147.55647153796082,-147.5344873127933
FH51_2,FH51,-144.38010883042747,-144.67044993400205,-141.41408653131575,-142.9161284117233,-141.30276409155306,-141.14785208268987,-148.1617449143609,-142.24480453190668,-143.53617548030414,-139.3026198744263,-143.9336362161377,-144.06031494212493,-143.4139324304473,-146.94631127190044,-140.48492214607396,-140.5235727137101,-141.39661800729635,-139.83040961117248,-139.52190371562358,-139.64386599180034
FH51_3,FH51,-89.35006748620701,-89.38324642214234,-85.97746617385596,-90.61555166081727,-88.3975641411436,-88.93699933477271,-93.1466424999493,-90.5717412711603,-89.67876924788249,-88.91098090941266,-88.92935193954027,-88.28260308775009,-88.94571575509539,-91.98647556213233,-88.85823660457555,-88.13075922373807,-88.63624158149955,-88.41756441288541,-88.33552931848256,-88.29533735591812
FH51_4,FH51,-82.55006232557477,-80.77129748953001,-74.18902236584277,-81.24929348151255,-77.96771856788874,-79.23625507414059,-81.89873943174331,-79.27812539278669,-77.1951838105445,-79.98938152820662,-79.81679979392447,-78.69919757661002,-80.82603269363396,-85.2254617694496,-78.90254792034877,-79.80243591373771,-80.60297900366976,-79.37444121069647,-78.16897941721601,-78.1326730507665
FH51_5,FH51,-78.51005906760801,-78.99236705369704,-69.0062977492327,-79.74120441782227,-75.98916312391368,-78.60211282494531,-83.35923234109842,-81.30993599707385,-79.18556504705253,-79.45844789573658,-76.77980905972986,-74.40949769408688,-77.31450348201008,-81.43450258899394,-78.5735822281429,-80.24978371549217,-77.78844370017949,-79.74809142094534,-78.50077523235109,-78.58631612910078
FH51_6,FH51,-66.9600506620175,-69.10080048778637,-53.632043923151485,-69.75327850107168,-65.37847590908589,-64.70535076336111,-69.37004240103096,-66.84349711503539,-69.89119121550173,-62.79989866704929,-70.42403868911788,-60.09582128725441,-70.8666974890694,-71.21707531055,-69.2015105500806,-75.25422980102131,-68.0269038449327,-69.92786883912734,-69.3016669433424,-68.9819190766905
FH51_7,FH51,-63.89004841150532,-63.38932603442149,-64.2792327993719,-65.4375991614821,-62.77018584246936,-62.94701901624559,-64.14965303422106,-62.60501223391589,-63.852919742656574,-61.546881787933295,-61.35784675514622,-63.98608333991791,-62.818628632625774,-62.68628117419819,-62.582484267338046,-60.4457602913313,-63.37438517876038,-61.996943875944105,-61.58657653859348,-61.6450861002548
FH51_8,FH51,-58.53004446183228,-57.71407920896008,-53.668010381677206,-57.94561250913022,-56.17007890763588,-58.598754866718345,-62.00871106505489,-59.70637572992069,-60.80702377063772,-57.68509084409334,-57.71024688312188,-56.5394700779102,-58.595980710058925,-59.06645254968439,-58.38948943048885,-57.18612110094856,-57.77354863264943,-57.32141012758303,-57.77549429727664,-57.35232847669613
FH51_9,FH51,-56.640043029325696,-57.07961956548893,-51.65858053035572,-58.99987837531842,-55.09579184964332,-55.85251612932576,-60.328988559317615,-59.497581051317525,-57.44634576574797,-58.25396369935629,-57.54988796656842,-56.95111020603623,-57.94108377328919,-59.72650428861276,-56.79557464103623,-58.55722183439674,-56.56138838328367,-57.78601034517488,-56.381382566747455,-56.551517565922715
FH51_10,FH51,-52.85004017333392,-52.48999073653419,-49.79964307584146,-52.122040579121965,-50.67783448988197,-51.26534657281049,-54.15481177493353,-50.85572577019192,-50.63295444755165,-50.0776280158037,-51.67319415924018,-51.67817890625708,-50.787066381842784,-54.43257658389862,-51.01669368472361,-50.63670482061679,-52.20417923675028,-50.23164703600611,-50.45098930520306,-50.45755213885842
FH51_11,FH51,-52.60003977135894,-54.87683628663436,-56.09449696024423,-55.79375124761872,-57.70063274774044,-54.458723461010415,-55.93331399823922,-55.59624828823667,-55.09933269735463,-52.74586293299088,-55.85114916269921,-54.62561788878427,-57.70326314193736,-56.98990058269223,-55.07200704429273,-56.59648816151361,-62.66056078698605,-55.33543253044613,-55.649066571795494,-55.37816476385993
FH51_12,FH51,-46.7200350357787,-46.99960832775324,-45.71065749505816,-48.72309792500581,-48.21383162993808,-47.028151600170055,-49.1677168763176,-46.16185726372685,-47.6842508451559,-45.82177003287438,-50.98370419388261,-47.0499667160334,-50.742230578899495,-51.179585480527095,-48.03848559082138,-50.01237914142285,-46.92096158328908,-47.98958324991598,-48.09560897165833,-47.979945972000166
FH51_13,FH51,-44.82003361229349,-44.85269422540349,-42.51937937503825,-45.91069446320961,-45.37903448852679,-44.70309722179286,-46.73035066401621,-43.56697042294925,-45.15317619578972,-43.28320179089959,-47.78506243842231,-43.95110141426812,-47.67442398404739,-48.29010440250557,-45.79721583815976,-47.57009915345313,-44.61589517634968,-45.469438332504865,-45.7002184625679,-45.701019540844754
FH51_14,FH51,-43.67003276722376,-43.64068766318955,-41.1307288958587,-44.68181360646904,-44.02267269758531,-43.42363050456785,-45.425160262674446,-42.37139657682079,-44.01970307175871,-42.20675340206628,-46.53106137341481,-42.77139163515733,-46.44382180605206,-47.00383541982867,-44.594596315671055,-46.3792647608712,-43.44334373916188,-44.31748357290761,-44.56370812505691,-44.5157004621457
FH51_15,FH51,-42.89003221587244,-42.97990060870788,-39.26150348630312,-43.06983087394303,-41.72469692177744,-43.61954523746672,-44.51462575527205,-42.18677569671332,-42.64962706126165,-42.55965569412692,-46.194335271590006,-42.037931829948825,-44.87366803930889,-47.434334529445145,-43.55309192138865,-45.58867366936309,-43.189778470942365,-42.82072649130966,-43.5375271888817,-43.66023557430318
FH51_16,FH51,-37.08002804465201,-38.41301667645549,-34.553533963441886,-39.135559762055344,-37.87165565628511,-37.0724502402397,-38.76881511300064,-37.71520838277394,-38.82482497712558,-36.37618925942469,-40.29640917916589,-36.56757318566432,-39.910946863761545,-40.74400873774663,-38.124496919170966,-40.19919823526082,-37.853755737708326,-38.31347985789698,-38.0884854635271,-38.01458456008993
FH51_17,FH51,-34.93002621919183,-36.20824237281209,-33.79428169909933,-39.87621170434522,-36.69485168533451,-36.08781257430317,-35.93385343859388,-35.21172745850349,-35.02099432236985,-35.235318363452905,-39.41645521650258,-35.90549697571948,-39.6296287817121,-40.118450441632056,-36.99664031869856,-41.051176947072285,-36.14432936064955,-37.813148810939744,-37.98706337792008,-37.97523835279748
FH51_18,FH51,-32.47002467339443,-32.68198984356281,-29.70954693036077,-30.94550170132113,-34.098738063364515,-34.036333501321785,-34.37026844104254,-33.09759087423896,-33.09121544076887,-34.9844066922502,-31.689992683661814,-31.25572701125004,-31.9619503951955,-33.80035316840412,-32.98966119004646,-34.1119111816442,-31.969081640781194,-32.18749059371388,-33.3791819157392,-33.37390626417494
FH51_19,FH51,-32.10002437967601,-33.13297977311736,-27.392036031567176,-33.39902402357136,-31.24411695652553,-31.396382318718484,-33.41489831898873,-32.2840284179643,-33.23267082273803,-31.08432323772076,-33.055496660309906,-29.9503718259937,-33.40384988518966,-34.05708316887355,-32.909133526781694,-34.82993714030362,-32.49810379777868,-33.49858320698867,-33.00038280747174,-32.93510887802861
FH51_20,FH51,-31.22002329102901,-31.191205985149423,-26.46890489902372,-27.40848656888305,-28.418838631808725,-30.9919587377732,-29.95678020364814,-29.537375273418974,-29.12424430828818,-31.34502267628772,-29.429387105227185,-28.488053303302845,-29.712995596783387,-31.556990230980507,-30.117363141175936,-30.747343433791265,-30.6965958081974,-30.103424725584933,-30.217181128821696,-30.469762988372242
FH51_21,FH51,-29.980022527151693,-29.503528981046674,-24.62793925305659,-30.525540923035702,-27.248362215365887,-29.37563238462492,-31.1991727827239,-29.39529282121505,-29.46728924225281,-29.34853363904328,-31.202464948397807,-28.003480259105284,-30.26470732306362,-32.48606494502523,-30.282749977508686,-32.113549969921834,-29.55644391833204,-30.179418982256614,-30.49991072714483,-30.62588446658145
FH51_22,FH51,-25.84001935939873,-26.853645641256467,-20.110052013569035,-25.73092081324612,-23.931928711292286,-26.129808254613103,-26.53919562370585,-26.3317027134906,-26.450155857157647,-25.03626198960572,-27.475519264480827,-23.41133561917746,-26.41274725635748,-28.44125998461286,-26.348564708861733,-28.42454683450574,-26.46958849837526,-26.588711123002756,-26.41504044213263,-26.494205266937357
FH51_23,FH51,-23.470017732408905,-23.61869361485578,-20.47424037728957,-22.46830998902412,-23.72172772115844,-23.26206485779503,-26.593488370955622,-24.593414560310755,-25.00449607952142,-23.481252285501384,-25.53554128316065,-22.14050449909277,-24.716173422957823,-25.940764122945705,-23.847716814357195,-24.54807455353134,-23.25194473072764,-23.355457043130055,-23.562778142236397,-23.460634481534633
FH51_24,FH51,-22.450016770061225,-22.51358994311849,-18.09102220850337,-21.24843834854436,-21.60579012202968,-23.20760958559809,-23.613882060423464,-22.318354991263472,-22.068423678067248,-21.451556576425848,-19.802144033311134,-17.899469795968283,-19.8973879232712,-22.31199424147393,-22.35081517780705,-22.33523292532084,-21.85917895717174,-23.35793692395115,-22.50756737562224,-22.558726408559718
FH51_25,FH51,-20.270015599174663,-21.4155877961539,-17.237860515836086,-23.12140421658813,-21.40456389795834,-20.60093523037084,-22.2764652825496,-21.959513824026374,-23.92413397683652,-21.949718652114363,-24.313608525108105,-20.80786218977693,-21.95086065662824,-23.41739096010412,-22.025579715743174,-23.351914425316284,-21.172321872284204,-21.82030755848717,-21.73989059179137,-21.63480107656856
FH51_26,FH51,-19.720014840331608,-19.864130736926604,-14.403461780157084,-19.57280745556805,-19.78995045748399,-21.330917001528096,-22.44411115292619,-21.08973473917665,-20.95607170717388,-21.55506507993906,-21.04601282836507,-17.51230448257396,-20.51033760876929,-22.834440620060043,-21.46657877670805,-22.87572333884399,-18.59554040293772,-22.17594932116004,-21.697202924978967,-21.596908510278464
FH51_27,FH51,-19.340014555634568,-20.80821987013986,-20.43636246218738,-24.27302196529196,-23.73559693559143,-22.65514396955392,-23.282156267842893,-21.980927835809627,-22.08063720871292,-24.35887555254413,-26.87936844686212,-22.585383678599417,-24.33945940539129,-27.84864129232863,-22.921001849667565,-25.716030515437293,-20.321634853555675,-23.17295604808454,-23.555123362699508,-23.46099912433697
FH51_28,FH51,-19.450014456399387,-18.42571386189352,-15.098682915031333,-14.464096389154092,-13.644871789316973,-16.558073666748637,-19.017661871978543,-16.721795783058802,-18.06050203028101,-14.20219288545582,-17.554173483515836,-16.35476637027707,-17.16695533383503,-18.18317743414106,-16.650597993447153,-15.388589468265728,-18.89112510236781,-16.16713087261494,-15.764137634806767,-15.767653107118202
FH51_29,FH51,-17.390013177256264,-17.827309092996817,-18.42953401406252,-18.453371090922065,-20.10963271172829,-19.29496878800832,-20.99534696041272,-19.800570992560708,-17.940283451422804,-21.55292709241256,-24.895607372525934,-20.6919349600142,-19.68588805130885,-24.89188893966558,-17.985986597932577,-21.0094037373416,-19.24141627545149,-18.449498235521126,-18.48607118165361,-18.241695722063838
FH51_30,FH51,-16.980012919623366,-17.669703499737476,-15.984421950318628,-18.588896069092243,-16.506243768699168,-16.30312911760526,-15.20092378664809,-15.53212692663253,-15.533119772113134,-15.326572581440944,-16.49396491433748,-16.144207888027573,-18.141492105272,-16.94309710137298,-17.060609295206962,-17.867219385813538,-16.991229387915606,-17.780009310413895,-17.72476480937017,-17.690799999827526
FH51_31,FH51,-16.14001242240032,-16.92432954867257,-10.371803143168114,-16.141023340160455,-13.238875481417264,-15.1542345717383,-15.716118791253576,-14.634258697970935,-15.180701101611849,-15.035006704906335,-16.952327201628997,-14.095799658129232,-16.501065058511195,-17.06395887801476,-16.40934262623036,-18.581076108786974,-16.435280800604897,-16.88189639794205,-16.67505156659662,-16.48860765721028
FH51_32,FH51,-14.300010944786845,-17.6305687458893,-5.78703073559798,-9.94489464276056,-10.794508208663991,-10.003894087548469,-11.12682505241692,-12.488853818651702,-11.350873921601924,-10.046288502123929,-6.7216159240981055,-7.333652269584801,-9.412850569567118,-7.543074834172854,-12.824655724526894,-13.457308642793777,-30.34831038833084,-6.200702978736484,-7.74991422693125,-15.567316524063227
FH51_33,FH51,-13.140010108738483,-13.012424254963642,-12.764488170935836,-14.263711341518738,-13.219834020161134,-13.301349697131078,-13.670431065951298,-14.02272580337582,-13.624750635279677,-13.587137340927868,-12.429551224075327,-12.986486401866848,-12.76043722074757,-13.15996415702678,-13.172447579453811,-12.630052486470438,-12.725030598587995,-13.134196232070936,-13.024580985026198,-13.08655857531266
FH51_34,FH51,-11.680008915822045,-12.821906856567136,-8.547516573604376,-13.617723031211622,-12.193243518054649,-12.338022252931191,-13.345600096489967,-13.631976908879263,-12.339753112321826,-12.898046597088372,-13.965350290346404,-10.986736574375753,-13.596221921057117,-14.873278813686929,-12.810063305511228,-15.588573160857312,-12.475677015183964,-13.212357932080593,-13.450989504692648,-13.44325826368961
FH51_35,FH51,-10.700007917388843,-10.591323715740891,-9.369375081629345,-9.823332189715533,-9.663794369266473,-10.837785152556531,-11.738485268700432,-10.91224548948164,-12.61457534180642,-9.641639770783014,-11.277093051906832,-10.196348670458836,-10.495879148209896,-11.09781252841448,-10.382051878907538,-9.952558102236866,-10.998530466226072,-10.15084480577702,-10.146347102931339,-10.131817916005401
FH51_36,FH51,-9.390007216661182,-8.858371589354862,-0.2003185943464586,-6.487752869570582,-4.266416143565843,-6.645977940180467,-9.134548800061928,-9.57042139876082,-8.821275488258504,-8.145552139514173,-3.837003503882455,-4.616867007150821,-7.345993623899738,-5.57313929953532,-8.855152214785965,-9.490338514194567,-7.026631838746943,-8.982228782924118,-8.520016562188733,-8.87702634523098
FH51_37,FH51,-8.5300067374809,-9.189280992129076,-11.077242767864991,-10.232798687729408,-12.24689495062683,-10.309622978380276,-11.204501626432403,-10.421413602961296,-7.947150398341722,-12.208616621690537,-16.57597914755559,-12.294400429856674,-11.886661402568295,-16.053530698195846,-9.365501591192988,-12.49732921259109,-10.287964368402086,-9.67262064672525,-9.936082919602551,-9.635473657080166
FH51_38,FH51,-6.630005313995699,-7.213200382669228,-9.384844947303248,-6.363530340939672,-10.760692350500356,-8.3575288560177,-7.281209420319528,-6.453651620078991,-8.74666768659702,-7.919138187191045,-8.306139845976148,-7.822984722272279,-9.730604047985404,-7.6990390509378654,-7.679742318802106,-8.231528655783288,-6.931192376587527,-7.552253530789709,-7.6107967895849775,-7.526812988862956
FH51_39,FH51,-6.65000529595294,-6.618067197232081,-22.306271794334084,-9.55955236992965,-15.71871310364495,-8.399904570708966,-8.6438960674923,-9.22946556931836,-7.855417235591141,-8.031923790751614,-7.229462981030326,-13.385625913749111,-10.876551997579664,-6.897096752283274,-7.529590722319233,-4.873629200206576,-15.852923266222838,-7.041308580588314,-7.514552985815472,-7.336932997143117
FH51_40,FH51,-6.450004848871062,-6.485695077714682,-1.9300253672981973,-5.463566607250148,-5.241913883012868,-5.702266442121916,-8.687415794763595,-7.399958309155951,-5.822452076644178,-7.951119960498767,-7.360325501040474,-4.960680451995136,-6.186140001572368,-7.862092493141731,-6.485240384350055,-7.802331565634335,-6.055850820047324,-8.038525090569001,-6.840985512203271,-6.579249336529682
FH51_41,FH51,-5.1100035476980645,-4.920712867584332,-3.3091287918256227,-4.1093006352485215,-3.79558191724375,-4.673721938295319,-4.822225757581917,-4.641346590968315,-4.499215318592387,-4.843718647322619,-3.5153410806894336,-3.915222559799548,-3.4853383466862065,-4.266666206095226,-4.510551528208802,-4.347097985949006,-4.71940097086301,-3.7349725196373744,-4.244614454987613,-4.271700792298602
FH51_42,FH51,-3.2500027156368185,-3.1897736032785096,-4.263261967217747,-3.846602516283201,-4.864419180897448,-3.993457742730409,-5.632115903007693,-4.184486812369876,-6.303839192553988,-3.8969190496746298,-6.947346079414503,-5.046699701673002,-5.688074876106731,-6.905832625425782,-3.458300343991013,-4.721205015411679,-1.5749161281561406,-3.9954606511069155,-3.6503501400252962,-3.6144307302056697
FH51_43,FH51,-2.640002010922041,-2.559121938307165,1.2688133633789045,-1.0693235835162689,0.1570169266120334,-2.6095546237330325,-2.522664453620843,-2.419026934158007,-2.624328706782107,-3.18987293806211,0.1492019863829735,-0.3823981239155881,0.1619729336993328,-1.2374557109498594,-2.3281640643389125,-1.852046898464255,-2.224672101974576,-2.311831517989113,-2.4956736449218098,-2.4372140187285036
FH51_44,FH51,-2.480002155264118,-2.455365443047121,-3.3345415450135,-2.7189857499137307,-2.698533835597489,-2.819814223191961,-2.616917945404176,-2.593792589775429,-2.8159321358293967,-3.003642872655523,-3.400467753107588,-3.3635017974534773,-2.758012948626928,-3.336813882281585,-2.40040245299638,-2.2846250097162537,-2.5645365142276044,-4.984337345680618,-2.415320100102238,-2.2462589872452448
FH51_45,FH51,-2.110001861545698,-2.2908874287731087,-2.89877988992746,-2.5787653066381955,-2.6722962212525228,-2.500085595981424,-2.2968783872380065,-2.453640105749232,-2.6129854690322487,-2.5972424485854155,-3.024349744010799,-2.897838374710477,-2.760431683908667,-2.805293214726912,-2.2889238888903685,-2.335935894673569,-2.3453216919310504,-1.9549000815902402,-2.3258625929010743,-2.2741729983686807
FH51_46,FH51,-1.47000118389506,-1.1786701841693907,3.611139814530012,-1.081818552181001,-0.2647581697618813,0.0166603765191984,-0.7082262059980967,-0.4153338371355957,-1.5578614208564427,0.8024675240587265,-1.6579674425411413,1.91192811953552,-1.538503192871853,-0.87676728133292,-1.5429784022160804,-3.5559320957685965,-1.4844530264053803,-3.435304394365859,-1.719819722610974,-1.2553544923621986
FH51_47,FH51,-1.1500008450697403,-1.212006562213934,-1.3886504791795482,-1.2288808567405711,-1.3563617909414898,-1.27946671722501,-1.3051904013417672,-1.1955738461284675,-1.1334731240310127,-1.076448388833307,-1.2540010650075009,-1.179709779110793,-1.2306021779953291,-1.2862689826769054,-1.2026195224887064,-1.1908343925819282,-1.172551437187802,-1.1519547595972504,-1.1365103375109866,-1.1853190786990555
FH51_48,FH51,-0.8600004791802819,-0.8289203114346423,0.4791786590869457,-0.2671856901725259,0.0768609371804316,-0.9081191606787848,-0.8418347074085765,-0.8076948034728639,-0.8775192886775154,-0.9364152571345566,0.0924876173633773,-0.0712917906032924,0.1153509878107287,-0.4200626230447165,-0.7233326180207905,-0.530297463381703,-0.6665869005224629,-0.9086491711377699,-0.7489804523376077,-0.7706785488401156
FH51_49,FH51,-0.4300002395901409,-0.316355261806194,-0.4690835376527303,-0.2295444089159231,-0.615457401615013,-0.9488068749993096,-1.2544477889933443,-0.6741521905024194,-1.63599576308785,-0.9455852413114038,-1.0316860045335434,-0.7471017983919818,-0.3204900472136273,-0.9220147932148932,-0.5114985972837924,-0.3496332187283595,-0.6745940739024074,0.10202423504744372,-0.4235808833794088,-0.43461507293262813
FH51_50,FH51,-0.4100002576329006,-0.1548221494723134,10.193931001935487,3.814887434463827,7.346035980769334,-0.570820268167589,0.1131274079804222,-0.1802392324636585,-1.753870029207154,-2.948061911232514,6.91203135224903,4.289605065941897,6.779708241195513,3.5432310529889084,0.1835758258521366,1.4913354392220746,0.7910684680552069,-0.7308131377030086,-0.3157722860849227,-0.16661832508536473
FH51_51,FH51,-0.1799998376151628,-0.0567761786911851,-0.2179302752713735,0.0450531094642649,-0.3799673404420322,-0.7035322468442595,-0.9910935461300808,-0.4065183958164046,-1.4315280132710653,-0.7218623633284922,-0.7999028301080604,-0.5308090090848601,-0.0803669581275483,-0.6592518525500941,-0.2837953011699579,-0.1206933524741604,-0.4172692112652452,0.0633039339016841,-0.2250854547387376,-0.2010856923414033
G21EA_1,G21EA,29.435340538610763,28.722286212005177,32.03267880790465,28.82925687353292,30.80837745255363,31.90178472417984,29.605087373427818,29.159240009579435,30.64662590419723,30.479814182194502,32.87005506050345,31.18750386755458,30.59358905445256,31.60426911657068,30.682470186619348,27.57273598149137,25.82902045804981,-11.76591739853757,1.9803859108184318,-0.1074910471983138
G21EA_2,G21EA,33.98432175106338,33.44621637556781,39.18269237516275,32.97411734112986,38.29179866331905,34.99270814055344,32.65089743944049,32.21133997955952,34.767943785084945,33.739641625417214,32.32608855826097,34.16330602734265,32.63848417252273,28.66363810979083,34.48840362562944,34.713761981563955,33.02311591890901,38.73370515277426,30.780368137379313,10.976820892514295
G21EA_3,G21EA,79.21368481336201,78.48865628821294,81.44919515857008,75.98766827086581,81.51734005190455,76.80063352641712,78.02908435091854,75.01601597222503,79.39520774197784,76.65697721776615,74.74005067149491,77.84689946256354,74.45283971071392,69.60303917877714,77.3841606731818,77.69299284939822,77.22123550264185,89.00235505034074,81.17741655372927,74.74761480152587
G21EA_4,G21EA,32.69559613154425,30.85535161950907,31.068972222491528,29.926299244772267,29.39761573581113,32.61898412738081,29.613408211794365,28.99256834770292,32.12044309872634,32.89525169940612,33.60641697153585,31.28010462491113,32.74709941089578,34.282110074283125,29.835886173745727,27.890416857056383,30.086478898225465,-11.405933309582338,-1.0824156092961124,7.102401369516513
G21EA_5,G21EA,17.059833379742745,13.046878603899415,22.390007035019867,18.77182072837949,20.57253634784802,16.214882460247736,19.73588957499404,19.934107957952108,19.14580476599291,17.594540226648054,18.24564104495169,18.522100383870296,19.561108670936378,17.056729843395555,18.64440267060856,19.374212127710177,17.2144969268573,-13.278337060887345,11.132509422839439,7.062046991532475
G21EA_6,G21EA,48.2112021142338,47.95145341535808,50.830522291403085,49.21578736510234,49.74221849157826,49.23610643558394,49.8782215691972,48.628625495210166,50.689981818273765,49.268391170557685,47.631888254313296,48.62566408973495,49.908353319141135,47.20607532271024,49.09855064856335,48.96931199760421,47.27407430376435,43.44953097064999,53.02985506840122,38.58691120304898
G21EA_7,G21EA,84.40050995340292,83.72301370216938,84.6616903151832,84.99910366539625,84.04240981212335,84.27240765932689,84.45410666710163,83.37355900984431,84.79374284413802,83.32558453006386,82.19751827865326,83.65077713327729,84.74746282815556,81.62426358747247,83.82457102769851,83.09372963130068,82.51277893363336,92.38930195757163,85.28798805521454,82.62058294431361
G21EA_8,G21EA,27.77221390143163,26.97151727186029,31.538555696942364,27.387466193808724,30.56786279754117,30.633682203520628,28.3833904333994,28.91643726677524,28.93066648335306,29.543813646075574,32.073303143738535,29.96802736980215,28.71069793179768,32.74677310595565,28.235347582514727,26.53584014231074,26.690706713821665,21.4327064139072,25.931969019128555,16.91533040069447
G21EA_9,G21EA,13.82933052101234,11.318992800741912,17.52092897280793,12.28081033164746,15.403872587002148,14.942443849160824,13.969630657995076,10.883907224376806,14.059014801757762,15.93257379176982,11.806872945449342,14.223950082182112,16.577923234672006,8.120450505551506,13.963061449565524,14.373764329557195,13.947455836130825,-2.430887804120239,10.570430813658762,13.304292620919965
G21EA_10,G21EA,0.1891376305764246,-1.6087506194658046,1.7701410988743975,-1.7454796000330606,-0.4835524001129548,1.2506201067100269,-0.8372770433549933,-0.1211733344581927,2.066278381915636,0.4794679409494409,-2.325577407525856,0.5070728984734909,0.4680275019728939,-6.742949865714891,0.0724223116761242,-1.5861769701498778,-0.0689093467182907,-0.7713417141931481,-2.67892491889041,-3.100088408444083
G21EA_11,G21EA,8.368333941565133,3.758482741354059,12.621683580858596,6.319241663622314,10.660863248890974,9.68235823304133,6.654988034930094,6.368777826265326,7.918596960246066,10.593984544159854,6.702349312486474,8.185756483283619,7.579068275579206,3.4232158500405254,7.76274920927137,7.769065280382665,6.767514568079035,-1.3347968940194226,7.412312015617454,6.382635847864289
G21EA_12,G21EA,17.287291131371592,15.23791327387264,18.15123757837604,13.99004379219363,16.49246366066791,17.659177091058446,16.27703244185747,15.893750784622936,17.914991807566754,16.361404353701623,13.319204224186814,15.90674066999173,14.44724248867033,8.881682374038503,15.868441633261142,14.26680791249012,-8.116764596475887,12.000439913338184,11.876627847696206,13.237640611818014
G21EA_13,G21EA,42.46076867240484,42.7282746434307,43.06099259126372,38.34422174603983,42.1733554025796,40.62128614512564,40.82239546420015,39.01762807879324,41.78824028815696,39.18709021256348,37.377672856452826,40.05754625460511,37.84152459663174,32.55451625129134,40.1486750001981,39.3066339676663,41.490628916331865,39.82814039673695,40.03843705269649,40.42955683599624
G21EA_14,G21EA,29.06849159747108,27.125521713750665,29.21912041491841,27.15030181187681,27.96490449064921,29.52063099882153,27.22938557588057,27.51245459762548,29.908297253024745,31.38463389804875,31.35386102169235,28.828625473516983,29.55243926581109,33.004964138101734,26.350068472542656,25.95624390313413,27.96002680739819,7.39542694455623,12.695656293800619,13.03672895146928
G21EA_15,G21EA,24.765269450458263,22.70564549275807,26.761619557099287,23.681360036736287,25.889317884195897,25.154740108149667,24.17782162449969,23.999710904134133,26.56364621663898,28.218177919308832,28.39288697350682,25.55652821202517,25.823433781998805,30.63981403783956,22.298612852926368,23.48974832457663,27.51079387373337,7.946992512287774,13.275783757065183,15.780186586504982
G21EA_16,G21EA,31.189483032435984,31.11207107916499,31.59256644138218,30.75464212201021,30.26371560704889,30.225361788757866,32.17961360256422,28.530918977503337,34.79762385370106,31.31077559369376,29.01247068916961,31.12852701314082,32.15040560931433,26.619529700347616,31.976046579887583,29.879544455156022,29.95028185492073,26.392739976576742,30.587438962378506,30.891377932705385
G21EA_17,G21EA,23.37755860397248,20.238375504715737,25.62280933949824,23.318563551784973,24.065929092380564,23.622832604598216,24.492256079787303,23.2602283258136,25.811972384201862,24.38088450607442,22.34091609036213,23.370069090159348,24.589853130286983,21.261702455520275,23.779839240049565,23.42190294146421,23.00486331016645,17.725371084685932,18.94283284525657,21.442718847780174
G21EA_18,G21EA,28.90043891273254,26.648791910384872,28.913300409654383,28.242593999193502,27.513401446652257,28.825400702297056,28.83785400433818,27.8264500472621,30.8132996368563,29.45128517784317,26.57181739397801,28.25300764438732,28.96720115172223,24.712814741269703,28.54348190545308,27.04048545764827,27.921190349608302,25.543842417617793,24.834270441412688,25.46632552655548
G21EA_19,G21EA,53.93858399553317,53.74896763797906,53.7918537062358,53.65677865238015,52.691561902646576,54.0023671959932,53.927402027711295,52.9926473489183,55.2235818322646,53.59737735052301,51.42282296191752,53.00053840602276,53.79843483732628,50.151824485021066,53.20950219844208,52.01132494102407,52.41599467005207,53.02433859234651,53.36423462435898,53.17809705425852
G21EA_20,G21EA,9.794230622075888,8.168479641441769,11.970656432229044,7.923315078468722,10.98519917617532,9.20541338218885,7.377846569558626,6.985566363714072,10.79792123266146,10.370562870718205,5.101332245276471,7.661634466145159,6.148969289623468,2.043246148678251,8.155232163433737,6.836888096739124,10.542463472419463,8.9769264673145,9.050892357173574,10.337107753061717
G21EA_21,G21EA,0.274943903568863,-1.5352048775845242,7.572620113711578,2.379983859448229,6.905952856228666,2.66887309432382,4.877032309591431,2.9323529645429094,4.713236837363062,2.7669023733404106,4.129191618760475,3.7058531452583128,2.8587006087987388,5.624500636254066,1.813658943637179,2.378595808492688,-2.316624519021437,1.3642197380674135,-1.535008919055281,-2.320529846750766
G21EA_22,G21EA,89.08661077107028,92.3401911064762,93.22465723878256,95.15390179602774,96.08486343107218,96.24141041584367,97.97099927972091,93.75492727997458,99.23676658661074,94.05533545524946,89.76592228173176,91.69683664168512,95.1680146723506,89.43786083070155,96.47070438569996,95.03127508688016,95.62779546300683,107.79049768976977,101.26590872370767,100.2989554599681
G21EA_23,G21EA,25.40056945463872,23.717616655648985,28.69797015714117,25.762216593260423,28.026161777254107,26.359301019460485,26.92338083184777,26.091350332452706,29.45509773716364,27.10012107149776,28.83761649198148,27.00565930935737,28.66715567690431,30.631031289749945,24.43705174958401,25.632980954293508,24.22354091936268,22.52690090022706,22.963961839319346,21.73167561576752
G21EA_24,G21EA,38.24761484273228,37.728888340324986,38.17472246372349,40.35433100195519,38.07827708135986,37.50235698088149,37.12460681972833,37.92785000824189,40.35464676472191,38.61083640258384,35.87893864127473,36.24917023499588,38.52853219717253,34.64989601254047,37.935119517186514,37.55919120422723,38.19122900941297,48.5262888748524,39.48460837829979,40.575589070062186
G21EA_25,G21EA,54.99290407852666,54.9103884024517,63.30064175197628,56.20704078441454,61.4255287347647,56.984110239010526,58.86948184383099,56.28538270676593,56.497535627766,55.6570852062246,57.594456889713655,58.4326397430014,58.69071292888304,60.35323000331124,55.385725134785744,56.40469823662183,55.49953428600484,39.072379220234424,50.85203474461157,49.62079300362384
G21IP_1,G21IP,314.90023800463126,313.46317102797275,315.2876842539966,313.0734307922232,313.1865066189279,311.12727328587914,313.6415562837112,313.0206003303454,315.8500032748192,313.58314607034106,314.5679822175248,314.76354523136075,316.82836019843035,313.8138184902545,310.41081522238443,314.2524766035602,313.1641671379517,234.36802674174783,312.87627485576394,311.066196299616
G21IP_2,G21IP,124.21389271090446,126.05893773316444,129.77598326290595,121.99886176489264,129.17573480842927,122.75253735254265,123.23075510636544,125.15029585710288,130.63589319246887,121.21089491801708,128.4760930575752,128.1557892551683,130.18041531522093,124.81164731722916,124.39847349318217,125.84982566026696,125.80407164469052,128.9456382697082,130.61678654761192,123.16960792684766
G21IP_3,G21IP,214.8551500463352,209.1543632088141,210.1000320971565,203.50130995021905,210.07431079756927,206.2643972542176,212.67434064324613,208.91671533083704,213.44778629338265,206.658454441394,206.8891642608723,208.51882456278108,210.39622930735413,203.5839969363676,208.3505274631032,207.9334317675929,209.4617263658928,244.4919474414105,217.8919391440674,219.817879016316
G21IP_4,G21IP,191.49708941674075,192.2083727861097,201.6080311612324,195.4863505016088,201.2236076877536,189.8826976753562,193.1721634577993,191.84462838533972,195.38237757833664,190.2092861733976,199.4341081726116,197.33404511987052,196.2303414217899,201.58791521552527,190.4590480590218,196.0134218132652,194.5439541096863,112.84273886621297,120.89738610184824,184.40061449145682
G21IP_5,G21IP,259.71308836840933,262.39793534389537,266.18479105161884,261.3807316932802,266.696215665544,260.62873701525706,261.87212733430965,261.0108189371325,262.1571298382411,261.1495637918837,265.5247139613591,263.8666672643793,262.782041423085,267.73122558774907,260.6915739942156,261.6825293000338,260.194357245863,181.13316097148416,163.7384721156606,221.51050328158556
G21IP_6,G21IP,335.58670465883216,336.094450561218,338.09638976924685,335.1987377021068,338.9222020890077,334.68925629676914,336.5544046517937,335.5637466599688,336.76779935135124,335.65798389924305,339.02841145604543,338.3072070363892,336.0465477429831,340.266531260272,334.9438886599244,334.0879643567864,333.1517968975022,208.1325312851732,170.98804656897698,258.1332324478767
G21IP_7,G21IP,314.02657601669125,314.1002194618024,326.1000011815191,322.4819207356811,325.186252068589,316.15872582512714,317.8561959930668,315.5892097098904,319.4019740915343,321.2171662918247,319.32025359547293,321.0192242013232,319.9206454986195,313.4853287640124,318.1974591766684,319.55305659830424,315.3168028308836,257.9350298674943,140.69594820824736,216.83097260791328
G21IP_8,G21IP,402.1511488755327,400.4491054185499,408.7900626905293,405.3255725930912,408.9222651315065,403.8061367148278,404.3295342095189,403.637555102362,406.5440175907629,405.6324409156467,402.2478736878658,405.600697972391,403.8667447801373,400.4428846033646,402.161445301986,404.11316247952,400.4347381479948,250.34506213783868,139.0490110242857,196.41418104990086
G21IP_9,G21IP,118.13057490572878,121.07163481523762,125.22529359315594,116.84526864809337,124.4124413520803,119.631995488985,115.77310828247812,119.2268550412286,121.68062830449254,115.9694157735659,122.06905265287496,121.72603338401538,120.63935910078494,119.04596972500156,119.19525272286768,118.44372120956878,119.5694692790859,117.35289825926786,125.60635588943353,115.2191601475046
G21IP_10,G21IP,175.80566343704274,174.09759105727653,178.12752617673297,172.89888022854535,177.61965508621378,175.7258956877347,184.32545181026435,179.2282683438566,179.5669987109513,175.99331700771972,173.90958112397976,175.37805369480668,179.106951560723,170.34885372630566,176.79027336705923,173.5747893828347,175.0311202540063,205.6075519040455,178.71637379154964,184.1451357666808
G21IP_11,G21IP,137.8464212006242,133.88996034972342,138.93060157293775,134.38955641006032,138.59088225090142,130.62646975719505,133.92858418535346,133.4032243430511,139.015536109785,133.09406253611078,140.6012524879651,137.08114139401633,138.6943290074862,142.22075949833447,131.1260321202693,136.92656968355905,137.68643276313048,137.44919052196195,151.83251280265696,137.69950867091697
G21IP_12,G21IP,188.2112534000972,185.89637691164995,187.09440174701635,184.2625738549371,186.97097119822612,184.48833130687663,184.741111701363,183.9458410206926,188.93799741061449,187.14983536918928,189.4640355906899,186.7969813325856,188.19787075656103,191.2019403356408,182.81464180274023,185.2096243308468,186.3916837721296,140.33861914157498,162.75978141694287,196.3427439455909
G21IP_13,G21IP,242.8497106347295,240.7843036752016,239.43635164078552,238.72628275322825,239.46421939926336,239.2699146674316,238.00016537365377,237.846119327874,241.2006158623845,241.1679086253484,242.70059047557007,240.64785719941173,241.928714414914,244.59887999046245,236.8057453292138,237.80780071284173,239.6978769319423,180.78268937483753,167.0649304019616,228.33026178407647
G21IP_14,G21IP,238.3966530305196,238.3126335280033,243.4088375148622,241.9852320596894,243.1078781352732,235.4866035724544,241.2690676078884,240.7859410984494,240.49146702928303,239.1972889798992,239.88144122418385,240.59330842832887,241.82813104676967,238.84297064997816,239.9935828147904,242.3508438031284,237.9543291022671,252.65894915806396,160.153678872783,231.95839463971538
G21IP_15,G21IP,299.3854138987464,298.94727360627166,301.29122580894665,301.2511710634928,301.3511747382947,299.1389055870013,300.59117630243384,299.86253834283616,302.152579386832,300.9861190937419,298.6550906369294,300.30299245098183,301.3416623221862,298.88376105060433,299.3212103924077,300.76456564150936,297.5431644217535,239.75925028670005,171.52723535384365,235.92440513146676
G21IP_16,G21IP,296.9137444417883,297.5689864460509,292.9073034652935,293.4347066039561,293.3587504726842,292.6195904341887,295.0886623156733,294.79600400790633,297.0840037635947,294.24349390142675,289.856847381886,293.5681089058009,295.48176474719065,289.6155768289632,292.3797624000394,293.01214297914527,294.968706104867,307.8017710180598,291.81035139808444,292.3838130381845
G21IP_17,G21IP,235.8685039558393,236.38215026705643,236.0093450687382,234.0047392592028,235.6759296441261,236.61509151022628,236.5555669655295,236.23875895565044,238.1927555613515,235.6668947627201,232.3361332720448,235.7881719499993,235.8680343905036,228.6662876244196,234.72217146840444,234.760925449508,233.8315528654894,235.25628241215878,231.7384488621927,228.68497243912623
G21IP_18,G21IP,301.10899040609013,300.54796819634635,305.7299861745628,302.4885361620448,305.5745608629653,302.63005454593025,302.683817549627,301.2294030108149,303.4911541707026,304.2193231925106,300.24126064171577,302.7543287812034,302.5054710112374,298.1737783201194,300.67395113992274,302.3134995478698,300.01642945397583,311.8764982074247,254.31351694209974,279.57765065151233
G21IP_19,G21IP,292.6758924667262,292.02376221919167,292.4880941923718,290.5059130613976,292.5652877723308,291.4460410410792,293.5353947661355,292.2167255240246,294.2912641269021,291.1591486668633,288.3082998958582,291.7039890387981,290.6645842284904,284.99722958973314,290.1246124515649,290.45136585909853,290.1968260950053,289.6175480479243,288.52466050995724,289.88307464299055
G21IP_20,G21IP,371.6999006188736,369.6214953653675,372.2069759646261,369.3392608684732,372.4633885094231,368.9684798902212,372.4788367886533,370.0246861411984,373.5387150995604,370.176000387215,367.3393472610293,371.0230729789677,369.1276390714378,364.139389994728,368.1761759488714,369.2969340994313,368.8248714059488,329.69296667619926,303.73025006384034,310.0236701504308
G21IP_21,G21IP,255.33061867742697,255.42953324680752,253.4934453850075,254.2614789541867,254.80360572414585,252.2738436991236,251.2019760667212,249.452358229917,256.6497001932546,254.16424849471863,250.512161553468,252.923308035398,256.43344869409435,251.31304392581453,252.8749170775752,255.0243444808332,253.6973958862896,277.79085451222005,254.8931062648259,256.64741708605277
G21IP_22,G21IP,234.942753033967,233.2882860902588,234.37670748537096,232.9573035826727,234.5107465838338,232.55605275234856,232.2835001618824,233.0257494295357,235.4446942854522,235.78974568100017,237.0064603213156,234.738682685926,235.19468001553892,240.00570278377128,230.479479199002,232.13719720652543,233.0298336477543,243.5645633444835,230.43812764916703,246.64323113876597
G21IP_23,G21IP,226.7156407270485,225.3806830333042,228.77257906971667,226.63962887293053,228.9522085512308,224.82410064130352,225.2344974221908,225.93054774807013,228.16230339032643,229.25140644899105,230.66748536724603,228.176647001863,228.028532238429,234.34519559112496,223.4747832717166,226.0887995505792,228.91253867297132,222.08902673606323,221.42587454902753,228.76209966012954
G21IP_24,G21IP,227.90701515427145,227.97693006358315,226.77139456731337,227.9747766393156,225.9871892632327,224.5804198872285,225.09735478736184,225.24006330569608,229.18496260830568,226.03869329555744,224.17259671096065,227.2597816141736,227.50550340555213,222.27032840952683,227.08543149534407,225.54550153416005,224.83412368638383,237.17831489469552,230.8794907786332,226.03750159981814
G21IP_25,G21IP,240.14359610814893,240.02085023496824,241.50667030516283,240.6751190347359,241.3976788748969,238.7016358126168,240.54607691975585,239.65391551326363,242.27812844454152,241.5261261109088,238.7563931050472,240.40699603367247,241.5900740326608,238.3316684631515,239.807362413006,241.1618972728272,238.6282539855915,252.61213555561517,227.31363130250378,253.22042224088014
G21IP_26,G21IP,295.46220835167696,294.582259409046,293.9277784482931,294.7562381050505,293.92608762399016,293.85048791811124,294.3488155935893,294.3232026648649,296.10387418847034,294.8842596386356,292.1858664278794,294.3805913555609,295.0715476850272,291.72856180782145,293.30916850185696,293.6255898403683,292.5524940533263,289.20111628343096,276.40528639267563,284.0673923556672
G21IP_27,G21IP,264.5627802784546,263.09584830614807,259.9121350010936,259.551837133361,259.9862316335465,258.7512161186841,260.29129687037494,260.2342980513173,263.32492371445096,259.0810512252479,257.93556418131243,260.7221018281188,259.58662607034483,255.93968169473345,258.1728426444695,258.0713903640105,261.18534520162115,261.4693639017338,259.92829760052683,257.36192193375047
G21IP_28,G21IP,243.7968119389472,241.6733262793257,238.99435530255693,237.71079239173253,238.96221721658733,238.06608166709955,237.7583133076945,238.08635561968305,241.1693293695424,238.82343075796012,237.19849748492047,240.0188578923681,238.7814882757119,235.09148030942893,237.59331891587948,237.1992831895277,240.1196015370505,242.79972005610253,237.6789010589909,237.40263689191974
G21IP_29,G21IP,323.1163513254884,324.50123455152925,326.6653217684085,327.8607693596248,328.3118736213414,326.5791356011744,331.4657829874194,324.9159217401775,332.3044847910383,324.2252321022352,322.1481924348439,326.4499752006253,330.52641084289604,320.9111205086889,327.71876697768545,327.3524120747561,324.9461735351739,304.3110353253269,319.15391484096295,303.3388652801686
G21IP_30,G21IP,359.60918800729826,361.5585070318764,365.309612897358,371.2945873550023,369.6269198710245,368.8276228385839,374.2151555661241,371.5634327449964,375.7894238497405,367.68496912543714,363.2714062145184,365.6153058319241,369.21661050221536,365.9477458558092,368.37469183403,367.1708110802397,358.0127410482949,366.8281658762881,370.0538608105253,362.5103585485058
G21IP_31,G21IP,278.2933790863279,277.19510190192705,288.9207687835865,286.5876457001324,289.4467195515749,281.81260344663923,289.36973568527947,286.852681040862,287.7903460458569,284.1463802694662,285.7019872998248,286.6157448841324,286.45763012967706,290.2220751522962,282.0395468287371,283.43569799142864,273.95990376505745,285.9402887216467,284.33968734381244,276.15086292097584
G21IP_32,G21IP,243.03006940776385,254.0455924145222,237.992694998882,239.63795669230083,237.7415680918517,237.4158124244064,240.1148208454439,239.06495708377025,243.49325837241813,239.9167380673044,238.5660719288784,239.4242513128004,240.15411937928056,239.0399256680466,236.59128273399173,238.2536236665328,239.61417429914613,230.96651837613612,244.01574325805342,241.38141909123496
G21IP_33,G21IP,216.4291722207263,217.1811517757991,219.77824675959465,221.30199187091813,221.1336635840357,217.2478148055229,220.0610287585381,219.47140623571445,222.5764442227033,219.22658197118292,220.8015391346789,219.20815139043145,222.34602920717583,224.054390115841,216.0925723110741,219.70070855145303,215.048773688781,207.11356237157983,213.57751434736653,213.6741606252112
G21IP_34,G21IP,265.94059718306295,264.7477781035066,261.6202939143943,265.5040970748899,263.5036810205161,263.9877199287479,263.92137686611693,265.0471597360739,266.2519521983218,265.5225877082195,260.45223202885364,261.51050284875845,264.5585086332587,261.7508850993167,262.7058547448289,263.2165912318547,263.740129338216,263.14984120047325,262.6034029610811,270.98848879905165
G21IP_35,G21IP,292.6130517854654,290.14527765634114,289.94189116814283,291.78110185831787,290.66103415643926,290.75796435258906,291.920057556194,292.94113946635355,294.9440782342316,292.1507188692249,287.45056836546814,289.77126042346373,291.44901920110664,287.99654998887416,289.136968262255,289.07801230385604,290.45638920544974,283.6081546341361,283.0101263277913,281.0165064376796
G21IP_36,G21IP,261.1541506978892,263.5012061859207,262.9563109069347,263.3479092609974,263.39501570692084,264.2980484640707,264.7476430634834,260.62380297100094,266.732348476835,263.23460389129315,259.8242634061809,262.4481777684553,266.6189896433325,257.3919940768164,264.0845648464345,264.0128100165575,269.5168242599102,291.10920512109936,270.9908818557834,270.7089601840916
G2RC_1,G2RC24,-2.23000175328914,-1.5686380803210591,-2.18354672491691,-4.076004417742301,-1.2128451659043258,-1.509304612262633,-3.41423938973461,-5.878148813535717,-5.950553931439683,-4.312225401930887,-1.9825562561443923,-4.12836500055442,-3.6012478179170944,-0.5687056238929008,-2.522785625677984,-0.6872028815320202,-1.8223705315602183,-2.2238568856700494,-1.9295608335010224,-1.757683653750283
G2RC_2,G2RC24,-2.2600017262250005,-2.141176908732703,-0.6604357119081112,-1.5403601189095375,-4.006536985451245,-3.0171659527849424,-5.524846546950043,-3.457796328375415,-4.373020841569245,-3.2339372808320537,-4.506605121163297,-1.4450456968564602,-3.736539801808076,-4.079812584507228,-3.693790969888012,-3.9657461086136943,-1.2758620530689802,-2.888834047375299,-2.9152154584493624,-2.7664605380669705
G2RC_3,G2RC24,-2.18000179839604,-2.526599691039143,-0.9004334246287985,-2.326099809153844,0.2837229493695437,-0.746573121673192,-0.321548843953213,-1.3478944291017407,-2.276279635732814,-0.3846468041001815,4.946386978428473,0.1623231467312273,0.8920008268279355,3.578427306396005,-2.0215274182691805,0.6117916794968783,-1.1188585777375464,-1.74216591961248,-1.7375417847073549,-1.8680366966323594
G2RC_4,G2RC24,-4.10000320383848,-5.960078207510504,-6.647348671806211,-7.091106178076408,-7.527590912401496,-3.547907190939089,-1.9334417798894632,-4.376242914494869,-3.0659240664703566,-6.331566263447399,-3.576234913812548,-4.7492976733036505,-5.032503366572043,-4.199824963683922,-5.470531648657477,-5.048152323337588,-5.349425952224384,-6.045061501834239,-5.882824423255864,-5.394853427381929
G2RC_5,G2RC24,-7.100005517500321,-7.5509278642213635,-11.5681828997429,-10.0361346458155,-9.500375653735764,-8.110315223533823,-6.589827890395656,-8.042024057739699,-4.486376788523348,-9.877389369847451,-13.284295370159198,-11.906823909496593,-9.736402486489132,-13.026774329944864,-6.429884322336839,-9.350227445816731,-9.529182103014774,-7.953664508131589,-7.962692812549829,-7.82959900277457
G2RC_6,G2RC24,-10.700007917388843,-11.290776649077776,-10.348028378032367,-10.593095928003716,-12.71563712315985,-12.074568675373502,-11.715670467479246,-11.62380759851522,-11.265097455311729,-12.705457789922724,-11.06484744766394,-10.878924861929542,-11.970376249162156,-11.772591475480494,-11.413665908148612,-12.374506218526198,-10.49711943454427,-11.797149797729618,-11.80981247942725,-11.718214395746688
G2RC_7,G2RC24,-19.47001443835663,-20.77679112091162,-20.733949731324213,-24.164251543865525,-23.768650244134506,-22.26412399099565,-22.98531046384603,-21.616993989943907,-21.615736021714216,-23.813235545257182,-27.03778020154595,-22.58129576809449,-24.444701843066174,-27.786568996480696,-22.632504682752725,-25.443381476746893,-20.448959242331483,-23.3013205143338,-23.198279371958986,-23.18829966130226
G2RC_8,G2RC24,-26.97002022251123,-28.248267186843368,-29.483638248560823,-32.532412481072804,-31.64747816394812,-29.771804216003588,-30.94358597765759,-29.481234008765856,-28.65052033798733,-30.841637023458944,-34.00916773767372,-30.96634900932393,-33.14585771079117,-34.25974042829069,-30.26706337009133,-33.1614985726738,-28.247290407461456,-30.8307340395131,-30.840820350163376,-30.97276757175929
G2RC_9,G2RC24,-27.300020552315168,-28.539822144678784,-28.971713886178467,-27.895543170079662,-30.87000609916892,-29.17284642299174,-34.206941404640766,-31.025683167646186,-32.34564815394656,-30.90222369073263,-27.600512060844203,-29.178838197188924,-27.949978675865868,-27.828976714226897,-29.28898236236708,-29.077403424262425,-27.71568250220936,-28.82777573243759,-28.49209591279949,-29.245882451781156
G2RC_10,G2RC24,-27.150020687635863,-28.48351640977333,-28.32993271302124,-34.01417846358277,-29.38337221201165,-28.52953626041109,-30.42113100220769,-32.66029872353722,-25.80940110143573,-31.574186437744604,-29.296218927127352,-29.319700143389333,-28.94914318609377,-31.399908106174426,-29.433649651569645,-28.50544905803824,-27.72223192197023,-28.203208303114632,-30.433177429019025,-31.169975729622646
G2RC_11,G2RC24,-24.890018961410867,-19.732032525322868,-21.56417407029253,-11.720048475627994,-20.026508727863327,-19.78351628886366,-31.34550435234572,-22.52464841703431,-31.21154024136377,-17.933948115605205,-13.019850955081305,-16.9648776423008,-13.454821759694388,-14.296456291718002,-16.757562756053176,-15.493634742396276,-22.206016840172744,-15.061061974941346,-14.986522852308717,-14.437015419725373
G2RC_12,G2RC24,-29.460022368753968,-29.91594904077705,-27.75817205918279,-29.41605472517917,-30.80349643285803,-29.94221696387113,-33.3242162346206,-31.184034555929223,-31.76357827255293,-30.37696092407705,-32.97058628256269,-29.400516900345103,-31.77141417160685,-33.39471999882582,-30.302060702989834,-31.08903275910193,-29.35070762801131,-29.92984361262373,-29.79922501721463,-29.698448757421033
G2RC_13,G2RC24,-32.710024456881314,-34.01733753453861,-27.744801714811803,-39.38821559589077,-32.06142169112509,-34.68338362040975,-33.92611761180592,-33.56934728857827,-34.47766813079864,-34.94432232828428,-41.32006933750866,-34.8197044688259,-39.362373124224085,-39.93563515724515,-34.95103134582285,-39.00539170680528,-34.03141350703683,-35.031621615667326,-35.361953842010706,-35.07305236212454
G2RC_14,G2RC24,-36.32002747525793,-36.80621064609589,-36.2769707244258,-40.84774753720906,-41.418909484283446,-39.04004384673472,-33.63491976958266,-37.05077512173265,-44.29589132660667,-38.345965594858704,-46.56925523955776,-39.30878186987675,-47.19650097137256,-47.65724133131962,-37.36641828575997,-44.335678502061086,-38.938641905713006,-39.95636673299246,-38.42064296924225,-37.843568860756484
G2RC_15,G2RC24,-39.43002968968459,-40.17977907606225,-41.61411149192737,-46.47960760458636,-45.92627288789998,-41.71916417075727,-45.77180070045575,-40.53421857809386,-45.41442658761794,-43.050744734035405,-51.40181821175124,-42.40180198363444,-46.28728272788052,-50.4098062427369,-43.01285815927277,-43.32281213418519,-39.370620195092165,-41.217631539919786,-41.07847253737711,-40.7607591003948
G2RC_16,G2RC24,-48.5200365494777,-48.86377921124155,-42.50970462231909,-42.532887332213726,-45.97236621982632,-48.33984092885663,-46.93516486176316,-45.71416006462374,-44.64396794537655,-48.16270554654619,-46.94515562843565,-44.60232484784619,-48.75392545752998,-49.76657935060681,-47.20171827344877,-48.91869494995763,-47.9587412733389,-47.50938642775211,-47.573932400489085,-48.075830971576224
G2RC_17,G2RC24,-49.20003719104281,-49.858094955819226,-49.76456517071536,-52.28843136773912,-51.81087977796944,-49.8485556822986,-52.28007777335971,-49.33799703144795,-50.858512414245205,-48.92411719647783,-55.00644497996208,-50.95486178766696,-54.59984620019212,-54.82696333967,-50.8861342517677,-53.03964416894199,-49.93310636969057,-50.950894664234575,-50.86012390630164,-50.75702019795595
G2RC_18,G2RC24,-61.6700466491948,-61.72219475732584,-61.976512236172034,-62.687255633653024,-66.74602594293547,-66.88385030402428,-71.79235880263991,-67.74497753924253,-74.66263463943463,-64.58346558211448,-68.38073681765614,-62.90223981471282,-71.00472315525872,-68.44442607980986,-65.3742536488394,-65.32213873602788,-61.31980019997612,-64.23222020829795,-63.86534237684834,-63.69116065139132
G2RC_19,G2RC24,-65.15004915733988,-65.50463179428323,-65.78790701563831,-65.41354233077988,-69.6853360422902,-65.33284141211158,-70.70733574781339,-65.46477653405304,-68.33537610301556,-64.84218403597369,-76.0305801297362,-67.33840379709707,-71.35054230861253,-74.82022341535841,-65.7736791795792,-68.28420785097907,-65.90165226505489,-65.01122007415438,-64.62855520384085,-64.13368244970458
G2RC_20,G2RC24,-68.90005204941718,-67.30211548894775,-64.256152373394,-67.58642942678662,-66.01942682433692,-66.52656523480937,-68.81193967911572,-67.65489234187308,-68.36700477678993,-65.12558168440943,-66.17205965603694,-65.86213517408784,-67.63618829253477,-67.51782017632266,-66.24423843127383,-64.59830643217713,-67.80593656683219,-64.02299461521136,-66.20666229916704,-65.08313391784465
G2RC_21,G2RC24,-81.21006165191125,-80.20510660972695,-74.47692145354098,-81.0348828440837,-78.91708700112383,-79.80648548338942,-83.89551568007215,-81.1896524082778,-83.049840677402,-76.53230489047645,-72.46371663067394,-74.98030277653062,-78.44916354021474,-75.53655729474042,-82.04618646236985,-78.45896235165748,-77.1920044992781,-80.58896656528353,-80.60847040925597,-80.87708641030504
G2RC_23,G2RC24,-135.40010249890867,-133.7100026179863,-131.35342580319414,-136.80161391025547,-134.09533667046583,-133.9855907227905,-143.54583153337094,-137.37533559397423,-138.38900379347115,-134.25948863081246,-134.5945384038389,-133.9853120458089,-135.81886071800588,-137.2997427279547,-133.76840147343032,-132.09774453432934,-133.8715275645257,-132.4280989225936,-132.33488174682594,-132.40532632177974
G2RC_24,G2RC24,-154.0401164310209,-156.7244625284468,-151.62632813419037,-161.24660133288796,-157.2170134771653,-158.82146816675956,-163.08578372238895,-155.70282552341624,-158.28254527192976,-156.19177237143649,-172.52656034604323,-159.62924184818095,-168.18548030147545,-173.88002166268785,-158.31815135176257,-164.93845555753552,-156.63537184702744,-159.1616908865089,-158.9577109264902,-158.99188991969555
G2RC_25,G2RC24,-216.11016334687,-213.91447512937185,-215.323728878143,-224.53283603208453,-219.1853832131491,-210.00670688013585,-224.60432090736563,-216.42071577754024,-211.7941519292636,-217.3223837643324,-208.9138172410608,-213.90262662100068,-212.84309099302465,-216.04178389048343,-214.87236909455632,-212.6716851486504,-211.7481104785742,-216.7836591371656,-207.68813702713922,-208.43753247952318
HAT707_2,HAT707MR,123.98999487449908,120.57612064126069,121.86011590610616,124.69770640595276,123.38542972834988,120.97391822414536,128.8198942032774,125.09990220277732,124.67573253019496,119.67497424035972,120.81389038159551,123.21194852192434,124.9730163985529,127.35901060650704,121.10541565822923,121.25465912300638,126.87330781175748,192.15897020593326,115.75677980583336,119.32695023051217
HAT707_3,HAT707MR,48.619998181185984,48.44743671537192,48.21454918699521,55.18673378572065,51.88864752908003,53.17574896586066,58.67766217508353,57.26570028368629,58.620955273390514,52.83887747005529,47.088225968680106,49.57702800306648,54.97477482783814,55.376879259240056,52.02133710564322,50.7026300875012,71.86842776323448,128.71029010216392,48.58259072472557,51.1349132505427
HAT707_4,HAT707MR,25.559998904184724,28.26680889949963,27.60790757376406,33.156737030791945,30.34612059046109,32.223132325855936,34.9484410494746,33.67807165082556,36.14158586917848,32.77625117925646,25.8660576767912,27.83125444808359,32.309896492064226,33.347248216867555,30.70307220117408,28.97879432647058,44.85058630875323,106.92380447191165,28.92968722462081,31.43374264390148
HAT707_5,HAT707MR,127.73999457505188,130.7331377709018,126.97890753573336,134.2087320249938,130.83930371429815,132.4079252284034,139.24446819490768,137.26847844890747,137.8039014724303,131.3155323885721,127.30592004194249,129.92459940646793,132.99804938226407,132.41951143782387,131.2955998011262,130.460946814152,144.0590214437764,207.92131323896564,129.91355805403657,128.86816342418075
HAT707_6,HAT707MR,44.529998105873496,43.1420629247933,48.546003205321576,51.18858208391666,49.17679913466495,48.93163256376842,48.70091000578993,49.319486380538855,51.05944923099895,48.59678660571116,42.44167500241876,45.32863204902664,48.68380710953963,49.46364419472272,47.53914448757702,46.47692399759055,44.15366534176959,126.61478707179437,49.728675786073445,47.03504009667031
HAT707_7,HAT707MR,100.19999585793012,101.19089578504456,102.87603388582367,106.70331199685342,105.00913054327744,104.75903576389764,104.27699635186788,105.4459450338038,105.73345104949928,102.63877217712972,98.68799543257416,101.18336548310974,104.80035669802174,103.45044037064466,103.48816900126296,104.81675948189724,99.02930110170628,189.18122238384586,105.93801036063779,101.74054212449107
HAT707_8,HAT707MR,71.48999704474521,71.23505741032916,74.81652292940649,71.11700355104817,74.41007456359522,71.32926547041835,70.93528584338924,69.29458401034634,70.46356751892162,69.61208723787203,72.56465334935098,73.48132766050013,74.6578528916903,76.97550548210143,71.54890470494774,72.6659674522547,69.12403791291796,138.50856244800357,68.81238223358008,70.45567978525574
HAT707_9,HAT707MR,65.49999738581472,64.05565663313622,67.1740770126701,68.72225853519137,66.95679106402395,65.37323419692814,66.3830210621408,65.19569651831075,66.00868593287292,63.41268965532473,65.62510740101652,66.1017021643234,68.6685518817274,72.09079433904472,65.56925453967466,65.15518544788502,65.86512492917606,141.08716943866384,63.12908449764539,63.645690494515435
HAT707_10,HAT707MR,100.9399958273404,100.39549282540622,101.2534742928572,102.6677096510419,101.84290278971312,100.02130158414064,105.0906730776863,101.51227356993444,102.19636312598293,99.61234794957876,99.59172208968876,101.46617496694144,102.3081380627968,105.32937956411668,99.78715075374228,99.53082336197576,99.85546635727624,170.372484575681,96.1038763057286,99.62577962387094
HAT707_11,HAT707MR,52.46999784550211,50.20374901148476,51.63559303848623,51.12642476039977,51.22473742270492,50.48647553851033,50.65649006891071,50.58917530784455,50.55827655307054,48.45843080686166,48.76047740936397,50.38058456978604,51.52124525009561,54.91431328597508,49.96164682023511,48.84434110127536,52.72894667692286,124.06768883841694,47.98223777505857,48.37639034538041
HAT707_16,HAT707MR,88.55999633910517,85.45383028830604,83.87315958827656,86.33216006821151,84.50131407933561,85.84038440745326,90.7406454234734,88.47501688255687,88.26581827611083,84.49807581668874,82.84808188603276,85.05225472187465,85.96244290677078,89.77707689015601,85.09954490259616,82.1968304027889,89.39268123729835,153.87520921076728,83.9454737271899,95.77693878625861
HAT707_17,HAT707MR,54.129997602972,52.18000639025435,52.82322493647541,54.83391777617414,52.7580026685163,53.69149900257612,56.416402292320136,55.538959057801634,55.13199368699112,50.75071005166084,51.64218144872734,52.32151172193273,55.48724982984627,60.26024558670408,52.87718874322052,50.75109025965922,56.67977981827813,120.49502503562361,48.1287027905004,51.86538174821739
HAT707_45,HAT707MR,-242.63999006589444,-244.3219911212856,-236.46033851227028,-252.20655654844984,-242.88860530347463,-244.4368653274142,-253.6930224514352,-250.3264808098313,-242.63695850485,-248.6228254065132,-247.84723976081528,-245.976637846417,-247.274077564523,-250.57007396355425,-242.8619833395216,-242.1283979697004,-242.8140197419501,-177.08805197691805,-250.7744584744072,-246.66509030556662
HAT707_71,HAT707MR,49.43999806894231,50.92160403652701,51.32044052410711,55.76112182173704,54.03371022750268,54.04335611485945,56.97165649773168,55.4612955359932,57.22962570526591,53.6545749018464,49.95368102671154,51.69985226768841,55.93553726430027,57.66325997771971,53.45236932374816,52.40382979525664,62.34850388790901,131.1483837546662,51.487546287140546,51.70000535491884
HAT707_72,HAT707MR,80.59999666815555,87.38970529888374,89.94164112418315,91.10070508862113,91.56934165128864,88.3880414966622,96.25676362739526,93.58737377902696,92.55976150328082,85.50180577212848,87.63467709094824,89.61587309482135,91.48238207862066,96.78329070007882,89.40176046164522,89.18896333937246,97.18769495559891,165.39463676456577,89.08521890451912,89.44484221425344
HAT707_103,HAT707MR,-111.77999516796568,-115.83675669393668,-103.33555700287472,-119.48275189866808,-107.22754489490616,-113.61416708258405,-117.89368085486082,-116.01143079586636,-110.46278883868035,-116.47028505062625,-111.28861609317468,-113.05548975022596,-111.98193292502086,-113.85158980951566,-113.45664733261894,-110.29104219391934,-126.59866390227296,-37.91609844048555,-116.87315665690018,-115.00416758236669
HAT707_108,HAT707MR,21.74999920378307,24.22874188485622,27.04392684511644,22.23156396770544,27.5953204241049,25.749355535366576,21.747647988535228,22.84099508199456,23.966361536616763,24.29081901262225,19.69726122135785,21.91265969962653,23.160777737620336,21.62134714866638,24.2683699865934,23.58587210827587,20.87164835091388,106.33514136964821,21.581818163607625,24.84532616640595
HAT707_109,HAT707MR,23.61999877180399,27.070192697392304,31.82237013716736,28.546223494315708,36.51382637173336,28.22440350355317,30.191995415813714,29.10276779651601,30.887112572313807,27.118193846435734,27.344680025175528,27.23176132680772,30.4785803730916,33.45376336924934,29.25052996231726,32.525172716001684,34.85587975053681,96.71837700802098,25.085539112690377,25.898751670060605
HAT707_117,HAT707MR,17.539999236727137,22.83110747797507,19.009007637882213,18.78400489157489,20.693311966802085,21.3555279231061,20.80832177770249,16.741457474692513,28.209806817403617,22.01980254974145,6.909948209037261,16.481745108589855,20.108977027081448,3.3872033323245203,25.09564032460528,24.55828055586424,23.604690013653737,60.37303536988195,21.051156224994855,23.586878195049174
HAT707_119,HAT707MR,115.06999533747909,113.44486138690854,116.38020983066606,120.90990686122154,118.61332164643407,114.83922245329232,122.46430963817475,119.36383609236464,116.77577956670471,116.52125475864872,118.60027214764024,118.59360950305008,120.98194701963872,119.9368660723786,116.00660349101292,117.59286335515446,118.84070058851756,110.54648971864498,115.6283521709832,108.32065751739306
HAT707_120,HAT707MR,201.13999168527053,202.6834514385297,195.3142749163632,210.0250581437189,200.10230479623544,204.8687408827996,209.32841883744084,209.96862627945896,209.7730755020584,204.7332579477476,196.8073173068752,200.4734235628285,204.9968555388117,195.0867751843529,204.79193422514967,201.23588892668488,222.56233219481305,206.87665167304934,205.56129515208497,196.5887522374966
HAT707_121,HAT707MR,178.0799926385257,182.50282362265736,174.707633303132,187.99506138880807,178.55977785758083,183.91612424279484,185.5991977118497,186.38099764661607,187.2937060978464,184.67063165698443,175.58514901498629,178.72765000784568,182.33197720303772,173.05714414198042,183.4736693206449,179.51205316563642,195.5444907403318,185.0901660427761,185.90839165195925,176.88758163087635
HAT707_122,HAT707MR,118.81999508821634,123.601878516514,121.4990014603289,130.42093248026256,126.0671956323467,126.27322945751467,132.88888362982289,131.5324123385126,129.90394850894006,128.1618129068611,125.09230180800505,125.30626038759368,129.0069800033499,124.99736690369544,126.1967876338742,126.7991510463001,136.0264142205365,126.3088327516564,129.78513041916543,117.8618707110826
HAT707_123,HAT707MR,197.04999185434352,197.37807764791532,195.6457289347252,206.0269064418436,197.3904564018204,200.62462448067168,199.35166666814723,202.0224123763472,202.21156945959552,200.4911670834391,192.1607663406495,196.2250276087887,198.7058878205132,189.1735401198356,200.30974160704773,197.0101828368099,194.84756977334817,204.78114864263785,206.7073802133909,192.48887908366618
HAT707_124,HAT707MR,218.0199909874852,218.2916713562583,214.2738027420024,223.5605828931897,215.17044833117936,217.0662261139027,217.0337777244268,217.89862251404776,217.16080616161216,215.30707013312403,215.34419873924728,216.9980977241568,218.6906325927723,211.80069026422893,218.33985165914544,215.68844428710435,216.5590293606833,219.25353100946538,220.10778892496285,209.09952948146935
HAT707_125,HAT707MR,92.01999605145645,93.26423357105408,95.77356821741708,98.87991010631067,97.0707947077973,93.8866058132876,98.73508851258369,95.77620745952171,94.29641016249268,96.45862846786773,97.37810385573351,96.8478359480672,98.31706868388262,97.90723502998826,94.68833858652594,95.86902759412384,91.82285913403632,88.76000408835078,95.9754486708365,88.61948691075183
HAT707_126,HAT707MR,204.98999152611952,204.4397637346425,198.73531876785412,205.9647491184159,199.4383946898604,202.17946745544924,201.307246731268,203.2921013036172,201.71039678173844,200.35281128457177,198.47956874755903,201.2769801295481,201.5433259610692,194.624209211088,202.73224393974155,199.3775999404412,203.42285110848363,202.23405040926042,204.96094220237603,193.8302293323343
HAT707_129,HAT707MR,79.64999670742696,78.32257103394498,78.39325351284536,82.54436052348028,79.72920599738414,79.70568863655564,84.38506085838861,82.73895077214416,80.36586531259384,81.34435633498663,80.63446365209532,80.4339157030004,81.97137352783875,82.35493235602758,80.0007327353531,78.53503463492808,81.36007401406737,72.26272872343708,83.81704609231878,84.77064607316048
HAT707_130,HAT707MR,206.64999145749803,206.4160211134299,199.92295066584336,209.6722421341813,200.97165993562712,205.38449091948823,207.06715895470413,208.2418850535832,206.28411391563225,202.64509052937987,201.36127278694025,203.2179072816948,205.509330540802,199.97014151182583,205.6477858626913,201.2843490988161,207.37368424985672,198.66138660647758,205.1074072178493,197.31922073520275
HAT707_161,HAT707MR,233.119990363281,241.6257200220415,237.0413668535511,245.9390294466551,239.78299891842624,240.08103341356545,246.9075202897704,246.29029977481747,243.71188173194872,237.3961862498386,237.3537684291433,240.51226865458344,241.5044627895942,236.4931866252273,242.172357581116,239.7222221785383,247.88159938715967,243.56099833541975,246.06392333186804,234.89868120123882
HAT707_176,HAT707MR,-27.29999858948358,-32.1184528896698,-25.333876304482256,-39.305384533557245,-31.68162672754427,-30.991494380732888,-36.92627310048594,-34.45931686717985,-31.65665517627624,-33.48939919302699,-30.106454955723592,-30.985907412836166,-31.076651997193213,-42.007344131028205,-30.72859577254201,-31.50870764398936,-45.4647562366373,-30.43799972253699,-29.86723119950826,-40.42047696597994
HAT707_181,HAT707MR,106.22999578226516,107.94704568919444,105.04560754350892,102.40893133292327,103.14123859132413,108.3720282373604,102.7150557428031,104.39310901068106,102.7724951991279,107.27170487025715,100.8794223588446,103.98224203698068,104.06605866569768,93.46559282704683,106.99642154656333,102.36820665813453,102.00555601644254,113.81324008759677,108.58774362099955,99.42901678283465
HAT707_182,HAT707MR,108.09999553136022,110.78849650173056,109.82405083563116,108.72359085946222,112.05974453895256,110.847076205547,111.1594031700816,110.65488172513118,109.6932462347536,110.09907970399932,108.52684116259096,109.30134366416183,111.3838613010976,105.29800904770111,111.9785815222872,111.30750726586032,115.98978741606548,104.19647572596953,112.0914645700823,100.48244228632153
HAT707_188,HAT707MR,94.15999610761192,95.39551773018474,95.09722225377234,102.21309811339924,98.61697045899903,97.7545428359562,102.15755561834251,102.218285483212,104.08343321071588,99.45535329953148,94.5861927825968,96.61092489175434,101.69804574171906,88.69795443245386,99.05703300127183,100.65334349643446,117.83821478670342,108.29327372123639,106.35359115222158,100.47845848061918
HAT707_189,HAT707MR,71.09999706086647,75.2148899142946,74.49058064054121,80.18310135848839,77.0744435203801,76.80192619593362,78.42833449275142,78.63065685038693,81.60406380650383,79.39272700876832,73.36402449067224,74.86515133677145,79.03316740594515,66.66832339002784,77.7387680967492,78.92950773538601,90.82037333222218,86.50678809096316,86.70068765209585,80.77728787397795
HAT707_190,HAT707MR,90.06999627668488,90.09014393957044,95.42867627209873,98.21494641159526,95.90512206461962,93.51042643386394,92.18080344901324,94.27207158006456,96.52192716835998,95.21326243522302,89.93964181629978,92.36252893767885,95.40707802342054,82.78471936786518,94.5748403831343,96.42763740648816,90.12345236520288,106.1977706908249,107.49967621354848,96.37858532674679
HAT707_191,HAT707MR,111.03999540982656,111.0037376479847,114.05675007944724,115.74862286286998,113.68511399397862,109.952028067095,109.86291450529278,110.1482817179078,111.47116387023394,110.02916548483658,113.12307421489756,113.13559905290424,115.3918227956083,105.41186951218718,112.60495043530328,115.1058988567826,111.83491195268068,120.67015305765241,120.90008492512042,112.98923572459192
HAT707_192,HAT707MR,98.0099959484609,97.15183002627973,98.51826610526338,98.1527890880962,97.95306035262392,95.065269408588,94.1363835121697,95.54176050738808,96.0207544903959,95.07490663635568,96.25844422328068,97.4144814584739,98.24451616397651,88.23538845917105,96.99734271584587,98.79505451019078,98.69873370037396,103.65067245744747,105.75323820251263,97.71993557545689
HAT707_196,HAT707MR,99.6699958798394,99.1280874050404,99.70589800324365,101.86028210387056,99.4863255984353,98.27029287264487,99.89629573559696,100.49154425734515,100.59447162430754,97.36718588115484,99.14014826261727,99.3554086106206,102.2105207437272,93.58132075989111,99.91288463880456,100.70180366856572,102.64956684174707,100.0780086546856,105.89970321797543,101.20892697832532
HAT707_221,HAT707MR,-145.50999423179678,-148.7660259329767,-142.52580980043845,-157.89512186389305,-151.3944493900696,-154.22947306239527,-163.765692935805,-156.91299618113376,-154.43437699399323,-154.57408055775585,-152.1116552565953,-151.31387968361534,-156.4018499931819,-166.21045723379856,-151.44281480829144,-150.81444533251116,-152.55075932709195,-151.90775317168297,-150.4725923647072,-155.4089625855614
HAT707_236,HAT707MR,94.97999607371467,97.86968505132198,98.20311359088426,102.78748614945133,100.76203315740383,98.62214998493712,100.45154994099066,100.41388073555456,102.69210364259126,100.27105073135826,97.45164784062824,98.73374915635844,102.65880817816335,90.98433515091568,100.48806521932327,102.35454320417206,108.31829091137794,110.73136737371773,109.25854671461558,101.04355058501629
HAT707_237,HAT707MR,126.13999478562236,134.33778631367872,136.8243141909603,138.1270694163354,138.29766458118982,132.96683536673987,139.73665707067207,138.53995897858834,138.02223944060617,132.1182816016225,135.13264390486495,136.6497699835092,138.20565299250157,130.1043658732748,136.43745635722033,139.13967674828788,143.15748197908567,144.97762038362777,146.85621933199417,138.78838744436138
HAT707_260,HAT707MR,38.35999865198906,44.85205360097412,46.63178900594453,48.46988988287447,47.26586034658343,42.86107453617524,41.81362053633356,43.01001008204246,46.82940184223456,48.851472495459134,37.09381762808858,41.994394093137416,42.4279717014866,28.71387896556687,47.58817776414387,47.767142022866345,48.0208010115391,31.737492485606886,50.03991305438776,48.734781927124395
HAT707_261,HAT707MR,-62.009997396728906,-60.888170409285536,-56.69128513924055,-63.71962411745785,-58.71909254680656,-59.903660818013165,-66.89705304062429,-64.82339188425334,-61.82328615704417,-61.463885941604936,-58.36961438567204,-61.1848282741894,-63.38880582905789,-60.83003215852204,-60.55307018447089,-59.28069187702379,-63.23354337877364,-55.262542375358045,-63.14961376549088,-73.11782365538429
HAT707_262,HAT707MR,35.42999878521545,35.122290352981395,37.98695631782962,38.3655463377591,38.88411564904102,35.133533816709935,38.07924877977724,36.62488532021155,36.40991425411087,35.17689842368883,37.96580849557168,38.15969380004077,39.010573491782125,37.581933716351024,36.00587075565092,39.05782872022638,37.48062657444129,38.28376099518169,31.811306078648705,23.55001144424306
HAT707_263,HAT707MR,62.22999719825855,65.45993529845916,63.71238956074144,69.90656871172882,67.88051657362608,67.52015746093703,72.23304389701646,72.38109019922025,72.0174526005761,66.88008286264653,65.68000644780754,66.61811823956724,69.70048481123155,64.67206559004039,67.51431980303484,69.98795217240263,81.6841816609593,75.83258965847682,65.62098782695666,52.792395244552864
HAT707_264,HAT707MR,39.17999853974538,45.27930748258687,43.10574794745679,47.87657195680012,46.33798963495364,46.56754082093231,48.50382277142536,48.79346156635951,49.538083196310566,46.81745657186554,44.45783815590081,44.87234468458436,47.0356064754933,42.64243454766788,46.19605489854786,48.264116411372015,54.66634020646022,54.04610402820359,45.968084326830926,33.091224637911644
HAT707_265,HAT707MR,58.14999774143416,60.15456150784487,64.0438435789608,65.9084170098535,65.16866817917531,63.27604105888047,62.25629172768718,64.43487629600146,64.45594655818454,62.6379919983024,61.03345548147487,62.36972228552741,63.40951709300437,58.758830525523045,63.03212718496864,65.76224608252765,53.96941923942308,73.73708662810728,66.76707288830454,48.69252209072241
HAT707_266,HAT707MR,29.439998541436715,30.198723133200804,35.98433262259712,30.32210856406609,34.569612199475266,29.84627076536552,28.9145812192442,28.283515272561832,29.186063027589054,29.611307059098216,34.91011339837651,34.6676844629178,33.26701328672644,32.28389563705115,31.09286288867128,33.611454052885115,24.064156050723923,23.064426692254486,29.64144476125732,17.40765975149757
HAT707_267,HAT707MR,79.11999672933624,81.06815521625914,82.67191738638066,83.44209346119955,82.94866010853431,79.71764269204017,79.93840278403806,80.31108643377337,79.40518326005851,77.45389504798732,84.21688788014396,83.14279240089552,83.39426186526347,81.38598066991639,81.06223723706628,84.44050753282211,75.68087882690088,88.2094689949348,80.16748159991842,65.30317248860949
HAT707_268,HAT707MR,12.369999508214198,14.94166253709127,17.38031470458064,16.335549582848234,17.341588710404245,14.18091717670521,14.350027654186135,13.037256687368645,13.93054484989884,15.11427213290784,16.743640203664942,16.413920245057884,16.345695156026043,15.552302673960686,14.68760585116394,17.333992959195765,10.462785119960047,16.497275364929433,12.158402578543946,3.848840837601843
HAT707_269,HAT707MR,66.08999726796996,67.21624759453633,67.13343341221463,65.84625968640795,67.21660646723312,64.8308840335867,64.21187179084363,65.70456522336066,63.9547738802383,62.49963619948856,67.35225788850924,67.4216748062868,66.24695523352467,64.20949961677542,65.4546295176089,68.12966318617678,62.54470057461201,71.18998839472985,65.02063487728967,50.03387233939057
HAT707_273,HAT707MR,67.7499971993491,69.19250497333267,68.3210653101949,69.55375270216447,68.74987171300883,68.0359074976614,69.9717840142709,70.65434897331775,68.52849101413211,64.79191544428775,70.23396192784587,69.3626019584335,70.21295981327533,69.55543191751332,68.37017144056756,70.03641234455174,66.49553371598512,67.61732459190506,65.167099892721,53.522863742248525
HAT707_296,HAT707MR,-67.12999717034874,-65.84487803603842,-66.60806748305986,-73.864273098066,-70.87313071618578,-67.96109581818057,-79.5159878790005,-74.41812871040653,-69.19531665501493,-71.77690462477773,-75.35852382087666,-71.91652723978248,-75.6410406970532,-86.19190674342343,-66.72129202952829,-68.2379690623513,-69.56459465523089,-56.74554385605165,-69.36156300518131,-80.72851940495237
HAT707_297,HAT707MR,-71.2499972185971,-69.65590013762062,-65.1280243278275,-71.27262062940518,-67.61675846565419,-70.36521639028588,-76.09113002492714,-74.07979662357563,-71.09960509775986,-71.6493432438801,-68.724160014314,-69.113027823655,-71.64307398498167,-73.75957370711482,-69.61864295483898,-67.56673585770244,-72.5472197888983,-64.88614549853459,-73.09162646386069,-82.05255962761882
HAT707_315,HAT707MR,-110.70999550574386,-108.70935863089215,-104.46972114036453,-109.57698027537772,-106.68677549066784,-109.38211768760186,-117.3642908957177,-113.3644133545636,-111.1397148720908,-110.00736913156491,-102.65921223151037,-107.04970362711992,-107.2991361330062,-109.40907599660731,-108.99911640158786,-104.96343950771154,-109.6556763069403,-103.84118702460403,-119.44544516595089,-130.09046819732848
HAT707_316,HAT707MR,63.05999739322439,67.93410261961425,66.8182808978355,70.48095674772738,70.02557927201306,68.38776460993581,70.52703821970027,70.57668545152715,70.626123032398,67.69578029445547,68.54546150585682,68.74094250420701,70.66124724774718,66.95844630855571,68.94535202108628,71.68915188015806,72.16425778561599,78.27068331095816,68.52594338937163,53.357487348929
HAT707_317,HAT707MR,94.21999610513204,104.402203881971,105.43948149791156,105.82054001461148,107.56121069579903,102.73244999173858,109.81214534934604,108.70276369456091,105.9562588304129,99.54301116475538,106.22645757009352,106.65696333132212,106.20809206204972,106.0784770309148,104.894743159019,108.47428542427387,107.00344885332372,112.51693632084722,106.12361600673974,91.10232420828459
HAT707_325,HAT707MR,-74.7399972076829,-74.04936530060405,-69.27776945463741,-76.47293408560681,-71.81543508699028,-73.87291277403718,-79.87947851493372,-77.10176973819277,-75.25540500074564,-74.77957328893318,-71.5081520434236,-73.53236338247568,-75.74351142536362,-74.72507271061757,-73.9365992125708,-72.12229500095604,-77.87359270341251,-70.79730261630635,-76.6194712385596,-86.74786660551536
HAT707_330,HAT707MR,-79.2299969221402,-80.41254919366708,-77.92070781714689,-84.91626626522878,-80.20426342523375,-82.46361787545861,-87.61195691818587,-83.20170079393193,-83.49357666014116,-82.64287367509124,-80.14563113625499,-82.12384458758967,-84.7885417318544,-81.85007011068146,-81.86886659219189,-80.229037248278,-86.47306688701786,-82.0801832619372,-86.85381446153545,-95.59817071404265
HAT707_334,HAT707MR,-72.98999690389596,-71.56099122772778,-66.21311308286016,-73.25351097338931,-68.45181977305353,-72.10459735126842,-75.22705475020997,-74.84954680764913,-72.59479689643388,-72.12022095662684,-69.52562653525713,-70.37245853989988,-72.75911483306459,-73.46593403732169,-72.00105609172898,-68.45063798447805,-73.26340541916093,-67.82476378448486,-74.07682814013293,-83.02846466696515
HAT707_336,HAT707MR,-89.62999632503781,-87.21359652205972,-86.08222643321554,-90.1905708694952,-88.12494817225762,-87.73489826059864,-96.81476092770122,-93.23035646808556,-90.29601774985612,-88.38807889621657,-84.82271746657847,-88.14401241209505,-87.79616301456578,-90.84587913880712,-88.48291226948264,-86.74926887868305,-89.90036241712629,-80.20655327371551,-91.21901695787743,-92.39485144931204
HAT707_339,HAT707MR,-79.64999654324225,-78.32257103393606,-78.39325351285427,-82.5443605234892,-79.72920599738414,-79.70568863657347,-84.38506085840645,-82.738950772162,-80.3658653125983,-81.34435633499109,-80.63446365208641,-80.43391570300932,-81.97137352784321,-82.35493235602758,-80.00073273533971,-78.53503463493254,-81.36007401407181,-72.26272872345281,-83.81704609230829,-84.77064607316572
HAT707_341,HAT707MR,-129.43999492394573,-129.33627639301798,-124.82989554372809,-131.1554394105201,-126.8197474132624,-130.5081214703865,-134.85944817992234,-132.68184378148095,-128.9150994386373,-131.65278829666852,-125.5319037583036,-127.62389421542204,-128.93349801640522,-130.15353638616716,-129.80871415707352,-124.37022031837014,-129.69628682751917,-156.81442716626822,-147.02354089784575,-146.20467078499166
HAT707_346,HAT707MR,-73.04999684976768,-76.04043447576417,-64.766298562299,-78.57153039767988,-68.64196957643883,-75.62557183543912,-79.11839806445633,-77.74137351608704,-72.58661090985666,-78.05723712421195,-70.95487637540703,-72.69336828091993,-75.63380513629033,-79.87260232826888,-74.91175853614718,-70.98157702897214,-91.31998521085978,-73.25931751487695,-78.93907381969747,-90.11212909982004
HAT707_349,HAT707MR,60.47999752198108,64.02506410299307,65.61318528569215,63.14278546880064,66.18089574250091,63.73795078261851,60.52293077886839,61.11105236177386,61.84253946540481,62.70386693896519,60.0310009391255,62.27478116886124,59.50890552656488,55.60033462987749,62.8132587830295,62.89533727325874,56.150327042255725,70.99192229517291,59.515901000768395,49.7373646490365
HAT707_350,HAT707MR,62.34999771751146,66.86651491552915,70.39162857774308,69.45744499533957,75.09940169012935,66.21299875073376,68.96727820614687,67.37282507629531,68.76329050110185,65.53124177277867,67.67841974294318,67.59388279604242,66.82670816182213,67.43275085046044,67.79541875875336,71.83463788091322,70.13455844194999,61.37515793371347,63.01962194985114,50.79079015269115
HAT707_354,HAT707MR,-9.71999938884196,-8.140603348825437,-5.352169180184924,-8.955445045968489,-5.713580312475004,-8.88252210718139,-12.536850449546288,-11.645818622890472,-12.033070595346988,-9.154667946041986,-7.052227950184872,-8.672845714984504,-8.191650993542178,-8.946471095780934,-9.035635171846964,-6.227257559911501,-10.155757337811586,-9.570630259023572,-11.892460093444129,-19.861754257021563
HAT707_355,HAT707MR,14.029999265684092,16.917919915869774,18.56794660256091,20.043042598586933,18.87485395617996,17.385940640779914,20.10993987763123,17.987040437343563,18.50426198377482,17.406551377689187,19.62534424300156,18.354847397204576,20.31169973575887,20.8982349746986,17.603147774122597,19.24074211757071,14.413618261350988,12.924611562115134,12.304867593964802,7.337832240449311
HAT707_358,HAT707MR,21.38999890104327,18.204370437075955,19.41900971526871,18.322503739118662,20.009261692834315,17.74759317593894,17.969308902181673,18.637844882859063,17.905652270318214,17.770347045981808,18.34046425254337,19.80484640285403,18.69887375598758,16.68369874167918,18.40272298151049,19.81708660265567,23.06700831312597,25.359149433087527,19.5064384846839,16.21217920380424
HAT707_359,HAT707MR,-5.510000049295501,-3.732569674891342,-4.608675749471292,0.3528160095108409,-0.8693551394095089,-0.5157500366976147,2.2612598827633965,1.7267412258400785,3.4889615864083177,2.0881674183766163,-4.553955480029402,-2.74448371884842,-0.5124750020437958,-4.8833663274283525,-0.8558516375683827,-0.0484601721491023,15.18864794497418,8.215265066582246,0.45388793424614415,-0.7304684976746871
HAT707_360,HAT707MR,-28.569998698787284,-23.91319749076364,-25.215317362738105,-21.677180745400022,-22.411882078046283,-21.468366676720176,-21.46796124286337,-21.860887406984983,-18.99040781782155,-17.97445887242221,-25.776123771936145,-24.490257273866973,-23.177353337799875,-26.91299736985436,-22.174116542037524,-21.77229593317972,-11.82919350954273,-13.571220563690984,-19.199015565879588,-20.431639104315906
HAT707_361,HAT707MR,25.1399986555732,28.361387566681422,24.53780134489588,27.833529358159684,27.463135678782592,29.18160018016131,28.393882893794128,30.80642112900703,31.03382121251791,29.41090519415852,24.832493912908166,26.517497287361948,26.72390673969876,21.744199572960365,28.59290712440744,29.023374293801304,40.25272194510924,41.12149246609894,33.66321673287661,25.753392397483303
HAT707_362,HAT707MR,-9.599999497098516,-9.037943465434296,-4.277221731144924,-3.6453356923288176,-3.5812035337889294,-4.759866438789856,-7.7154922865658815,-6.219472677236024,-4.072544455983245,-2.153923445967515,-9.200506446290747,-6.992879672923926,-6.803442720270968,-10.796601392017028,-5.338044255670251,-4.274166262095425,-12.52611447652637,6.1197620361917275,1.5999729955730475,-4.830341651547082
HAT707_363,HAT707MR,55.49999762206192,56.8162771198538,58.4795828482275,61.89470213178154,61.181691542630645,60.25955909135845,60.35704814744977,62.07433029554683,62.543756453414126,61.246322131825394,54.754035067135526,57.51981256696432,57.49000072142354,52.322110428714616,59.83200199708701,61.20795921472538,53.1408239012819,80.56185952151843,67.68168986433095,56.98147563195883
HAT707_364,HAT707MR,26.78999904957395,26.860438745067054,30.420071891846,26.30839368586929,30.58263556284142,26.82978879777217,27.015337638971115,25.922969272089365,27.273872922765133,28.21963719253204,28.63069298387666,29.817774744247696,27.347496915020763,25.847175540242727,27.89273770084316,29.057167185047177,23.235560712564915,29.889199585676128,30.556061737273236,25.696613292723494
HAT707_365,HAT707MR,11.369999782842708,11.875650242837294,14.35085207627494,13.888340758945889,14.198788395498733,11.681735194298518,9.966618769784995,9.65673746053588,10.876692245819385,12.661979603646058,13.982925952235671,13.7801904423015,13.181302051845456,11.830548752376314,12.692065796570066,14.404095188199038,9.185345110951436,20.592144403019248,15.000381707144987,11.780308746298049
HAT707_366,HAT707MR,-1.6599997574698946,-1.9762573787785045,-1.187631897980267,-3.707493015792204,-1.5332652458024625,-3.205023464065788,-5.759912223445094,-4.949783749983836,-4.573717133893817,-2.292279244799183,-2.881704039363372,-1.940927152164524,-3.9660045797328265,-5.345932300711157,-2.915541922976491,-1.906749158374947,-3.9508331413909374,3.572663802793324,-0.14646501542085696,-3.4889914028369806
HAT707_367,HAT707MR,-5.649999922996183,-4.407200153054143,-2.4789255372933017,-6.637961883107087,-2.746016348052252,-5.020653101214368,-8.462170013995683,-8.8762594371341,-8.01581562254394,-3.997328346705432,-3.873418380574986,-3.997050548217101,-5.314602823416356,-6.1052810760923775,-4.717314331167493,-2.428922382107872,-7.429370414290306,3.5313060447883493,-2.4562624863904223,-4.8174317075597335
HAT707_368,HAT707MR,36.05999821686853,36.50146456059227,37.4574249807758,36.26131800261648,37.77449641915606,35.62477960849132,37.647992830951566,35.100402383243136,35.86972598642337,37.278491846548114,37.10619782527773,37.38231021424964,35.46404638250897,35.529322490778725,36.150445487177215,37.30903474068888,33.92386880797202,43.71145997536879,37.48830121892256,35.62158902163166
HAT707_370,HAT707MR,-12.369999508214198,-11.478887736887849,-10.916429910936053,-12.969159924022604,-9.70055694903751,-11.8990040747034,-14.436094029819373,-14.00636462336294,-13.945260700099572,-10.546337812536828,-13.331648364542042,-13.522755433583264,-14.11116736510517,-15.38319119258936,-12.235760359746427,-10.7815444276781,-10.984352675970596,-2.7458573656019265,-10.977843117470155,-11.572800715753688
HAT707_371,HAT707MR,-14.029999265684092,-16.91791991588761,-18.56794660255199,-20.0430425986226,-18.87485395617996,-17.38594064076208,-20.10993987760448,-17.987040437325728,-18.504261983792656,-17.406551377698104,-19.62534424300156,-18.354847397231328,-20.31169973575887,-20.89823497470752,-17.603147774113676,-19.24074211757071,-14.413618261324231,-12.924611562120377,-12.304867593970046,-7.337832240438824
HAT707_372,HAT707MR,-22.059998924120293,-21.94504188678619,-22.23470597033083,-21.510114003534863,-20.34707677464814,-20.75094137014781,-22.047553089448776,-21.67083022399235,-20.750182020891604,-19.790897243767617,-26.451804763775208,-23.369577875715787,-23.62858416818007,-27.496025144576173,-20.06895930463834,-19.94421330775927,-25.725363443761523,-15.49234056273109,-18.832334257213645,-20.838123515827842
HAT707_373,HAT707MR,10.709999750744302,11.187785652535766,9.095818978062931,10.22228407625176,11.75166434817682,10.5917010372066,10.093260974809224,9.337652783464913,10.800448213324168,9.748567322385142,3.873227806033382,7.538030097258646,7.546834243419745,3.2620681540374377,13.328636381872595,12.458383464625513,5.520016307213554,20.593248118705837,14.683623486730598,12.746644244629158
HAT707_374,HAT707MR,-53.6799980089341,-54.0408194705924,-51.48492004444857,-54.51858730008899,-51.92699431930004,-53.87181384993431,-56.65664981655302,-55.738674239086,-53.484936437923885,-51.49624257435509,-54.60297866470839,-53.20510680831847,-55.07511716951,-57.24367507764703,-53.30782615588748,-52.03340254410318,-58.44415545926244,-45.493335436825895,-51.46117074531758,-53.67851419034307
HAT707_376,HAT707MR,-68.23999742399454,-68.54376490848854,-69.28856010759009,-74.31872223635479,-69.82156715685083,-71.27460939519986,-74.2998332598934,-73.54864982613188,-72.11226281872172,-70.82335070341009,-74.34109332557342,-72.05539527464354,-74.2006719537722,-78.38006439322547,-69.70234512585411,-68.91409200911718,-71.94169251829271,-61.948018197653525,-67.926197652869,-70.20928686715315
HAT707_377,HAT707MR,-99.66999605270507,-99.12808740504488,-99.70589800324812,-101.8602821038795,-99.4863255984353,-98.27029287264044,-99.89629573559696,-100.4915442573407,-100.594471624312,-97.36718588116378,-99.14014826263066,-99.35540861061168,-102.21052074372273,-93.58132075990004,-99.9128846388001,-100.70180366856572,-102.64956684175598,-100.07800865469085,-105.8997032179702,-101.20892697830959
HAT707_378,HAT707MR,2.5299996001193223,3.9485148866865134,6.248083909035937,0.1816699540669669,5.226332697276129,2.5644680680232943,-1.500556879211263,-1.912989928352041,-0.312044020688844,1.2494157905169396,0.4647613779075273,1.5561272357221685,-0.7086027116334279,-1.0296711971124983,2.386528218522846,2.573250251362132,0.7997249468398884,10.063180187249646,3.8850887363128206,1.507987370334162
HAT707_379,HAT707MR,-34.35999849548415,-34.40250535975251,-28.98318061769603,-38.305034971664206,-31.903373515436087,-34.76842370434366,-39.47220215414728,-40.71972192481093,-37.50663866630128,-36.6215519898949,-36.357426224141896,-35.208302637322475,-38.35172180203111,-39.64441290490468,-34.53759785834401,-35.13037493403705,-37.39919710097689,-26.85871969814987,-32.84346908407832,-35.13482716191223
HAT707_380,HAT707MR,-40.009998418480336,-38.65033002913773,-35.21320210579591,-40.97749095682198,-37.04741612628419,-39.694153447392495,-43.84887127304085,-43.3771216358936,-41.32609192243584,-38.93248169477906,-38.09126922572282,-37.67289014785716,-40.64720950277133,-41.689984478203726,-38.7341403827238,-36.86458101260518,-41.80486119622974,-30.656115889451055,-36.67192627950734,-39.032976037233425
HAT707_382,HAT707MR,-78.65999680884937,-77.85558896274873,-73.43785794565446,-80.84258344426684,-74.57605891431358,-78.5835259943062,-82.1955789606137,-78.65123633734633,-79.09613409109483,-79.6777785211948,-71.7491495669706,-76.29752247174798,-81.17367206375276,-69.64062549025722,-79.32760702484187,-77.34821184769271,-77.3779161569812,-65.94301529934442,-76.23847538516762,-81.35330502496733
HAT707_383,HAT707MR,-126.34999457400474,-125.61112921398288,-122.13801506557976,-128.9030655639366,-123.83922839027518,-125.06721899929248,-129.48460796100323,-128.71930983112676,-124.9786490490896,-123.17664797645854,-126.81975977521456,-125.39671976885222,-127.05740620993087,-131.6233953136572,-123.46417808853764,-122.66864190866818,-130.80009510885554,-116.01060174866556,-121.6067434749191,-123.62244816162648
HAT707_385,HAT707MR,-120.44999487654304,-121.01348031197404,-118.60195167677618,-126.14852908056812,-119.52031241954788,-120.50641111579226,-124.42035889010236,-124.9576113547479,-122.0050206448688,-119.35565474933338,-123.98567441776832,-122.2021537501652,-122.72797914175254,-127.62182387350046,-118.48147996064432,-118.14783605983946,-125.38299721971548,-111.09242919261641,-117.15816984691541,-119.22913202581827
HAT707_387,HAT707MR,-125.94999493485992,-126.19094853275472,-122.86864480301782,-131.26591640675753,-124.47614128206762,-125.94010350299902,-126.2504863806312,-125.44693772052943,-124.64753947081452,-120.24852166469984,-123.1043153358725,-122.55153916542078,-127.69610254637432,-128.68351964001909,-124.39087253368471,-123.33634938862208,-129.45422275497802,-116.62693563915407,-122.66798456267522,-124.69474010385929
HAT707_390,HAT707MR,-60.6899973325321,-60.79652020330098,-56.7126991510238,-64.68848801500083,-58.656855278654085,-61.02566030781705,-63.1002967394197,-63.54827525096639,-62.328480417643696,-58.90982116490728,-60.291769968388536,-59.37077236804615,-62.83158162039877,-64.16023416173968,-60.2264337446995,-59.579914498639305,-63.55078468142663,-52.529445073114395,-58.45825520580261,-60.76835300461748
HAT707_391,HAT707MR,-108.77999536434172,-107.43567435071324,-104.5443368486349,-111.40309415257413,-106.32217617099774,-107.35438357313956,-112.62100357090212,-112.03425949683673,-108.58822351172064,-105.84314572967196,-109.81606621682629,-107.91414003349236,-110.0741877209258,-114.78887918794828,-105.67968321393788,-105.20265258258335,-111.85201435189036,-98.8221625896831,-104.4166934120402,-106.39978856241716
HAT707_392,HAT707MR,-194.1399917764519,-193.93832811553227,-188.13776463604003,-200.99215470881165,-192.1155846544555,-193.6398981011132,-202.19808597531608,-199.9210629918724,-195.11356525803552,-193.07763881920664,-196.0853329557305,-194.7005188184501,-199.1789977099986,-203.8071158992128,-192.3683451568308,-190.9872835262572,-195.5782048910292,-183.14420173909738,-190.65192413068561,-193.27709406697366
HAT707_394,HAT707MR,-130.83999428846204,-129.89406046562715,-125.92826026571235,-133.4789407029587,-126.4204474472066,-128.94279908734993,-133.05830164967458,-129.6109475182377,-128.36175643883854,-129.3846297003026,-124.56403163949176,-128.9492887275805,-132.85984111085398,-122.48521900686634,-129.28181327697538,-128.56150217982233,-132.39327264121732,-116.72379789740936,-126.4945690133701,-131.45553783186432
HAT707_396,HAT707MR,-142.12999414347578,-142.91721626210375,-139.57512960593954,-146.65153543339747,-140.88309366192863,-141.52538060757655,-144.63029597920183,-144.22303467495684,-140.50062852001352,-140.2698720765786,-143.50872476461933,-142.95725450409833,-142.9514978576882,-146.11778208709651,-140.9049062677539,-139.29657438536913,-144.4967377569556,-142.3436843799629,-141.85889770821242,-144.1045168652918
HAT707_398,HAT707MR,-110.44999574029973,-111.77832103549896,-111.39664046862264,-120.45669404220752,-112.35801271884884,-111.7725020773026,-116.00745546059044,-116.36037369142647,-114.31598102026386,-110.9293162792908,-116.26874205968376,-114.3553183968187,-115.52408259101196,-120.57574018226292,-110.78063857703988,-110.93570338444924,-115.66997567665337,-103.42861910459126,-109.3048836783461,-111.29259935093637
HAT707_400,HAT707MR,-77.33999674465257,-76.58886972398604,-76.94539318498623,-80.84232892646106,-76.73506374368027,-77.43185158146208,-80.49698893926535,-80.01114387057122,-76.85525069601378,-76.73157309675778,-81.92991052559363,-79.38663564881493,-80.75299554819786,-85.3624899465321,-75.23117215364256,-75.44815564261246,-81.18400517000333,-68.02528228546433,-73.9750714441673,-76.04503719545296
HAT707_404,HAT707MR,-139.979994200544,-139.17582141949222,-132.55548270068869,-138.10483744588169,-133.1100229886095,-137.96801684891918,-142.4463794629291,-140.0441092908248,-133.92800198210665,-137.37031639670553,-128.93311523566572,-134.29995420676522,-132.56978514761815,-131.9472452976181,-138.07406249875166,-133.3859830809626,-138.93994763885357,-137.54379272599073,-136.74717340311958,-128.71854213021317
HAT707_406,HAT707MR,-206.6499911583668,-206.41602111341209,-199.92295066583443,-209.6722421341813,-200.97165993563604,-205.3844909195061,-207.06715895472203,-208.2418850535921,-206.2841139156367,-202.6450905293844,-201.36127278694025,-203.2179072816948,-205.50933054080645,-199.97014151181693,-205.64778586267792,-201.2843490988206,-207.37368424985223,-198.66138660649855,-205.10740721783358,-197.31922073518703
HAT707_411,HAT707MR,-4.689999534029699,-1.2584023537005855,-1.502784412359386,0.9272040455629031,1.275707558977471,0.3518571122833326,0.5552542054115412,-0.0776635218173439,2.0976320182658794,2.903864850203399,-1.6885004220157942,-0.6216594542443219,0.4482874344540068,-2.5969856089665284,0.575180580500889,1.652739535606331,5.668724069613043,10.653358719063583,3.358843496661121,-0.16537639329854695
HAT707_412,HAT707MR,26.46999871074863,35.20969890865615,37.118416187716655,36.266787312446986,38.811338982763445,34.69654249408609,39.84036133505729,38.04841472121641,37.42776781628079,34.75109572046764,35.99249564222091,37.29436137290647,35.99513224875656,36.52304511339257,36.52457171843361,38.43787307972216,40.50791513732078,44.89961172894217,40.956516114018726,37.57946046602557
HAT707_413,HAT707MR,16.959999132457696,17.824669160646184,19.37045008288538,16.86503046813171,19.11034426835229,16.65292172374876,16.560343870526694,14.93043909089766,16.280721130804192,17.77151810416779,18.049489113456456,18.53576308489712,16.24427820434779,16.128866473614945,17.42870861173272,18.650963721429875,14.918026870674035,25.017592657727047,18.906504128265492,16.650669131804744
HAT707_414,HAT707MR,-70.40999734888354,-69.0439052705508,-65.30258152475226,-70.74914513530598,-67.14111845801862,-69.28071059154296,-73.80904605203877,-71.88559133647853,-72.2918936180174,-66.80016036950983,-68.61193923201297,-67.43783769333533,-71.01320394577125,-72.30894054039638,-68.74784328862383,-66.05766405139647,-71.66685712743215,-60.003974242059854,-65.93339319506379,-68.1419572410121
HAT707_432,HAT707MR,-51.44999813817338,-49.28227086434514,-41.91460005121823,-47.445756080383845,-40.6729340026828,-47.114151773594,-45.152345561487024,-46.29224996740059,-43.26012142763809,-46.09035036287143,-43.66471098479615,-44.87318881037641,-44.175752818013024,-44.336623092129365,-46.49545341103781,-41.93218267838187,-45.284627890099536,-48.13796424011854,-45.77356639937958,-49.32256097521384
HAT707_433,HAT707MR,-33.24999886934784,-30.59043437606564,-26.220865464187018,-33.70923213970135,-27.882988399916503,-31.84686509496489,-33.86756645976095,-33.83152526483397,-30.483483920324563,-32.410817836707714,-32.82201563338562,-30.95188215488528,-35.374533975772415,-39.19279860290139,-29.745958983317283,-29.974586286990764,-34.63585915408261,-20.7662720526822,-26.820039749683644,-29.31359330213579
HAT707_434,HAT707MR,-81.07999650820388,-79.43280616437507,-69.74808222059022,-78.14926364760686,-70.69751390672312,-77.11807174405847,-75.38225428389116,-76.51578250323848,-73.20385018738342,-75.68723901125301,-72.37432702753044,-73.80972671154385,-74.4770987249832,-73.7121905295685,-77.0113992749995,-72.60553000677528,-82.67174463551285,-75.2107583251157,-76.3296178487161,-76.74193907387574
HAT707_435,HAT707MR,-73.38999717055023,-72.79955198283919,-71.4380424179171,-75.77737277784861,-71.04121264292863,-72.72819116617467,-77.4608046176016,-74.9660091147033,-74.88795791756992,-70.59883515540287,-73.09683120759766,-74.26640262993811,-73.80632171963263,-76.71925678008967,-72.7403248148744,-71.87932276784561,-72.66248031183248,-61.94927799519848,-69.74889260180974,-66.63690268316081
HAT707_438,HAT707MR,-67.74999723853267,-69.19250497333267,-68.32106531018597,-69.55375270216447,-68.74987171300883,-68.0359074976614,-69.97178401427982,-70.65434897331775,-68.52849101413211,-64.79191544427883,-70.23396192784587,-69.36260195844241,-70.21295981327533,-69.55543191750441,-68.37017144057647,-70.03641234455174,-66.49553371599403,-67.61732459189982,-65.16709989271575,-53.522863742248525
HAT707_439,HAT707MR,115.05999524364726,122.27122767128938,115.35107101261757,118.77772969339036,119.9161563144728,119.33828967966332,122.10899796070984,115.96492669629124,124.5927046809142,124.35820482970858,105.40393195670596,115.37870075677124,115.97918138974022,99.32167583481628,124.42461710664806,122.23725242585328,122.04422507988724,93.37560802069648,126.24322534085788,122.39472874743416
HAT707_440,HAT707MR,67.87999719397493,69.06698230794785,66.82936666848148,76.13018878735946,70.17185750344778,72.21244112944139,79.72206450029364,76.69275034057905,78.3769195040139,72.68700257381515,68.54287572756826,71.5219189110897,73.29384671758885,71.8358904525543,71.88447317734169,71.8308625956965,87.85112825677099,70.16454306184364,70.20278053603491,65.90643418544418
HAT707_441,HAT707MR,44.81999784425348,48.88635449207556,46.22272505521467,54.10019203244859,48.62933056486451,51.25982448947233,55.99284337473822,53.10512170773615,55.8975500997662,52.624376283052,47.32070743564368,49.77614535607115,50.62896838190411,49.8062594101818,50.56620827287255,50.10702683463021,60.83328680225409,48.37805743148652,50.54987703595113,46.20526357884491
HAT707_442,HAT707MR,63.78999736304788,63.76160851729789,67.16082068677217,72.13203708555547,67.46000910917537,67.96832472734914,69.7453123309287,68.74653643750294,70.815413461551,68.4449117095067,63.89632476127124,67.2735229570142,67.00287899936167,65.92265538803696,67.40228055931117,67.60515650582151,60.13636583523478,68.06904003143215,71.3488655973828,61.80656103157179
HAT707_443,HAT707MR,84.75999649618954,84.67520222571216,85.78889449404936,89.66571353690152,85.24000103853437,84.40992636050886,87.42742338727957,84.62274657520351,85.76465016342497,83.26081475912027,87.079757159869,88.04659307223962,86.98762377154944,88.54980553235896,85.4323906114088,86.28341795611598,81.84782542271259,82.54142239821772,84.74927430895472,78.41721142945886
HAT707_444,HAT707MR,71.72999678557086,70.82329460409636,70.2504105199725,72.06987976205642,69.50794739707267,69.52316770212671,71.7008923941565,70.01622536480863,70.31424078369393,68.30655591060369,70.21512716825212,72.3254754777736,69.84031713989981,71.37332447936066,69.82478289193358,69.97257360950633,68.71164717047722,65.52194179801278,69.60242758636791,63.14791128032383
HAT707_448,HAT707MR,73.38999696620303,72.79955198287486,71.4380424179171,75.77737277783078,71.04121264288405,72.72819116616574,77.46080461761943,74.96600911476573,74.88795791755209,70.59883515543854,73.0968312076244,74.26640262992028,73.80632171965047,76.71925678002724,72.7403248149279,71.87932276784561,72.66248031181465,61.94927799521945,69.74889260180974,66.6369026831713
HAT707_469,HAT707MR,-154.63999352539065,-155.53936558052584,-155.6605534731248,-168.49299659026718,-163.84323516007888,-155.98331811676118,-166.93021725214163,-164.41194800041492,-159.66151691944336,-159.25532206756083,-162.77454398060718,-159.16057102343757,-162.78689637903625,-171.57753327798136,-155.4455903137311,-158.1701260083569,-158.4205696190148,-150.63633467491738,-155.64823500095827,-161.71918532320663
HAT707_484,HAT707MR,68.69999716007831,71.5411496291386,69.93525800559338,76.70457682344718,72.31692020188827,73.08004827844016,78.01605882301313,74.88834559293946,76.98558993585362,73.50270000560627,71.40833078559969,73.64474317565812,74.25460915412232,74.12227117106963,73.31550539541097,73.53206230345194,78.33120438140986,72.60263671424109,73.10773609844989,66.47152628986227
HAT707_485,HAT707MR,99.85999588129889,108.00925089149534,108.55645860563376,112.04416009033127,109.8525516257099,107.42473366024292,117.30116595265888,113.01442383593756,112.31572573386852,105.34993087590618,109.0893268498364,111.56076400277324,109.8014539683892,113.24230189342872,109.26489653330802,110.31719584756776,113.17039544915328,106.84888972420356,110.70540871584944,104.21636314922833
HAT707_501,HAT707MR,-95.25999626607674,-99.63045523740466,-88.1336652201723,-102.84390006688758,-94.69017744027146,-97.35629394822934,-97.26523548366758,-98.18275304202632,-92.13950585831928,-100.57409532497502,-91.06818453565892,-92.78303922610633,-94.02673865624668,-97.14188456524435,-96.88769277710352,-93.65702074179896,-113.43166702819995,-103.73546595745552,-98.20932274201336,-107.28962406815205
HAT707_505,HAT707MR,38.269998105672,40.43504334131692,42.24581862796153,38.87041579952161,40.13268787870394,42.00722866968562,42.3760933596928,40.66967283583457,42.28964451708485,40.1870087382378,39.91769277890928,42.18511022371051,41.1159720065372,38.33105239304469,40.83732454225151,40.21989356036057,34.03864522498687,40.515773852720194,40.2456520785364,32.559869680662544
HAT707_506,HAT707MR,40.13999830120239,43.276494153853,47.02426191994111,45.18507532613188,49.05119382626106,44.48227663794356,50.82044078689995,46.93144555035602,49.2103955527819,43.01438357205129,47.56511158272696,47.50421185089169,48.43377464193712,50.163468613556304,45.81948451790402,49.15919416808639,48.02287662453847,30.89900949109296,43.74937302761915,33.613295184149415
HAT707_509,HAT707MR,45.149998174057416,43.26289370173549,43.33912549794321,47.32099138369192,44.59769596142685,44.01605592394483,50.61609922935919,48.270703943084186,48.44298484947569,44.331566369695146,45.01803644573872,46.83253951502528,47.20222448528863,46.528404812114125,45.04150592749788,45.28508628013788,47.636383912217205,47.854391254226236,43.70376617215575,43.41176570122268
HAT707_510,HAT707MR,6.859999458918696,7.746318061925164,6.30775416142909,13.321975933569115,8.831201809592331,11.383254038041455,16.69735391258277,15.733105849274358,17.43422228654356,12.634505230913444,8.77769288454831,10.778271714699176,13.598692363061373,10.49982486508967,11.379908722142376,10.733084255529,26.173000620873434,10.961122432163199,11.431731051737273,10.842332218037054
HAT707_511,HAT707MR,-16.199999190573088,-12.43430975387579,-14.298887451766385,-8.708020821341753,-12.71132512899094,-9.56936260199894,-7.031867212972658,-7.854522783568544,-5.045147117704143,-7.428121059849714,-12.444475407376263,-10.96750184024804,-9.066185972623366,-11.529806177282834,-9.938356182326764,-10.99075150553729,-0.8448408335721344,-10.825363198110031,-8.221172448430407,-8.85883838856222
HAT707_512,HAT707MR,48.89999792858734,53.41991083141231,48.457917127641714,56.83201700273294,52.051569947410805,55.45006292813153,61.04067322104299,60.43928018923215,61.57115379167539,55.97212451790752,51.510066106067846,53.545190399604536,55.22725746907115,51.58890564343098,55.231690070394826,54.491373971247846,64.82209754427181,63.61673428723765,57.86054442030652,52.95297889494369
HAT707_513,HAT707MR,2.7700000111156804,2.440944271382211,6.639208179719788,9.323824231693786,6.11935341528425,7.139137635949214,6.720601743182152,7.786891946126915,9.872716244080658,8.39241436664065,4.131141918286965,6.529875760659339,7.307724644762861,4.586589800572334,6.897716104076178,6.507378165654016,-1.5417618006627842,8.8656194018356,12.57781611308515,6.74245906416466
HAT707_514,HAT707MR,52.44999786354487,53.31037635444055,53.32679294352116,62.443809128809406,54.49840132436113,57.010509562623874,57.74442330801168,59.81446310735629,60.09183647653228,56.23500235554758,53.437916400072254,55.004983698601386,57.434973223282064,53.68867483343757,56.867090452489016,57.33643164562668,50.07496097553201,74.01066170450542,63.1038529517148,54.63797180124512
HAT707_515,HAT707MR,23.739999291056904,23.35453797979648,25.26728198713965,26.85750068296849,23.89934534464325,23.58073926910893,24.402712799533028,23.66310208382748,24.821952945954624,23.208317416254225,27.314574316884727,27.302945876027444,27.29246941702196,27.213739944894336,24.92782615617382,25.18563961594848,20.16969778681502,23.33800176857923,25.978224824573196,23.35310946200979
HAT707_516,HAT707MR,22.089998897056155,23.082265885916705,22.732483884694226,25.29099462878105,23.055169022790075,23.06343928390444,26.886878103803767,24.68307531024128,25.963615445263663,24.268940078878487,23.79586815383197,25.08676596007806,24.537346149568226,24.498773769723783,23.723241023010903,23.56125051914293,20.618542457771635,26.067905623973978,24.0508626719671,23.710595094623407
HAT707_517,HAT707MR,10.709999750744302,9.502630358073672,9.728798012920114,9.26166690826607,8.167291703217213,8.693980610655446,8.676181806445618,9.056580873432608,9.37154356622359,8.254058567701973,10.449944325232176,11.58182828145441,10.145162785372342,10.0372588918247,9.320218436734269,8.874795269338824,7.033519534579657,6.318521168416225,10.831378101986378,8.083809312916706
HAT707_521,HAT707MR,9.71999938884196,8.140603348807602,5.352169180158172,8.955445045950654,5.7135803124125815,8.882522107172472,12.53685044957304,11.64581862286372,12.033070595329152,9.154667946015234,7.052227950193789,8.672845715011256,8.191650993542178,8.946471095763098,9.035635171873716,6.227257559911501,10.15575733783834,9.570630259060275,11.892460093438885,19.861754256979616
HAT707_546,HAT707MR,7.679999974184497,10.22048538311592,9.413645498540996,13.896363969585508,10.976264508032816,12.250861187040236,14.991348235230914,13.92870110156343,16.042892718383285,13.450202662704555,11.643147942579754,12.901095979338942,14.559454799594846,12.78620558353366,12.81094094021165,12.434283963284432,16.65307674558364,13.399216084644536,14.336686614068356,11.40742432245514
HAT707_547,HAT707MR,38.839998218962826,46.688586645472654,48.03484609865271,49.23594723646959,48.51189593185446,46.59554656877165,54.276455364948,52.054779344632855,51.37302851639819,45.29743353300447,49.32414400681645,50.8171168065254,50.10629961386173,51.90623630589276,48.76033207818004,49.21941750740026,51.49226781325571,47.64546909452312,51.93435923146791,49.1522611818212
HAT707_566,HAT707MR,33.799998373171945,31.89464969043189,31.579465988837136,33.60247062717999,32.85293064070427,31.65763961308684,34.75549907997003,34.460540761705815,33.67401285679831,31.645772342159702,32.06551110760829,33.5081265857598,34.02172018617983,31.569442529024226,32.07778142784934,33.194534122693945,36.269659185498405,27.952485194961813,30.139775796420896,31.83997946063166
HAT707_567,HAT707MR,9.7399993707992,12.176109309120248,9.531032691862096,17.27793647114983,13.711477652941864,15.158432610132705,18.996999679346104,19.036707663100565,20.065336817949955,16.706595244576,11.5888596506465,13.04085733674782,16.587315608224863,11.171418762209608,14.686591293824756,15.358470958776136,30.680184792752364,13.751686352976005,13.82172554202723,14.827836828657064
HAT707_568,HAT707MR,-13.319999278692586,-8.00451850673421,-11.075608921422551,-4.752060283743205,-7.831049285677077,-5.794184029872021,-4.732221446244993,-4.550920969742336,-2.4140325862620786,-3.356031046204991,-9.63330864126024,-8.704916218235063,-6.077562727531217,-10.858212280180732,-6.631673610680055,-6.365364802236648,3.662343338235455,-8.034799277297225,-5.831177958098503,-4.873333777984155
HAT707_569,HAT707MR,37.54999875521136,42.05166682007304,36.698257618464304,43.11349624622101,40.30680462665256,43.09164661730921,45.18007307161815,46.62911700785378,46.80218179903368,43.28633049037208,38.55754076793741,40.22077747030339,42.046753169891,36.62994336034108,42.26796557071062,42.40082181383958,53.45537281748167,43.71482822797323,44.29655404461361,41.38119265431072
HAT707_570,HAT707MR,5.649999922996183,6.870735518505955,9.862486710152794,13.2797847692745,10.999629258562443,10.914316208004797,9.020247510016826,11.09049375995312,12.503830775522722,12.464504380303207,6.942308684313817,8.792461382743655,10.296347889997689,5.25818369769227,10.204398675758558,11.132764868829812,2.9654223712161447,11.65618332266938,14.967810603375106,10.72796367478467
HAT707_571,HAT707MR,51.719997894596126,53.41808954787111,52.53173448661481,58.50735610375069,54.99714422280448,56.08818986255371,56.32276407350776,58.78324541316303,58.61727298506102,55.88539047219215,50.91923236443966,52.85890430941194,54.62770969162749,49.29547585999728,55.32829458921884,56.49459160435481,49.77889169766495,65.15489130349683,60.265570056527814,54.692592083833425
HAT707_572,HAT707MR,23.00999932210816,23.462251173155703,24.47222353016196,22.92104765790977,24.39808824308659,22.65841956903877,22.981053565029107,22.631884389705565,23.347389454412028,22.858705532827454,24.795890281323462,25.156866486766663,24.485205885224715,22.82054097145405,23.38903029290364,24.34379957467661,19.873628508947967,14.482231367570632,23.139941929470105,23.40772974459809
HAT707_573,HAT707MR,26.619999202937407,27.78432922684889,28.49056051750132,30.813461220549208,28.779621187921443,27.35591784116451,26.702358566367703,26.966703897725026,27.45306747739669,27.280407429845443,30.12574108298292,29.56553149796908,30.281092662114112,27.88533384201428,28.234508727856195,29.81102631912428,24.67688195869395,26.12856568941301,28.368219314947044,27.3386140726298
HAT707_574,HAT707MR,10.739999723680164,11.714021874577432,10.972824375588155,11.57247387226912,11.310403702067498,10.705022973082114,11.02627795437893,10.872912128862914,11.194643452586282,11.58314605141438,10.843342815701543,11.762353030776913,11.356841850459416,9.539811486633887,10.759516523362365,11.470698361663326,9.251817730981497,6.165999564709555,10.486872296316136,12.138808853990442
HAT707_575,HAT707MR,13.589999662624804,13.932421605215252,12.952076543335286,13.217627445864618,13.047567546566745,12.469159182782366,10.975827573173284,12.360182687258815,12.002658097629984,12.326148581418035,13.261111091348202,13.844413903467386,13.13378603053583,10.7088527889268,12.626901008416649,13.500181972568129,11.540703706387246,9.10908508922903,13.221372592360227,12.06931392349477
HAT707_580,HAT707MR,-1.6299997845340342,-3.2276406625316705,-6.407490328983569,-4.7630757105791135,-6.031185008327831,-3.4758942036141787,-3.3237496998161253,-2.164344558496812,-2.7359013973125568,-3.531126081502376,-5.900297387972314,-4.651567214289892,-4.988853305584463,-6.012491187326799,-3.928089327810493,-5.863294597532437,-1.210967388969634,-10.33127580022512,-1.6715302822330529,8.289968016388599
HAT707_581,HAT707MR,15.2499994200947,15.908678983993756,14.139708441315554,16.92512046162115,14.58083279236029,15.674182646857073,16.735739796600544,17.309966437233733,16.5763752315238,14.618427826199383,16.14281513068482,15.785341055614076,17.099790610268656,16.054785089664712,15.542442931375303,15.406931130943072,15.491536847778184,5.536421286414733,13.367837607781086,15.558305326342238
HAT707_605,HAT707MR,-154.63999352539065,-153.58478124946294,-149.7084338428017,-160.38893889122204,-154.76351431004446,-156.60298372240038,-165.4791287645401,-161.64240519268952,-157.26832367184096,-159.10366338161774,-155.9806964448965,-155.340895064238,-159.80982953671227,-164.71253746315733,-154.83426581499717,-153.58291384396378,-154.99706180329497,-155.23939263253158,-157.04426355667945,-154.42595518849743
HAT707_624,HAT707MR,10.559999258555523,14.65027663029317,12.636924028956168,17.852324507184058,15.85654035134668,16.026039759131486,17.29099400202992,17.232302915425308,18.67400724982535,17.522292676384946,14.45431470869578,15.163681601387587,17.548078044722665,13.457799480671431,16.117623511894028,17.059670666549405,21.160260917391227,16.189780005457344,16.726681104442207,15.392928933033204
HAT707_625,HAT707MR,41.71999813084333,51.1183778926499,51.25812462903221,53.191907774068135,53.39217177513265,50.37072514093424,56.57610113167567,55.35838115845906,54.00414304784026,49.36952354664919,52.13531077293248,53.07970242850271,53.09492285902522,52.57783020303053,52.06701464979108,53.84480421066523,55.999451985098965,50.43603301533592,54.32435372179981,53.13776579239927
HAT707_658,HAT707MR,-74.37999690494311,-75.82983294639465,-74.07159984382119,-80.05517370030609,-76.06068125719297,-74.08457799473621,-81.24708069481042,-77.86064857163983,-75.75383100690735,-76.57815807451277,-75.11325458931914,-77.59874851924728,-79.73450098508394,-76.38233483250056,-75.24067603563483,-76.61468483621955,-73.69632849873369,-71.75981774028747,-75.30801634401385,-76.96666449298613
HAT707_659,HAT707MR,23.05999927700126,20.180627815890126,20.60664161321331,22.02999675491087,21.54252693865461,20.95261664002256,23.729221125591096,23.587628632825066,22.479369404229868,20.06262629078099,21.22216829192457,21.745773554947213,22.66487833572041,22.029631042408173,21.31826490452265,21.723835761030617,27.01784145448124,21.786485630294205,19.652903500146707,19.70117060664122
HAT707_660,HAT707MR,26.80999903153119,30.3376449454956,25.725433242911816,31.541022373951886,28.996400924567222,32.386623644209266,34.15379511723923,35.75620487897303,35.607538346429564,31.703184438993368,27.714197952253706,28.458424439526475,30.689911319467257,27.09013187368936,31.508449047348257,30.93012345217625,44.203555086500174,37.54882866330562,33.80968174829747,29.242383800320287
HAT707_661,HAT707MR,18.96999920168877,14.875254025258,20.938095631521843,18.03184505314255,18.830678544293026,16.70850023789465,13.75246895622615,15.641414729677622,14.917863361802636,15.820535426526034,16.575617325574058,17.497377600871708,16.373910617528907,16.116395977873,16.83607228643861,17.498129671084296,-0.69692096705498,19.690982599882712,20.798988561494582,15.601297452768824
HAT707_662,HAT707MR,39.93999848162999,35.78884773360093,39.56616943894171,35.565521504417255,36.61067047365202,33.15010187105436,31.434580012577023,31.517624867520865,29.8671000636766,30.63643847613961,39.75904972424316,38.270447716239815,36.35865538964533,38.743546122195006,34.86618233853625,36.17639112137877,21.014538620422822,34.16336496675218,34.19939727310847,32.2119478506559
HAT707_663,HAT707MR,26.90999894131739,21.936940111967296,24.027685464740003,17.969687729607823,20.87861683227949,18.26334321263656,15.708049019418276,16.911103656983315,14.416690683909897,15.682179627605192,22.89441973260844,22.54933012170245,19.211348758031377,21.567065069143204,19.258574619078868,19.865546774804773,7.878360368151791,17.143884366505283,19.052550550437758,16.942647701478926
HAT707_664,HAT707MR,22.919998775791104,19.50599733763816,22.73639182540913,15.03921886229294,19.6658657300297,16.44771357550581,13.00579122883202,12.984627969779549,10.97459219527761,13.977130525752449,21.902705391289818,20.49320672557853,17.862750514347848,20.80771629379765,17.45680221083436,19.34337355103618,4.399823095216753,17.102526608479334,16.742753079531113,15.614207396756173
HAT707_665,HAT707MR,64.62999732832361,60.4146620513024,62.67274234353174,57.93849874801651,60.18637849720235,57.09314628522933,59.11595407381494,56.96128979024596,54.86013380422708,55.252950718916814,62.882321597213874,61.87256748808095,58.64139972030884,62.44231986063309,58.32456202923258,59.08133067383293,45.753062317514754,57.282680539101726,56.68731678480214,56.05322812594756
HAT707_666,HAT707MR,16.199999190573088,12.43430975387579,14.298887451837723,8.708020821377424,12.711325129044443,9.569362602016776,7.031867213008328,7.854522783550708,5.045147117721977,7.428121059849714,12.44447540732276,10.96750184021237,9.066185972659037,11.529806177300667,9.938356182255426,10.99075150553729,0.8448408336078042,10.825363198089057,8.22117244845138,8.85883838856222
HAT707_667,HAT707MR,-12.369999508214198,-14.941662537109105,-17.380314704571724,-16.3355495828304,-17.341588710395328,-14.180917176714129,-14.350027654195054,-13.037256687359728,-13.930544849881004,-15.114272132898922,-16.74364020365602,-16.413920245066805,-16.345695156026043,-15.552302673978522,-14.687605851172856,-17.333992959195765,-10.462785119968965,-16.4972753649137,-12.158402578528216,-3.848840837601843
HAT707_668,HAT707MR,28.569998698787284,23.9131974907458,25.21531736272027,21.67718074538219,22.411882078055203,21.46836667671126,21.467961242845536,21.86088740697607,18.99040781780372,17.974458872404373,25.776123771945063,24.49025727384914,23.17735333778204,26.91299736984544,22.174116542037524,21.77229593317972,11.829193509524895,13.571220563711957,19.199015565879588,20.431639104326393
HAT707_669,HAT707MR,6.509999774666991,1.96815560399528,2.980611392389441,0.1670667418651612,2.0648053034338143,0.7174253065901969,-0.5795918466210748,0.1900571829748035,-1.7597742030878885,-1.816438371363241,-0.6756809918390652,1.120679398151186,-0.4512308303801938,-0.5830277747218138,2.105157237381349,1.82808262545612,-13.896169934218792,-1.921119999019132,0.36668130868691434,-0.40648441151193704
HAT707_670,HAT707MR,39.27999844953159,35.10098314328157,34.31113634074753,31.899464821651787,34.16354642622311,32.06006771390894,31.561222217636924,31.198540190432063,29.790856031127884,27.723026194825188,29.64935157796953,32.02828737108995,30.72418758118395,30.1750655238918,35.50275292389229,34.23067939780523,17.349209816720613,34.1644686824178,33.88263905258921,33.178283348945065
HAT707_671,HAT707MR,-25.10999868263734,-30.127621979810925,-26.269602681692632,-32.841406554724635,-29.51511224125376,-32.40344717323197,-35.18868857368965,-33.877786832083174,-34.49452862012017,-33.52178370198639,-28.826854892772243,-28.714849534487165,-31.8977638317458,-30.33067770779267,-31.133709613867783,-30.2611066108878,-46.614961949719714,-31.922114873113934,-32.262155179458965,-33.24687508602717
HAT707_672,HAT707MR,-39.66999809769778,-44.63056741774274,-44.07324274483415,-52.64154149095475,-47.40968507880454,-49.806242718461846,-52.8318720170657,-51.687762419164734,-53.121855000918,-52.84889183097004,-48.56496955363728,-47.56513800077657,-51.02331861597232,-51.46706702337112,-47.52822858379875,-47.14179607597313,-60.11249900878565,-48.376797633920596,-48.727182086968455,-49.77764776283725
HAT707_673,HAT707MR,-71.0999973539178,-75.2148899143169,-74.49058064052784,-80.18310135849731,-77.07444352035334,-76.80192619593808,-78.42833449275142,-78.63065685037355,-81.60406380649046,-79.3927270087594,-73.36402449069452,-74.86515133676254,-79.03316740592285,-66.66832339004567,-77.7387680967804,-78.92950773536818,-90.8203733322311,-86.50678809097889,-86.70068765209061,-80.77728787399369
HAT707_674,HAT707MR,31.09999892641608,27.86171237745015,31.463401271738373,21.85885069944916,27.63821477532241,24.03283474472564,19.96740436363428,19.94789747861511,18.67836379711487,19.223874662921315,26.24088514984367,26.04638450955348,22.468750626130777,25.883326172741864,24.560644760542534,24.34554618452401,12.628918456364785,23.634400750940628,23.084104302192408,21.93962647465007
HAT707_675,HAT707MR,-5.789999796696865,-10.48930786900671,-3.7678632549935926,-16.627854226282015,-9.491491437354131,-13.30005702764132,-18.004240911283908,-18.85883451780811,-18.51623084849756,-18.647093117508355,-10.581302452205753,-10.718045363491171,-15.174368464249069,-12.731415535085985,-12.363481316288643,-13.358079000857328,-25.57000359146983,-13.287499134437914,-13.644453518198734,-14.703188057596318
HAT707_676,HAT707MR,-11.439999719693049,-14.73713253839193,-9.997884743093474,-19.30031021145762,-14.635534048237906,-18.22578677069016,-22.38091003021315,-21.51623422890861,-22.33568410463212,-20.958022822374687,-12.315145453786672,-13.182632874008023,-17.46985616497146,-14.776987108349363,-16.560023840686277,-15.09228507942546,-29.975667686704845,-17.084895325739097,-17.47291071362775,-18.60133693291752
HAT707_677,HAT707MR,-50.08999811006209,-53.94239147200293,-48.22254058293418,-59.16540269890248,-52.16417683624945,-57.11515931760386,-60.727617717786,-56.79034893036135,-60.105726273291104,-61.70331964879042,-45.97302579501663,-51.807265197916685,-57.99631872597072,-42.72762812040286,-57.15349048282218,-55.575915914513,-65.54872264747414,-52.37179473563246,-57.039459819288034,-60.921665920630446
HAT707_678,HAT707MR,-97.77999587521744,-101.6979317232014,-96.92269770282384,-107.22588481857224,-101.4273463122289,-103.59885232259016,-108.01664671813988,-106.8584224241596,-105.98824123128588,-105.20218910405416,-101.0436360032784,-100.90646249498523,-103.88005287213102,-104.71039794380285,-101.29006154648228,-100.8963459754528,-118.97090159934848,-102.43938118497458,-102.40772790906048,-103.19080905731057
HAT707_679,HAT707MR,-91.87999617775576,-97.10028282122823,-93.38663431403808,-104.47134833520376,-97.10843034150162,-99.03804443908992,-102.95239764725684,-103.09672394774508,-103.01461282706508,-101.38119587691118,-98.20955064583217,-97.71189647631608,-99.5506258039705,-100.70882650364612,-96.30736341860678,-96.37554012665974,-113.55380371020844,-97.52120862890446,-97.95915428103582,-98.79749292150237
HAT707_680,HAT707MR,-97.37999623607266,-102.27775104200892,-97.65332744029756,-109.58873566135748,-102.06425920402133,-104.47173682629668,-104.78252513776783,-103.58605031356228,-105.65713165301078,-102.27406279233114,-97.32819156393636,-98.0612818915538,-104.51874920861012,-101.7705222702004,-102.21675599162936,-101.56405345544236,-117.62502924547096,-103.05571507544211,-103.4689689968166,-104.26310099954338
HAT707_681,HAT707MR,-32.119998633744814,-36.88332271253734,-31.497381788285697,-43.01130726963648,-36.2449732006078,-39.55729363111471,-41.63233549657416,-41.68738784399924,-43.33807259985782,-40.935362292520736,-34.515646196416725,-34.880515094179174,-39.654228282616735,-37.24723679188532,-38.052317202661975,-37.80761856545959,-51.72159117188389,-38.95822450942341,-39.25923963990205,-40.336713900301575
HAT707_682,HAT707MR,-80.20999666555446,-83.52247685996743,-79.32901948591463,-89.72591340717408,-83.91029409291578,-85.88601689640156,-91.15304232803877,-90.17337208986956,-89.59781569391693,-87.86868685726759,-84.03994244489013,-83.42388275966107,-86.89683438312593,-87.87588181812957,-83.5055666719182,-83.43035664940365,-100.02282084234764,-85.25094202597114,-85.21767784618159,-85.96814945810125
HAT707_683,HAT707MR,-83.61999672681128,-84.5975626747119,-82.50833903237248,-87.60817021225343,-84.95834717607627,-84.54613356700892,-90.44115767911327,-87.11705331092644,-85.03014994764087,-86.76361537675227,-85.4678002179611,-85.52694806871288,-87.98876914100771,-89.31187638112901,-84.30624880603858,-84.90072881686253,-83.01000490885835,-81.38342086346401,-85.25002904236268,-85.90140046522066
HAT707_684,HAT707MR,-102.26999558967474,-105.98086297488132,-100.71294290297426,-111.80175995755867,-104.00856536916032,-107.47443241064758,-111.59034040684688,-107.75006011123487,-109.37134862103484,-111.41017082791608,-98.78790786755562,-104.45903145371352,-109.68248777308976,-95.57222163701198,-107.1076967349557,-106.7892062466248,-120.56407913167456,-103.15257733369741,-107.2955534474905,-111.02389872754843
HAT707_685,HAT707MR,-113.55999544468848,-119.00401877135796,-114.35981224321928,-124.97435468801528,-118.47121158388236,-120.0570139308742,-123.16233473637412,-122.362147267954,-121.5102207022098,-122.2954132041742,-117.73260099266535,-118.46699723023136,-119.77414451988834,-119.20478471727782,-118.73078972569851,-117.5242784521894,-132.66754424744855,-128.77246381625093,-122.65988214233283,-123.67287776097591
HAT707_686,HAT707MR,-81.87999641400296,-87.86512354473531,-86.18132310584888,-98.77951329680752,-89.94613064076687,-90.30413540058242,-94.53949421776277,-94.4994862844415,-95.32557320244231,-92.95485740683291,-90.49261828781896,-89.86506112302308,-92.34672925324776,-93.66274281244424,-88.60652203503803,-89.16340745123384,-103.8407821671463,-89.85739854090028,-90.10586811242457,-90.86096024662046
HAT707_687,HAT707MR,-48.769998045865286,-52.67567223324024,-51.73007582226596,-59.16514818106104,-54.323181665634,-55.96348490475975,-59.02902769640198,-58.15025646356839,-57.86484287821007,-58.757114224353415,-56.153786753621816,-54.89637837494796,-57.57564221039798,-58.44949257667773,-53.0570556115872,-53.67585970946842,-69.35481166049628,-54.454061721752375,-54.77605587830868,-55.61339809113705
HAT707_688,HAT707MR,-111.40999550175673,-115.26262392876428,-107.34016533798624,-116.42765670048166,-110.69814091052754,-116.499650172199,-120.97841822010136,-118.1832218838398,-114.9375941642851,-119.39585752431898,-103.15699146372958,-109.80969693289826,-109.39243180985396,-105.03424792779944,-115.8999459567498,-111.61368714781857,-127.11075412927518,-123.97257216227878,-117.54815783721902,-108.28690302589726
HAT707_689,HAT707MR,-178.07999245957947,-182.50282362266628,-174.70763330311416,-187.995061388817,-178.5597778575719,-183.9161242427681,-185.59919771185864,-186.380997646625,-187.29370609785084,-184.67063165698,-175.5851490150041,-178.72765000784568,-182.33197720304224,-173.0571441419626,-183.47366932065825,-179.51205316562306,-195.54449074032732,-185.0901660427866,-185.90839165197497,-176.88758163087113
HAT707_690,HAT707MR,-123.07999501395804,-123.65102116798344,-121.85003584494515,-125.91252985822597,-124.02836420105425,-123.5630348643249,-131.71431854990382,-126.4016700419144,-125.0702597219718,-125.12164126447276,-119.40285243515746,-123.46362387214214,-123.64483128899658,-124.96137867062151,-123.68672225271612,-122.29743246690732,-120.11846142690034,-120.33846238949151,-131.60384774445288,-133.93930903493032
HAT707_691,HAT707MR,23.879999164757585,22.654795137009543,23.712532950360885,22.604384790927263,23.68758963702376,21.82022378902134,22.02321544823924,21.78322388518548,21.0880398360696,20.878323722572105,24.08762334995602,23.86859781958698,23.62564077225388,24.316011760852163,22.74929712255625,23.425035468786053,17.497917579155775,24.22457928277554,22.557859062519736,20.266262711017358
HAT707_692,HAT707MR,55.039998037045386,59.12289639936628,62.333733550436925,57.94396805781134,61.2232210608454,56.16490917078843,61.30832257792066,59.90930212818356,56.418175634084506,52.725554592872015,61.76861941419272,61.78461864673777,59.172485586556434,63.43604248321127,58.69868826048898,60.21016901290188,52.33710864686351,58.47083229265412,60.15553167987734,58.01109957034148
HAT707_693,HAT707MR,45.52999783124498,41.73786665140982,44.58576744560565,38.5422112135139,41.522226346398575,38.1212884004511,38.02830511337223,36.791326497900485,35.271128948625744,35.74597697659,43.8256128853926,43.026020358764086,39.42163154212983,43.04186384346931,39.60282515377024,40.4232596546096,26.747220380216767,38.58881322145998,38.105519694166055,37.08230823612065
HAT707_694,HAT707MR,-41.83999802258678,-45.13070777980499,-40.08726416203199,-49.07196438990596,-44.72923637995451,-47.812343914822776,-52.34108480919323,-50.02470392949355,-53.30148580021368,-48.82570149710545,-42.83581546005899,-42.94758041948618,-47.83585060798921,-45.39594317054202,-46.573726746604144,-44.28536811821675,-59.83766361788942,-46.4327536783479,-46.73437762920518,-47.71031813667521
HAT707_695,HAT707MR,-87.10999608838763,-88.99102783769533,-86.65808415921805,-92.8084836684372,-89.1570237973767,-88.05382995076022,-94.22950616911986,-90.13902642554358,-89.18594985062664,-89.89384542184102,-88.25179224710638,-89.94628362753356,-92.08920658137184,-90.2773753845961,-88.62420506373473,-89.45628796015181,-88.33637782337256,-87.29457798121481,-88.77787381708256,-90.59670744313817
HAT707_696,HAT707MR,-91.5999964303544,-95.35421173075837,-95.30102252172752,-101.25181584804136,-97.54585213562017,-96.64453505218164,-101.961984572372,-96.23895748128274,-97.42412151004,-97.75714580799908,-96.88927133993778,-98.53776483264755,-101.13423688789828,-97.40237278466,-96.55647244335584,-97.56303020747376,-96.93585200697792,-98.57745862682468,-99.01221704005842,-99.44701155166547
HAT707_697,HAT707MR,-85.35999641211015,-86.50265376481904,-83.5934277874408,-89.58906055623754,-85.7934084834756,-86.28551452799148,-89.57708240443178,-87.88680349499994,-86.52534174631488,-87.23449308953467,-86.26926673890424,-86.78637878495776,-89.10480998909064,-89.01823671126454,-86.68866194289292,-85.78463094367382,-83.72619053912098,-84.3220391494143,-86.23523071863494,-86.877305504567
HAT707_698,HAT707MR,-101.99999583325202,-102.155259059151,-103.46254113779618,-106.52612045234342,-105.46653688266186,-101.91581543730383,-111.16478858185168,-106.2676131554542,-104.2265625997193,-103.50235102908874,-101.5663576702434,-104.55793265715292,-104.14185817055616,-106.39818181280349,-103.17051812064658,-104.08326183784314,-100.363147537122,-96.703828638603,-103.37741953637942,-96.24369228691388
HAT707_699,HAT707MR,-92.01999605145645,-93.26423357104515,-95.77356821739924,-98.8799101063196,-97.07079470780624,-93.88660581329653,-98.7350885125926,-95.77620745951282,-94.2964101624793,-96.45862846786324,-97.37810385573351,-96.8478359480672,-98.31706868388709,-97.90723503000608,-94.68833858650366,-95.86902759412833,-91.82285913403187,-88.7600040883403,-95.97544867083126,-88.61948691076756
HAT707_700,HAT707MR,-141.80999443215993,-144.27793893010926,-142.2102102483087,-147.4909889933505,-144.16133612364882,-144.6890386470917,-149.2094758341263,-145.71910046884958,-142.84564428850047,-146.76706042957636,-142.2755439619864,-144.03781446047992,-145.2791931724313,-145.70583906014568,-144.49632000823746,-141.7042132775659,-140.15907194747922,-173.31170253117668,-159.18194347636873,-150.0535116225935
HAT707_701,HAT707MR,-22.87999881187662,-25.36907337358151,-16.69928268840879,-25.76857533491248,-18.261051924672188,-25.64578509698084,-23.684384318623653,-24.431362560486946,-24.26971360985221,-28.11589149052056,-17.88858721293135,-20.38293153658078,-20.99839948028449,-17.423625722239333,-24.321336869071622,-20.159886745202147,-33.45543438062815,-34.56674367638561,-26.57455083349999,-28.890921870855987
HAT707_702,HAT707MR,-4.679999543051079,-6.677236885301997,-1.0055481013775718,-12.032051394372662,-5.4711063218345535,-10.378498418280383,-12.39960521689758,-11.970637857920323,-11.493076102538682,-14.436358964356849,-7.045891861520813,-6.461624881089644,-12.197180638043884,-12.279801233011357,-7.5718424413511,-8.20229035381104,-22.80666564446854,-7.195051488991218,-7.62102418376211,-8.881954197819882
HAT707_703,HAT707MR,-52.5099978094166,-55.519608673682775,-44.532764857816446,-56.47208290220683,-48.285631828641165,-55.64970506733829,-53.91429304106345,-54.65489509632483,-54.21344236956187,-57.71278013879513,-46.598203255665645,-49.31946943774821,-51.29974538721898,-46.79919315967848,-54.83728273292631,-50.83323407355989,-70.84255112600579,-61.63953776142472,-57.13060228287846,-56.31029996947594
HAT707_704,HAT707MR,-44.81999784425348,-48.8863544921469,-46.22272505521467,-54.10019203244859,-48.62933056484668,-51.259824489454495,-55.99284337477389,-53.10512170778965,-55.897550099748365,-52.62437628301633,-47.32070743566151,-49.77614535607115,-50.62896838186844,-49.80625941019963,-50.56620827287255,-50.10702683470155,-60.83328680225409,-48.37805743150749,-50.54987703588821,-46.20526357880296
HAT707_705,HAT707MR,-22.089998897056155,-23.082265885916705,-22.732483884694226,-25.290994628816723,-23.05516902280791,-23.0634392838866,-26.88687810376809,-24.68307531025912,-25.96361544521016,-24.268940078949825,-23.79586815384981,-25.08676596004239,-24.537346149568226,-24.49877376970595,-23.723241023010903,-23.56125051914293,-20.618542457807305,-26.067905623953003,-24.05086267203002,-23.71059509458146
HAT707_706,HAT707MR,1.6599997574698946,1.9762573787785045,1.187631897980267,3.707493015774369,1.5332652457935447,3.2050234640568704,5.759912223445094,4.949783749957084,4.573717133893817,2.292279244781348,2.881704039354454,1.940927152146689,3.9660045797328265,5.345932300720074,2.9155419229586563,1.906749158374947,3.9508331413909374,-3.5726638028142976,0.1464650154418304,3.488991402826494
HAT707_707,HAT707MR,-39.17999853974538,-45.27930748258687,-43.10574794748354,-47.87657195676445,-46.33798963496256,-46.56754082092339,-48.50382277143428,-48.793461566350594,-49.5380831963284,-46.81745657189229,-44.45783815590973,-44.87234468459328,-47.03560647551114,-42.64243454765005,-46.19605489855678,-48.264116411372015,-54.66634020648697,-54.04610402818786,-45.968084326857145,-33.091224637911644
HAT707_1,HAT707nonMR,26.54999863857759,24.56565987902049,27.18187444904493,22.612535950753653,25.782221532537967,25.93672358943117,23.84359238284022,23.65162499829461,26.442532119066662,23.03418987509272,24.47846750036964,23.867426447694168,22.57363707771288,28.94704473163397,24.54647471813419,22.91613852576512,26.159137858533622,98.612666835404,20.79585996170427,22.659115130884818
HAT707_12,HAT707nonMR,48.4799983074853,47.772806237173455,50.34429939920887,48.19595589310272,50.011986320437295,48.67084590134391,47.95423227832445,46.66269962064078,47.11617806443826,46.75338170493757,47.76876306809885,48.32446117369779,50.17264700639424,54.15496451064737,48.15987441204411,48.322167877506764,49.25040940404133,124.02633108039099,45.672440304109976,47.04795004065765
HAT707_13,HAT707nonMR,90.18999627172391,88.68147095082878,90.28064991726905,91.09523577879062,90.53249908766344,89.31627861107636,94.06439512328954,90.63936144105368,91.00171967341448,88.02920189819112,88.74837927399615,89.70382193616454,90.95129621235525,95.78956807749172,89.02763423041557,88.06012500033026,90.60364862626798,164.2064850109924,85.61700400942296,87.48697076985952
HAT707_14,HAT707nonMR,42.04999846064728,41.03633427718186,38.83219030681829,40.79489498699992,39.84046236405753,41.48299470504392,42.020704624171785,41.01106873775776,41.277504491350406,40.00078017878273,37.65453995105472,38.81364319757341,41.3908396050352,44.69160984510377,40.45604181630321,39.05451339940526,45.05988186225645,115.44413575574384,39.17093747231752,53.04802003380012
HAT707_15,HAT707nonMR,41.759998094757805,40.701118653411086,41.90679502556611,41.8647578521872,43.05744571945203,41.79249492785488,41.98030826250076,41.53259443441194,41.18673298688263,40.20437223910618,38.31053308413179,38.79875628833163,41.37608246470543,44.87705439415039,40.641428383465176,39.969545831936536,45.69542714236104,117.74916767000072,37.15085967303024,40.2925810324637
HAT707_18,HAT707nonMR,32.06999867885171,30.23496450347708,30.588518966135663,33.32380377263927,32.41092589387707,32.9405576324283,34.36884920287136,33.86812883380036,34.38181166607276,30.959812807893226,25.19037668495213,28.951933846216946,31.8586656616662,32.764220442110066,32.808229438573264,30.8068769519267,30.954416374516605,105.0026844729135,29.296368533307724,31.02725823240003
HAT707_19,HAT707nonMR,-23.959999092586543,-24.46041919839012,-20.964456488786755,-20.38385698744689,-19.579813724343435,-22.894959265252066,-18.48917182420761,-19.092226124570328,-19.980156171900056,-26.592564865252005,-24.192207592941497,-22.99867327808488,-21.08818046098224,-13.877672846887698,-21.16966476247142,-21.941576653924823,-27.23622833891458,55.54959326821129,-26.230803654834546,-24.93029898104096
HAT707_20,HAT707nonMR,64.83999731964255,63.367792042790114,61.91904391452051,65.05620185244373,64.5096670166842,64.2832000397738,66.50966326712935,64.87661184125763,65.93244190031528,60.499277374063816,55.5154092547518,59.85954181917354,63.034084073266015,63.522313740750434,66.20582512507528,63.209473724284734,62.199796125473846,141.08827315432944,62.812326277230994,64.61202599283605
HAT707_21,HAT707nonMR,-35.00999853660394,-35.89462876262951,-32.737891211352014,-31.20409195499868,-30.30344291810121,-34.85422307471929,-32.09328423764517,-33.51306539910169,-33.17700514754016,-37.92615441487101,-37.067236703269685,-35.7225831723526,-33.55568439930417,-27.679894707602863,-31.905997822771656,-32.474377267340024,-37.15789032256173,42.786548498715966,-36.754080128545326,-34.75194755063483
HAT707_22,HAT707nonMR,0.4500002215473813,-1.8608130803291287,1.3383048920535938,0.315330476067311,0.831008349225172,-0.180314847358195,-0.2402475242328836,-0.1997151812754504,1.6470572490761484,-0.7455325227120891,-2.9607972159810454,-0.8835950864035733,0.4121326603362646,3.016570509074882,-0.4306374126758756,-1.2823122844172112,-1.7643756409664788,75.00168959877675,-3.3324679548171794,-1.8131324421361759
HAT707_23,HAT707nonMR,-54.01999770220718,-54.6182255134321,-47.67103737814411,-49.73750288338925,-47.995213792500266,-53.48714426724391,-49.96178750785523,-51.17133831174546,-50.517067817663055,-54.70866004530896,-50.8100376838751,-50.633554974107824,-50.25246056388532,-41.56116061096769,-52.06138720756895,-51.93328246622294,-54.17816972004292,24.41519437077231,-56.8833465585851,-55.1562860559034
HAT707_24,HAT707nonMR,-72.21999697103273,-73.6744470268797,-69.51034040448836,-73.14864253136516,-69.8467082611638,-75.09897215994243,-73.94722552077528,-74.32932325588635,-73.39146604472464,-78.36450165624873,-73.66836275776724,-73.51782574498033,-72.93322342348523,-66.50198543768826,-72.64683042130333,-72.22765202183693,-72.25994872591367,4.094725994814647,-78.39491586848042,-75.23192126152183
HAT707_25,HAT707nonMR,-144.62999377065924,-147.92557187188672,-145.93641929892803,-152.82222414368937,-147.32274698899778,-147.6433407007985,-152.12024171974977,-150.27076836312608,-145.15159426645286,-150.05281838403553,-153.18503192381664,-150.93977930575588,-148.12033744667875,-151.9872513151087,-146.37854396278885,-145.4663250944662,-148.85135555601912,-82.12604187074481,-153.33509736513858,-150.43497918668845
HAT707_26,HAT707nonMR,-14.109999193513053,-16.363758518234192,-16.46533517109684,-19.48480446016281,-17.063564488325614,-17.58311039261482,-17.883430967573258,-18.009690768321335,-16.980269131730598,-20.07264065173141,-22.69891187683717,-19.73388355271081,-18.71342212390809,-18.11981880651248,-16.825156382615756,-18.1630017494758,-15.26191270001458,58.547006837970095,-19.797494862368616,-18.34390511894625
HAT707_27,HAT707nonMR,-15.589999113367783,-16.4860850268513,-10.325825775028928,-12.144036044903574,-10.649052265569432,-15.289513064148837,-10.040877487911668,-12.742630509902108,-13.608506611280806,-17.830845297135415,-12.349874149851534,-13.213789221385596,-12.277134004643973,-0.3722706229853733,-14.296003983038942,-15.306811053071746,-11.225551108576504,64.37210852121493,-18.79001342104861,-17.03607719191305
HAT707_28,HAT707nonMR,-69.64999740699892,-71.70788228494551,-67.05081582863299,-68.4274956860765,-67.98260866272196,-70.17992539276565,-66.41340274904756,-68.07574487389573,-67.75846516511382,-71.59358306576323,-67.97436475701215,-68.9916973608115,-67.67255610607751,-55.9370796197981,-69.47087689840063,-72.03377569073513,-68.00639861114709,3.4246092390163483,-72.56556929037336,-57.615039207477366
HAT707_29,HAT707nonMR,-45.5399978222236,-46.94808101479051,-46.88267306677269,-47.02636432770536,-46.728322929910085,-44.57879387007323,-43.479893443276815,-44.952585199548,-45.46247793732089,-46.61647582950294,-47.49796681389441,-47.03389688867894,-46.723270913876455,-33.32107517318704,-47.03569589557957,-49.95071340890651,-45.96978702347786,20.417016380943256,-57.771000427469794,-49.3435452301027
HAT707_30,HAT707nonMR,56.6599978306008,56.12852127694087,59.07130884551135,55.0155877302411,57.98433536578351,56.25596707059049,54.91584541310888,53.6259691294585,54.81994966630227,52.00012584217777,52.10694282664379,53.8776389576549,54.77864711821284,59.2305743896005,55.26371696174336,53.32434051102136,57.479504765118016,130.55820522287326,52.01379152681322,53.37336911856203
HAT707_31,HAT707nonMR,19.77999909846648,17.77750103050184,23.840044318779388,16.528882804509934,20.854629153089125,18.92307529824137,16.94420013817286,14.819237132999618,17.625355020689838,14.12915806176594,15.284755224594363,17.113209084610254,17.13552802781516,20.61583268177265,18.339590884876515,15.62071532562217,19.28058271730124,93.63630533747374,15.285233706422076,16.730554586294673
HAT707_32,HAT707nonMR,14.129999175470292,13.529676361125537,17.610022830688422,13.856426819361076,15.710586542232106,13.997345555183616,12.567531019270367,12.16183742191695,13.805901764537444,11.818228356890693,13.550912222995608,14.648621574066649,14.840040327083852,18.57026110849144,14.143048360487798,13.886509247036203,14.874918622048389,89.83890914618304,11.456776510993059,12.832405710973473
HAT707_33,HAT707nonMR,-5.2799996292777625,-7.946278850422395,-4.583455390688475,-9.07544769873527,-6.155348237173659,-7.656443896048324,-7.345321310253796,-8.074599141285008,-5.45551992774757,-10.724554770243948,-9.464781371085945,-7.954688857902616,-8.150507330842434,-5.356121485808826,-8.141476026246304,-8.164261836511786,-3.481530543913589,56.270523309625666,-15.76660575635147,-12.921559831991907
HAT707_34,HAT707nonMR,-24.51999921489875,-25.675582572494385,-20.614633009161203,-26.008665668092704,-21.81805624579728,-24.892026991730084,-25.77917666830248,-23.112277279535785,-23.964140404103706,-28.92706846953396,-20.10696811824326,-23.97601074983309,-25.68642223390649,-9.380379903562066,-26.450418281630267,-26.59712158803349,-20.69813633870307,54.55200973626871,-28.10977259466722,-29.487923276739455
HAT707_35,HAT707nonMR,-72.20999698005411,-73.4311228237107,-69.3147901290865,-74.06914778778028,-71.08122572174997,-71.3757199967253,-73.0682056686831,-73.18035077333404,-69.84665536211632,-72.42593792479771,-75.1775783264783,-73.07520804690165,-71.57015638006679,-71.3631497269442,-70.58698934531712,-71.91755164899112,-74.12031529057741,4.484423286958047,-73.4780406844187,-71.7570664134196
HAT707_36,HAT707nonMR,10.499999312683803,9.359808197725243,12.85365914968468,8.673022170703339,10.888517034488718,8.801717712249111,7.800366707958182,7.429125702513863,10.066459543154048,6.368669329880546,7.2241836183277615,9.605845877365796,7.743584316928263,9.1382652876617,9.299252152969936,8.463670640207003,10.215112104190954,82.60360594092823,4.485548476936599,7.560508871657687
HAT707_37,HAT707nonMR,-148.58999396324967,-151.3820772250336,-146.0919205391447,-154.8435437308303,-149.10492089577437,-149.37658461907174,-153.3902731417748,-151.72434806333618,-146.7148901076503,-151.6727208508703,-154.33403025974803,-151.8871717116252,-151.45219174510328,-153.10838327307204,-149.03436272650777,-149.4838674665831,-149.19965252344318,-84.75767109677744,-156.27985335953608,-153.19467712542314
HAT707_38,HAT707nonMR,-66.31999727357103,-68.8334739217197,-65.77872674030077,-71.31461130439399,-66.76230975104052,-66.81491211322506,-68.00395659778223,-69.41865229693735,-66.87302695787767,-68.60494469767255,-72.34349296904988,-69.88064202823249,-67.24072931190628,-67.36157828678746,-65.60429121742379,-67.39674580018024,-68.70321740143736,9.402595843007203,-69.02946705641502,-67.36375027761137
HAT707_39,HAT707nonMR,-74.57999672451551,-77.64053883044333,-74.77582793590858,-78.40233602223664,-75.84436512452702,-78.06744965262386,-78.8178318823207,-78.58004670527158,-75.70350719436975,-79.8324354474301,-82.67370528632144,-79.5438406400018,-77.33503540374073,-79.65066032276212,-76.68238306832473,-75.85449174692829,-75.14769822039445,-12.320368815383425,-83.8358757750323,-80.7224733827636
HAT707_40,HAT707nonMR,-71.81999733188792,-74.01094214249146,-70.04541986655131,-76.43199863056554,-71.7181386135424,-72.24860450042291,-69.83408408831107,-69.90797866271889,-69.51554578381447,-69.49781161305684,-71.46213388714517,-70.2300274434702,-72.20885271652806,-68.42327405333283,-71.51368379043745,-72.58525912897177,-72.77444293671773,3.8680893964485734,-74.53928177219579,-72.82935835564192
HAT707_41,HAT707nonMR,-48.97999785641631,-50.61446651241829,-46.56772154367579,-50.31827796187442,-47.21619742702509,-48.86603272328182,-47.52027628170213,-48.42710089034697,-45.80897938174776,-49.47118598006292,-51.69117029759969,-49.80131294126604,-49.39210102379664,-47.12143922939801,-48.35257811620285,-48.9863481895395,-49.33525498446044,15.780655657164953,-55.93968536463987,-52.82676171211485
HAT707_42,HAT707nonMR,-80.1399967287041,-82.66741927290641,-78.3473272239526,-83.03001100153618,-79.65079655506572,-81.11158596263283,-80.48677979937591,-80.50930877004033,-77.9042693279604,-81.40848635995623,-85.27543882022091,-82.42042382555773,-81.93240719753398,-81.67128764142966,-80.67645903339108,-81.2274492491626,-80.55224507730608,-16.43958022150609,-88.03099576853529,-84.99228730133541
HAT707_43,HAT707nonMR,-6.559999729560092,-8.61651381304663,-3.8894742145483874,-9.854570238826698,-5.898852610146706,-7.334161305249855,-6.68389444709956,-8.009316193173676,-7.196486730652582,-8.159111113246443,-8.64958851965228,-7.049260646113419,-7.344331790552502,-3.899988575026685,-7.349245001478983,-8.828824238980083,-6.871004863148499,67.96557996250922,-10.329552415302208,-8.902971256410584
HAT707_44,HAT707nonMR,-54.64999776136973,-55.25566796044997,-51.7211119121684,-56.56917637638214,-53.56417350249036,-53.66288457056345,-56.20460127854631,-56.495300439008346,-53.45622982475628,-55.092435678011135,-58.17388476809893,-55.59262831157747,-54.5869378910617,-54.52863360126202,-52.80249447076197,-54.45156232293307,-55.17223453357656,21.672862445940517,-56.28799062156078,-54.53440681419978
HAT707_46,HAT707nonMR,17.319999435197495,15.79793015068541,18.745135260457968,15.059539438788482,16.884555613672504,15.475168017158463,14.6495153985552,14.39522025899016,17.16621317835098,12.848732572817555,14.12392187172768,15.939226898228569,14.319368921806936,16.017503183005513,15.48090194774827,14.630094545104312,16.845461448391138,88.98906371223795,10.853847263334458,13.72437915863979
HAT707_47,HAT707nonMR,-76.70999668549003,-77.71405407536388,-73.10503532922804,-78.64502292676674,-73.66244477868139,-75.25130008477382,-76.64189935736336,-74.07198846041824,-73.22976275184743,-78.63391964864178,-72.92185019076442,-76.62777700564777,-77.3725912810077,-62.22497342016226,-76.4046245337727,-77.81041192017203,-75.71349282293026,3.771227138224743,-78.3658662228697,-79.59015608364695
HAT707_48,HAT707nonMR,-57.45999773639989,-59.984750353291886,-57.07385771076423,-61.7118049574093,-57.99973677005777,-58.01571698909205,-58.20804399931467,-59.03431032217638,-54.721142275491296,-60.43140594935177,-62.2796634436071,-60.606455113717296,-59.83667637794364,-58.20071500240011,-58.095682278388736,-59.377552168650325,-58.4968870281497,5.489740711581696,-66.02269938455395,-63.02379263890988
HAT707_49,HAT707nonMR,-87.98999654952515,-90.73720987185833,-86.75190466946412,-91.81761765721444,-88.12509099341234,-87.83388160501828,-88.21389368689061,-88.68407561713737,-85.3686348330224,-89.51916202492666,-91.866543315892,-90.63574278217452,-87.46424802783302,-85.85753650041026,-88.02771752453336,-88.5454841257099,-87.81695793868641,-21.84865934434977,-93.73019491771201,-92.23913511707443
HAT707_50,HAT707nonMR,-20.82999940624054,-21.586159743189302,-22.13281135842369,-26.76470420538745,-19.611574614351515,-21.532535795541047,-23.90771801524091,-23.80871829279478,-21.59771928340032,-23.497385114870216,-28.894864557836204,-26.34905749199105,-23.978777501846665,-26.233314310822447,-20.01447717510949,-20.36938329316666,-22.562861666984976,55.495146635615804,-23.367083222638858,-20.942489629609195
HAT707_51,HAT707nonMR,-92.3099964173459,-94.16248382748834,-87.73070461475977,-93.83941233175392,-86.11957730314823,-93.72820987183935,-90.04207784334123,-91.89457334837118,-86.2498778884102,-96.96869872813568,-93.74712878049289,-92.89267379077948,-90.51076441852356,-88.51614975208831,-90.86191564545592,-87.69363380231849,-93.789314915883,-36.77593818331288,-99.82947278118,-98.1738510977755
HAT707_52,HAT707nonMR,-56.31999750981824,-59.59831464520001,-58.573415532120485,-65.62277626599773,-59.600010050287935,-58.08100307474432,-59.59105316827032,-60.82141463365161,-59.183987333281664,-60.17860622757647,-64.62656061100994,-62.033806674903815,-60.03683276120136,-60.31549459552319,-57.90344983382828,-60.1846131248346,-58.99019585832173,17.066405931011385,-61.1761808878457,-59.42721760271898
HAT707_53,HAT707nonMR,-125.05999511025324,-127.76139459341948,-120.75838308977973,-128.39288122247024,-120.36217021931594,-127.49785812181663,-125.30945604231808,-127.30889738617526,-122.40346468806491,-129.69798446276894,-128.24460663236556,-126.90498258986,-126.2049420568304,-122.84902408774612,-125.45670678799166,-123.01465257791148,-127.40094548772056,-67.9310584113515,-134.68221454996433,-129.6016016501565
HAT707_54,HAT707nonMR,11.709999476115794,10.919396273664072,10.524629498792576,9.038180726845146,13.067729049460988,10.989316140307755,10.09229573975668,10.32939743344348,13.161999232946435,8.734888392507655,3.910369589778644,6.79300654750413,9.079967021926718,7.550155651102218,12.139095725592323,11.5663111644726,10.569800907585517,87.75466878391678,8.796598082090311,11.442930767890116
HAT707_55,HAT707nonMR,-23.20999914168056,-24.40886333373169,-24.122168248510818,-26.008411150269097,-23.97706107517289,-23.74035257887705,-24.080586646945218,-24.472184812760663,-21.723257009022674,-25.98086304509696,-30.287729076857367,-27.065123926864366,-25.26574571833375,-25.102244359819096,-22.3539834104042,-24.697065382971083,-24.504225351743045,52.469742750159284,-25.846368653666897,-24.17965544724606
HAT707_56,HAT707nonMR,-185.0999924016656,-185.87347783590943,-178.47659890401067,-189.6308596746537,-180.00066661792465,-185.8717135930076,-184.7022394974381,-185.26514699666043,-181.76840153169888,-188.7855784341966,-184.1846645376685,-184.0841442969981,-182.17307260239232,-180.1852252491228,-183.0016920230416,-179.30217220539205,-187.93789654077315,-120.75046581441518,-190.2208670206617,-188.45874435382916
HAT707_57,HAT707nonMR,-87.99999654050376,-88.78262554079541,-80.79978503910984,-83.71355995814699,-79.04537014343143,-88.4535472106887,-86.76280519929357,-85.91453280945208,-82.97544158537096,-89.36750333895235,-85.07269578024376,-86.81606682294375,-84.48718118545106,-78.99254068557283,-87.4163930258262,-83.95827196127219,-84.39345012289968,-26.451717302000663,-95.12622347342797,-84.94590498238095
HAT707_58,HAT707nonMR,-84.48999656946073,-83.71830380429365,-78.0016806984638,-80.17736736515543,-75.54591816738865,-82.62267270187792,-80.96740775434813,-81.55211392867758,-78.80613366242642,-82.98088585761262,-81.18216113743325,-82.06958233735413,-80.90528092784993,-71.84424567850529,-82.72805156007247,-78.7823345498631,-81.13390766563121,-7.478098717980018,-87.00592545742863,-74.58369061636054
HAT707_59,HAT707nonMR,-119.12999481234624,-120.62683238016272,-113.0326836086563,-116.34960280508965,-114.14440894862398,-119.26939541448188,-119.26723082054257,-116.2588707709766,-112.42060101571644,-120.46736929611492,-111.58366621607252,-114.82722215034568,-109.81908554139842,-104.92662860969588,-118.39513829659651,-114.86922989357576,-115.29763174355872,-52.67970694822827,-118.45539061475274,-104.21126412261437
HAT707_60,HAT707nonMR,-85.83999660659339,-86.99581502922896,-79.73225776422218,-83.27091966974322,-80.35202032008428,-84.2765178463609,-86.02997717060893,-84.50515023301425,-78.79600829508878,-86.61960634506252,-77.29093378692055,-81.97844248481466,-77.08253531780755,-71.68699971091405,-85.19687375557572,-82.6348928213123,-82.26016782052194,-17.048767690367118,-88.61847061264015,-76.85316038199578
HAT707_61,HAT707nonMR,-175.50999289554568,-178.4771130852561,-169.85227102920152,-178.342283450366,-172.01547458724428,-176.47576950922473,-174.17703457246145,-175.90835209941588,-173.4416418498351,-176.84592078172656,-172.48871593992968,-174.06011060666128,-171.63303686748762,-164.37816722011294,-176.14069131000224,-173.8904289073224,-173.24942508674602,-120.34250812085591,-181.41289546923113,-165.93657090061424
HAT707_62,HAT707nonMR,-152.51999355539476,-154.23601472316665,-147.09972572935902,-154.8383243580072,-148.21365726711974,-151.69299191693,-150.65075666239295,-152.70292599578158,-151.15212022865452,-151.89438047771458,-149.7190913382129,-150.896395559771,-150.02208071096018,-139.7098959251307,-152.77059711947524,-150.5332588391703,-150.69390443157414,-78.16636157086445,-156.97870442734367,-145.45383898698012
HAT707_63,HAT707nonMR,-146.09999369953536,-148.04789838050385,-139.79690990285565,-145.48145572842122,-140.90823476625053,-145.34974337235033,-144.27768824009263,-145.00370810469792,-141.77983174601644,-147.81102302944845,-142.83599419682207,-144.4196849744485,-141.6840493274057,-134.2397031315905,-143.84939156322096,-142.6101343980755,-144.81499396458105,-76.30094018749998,-152.32761592382906,-149.12715125965525
HAT707_64,HAT707nonMR,-97.12999583409766,-95.55596518832226,-93.93452871183185,-94.31143468456123,-91.49415591337826,-90.2073922649922,-89.92732951563467,-93.41348462867084,-88.20258151085672,-94.0487448487618,-95.73558450419766,-94.6627581628061,-90.87222757133216,-84.3596167297512,-91.41916853124351,-91.31395263719818,-90.26326041488942,-25.18029880521411,-100.30186610968951,-91.2561277200157
HAT707_65,HAT707nonMR,-98.24999607872208,-96.07466809638784,-91.35012617384518,-92.20860695058252,-88.9466243260656,-91.0257461953988,-89.3345609113414,-93.33121819937536,-88.20904711747357,-94.07431178101903,-93.44235784559864,-93.45684358805732,-90.21055660700576,-82.30734988138,-90.48425534353758,-90.03984485087918,-89.74435134737784,0.0034406028504419288,-90.66224393071086,-79.04488978375102
HAT707_66,HAT707nonMR,13.309999287713968,12.343331547829925,16.368963583808043,13.329501403654676,15.186706869243595,12.694554310785971,12.549704102646317,13.383110667555224,12.24955935583184,12.532774398995652,11.219538071196595,13.067544122399084,11.492568635655108,14.516563962272397,12.47644532083476,12.467727143460886,14.21345508160093,88.56212482801784,9.766875377137357,12.07812809941654
HAT707_67,HAT707nonMR,-49.04999779326665,-49.27306925368819,-44.303608877366216,-50.817579218224864,-44.97394963808539,-50.90035568722295,-52.57971091170043,-50.65922958701755,-45.84132027879622,-50.5919527902476,-50.003363399054045,-48.95047817922013,-48.323747067941945,-48.84813903965842,-49.67971817146817,-47.82413701415265,-46.588414575261936,24.251525733503755,-51.40952407365567,-49.75285545832415
HAT707_68,HAT707nonMR,-15.119999537372635,-15.971459361613098,-12.075317733397688,-17.358797341952823,-12.56076822417323,-16.27413817989484,-18.45055357341348,-17.828388346531344,-13.697463860349751,-18.25987421481166,-13.862875106710543,-14.917208869422772,-14.345502244097666,-13.239675430485187,-16.64635126025111,-14.821853659275028,-13.289696374923064,60.42501201043954,-27.537521610567726,-28.149418688581346
HAT707_69,HAT707nonMR,-90.20999642930724,-89.49574650889755,-86.9493920666233,-89.27170724062725,-89.5589375914671,-90.6263364151648,-95.03664957998672,-91.17782123389344,-88.06080609910511,-91.79232971567238,-87.81351220823925,-88.74657430573384,-85.77537398667444,-84.94273856814984,-89.34068113674635,-88.12966503547014,-86.91015996907886,-21.82468018020977,-93.16866703924592,-87.07308421750699
HAT707_70,HAT707nonMR,-22.13999885194925,-23.255528342577225,-20.596561552087973,-23.244820207148383,-22.185461411358965,-23.54173328016644,-26.623645472217525,-24.88939647199782,-22.873896596006706,-25.509293314894013,-19.81113034548651,-21.99744890523635,-21.33669322623544,-19.63199910648698,-23.89957149900953,-22.76660910493156,-20.262995069624107,50.03402218614753,-35.49997143876623,-34.31352941105939
HAT707_73,HAT707nonMR,71.08999706128031,70.00467555090053,72.1936750193608,71.69894824430585,71.86834693685967,70.34442072631596,72.97674616284684,70.46939814870821,71.4127148177953,68.52222815582863,69.69167056217488,70.85727480682984,71.73152803419406,76.38911206032795,70.30589735495325,69.4020539810891,71.59780668895216,145.51261769335068,67.0352069187659,68.51605088001165
HAT707_74,HAT707nonMR,10.329999466047262,10.153796625472614,12.988940842441728,8.721616692656443,14.506826584022289,11.006108293778365,8.583222678448942,9.493072949526631,9.673411265694282,10.518842794632684,7.364037658801108,7.87881693844261,8.938361037796167,11.62268912567879,10.007124945602998,10.300159382541924,12.447525903469344,88.80016345338758,7.694095519788769,9.996885817586055
HAT707_75,HAT707nonMR,38.87999818287731,36.27132740625167,38.68351649516877,37.90879731455298,38.17716987615601,38.01731635572796,39.6806624957196,38.22899262056789,38.5556184554584,36.13228222546145,35.4993663180336,36.536170666318654,38.387459219577615,44.205460497048286,37.33474581185413,35.34415912872507,41.18824297049994,114.95860374920889,34.760865182719314,36.307076421864664
HAT707_76,HAT707nonMR,-16.26999912742343,-16.863898880296446,-12.479356588267924,-15.915227359114011,-14.383115789493417,-15.589211588975756,-17.392643759718624,-16.346632278667986,-17.1598999310352,-16.049450317857904,-16.969757783285626,-15.116325971411507,-15.52595411592498,-12.048694953701215,-15.870654545421148,-15.306573791746168,-14.987077309145103,60.491050793574246,-17.80469040457388,-16.276575492794706
HAT707_77,HAT707nonMR,-30.849998524441105,-31.74796025200813,-25.29176596344134,-28.43453847963138,-26.01795663611508,-31.3390028523668,-28.07455907294648,-29.717721370713665,-30.16317942767888,-33.57141938762015,-27.41480144775857,-29.159318322763816,-28.90380518730472,-15.681581736568967,-30.39158089080884,-30.65871700774888,-28.91689493579349,49.44960351109089,-34.28164140044697,-32.875750275515834
HAT707_78,HAT707nonMR,-57.28999788976335,-59.693521574870175,-53.8131533230425,-57.66840869295458,-55.70002379702532,-58.161663142552506,-58.56971987785035,-59.87820213115028,-56.288832377284045,-60.22302009317245,-60.98614929928831,-58.538261321898446,-56.87397962801138,-57.45083634907223,-56.99315905113023,-56.404310812269465,-57.446915779693285,7.475230915289104,-64.01720644164872,-60.97300476213003
HAT707_79,HAT707nonMR,-64.2799972314041,-65.49970220535253,-61.61868104542671,-64.14206625643335,-62.88680847821076,-65.09249273336985,-66.18767522928232,-65.35603453878251,-62.04679699956829,-66.60710193424698,-68.20838299468224,-65.69468765947353,-64.48134494131844,-64.58236668753068,-64.12560768695096,-63.36430710617199,-63.682435106718096,0.5530406210493207,-71.12121842172705,-68.08578198958112
HAT707_80,HAT707nonMR,13.829999446111689,11.404464987701973,14.595390133630238,9.8592259826047,12.68587899233641,11.967471633407165,10.861166908548611,11.373247144373025,13.010413275365195,9.718502527746644,11.339929842600236,11.519891339407886,10.218931481407154,15.05200417953843,11.16294569001645,10.074535401832865,11.519088533894756,83.07790659446619,7.326002488635552,9.029072180743253
HAT707_81,HAT707nonMR,-66.70999754924671,-68.1659868858277,-64.46647409630269,-67.35180099888468,-65.91516229740922,-68.18525475247623,-68.36671988747851,-68.05465930053818,-64.70465090199458,-69.72864291837934,-71.51014702157484,-68.75141381752513,-67.11677711449954,-67.90896948467115,-67.15206667855867,-66.24813363357768,-65.90386811520736,-2.4770147505578817,-74.21826164904839,-71.17786472519559
HAT707_82,HAT707nonMR,-59.45999781465235,-60.521229098734246,-56.84783017872025,-59.31901394334395,-58.041357402686906,-59.78007910220382,-61.23535433301044,-60.338155154954165,-56.90188083277484,-61.43114688982355,-63.07493807757302,-60.72254160538212,-59.74803507989316,-59.20103795790708,-59.184165671424296,-58.51211576314632,-58.806321592113655,5.433748962172978,-66.24466684224527,-63.2569103339566
HAT707_83,HAT707nonMR,-53.98999772927132,-55.00479199450919,-51.87998978088354,-54.59849103072236,-52.81881975721658,-54.2160027964656,-55.38429441319136,-55.77628144661213,-51.272532058306496,-56.41295557103772,-58.37160936379652,-56.40387870925223,-54.76207151818936,-54.01392893258007,-53.76853765044984,-53.406530509654345,-51.26381879057295,13.057745490385178,-60.748404175984916,-57.54782177505926
HAT707_84,HAT707nonMR,-43.07999815895462,-44.26293578402768,-42.54305474273642,-42.74479878766413,-43.37585896135249,-44.5264344795816,-45.47404180738442,-48.40857110029813,-41.86296424183505,-50.29201323904659,-50.23435258575991,-47.58918610909305,-42.29272703185623,-44.036257963952224,-41.023199499942656,-41.28091877042489,-44.095533374193934,22.85808534073049,-48.37813449709278,-45.63533822180089
HAT707_85,HAT707nonMR,9.329999740675772,5.041281094638948,5.952451771120755,1.4158938029827253,4.2970506540929465,3.376766532003569,3.128688505296464,5.273316088616028,4.772241615969679,1.855202141606413,2.702450749768841,2.9284101342760653,1.1739011749163748,7.927006779474544,3.230678310395348,1.967793154510908,2.9196143502894083,71.79502594883533,-2.9083407343403054,0.17876807221596575
HAT707_86,HAT707nonMR,-130.55999454106066,-131.83875104306384,-125.52303366089691,-128.9796805174185,-126.38167614682236,-129.14114228190033,-131.44941994348997,-128.43771940996086,-124.92417903046896,-133.32650660352,-127.62052568181988,-130.50014325218993,-129.21847403945023,-118.67226919615857,-129.14001891444724,-128.2401028086226,-128.85876844214567,-59.60920593892488,-135.00200839834847,-134.61576216518878
HAT707_87,HAT707nonMR,-33.389998743048515,-34.87998321711833,-30.230600112286155,-32.22563401789033,-29.88756490475819,-35.36047261802289,-32.763555407579084,-33.13885934865142,-29.07986834429878,-36.75572870118896,-37.5783289880964,-34.83218249466432,-35.3847286202286,-34.576952491539004,-33.78856602911141,-33.18209023332023,-28.758838042173,30.897222671694024,-40.87739961829432,-38.139896274630864
HAT707_88,HAT707nonMR,-135.5199944590226,-138.8625741493687,-133.10363356161565,-144.51095541168576,-138.0996943782437,-140.28750521830477,-146.83193110397815,-143.24200506297845,-138.62245212702317,-145.0719589216404,-140.9128775833345,-140.00342496505348,-141.1658944233657,-141.12712707633494,-140.09784204852454,-138.83249454547416,-134.91283853146857,-74.69322558444162,-146.50423007778787,-143.75429314598642
HAT707_89,HAT707nonMR,15.579999122389165,13.892839060587168,17.660046505416403,13.07864909480436,16.049494306273168,13.735787056202664,15.513590673254525,13.625470074898823,15.671021379650217,12.37785486007974,13.322455350784542,14.679796181983686,13.203328073706182,16.311142852834315,13.098488810849348,13.746192418301938,16.129275818119588,86.0504454262667,9.868645587062208,12.748474119293457
HAT707_90,HAT707nonMR,2.969999830688084,0.8654048417755434,3.551821030200345,1.0179906102478826,1.2795922191257474,1.6463715067149245,1.0412115983345192,-1.3089541404261238,1.3487205453164774,2.1530633814321067,-6.327571036132767,0.9049959205189684,2.009960787139081,-8.024436535943517,2.438287709962815,3.126285959775543,2.229528485644376,62.20956436692595,-5.461523566268616,0.2897879519475999
HAT707_91,HAT707nonMR,-1.0699996622218313,-1.7597662337447757,-2.2090668449389805,-3.85841080130152,-3.623634092913086,-1.894513853145377,-6.074115504201047,-4.755339585519764,-2.030199473718534,-3.890003079545673,-1.9746355805367963,-3.0917576902114785,-1.833720107795001,-1.0688022486511302,-3.383367366904313,-4.552438475903055,-0.5076811798101069,73.66865593703605,-7.273543230692766,3.3820873369570528
HAT707_92,HAT707nonMR,-68.78999692781865,-68.66460748271237,-66.55942734119208,-68.43533622870314,-69.15933413228993,-69.03627682612569,-73.63561228528796,-69.4451179482552,-68.7886167834659,-71.48513179563489,-67.4732684470031,-68.6712803556844,-65.0454634083282,-63.8252624508938,-68.80398806730075,-68.23251569129619,-66.25804652184034,4.657532504031226,-72.92723416950534,-67.88757344170276
HAT707_93,HAT707nonMR,3.400000070278225,-0.0758878582621592,1.6177566354336093,-2.644593434981111,-0.6647016468711259,-3.459221276895544,-4.095528935726752,-2.7927351185793428,-4.231286092425999,-4.075478815852514,-3.713112676847171,-1.8540197255102733,-3.96129637616291,-0.1159065847071326,-2.9254421399675428,-3.16665646809032,-4.767925396812961,59.10436029259921,-11.890208570213993,-9.53190148811865
HAT707_94,HAT707nonMR,8.919999483042872,7.131259254369971,5.479906075431201,3.787799544722304,4.772108081942551,6.134695770888713,6.3555845650758815,5.736066110403788,7.899952963512543,3.153719481706569,2.2136182339374324,4.618339018874251,3.991069378927561,7.422144534128436,5.098812167247529,3.661795767856369,8.032607223235448,81.61248048731973,0.12842763487637268,11.006292713103376
HAT707_95,HAT707nonMR,-48.499998289442544,-50.38366300577113,-48.32257387621243,-51.21440183967385,-50.77302064900131,-50.79696722627425,-51.49493647613696,-50.40541781798575,-47.5233932467788,-55.54518658732438,-51.76190680508475,-51.27611902794902,-48.09507985452439,-46.76295806431465,-50.493638182655125,-51.1411144434254,-47.23581485095666,6.05614976217935,-60.12253434370061,-53.38799623858245
HAT707_96,HAT707nonMR,-40.87999826112976,-43.88244610471196,-40.95673595545151,-44.82327934229968,-42.31843333393571,-44.667737062942166,-44.11880275644892,-44.206826898915146,-40.64928116253537,-47.154712479988696,-42.68382187227978,-42.57163949356522,-42.97105510964338,-40.37645949602008,-44.70916925447737,-42.173389915599074,-40.30360559022975,-2.939217955495679,-63.0780671706611,-50.427731998733044
HAT707_97,HAT707nonMR,-97.51999610977332,-99.4401201933143,-96.3420633747376,-99.9937248018177,-99.2228443476529,-97.98276175655946,-101.30067618300735,-99.22346922159204,-96.38289786350391,-102.33840227997382,-98.49398374767097,-98.89695564818808,-95.87020436265875,-95.93447250248508,-99.32897678204276,-97.67897186998012,-98.4395350662424,-33.00257265081715,-105.19206911586039,-98.80785055237973
HAT707_98,HAT707nonMR,-20.81999941526192,-22.020946123003505,-27.62278136806901,-29.685884991292887,-26.57254837977689,-21.50554661307583,-21.005298758635536,-26.2685526073388,-18.619595024828715,-26.831669945715458,-30.18386941904909,-25.512648984554247,-22.318994674405147,-25.326675633244577,-22.4925374395386,-23.2088614670021,-24.41611099788536,28.63554288427768,-28.988756829385036,-25.14790373208047
HAT707_99,HAT707nonMR,-22.7199989562187,-24.49689720260784,-23.455531362444376,-27.41481318218782,-22.665734509686445,-25.940538847032567,-21.081177768996657,-27.311127783760416,-18.315790140772823,-30.372453147022977,-26.05600592408108,-23.87587630201034,-20.84432369050639,-21.90149837684701,-22.53026707417436,-21.23208193758381,-21.029694528557705,8.326306262528572,-37.48609468377881,-28.950836193844427
HAT707_100,HAT707nonMR,5.409999511999825,7.310979662033348,14.32155058399645,11.692764865719935,17.830911185611118,9.356166258190278,11.68001368492132,10.845081393427025,13.30455350953507,8.612295066844556,9.211688665214394,9.120763295406384,11.675374632845434,15.672928443653324,9.675916848321169,13.313118637272025,14.210855547659955,79.63068127209185,5.311492287543335,9.599798193774271
HAT707_101,HAT707nonMR,2.6800000923080995,2.8977355259537885,10.908624885319602,7.388161695861632,12.085068665842412,6.577347228964279,11.264056730797446,9.246709090374283,11.871872259344103,4.660359688735909,7.977470463913352,7.4483229115741505,11.311497011797572,15.923622494610386,6.381735332138121,8.818907581232763,11.395151928196428,72.35706079552605,2.3551363911208196,2.5428207730035455
HAT707_102,HAT707nonMR,20.889999352112262,21.589572014233305,26.60235947235082,21.124685636472787,24.875014268537367,21.844633907593387,22.54883583252352,21.707433792940908,24.648509766657632,18.339892214899614,18.82016581532389,21.36962956699395,20.112715854038186,21.06744698383836,23.13122975985865,20.77650397262387,22.04392066428469,99.72875298292044,21.308663040816754,22.5517884460816
HAT707_104,HAT707nonMR,-26.94999890523187,-27.25279977414748,-16.92485728408806,-23.31534587139705,-17.93951123823357,-23.426572741500184,-18.96585199157101,-20.9768234454636,-18.071856500401225,-24.93652895961001,-20.732145578856613,-21.48821498962895,-18.98984889517259,-13.451944942828757,-24.1342105317879,-21.85443974716065,-25.991964817181213,45.284266710444996,-28.20091505825765,-24.87655732561641
HAT707_105,HAT707nonMR,-52.06999757884783,-50.03662340926842,-39.99627535100672,-49.506732446466245,-40.53321751220837,-47.07075949353307,-44.18575306000692,-44.13149080976246,-42.55153710205718,-49.30837149341521,-42.47410481751466,-44.80924622239856,-40.61226670045621,-38.1357460932752,-47.18611663085021,-41.87858282717075,-51.45488961092308,27.74978534113882,-49.096600793218784,-48.11111381418436
HAT707_106,HAT707nonMR,-38.72999831819801,-39.79632221819036,-38.569258440638144,-40.9112215010417,-38.585575318494094,-37.98859524711817,-38.775282790377744,-38.27005727980606,-37.87617792880588,-38.41304792644103,-40.33373971779441,-40.362121469279295,-36.34812778873052,-33.97898748126461,-38.544888796445015,-39.30946516491153,-35.2786786914221,35.34321907438616,-37.93408283720795,-24.8920384825886
HAT707_107,HAT707nonMR,-19.25999894006875,-20.61954559257593,-18.614817481450604,-20.94345500171015,-18.28320997440342,-19.036692163616387,-21.04440232524578,-19.427050056928422,-19.75596423058772,-19.848125103759862,-21.45464975888815,-21.94489090798756,-18.31907188982204,-16.459011193349912,-19.86313607169847,-21.128232508195296,-15.982700493500856,58.54574704036222,-21.620189811309345,-14.771520934943428
HAT707_110,HAT707nonMR,-16.519999529398408,-16.20630145649637,-15.201891782738087,-16.638851831780503,-12.53736745459904,-16.257873134390387,-20.62844537115757,-17.82867775387568,-18.32328298039675,-15.89618972568689,-20.22043155755144,-20.27245052415532,-17.955194268774182,-16.709705244306974,-16.568954555515425,-16.634021452156038,-13.166996874037324,65.81936751696996,-18.66383391488683,-7.714543514172702
HAT707_111,HAT707nonMR,47.74999833853655,47.88051943060402,49.54924094226684,44.25950286800833,50.51072921895197,47.748526201309424,46.53257304378487,45.63148192644753,45.64161457293133,46.40376982161781,45.25007903253759,46.17838178447269,47.365383474668334,49.76176553720708,46.621078548738254,47.48032783630623,48.954340126102935,115.17056067938239,42.83415740896494,47.102570323204006
HAT707_112,HAT707nonMR,44.69999795251003,44.37461866522644,44.396451037596165,44.8086098650897,43.82743900067354,44.499476672565926,43.919948204435954,43.37161473828373,43.18969459610299,41.39245004530433,43.9339603654654,43.663552916163255,47.31035597661603,51.12832994190328,43.65616700415809,43.60880026717186,45.88847720040654,108.61936286230647,38.25632049630684,44.759066492542736
HAT707_113,HAT707nonMR,78.83999674091037,77.31322693948951,78.52099040816297,77.37671502229652,78.78773376686952,76.9578623002362,78.2037949739182,76.82919825967532,76.23274768075494,75.34340787066459,75.7958539358568,76.3794090068634,77.77079191322859,80.83060579437507,76.0639097306957,75.96957284283282,79.2369238995046,144.30457895168604,72.05301363371956,75.91518452924754
HAT707_114,HAT707nonMR,102.59999575871892,102.37175020419365,102.44110619082856,106.37520266681626,103.37616803552449,103.22632504822424,110.85058530109572,106.46205731989151,106.7700802599035,101.90462719438683,102.47342612904325,103.40710211908814,106.27414264254747,110.6753118648546,102.70269267672768,101.43757252035962,103.8062994986404,166.79982077288767,96.25034132115995,103.11477102670793
HAT707_115,HAT707nonMR,-13.619999635560664,-17.012498583078322,-15.497840373710565,-14.71983492599034,-15.991869044501458,-14.344408495076369,-13.555381721959677,-15.115389915525032,-13.396497327141004,-14.041205392617996,-18.591780479127443,-17.041090236509685,-14.72570998342907,-9.29518633082708,-15.492982697355954,-19.28532208489252,-9.815753897715904,52.87770044370283,-17.038397102236335,-1.6574819940206487
HAT707_116,HAT707nonMR,-145.38999371254386,-146.21050182021906,-141.5396081926452,-143.2866581351433,-141.54143286469548,-143.7162169845797,-142.08284094806027,-143.34226243989394,-144.57192498519416,-145.04190761844222,-140.0806127719159,-142.61602188021843,-143.31303938644217,-124.52328362155372,-145.14751884344437,-145.63456440054463,-145.327473471509,-77.88470827466499,-157.33740683325135,-148.70751877357884
HAT707_118,HAT707nonMR,17.62999915553472,17.43440062465944,21.701968373613727,18.824736406040262,21.010113450586505,19.802027818533546,17.488007817773255,17.915558887899742,18.54257915554966,19.88047039339061,22.264849266432204,19.24908742881992,18.582567698780863,21.52490019750553,19.44766255089112,19.254342757904293,18.12653063530264,17.000186348084274,20.66743232683314,11.6528224177762
HAT707_127,HAT707nonMR,242.7099899668493,242.91748567398653,237.380375646637,245.9335601368157,238.74615635477423,241.0092705280064,244.7151517856736,243.3422874368531,242.15383990205564,239.9235823759101,238.46747061220907,240.6002174959266,240.97337692331087,235.4994640026135,241.79823134988635,238.5933838394872,241.29755305784656,242.37284658186735,242.59570843677187,232.9408097568449
HAT707_128,HAT707nonMR,194.27999227766205,194.93713337653315,189.00652075486272,196.70308221014983,191.27110298657172,193.48548684475813,192.6310649248937,194.2355204301846,192.3388532155149,192.09875271683413,188.02962442236253,189.69515184805803,191.39816317567897,184.58695031926325,193.41202550297163,190.5028046711916,196.389331573904,195.91552924088614,194.12956410038964,185.7464200194176
HAT707_131,HAT707nonMR,184.5899923694152,184.4709792266348,177.6882446955036,188.16212813067324,180.62458316101464,184.6335495493672,185.0196058652644,186.57105482957303,185.53393189472283,182.8541932856033,174.9094680231472,179.84832940597903,181.880746372622,172.47411636724078,185.57882655804403,181.34013579107472,181.6483208060952,183.16904604378843,186.27507296065664,176.4810972193854
HAT707_132,HAT707nonMR,74.28999692899828,71.61424889798882,70.38566968507627,71.82474996315793,69.36681060174,68.1307869301512,70.84538908713378,74.2389920748184,68.22889094556905,67.48174691575811,69.25015025265715,70.45817030995906,69.12237614602353,68.42967703448784,69.31459058107954,68.09826819693652,62.50812300847219,55.54615266537658,64.43144027587631,54.114590802710055
HAT707_133,HAT707nonMR,217.359991014768,217.6038067659657,209.01876964388845,219.8945262104509,212.72332428379505,215.976191956686,217.16041992953123,217.57953783703925,217.08456212895643,212.39365785178285,205.2345005929647,210.7559373789356,213.0561647842217,203.2322096658722,218.9764222445461,213.74273256344165,212.89370055705243,219.25463472518342,219.7910307045799,210.06586497982144
HAT707_134,HAT707nonMR,63.24999738537037,60.18003933374941,58.61223496249317,61.0045149955883,58.64318140796439,56.17152312066613,57.24127667369623,59.81815280028704,55.03204196991111,56.14815736615693,56.37512114232896,57.73426041569134,56.65487220770159,54.627455173772674,58.578257520743634,57.56546758352132,52.58646102482504,42.783107895860276,53.90816380216553,44.29294223311618
HAT707_135,HAT707nonMR,152.96999367652305,152.3752016428286,148.43803062142155,155.15365483408343,149.04466561636275,151.51267706954505,150.41050913816008,152.50321081451506,152.7991774777262,151.14884795501587,146.75829412221404,150.0128004733585,150.43421337129195,142.72646643418776,152.3399597067949,149.2509465547308,148.92952879061212,153.16805116965168,153.64623647253174,143.6407065448492
HAT707_136,HAT707nonMR,44.229998376514885,41.45644258294682,43.67908879570107,42.47110406719773,40.95141053358317,37.53860192814152,39.37277340348616,42.15987988766111,37.69197929980606,39.36565173571898,42.63232016172354,42.823288613936114,39.95809604312044,40.74618927040785,38.422868135946345,38.1065623846384,35.566181627343845,24.41175376792711,33.77889737211527,23.888603727837125
HAT707_137,HAT707nonMR,26.039999098667963,22.40022106951705,21.83978576936574,19.059964419212903,19.09991606491073,15.926774035451912,15.387335390575034,19.00189494351129,14.817581072735562,15.709810124770293,19.7739950878314,19.93901784306361,17.277333183520533,15.80536444367837,17.837424922229786,17.812192829024408,17.484402621473098,4.091285391979936,12.267328062230437,3.812968522229176
HAT707_138,HAT707nonMR,138.40999427840475,137.87225620494138,130.63439055827112,135.35351989784442,131.15009277880304,134.10988152431517,132.76732569482863,134.69323522747808,134.17185109691056,131.82173982598763,127.02017946137576,131.16251200705128,131.30865858704763,121.5900771186093,135.94544073685503,132.37025708968113,135.431991731564,136.713368408845,137.1812095649803,127.10993386803912
HAT707_139,HAT707nonMR,82.66999658258575,79.58858306954546,81.02430039882518,80.06457090567449,78.29757206050509,75.73623313122768,79.29368342343865,80.58858768949554,74.60054050617939,76.24346648388361,81.0924836957471,80.24305436665834,77.93342260236179,81.93507925838125,76.18825136049419,74.7330337977896,78.51880023881027,64.36866791835925,71.87223050966224,62.008812591837966
HAT707_140,HAT707nonMR,28.609998662701766,24.36678581143341,24.299310345221112,23.78111126450156,20.96401566335256,20.845820802610856,22.921158162284915,25.25547332548409,20.45058195234637,22.480728715255808,25.46799308858649,24.465146227232434,22.53800050092825,26.37027026156853,21.01337844513249,18.00606916012622,21.73795273623968,3.4211686361659064,18.096674640342737,21.429850576278888
HAT707_141,HAT707nonMR,106.97999557765864,107.28793370836722,100.21705266259526,107.81196003030186,101.48533433721856,107.11419804683894,107.17086321910725,107.7503407962336,105.68964229132024,105.27790464821612,102.22112452431853,103.86249867108316,103.29880979707929,106.38882075193474,105.7349012238912,100.58254543025042,104.72411740810072,98.5833779518077,99.20770399987912,96.11029375688268
HAT707_142,HAT707nonMR,209.17999135291325,210.3645360000986,206.1710345748793,209.8539120882484,206.1979926328943,207.94895898750264,205.5666020754929,206.328895125258,205.97206989494344,203.8945063198968,201.8260341648567,204.77403451741696,204.8007278291685,198.9404703147223,208.0343140812141,203.85759935017828,208.1734091966966,208.72456679374818,208.99249595416214,198.8272081055474
HAT707_143,HAT707nonMR,172.29999287745918,172.0135157536774,170.93977004814732,171.36720716251716,169.0682864202178,170.61606721517137,167.59495680057475,167.52216312879904,168.777475249331,166.02353853948495,165.00384656280727,168.00960464437233,167.15760873877088,160.32572860691226,171.1101880043473,166.1539741647791,169.97448714887983,171.8026669083277,172.26393813377098,162.18439357328006
HAT707_144,HAT707nonMR,166.64999311101909,167.7656910842922,164.70974856004744,168.6947511773772,163.92424380935185,165.69033747212254,163.21828768166333,164.86476341769853,164.9580219931964,163.7126088346008,163.2700035612085,165.54501713383763,164.86212103804849,158.28015703363104,166.9136454799675,164.41976808621095,165.56882305362697,168.0052707170475,168.43548093834198,158.28624469795884
HAT707_145,HAT707nonMR,127.99999470873362,128.56043215068118,126.48509272018892,128.8296586899145,126.39560102132243,126.80096492520882,124.87157999409048,129.5906487162458,127.18797982455528,122.96731200818508,129.61212321997857,126.920384809929,124.33565847704924,130.32951602157755,126.32017883784944,123.93613725114126,129.99576809287552,132.71837130713317,128.86893183268168,115.96591571024592
HAT707_146,HAT707nonMR,80.29999668055672,80.80489189944704,77.78493560028144,80.76917657022695,77.13243154537868,80.31727192018685,77.58255099371878,79.52257522244754,81.30546486652482,79.46844255292133,74.54151301173462,77.82118751286042,78.45192433088894,68.34674619817758,82.18360777415364,78.61570719016581,76.57358914100118,82.65078485783297,83.50066374293021,73.69677257356578
HAT707_147,HAT707nonMR,86.19999643666293,85.40254080145587,81.32099898906718,83.52371305363107,81.4513475160703,84.87807980368709,82.64680006460182,83.28427369886207,84.27909327076347,83.28943578004649,77.37559836916303,81.0157535315296,82.78135139904944,72.34831763833431,87.16630590204699,83.13651303897667,81.99068703014123,87.56895741386116,87.94923737093389,78.090088709374
HAT707_148,HAT707nonMR,80.69999666402163,80.22507258066628,77.05430586281663,78.40632572745058,76.49551865359517,79.44438741648032,80.81667257408189,82.79494733307162,81.63657444485342,82.39656886467112,78.25695745104991,80.66636811629186,77.81322799442766,71.2866218718157,81.25691332903332,77.94799971019407,77.91946149486085,82.03445096731302,82.43942265516361,72.62448063133297
HAT707_149,HAT707nonMR,145.95999382583466,145.6195009101111,143.21025151481956,144.98375411919835,142.3148046569641,144.3588306116623,143.9668622152845,144.6936098026079,143.95563349798857,143.7352693644726,141.06950281856064,143.84713491364866,142.67774892040322,135.8099073500951,145.4213521179918,141.70443460017685,143.8228995684301,146.13194153338415,146.6491520120467,136.5508677305748
HAT707_150,HAT707nonMR,97.86999595424828,98.98034676270775,95.37861381719956,98.269147981634,94.64948376466504,98.03010734637546,94.446155383811,96.20762555676431,97.69589040391162,96.801944799699,91.5452065701318,95.3037672481846,95.43514281991186,85.18126232388651,99.96810264874448,96.08169651623275,95.52166989798418,99.83922401682594,100.69071380579862,90.91943217275414
HAT707_151,HAT707nonMR,8.399999952154623,8.666670896306522,13.265229185026769,11.27173989405726,12.11244753173887,9.340472246260832,8.2939308334704,8.659154148577455,9.266260214833975,9.695013091115449,11.91030363779025,11.320887879354316,10.328299542874916,8.595358648894912,10.3820897805052,10.968298777243485,8.812854225160146,7.376583224928709,10.725419628463328,2.718086445541658
HAT707_152,HAT707nonMR,75.80999686990474,76.52196064780279,73.99469040013099,76.19330143124049,74.55121248844726,76.44169183216509,74.00885730502961,78.63093753537227,77.92235747681154,73.26046082907726,76.79724114743958,74.26861855413215,72.64948942994802,77.48492250496844,76.36597258569807,72.72284691899381,74.98041160863941,81.93758870908918,78.61283820447922,65.86368290332794
HAT707_153,HAT707nonMR,64.52999733245754,63.49880485130833,60.34782105990382,63.02070670078388,60.088566273707386,63.8591103119028,62.43686297550234,64.01885037865314,65.78348539563657,62.37521845278346,57.85254802232984,60.26065277759647,62.557832683131615,53.85235942472044,64.7428795949374,61.98777471346485,62.876946492883256,56.317702226514676,63.2485095096369,53.21470386990046
HAT707_154,HAT707nonMR,63.65999736842143,62.1321440610776,55.86886934004011,53.412663159723394,55.93434355301037,61.090136906310114,57.05968973913397,57.74339563589172,57.20841437900381,59.48350074272904,52.28729657961488,55.72052484539876,56.926503425980975,45.61093136766501,62.71357438496744,58.41295125676332,58.57104599865069,62.97324535356436,63.638842234753064,53.64120098677756
HAT707_155,HAT707nonMR,96.19999602328237,94.63770007792206,88.52631019717612,89.21554809203624,88.6136472168318,93.61198884215892,91.05970349412264,91.88151136212106,91.9681328954219,91.71577425015148,85.09253072722082,88.8625888848226,89.98524794984354,79.39440132958967,94.86714728560683,90.3486457144204,91.70370857322118,95.2327675018968,95.8025235395137,86.02662138423493
HAT707_156,HAT707nonMR,129.30999465458058,129.82715138944388,122.97755748085712,128.82991320773812,124.23659619193792,127.95263933805292,126.57017001545668,128.23074118303876,129.42886321961848,125.91351743262209,119.43136226135556,123.83127163289772,124.75633499262196,114.60765156530267,130.41661370906658,125.83619345618584,126.18967907983554,130.63610432101325,131.132335773682,121.27418353973931
HAT707_157,HAT707nonMR,66.67999694880136,67.24019969392877,67.36746796514576,71.56740468829075,67.86163694707112,67.416474070578,64.62077949174835,68.19777576275843,72.35611193357911,65.27477413266543,72.42815755131019,68.9179530749474,72.939545393166,68.02289621423449,67.57372336393072,67.8983660178357,68.43373661102098,61.1175938805183,68.36023381471924,68.60067860495813
HAT707_158,HAT707nonMR,-47.84999824832275,-51.97323028412492,-48.44678372901046,-53.27284877784763,-51.961610440176,-54.323997176951536,-54.94312732876016,-51.672489905331496,-53.570784628538405,-53.73671124842495,-49.39363635121451,-50.9628413864001,-51.4734927204044,-51.93235325021941,-53.36513621968783,-52.57028954719187,-55.07064261720765,-76.30438079035041,-61.66537199311296,-70.082261475899
HAT707_159,HAT707nonMR,97.79999595714196,96.0616353521325,94.37064428227184,93.50686876880118,90.73262503664117,95.3172270126728,93.51711185698554,94.93522459624172,91.05569301827164,95.5136602565949,92.40169920861202,95.13712645975322,92.39784956351842,86.36080964079552,95.20449688091168,91.25006169331952,95.3473627472366,96.04022354600835,96.77280083457123,86.66181871576136
HAT707_160,HAT707nonMR,-31.0599989625016,-30.386787596929363,-26.076467627528093,-27.032619751879608,-26.957569493274764,-29.676429051019475,-32.97923003732016,-30.625462582410524,-30.773849559496952,-28.66301279660504,-22.024748579441777,-26.6157879241106,-25.32776260514962,-27.05414364057975,-28.99838366622585,-26.428404872783464,-28.29560229286401,-31.578458301140735,-35.628399073616386,-45.31982212417849
HAT707_162,HAT707nonMR,223.6099907564051,224.24069027405827,219.2934007487288,226.53727260231307,220.08200420397048,222.03741264322807,223.6275028252309,223.17232414450763,222.56483504643649,220.41660863354767,219.4107619003878,221.753670366592,221.7536087451498,216.09900798544973,223.076494474424,219.93531282024605,222.29171112053075,223.6789792642256,224.0139113461148,213.96988986699702
HAT707_163,HAT707nonMR,94.8199960803291,93.87210042973952,90.99062154090554,88.89898405776728,90.05274475138418,93.62878099562953,89.55063043282382,91.04518687821312,88.4795449280984,93.49972865223192,88.5461987962522,89.94839927583241,89.8436419656238,83.46693480416624,92.73517650567992,89.0824939324719,93.58143356910502,96.27826217133614,94.7000209771807,84.58057643397281
HAT707_164,HAT707nonMR,191.39999208790343,190.5073421294094,185.7832422245368,192.74712167257803,186.39082714328467,189.71030827265795,190.33141915810364,190.9319186163673,189.70773868409955,188.02666270318048,185.21845765624653,187.43256622608072,188.40953993053333,183.91535642217008,190.1053429313249,185.877417967882,191.8821474020785,193.12496532006284,191.73956961006823,181.76091540885002
HAT707_165,HAT707nonMR,136.24999436769463,137.37211584287022,134.62036914109112,138.9230969988932,133.83054147762633,136.10378032795424,133.25811290267433,136.3562937171136,133.99222029761486,135.84493015985225,132.7493335549273,135.78006958835948,134.49612659503074,127.66120097142948,136.89994257404962,135.22668504741966,135.70682712242456,138.6574123644387,139.17401402276454,129.17726349418018
HAT707_166,HAT707nonMR,67.40999721340434,64.32670784437971,66.05836021040385,63.77406847096005,62.92866768995052,59.68674334302309,61.26000183840384,63.613496828670606,58.04586768979023,60.50289239340333,66.02755639784007,64.29752526528458,61.30675141969658,66.62576814481103,60.092674452733206,59.38112784313476,60.82745641158882,49.446162908240446,56.38060253025864,46.16913950824042
HAT707_167,HAT707nonMR,4.909999963068817,4.273205733323084,9.115484058199035,6.071426437873479,7.913770910402776,5.832775862509533,4.505582343463814,5.637181033960317,5.110460311848194,6.564783046044533,9.126311608662805,6.901552320533636,6.227862102475133,7.629859645409994,6.06413352277338,6.412739633972037,3.4864813106637653,1.4654261071359698,7.197574853764423,-1.97722053235488
HAT707_168,HAT707nonMR,0.4100002576329006,-2.089978159739941,0.4725456956895543,-2.3719057417306613,-0.4750574278406864,-2.7579292388762258,-3.226896059788335,-0.4627500217788431,-3.127711347547323,-1.298517340095698,0.4888325158314092,-1.6899288845981857,-2.817168204015645,0.5048622453461076,-1.8681338568477228,-1.6940026133499198,-5.112992872941581,-9.817454538473903,-3.0367683692114347,-10.827524640882165
HAT707_169,HAT707nonMR,6.659999639346293,6.761579806235031,12.180140429976284,9.290849550073135,11.277386224339535,7.601091285313951,9.15800610818756,7.889403964503952,7.771068416159967,9.224135378368713,11.10883711684711,10.061457163109436,9.212258694791997,8.88899831870588,7.99967664359736,10.084396650450026,8.09666859487968,4.437964938936488,9.74021795219108,1.7421814061953247
HAT707_170,HAT707nonMR,-9.989999772774176,-8.891025488096911,-7.688972920361263,-7.646210346032741,-8.395742174846719,-8.02920962399842,-12.42970006930368,-10.49140569596814,-9.930152437190948,-7.043722561238866,-4.188253814456393,-7.710096709085729,-5.824789486691351,-8.490946782743897,-8.482179534138465,-8.214234243754966,-8.540288403050015,-7.943824550252215,-7.401970865542922,-7.6242053761620525
HAT707_171,HAT707nonMR,-49.79999774417263,-51.01370535909084,-46.436642030891626,-48.61107888703982,-47.09054141586935,-50.80243283382196,-50.4743873215248,-49.942893009327854,-48.54923412604345,-50.30843196169081,-44.89744010621721,-47.18997851243056,-46.96212448856648,-47.79860403013959,-49.80798142171152,-45.83518568344206,-48.33621281346074,-84.55169844280492,-63.20649480554272,-61.43402471183118
HAT707_172,HAT707nonMR,75.53999687732633,71.57777089378,67.89459481140081,64.79379376839469,66.28088981637916,65.08520734836624,68.25338314234475,66.02009041561493,69.89325697669629,63.70185863399159,67.38635192151756,69.58096728604697,69.36623291650383,60.40585150453299,67.95398826936768,68.80776291329983,68.71465681881568,8.32286565967813,53.176149246937285,50.09405358991183
HAT707_173,HAT707nonMR,89.89999628371187,91.02928346630024,92.32323128238892,91.87013223083078,93.376829352973,91.97883896004144,92.6474214392962,92.39719532211352,92.1106871719392,91.5931809244438,90.39384980266549,91.19034563272484,92.58065556067308,87.51717412214079,92.4039684083981,92.095453187202,95.34476321329562,87.1087799900404,92.31741774493526,84.18348881016104
HAT707_174,HAT707nonMR,155.19999358433947,157.13375024907586,158.00835061465187,162.2264860537886,160.2987259329265,158.27033914586752,161.91481339322607,161.94963508618264,163.02399248794066,156.55474016646386,157.6965618021441,158.34471847133622,161.33357772277114,155.63351841972326,159.15233245160888,159.3521664204521,162.089056359775,150.52342236632757,159.33384081843826,147.99665975995745
HAT707_175,HAT707nonMR,173.39999283198716,175.82558673735537,173.7020852016831,175.96300999439975,173.08867153569278,173.53762582449662,173.19959249495216,174.41035978874925,175.80062999525418,170.23427269262757,168.53925715355464,172.26602512682737,170.13479656501173,160.77734290895123,175.90182687932943,171.30976281184323,172.73782509579195,177.8951145537639,178.2873674681342,168.00562743307745
HAT707_177,HAT707nonMR,125.56999480918508,126.9832149489746,130.17486844520857,131.5229784865656,130.27414602888615,128.26641917540306,131.68490467082196,131.7261025503091,133.08026372823102,126.95785151811796,128.98694575937412,129.40818057009747,131.03223181580097,126.25795098228411,128.63638658771853,128.67881909209436,124.7019396143617,123.45062828133041,128.77778936910175,120.57728166133751
HAT707_178,HAT707nonMR,32.41999836310342,33.68168039499848,38.00540534738575,30.6706349186446,35.01270065515352,35.55191320831809,36.78165469436797,37.42062311892404,36.25459656034694,33.67251436418404,38.70805631993643,37.2603361149199,40.29301422737144,33.70849958521225,35.54193492922672,36.90375172275923,29.679018054712586,35.22788405912932,37.909324664215085,26.472576802160454
HAT707_179,HAT707nonMR,45.749998260284094,43.92198158611222,39.432422257825664,39.26614586410481,36.960342848903466,44.63407745476866,42.19212496396147,43.28205664888044,40.92995573363392,44.567837931158216,40.84842141962101,41.70746086807484,44.55715313913279,37.86525819722284,44.18316276363192,39.47286938494711,45.85522897421357,42.82131779237667,49.071842620225915,49.691652133756214
HAT707_180,HAT707nonMR,133.25999449129563,133.6164691305818,128.48490824791733,133.89486935632382,129.93044729275198,132.65629975332251,129.6063543371115,133.27587593884425,131.3961559980802,132.0462553739324,128.26444157930692,128.9515046517745,131.7030088211515,123.25088473176297,132.90746104780797,129.4050263309527,134.71120393804208,136.71210861124763,135.35851461605006,130.6823180520105
HAT707_183,HAT707nonMR,67.96999704006231,67.51200234777053,62.799788915654375,63.53851553333034,63.00855071276285,66.36479956746076,60.33896238321731,63.72343617481082,60.482850682007374,67.08469613191235,60.96172957989965,61.797131813234486,62.95008665905346,55.13454043418049,66.1590970045615,62.14831309777394,67.96691079159834,73.29746623491852,68.34209154250509,66.86914710221406
HAT707_184,HAT707nonMR,69.91999710964599,70.18196768510171,73.04108433266936,73.58891547752962,74.01562568493588,70.82316652934749,71.84821040885124,71.09313214929828,68.33279471724686,72.18968838897139,73.58223570193721,71.76106998802481,73.77972253429658,73.40846126028231,70.96509756349721,72.30777707505226,71.2043166762647,62.69209846441875,71.9245859988694,64.90889181612843
HAT707_185,HAT707nonMR,93.67999612745452,95.2404909498326,96.96120011539736,102.58740312208504,98.604059953573,97.09162927732665,104.49500073602876,100.72599120949666,98.8701272963865,98.75090771268474,100.2598078951058,98.78876310021388,102.28307326361546,103.25316733072616,97.6038805094846,97.7757767524988,95.77369227540945,85.18734028557843,96.12191368628882,92.1084783136098
HAT707_186,HAT707nonMR,138.89999425814892,137.22351614009725,131.60188535565737,140.11848943203472,132.22178822260935,137.34858342185362,137.09537494042436,137.58753608025657,137.75562290150015,137.85317508510104,131.12731085908547,133.8553053232524,135.29637072752666,130.41470959431254,137.27761442211482,131.2479367542644,140.87815053386268,131.04406201457775,139.94030732511257,143.79635699294374
HAT707_187,HAT707nonMR,-47.12999827035263,-50.13583372383121,-50.18948201879111,-51.07805118456971,-52.59480853862989,-52.69047078918981,-52.74828003671887,-50.011044240527504,-56.36287786772506,-50.96759583742765,-46.63825492631726,-49.15917829217006,-53.102482779431966,-42.21593374018264,-54.66326349991122,-55.59471954966101,-55.58312212413559,-77.88814887751543,-66.67516290253526,-69.66262898983307
HAT707_193,HAT707nonMR,94.01999611339927,94.7208872519506,97.226972465986,95.22232022074566,96.74030925035628,93.24963977143943,91.43412572158344,91.61528482016648,92.57865600179927,93.36985753444942,95.26672988201555,95.35835806238563,96.89591792027517,87.47603968378982,95.1955703076014,98.27288128644004,95.2201964274746,103.60931469946347,103.44344073158501,96.39149527073414
HAT707_194,HAT707nonMR,135.72999438919072,135.62955196561484,137.16332298403728,138.1216001065049,137.26082201758243,133.89507248114512,137.54428856656637,135.59194664059723,136.4641976107309,134.64567772770295,136.2463460878861,136.7377188248524,137.67456712623616,129.11064325067878,136.0633301259996,138.01083840923678,136.57343564973692,143.7894686300544,143.388004436898,136.83051599996747
HAT707_195,HAT707nonMR,87.29999639119096,87.64919966818823,88.78946809234326,88.89112217983013,89.78576864937104,86.3712887979504,85.46020170575974,86.48517963393765,86.64921092424365,86.82084806861803,85.8084998980485,85.8326531770195,88.09935337858634,78.19812956736418,87.67712427902245,89.92025924094114,91.66521416579432,97.3321512890732,94.92186010050528,89.63612626254017
HAT707_197,HAT707nonMR,77.60999679175653,77.18304551827205,77.47119203291281,80.35016810035354,79.13924882377823,77.51935150250598,77.84874264613035,78.8207140333439,79.84428960339811,77.57628863738724,72.68834349883316,75.98583073488696,78.58193657552928,66.08529561530602,79.84392533414838,80.75759036084213,76.92420339800339,84.58566809197549,87.06736896078276,80.37080346250796
HAT707_198,HAT707nonMR,121.42999498032408,121.75008262182448,120.57515170386291,122.9028011477098,121.96161914033422,120.8212577193098,123.59366912381698,124.25003631533252,124.59176881328963,118.44934275318576,115.88840517896996,119.6173486021202,122.22485892544212,110.64561077466156,123.97785408096848,123.69298774661536,118.0912451326167,133.43430154288677,131.1066031784168,123.77721979253786
HAT707_199,HAT707nonMR,110.37999543710936,110.31587305757616,108.80171698128872,112.08256618014018,111.2379899466032,108.86199390984255,109.98955671040618,109.82919704080116,111.39491983763172,107.11575320357566,103.01337606864176,106.8934387078614,109.75735498714693,96.84338891393747,113.24152102065932,113.16018713319124,108.1695831489428,120.67125677339145,120.58332670470604,113.955571222944
HAT707_200,HAT707nonMR,45.98999804377098,45.08726793446584,48.22097795883074,47.34169480376375,47.55933127912634,44.398479022719485,43.239645919061765,44.752870018285925,47.1095351864015,45.87094330679977,44.53716959789999,46.15030180228428,47.135403574199344,36.33764568223517,46.60505848289924,48.66840112449822,44.20541138250246,54.58467321783874,54.438532472657855,47.53041278797176
HAT707_201,HAT707nonMR,91.36999622294502,91.5922763067825,93.86857081450556,93.5491552517496,93.5462190721774,90.22907271733578,92.12105344020505,92.17092412817524,94.05485716752666,90.33324757314664,89.27057508803634,91.98246690611508,93.06057882253904,82.9621230105459,93.08613163587094,93.70128193431724,91.14930375147053,102.29990264544779,100.45406027466626,93.55123271768592
HAT707_202,HAT707nonMR,73.1699969752973,72.5360547933349,72.0292677881613,70.1380156037737,71.69472460352279,68.61724482461943,68.13561542728499,69.0129391840165,71.18045894045616,66.67740596219795,66.4122500141442,69.09819613521583,70.37981596296588,58.02129818385209,72.50068842213655,73.40691237869433,73.0675247456087,81.97943426949013,78.94249096477094,73.47559751205699
HAT707_203,HAT707nonMR,-47.49999793656158,-52.36960668356001,-52.00189058709619,-58.51078945911476,-55.82859107562844,-57.43594843581521,-62.19291220411957,-56.85728373446416,-56.94901275561397,-56.004073535260346,-57.4494474196145,-56.27702114297207,-57.24810987533765,-67.62763458537087,-54.95937543155869,-54.15237245727691,-58.58809514112525,-56.94574306552021,-53.03323125544907,-59.178851466672754
HAT707_204,HAT707nonMR,31.42999862871055,30.584322496551863,30.41733789567139,27.541559867533635,29.66475844157556,26.995683477453944,25.59646247570356,26.942894431222204,28.482208805585834,26.543835177780444,24.79905493705278,27.300013335959207,28.00984878997282,15.201256366674563,30.21053951296828,31.78771165943072,30.7078743234722,38.12999045703208,37.97350556510642,30.99964011116169
HAT707_205,HAT707nonMR,129.79999463432537,129.7244167933633,131.2137824176207,131.14262209023528,130.89238059911713,128.42670392041302,132.0419634601486,130.59963193000075,130.9634183739,127.21106232131126,127.7307386220599,129.40223265881056,131.03590538180714,124.15101299855498,130.85151486040095,130.32775334745952,134.10192236294586,142.25681679586944,138.54739341220275,131.6714415816658
HAT707_206,HAT707nonMR,75.73999686905847,74.50261953526908,74.48879236401669,74.85916244906235,73.55882420196461,73.5362915917962,75.6694381990127,75.26651756600712,76.81345982006698,73.44832455266562,72.1062480148993,73.62432451940249,75.6404832803736,68.58620400174225,75.67664194503925,73.60078870979615,77.32107486035744,81.30931751367609,84.77183754288323,91.0924795661067
HAT707_207,HAT707nonMR,102.19999577525464,103.07660229172691,105.95398191227956,102.04195205793756,104.71265829570252,100.83476094065924,98.39573885638568,98.57855432900205,100.2824276036187,98.6166016716718,99.60490964053372,100.91153584632492,101.50191803209376,92.55164956278756,102.2994128573274,103.27505391992786,103.44929178858696,110.14118884193525,109.78479195428825,102.71691434866997
HAT707_208,HAT707nonMR,65.30999730021375,64.7255820452879,70.72271738554761,63.555247132206375,67.58295208299029,63.50186916831014,60.42409358144968,59.77182233254315,63.087832958006274,60.74563389127779,62.78272203848432,64.14710597328028,63.85879894169607,53.93690785497753,65.37528678046054,65.57142873452868,65.25036974078802,73.21928895653573,73.0562341338971,66.07409981640262
HAT707_209,HAT707nonMR,59.65999763422474,60.4777573759205,64.49269589744773,60.88279114706644,62.438909472142186,58.5761394252613,56.04742446253827,57.11442262146048,59.26837970187172,58.43470418639362,61.04887903688556,61.68251846276343,61.56331124095585,51.89133628167848,61.17874425608075,63.83722265596055,60.84470564551733,69.42189276523455,69.2277769384681,62.17595094108142
HAT707_210,HAT707nonMR,91.84999620310305,87.60968633789541,89.35107332114335,85.23598698583044,85.33880767620461,82.55094836894386,82.58200820537641,85.33888548738584,82.74706158310916,83.32419007850447,86.27080313311617,86.70806930489903,82.72172024049864,79.0034952439379,83.27769250500168,83.14969080067749,86.78172987098029,81.4508221148293,84.53526035333805,78.3345678880238
HAT707_211,HAT707nonMR,21.009999243855702,21.27249844229167,26.268040057607028,21.01769865960373,24.9102666841128,19.6867668783476,17.700716774965414,21.84030792000776,21.498337533230565,17.689407359960057,27.390998695655608,23.05788613885476,21.036848679974423,23.94069526962497,20.58527761396268,23.353591820873014,25.271650684783708,34.13499335532021,29.661227832807818,19.855621953368487
HAT707_212,HAT707nonMR,-26.679999148809127,-26.48304180892464,-22.43211706231828,-27.04278346008384,-24.352902791848805,-26.79692612665653,-29.588312225406288,-28.227765573790503,-24.38417742479989,-25.80946209530369,-27.679611512588348,-26.041311158213794,-24.84688546618587,-38.04207455375715,-23.55129344973309,-21.966838240084613,-28.150528267090635,-15.932593093979964,-15.707040256943666,-22.413521183311648
HAT707_213,HAT707nonMR,-51.459998129152005,-55.82611203672473,-52.15739182731287,-60.53210904625569,-57.61076498240503,-59.1691923541063,-63.46294362614461,-58.31086343465642,-58.512308596811394,-57.62397600211295,-58.59844575554591,-57.22441354882355,-60.5799641737622,-68.74876654333423,-57.61519419525976,-58.16991482939381,-58.936392108549285,-59.57737229156333,-55.97798724985703,-61.938549405417916
HAT707_214,HAT707nonMR,-20.77999945134744,-21.88539290693364,-18.896053673532546,-24.288246976679712,-20.03398682112152,-22.2361182431563,-24.524063154505413,-24.46606709739381,-21.41054902056124,-21.98846886816069,-24.84552615515993,-22.846745139544623,-20.517458398025365,-34.04050311360042,-18.56859532183976,-17.44603239127374,-22.733430377950576,-11.014420537930809,-11.258466628939981,-18.02020504750343
HAT707_215,HAT707nonMR,22.54999910958216,17.91542635787448,19.15870077592324,15.909098662346898,15.649790788860164,12.139942612350495,11.109497633309504,14.83343792339926,12.499074316469144,14.216309401336156,13.061879217871764,15.118917522799842,13.537192167600343,4.708956406984616,14.736785462914352,15.459460890260974,15.11556219449944,12.859929989841172,16.465990334657207,10.533654337252107
HAT707_216,HAT707nonMR,-26.27999888215485,-27.06286112769649,-23.162746799774173,-29.405634302869107,-24.98981568364124,-27.66981063034523,-26.35419064501642,-24.95539346315752,-24.05306784648912,-22.881335783544984,-23.96416707326413,-23.19613055478236,-25.48558180266498,-35.102198880136875,-24.477987894862338,-22.63454572005635,-26.804655913248787,-16.548926984499925,-16.768281344720748,-23.485813125544453
HAT707_217,HAT707nonMR,48.14999797768136,44.941498675908434,47.36680716815604,43.9931567227002,44.27795848634426,41.34135954171929,42.40705323394591,44.98638373835063,42.39360212909113,44.57755886871225,44.0444142065846,44.8614452215356,41.48012654752661,37.23817750037548,43.06659041502731,42.32760444764977,40.9280054304156,40.960954462379064,44.36218074506014,38.429366007890366
HAT707_218,HAT707nonMR,16.989999105393554,12.888545915411395,15.58720148787922,11.281423683047356,11.843359358321468,9.095806302341526,9.440549716254296,12.904175858630502,10.298312182878483,12.640258488810028,10.460145683972293,12.242334337226085,8.939820373807109,2.6883290883170803,10.742709497847995,10.08650338802666,9.7110153375878,8.740718583718508,12.270870341154225,6.26384041868029
HAT707_219,HAT707nonMR,38.97999809266351,38.33156720173943,42.99319885221984,37.17179408888758,40.8294703197723,37.244632564818914,36.79599899617725,36.94326900636986,38.265991206663855,38.45736471626541,38.84837829423767,39.98463624255661,39.378939123328415,29.42108659816036,39.68645089410505,41.121889169926426,39.09878216033828,47.548563581571216,47.44144801217283,40.440573973697354
HAT707_220,HAT707nonMR,-9.109999311636654,-8.307586945654997,-4.838438845391253,-9.542812048685692,-6.835850572571354,-9.084090700485769,-12.724707835287328,-11.542715239464812,-7.993751887430926,-8.475959848517114,-10.675917954182232,-8.558731422889615,-7.8636669771807854,-21.20755842806606,-5.766798575151177,-4.5008489140176415,-9.202447510125458,1.2558460650129901,1.4830098059352332,-5.190861584123294
HAT707_222,HAT707nonMR,-31.169998863266425,-30.765973060568903,-26.222362262468728,-31.618658599070297,-26.934121848780222,-30.672506214696128,-33.16200591409546,-29.11940326088362,-27.76728481451316,-32.01744381912993,-25.42388337686556,-29.59388011695992,-30.649320367126784,-28.903898246966303,-29.36892863818867,-27.85969851125661,-29.743705799452403,-16.645789242723755,-20.594865795394664,-30.246610853549488
HAT707_223,HAT707nonMR,39.66999809769778,35.57121483503484,36.8606710010676,32.599629727156405,33.49441914331158,32.191675275900145,31.719285516315534,34.37917430649446,33.48143923536543,33.617338899414484,33.45592106059502,34.05630304908436,31.03555119339744,26.158901727346628,33.32348625285034,31.936400468547863,31.76637338674418,30.67003951678532,34.27916672513557,28.232335081105823
HAT707_224,HAT707nonMR,-42.459998090770696,-43.78912885706336,-39.86923160269589,-44.7912533295269,-41.396768063502265,-43.25508773494059,-44.73400024362272,-43.73149041760275,-39.906156895688135,-42.902686195423726,-44.36857650199313,-43.60184589349559,-40.74097711396103,-52.53646132721431,-40.99202162894933,-38.5947707168034,-41.84717091520855,-42.265675725298266,-35.95919449023698,-42.89558988697697
HAT707_225,HAT707nonMR,4.820000044261236,1.3934813608205503,6.203824097072058,0.4720223528028501,5.374578610185448,-3.52081760685608,-0.1147483277823627,1.518911280255073,1.9527036224822016,-2.9199538794140043,1.98845572372709,1.7700843720221664,0.3614631527818522,-4.15653302233266,0.5572528858099015,3.620318834870785,-3.52605450098912,-11.59563937816169,0.47239332858292116,-6.917723377833201
HAT707_226,HAT707nonMR,-10.779999687594644,-12.650233630422877,-11.69074246534334,-18.59641193828345,-12.871687120368938,-13.502209204648803,-16.111159725011337,-15.868829434054565,-13.721509395920643,-13.562130398064612,-17.12859379709323,-14.999909786215955,-13.313561847320448,-26.994419422380737,-10.867753938270996,-10.233899715829995,-13.020408834888462,-3.35061044991614,-3.405180460370667,-10.083672372642503
HAT707_227,HAT707nonMR,-27.929998648646123,-32.2054294051106,-26.82385437794789,-34.08144653787778,-28.86801430591093,-37.29046585679769,-35.38212652668789,-33.895412757442,-34.20088317720818,-35.649239613975936,-32.509022128145595,-32.24222442705836,-35.33271448548931,-38.489407358026135,-34.03753825676151,-31.700699940650885,-37.13768507286235,-42.75075960611642,-34.38034844024336,-38.34547393013032
HAT707_228,HAT707nonMR,22.32999930805251,22.53921768105436,22.760504818257413,21.017953177427344,22.7512618547461,20.83844129119172,19.3993067963316,20.480400386782872,23.73922092829376,20.635612784397065,17.210237737032582,19.96877296182349,21.457525195547163,8.21883081336795,24.68171248517983,25.253648025935423,21.465561671725897,32.05272636922127,31.92463177380814,25.16388978286188
HAT707_229,HAT707nonMR,-87.96999656756792,-90.31751264758272,-84.54207019217885,-95.31942499007906,-88.50651070451961,-95.6643213280243,-94.77490998180784,-91.85166236799851,-93.56582002086,-94.73683358543926,-88.4490800334664,-89.42138613419647,-91.30084503105124,-95.82560851938496,-91.5825234918114,-87.98821956820277,-97.67463612589712,-95.57016700919058,-89.91900091097219,-97.20261663381346
HAT707_230,HAT707nonMR,9.12999992110337,6.773339647549156,13.134743672721994,10.597874726409795,12.448785769973592,1.7538450543302493,3.164524316336641,7.498951819245511,5.227139925485763,4.681241509804991,10.66288872397619,7.8466913398579,6.385046385890007,5.367076044182815,4.002775505403968,7.355680675917076,5.86981029195853,-1.2714184967655808,5.175642636293003,6.3102227376452396
HAT707_231,HAT707nonMR,-40.30999814783893,-40.04773401445183,-32.84958469744504,-36.24455534202894,-33.62369739016528,-39.69772397626538,-42.55008372734996,-39.55256503345287,-33.33353035776344,-40.003130515550666,-29.79296697300385,-34.94454559612681,-30.359264403926645,-38.36592453773592,-38.161177859982764,-32.68417941241471,-36.29038079708867,-37.46578407129464,-30.847470185144143,-27.5096151519193
HAT707_232,HAT707nonMR,-78.37999706144801,-82.92114789692936,-75.91774231736969,-84.0308487658003,-80.521318673866,-86.26837724423252,-84.2497050568134,-82.49486747074505,-85.23906033897833,-82.7971759329603,-76.75313143572757,-79.39735244384178,-80.76080929614655,-80.01855049036621,-84.72152277876317,-82.57647627012419,-82.98616467186997,-95.16220931564703,-81.11102935954162,-74.68044318059854
HAT707_233,HAT707nonMR,-106.97999573317117,-107.28793370837168,-100.2170526625908,-107.81196003031076,-101.48533433720964,-107.11419804685232,-107.17086321910725,-107.75034079623804,-105.68964229132916,-105.27790464821165,-102.22112452431404,-103.86249867107422,-103.29880979707929,-106.38882075193474,-105.7349012238912,-100.58254543025488,-104.7241174081052,-98.58337795181295,-99.20770399987912,-96.1102937568722
HAT707_234,HAT707nonMR,-0.7099999869915055,-1.8373965602892453,1.7426982897851089,-2.1947975932868373,0.6331980984360472,-1.6335263877661848,-2.194847292032377,-1.661445664808454,2.792093239182195,-2.7691154109973044,-2.7553814249017123,-1.8036630942300376,1.6289900590409436,-9.716419510027864,1.2981272802189356,3.0244300024602224,0.512479506927939,1.5837680871597775,5.0097909094275375,-0.41963248607117887
HAT707_235,HAT707nonMR,47.12999827035263,50.13583372383568,50.18948201879557,51.07805118456079,52.59480853862989,52.69047078918535,52.74828003671887,50.01104424052304,56.36287786771614,50.9675958374232,46.6382549263128,49.15917829217006,53.10248277944088,42.2159337401648,54.6632634999023,55.59471954966547,55.58312212412222,77.88814887751019,66.67516290253526,69.66262898982258
HAT707_238,HAT707nonMR,116.62999517874648,116.95275656568658,119.07634808612902,118.7253125720023,118.59666986677868,114.92321459638472,116.45663960612364,115.42198334825174,116.87519275511174,115.13870398534048,117.18963737606482,117.89117169549986,118.45479894807497,109.710187233515,117.34159325053729,119.3527673899956,117.56759371243892,125.09560131241265,124.80620734624092,117.85959611011958
HAT707_239,HAT707nonMR,84.41999651024416,83.21940842103773,85.56618956193701,84.93516164226726,84.90549280605717,82.59611022579672,83.16055593899641,83.18157782011143,84.01809639277484,82.74875805497331,82.99733313192355,83.57006755500652,85.11073013345853,77.52653567023533,84.37044170743816,85.29487253763158,87.15802999396888,94.54158736827087,92.53186561019434,85.6506216519726
HAT707_240,HAT707nonMR,29.259998703821548,30.08418213448961,34.40331647849139,31.11113696858243,32.34520714040775,28.989582281110845,26.08724968355819,28.605952920875552,28.302578006290155,30.56702551164503,30.52820903061324,31.91757091726743,31.19731679795593,21.27238021948583,31.165041350162884,34.64413961716926,30.98270971433276,40.07403441262575,39.966310022890674,33.06696973730275
HAT707_241,HAT707nonMR,114.53999526514332,114.46254156821536,116.24784222919942,114.85211965552084,115.52347622858042,112.37721413220844,114.00828187511378,113.6245410691758,114.40874555751084,111.47048823083098,112.66581132415288,113.45670355745465,114.40923419914192,108.84170188498476,114.75593795263995,114.9758473928047,116.41057853570658,127.33431178575064,123.05576543279915,115.83176849806824
HAT707_242,HAT707nonMR,39.83999857184379,35.86244361344763,40.121375388789325,36.64302599159329,35.79413211634403,32.04572912243969,31.35760963777985,33.535282497520555,31.913749133572683,33.82572475559381,34.7494352049049,36.1244968409032,33.99824794331187,26.9087803806745,34.426009480108846,34.90964182492872,32.81634463518276,32.65552972049273,36.284659668040796,30.28312295788567
HAT707_243,HAT707nonMR,32.84999860269356,30.05626298296527,32.31584766640511,30.169368428132344,28.60734743515859,25.11489953162234,23.73965428634788,28.05745008988833,26.155784511288434,27.44164291450144,27.527201509519884,28.96807050332812,26.3908826300048,19.777250042216057,27.29356084429703,27.94964553101728,26.580825308175783,25.733339426252943,29.180647687962466,23.170345730434583
HAT707_244,HAT707nonMR,30.41999891236044,27.38997830248117,29.46805461552913,26.95963368568993,25.57899361596013,22.02213751248921,21.5606096281517,25.35882532814158,23.4979306088443,24.320101930378,24.22543748262728,25.911344345276508,23.755450456841533,16.45064724506667,24.26710185268933,25.065819003611583,24.359392299668684,22.703284054666714,26.08360446064113,20.07826299482012
HAT707_245,HAT707nonMR,37.6699986469548,35.03473608959248,37.08669853310711,34.99242074120838,33.45279851069136,30.42731316278392,28.691975182615305,33.075329473721126,31.300700678086343,32.61759795892932,32.66064642662018,33.94021655742399,31.124192491443463,25.1585787718352,32.23500285981478,32.801836874051865,31.45693882278469,30.614047767392332,34.05719926744949,27.99921738605386
HAT707_246,HAT707nonMR,43.13999810482634,40.55117319381753,42.05453893095274,39.71294365383888,38.67533615615277,35.99138946853106,34.54303510243439,37.637203182063175,36.93004945254577,37.63578927771516,37.3639751404056,38.258879453553874,36.11015605313834,30.34568779717112,37.65063088078923,37.90742212753492,38.99944162431648,38.23804429560453,39.55346193369936,33.70830594496169
HAT707_247,HAT707nonMR,54.04999767514305,51.29302940429904,51.39147396909541,51.56663589691049,48.118296952052525,45.68095778541952,44.453287708227954,45.00491352838163,46.33961726900384,43.75673160971075,45.50123191846005,47.0735720537086,48.57950053948485,40.32335876582127,50.39596903130533,50.033033866764384,46.16772704066428,48.0383841459446,51.92373161258625,45.6207894982253
HAT707_248,HAT707nonMR,-33.429998706963005,-36.28278585473713,-31.588504949060628,-34.66824583285725,-34.8875202334441,-38.93375001690367,-41.52209042785531,-35.02423478129449,-36.72159751960778,-39.27776175476711,-31.884941177626665,-35.83738508937491,-38.34624646812253,-34.31265246640736,-37.72085038319924,-36.926150171424425,-38.59550802726517,-34.42890713370553,-34.70014228866419,-43.359634445178315
HAT707_249,HAT707nonMR,63.73999736511453,60.67598197119056,63.70392859954567,62.08580066666646,61.60659100857549,54.84691964696039,57.16377410805112,60.27462527997483,59.12271316659361,57.29301614753271,58.157255516052224,59.83057566813733,55.48749895107681,49.78266423814531,57.63060250215442,58.13186240386904,61.50442237272088,56.07752147684521,59.42446649146861,53.116231445311435
HAT707_250,HAT707nonMR,-38.38999862492492,-43.30660896104197,-39.169104849766,-50.19952072711114,-46.60553846487436,-50.08011295332148,-56.90460158836579,-49.82852043428086,-50.41987061618428,-51.02321407286523,-45.17729307915024,-45.34066680225183,-50.29366685202461,-56.76751034656145,-48.67867351731221,-47.518541908284895,-44.64957811657469,-49.51292677920653,-46.20236396810883,-52.49816542598122
HAT707_251,HAT707nonMR,100.09999586206406,96.42137003009336,97.48634974202773,95.32942529480466,92.77374813250847,91.85376377170266,90.96854111396918,92.10453048824472,89.5513020561732,96.20180823018498,89.40801346807382,95.56775408332062,92.8821883584757,76.33518019380767,93.8574562412108,94.44023859697371,92.49278890052489,87.38986317214007,94.84034254342615,91.54591567195806
HAT707_252,HAT707nonMR,48.6299981721646,45.17230218254667,45.6119548356194,43.09703284489186,40.72113526436805,39.41042503870011,38.43239303949325,43.00806681068509,40.67918826406009,38.503558261441874,43.97367769910845,43.38663913485262,42.777147716816685,37.59665866543208,40.92553034858395,40.172838193763866,43.02744556391939,31.236448567403947,40.17933176598891,37.868131481433245
HAT707_253,HAT707nonMR,-76.6999966945114,-77.41917407031525,-68.71928200667304,-70.30783981053374,-72.65029596788938,-76.47721514347917,-80.2953774243852,-72.95491661424879,-77.76330283867965,-75.50673233426728,-68.31011432862631,-73.38430666364275,-73.55120968826255,-70.6077968692405,-76.83643934249525,-74.4701104029691,-74.02342406834812,-61.63811553508959,-76.2033122864806,-73.65994682029927
HAT707_254,HAT707nonMR,122.66999492906533,121.71360461761569,118.08407683019638,115.87184495294656,118.87569835500013,117.77567813754268,121.00166317905467,116.03113465612904,126.25613484441688,114.66945447141924,114.02460684783036,118.74014557820811,122.46871569593134,102.62178524470671,122.61725176927445,124.40248246296974,124.29777894295128,86.21101453718832,119.85131214947779,119.75668257973965
HAT707_255,HAT707nonMR,48.20999792355308,49.84581654073092,57.79129795209675,54.41452602354024,58.81339159572574,51.1561410990598,54.74395017409209,54.19929428989999,57.33435019670512,51.276835518247765,55.475437277794384,54.48221980022634,58.03476792567849,49.244697667752845,53.4174312276954,58.769620990201695,57.3649389516297,51.94004441451463,60.12613681859585,51.88636600308003
HAT707_256,HAT707nonMR,66.41999725432856,68.53765302901044,73.48503253912797,68.15104996408006,71.60333719849204,66.4234277776889,66.02872927581816,66.6600189924666,70.11098770401865,64.95636804441146,66.31813262920492,68.40352645571747,66.8359867679191,54.38852215698081,70.16692565541592,70.72721738159281,68.01370768771797,79.31173660195097,79.07966346829178,71.89533367615807
HAT707_257,HAT707nonMR,18.589999544501204,19.695281240629665,29.95781578268909,23.71101845624589,28.788811691685428,21.152221128595336,24.51404145168797,23.975761754062106,27.3906214369598,21.679946869901844,26.76582123506009,25.545681899058906,27.733422018708325,19.86913023038504,22.90148536376938,28.096273661843952,19.97782220625206,24.867250329517468,29.57008536917544,24.46698790450202
HAT707_258,HAT707nonMR,26.27999888215485,26.32853542223688,28.267855585362213,26.082909326004128,28.44511295555125,25.54210170647913,22.435491117977527,25.52553514259728,25.706513706773304,26.768350725751983,26.043317054992883,25.08900598066464,28.404199024058872,16.862063979863883,27.17255982389448,28.822480900702296,29.987086529932416,38.128730659434694,36.15081061616569,34.572024295133055
HAT707_259,HAT707nonMR,31.91999881417241,29.93558243170773,31.384832693057664,32.306529401723935,30.736453885417543,30.2343853749924,29.92451172131714,29.837195284018502,32.06598061017543,32.57527043689386,28.906186334762506,29.99280665217817,31.997560930451844,24.0258888423778,31.54271319822808,30.665391324014,36.15403312577087,32.46068406276481,40.7326033252387,47.68606323606632
HAT707_270,HAT707nonMR,62.08999732455786,64.78530482022502,65.84213977284809,62.91579081903956,66.003855364912,63.01525439645595,61.50961400029305,61.77808953610339,60.51267539162384,60.79458709752881,66.36054354719063,65.36555141023423,64.89835698985898,63.450150841447694,63.65285710943573,67.60748996244386,59.06616330169481,71.1486306367039,62.71083740634107,48.705432034625865
HAT707_271,HAT707nonMR,103.80999570870044,105.69396953390712,105.7784902909707,105.81507070478096,106.52436813215598,103.6606871061438,107.6197768452403,105.75475135658763,104.39821700055548,102.0704072908002,107.34015975311468,106.74491217266532,105.6770061957843,105.08475440830097,104.5206169277626,107.34544708522276,100.41940252397497,111.32878456727386,102.65540111164356,89.14445276389067
HAT707_272,HAT707nonMR,55.37999773031848,57.71361723646266,57.40463539920534,56.58459277812404,59.04931476392674,56.13690342296692,55.53568998446936,56.64798434987455,54.58323031406822,54.245577631697415,56.902313563223565,55.83984652486807,56.10179244817017,54.17224072495071,56.13441108085679,59.25486791687364,55.51118104001452,64.87146722631363,54.189256775261335,41.95006302651581
HAT707_274,HAT707nonMR,45.68999831441237,47.24746308656432,46.08635933986407,48.043638698629614,48.40279493838744,47.28496612750467,47.924230924839954,48.98351874931648,47.77830899324052,45.001018200520136,43.78215716406174,45.993024082735545,46.58437564511311,42.0594067729104,48.30121213594705,50.09219903679247,40.77017027224143,52.12498402919495,46.33476563552833,32.68474022643117
HAT707_275,HAT707nonMR,14.059999238619952,15.151685502758111,16.836145265746325,15.035165402039818,16.822877393735546,14.164093647718175,13.31513419773571,14.9156747342585,15.043554576208235,13.295672869896988,15.630983263128565,16.157495150097194,15.1378426437475,12.31175683987521,15.062345284662245,18.003009800448552,8.05137825674051,22.123989155058197,13.705929147403426,-0.15565044810504036
HAT707_276,HAT707nonMR,15.629999077282264,17.089656771522325,19.379778450471044,18.68999280266942,19.987394870230617,16.69278112553066,16.451615241192336,16.904406562159185,17.24139734744185,16.884923020445346,17.16432707312814,18.35814238669476,17.420095542174348,14.375919008830405,17.409489690813853,20.100493224494347,13.828228891095248,20.990585131745476,15.682222731777772,2.458753151568725
HAT707_277,HAT707nonMR,-2.570000191543277,-1.9665647419341885,-2.459524575864291,-4.7211468452886525,-1.8640995984329112,-4.919046767185695,-7.533822771718798,-6.253578381981713,-5.633000879610812,-6.770918590494431,-5.693998000746168,-4.526128384159907,-5.260667317407721,-10.56490581789016,-3.1759535229116227,-0.1938763311018154,-4.253550114757664,0.6701167557982993,-5.829346578117546,-17.61688205404971
HAT707_278,HAT707nonMR,30.879998497376967,30.55154121337827,23.91585173026458,25.520059306676625,24.6927275982554,28.832428808399484,22.056792852702745,25.63758373629873,28.290047583364373,26.79310239768211,19.303684016121977,23.12033130089648,23.512699420808897,12.390915905004258,29.76214734720448,28.42410381284728,24.398069530735807,38.2164662501111,28.077798104076827,15.501591713925794
HAT707_279,HAT707nonMR,-0.500000176440482,0.6487400648441324,-0.9674947973951918,-4.764969534172467,-1.0716954438152388,-3.2387018975473696,-4.328049245604666,-2.894300852787386,-3.5837718045895954,-6.0314352591223335,-4.107131397700806,-2.692793316192213,-3.9877121404790223,-8.824632475703233,-1.3321736852687176,1.1223203354167162,-5.446158802289758,5.669306394251537,-2.7590977601480104,-16.686423124915116
HAT707_280,HAT707nonMR,54.05999766612167,55.22179725809421,56.72499005359514,56.28345964117293,57.33355639716145,54.890412328625736,56.372525261144816,55.33311436400253,54.14995855383302,53.76273776861889,55.62449060716954,55.77790813943482,55.39542210143353,55.56480899681272,55.17487291537061,56.72696463766338,56.78084750257951,60.94749928219858,53.77555586931427,40.578962015580046
HAT707_281,HAT707nonMR,-31.91999881417241,-29.935582431712188,-31.384832693053205,-32.30652940171502,-30.73645388539971,-30.234385374987937,-29.924511721326056,-29.83719528403188,-32.06598061017989,-32.575270436876025,-28.906186334758047,-29.99280665217817,-31.997560930447385,-24.0258888423778,-31.542713198214702,-30.665391324014,-36.15403312577087,-32.46068406276481,-40.73260332524919,-47.68606323607156
HAT707_282,HAT707nonMR,70.27999709476371,73.14101986001918,74.569149219213,69.73542265623145,73.97620441027604,70.60037556567578,68.47122713505964,68.74135904499246,68.21644699344327,66.04133123480469,70.69872330578015,70.9187291941735,69.50435710164192,68.52576072040974,70.75669965910824,72.60966259591386,67.295258662825,77.6805047791547,69.05218862903382,55.03085111259317
HAT707_283,HAT707nonMR,33.389998743048515,34.78999961358016,39.33788469248103,31.248717730500275,36.8464981975995,33.26748379330882,30.49958186014145,29.934627048533567,31.021852347830844,28.170363454375018,33.876535703730724,34.15429932112886,31.86123801124423,29.91101901259973,33.83257358224139,34.906037410514685,29.096336615026058,40.75860489375519,32.32363080864268,18.38803658032581
HAT707_284,HAT707nonMR,27.73999882005234,30.54217494421277,33.107863204381154,28.5762617453425,31.702455586733564,28.341754050259983,26.12291274123005,27.277227337433064,27.20239909169628,25.859433749508685,32.14269270211413,31.68971181057633,29.56575031052184,27.865447439318515,29.636031057843752,33.17183133194656,24.69067251975537,36.96120870247498,28.495173613213662,14.489887705004609
HAT707_285,HAT707nonMR,170.229992963029,170.5308342348337,165.26881563851305,169.26683575163966,165.86012635007063,168.81932561316748,166.83171326220764,167.83375295813087,167.98612192206966,166.1213660114826,163.02393456884374,166.10542174874973,163.4825295366452,159.02204573432195,167.99921528376487,165.7261670708017,169.76789454284133,176.61303143048156,165.64628971286393,153.01501106862236
HAT707_286,HAT707nonMR,-10.909999570316703,-8.66308398941606,-5.116792635459555,-11.288830742102364,-5.826187201295823,-10.547618496653715,-12.223794946342805,-7.996887364019671,-10.5676430769627,-14.885863076907048,-1.5151876391158143,-6.93492051331449,-10.96071225047742,-0.0851935727349849,-10.957435584256478,-7.311799503140981,-10.882382440978247,1.674309292560643,-11.071375492446615,-27.830441282708318
HAT707_287,HAT707nonMR,-58.59999733547206,-56.41862424063237,-53.81694975538486,-59.34931286180777,-55.0893566772396,-57.031311501640005,-59.512823946714505,-58.06496085781792,-56.45015803495749,-58.3847325321708,-56.58579784734194,-56.034117810400886,-56.844446396637714,-62.06796339613495,-55.094006647952256,-52.63222956411644,-64.30456139285259,-48.393277156760504,-56.439643582198094,-70.09958441938845
HAT707_288,HAT707nonMR,26.91999893229601,27.095035860213542,23.7603504900479,23.498739719535696,22.91055369147881,27.099184890144063,20.78676143067771,24.1840040360708,26.72675174218477,25.173199930865184,18.154685680190564,22.172938895009324,20.180845122384355,11.2697839470409,27.10632858350341,24.406561440712544,24.04977256331177,35.58483702406798,25.13304210966886,12.741893775191112
HAT707_289,HAT707nonMR,-52.69999763801037,-51.820975338641375,-50.28088636659913,-56.59477637840365,-50.77044070654798,-52.47050361813978,-54.44857487583147,-54.3032623814034,-53.47652963073667,-54.56373930506347,-53.75171248993135,-52.83955179173172,-52.51501932847721,-58.06639195597823,-50.111308520076754,-48.111423715287735,-58.88746350371253,-43.475104600711354,-51.991069954194415,-65.70626828358024
HAT707_290,HAT707nonMR,100.91999582816683,100.83657425481276,95.07644309329292,99.93994742813828,96.17110946270834,98.40831985659194,95.3592026901229,97.32830539416214,97.73813465544748,97.0134853342786,89.81501065359933,94.5162699666327,94.2980014637469,84.72750689735082,99.4583082416597,98.03593716038516,98.1017268663605,108.02213930547248,97.5770196941831,85.21409751785065
HAT707_291,HAT707nonMR,-58.20999768730587,-56.99844355943989,-54.54757949282292,-61.712163704557376,-55.72626956903202,-57.90419600534654,-56.27870236634247,-54.79258874718494,-56.11904845668239,-55.45660622044776,-52.87035340803556,-53.18893720696944,-57.48314273311682,-59.12808772249684,-56.02070109309933,-53.29993704407035,-62.95868903901074,-49.0096110472595,-57.50088466996469,-71.17187636163175
HAT707_292,HAT707nonMR,126.52999476950046,127.86264657281104,123.28454948553464,128.02400548852725,124.7992771602281,127.609736785934,126.6567582907504,127.48125120907784,127.63266246805163,127.37473480165472,120.79754564230323,124.25879766536848,122.24093584367316,117.2567279907506,127.78811319379048,124.90408071777397,123.91417010227666,136.12316377801037,125.47321010458603,113.1098091884994
HAT707_293,HAT707nonMR,95.35999605800664,95.80969381234966,91.50494380524891,95.31227244883874,92.36467803216964,95.36418354658298,93.6902547730677,95.39904332937554,95.53737252185682,95.43743442175249,87.21327711971769,91.63968678109462,89.70062966995366,82.70687957868329,95.46423227659334,92.66297965815085,92.69718000944884,103.90292789934982,93.38189970068012,80.94428359927883
HAT707_294,HAT707nonMR,7.059999906000574,8.395984770031692,11.60836615915326,4.865264687163644,10.093016434345834,7.010247189835432,6.871487274851199,7.106073722342438,6.200010596488422,5.882094279362635,9.942191959484084,9.991829590405183,7.381378192876568,5.39519775578256,8.143737695868053,10.456497845912432,2.944749034576324,15.08787951879067,6.708844686918396,-7.245489262379449
HAT707_295,HAT707nonMR,-41.029998125809065,-38.243169377362726,-36.22327153844,-41.84934145037396,-37.57230445796215,-39.31847607548709,-42.64921955661338,-41.37991052349224,-40.05973249758852,-41.05123028538422,-39.58210428895365,-38.55153807507671,-39.86122790763263,-45.233447270426026,-37.309511773388174,-35.166240238031634,-45.356480635887415,-31.20483799774658,-39.249593519329686,-52.876924820189615
HAT707_298,HAT707nonMR,-63.08999767743883,-60.70155549227663,-57.60719495553531,-63.92518800079423,-57.67057573417102,-60.906891589697445,-63.08651763540368,-58.9565985448932,-59.833265424706426,-64.5927142560327,-54.33006971163697,-59.586686769129166,-62.64688129757863,-52.9297870893441,-60.91164183640783,-58.525089835270606,-65.89773892521436,-49.10647330548333,-61.3274691206491,-77.93267408962629
HAT707_299,HAT707nonMR,118.03999512046012,118.49236273197312,112.77841331843727,116.6304784929478,114.01573781719544,118.46005252012375,115.96899057314675,116.87404177725736,118.72049957432591,116.41451483235694,110.20905249632258,113.45365549293506,111.796360489544,106.17745221771284,118.0450090316135,114.51287673867203,114.75253805860524,125.8322488324376,115.39019608466145,102.91277826170437
HAT707_300,HAT707nonMR,-74.37999690494311,-73.72471128878892,-71.25406429576248,-77.097782731233,-72.13322194891089,-73.48947310992406,-74.65851196493094,-73.56868570161234,-71.97213750588139,-75.47795663230866,-73.27476283676455,-73.59465254564701,-72.73853804439504,-76.5623501695921,-72.53473482716849,-69.26016204081739,-78.0012040409705,-74.72635978805783,-76.69179781549141,-90.58165312305377
HAT707_301,HAT707nonMR,17.90999953044556,18.210162474983218,16.43644708215203,14.146517295600752,18.974000704115827,16.456059451603878,14.867564775163585,14.461338986984526,16.278458645423402,14.915662811544063,11.438875159931449,14.013063977314996,12.369350286883858,7.745673170424328,18.53041162136228,18.940081871780546,12.715817024428208,20.151927561224394,14.566999614563855,3.9495488530213514
HAT707_302,HAT707nonMR,83.19999656067712,84.31462925775882,82.121566414415,84.50287111855856,85.89589728406929,82.74755963742996,84.13495672909346,84.01377875105362,87.19176396142487,79.87722205356413,78.74158715941006,81.16743681592638,81.12227244898192,75.8620174680068,85.27877566457308,86.19679510503065,79.4601101709076,83.56656993751156,81.58342268806686,67.76271980290167
HAT707_303,HAT707nonMR,-42.699998501767055,-42.58581606214844,-43.075575158481264,-50.902941339989546,-43.60814100581323,-43.73659457963228,-46.03567144630172,-45.70602471811766,-45.78749000609608,-46.13740083498522,-46.03478013191816,-44.992716438367374,-45.31112277766528,-51.020308264722864,-42.41046713650799,-40.8992910398975,-49.174441960668254,-35.81129451267571,-44.13778378561461,-57.76973560870882
HAT707_304,HAT707nonMR,50.44999778529241,50.71571849183659,49.09388793936829,49.949402227904685,51.65330436792833,48.97791138745268,48.867578530161175,48.59945471329413,51.03817716177015,47.147936318957605,44.244109307546296,47.155128016810174,45.42809481072858,41.52914313234899,50.68398452199275,50.8757763294198,45.8484795989987,52.41144970952538,46.73068091929302,36.334969250478714
HAT707_305,HAT707nonMR,-9.589999506119897,-7.396364750671204,-8.624327874791335,-11.28857622426092,-7.985192030680359,-9.3959440838096,-10.525204924976624,-9.356794897226717,-8.32675968188167,-11.93965765247004,-11.695948597721006,-10.024033690363598,-10.540035734904682,-15.807058029009848,-6.861000713057163,-5.411743298060733,-14.688471454036057,-0.4079576935592727,-8.807971551446292,-22.522173453214926
HAT707_306,HAT707nonMR,87.50999638250988,89.69448754445176,89.0524859901006,94.62872349220116,92.97010444385744,88.02222229854495,87.41422937314113,89.99381928997272,90.4662002644641,87.47841744278313,87.41602015969484,87.24404378369077,87.14585568201872,85.38562653452227,88.72429828416713,89.93215694600559,88.85597496381958,93.89079081886572,86.28667199581889,80.99066591825427
HAT707_307,HAT707nonMR,-45.749998260284094,-43.921981586121134,-39.43242225781675,-39.26614586413156,-36.96034284888563,-44.63407745476866,-42.1921249639793,-43.28205664886261,-40.929955733602704,-44.56783793116267,-40.848421419629936,-41.70746086808376,-44.55715313911941,-37.86525819725852,-44.183162763636375,-39.472869384951565,-45.85522897421802,-42.821317792371424,-49.071842620225915,-49.691652133771946
HAT707_308,HAT707nonMR,-72.22999696201134,-69.9833164461774,-64.23441739047595,-68.55108474373505,-64.3601512755739,-69.93210935128452,-72.47459544867601,-69.38976031751596,-65.39951096793887,-72.57840095239993,-58.69915330775744,-64.9373522483139,-62.356825334342815,-62.39181338007805,-69.70389105821977,-63.34957073641087,-72.44441392286846,-69.92646813405422,-71.58007351040906,-75.19567838798562
HAT707_309,HAT707nonMR,-138.89999454734357,-137.22351614009725,-131.60188535565737,-140.11848943201687,-132.22178822261827,-137.34858342185362,-137.0953749404333,-137.5875360802655,-137.7556229015046,-137.85317508509658,-131.12731085908547,-133.85530532326132,-135.2963707275311,-130.41470959431254,-137.27761442211036,-131.24793675426886,-140.87815053386714,-131.04406201457252,-139.94030732511257,-143.796356992949
HAT707_310,HAT707nonMR,-76.4499969200459,-76.34001609555833,-72.74609407422265,-77.05396004234919,-72.92562610351965,-75.1698179795713,-77.86428549105399,-76.9279632308245,-74.02136658088477,-76.21743996368969,-74.86162943980992,-75.42798761362361,-74.01149322133266,-78.30262351178794,-74.3785146648114,-70.57635870733593,-76.80859535343842,-79.72554942651108,-79.76204663346094,-91.51211205217788
HAT707_311,HAT707nonMR,78.37999675992594,82.9211478969249,75.91774231738306,84.03084876580922,80.521318673866,86.26837724422808,84.2497050568134,82.49486747074951,85.23906033897389,82.7971759329603,76.75313143574094,79.39735244384178,80.76080929615101,80.01855049037513,84.72152277875871,82.57647627012419,82.98616467185214,95.16220931564703,81.11102935954162,74.6804431805933
HAT707_312,HAT707nonMR,-28.609998662701766,-24.366785811451244,-24.299310345212195,-23.78111126450156,-20.96401566334364,-20.845820802619773,-22.92115816230275,-25.255473325493004,-20.45058195235083,-22.48072871525135,-25.46799308857757,-24.465146227241352,-22.538000500932714,-26.37027026155961,-21.01337844512804,-18.00606916013068,-21.73795273624414,-3.421168636160663,-18.096674640332253,-21.42985057628413
HAT707_313,HAT707nonMR,52.04999759689059,52.13965376603812,54.9382220244551,54.24072290471421,53.772282187746605,50.68314955789523,51.32498689301514,51.6531679473702,50.12573728465556,50.9458223254456,51.55327778899992,53.42966559166946,47.840696424385634,48.49555144355484,51.02133411727085,51.77719230837242,49.49213377301412,53.21890575362644,47.70095821434007,36.97016658200514
HAT707_314,HAT707nonMR,-57.16999737051044,-57.00779363881279,-50.90750804024273,-58.15369232897057,-52.40123058825752,-57.757132884912,-60.47125819755851,-58.83945708431585,-54.97496835168232,-58.26065439362115,-51.51741505779202,-53.73085206696943,-55.73634184913287,-57.93128527560679,-57.10239307652758,-53.87636705868029,-58.34957823718843,-55.01912374530955,-66.70845908289049,-81.19743872242341
HAT707_318,HAT707nonMR,84.70999649825619,87.01717413397886,87.69151539308028,86.4187831702962,87.86021598135221,84.68882922140125,86.53212788479759,85.58478806424216,84.80921214493631,82.5634335484377,88.2834510412934,87.89836504334845,86.45723801762313,85.68429839113719,85.79888005230028,88.68737606598161,81.41356058667698,92.63491724963211,84.0736040209865,70.17353287404278
HAT707_319,HAT707nonMR,49.06999777522388,49.950118843645136,51.55819928301745,49.632838193644645,53.09240190248963,48.99470354092329,47.35850546885344,47.763130229305936,47.549589194518,48.93189072104696,47.69777737656876,48.24093840774866,45.28648882652669,45.601676606925565,48.55201374207476,49.609624547489126,47.726204594882525,53.45694437899618,45.628178356991484,34.8889243002166
HAT707_320,HAT707nonMR,52.499997818437976,53.28382598933,54.18135686887042,52.628632240543325,54.16903892066638,52.36172485079541,53.236044217670354,53.34438253610185,51.9521157825994,50.17348761807053,54.09114679715213,53.57726090281943,53.11316920300669,53.50064682785753,52.82772850920117,54.62948121361758,51.00399686820693,62.08090330549033,51.79926228493992,37.964558415895794
HAT707_321,HAT707nonMR,-2.660000110350859,0.1485997027818774,3.018483785424806,-1.1953924331415058,1.6087532550169603,-1.2448030938904682,-3.837262037767866,-1.2312423631518696,-3.763402603885277,-2.008244925239911,1.6220226958418196,1.924764265116012,-0.8002441324959079,-2.753508622874135,-0.3776718480562754,3.978748293155265,-5.171323411429201,7.613350349866178,-0.7662933023427871,-14.619093498753083
HAT707_322,HAT707nonMR,38.79999825504834,39.95992203292846,41.75904986519165,39.99295720644066,41.964652026606885,38.840922540421154,38.33884367611,38.3580235031776,37.59528573744385,38.02216367813861,40.5595633092625,39.832379038061056,38.76875091876833,40.255497883242505,39.07929600760964,41.37505868300854,39.08950367534023,46.02499427207979,38.28392788993163,24.739288931961532
HAT707_323,HAT707nonMR,118.21999500578232,118.7835915103859,116.03911770615902,120.67387475740252,116.31545079022789,118.3141063666633,115.60731469461108,116.03014996828344,117.15280947253318,116.6229006885541,111.50256664063248,115.52184928477172,114.75905723945844,106.92733087104072,119.14753225887202,117.48611809505292,115.8025093070438,127.81773903614501,117.39568902758766,104.96356613850519
HAT707_324,HAT707nonMR,111.22999540197188,112.97741087990354,108.2335899837748,114.20021719392372,109.12866610904244,111.3832767758638,107.98935934316128,110.55231756063338,111.39484485026676,110.23881884747956,104.28033294524744,108.36542294717884,107.1516919261692,99.79580053258226,112.01508362304236,110.52612180114149,109.56698998003684,120.89554874190523,110.29167704748836,97.85078891105411
HAT707_326,HAT707nonMR,108.78999550283716,110.31112619941943,105.38579693290774,110.99048245148133,106.10031228984396,108.29051475673958,105.81031468495618,107.8536927988688,108.73699094782263,107.11727786335614,100.97856891836376,105.30869678910938,104.51625975298808,96.4691977354418,108.9886246314525,107.64229527373575,107.34555697152972,117.86549337029803,107.19463382016703,94.75870617541867
HAT707_327,HAT707nonMR,116.04999520272304,117.95588398653076,113.00444085049465,119.0232695070176,113.97411718455736,116.69569040702535,112.94168023944654,115.57019694446618,116.53976101706468,115.41477389190746,109.41377786236558,113.33756900127467,111.88500178759,105.17712926221924,116.95652563857794,115.37831314417606,114.44310349464574,125.77625708302364,115.16822862697538,102.67966056667338
HAT707_328,HAT707nonMR,121.51999497660395,123.47232109073796,117.97228124832245,123.7437924196481,119.19665483003662,122.25976671275468,118.79274015926562,120.13207065280822,122.16910979152412,120.43296521069328,114.11710657613315,117.65623189740458,116.8709653492849,110.36423828753732,122.3721536595524,120.48389839765912,121.98560629617752,133.40025361123585,120.66449129324623,108.38874912556022
HAT707_329,HAT707nonMR,132.41999452601925,134.21417730123733,127.309216286474,135.59748466270187,128.63961562593636,131.9493350296342,128.70299276503243,127.49978099910884,131.57867760800002,126.55390754268888,122.2543633541787,126.47092449754147,129.3403098356314,120.34190925616072,135.11749181006851,132.6095101368886,129.15389171252534,143.20059346157592,133.03476097211214,120.30123267879239
HAT707_331,HAT707nonMR,44.94999835448501,46.638362042201145,44.329237368309066,49.362602932951965,45.63379844042191,47.33462722731994,42.72761462897592,47.47063268945056,48.51746281935272,43.519414178211015,44.86819025811873,43.55996735445796,42.414562828024025,45.70589802395885,47.00067239556393,45.65032609869977,44.390656644595886,60.73330218192578,46.41088707088267,31.320808735420233
HAT707_332,HAT707nonMR,142.11999412504048,143.59712986812883,139.6216709168886,146.11664943249352,142.12790968245935,141.11529689124643,141.41347916478426,142.7694927507734,144.36177350560763,140.09019208058217,134.91038695180654,139.2279281119702,136.24830824720553,129.80121472862746,142.35212528084625,140.70833867395757,144.49058704454626,151.23973079251846,140.53549585095254,127.79667462604631
HAT707_333,HAT707nonMR,39.989998436523095,39.61453893586064,36.74863746757693,33.83132803871592,33.91578020900949,36.188264290893216,27.34510346847436,32.66634703644635,34.81918972281189,31.77396186007723,31.575838356568404,34.05668564158103,30.467142444121944,23.25104014377801,36.04284926148663,35.057934361839294,38.33658655528636,45.64928253642478,34.90866539141707,22.182277754627815
HAT707_335,HAT707nonMR,178.47999262199,179.34251792703162,173.4040920594063,179.36027406061388,173.29506680637448,178.12214101592627,175.2182461707915,174.59939795899868,174.7903623951426,178.99898416314528,166.1611449038014,174.96510652717132,173.64299765463116,156.35373068417388,178.57897901996506,177.01671486709793,175.47895357238593,182.55207248778186,175.95137190296253,166.2263588525671
HAT707_337,HAT707nonMR,50.3399978845276,51.962224897432506,46.47325626747314,47.91426657640433,44.98507481634296,50.233118588347295,45.63161853524569,46.81375282273032,43.63198423223269,48.98223750048895,44.11039776907834,46.15594179465235,44.77362213307022,41.10136615881991,49.59115022928684,46.63671420227956,49.03958522170945,57.33723945225425,45.52815644524215,36.32369068091161
HAT707_338,HAT707nonMR,-38.64999839036904,-41.112222135461856,-37.21443367141144,-43.43948842199886,-40.50516401095541,-44.9422159819127,-46.11623355987179,-43.80380385636386,-45.50879058375857,-44.076258994662005,-41.36765262792865,-40.66766292305693,-45.35213598119811,-44.80751642982874,-43.381483956244,-42.22116986749558,-49.827807259078334,-56.33977546314988,-51.06114604249481,-62.57992152191878
HAT707_340,HAT707nonMR,127.00999474965847,128.09345007948494,121.52969715298909,127.12788161070108,121.24245393825188,125.67880228292373,122.68209809630665,125.50293428143011,125.91824860303842,121.30073419438432,120.72680913485384,122.78399157868547,123.53795701296325,117.6152091557983,125.64705312734712,122.74931446388806,126.01361023578043,126.39865788303526,121.29036112553578,112.5485746620318
HAT707_342,HAT707nonMR,46.92999782327075,47.21098508234659,43.59528446617077,41.01268250388422,45.31687415304444,44.23938654575538,45.33222498005091,40.76461709013085,49.44267502434992,41.2211299187447,41.91835883292216,45.11582105881454,46.82823241555774,34.03558124296446,46.94060982422628,50.8016937531736,46.97670408258493,4.901697023517467,35.07947460658931,28.66420301363294
HAT707_343,HAT707nonMR,44.14999844868593,47.10730188020587,52.89080902457217,52.603986366708135,56.41648650407846,47.34476150533521,50.45529647532582,49.11513867320633,51.180731438358784,47.02534299325884,49.545428382982045,49.48288476471243,48.02350242157596,49.6519159249001,48.22080564479293,52.622583802219225,49.48953423907314,44.287462197700435,43.24557512474605,34.491836676404816
HAT707_344,HAT707nonMR,16.28999910938067,19.91023410900536,26.40646525895883,22.107996621798467,28.076937710281445,20.92175572407632,24.81943845283737,24.362099005836896,25.26836958652969,18.70156508132715,26.569250942969457,24.48941314807492,26.03720699526232,25.218808825410715,21.874718029529745,28.10422966609853,21.21090582584991,19.479360351797006,19.393533493393857,4.200302767097601
HAT707_345,HAT707nonMR,34.49999836918484,38.60207059728487,42.10019984599005,35.84452056240963,40.866883313047744,36.18904240270543,36.10421755456345,36.82282370840352,38.045007093843225,32.38109760749086,37.41194629438,38.41071980356605,34.83842583750292,30.36263331463869,38.62421245725027,40.06182605748963,31.85967456193817,46.85105253923334,38.34706014304785,24.209270440049814
HAT707_347,HAT707nonMR,-13.329999269671209,-10.2403011910959,-1.4270169104488328,-8.59551094546021,-1.947642193758868,-9.082164246388144,-5.410470269602419,-5.861433530000991,-4.675359173215632,-10.895323567018766,-2.140365099764837,-4.447124753092512,-4.26413891170785,-4.156758612028428,-8.641227834396279,-2.5691176622235483,-16.17621091952773,-7.593433733200154,-11.162517955984612,-23.21907533160625
HAT707_348,HAT707nonMR,-5.639999932017563,-3.6070470094886873,-3.1169771077757087,-6.223620075701971,-2.291340929893044,-4.6922836685043485,-7.489020603312858,-4.31166014146581,-6.359466903402128,-5.806919711168625,-2.8628692797607034,-4.903800671486784,-3.593361906357302,-7.163824862549584,-4.370153374342518,-1.842910423293866,-6.1669465958473735,5.668046596675126,-4.581792709078253,-13.114038940933266
HAT707_351,HAT707nonMR,22.209998788799595,23.59002076167615,23.367366657837632,24.27236966920769,26.0482078638683,21.73072211275454,18.14683741924692,20.441379525903624,19.552894948426964,22.51685820072739,20.113308160216217,20.08967094515073,18.392933519956344,17.2692822369398,21.97593424095634,22.675443712791164,22.11168181737586,30.476148442578555,19.270248922315883,17.177494968373953
HAT707_352,HAT707nonMR,5.699999877889284,6.844185153404323,10.7170506354218,3.4646078809905885,10.670266854867688,6.265531496292262,4.511868419639831,4.620413188663013,4.364110081598759,6.402989642808322,7.595539081456114,7.364738586926023,5.974543869633132,5.070155692085478,6.165036732461792,8.425814436900966,3.894458263837564,-0.2735750763666912,3.6632199366421743,-5.945449710554169
HAT707_353,HAT707nonMR,2.6500001193722382,3.33828438802674,5.564260730751127,4.013714878071951,3.9869766365892585,3.0164819675487617,1.89924358029092,2.36054600049922,1.9121901047704195,1.3916698664948406,6.279420414383924,4.849909718616595,5.919516371580826,6.436720096781676,3.200125187881631,4.554286867766599,0.8285953381411738,-6.824772893442619,-0.9146169759739733,-8.288953541257388
HAT707_356,HAT707nonMR,-75.7399969330544,-74.50261953528246,-74.48879236402114,-74.85916244907126,-73.55882420197352,-73.53629159179175,-75.6694381990127,-75.2665175660205,-76.81345982007143,-73.44832455267453,-72.10624801489483,-73.62432451939358,-75.64048328036021,-68.58620400175117,-75.67664194503479,-73.60078870978722,-77.32107486036635,-81.30931751368658,-84.77183754288323,-91.09247956609097
HAT707_357,HAT707nonMR,-76.04999665339162,-77.80609032517314,-75.25923174178362,-83.76266671606261,-77.5939465029776,-77.28960145878416,-87.0069929182555,-82.81043232160582,-80.32754814083684,-78.87043731929413,-77.99495862866468,-79.53967567139398,-83.7005055648346,-81.72826713322955,-78.15621795859349,-78.5214339945945,-77.64716164010679,-68.18715393749416,-75.45448135945568,-80.4556558958231
HAT707_369,HAT707nonMR,-2.6500001193722382,-3.3382843880802446,-5.56426073077788,-4.013714878071951,-3.9869766365892585,-3.016481967495257,-1.8992435802463328,-2.36054600049922,-1.9121901047347487,-1.391669866521593,-6.279420414383924,-4.849909718572008,-5.919516371562992,-6.436720096826263,-3.2001251878727133,-4.554286867766599,-0.8285953381679262,6.824772893416402,0.9146169760106768,8.288953541267876
HAT707_375,HAT707nonMR,-96.12999610872616,-97.5419088661156,-97.61384542273342,-101.60782230403336,-96.54972634001432,-96.84637347453317,-100.6253052436128,-99.86535054514924,-97.62820101967404,-94.50763179672896,-101.42312511873187,-99.66366027780684,-100.02525759217218,-105.22429325080296,-95.88490578015156,-94.32521065102294,-101.61554070506249,-88.18219163292416,-93.21256302144846,-97.04698294810599
HAT707_381,HAT707nonMR,43.219998032655305,42.43738415534874,43.73911848550612,42.13895414093858,44.61767241182765,43.14052333023484,44.149615165901,42.33081867669183,42.06787331903124,44.82063181708043,42.29712543399881,43.32143017006425,39.94457252368196,41.40683657851474,42.35216215641774,42.97685260691362,43.754284307043065,50.214373547446314,44.355928587338646,40.46643640656958
HAT707_384,HAT707nonMR,-100.08999567380712,-100.99841421928032,-97.7693466629501,-103.62914189113864,-98.33190024679092,-98.57961739278858,-101.89533666563786,-101.3189302453415,-99.19149686085365,-96.1275342635459,-102.57212345466328,-100.611052683694,-103.35711189059673,-106.34542520876631,-98.54072454385263,-98.34275302317552,-101.9638376724865,-90.81382085895679,-96.15731901583545,-99.8066808868302
HAT707_386,HAT707nonMR,-26.07999906258244,-27.25687582467219,-26.45325405969616,-27.187934182562792,-25.0713444755168,-27.270482426340696,-27.322895406183743,-28.17462888729474,-28.18011394759094,-24.28724886010572,-30.911798481227773,-28.26772161205277,-29.23995554921634,-32.887702258456386,-26.1887448856696,-24.71337730350289,-27.911883369437785,-18.376518577562774,-23.713341431342194,-27.33447714418114
HAT707_388,HAT707nonMR,-0.4800001944832417,-0.2308035066471556,1.7548523325366372,0.8961238777815952,3.556823221958381,1.930934503001346,3.974660194434828,1.9783169276298664,1.714413865013208,6.074000607279294,0.0707365074850598,1.4748060866651485,-1.297021169272238,-0.3584811650566019,2.1410600664344424,2.1547662538859007,-2.0994401334859534,9.724505895006576,4.182848979081711,0.5612345264780928
HAT707_389,HAT707nonMR,-31.639998439261568,-32.283756267135274,-30.024753347740177,-31.815609161862334,-28.877775906055493,-30.314618736349665,-28.99184332323896,-30.103890952045667,-30.3808760811816,-25.863299772631844,-33.51353201514508,-31.1443047976087,-33.83732734300958,-34.90832957712392,-30.18282085073596,-30.08633480573721,-33.316430226349425,-22.49572998368544,-27.90846142484518,-31.604291062752957
HAT707_393,HAT707nonMR,-85.27999648428118,-86.57382005352606,-83.69597093038841,-91.31566322804562,-86.49161242186089,-87.75115703105688,-96.20106990255836,-92.06683706089244,-89.60386708155252,-89.05589462158711,-88.34950425730663,-87.4678752208774,-91.95477372074052,-94.65780868182232,-87.2217907289794,-86.80747797527314,-86.96083805024928,-77.8107570606707,-85.39649405782549,-89.39039186805765
HAT707_395,HAT707nonMR,-8.959999446957351,-9.601087347529669,-8.751283834551801,-10.497403117753288,-7.226716121065382,-7.218749762808883,-6.71310752315988,-8.628892504199543,-7.197749028712494,-4.8862193620273855,-10.517756638522352,-9.33033608576827,-11.741596523419243,-11.43775693809437,-7.602044095715778,-8.236437725216007,-11.261072177193045,-0.5664090506186279,-5.900165040863833,-9.635796400327425
HAT707_397,HAT707nonMR,-43.80999812790336,-43.77882082173504,-39.40813073856518,-42.62501049208009,-35.346556654164765,-42.931242645538354,-38.547141367186434,-41.48915553034084,-38.72648464156005,-41.423512140793456,-41.98522197537245,-41.61655476284829,-42.415684563963495,-41.753191687782575,-40.36827746276513,-36.55251935891092,-46.553500064962016,-42.83208794557613,-39.70693843743745,-44.785854859203525
HAT707_399,HAT707nonMR,-76.55999682081072,-77.37773158766619,-72.43580921358512,-77.17847938283207,-69.58914957033248,-76.70089089547996,-73.81451956616331,-76.90347956814493,-74.88007144125044,-74.1527978754624,-76.48269982724513,-75.62886356189316,-78.10986220227032,-76.08606602344038,-74.96306860530086,-71.87353813446826,-80.16513063679957,-73.98720817353085,-74.55968020622178,-76.21360541154259
HAT707_401,HAT707nonMR,-136.59999411222302,-135.4898148301383,-130.15402502779827,-138.41645783499766,-129.2276459689055,-135.07474636674223,-133.2073030213011,-134.8597291786836,-134.2450082849201,-133.2403918468722,-132.42275773258376,-132.80802526906692,-134.07799274788576,-133.42226718481706,-132.50805384040427,-128.1610577619488,-140.70208168979866,-126.80661557659452,-130.0983326769611,-135.07074811523623
HAT707_402,HAT707nonMR,-39.49999825106123,-38.39896253497077,-32.47721116287957,-32.49915811847314,-28.27234949441229,-37.6565799843877,-35.267868723138776,-35.50911499142174,-35.45204833855649,-33.82231675161013,-33.310788975123344,-35.53994779497689,-36.39210133092668,-32.2295826212671,-36.922754843135394,-32.81715751782896,-37.15763527194302,-32.50786706413807,-35.00368912968543,-31.557908743767037
HAT707_403,HAT707nonMR,-50.3399978845276,-51.96222489745034,-46.47325626746422,-47.91426657636866,-44.98507481634296,-50.23311858836513,-45.631618535236775,-46.81375282273032,-43.63198423226836,-48.98223750048003,-44.11039776907834,-46.1559417946791,-44.77362213305239,-41.10136615879316,-49.59115022927792,-46.63671420227956,-49.0395852217362,-57.33723945228047,-45.5281564452474,-36.32369068090112
HAT707_405,HAT707nonMR,-127.00999460610312,-128.093450079476,-121.52969715298909,-127.12788161069216,-121.24245393824296,-125.67880228294156,-122.68209809632448,-125.50293428143904,-125.91824860303842,-121.30073419440215,-120.72680913484491,-122.7839915786944,-123.53795701296325,-117.61520915578936,-125.64705312732929,-122.74931446388806,-126.01361023578936,-126.39865788305099,-121.29036112552005,-112.5485746620318
HAT707_407,HAT707nonMR,-48.6299981721646,-45.17230218254221,-45.611954835623855,-43.09703284489186,-40.72113526437696,-39.41042503870457,-38.43239303949325,-43.00806681068954,-40.67918826406454,-38.503558261441874,-43.97367769912183,-43.386639134843705,-42.77714771681222,-37.59665866543208,-40.92553034858841,-40.172838193763866,-43.02744556392831,-31.23644856740919,-40.17933176598367,-37.86813148143849
HAT707_408,HAT707nonMR,41.159998008531126,40.22267725526287,42.64578318922142,38.45412802238455,44.5849879534263,39.72598072796862,42.45693866830414,40.51859164690265,42.21948582032673,41.20037692544261,37.81014880919412,39.79609612653155,37.45162691876817,36.09459952846467,39.66096296527819,40.30552802135316,40.32174539378126,46.07620591367158,41.75914296561122,37.320228759193334
HAT707_409,HAT707nonMR,-59.81999748988267,-60.34607802680386,-56.471768770993855,-62.16740720702469,-56.38820722482002,-60.773614852434015,-62.3705017778316,-61.20000308478832,-56.8871584564349,-59.65232426011599,-57.79683547214919,-58.58076178556819,-61.65585822069586,-64.36800537241523,-60.30251826442704,-58.43065392644689,-59.17817357534744,-48.194350851887904,-65.79384210687456,-72.90848518111359
HAT707_410,HAT707nonMR,-124.73999477142792,-125.62727854676194,-123.03766774292544,-129.62002287394682,-125.56162944687452,-126.76805832837286,-137.47423077331325,-131.3514537919161,-129.64397685588344,-127.41392050927192,-122.28455647453866,-125.40455102430666,-127.61083586880076,-130.30731097131482,-126.6022641757283,-124.20418162528226,-124.0692945682556,-116.7657985866982,-131.7503127599157,-137.42830043776732
HAT707_415,HAT707nonMR,-8.78999960032081,-9.309858569099038,-5.490579446847905,-6.454006853298561,-4.92700314803293,-7.364695916269339,-7.074783401695563,-9.472784313173443,-8.765439130505237,-4.677833505848062,-9.224242494194636,-7.262142293931586,-8.778899773486982,-10.687878284766498,-6.499520868457269,-5.263196368835146,-10.211100928736627,1.4190811531097534,-3.8946720979586082,-7.585008523547578
HAT707_416,HAT707nonMR,-15.779999569471045,-15.116039199581405,-13.296107169232116,-12.927664416777343,-12.11378782921837,-14.295525507068854,-14.692738753145369,-14.950616720787831,-14.523403752771651,-11.061915346922598,-16.446476189597487,-14.418568631524504,-16.386265086811886,-17.819408623207107,-13.63196950428692,-12.223192662746586,-16.446620255743607,-5.50310914113003,-10.998684078036936,-14.697785750998664
HAT707_417,HAT707nonMR,-88.769996473367,-90.9672852165095,-87.84571605719832,-96.5159766842294,-90.690289043197,-91.25885341480816,-99.98941839252927,-95.08881017550958,-93.7596669845383,-92.1861246666402,-91.13349628645192,-91.88721077966242,-96.05521116114032,-95.62330768532507,-91.53974698671122,-91.36303711852676,-92.28721096472783,-83.72191417842149,-88.9243388325244,-94.08569884597516
HAT707_418,HAT707nonMR,-18.209999259804164,-17.78232388007441,-16.143900220090266,-16.137399159228675,-15.14214164842575,-17.388287526193064,-16.871783411323715,-17.649241482543506,-17.181257655215784,-14.183456331054954,-19.74824021649009,-17.475294789558276,-19.021697259975152,-21.14601142036541,-16.65842849590354,-15.107019190152284,-18.66805326423287,-8.533164512737232,-14.095727305358274,-17.789868486634102
HAT707_419,HAT707nonMR,-10.959999525209806,-10.137566092972024,-8.525256302512284,-8.104612103683477,-7.268336753685599,-8.983111875907277,-9.740417856860107,-9.932737336972874,-9.37848758597374,-5.88596030249471,-11.313031272497192,-9.446422577428631,-11.652955225373224,-12.438079893587965,-8.690527488751338,-7.371001319712004,-11.57050674115254,-0.6224008000116154,-6.12213249854991,-9.868914095379388
HAT707_420,HAT707nonMR,-5.49000006733826,-4.621128988729138,-3.557415904666656,-3.3840891910529702,-2.0457991082241893,-3.419035570177968,-3.889357937041026,-5.370863628630831,-3.749138811514317,-0.8677689837088766,-6.609702558711767,-5.127759681298749,-6.666991663660506,-7.250970868269878,-3.2748994677768843,-2.265416066228945,-4.028003939602918,7.001595728200585,-0.6258698322790699,-4.159825536492536
HAT707_421,HAT707nonMR,5.4199995029784445,6.120727221743456,5.7795191334760085,8.469603052027551,7.397161687666648,6.270532746701572,6.020894668752537,1.9968467176608715,5.660429004961587,5.253173348277792,1.5275542193248428,3.686932918873812,5.802352822685997,2.726700100389184,9.470438682712468,9.860195673000511,3.1402814767270497,16.801935578572113,11.744399846607825,7.752658016771075
HAT707_422,HAT707nonMR,-93.26999617880293,-97.33046910957252,-96.4886544197078,-104.95930886383354,-99.07911738144044,-99.8495585162296,-107.72189679578145,-101.1887412312844,-101.99783864395164,-100.0494250527626,-99.77097537928331,-100.47869198481207,-105.10024146763112,-102.74830508538898,-99.47201436633232,-99.46977936584872,-100.88668514833316,-95.00479482405233,-99.15868205550025,-102.93600295450244
HAT707_423,HAT707nonMR,-82.05999687912761,-81.45508803730164,-77.20045978468002,-77.76527867774911,-75.60865549782106,-78.3441750556127,-79.95448346734857,-78.03230159197065,-77.4007857836857,-77.78132001619115,-75.85861887674403,-79.22402422422753,-81.12339418492138,-71.90931113184836,-78.6463807317832,-77.09898836518829,-81.62295359118455,-65.66535570110948,-74.87947405464261,-81.22776592661157
HAT707_424,HAT707nonMR,15.109999546394016,15.50367978870631,18.09197376390844,18.988767821712184,20.885455744153944,15.436494608278114,18.73138106850436,17.266558469378918,18.44352490248002,18.789457886153265,14.183577816952688,16.443936533338213,12.710351234260123,12.18600557283807,16.705072153579383,17.959024210087332,18.476976808819327,24.84107290943078,19.24513472544823,15.248099963941106
HAT707_425,HAT707nonMR,-87.01999616958005,-88.47891114359756,-84.7810596853854,-93.29655357202977,-87.32667372926024,-89.49053799203942,-95.3369946278412,-92.8365872450016,-91.09905888022652,-89.52677233429819,-89.15097077824977,-88.7273059371223,-93.07081456885912,-94.36416901199354,-89.60420386586941,-87.69138010204877,-87.67702368051191,-80.74937534662097,-86.38169573409773,-90.36629690740398
HAT707_426,HAT707nonMR,51.46999812013062,51.24906784754668,51.87439490640831,52.232392449912815,52.05261286813151,52.44333873299363,52.536148074467015,49.09646367756855,48.8721137921042,57.69824996876095,45.43433576895645,52.18111494846799,50.105040641667934,38.73852152837559,52.93192589262686,54.26740040320986,49.46534333660549,56.15341460474661,54.661010777437234,53.67778419052481
HAT707_427,HAT707nonMR,-103.66999558170052,-104.13151643792948,-104.65017303577643,-110.23361346813564,-106.99980212846432,-105.12083890133395,-116.92470080535028,-111.21739690545589,-108.80027973363094,-105.79463027394144,-104.4480617095711,-106.49885980931744,-108.10786275034248,-111.74411411351466,-106.0860600435874,-105.99001099625376,-104.31398067845944,-93.13116483580967,-103.52388455184223,-99.73268368975087
HAT707_428,HAT707nonMR,-41.29999850974128,-44.45050652345292,-42.77869440216256,-47.45320330005298,-44.49214064751792,-47.95869794943472,-48.01547714014488,-46.16434985683632,-47.42098068851115,-45.46792886115684,-47.64707304228582,-45.5175726416557,-51.2716523527611,-51.24423652663717,-46.58160914414347,-46.77545673526218,-50.65640259723734,-49.51500256972823,-50.14652906647889,-54.29096798069285
HAT707_429,HAT707nonMR,-93.6799964364358,-95.24049094982368,-96.96120011539736,-102.58740312209396,-98.60405995359083,-97.09162927734448,-104.49500073601985,-100.72599120947882,-98.87012729639096,-98.75090771268027,-100.25980789511472,-98.78876310021388,-102.28307326361993,-103.25316733073508,-97.60388050948016,-97.77577675250323,-95.77369227540495,-85.18734028556794,-96.12191368629406,-92.10847831360455
HAT707_430,HAT707nonMR,-143.47999418060846,-146.2541963089056,-143.39784214628898,-151.19848200912486,-145.6946013694691,-147.8940621111575,-154.96938805753572,-150.66888421881558,-147.41936142242994,-149.05933967437554,-145.15724800133194,-145.97874161264446,-149.24519775219977,-151.05177136087468,-147.4118619311961,-143.61096243594085,-144.10990508887016,-169.73903872838335,-159.32840849183154,-153.54250302543048
HAT707_431,HAT707nonMR,76.69999682937386,77.41917407030188,68.71928200666858,70.30783981052483,72.65029596787154,76.47721514349254,80.2953774243852,72.95491661424433,77.7633028386752,75.50673233426728,68.31011432863077,73.38430666362491,73.55120968826701,70.60779686923158,76.83643934249972,74.47011040298693,74.02342406834812,61.638115535105314,76.20331228647537,73.65994682029402
HAT707_436,HAT707nonMR,3.049999758517045,3.505900765413253,5.152789904670671,-0.5491069970635276,6.683290218305181,3.2490495287702523,2.6126248393667457,2.2598671881905457,2.451919976846175,5.011319776313481,1.316118667098943,2.5148288683272635,0.0550274980701404,-1.3665644047229506,2.964911544562326,3.871527569134367,3.065862925678555,6.551197817054954,4.5778369126580944,2.343503830671759
HAT707_437,HAT707nonMR,-23.75999927301414,-25.05852326465954,-23.92011578271016,-28.998487644537587,-24.58843426861037,-26.26846274791672,-32.646790327195355,-29.63285906018945,-30.53733257912181,-26.561219323731173,-26.677572193177514,-27.027693112206915,-28.503350729283213,-29.84470607048845,-26.638782946023063,-25.46799967748221,-24.56937559914474,-22.495241821180652,-24.197327687492823,-27.19958649748136
HAT707_445,HAT707nonMR,67.7399971997623,68.39235182971372,68.95911688065947,69.13941089474153,68.29519629487638,67.70753806492463,68.99863460353457,66.08974967753353,66.87214229499031,66.60150680876878,69.22341282702267,70.26935208172101,68.49171889621628,70.61397570396161,68.02301048374258,69.45040038577339,65.23310989750651,65.48058404002877,67.29263011541933,61.81947097564303
HAT707_446,HAT707nonMR,109.44999547555372,109.30101654343146,108.89546739872856,112.03869078046507,108.81570906206686,108.35297077464816,115.10879744855316,110.06641149799994,110.75768390401112,107.87732700195096,110.20302903285754,111.64871284418776,109.27036810217729,112.24857927081489,108.89077030208728,109.1883575084988,106.58634911984018,105.66073797060922,107.23719382069035,102.25849170483441
HAT707_447,HAT707nonMR,61.01999766233604,61.32066424602269,60.52161250694538,62.808212853826014,61.34065569381978,60.8291870914356,63.02471058771088,60.95964449137603,60.94269721743467,60.05249734286604,59.76518284305561,60.74364719635485,59.69515435452748,61.33606558753597,60.504564455163646,61.09777834013183,61.67812763589756,59.203420629638494,58.771049484339585,55.06410196736518
HAT707_449,HAT707nonMR,51.32999761892047,50.854510096053005,49.20333644762194,54.26725877431375,50.69413586822699,51.97724979608036,55.41325152815281,53.29517889072879,54.13777589669615,50.807937911670926,46.64502644384028,50.89682475422233,50.17773755148824,49.22323163542431,52.67136551027173,51.935109460122,46.937116868070966,46.4569374325303,50.91655834457512,45.79877916737492
HAT707_450,HAT707nonMR,84.09999652347236,83.98733763537496,80.53386139594436,85.99965685417172,82.79287699105194,83.3198922033991,87.55406559241081,84.30366189822172,85.68840613091191,80.34740247785935,76.9700590136132,81.80443272719677,81.35315596305239,79.98132493410927,86.06896119671133,84.33770623243544,78.18249661901038,82.54252611392529,84.43251608851936,79.38354692778998
HAT707_451,HAT707nonMR,19.70999916161613,18.7587325122468,19.9531223735042,21.258785477759623,19.11421832361076,18.8563773162582,20.8041548010129,19.22733487567081,21.403021479663867,19.10259258104778,18.49385254287144,21.06129582154831,18.73120455012264,19.475581702389125,19.432498658951257,19.845920223778087,14.218324852534378,16.455942558435503,18.287721856429243,12.95838849281774
HAT707_452,HAT707nonMR,-56.62999785766494,-59.14294633110916,-65.13663425980035,-69.10866418556023,-68.27737684560203,-59.18979349010979,-65.35743652043837,-64.35623555363833,-62.17615268109972,-60.68531504506534,-68.11233614353719,-64.12371248279429,-63.63315626119199,-72.99471062951801,-58.96215093696266,-61.50805313319399,-64.45790543311945,-55.674324568765115,-58.20887389175255,-65.48907420432847
HAT707_453,HAT707nonMR,5.149999746555701,4.255787074350654,2.1494823103626817,1.458650541493835,1.2196454860599704,1.453581771028318,3.1609713577081924,1.4173592886605897,2.775695098830367,-0.2245155479358729,-1.2442621179222684,2.2110073552945715,-0.3943502340682158,-1.6608076131536484,3.0379796890559656,2.965230758692748,0.720787793504111,0.0012597975868980254,1.822694948919756,-3.572384183992336
HAT707_454,HAT707nonMR,-26.27999888215485,-26.32853542218784,-28.267855585295333,-26.082909325977376,-28.44511295548883,-25.54210170644792,-22.435491117977527,-25.525535142583905,-25.706513706706424,-26.768350725689565,-26.043317054979507,-25.089005980691383,-28.404199024054414,-16.862063979863883,-27.17255982389002,-28.822480900702296,-29.98708652997701,-38.12873065942945,-36.15081061616045,-34.57202429514878
HAT707_455,HAT707nonMR,75.91999686161765,76.74806686950787,77.6861263269352,75.95904273189775,76.26754534018693,75.29265923421579,75.96024773833682,73.05301918644044,74.57591389686324,71.84825094599115,73.56159258548735,75.82252986562462,73.09771900799922,75.68958558295932,75.12685303343292,74.4525730191899,73.46220525869022,72.01245818249006,73.63398133808062,68.14489005353693
HAT707_456,HAT707nonMR,39.02999867506608,38.39704662312235,42.45486180020324,37.47233780616658,39.137839127510375,37.95976746184884,37.98860246341864,34.246287189945875,37.38131925125081,33.97728316552581,36.73940498350927,39.058099992579976,35.45459991761937,37.07484387513148,38.2027269565304,36.74894783377288,35.26328321081993,35.09055829711153,36.90542351768948,31.50207552124859
HAT707_457,HAT707nonMR,33.3799987520699,34.14922195373713,36.22484031210335,34.79988182106231,33.99379651662661,33.03403771880001,33.61193334456074,31.58888747888104,33.56186599511624,31.66635346065948,35.00556198189268,36.59351248209879,33.15911221689698,35.02927230183243,34.00618443213276,35.01474175520475,30.857619115549245,31.293162105810342,33.076966322302404,27.603926645927388
HAT707_458,HAT707nonMR,82.7199965805191,80.83634669035517,76.21632964843919,74.63811225941173,72.89002190625777,80.79710331462253,79.41748388907544,77.83993366814924,77.51992165764122,78.64294856870839,75.60791440914,78.86137796504113,76.3366738546443,73.63641919979968,79.27491699960663,75.79401012477824,80.91191957898609,82.72224061158438,79.35961771703455,72.02434515038904
HAT707_459,HAT707nonMR,-5.269999638299143,-5.056036979909539,-1.9998155277016816,-5.065210666418227,-3.534846271384944,-5.8553348281136985,-4.734774343012112,-3.6852272226073657,-4.208176173507069,-9.078943365756258,1.3476816406270542,-2.031119841845541,-7.367350344066615,7.078631289814599,-6.587282209931795,-5.468889079847116,-4.71543584518438,-3.993737304124969,-6.489582783378849,-14.716402341764566
HAT707_460,HAT707nonMR,-52.95999803096397,-52.81157723114368,-50.699972647626986,-53.12569278608797,-52.79801574736439,-52.33902783313566,-52.02380334343732,-53.75330071640562,-50.0906911315732,-52.577812820984335,-53.72292856756339,-51.1303171389141,-53.25108449029825,-54.90413853362104,-50.723853273663245,-50.78931914078691,-58.13761479705872,-54.06132375342515,-51.85785087313033,-56.985545478465674
HAT707_461,HAT707nonMR,-60.589997422745896,-62.59945168427388,-65.29213550001703,-71.12998377266548,-70.05955075237863,-60.92303740843655,-66.62746794249908,-65.80981525390193,-63.739448522314994,-62.30521751188227,-69.2613344794686,-65.07110488868145,-66.96501055968788,-74.11584258751705,-61.6179697006994,-65.52559550527522,-64.80620240054348,-58.305953794797745,-61.153629886150036,-68.24877214306316
HAT707_462,HAT707nonMR,-47.059998333502286,-48.21392832909918,-47.16390925884125,-50.37115630268384,-48.47909977667277,-47.778219949599766,-46.95955427255428,-49.991602239991096,-47.11706272731671,-48.75681959387701,-50.888843210152814,-47.9357511202806,-48.92165742210207,-50.90256709346431,-45.74115514578774,-46.2685132919582,-52.720516907918665,-49.14315119739697,-47.40927724514762,-52.592229342657454
HAT707_463,HAT707nonMR,13.409999197500166,11.142086710369911,6.023957103219082,5.311223935946019,3.20100501885982,10.386097558046997,7.944973316937194,7.334486104180502,7.271934390983381,9.535067891540082,2.3989904939312425,7.272226182906273,7.152145781710338,-0.6581196372071155,10.734009957465798,8.103780214397403,9.24575190250524,14.131348486575293,11.290347698332745,4.223431599596381
HAT707_464,HAT707nonMR,-52.55999776430969,-53.391396549879865,-51.43060238510071,-55.48854362883757,-53.434928639156816,-53.21191233684219,-48.78968176306529,-50.48092860573696,-49.75958155322675,-49.64968650929697,-50.00748412829269,-48.28513653548266,-53.889780826741685,-51.96426285998293,-51.650547718774654,-51.45702662077648,-56.79174244318121,-54.677657643976566,-52.91909196088644,-58.05783742069848
HAT707_465,HAT707nonMR,39.01999868408747,38.16815902839495,34.23206349543404,33.39528199632608,31.829172716370667,39.58751448735337,39.2425289175736,37.48743191914078,37.1664622036232,39.89631735887159,33.3815254826084,37.014753881677706,35.0950801616366,31.871101456192665,39.06381490962334,34.971923771750525,35.05819513845707,42.2323729591027,39.18653810876714,32.119143270245125
HAT707_466,HAT707nonMR,7.859999811799661,6.115206267853325,2.452457815175062,0.6835489566464787,-0.6054264116432059,7.341961248038028,6.276025399917655,5.405224039393908,5.071172257410557,7.959016978978284,-0.2027430399860636,4.395642997403855,2.554773987917101,-2.678746955838982,6.739933992435109,2.730822712091749,3.841205045629269,10.0121370804736,7.0952277048507355,-0.04638231897543645
HAT707_467,HAT707nonMR,12.69999921050866,12.00303177952038,14.725343266911134,11.08888476288345,12.384357364256712,11.70253085837545,14.360507878164055,11.417733863754744,12.55947749992622,11.689013990513423,12.805061239226951,14.895630261891968,10.974740099251704,12.559022618332143,12.513891070192736,12.299408269170629,9.111695630405862,9.41983292212603,11.290637395986163,5.868549678543331
HAT707_468,HAT707nonMR,-35.38999882130098,-34.63612236787404,-33.10629443068213,-35.625721374654155,-35.280963528122605,-34.62619240698273,-35.16019895330053,-37.0682503821156,-33.70026559413289,-35.24431057423343,-36.71923500924645,-33.64773740355425,-36.26786600122183,-38.069622407912114,-32.93935839909916,-33.3233298147021,-39.1895340400222,-36.872884594421706,-34.667800810209485,-39.762885879256345
HAT707_470,HAT707nonMR,-57.44999774542127,-57.09450848278794,-54.49021784777744,-57.70156792507443,-55.379234804295805,-56.21460792115742,-55.597497032108656,-54.6449384034809,-53.47379852128647,-58.78579454488191,-51.46720043187627,-54.68288609764238,-59.05351939122133,-45.765962226794514,-56.54148846206531,-56.682179411958906,-59.73079232938482,-54.774519902147965,-56.74567641158133,-64.81863514870352
HAT707_471,HAT707nonMR,30.529998813125257,28.79787518747677,23.72592732836344,22.001755000755523,21.045633373346902,30.43783022157881,28.55476119997889,26.880222487275702,28.25429930986183,28.93609738958274,22.793032336636664,26.20961170924429,24.6505048074896,20.791825683190567,29.32071074747312,24.580719792666454,25.89656309478565,31.941458013561387,29.103524088832078,21.922112343450095
HAT707_472,HAT707nonMR,-68.73999697292554,-70.11766427930024,-68.1370871880581,-70.87416265553102,-69.84188101901785,-68.79718944141972,-67.16949136160025,-69.25702556020003,-65.61267060242577,-69.67103692114004,-70.41189355702168,-68.69085187416022,-69.1451761380199,-69.39852530706035,-68.1645814528438,-67.41725161752353,-71.83425744515881,-80.39440638474345,-72.11000510640267,-77.467614182131
HAT707_473,HAT707nonMR,-4.3099998768421335,-5.3798582866572655,-6.930919575649935,-10.125852373678285,-7.074207159823814,-5.274662661150659,-3.279272644119004,-5.980040538954769,-3.274436302967892,-7.601195389218995,-8.674433000249099,-6.076606967871403,-6.023583233036815,-9.523609066479803,-3.4455226196297364,-3.7353618409392815,-9.39586479294765,-10.32422088139611,-4.703249307710082,-13.22794611547844
HAT707_474,HAT707nonMR,-37.05999856974949,-38.97876905258841,-39.95859805074122,-44.67932126428758,-41.31680007592019,-39.044310911163606,-38.546650843060206,-41.39436457668752,-39.42802310265828,-40.3304811238166,-43.171910852086114,-40.08891576688059,-41.71776087137932,-43.85648340220895,-38.04031376220114,-39.0563806166393,-43.00749536485655,-41.479341109350834,-39.55599107653636,-44.6556966678175
HAT707_475,HAT707nonMR,28.2299990055142,27.125697730196112,25.726521281495,25.67703255869699,25.60509650402436,27.247189274662475,30.72074111087859,28.158075187354832,31.48528221337886,24.631078118194544,24.130801147365748,27.06545707169512,27.0351612907009,24.25986089537352,28.708050281036407,28.200332616592966,23.73679778158717,21.935301266946823,27.46043199697714,19.15747428202087
HAT707_476,HAT707nonMR,-3.9499995741023337,-3.789317741111177,-5.507350767069132,-5.064956148541113,-5.69385110076948,-4.703660415269582,-3.0361843216994355,-5.045134755814412,-1.967292778426038,-6.1327379412835805,-8.833079317978138,-5.120233018876814,-6.946673828493875,-8.643233166495936,-2.4908473387324803,-3.568832874802537,-8.521524858206519,-6.076004290202938,-4.226178842378526,-9.408134512292145
HAT707_477,HAT707nonMR,-97.09999586116182,-97.0908522950962,-97.67681386490084,-105.9172997164532,-100.9552964744932,-97.41816638235454,-97.93943429816234,-99.35061418720836,-98.7929599463101,-99.41807509520858,-99.11196875742476,-97.26807747405437,-97.68589141690558,-101.1926845635678,-95.5852989972154,-95.34390024411984,-103.54444641785564,-94.29874851241452,-95.09464354727568,-103.5128393714692
HAT707_478,HAT707nonMR,-67.96999704006231,-67.51200234783295,-62.79978891572572,-63.53851553333926,-63.0085507127896,-66.36479956748752,-60.33896238322623,-63.72343617476624,-60.48285068206534,-67.08469613196141,-60.96172957991749,-61.797131813234486,-62.95008665911143,-55.13454043423399,-66.15909700459272,-62.14831309774273,-67.96691079159389,-73.29746623499193,-68.34209154249984,-66.86914710214589
HAT707_479,HAT707nonMR,-66.58999702999378,-66.37626943661736,-61.11744028273591,-62.327464668033066,-62.06881034568086,-65.23982568278018,-64.98557484539883,-65.07810017608583,-59.04004406450107,-66.77148124130265,-55.83628402806807,-60.03355157682712,-58.76346342798551,-55.227988517564135,-65.33373768391291,-61.50666031308133,-66.27746732698542,-75.59451473072934,-66.99828080133081,-62.0816394470104
HAT707_480,HAT707nonMR,-87.5099963550419,-89.6944875444696,-89.05248599009168,-94.628723492219,-92.97010444384853,-88.02222229855386,-87.41422937315004,-89.99381928996381,-90.46620026444629,-87.4784174427742,-87.41602015968591,-87.24404378369968,-87.1458556820544,-85.38562653454011,-88.72429828417606,-89.93215694600559,-88.8559749638285,-93.89079081887097,-86.28667199582414,-80.99066591825427
HAT707_481,HAT707nonMR,-133.259994615326,-133.61646913057288,-128.48490824791733,-133.89486935633275,-129.93044729274305,-132.6562997533136,-129.60635433712042,-133.27587593883533,-131.3961559980668,-132.0462553739458,-128.26444157932477,-128.9515046517745,-131.7030088211738,-123.2508847317808,-132.9074610478035,-129.40502633095716,-134.7112039380376,-136.71210861123714,-135.3585146160448,-130.6823180520262
HAT707_482,HAT707nonMR,-9.12999992110337,-6.77333964753578,-13.134743672726453,-10.597874726418713,-12.448785769982509,-1.753845054334708,-3.164524316336641,-7.498951819232135,-5.2271399254902216,-4.681241509813908,-10.662888723962814,-7.846691339848983,-6.385046385885548,-5.367076044182815,-4.0027755053995095,-7.355680675881406,-5.869810291967448,1.2714184967708242,-5.175642636287759,-6.31022273766097
HAT707_483,HAT707nonMR,29.82999881711237,28.54963300432629,31.5708553665818,29.968353235435178,27.72407432387831,28.95242744517636,33.17814947383956,31.21178842139524,30.572842336264262,28.42896412468254,31.43996962874803,33.3399946465544,29.44776290442929,31.226269206579367,29.045399876350185,29.101748595616925,27.380451955638254,22.742757311047882,28.43070929198224,19.792671613589242
HAT707_486,HAT707nonMR,90.34999626511012,90.62422114346754,90.8084925007668,92.64240324596248,90.15155691122742,89.38111288994126,94.02114848814612,89.89644820565447,91.16867904833845,88.37035325962417,91.14632032107194,92.80216571483524,90.0505999239626,92.84812325368677,90.16903342662496,90.5302864892398,87.58050718250652,86.96687065296747,88.65539673005426,83.28757181496556
HAT707_487,HAT707nonMR,2.979999821666704,3.7556467122884,6.13546089318268,5.028227642578301,3.900094184892169,3.4474805746317148,3.651758565544992,3.0804177782604363,2.5960642995525203,3.798674785928714,4.484891975584688,6.828564936567126,2.7931177738792288,4.410316239639779,3.9924815262505726,5.8216587164491305,0.9956231844003376,1.9453037532015394,3.8154994067249794,-1.505054557830303
HAT707_488,HAT707nonMR,30.70999865074042,29.089103965871725,26.986631716085167,26.045151265192416,23.34534634637936,30.29188406810052,28.19308532144321,26.03633067826613,26.686609208104755,29.14448324581557,24.08654648092871,28.27780550108097,27.61320155742186,21.54170433651844,30.42323397469596,27.55396114902948,26.94653434318856,33.92694821724782,31.109017031737302,23.972900220250917
HAT707_489,HAT707nonMR,23.719999309099663,23.2829233354072,19.18110399370096,19.571493701731463,16.158561665158246,23.36105447731884,20.57512997001124,20.55849827065174,20.92864458580267,22.760401404669697,16.864312785579365,21.12137916348805,20.005836244096955,14.410173998006492,23.29078533891981,20.59396485511804,20.71101501619942,27.00475792300804,24.005005051658976,16.86012299279983
HAT707_490,HAT707nonMR,21.289998991257068,20.61663865493202,16.333310942807138,16.361758959315807,13.130207846022207,20.26829245815896,18.396085311779387,17.85987350889607,18.270790683394207,19.63886042057301,13.562548758633255,18.06465300538294,17.37040407096936,11.083571200883853,20.26432634724969,17.710138327712343,18.489582007710155,23.974702551442782,20.907961824358612,13.768040257185366
HAT707_491,HAT707nonMR,28.539998725851422,28.261396442034407,23.95195486038512,24.3945460148075,21.004012740726687,28.673468108444748,25.527450866278667,25.57637765448453,26.07356075260058,27.936356449133253,21.997757702661826,26.093525217583924,24.739146105553456,19.791502727661303,28.232227354401893,25.44615619813479,25.58712853082616,31.885466264126453,28.881556631146,21.688994648419108
HAT707_492,HAT707nonMR,34.00999881123245,33.77783354627729,28.919795258230742,29.11506892742017,26.22655038618809,34.237544414191895,31.378510786097745,30.13825136284441,31.70290952707784,32.95454776791909,26.70108641642941,30.412188113713807,29.725109667248336,24.97861175301506,33.647855375376345,30.55174145163568,33.129631332340104,39.50946279233865,34.37781929741684,27.398083207284984
HAT707_493,HAT707nonMR,44.909998390570536,44.51968975674989,38.25673029640908,40.96876117050069,35.669511182043266,43.927112731124936,41.28876339185564,37.50596170913612,41.11247734350024,39.07549009987009,34.838343194483855,39.22688071381503,42.19445415359484,34.95628272160278,46.39319352590137,42.67735319086514,40.29791674874141,49.309802642752125,46.74808897629325,39.31056676053811
HAT707_494,HAT707nonMR,-42.559998000556895,-43.0561255022952,-44.723248621782616,-45.26612055927596,-47.33630600342661,-40.68759507124284,-44.68661474417412,-42.52318660053108,-41.948737445075714,-43.95900326456319,-42.54782990158502,-43.68407642923281,-44.73129285401254,-39.67972851059909,-41.72362588859429,-44.28183084732366,-44.4653183192237,-33.15748863695043,-39.87578492494671,-49.669857182834036
HAT707_495,HAT707nonMR,54.60999779745524,53.9026423236414,50.56918492682368,51.487925940328005,49.15780523863757,53.09307459266581,53.99924979171448,52.77567346076499,53.89557324107218,52.61177463779906,47.49436679207604,51.9838843283151,49.10245256525814,44.41558819399816,53.62782699678612,50.77618172805897,55.63461208069101,57.3489399736108,54.2488238551756,46.806008707666194
HAT707_496,HAT707nonMR,-47.51999791851881,-50.07994860862679,-52.30384852252367,-60.79739545348527,-59.05432423484795,-51.83395800765173,-60.06912590466676,-57.32747225352637,-55.64701054168788,-55.70445558270589,-55.84018180312643,-53.18735814210974,-56.67871323795029,-62.1345863907086,-52.68144902271618,-54.87422258418414,-50.51938840853322,-48.2415082824829,-51.378006604401826,-58.80838816362646
HAT707_497,HAT707nonMR,90.96999623948012,89.64803038253528,84.35160606930572,84.73155056840379,80.3249623625438,90.0999187173635,87.80401679764145,84.60557866900812,84.32416213071419,91.52056672037108,78.74512474411546,87.72106274348054,86.49714197257677,70.96810414962486,89.8546807357801,87.08455792105666,86.62297860854852,88.66128166888467,89.66469990711217,85.23569293432331
HAT707_498,HAT707nonMR,39.49999825106123,38.39896253497077,32.47721116291524,32.499158118490975,28.272349494403368,37.65657998437878,35.26786872315661,35.50911499148416,35.45204833860999,33.8223167516458,33.310788975150096,35.539947794994724,36.39210133090885,32.229582621276016,36.92275484315323,32.81715751786463,37.15763527196086,32.50786706415904,35.00368912968543,31.55790874377752
HAT707_499,HAT707nonMR,21.93999903237685,23.517281118565386,29.523442366698863,28.3316166974291,30.36827864017449,25.614039392616338,32.308459056114565,28.673759147338373,31.62783648989616,24.50848479249577,29.432120222730163,29.39321381959737,29.63056890161961,32.38263368792463,26.244871403907933,29.94714008939239,27.37785242166161,13.811313755121882,23.975326202514058,17.314341707905026
HAT707_500,HAT707nonMR,40.13999830120239,42.20911760680923,45.21717695373008,42.06814063811159,43.15822424304779,40.88132607117411,43.59323815780497,41.13448384983366,44.404473997209685,38.18801731862381,40.27481557410503,43.31452047491016,38.43178774386022,37.5264581771526,42.99436583152145,41.9047364807835,38.02662115782122,41.18300594255822,42.9288528521261,37.32330938106697
HAT707_502,HAT707nonMR,-7.689999965163118,-6.633254181607214,1.689960197291206,-2.37189086975824,0.3436987361341762,-4.389880577919467,2.0785503336391,-1.549773388499511,1.6841077301508252,-5.0884038557788,0.7225041799958666,0.4566759183942715,-0.6707770053505476,3.007066250556825,-4.27107446008943,-0.7262072389653521,-10.009264323716026,-13.261480329959173,-6.580725246906359,-10.10503639067298
HAT707_503,HAT707nonMR,-35.5499986769589,-33.83032195280772,-24.7943835683043,-32.867880614685745,-27.995850057645004,-30.81288635917835,-23.557307688885007,-26.30281305585111,-24.228254121696104,-33.41218176769265,-22.253673259998887,-24.536795698207573,-22.65707243168203,-21.42604084893256,-30.617162075334782,-25.24456137505038,-38.28789273692143,-38.069582175873094,-30.432766878290007,-40.39657030001166
HAT707_504,HAT707nonMR,-22.209998788799595,-23.590020761693985,-23.367366657828715,-24.27236966922553,-26.04820786389505,-21.73072211269212,-18.14683741922017,-20.441379525966045,-19.55289494837346,-22.516858200754143,-20.11330816024297,-20.089670945123977,-18.392933519956344,-17.269282236921967,-21.97593424089392,-22.67544371275549,-22.11168181734911,-30.476148442625746,-19.270248922321127,-17.1774949684159
HAT707_507,HAT707nonMR,5.639999932017563,3.607047009470852,3.1169771077132866,6.223620075684137,2.2913409298662915,4.69228366849543,7.489020603303941,4.311660141403388,6.359466903455632,5.806919711141873,2.862869279733951,4.903800671477867,3.593361906357302,7.163824862567418,4.370153374333601,1.842910423293866,6.166946595802786,-5.668046596680369,4.58179270907301,13.114038940933266
HAT707_508,HAT707nonMR,-52.28999800788695,-52.747567060477934,-51.339115959091295,-54.76417907152504,-53.00551223434939,-51.02113871081394,-54.36020259104232,-53.17757326138071,-49.79021556173286,-52.309217995598615,-51.317386435505,-52.51198255913356,-55.19715483555138,-51.883561062758936,-51.51743501255259,-53.05343431711229,-53.077786040926384,-45.6919121163135,-51.2571536720048,-53.25606939836272
HAT707_518,HAT707nonMR,6.719999585218013,7.071687583762364,8.43750437360708,6.331198040879848,6.954540601020928,6.878350973524702,5.97392401582369,5.130105186228839,5.929445077519963,6.549009465867065,9.458229984002726,9.525704885330493,8.796564541688813,9.277910116496985,7.518446028614606,8.352622045605898,3.554982261680289,6.277163410432223,8.521580631037786,6.755369008235901
HAT707_519,HAT707nonMR,48.42999772508273,47.98035229740878,48.37385489174752,49.23047792667475,47.475053368211405,47.52378368324823,52.08408686084229,49.10676700662391,49.81498668654077,47.824829659049264,50.43784618983761,50.90506564779724,49.575213747649805,50.912513683350255,48.386205846887975,48.09057916833131,44.90822148394262,46.45731734097072,48.46614433639271,47.19438973742729
HAT707_520,HAT707nonMR,-5.699999877889284,-6.844185153422158,-10.717050635412882,-3.464607881044093,-10.670266854930109,-6.26553149622984,-4.511868419613078,-4.620413188689765,-4.364110081616594,-6.402989642870744,-7.595539081447197,-7.364738586934941,-5.974543869633132,-5.070155692103312,-6.165036732399369,-8.425814436936635,-3.894458263846481,0.27357507640339473,-3.6632199366893645,5.945449710554169
HAT707_522,HAT707nonMR,-9.6899994159061,-10.466154149898344,-11.318276059430447,-8.540954079476592,-10.646519825628465,-8.851937295462248,-7.611459059629403,-7.664465600575905,-6.804921320774196,-9.244559431230789,-13.12015639917966,-9.846822442096853,-9.517416803039229,-12.112833952040315,-7.833198944927581,-9.1626688800455,-14.741010767826596,-12.746483197150136,-7.854491139722518,-9.265322800032209
HAT707_523,HAT707nonMR,23.07999925895849,22.66667338942361,20.01224888896332,23.19144400031003,21.45222129719649,22.490705111927834,24.529355004628595,23.344017406845687,24.74570891344157,20.29490513495764,17.20487617059326,21.06078553080624,21.65800160852492,18.64525934657329,25.56439674158336,23.239927892267943,16.50436898318415,23.339105484328737,25.66146660417978,24.319444960382846
HAT707_524,HAT707nonMR,-41.3099985007199,-42.56193173370455,-40.56849013347685,-41.54942737603072,-42.226437370244696,-41.97280977521307,-42.22055578669798,-41.732309615705226,-39.53967573780648,-40.94990476185394,-41.271330300148506,-39.682351374699536,-40.963949804404834,-41.8604838850755,-41.07206579617672,-41.25185811638941,-47.45980278329185,-42.74747807124494,-40.4833276278684,-42.105713474589386
HAT707_525,HAT707nonMR,-55.86999791578034,-57.06487717160069,-58.372130196618365,-61.349562312296506,-60.12101020779548,-59.37560532051429,-59.863739230074025,-59.54228520271544,-58.16700211863998,-60.27701289083759,-61.00944496094221,-58.53263984102461,-60.08950458859569,-62.99687320068961,-57.46658476614335,-58.13254758147475,-60.957339842322114,-59.2021608320516,-56.94835453537789,-58.63648615139947
HAT707_526,HAT707nonMR,-87.2999965444909,-87.64919966821051,-88.78946809234772,-88.89112217983906,-89.78576864934428,-86.37128879791919,-85.46020170575974,-86.48517963395993,-86.64921092417677,-86.82084806859127,-85.80849989799945,-85.83265317701057,-88.09935337858188,-78.19812956732851,-87.67712427908933,-89.9202592408698,-91.66521416580322,-97.33215128906795,-94.92186010054198,-89.6361262625559
HAT707_527,HAT707nonMR,14.89999910833352,15.427402623556526,17.164513819954152,13.150829878107404,14.926889646331473,14.463472142744529,12.935537150625946,12.093374695064403,13.633216679392891,11.795753603089436,13.796409742467404,15.078882669305433,13.40256465347174,14.353519995423358,14.622288578233606,13.354794679022396,11.78407762279265,12.80903755289352,14.862931853782976,13.080788086129797
HAT707_528,HAT707nonMR,-21.979998996291336,-22.92361762290033,-18.06675070677781,-25.33587504762377,-22.202816566345074,-22.869419629622428,-25.03610812429224,-26.71335730143016,-23.56137796621954,-26.075214177375905,-23.02577785951068,-21.68554720373921,-24.240554436908106,-24.261221712404488,-22.30183749859757,-24.34883050639462,-26.414844425006294,-24.112862332568916,-21.865625966608167,-23.562026446158537
HAT707_529,HAT707nonMR,-27.62999891928752,-27.171442292285555,-24.296772194877693,-28.008331032799376,-27.346859177228847,-27.79514937267126,-29.41277724322148,-29.37075701249499,-27.380831222354097,-28.38614388224224,-24.759620861127267,-24.15013471429173,-26.536042137630496,-26.3067932856322,-26.498380022995207,-26.083036584962752,-30.82050852027698,-27.910258523828155,-25.69408316207913,-27.46017532147974
HAT707_530,HAT707nonMR,-66.28999730063518,-66.37670122593222,-62.52142803468273,-67.87342352020858,-64.87550196524039,-66.68452191958497,-67.75948493079433,-64.64487171391205,-65.15087339097741,-69.13144070865798,-58.41750120239288,-62.774767038164725,-67.06250469859408,-54.25743429772137,-67.09184666513111,-66.56666742001461,-66.3935634810106,-63.197157933763464,-65.26063226771844,-69.78050430917169
HAT707_531,HAT707nonMR,-113.97999506579052,-114.13224147709502,-111.22158515460804,-115.93390563994964,-114.13867144121984,-113.16821492460691,-115.0485139311482,-114.7129452077103,-111.03338834904352,-112.63031016388604,-113.48811141058334,-111.87396433523328,-112.94623884482571,-116.24020412108568,-111.2284177287912,-111.8870974809544,-119.81574243288496,-113.2647443831056,-110.62890035746992,-112.0496474458728
HAT707_532,HAT707nonMR,-108.07999536832884,-109.53459257512186,-107.6855217658223,-113.17936915654552,-109.81975547052822,-108.60740704107104,-109.98426486026516,-110.95124673136712,-108.05975994478705,-108.80931693677871,-110.65402605317276,-108.67939831652843,-108.61681177662956,-112.23863268092894,-106.24571960091572,-107.3662916321257,-114.3986445437449,-108.34657182699351,-106.18032672944526,-107.65633131010654
HAT707_533,HAT707nonMR,-113.57999542664574,-114.71206079590254,-111.95221489208176,-118.29675648269924,-114.77558433301226,-114.04109942831346,-111.81439235077616,-111.440573097113,-110.70227877069708,-109.70218385219869,-109.77266697131265,-109.02878373180184,-113.58493518126916,-113.3003284475189,-112.15511217397396,-112.55480496094398,-118.46987007907876,-113.88107827357311,-111.69014144526798,-113.1219393881056
HAT707_534,HAT707nonMR,-48.3199978243179,-49.317632466430965,-45.79626924006992,-51.71932809097823,-48.95629832959874,-49.126656233095815,-48.66420270961816,-49.541910627549946,-48.38321971754412,-48.363483352388286,-46.96012160379299,-45.848016934427214,-48.72041425527577,-48.77704296920383,-47.99067338493524,-48.79837007099688,-52.5664320054917,-49.78358770747052,-47.480412088395376,-49.195552288905745
HAT707_535,HAT707nonMR,-96.40999585612754,-95.95678661389672,-93.62790693773452,-98.43393422851584,-96.62161922197804,-95.45537949838264,-98.18490954108276,-98.0278948734203,-94.64296281160324,-95.29680791713514,-96.4844178522664,-94.39138459994476,-95.9630203557493,-99.40568799544808,-93.44392285422714,-94.4211081548696,-100.86766167591976,-96.07630522401826,-93.43885029459102,-94.82698784666347
HAT707_536,HAT707nonMR,-61.51999721126704,-61.51529678879518,-59.77585514764259,-62.31717558347237,-61.90317815323269,-61.48269428308665,-63.554279575380846,-62.43397800066733,-59.06653450239504,-62.494675297838114,-61.67193206414696,-60.44018210863483,-63.45142299143949,-64.81310261135172,-60.58300778299201,-61.339478297755264,-62.39146245112238,-55.31551523953199,-61.19916637035364,-62.19080537059726
HAT707_537,HAT707nonMR,-118.46999540775732,-118.4151727287393,-115.01183035475847,-120.5097807789361,-116.71989049815126,-117.04379501262868,-118.62220761981952,-115.6045828947856,-114.4164957387568,-118.83829188778364,-111.2323832748962,-115.42653329396155,-118.7486737457488,-107.10202781433048,-117.04605291726462,-117.7799577521264,-121.40891996528238,-113.97794053178646,-115.51672589592091,-119.88273711611065
HAT707_538,HAT707nonMR,-129.74999464428296,-131.4383285252516,-128.65869969503916,-133.68237550932136,-131.1825367128733,-129.626376532891,-130.19420194938246,-130.2166700515047,-126.5553678198961,-129.72353426404177,-130.17707640004164,-129.4344990704794,-128.84033049254737,-130.73459089452498,-128.6691459080431,-128.51502995765537,-133.51238508098504,-139.59782701438195,-130.8810545907842,-132.5317161495381
HAT707_539,HAT707nonMR,-98.07999623208552,-100.2994332986111,-100.48021055765092,-107.48753411814926,-102.65745576977564,-99.87349800256354,-101.57136143077108,-102.3540090679922,-100.37072032012864,-100.38297846671831,-102.93709369510606,-100.83256296327112,-101.4129152259068,-105.19254898967358,-98.54487821732911,-100.1541589568068,-104.68562300068275,-100.68276173903128,-98.3270405609179,-99.71979863522463
HAT707_540,HAT707nonMR,-64.96999723643837,-65.10998198713386,-66.02896327405018,-67.87316900240279,-67.03450679462493,-65.53284750674085,-66.06089490941031,-66.0047792471191,-62.90998999589638,-66.1852352841853,-68.59826216099808,-65.86388021519599,-66.64182818302135,-69.97929875396056,-62.995411793931794,-64.66661121497003,-70.19965249410409,-65.27942491988338,-62.997228326718115,-64.47223647965733
HAT707_541,HAT707nonMR,-127.60999469232983,-127.69693368264004,-121.6390527897883,-125.13567752189476,-123.40946603953633,-126.06901277418012,-128.01028543310971,-126.03774466746184,-119.9827412819714,-126.82397858420435,-115.601466871088,-120.7771987731463,-118.458617782513,-116.56405410502876,-125.83830213904088,-122.60443865324883,-127.95559496288298,-134.79793536040978,-125.76933028571234,-117.14574141441753
HAT707_542,HAT707nonMR,-194.27999227766205,-194.9371333765599,-189.0065207548984,-196.70308221015875,-191.27110298656285,-193.4854868448205,-192.63106492486696,-194.23552043021127,-192.3388532155372,-192.09875271681184,-188.0296244223447,-189.6951518480937,-191.39816317570128,-184.5869503192811,-193.4120255029672,-190.50280467112464,-196.3893315739352,-195.91552924087566,-194.12956410038439,-185.74642001943334
HAT707_543,HAT707nonMR,-62.86999724839971,-63.85197879221712,-61.6245586757002,-61.618300209996825,-63.07149744316087,-64.02266438123993,-64.98312661719834,-63.45987027297887,-59.33907843331675,-64.6636440363938,-59.11295413928381,-61.095590653931126,-61.710885718766,-63.00144096769227,-63.26742980895369,-62.30218149561693,-62.24403650109733,-54.7455486689848,-70.37167901957461,-75.2519890117434
HAT707_544,HAT707nonMR,-41.159998008531126,-40.2226772552272,-42.64578318922142,-38.45412802233105,-44.58498795336388,-39.72598072794187,-42.45693866828631,-40.51859164684023,-42.21948582027323,-41.20037692544261,-37.810148809167366,-39.79609612647805,-37.451626918714666,-36.09459952845575,-39.66096296533169,-40.30552802135316,-40.32174539383477,-46.076205913692554,-41.75914296565317,-37.32022875918285
HAT707_545,HAT707nonMR,-100.97999612592326,-100.56875528206672,-99.11755196021528,-100.62153522937356,-100.97319517821066,-100.49959558040264,-104.82744044613574,-101.7185947316553,-99.10664427672596,-100.8527011855586,-95.60698428134332,-98.37685791206408,-99.10748513942836,-100.4626049008442,-99.96348122974088,-98.73618194780003,-99.49991896916436,-94.27055676555949,-107.55298507252773,-110.22871394030693
HAT707_548,HAT707nonMR,29.32999864067189,29.303556897516195,30.2868799938571,29.834190392172147,28.810901217371963,28.551925798469995,30.9964379003639,28.93680371427844,30.225981830868097,28.31785591672245,31.381137478052,32.058518518516046,30.355445569435123,31.512057666150803,29.664468971425645,29.432508149072305,25.90237954660896,27.763450023328975,29.88434724567273,28.22346984755843
HAT707_549,HAT707nonMR,-2.8799999118805024,-4.429791247123744,-3.223278530361667,-3.955960537580714,-4.880275843278193,-3.77517857212692,-2.299645766691995,-3.303601813826208,-2.6311145314420634,-4.0720900136625575,-2.811166766098191,-2.2625856220129763,-2.988623245163488,-0.6715938971199366,-3.30668257161104,-4.625386703247138,-4.507184171807589,-2.7905639207918327,-2.3899944902899564,-3.9855046105361165
HAT707_550,HAT707nonMR,-58.02999784969072,-57.565017533698615,-54.38615161379837,-57.77998521124771,-57.440561508963285,-57.38170651683955,-59.37295202220155,-57.879226713044254,-58.34663291788216,-56.253822556973,-55.280290867435255,-53.91508225975205,-56.90203658068391,-56.92574934782485,-56.512082928913074,-55.276119623682696,-60.682504451461554,-57.25811687643696,-54.95555007761461,-56.56915652523743
HAT707_551,HAT707nonMR,-65.00999720035286,-65.90876195177862,-63.92560027448815,-67.51748903965616,-66.10185477453311,-64.99039066687362,-67.34262806535176,-65.45595111528446,-63.22233440538082,-65.62490534292687,-64.45592409329224,-64.85951766741984,-67.5518604318036,-65.77860161485448,-64.90096404068817,-65.89503744104455,-67.71783536556525,-61.22667235728278,-64.72701114511547,-66.88611234847282
HAT707_552,HAT707nonMR,-69.50999690578877,-72.27194584484164,-72.56853863699763,-75.9608212192603,-74.49068311284792,-73.58109576825939,-75.0751064686039,-71.55588217109496,-71.46050606479417,-73.48820572908492,-73.09340318612362,-73.4509988725695,-76.59689073833006,-72.90359901491836,-72.83323142030926,-74.0017796883665,-76.31730954924194,-72.50955300289264,-74.96135436804937,-75.7364164570001
HAT707_553,HAT707nonMR,-63.25999752407538,-63.420387878902346,-60.8609439027109,-64.29806592745649,-62.73823946063202,-63.2220752440692,-62.69020430066369,-63.20372818481216,-60.56172630114039,-62.96555301062052,-62.473398585090095,-61.69961282487971,-64.56746383955809,-64.51946294155859,-62.965420919846345,-62.22338042456656,-63.10764808138501,-58.25413352544032,-62.18436804670978,-63.16671040994359
HAT707_554,HAT707nonMR,-79.90999693619585,-79.07299317323428,-80.73005725306629,-81.23512582356237,-82.41136785981828,-78.85237615338157,-84.27791047808358,-81.58453784526642,-78.26294715447347,-79.23341095017459,-77.77048951642927,-79.47116669707488,-79.60451202098793,-81.89940804309754,-79.44727709760001,-80.52201131880722,-79.74460507931471,-70.63592301467096,-79.32655686445428,-72.53309719229048
HAT707_555,HAT707nonMR,-44.349998268258325,-47.956407288866174,-47.9314843068689,-46.904096302953775,-51.17543086578743,-51.20774747824064,-50.62810197951162,-48.42421704502687,-49.872900665393,-50.479248637506,-48.96319170934909,-48.03240151001863,-51.32667985083125,-49.877672121914216,-49.54652068867013,-50.646984304432216,-53.7222655229159,-56.06620038682513,-54.724365979178934,-56.634471811322655
HAT707_556,HAT707nonMR,-69.91999716342167,-70.18196768512846,-73.04108433266936,-73.58891547750288,-74.01562568496264,-70.82316652937423,-71.84821040878883,-71.09313214928936,-68.33279471723347,-72.1896883889491,-73.58223570191937,-71.76106998798915,-73.77972253431886,-73.40846126030014,-70.96509756345708,-72.30777707502104,-71.20431667622456,-62.69209846440826,-71.92458599886416,-64.90889181614416
HAT707_557,HAT707nonMR,-119.71999490759433,-121.19567304419256,-119.4777263635788,-122.19999436460512,-121.10616710080524,-121.62559936320513,-122.32259773032254,-121.03602515859046,-116.88202884325464,-122.49812035062654,-118.47967580810092,-118.95104850040188,-120.74184702289872,-121.20706529043971,-120.77307898522656,-118.14296275849432,-119.54052948974326,-147.24379690722367,-135.13108080440162,-126.34291652797009
HAT707_558,HAT707nonMR,-39.07999862995919,-37.80338312738596,-30.99817014021084,-34.47659615636124,-30.97237705368096,-35.21514769892627,-30.71625153166765,-32.28588534403765,-29.31486072757419,-35.54401255040594,-30.33306262028978,-31.350433376793152,-30.064585452907856,-28.95343189954,-34.25969305129138,-31.15063825077511,-34.30027521409327,-45.392106874558564,-34.795723281867474,-37.749760259502104
HAT707_559,HAT707nonMR,-20.87999936113364,-19.111546639106447,-15.304435553179625,-20.740072215678747,-18.18243145084333,-19.947861020225822,-19.43147242994158,-19.82516064139969,-16.538223220260658,-21.86448002424223,-19.490367268879243,-17.429126721302012,-21.263366610667248,-23.809607410312022,-17.510198623570854,-19.193041859384,-23.651506478076342,-18.02041468703833,-15.842196632255437,-17.740792586340152
HAT707_560,HAT707nonMR,-68.70999699998968,-67.95391842755856,-58.831652309618505,-65.18010372361992,-60.99695695772128,-65.2190676693194,-60.94616025407178,-62.50941787987554,-59.25858948731952,-65.14090119868051,-59.04267866302408,-60.28697127799625,-60.36593135987802,-58.328999336979145,-64.77563891528874,-61.82398557913285,-71.68739195954225,-72.46490095955572,-65.35177473128789,-65.1691383580801
HAT707_561,HAT707nonMR,-61.01999766233604,-61.32066424595135,-60.52161250701672,-62.80821285386168,-61.34065569385545,-60.82918709150694,-63.02471058778222,-60.95964449134036,-60.94269721743467,-60.05249734290172,-59.76518284301994,-60.74364719631918,-59.69515435452748,-61.3360655875003,-60.504564455163646,-61.09777834013183,-61.67812763586189,-59.203420629638494,-58.77104948429764,-55.064101967407126
HAT707_562,HAT707nonMR,-3.049999758517045,-3.505900765377583,-5.152789904635001,0.5491069971170323,-6.683290218314099,-3.2490495287078303,-2.612624839348911,-2.2598671881637933,-2.45191997679267,-5.011319776349151,-1.3161186671078606,-2.5148288682737587,-0.0550274980523055,1.3665644046961982,-2.9649115446158305,-3.871527569098697,-3.06586292569639,-6.551197817117874,-4.5778369126580944,-2.3435038306612723
HAT707_563,HAT707nonMR,23.75999927301414,25.05852326469521,23.920115782745835,28.998487644519752,24.588434268601457,26.26846274797914,32.64679032721319,29.6328590602162,30.537332579139647,26.561219323695504,26.6775721931686,27.02769311222475,28.503350729301047,29.844706070461694,26.63878294604089,25.46799967751788,24.569375599126904,22.49524182111773,24.19732768740893,27.199586497491847
HAT707_564,HAT707nonMR,-55.37999773031848,-57.713617236480495,-57.40463539926776,-56.584592778106206,-59.04931476398916,-56.136903422904496,-55.53568998447828,-56.6479843499013,-54.58323031401471,-54.24557763175984,-56.90231356328599,-55.83984652484131,-56.10179244817017,-54.17224072496855,-56.13441108086571,-59.25486791687364,-55.51118104002344,-64.87146722627692,-54.18925677526658,-41.95006302647386
HAT707_565,HAT707nonMR,-63.63999718126295,-64.1158110718172,-63.09877546823304,-68.48269982803696,-64.75027755512546,-63.37955502163626,-70.22080274044932,-66.98773644275907,-64.55918755433889,-64.9950120230984,-64.26991177363543,-65.83639548847037,-68.37765913464236,-66.84252334584883,-64.48115951227247,-65.14398647455623,-64.44451076773436,-65.59381817557792,-64.82114404771869,-64.82785563897471
HAT707_576,HAT707nonMR,9.599999497098516,11.501478830886107,11.660782904040088,10.28715857846056,11.834816444263453,10.653529545615951,8.273569782551355,8.433707000055046,8.560559608997696,10.621099479529622,12.269396750029578,11.78829050737914,11.7851877868523,9.94950401361692,10.825128600225645,12.978008748781695,8.062166433487878,9.067727331266003,10.911575121411635,10.740873618772017
HAT707_577,HAT707nonMR,51.30999763696323,52.41014354458603,51.59713342209135,53.18643846423763,52.35532921150743,51.29896225533948,54.38373262756995,52.410368820485786,52.44610121794717,51.89691967272966,53.24901295595363,53.16765126984589,52.56383699277762,51.584107580452354,51.69288841857036,52.71596587159628,49.41540565576804,49.247881261783526,50.85613882670364,51.179894348005355
HAT707_578,HAT707nonMR,-6.4299998468380295,-6.736471959991594,-11.512109092390576,-7.401060906102808,-10.171523956344087,-7.187851196299999,-5.93352765418834,-5.651630882883019,-5.838673573087852,-6.752601526154835,-10.114223117079796,-9.51081797612438,-8.78180740135904,-9.4633546655436,-7.703832595740892,-9.26765447813717,-4.190527541784874,-8.582195324605202,-6.501502831792457,6.0000699931424695
HAT707_579,HAT707nonMR,2.8799999118805024,4.429791247123744,3.223278530397337,3.955960537545044,4.880275843349533,3.77517857212692,2.2996457667276653,3.303601813826208,2.6311145314420634,4.072090013698227,2.811166766062521,2.2625856220129763,2.988623245163488,0.6715938971199366,3.306682571646709,4.625386703211468,4.507184171807589,2.7905639208757265,2.3899944903319033,3.9855046105780634
HAT707_582,HAT707nonMR,-6.809999504025596,-6.036362902756765,-8.094997529015275,-4.584993541913714,-5.766243982278932,-5.076758723299659,-5.311813292830398,-4.3608637867496975,-4.173806789367802,-5.172469417586068,-10.308989633099303,-7.584236820119546,-6.528793557911411,-11.441240054938216,-4.526516373280871,-4.5372821768161975,-10.233826595983338,-9.955919276295385,-5.464496649411588,-5.279818189454145
HAT707_583,HAT707nonMR,-8.379999342687908,-7.9743341715209795,-10.638630713739994,-8.239820942543316,-8.930761458774002,-7.605446201112144,-8.448294336287024,-6.349595614650385,-6.3716495606014165,-8.761719568134424,-11.842333443098878,-9.784884056717113,-8.81104645633826,-13.505402223893409,-6.87366077943248,-6.634765600861995,-16.010677230338075,-8.82251525299315,-7.440790233785935,-7.8942217891279105
HAT707_584,HAT707nonMR,25.959999170839,27.09646463652952,23.235527419342816,27.14740453790858,26.33249714051036,26.26588368405476,26.8290007714276,26.64761922067189,27.376823444847968,24.36699514860236,20.016042936709287,23.32337115285489,24.6466248536884,19.316853243711066,28.871079313230062,27.865314595568584,21.01155315499173,26.12966940512057,28.051461094511684,28.304949570960908
HAT707_585,HAT707nonMR,-19.41999942323615,-19.408543735796044,-22.412065436340924,-19.06005591007727,-19.65439065254961,-19.56471001056154,-22.052406749724582,-20.770434889217416,-19.56849853627719,-20.0953091177356,-24.71736255342707,-22.508793950967004,-21.2785503946602,-27.307624084608577,-17.609993839732716,-17.167566214259367,-25.9323392139674,-21.58556002248848,-17.964066707496716,-17.715870358742755
HAT707_586,HAT707nonMR,-38.4299985888394,-38.13214048656297,-37.345211603133016,-37.59346683850351,-37.34616152693084,-38.19763120308616,-39.92091001997032,-38.42870780184335,-36.90856120636441,-36.87781474817354,-38.46016353403248,-37.41976575272223,-37.97532655924135,-41.18888998797341,-37.765383224530005,-36.62647141316011,-42.952618611484255,-39.956914150432134,-38.09333313753649,-38.120208864011325
HAT707_587,HAT707nonMR,-56.62999785766494,-57.18836200004623,-59.18451462947727,-61.00460648646158,-59.19765599560328,-59.80945909580251,-63.90634803287253,-61.58669274598424,-59.78295943346166,-60.53365635912224,-61.31848860789787,-60.30403652359473,-60.65608941883234,-66.12971481469397,-58.3508264382644,-56.92084096876519,-61.03439761732825,-60.27738252638979,-59.60490244743181,-58.195844069629764
HAT707_588,HAT707nonMR,-52.98999800389984,-52.63508592449478,-55.14885166627453,-57.39360177471579,-55.24073436448162,-55.6004267483517,-57.564093463292856,-56.23868338888924,-55.53588758719791,-56.204922877192864,-58.19827819486186,-56.27005421902947,-57.1008813434857,-62.325279303551845,-54.15990219446097,-53.50716087820978,-56.450155670514526,-56.41159691123879,-54.55836004508793,-54.6509815408214
HAT707_589,HAT707nonMR,-54.05999766612167,-55.221797258085296,-56.72499005359514,-56.28345964117293,-57.333556397152535,-54.8904123286079,-56.3725252611359,-55.333114363993616,-54.1499585538241,-53.76273776862781,-55.62449060715171,-55.777908139425904,-55.39542210143353,-55.564808996803805,-55.17487291537061,-56.726964637672296,-56.78084750257059,-60.947499282182854,-53.77555586931951,-40.578962015580046
HAT707_590,HAT707nonMR,-84.41999663261038,-83.21940842103326,-85.56618956193255,-84.93516164225835,-84.90549280606609,-82.59611022579227,-83.16055593899641,-83.18157782011589,-84.01809639277037,-82.74875805496438,-82.99733313191909,-83.57006755499759,-85.11073013345407,-77.52653567022641,-84.37044170744262,-85.29487253764049,-87.1580299939778,-94.54158736825514,-92.5318656101891,-85.65062165197784
HAT707_591,HAT707nonMR,17.77999902021402,19.857193870698104,20.38779235033365,17.10679041568812,19.8071654896275,18.238650714871447,15.23518291738928,15.39697650889061,16.264331210834957,15.867843616716325,16.6075765086191,17.341468291336245,16.39118789863523,15.02511389256113,17.928971149880315,17.98018138228737,16.291261794618073,15.599601473664379,17.252926344093904,17.06629269670786
HAT707_592,HAT707nonMR,-19.10999907538945,-18.49382637575876,-14.84347217639831,-21.37991451004305,-17.32254072306688,-19.094241057495505,-22.73646235754673,-23.40975548756828,-20.93026343477748,-22.00312416369552,-20.21461109343032,-19.4229615817084,-21.25193119176245,-23.58962781526672,-18.995154926986537,-19.72344380309398,-21.907660253198703,-21.322298411735137,-19.475631476297238,-19.576521835580476
HAT707_593,HAT707nonMR,-24.75999899838564,-22.74165104512614,-21.07349366449819,-24.052370495200822,-22.466583333914983,-24.019970800544343,-27.113131476458143,-26.067155198668782,-24.749716690912035,-24.31405386856185,-21.948454095046912,-21.887549092243088,-23.54741889250268,-25.63519938854793,-23.1916974513485,-21.45764988167994,-26.313324348451555,-25.119694603015347,-23.304088671726255,-23.474670710901677
HAT707_594,HAT707nonMR,82.70999658093231,82.79093102142701,82.16844927877119,82.74216995849254,81.96974275622978,80.17743770896548,80.86857237663237,80.60947647583899,79.91311490527038,78.79460725467825,82.40176194480605,82.68105392425853,79.31374069699505,80.5014150146059,79.88624149827814,80.38122228919812,84.33542739476836,78.1191826539597,77.9635891613553,79.31757528508776
HAT707_595,HAT707nonMR,-63.40999738875468,-61.946909978754974,-59.298149504338895,-63.91746298264569,-59.995226121962205,-62.90934334745805,-65.459839164031,-61.34126990012152,-62.51975885955319,-65.05935069499542,-55.60633443627686,-60.51218141615175,-64.0738814534841,-53.58584040060144,-63.7851640934844,-61.941280716749645,-61.886379309203015,-60.406594012950656,-62.870637777386534,-65.79499969859363
HAT707_596,HAT707nonMR,-111.09999515391004,-109.70245022995344,-107.9983066242642,-111.9779451023511,-109.25839559790596,-109.39303635244434,-112.74886816442051,-111.4093433938841,-108.4022738175658,-108.55822015024133,-110.67694464450298,-109.6113787132203,-109.95761559966223,-115.56861022398355,-107.92173515718018,-107.2617107777251,-115.30855826107737,-110.47418046225084,-108.23890586713802,-108.06414283529473
HAT707_597,HAT707nonMR,-60.59999741372452,-60.644867353175286,-59.34001586969395,-63.02592607362035,-60.97982990237987,-61.54270301405793,-65.17637945489757,-63.04027244617651,-61.34625527464126,-62.153558825939164,-62.46748694382928,-61.25142892946405,-63.98794371729255,-67.25084677265733,-61.00664520200114,-60.93838334088209,-61.38269458475229,-62.90901175241194,-62.549658441829294,-60.95554200835396
HAT707_598,HAT707nonMR,-105.19999545644836,-105.10480132798028,-104.46224323547848,-109.22340861894698,-104.93947962719652,-104.83222846894412,-107.68461909350182,-107.64764491750525,-105.42864541334498,-104.737226923134,-107.8428592870924,-106.41681269455114,-105.62818853148389,-111.56703878382685,-102.939037029269,-102.7409049288964,-109.8914603719373,-105.55600790620169,-103.79033223913433,-103.67082669948653
HAT707_599,HAT707nonMR,13.409999197500166,13.096671041406085,11.97607673355108,13.41528163499116,12.280725868885328,9.766431952389947,9.396061804565464,10.10402891187025,9.665127638630365,9.686726577492104,9.192838029561642,11.09190214215934,10.12921262409675,6.206876177652603,11.345334456208644,12.690992378781614,12.669259718287517,9.528290528971588,9.89431914267446,11.516661734295097
HAT707_600,HAT707nonMR,-110.69999551476522,-110.28226954876096,-108.72893636170228,-114.3407959451007,-109.8953084896984,-110.26592085615088,-109.5147465840485,-108.13697128328678,-108.07116423925504,-105.63009383851828,-106.9615002051966,-106.76619810978886,-110.59631193610566,-112.62873455038113,-108.8484296022916,-107.929418257679,-113.96268590719984,-111.09051435276031,-109.30014695489413,-109.13643477752754
HAT707_601,HAT707nonMR,39.00999869310885,40.1227433594222,40.18418312579279,41.49933969537122,40.90889356636942,38.96784888173199,40.69361740517512,40.25697472679486,39.559655451261264,40.04797604485036,40.1753730182834,40.83442984089511,38.07214700403193,38.73609727101672,39.6751394083216,39.55913593617933,38.48170295424826,37.62931500153045,37.79050955308788,39.41237340495433
HAT707_602,HAT707nonMR,7.84999982082104,8.069790598960838,8.40457744550706,8.787606655691619,8.47429443834663,6.722295642380978,7.727113887510253,8.174766847101491,7.46436550505754,8.110675664965974,6.591104495680005,8.215318956603419,5.531840830303512,4.186248858985067,7.351258491142285,7.318034876547299,7.264712861375875,5.409079122848923,5.699199149171478,7.24684781572328
HAT707_603,HAT707nonMR,-45.4399979124374,-44.887841219289385,-42.572990709726085,-47.76336755337968,-44.07602248630271,-45.3514776609689,-46.36455694281916,-46.238308813741575,-45.75210518610206,-44.2913933387079,-44.14895483767697,-43.58543131243207,-45.73179101013012,-48.10544907206605,-44.6839908133242,-44.17298336769623,-48.05924783364844,-46.99302378669966,-45.090417598021524,-45.21004767828573
HAT707_604,HAT707nonMR,-93.52999594424703,-91.52699536671948,-90.40462840731934,-94.47797369091728,-91.74134337862851,-91.6802009262914,-95.88526377428374,-94.72429305959407,-92.01184828019684,-91.2247179034904,-93.6732510861147,-92.12879897789612,-92.97439711065716,-98.73409409831032,-90.13724028258042,-89.7957214516403,-96.36047750411218,-93.28574130324739,-91.04885580425912,-90.84148323608541
HAT707_606,HAT707nonMR,-72.87999700313114,-72.88354080013445,-71.53551465682,-76.0356963399843,-73.64794347399094,-73.84111059390898,-79.41487972473435,-76.2441411820457,-73.83550649507242,-75.18046932537355,-74.62445740227739,-73.76459503793598,-76.6319272905483,-79.7720648944773,-73.54673228267622,-73.43003045523487,-73.75818717787685,-75.21742129875446,-74.7631567460885,-73.76259161123022
HAT707_607,HAT707nonMR,-115.5899954958768,-113.98538148161556,-111.78855182441464,-116.55382024133756,-111.8396146548374,-113.26861644050176,-116.32256185309188,-112.30098108099506,-111.78538120729692,-114.76620187410325,-108.42121650879804,-113.1639476719486,-115.76005050058532,-106.43043391719272,-113.73937034561791,-113.1545710488971,-116.90173579343912,-111.18737661097366,-113.12673140558901,-115.89723250551161
HAT707_608,HAT707nonMR,30.529998813125257,30.752459518566443,29.67804695869544,30.105812699800666,30.125354223354577,29.818164615921763,30.00584968757149,29.649765294965448,30.647492557526647,29.087756075570432,29.586879872284896,30.029287668461688,27.62757164989384,27.65682149801461,29.932035246144626,29.167931957050666,29.32007091053225,27.33840005593671,27.707495533152823,29.215342478169784
HAT707_609,HAT707nonMR,-126.87999472338107,-127.00853727811,-125.43542116464182,-129.72641497177634,-126.30226086955945,-125.8511979607284,-127.89455618261913,-126.9130682377142,-123.92425328847187,-125.65144425039703,-127.3659096339256,-127.17191344848426,-125.85170724741955,-130.06299699745855,-125.36246333637858,-123.88964325442606,-129.00520090917743,-136.80726309356913,-128.49106010043133,-128.54621153893908
HAT707_610,HAT707nonMR,-4.3099998768421335,-3.42527395563001,-0.978799945326855,-2.0217946745618045,2.00551369031762,-5.894328266825544,-1.828184156517488,-3.2104977311936813,-0.8812430553298259,-7.449536703168882,-1.8805854646811229,-2.2569310086004992,-3.0465163906771564,-2.6586132517270946,-2.834198120895808,0.8518503233825061,-5.972356977227798,-14.927278839052248,-6.09927786345226,-5.934715980769237
HAT707_611,HAT707nonMR,-95.19999632020505,-95.86964205148736,-97.25693202728928,-103.53157358056856,-97.77717992646178,-96.09831943047227,-99.2717156640434,-99.05040725423734,-97.73960578872224,-96.31088845305575,-100.1259269290792,-98.56997734122248,-98.4242919807433,-104.52095509255363,-95.23819564571808,-95.52877225355968,-100.1784388288752,-97.8921978181975,-95.93704607054404,-95.73429402460462
HAT707_612,HAT707nonMR,-37.06999856072811,-37.02418472156116,-34.0064784203468,-36.57526356524244,-32.237079225921434,-39.66397651680282,-37.09556235545869,-38.62482176903344,-37.03482985505588,-40.17882243787349,-36.37806331648247,-36.26923980768103,-38.74069402898399,-36.99148758734923,-37.428989263502885,-34.4691684522105,-39.58398754906536,-46.082399066965024,-40.95201963223659,-37.36246653306635
HAT707_613,HAT707nonMR,-62.08999732455786,-60.68019073999229,-62.80568474367068,-63.91720846480425,-62.15423095131107,-61.75766893461393,-63.76124914268265,-62.70117743332857,-60.27887546448999,-62.11314527054057,-65.78709539488206,-63.60129459318302,-63.6532049379292,-69.30770485685846,-59.68872922224941,-60.04122451170507,-65.69246832222515,-62.4888609990496,-60.60723383638621,-60.48673186912121
HAT707_614,HAT707nonMR,-97.09999586116182,-95.13626796406896,-91.7246942345421,-97.81324201740804,-91.87557562449446,-98.0378319880116,-96.48834581056082,-96.58107137951862,-96.39976669870772,-99.26641640926547,-92.31812122174978,-93.44840151483696,-94.70882457458158,-94.32768874870808,-94.97397449851712,-90.75668807969105,-100.12093860206444,-98.90180647006017,-96.49067210295493,-96.21960923677048
HAT707_615,HAT707nonMR,0.0,1.9545843310629247,5.95211963035875,8.104057699045141,9.079720849998754,-0.6196656056392152,1.451088487565846,2.769542807689748,2.3931932476380653,0.1516586859787735,6.793847535674987,3.819675959235234,2.977066842359659,6.8649958148240495,0.6113244986982584,4.587212164428797,3.4235078157911927,-4.603057957614191,-1.396028555658284,7.293230134709202
HAT707_616,HAT707nonMR,-124.72999478044932,-123.2671424355163,-118.41577425935527,-121.17971698431404,-118.52919019622244,-122.29383420208886,-125.71063966634637,-122.73414285359998,-117.35162675052936,-122.75188857047048,-112.79030010491849,-118.51461315113332,-115.46999453734948,-115.89246020798016,-122.53161956739416,-117.97905195000168,-123.4484107910754,-132.00737143955502,-123.37933579533849,-113.16023680388142
HAT707_617,HAT707nonMR,-87.5099963550419,-87.73990321339775,-83.10036635974186,-86.52466579313821,-83.89038359384085,-88.64188790421092,-85.96314088555744,-87.22427648227406,-88.07300701679928,-87.32675875678652,-80.62217262403769,-83.42436782448229,-84.16878883965015,-78.52063071971605,-88.11297378546888,-85.3449447816214,-85.43246714806406,-98.49384877649565,-87.6827005515034,-73.69743578355556
HAT707_618,HAT707nonMR,-191.3999923657816,-190.5073421294184,-185.7832422245368,-192.7471216725602,-186.39082714328467,-189.71030827265795,-190.33141915810364,-190.9319186163495,-189.7077386840951,-188.02666270316712,-185.21845765624653,-187.43256622608072,-188.4095399305378,-183.91535642217897,-190.10534293132045,-185.87741796789533,-191.88214740207408,-193.12496532006284,-191.73956961005248,-181.76091540885528
HAT707_619,HAT707nonMR,-130.50999458616755,-131.56181335364363,-129.4710841278267,-133.3374196835221,-130.2591825006811,-130.06023030818812,-134.236810752181,-132.2610775948092,-128.17132513472671,-129.98017773230856,-130.48612004697054,-131.20589575305843,-129.4069153227662,-133.86743250859175,-129.55338758017308,-127.3033233449904,-133.5894428560001,-140.67304870872013,-133.5376025027752,-132.09107406775794
HAT707_620,HAT707nonMR,-9.13999991208199,-4.818755316463936,-7.182624042358785,-2.4938170273379026,-3.369064919974837,-2.373510659973923,-1.7134358287440428,-4.729409011542387,-2.8339466778432385,-4.5295828238262175,-3.8690411882967446,-4.027015380631584,-3.4079795434991373,1.4979197706590694,-3.3914510067101684,-2.768468511497196,-2.446302476203008,-3.3316394608538538,-6.571671191967017,0.9830073970587196
HAT707_621,HAT707nonMR,-82.66999632882344,-79.58858306953654,-81.02430039881625,-80.06457090567449,-78.29757206050509,-75.73623313123659,-79.29368342342973,-80.58858768949554,-74.60054050619276,-76.24346648387024,-81.0924836957382,-80.24305436665834,-77.93342260236625,-81.93507925838125,-76.18825136048973,-74.73303379780297,-78.51880023880581,-64.36866791834876,-71.87223050964651,-62.00881259184321
HAT707_622,HAT707nonMR,-63.59999721734846,-63.74426559878656,-62.41961713260656,-65.55475323505554,-62.572754544574856,-64.94498408123876,-66.40478585170227,-64.49108796717212,-60.81364192478801,-65.01325591974923,-61.631638174845065,-63.24167004312056,-64.51814925049192,-67.39463994113255,-64.80622567229521,-63.14402153681746,-62.54010577896439,-63.6013190699934,-73.2099619146777,-75.197368729239
HAT707_623,HAT707nonMR,-112.33999529027788,-111.936999293406,-110.87721146935702,-114.34005598595684,-112.71796049900458,-112.85801189122496,-120.6880405955249,-115.52875791306934,-113.87561626940337,-113.53849521309404,-108.55950961947374,-111.7012708414009,-112.2879894386085,-115.42156718396978,-112.92720572938944,-110.826734105244,-110.86664369588316,-114.17246282482391,-121.11697544817869,-121.80050018093989
HAT707_626,HAT707nonMR,32.20999855255239,33.733348144657775,33.51015852420093,33.79015092975286,33.69117706070366,32.32710437059691,33.296083667127235,32.24040552814031,32.85709636234583,32.389945930367176,34.19230424413236,34.32110414051119,33.34406881461645,32.18365156328858,32.97115154310802,34.05789485237295,30.409563718452223,30.55401394414178,32.27434173604658,32.208974458136495
HAT707_627,HAT707nonMR,-55.159997928788826,-53.13522628655704,-51.162873083454535,-53.82402467368483,-52.56028566564942,-53.6065279446948,-57.07330625543822,-54.57562489925372,-55.71551838647576,-52.18173254332827,-52.46912410131922,-51.65249663772124,-53.91341333550259,-56.25415545074058,-53.20540035726636,-50.65073292045339,-56.17532027965397,-54.46755295562415,-52.5655555872827,-52.58365191465936
HAT707_628,HAT707nonMR,-15.259999411073318,-15.261875225156835,-14.965940188412413,-16.290502434732268,-15.368904370554564,-16.049489788195665,-18.03368158503481,-16.97509086082493,-16.55467281638024,-15.740574090480282,-15.06492729789812,-15.945529101373763,-16.626671182665202,-15.309311113579136,-16.095576907769892,-15.351905954663753,-17.691343827221445,-14.922505010129283,-15.491627979382631,-15.839673083618516
HAT707_629,HAT707nonMR,30.6999986597618,31.04368829697924,32.93875134641716,34.14920896425539,32.425067196387026,29.672218462461306,29.64417380903581,28.805873485991548,29.0798024557339,29.2961419317676,30.88039401659477,32.097481460280534,30.59026839982611,28.406700151342488,31.034558473403138,32.141173313449364,30.37004215898867,29.32389025962314,29.712988476058047,31.266130354949635
HAT707_630,HAT707nonMR,23.719999309099663,25.237507666514706,25.133223624032954,27.675551400776605,25.23828251520159,22.74138887166179,22.02621845760384,23.328041078359323,23.321837833449653,22.912060090675222,23.658160321209763,24.94105512270545,22.982903086501203,21.27516981286621,23.90210983759132,25.181177019537923,24.13452283198169,22.40169996538336,22.608976495979718,24.153353127498548
HAT707_631,HAT707nonMR,-76.36999699221694,-77.27700596311789,-75.68525978362989,-81.23600979618591,-77.84662009532703,-77.34880697766027,-83.20322821474093,-79.26611429668067,-77.9913063980582,-78.31069937044447,-77.408449431387,-78.18393059675665,-80.73236473094808,-80.73756389794437,-77.86468854040804,-77.98558959848849,-79.08456009237322,-81.12857841652622,-78.2910015207874,-78.45789858910578
HAT707_632,HAT707nonMR,21.279999000278448,22.571222986030616,22.28543057316589,24.465816658343112,22.20992869598529,19.648626852537586,19.847173799416574,20.629416316603653,20.663983930996604,19.790519106551784,20.35639629434392,21.88432896463601,20.34747091332902,17.94856701574357,20.87565084594795,22.297350492141145,21.913089823465675,19.371644593797132,19.51193326865838,21.061270391884083
HAT707_633,HAT707nonMR,28.539998725851422,30.215980773124087,29.904074490752787,32.49860371387047,30.08373359073436,28.05380250282337,26.978539353871263,28.345920462174284,28.466754000247565,28.08801513510311,28.791605238327893,29.913201176801323,27.716212947939862,26.656498542503183,28.843551853109066,30.03336836255467,29.01063634657276,27.282408306522747,27.485528075466746,28.982224783117825
HAT707_634,HAT707nonMR,33.99999882025383,35.732417877349135,34.87191488858058,37.21912662650098,35.30627123619577,33.617878808552675,32.82959927369035,32.90779417053416,34.09610277472482,33.106206453888944,33.49493395209548,34.23186407293121,32.70217650965258,31.843607567839108,34.25917987408352,35.13895361605556,36.55313914812238,34.90640483473495,32.98179074173758,34.69131334202565
HAT707_635,HAT707nonMR,44.909998390570536,46.474274087812816,44.20884992673216,49.07281886954584,44.74923203207769,43.30744712543222,42.739851879492825,40.27550451682586,43.50567059117397,39.22714878588453,41.63219073015885,43.046556673068096,45.17152099599016,41.8212785364625,47.004518024599626,47.26456535529394,43.72142456446127,44.70674468509599,45.352060420613995,46.60379689528926
HAT707_636,HAT707nonMR,-80.85999670667422,-83.64018985618092,-84.32819814613937,-89.67934197580789,-86.2354484335705,-85.93951207908171,-90.93570661799308,-85.36604535243765,-86.22947805743588,-86.1739997565847,-86.0459285242184,-86.77541180188848,-89.77739503743886,-87.86256129800826,-85.79695592002915,-86.09233184581043,-87.68403427597858,-92.41145906215708,-88.52534474376326,-87.30820269763308
HAT707_637,HAT707nonMR,-42.56999799153552,-41.101541171205525,-38.77112899143279,-37.16206286019516,-38.25658515341894,-41.30726067688205,-43.23552625659935,-39.7536437928235,-39.555544197446565,-43.80734457859333,-35.75398236591895,-39.86440047001541,-41.75422601160829,-32.81473269573937,-41.112301389922784,-39.69461868290378,-41.04181050345925,-37.76054659457511,-41.271813480625966,-42.37662704811435
HAT707_638,HAT707nonMR,54.60999779745524,55.857226654811335,56.52130455707542,59.59198363930181,58.23752608863632,52.473408986990925,55.45033827931599,55.54521626852608,56.288766488710245,52.763433323706494,54.28821432771535,55.803560287443325,52.07951940754646,51.28058400889356,54.23915149537737,55.36339389238076,59.05811989648221,52.745882015954656,52.852795299433424,54.0992388423754
HAT707_639,HAT707nonMR,-47.52999790949744,-48.1253642775282,-46.351728892164914,-52.69333775444012,-49.97460338484919,-52.45362361330879,-58.61803741706525,-54.55792944583662,-53.25381729401414,-55.55279689672712,-49.04633426745144,-49.36768218289234,-53.70164639555496,-55.26959057592022,-52.07012452401792,-50.28701041975534,-47.0958805927777,-52.844566240055144,-52.774035160081084,-51.515158028917256
HAT707_640,HAT707nonMR,-74.61999668842999,-74.78863189024162,-72.62060341185264,-78.01658668396843,-74.48300478139028,-75.58049155489152,-78.55080445001718,-77.01389136615487,-75.33069829374642,-75.65134703812029,-75.42592392322052,-75.02402575418085,-77.74796813866689,-79.47842522464849,-75.92914541956623,-74.3139325820105,-74.47437280813948,-78.15603958470473,-75.74835842236075,-74.73849665057655
HAT707_641,HAT707nonMR,90.95999623989395,91.60261471363388,90.30372569966448,92.83560826746675,89.40468321254255,89.48025311172428,89.25510528522514,87.3751214767157,86.71735537834334,91.67222540635876,85.5389722797637,91.54073870268904,89.47420881498103,77.83309996446674,90.46600523449618,91.67177008548543,90.0464864243308,84.05822371128097,88.26867135145389,92.52892306902203
HAT707_642,HAT707nonMR,-91.25999610957184,-90.44123718455572,-92.48971676222588,-94.95364658005649,-94.1561331805587,-91.21079246420388,-100.13851062750842,-95.39470102660913,-93.031919147133,-91.91920497772789,-90.7230148545062,-92.79557962637602,-92.7850163201859,-96.85837032613394,-92.4110015972842,-92.61256347619764,-91.11132980610483,-90.53782907393538,-92.89054724010524,-84.10488343292344
HAT707_643,HAT707nonMR,-45.06999824622845,-47.84869409543561,-48.72654276377526,-50.84054932808383,-50.67668796734409,-52.13006717823946,-52.04976121408688,-49.45543473922013,-51.347464156864255,-50.82886052079009,-51.48187574498169,-50.17848089920807,-54.13394338255716,-54.2708710953545,-51.08531655201165,-51.48882434563275,-54.01833480085429,-64.92197078783373,-57.56264887436592,-56.57985152873436
HAT707_644,HAT707nonMR,-81.27999632777627,-81.55021169646773,-84.80074384184677,-87.30743623406832,-85.76039100572089,-83.18158284019655,-87.70881055821366,-84.9032953306499,-83.10176670991085,-84.87548241648454,-86.5347610400498,-85.08548291729029,-86.96022683342767,-88.36742354335436,-83.92882206317697,-84.39832923246497,-82.57104140303254,-82.59400452367268,-85.48857637455707,-76.48067805675615
HAT707_645,HAT707nonMR,39.48999826008261,40.35354686607828,38.42933079324724,40.60321581755395,37.35207034441104,37.036914378721725,36.71895721074921,38.27865779915607,37.845241586221306,33.97397543759782,40.10463651081616,39.35962375421212,39.36916817331309,39.09457843610007,37.534079341860405,37.40436968228451,40.5811430877253,27.904809106534362,33.60766057400617,38.85113887849721
HAT707_646,HAT707nonMR,-131.06999470847975,-132.56391705553182,-131.23738587272055,-135.9185151210992,-132.85093242159914,-133.9840156740096,-138.18319787974738,-134.84618833996885,-131.65100083593202,-135.18391437817982,-131.432201146267,-132.27546142972085,-133.92235132200753,-136.16602757349395,-133.7368034848751,-130.2335149159204,-130.90725421649773,-167.14570296648807,-148.69507118009454,-137.91470276860306
HAT707_647,HAT707nonMR,-7.129999842850914,-8.010812175756541,-13.129705587433284,-15.270777137288707,-12.016682244117014,-10.65102578286144,-11.040300281093907,-14.568497273871683,-4.707283529492017,-12.541607849892022,-13.706131774238465,-10.662087080602452,-8.567189685857956,-21.529227753839344,-8.23426309111758,-5.925270884498693,-9.804143419994578,-56.0458022586916,-18.69608126272496,-11.914759001926136
HAT707_648,HAT707nonMR,-36.19999871807868,-33.37359188033356,-27.77489160984917,-30.520635618780528,-26.09210121026009,-31.439969126728013,-28.416605764832976,-28.982283530211447,-26.683746196132127,-31.47192253667204,-27.52189585419159,-29.08784775470884,-27.075962207744368,-28.281838002420063,-30.95301047968034,-26.52525154752797,-29.79309104235702,-42.60154295372478,-32.40572879157752,-33.76425564888209
HAT707_649,HAT707nonMR,-17.99999944925314,-14.681755392054042,-12.081157022817958,-16.78411167816937,-13.302155607565137,-16.172682448170242,-17.131826663106903,-16.521558827644824,-13.907108688818596,-17.792390010508335,-16.679200502781054,-15.166541099360376,-18.27474336550376,-23.13801351319209,-14.203516051959816,-14.567655156136864,-19.144322306268755,-15.22985076620455,-13.452202141881585,-13.755287975804038
HAT707_650,HAT707nonMR,-65.82999708810918,-63.52412718043482,-55.60837377925684,-61.22414318603921,-56.11668111433608,-61.443889097228144,-58.64651448734411,-59.20581606604933,-56.62747495584178,-61.06881118501796,-56.23151189692588,-58.0243856559476,-57.37730811471453,-57.6574054398592,-61.468956343606365,-57.19859887588572,-67.18020778773466,-69.67433703872194,-62.96178024099794,-61.1836337474601
HAT707_651,HAT707nonMR,-58.13999775045554,-56.8908729988276,-57.29833397658371,-58.85225231628097,-56.46037985054159,-57.05400851934435,-60.725064820983214,-57.65604267751415,-58.31158268602828,-55.98040732923916,-56.95401607692176,-58.48106157427053,-56.70653110936399,-60.66447169038036,-57.19788188355261,-56.47239163695603,-57.170943464054304,-56.41285670880472,-56.381054994007684,-51.078597356829064
HAT707_652,HAT707nonMR,-0.7299999689487457,0.1077131934305639,-0.7950584569420247,-3.936453025094385,0.4987428984790109,-0.9223197000344892,-1.421659234575261,-1.0312176941932538,-1.4745634915069274,-0.3496118833197604,-2.5186840355969293,-2.14607938922511,-2.807263531725909,-4.393198973440287,-1.5387958633058532,-0.8418400412362032,-0.2960692779383927,-8.855770401050544,-2.838282895145039,0.054620282546353156
HAT707_653,HAT707nonMR,-3.779999727465791,-3.398187571947019,-5.947848361612696,-3.387346028013022,-6.184547319728078,-4.171369228777989,-4.034284073852833,-3.2910848823570475,-3.926483468335267,-5.360931659633241,-3.83480270266912,-4.660908257534539,-2.8622910297782145,-3.026634568744089,-4.503707407886014,-4.71336761037057,-3.3619322036347827,-15.40696821812647,-7.416119807761186,-2.2888835480729726
HAT707_654,HAT707nonMR,-11.349999800885463,-11.368244011321435,-11.759659509123908,-13.718520756529768,-11.744765320704742,-12.35841631082232,-15.860600149353496,-13.810163181378368,-14.768971992623875,-12.685794027517607,-12.952525338183936,-13.324412929301149,-13.18050429912664,-14.958962283107732,-12.963724499684208,-12.090552157497443,-11.36672472679014,-19.901906059306366,-13.563990375629992,-11.571786240570045
HAT707_655,HAT707nonMR,12.399999481150058,13.690279253355936,12.160456273568425,15.27996688800782,12.843668947843208,13.91004643715682,16.786190177788352,15.822695878837834,15.768360586497936,13.87542529619573,13.725046855038164,13.7032801829236,15.32284643019224,14.885743787371796,13.67505844632102,13.377447520038274,13.202650872372434,2.5933357618952577,10.633337311736993,15.627800256858883
HAT707_656,HAT707nonMR,-52.499997818437976,-53.28382598933892,-54.18135686888826,-52.628632240543325,-54.16903892065746,-52.361724850813246,-53.23604421767927,-53.34438253609293,-51.95211578260832,-50.17348761807945,-54.09114679716996,-53.57726090282834,-53.11316920300669,-53.50064682786645,-52.82772850921901,-54.62948121360866,-51.00399686821585,-62.080903305506055,-51.79926228493468,-37.964558415895794
HAT707_657,HAT707nonMR,-129.79999459917607,-129.72441679336777,-131.2137824176252,-131.1426220902442,-130.89238059911713,-128.42670392040856,-132.04196346013967,-130.5996319300052,-130.96341837389554,-127.21106232129344,-127.73073862205544,-129.4022326588284,-131.03590538181157,-124.15101299855498,-130.8515148603965,-130.32775334745952,-134.10192236292804,-142.25681679587467,-138.5473934121975,-131.67144158167102
HEAVYSB11_1,HEAVYSB11,73.82005576852147,73.80367538699919,67.58183373595227,74.16970781241419,69.38109604297517,72.52453924167207,73.32008972857592,64.38895289367706,72.18925245780608,69.98603098928248,70.32761796784408,71.07489195452004,73.01254714744384,68.55134233621823,71.12715809781619,74.81369901075901,72.27016198601093,79.37378520467645,68.78922406626684,71.52737032289909
HEAVYSB11_2,HEAVYSB11,61.74004658604514,62.07594487738106,52.89749181222816,58.703753642494455,54.59247014008317,58.47665407323872,58.87328517883834,50.55709909425396,58.16551529766944,54.10144987519198,55.79435823754865,55.7448459202052,57.63730762915398,54.42578498671728,59.04045112985812,62.16298652825492,61.01588392606946,28.648709142311304,46.08511801799462,46.07767597505751
HEAVYSB11_3,HEAVYSB11,52.92004011018426,55.23174190271066,40.78394356611336,46.54653556876733,44.20945252405305,48.56323430170003,44.64769641835365,36.215489667935095,41.24456093420224,44.79923399507193,46.14829552891253,45.135220953467325,46.466592681575214,45.275223399913465,49.83338570351968,51.743060499315725,50.93761620833966,28.74315398467155,32.28265286694177,38.714859630479054
HEAVYSB11_4,HEAVYSB11,67.85005111413365,68.26526076719577,61.82071016791313,67.69267914268573,61.70065631034228,68.33687986676782,67.35833330974074,67.4458819882581,68.2641534639598,67.55538822738812,67.00480796355983,67.69810691132543,67.03095571853174,63.121349305760575,68.31290153749279,67.18691378564768,65.42475350162756,67.42689251233664,68.18076862815143,67.265936405979
HEAVYSB11_5,HEAVYSB11,58.37004397866488,57.78282682508392,53.20773977518072,55.51106795624138,52.26551465873014,56.00929309664284,55.8553714228387,51.31120477702112,58.595178941600174,52.71868988996033,57.36313305189557,57.34390258508679,56.197530250814594,54.27093578531655,54.98028800057002,56.7800956763304,56.13812953893569,61.26589122303899,58.816109861019406,57.980077755559044
HEAVYSB11_6,HEAVYSB11,52.91004011920563,52.29249035004931,46.73171813265039,47.509852470833934,44.57895620677756,49.46583765407794,43.99943062516243,37.93422964603807,47.39156957052023,44.68961718881469,49.90014129083945,50.0695652093052,48.400634109554325,47.10715535672375,47.674397001068655,49.91256579017215,51.56489882705378,49.679033807121805,48.904326553674665,48.336294657991004
HEAVYSB11_7,HEAVYSB11,61.85004648680996,62.17326350192524,48.957566212503465,56.35022620997071,51.04584677086879,60.74939926189974,58.95501791129424,58.25961862649343,59.48071554191979,59.25391460444635,54.65326263042787,56.247299345015946,56.20284732684079,53.26750289912639,61.08263195574676,59.89593429388635,59.75465128129667,62.19973223518222,63.1932363817636,62.56454819571438
HEAVYSB11_8,HEAVYSB11,52.18003952274742,52.654718562124216,41.71102286286722,46.14041175126189,42.91361715941724,48.933402140462256,49.08642697716586,43.91302859443741,50.6436860517632,45.96805297056256,46.35877663903126,47.344916876421856,46.429736289336255,45.38297913855008,49.11441358604381,50.72623837497835,51.191734521987016,60.040794512318,52.2161716765881,53.554899110358235
HEAVYSB11_9,HEAVYSB11,43.79003328647667,43.63498096650648,35.850068812878305,38.11205767334322,34.95728309724228,40.59063858238256,37.23985652748596,30.058899840527022,39.74443446376036,36.27445961980426,38.40087524662426,39.650782690858144,38.261423690740806,36.5106066205718,40.01852005988932,42.22422452083063,43.058114702895615,50.421159154299815,43.51707561080698,42.93076513270793
HEAVYSB11_10,HEAVYSB11,59.65004533396616,59.34235911553178,55.50063724252095,61.50944520021049,54.711681126867646,60.55772649302196,59.58414648526897,60.19933537562135,61.65028072829888,60.38286940929224,59.90533099728726,60.38882604297381,58.23299339950423,55.10766583498815,60.84185104848367,58.88769536909657,56.83692851554586,74.57161355449529,62.33831105891303,57.613673708425566
HEAVYSB11_11,HEAVYSB11,53.17003988464975,51.75667582346808,49.18870004009376,49.98217805148792,47.51880100665718,50.94627055576558,51.00016822299104,47.10478199017898,55.18793778799289,47.967940599060846,52.84840871139156,52.73443993895973,50.54115577316772,49.210818494117696,49.83056147154881,50.94532314119439,50.2854400399708,57.6932697624663,48.91927273412057,46.31973136634676
HNBrBDE18_1,HNBrBDE18,58.89101112916212,59.03828233166405,53.89436635250805,56.36374728228366,53.87613519381346,57.75038088312585,56.85763639491139,55.7344470214351,59.61041541235154,56.74921480577965,56.927327345767885,57.488470477012285,55.75782752263552,51.428420723116304,57.0318639609598,57.23501469400193,56.75280426240868,60.233395628692456,56.17261314800053,55.57073261802679
HNBrBDE18_2,HNBrBDE18,67.04110606078183,68.26154158141762,63.67705682415178,65.79629010285619,63.89790972471826,67.30595710190464,65.50970533405744,64.75750941344502,67.30925209134132,66.24403499272786,65.47433877416594,67.13541904052185,65.05379729914704,58.49954204221108,66.74887740880416,67.1532930199783,65.49014091389093,71.00481392472769,63.91631887574536,59.71250554094523
HNBrBDE18_3,HNBrBDE18,55.71223450388797,55.50644873321237,48.58443521145782,51.42322325037232,48.77324578394367,53.63426386339757,52.7671663147611,51.82342293907149,55.5912888299016,52.566354937124814,51.83816062681328,52.2125353517528,50.57901906726117,47.13312822495687,52.727046935944216,52.67622117847102,53.77359660301691,59.44242934969409,52.923401661746496,51.465541950556556
HNBrBDE18_4,HNBrBDE18,55.83173740812796,55.87214004477454,47.88786135441769,50.83806972435801,48.71712284241264,53.32456911275393,52.498374890876086,52.12834635874263,54.31584695843291,52.08800264552101,50.39593671449898,51.20011137839814,50.36171805819021,45.53982594750909,52.80578531859787,52.95909228388755,54.68140152203124,59.63878689482486,50.636731786817656,50.33316867276702
HNBrBDE18_5,HNBrBDE18,52.55735908697128,52.19276591707792,43.4216145050983,46.834242387618126,43.829620223518326,49.81397991052035,49.20347951998113,48.16563388199407,51.83252753697644,48.86899500719681,46.93342258179947,47.346836616485234,45.653745648876566,42.90560831900995,48.730118187340594,48.468512122956994,50.73390188907401,54.93622864303505,48.88661567353436,47.48622314048511
HNBrBDE18_6,HNBrBDE18,48.70936682546265,48.43311757683843,37.947029145090255,41.54300362441407,39.19677506812469,45.12587545468322,44.88789154572503,44.14827863361687,46.34311676381621,43.75263924374663,40.834858178730336,41.533600834249896,40.86511850547535,37.00742896375453,44.57006195044917,44.41010815378709,47.54238352267981,50.575883210640114,43.470385908068046,42.37055361240462
HNBrBDE18_7,HNBrBDE18,56.978965288831816,57.22099788916791,49.641011002733606,53.510023450784175,50.61046783387275,55.5556790477414,54.344979901423095,53.6050586311673,57.06343063675287,54.96391991777624,53.21155923713941,53.92273128652808,51.9115616652275,48.587984154060976,54.79957870088654,54.85201075661789,54.834255163461975,64.72605124326846,55.116956125137676,53.871115544021585
HNBrBDE18_8,HNBrBDE18,45.17208211497801,45.91841672019586,39.88395347698362,43.44071106154591,40.25493726618964,42.6010095097814,42.14554650479178,43.184721395252446,45.745984584157945,43.57899657939984,43.80110518905025,43.90497306741947,40.1829233377799,39.26122807244685,42.68500541797109,43.06281418828881,46.50384853929573,49.05634563657072,43.77088409224181,41.484025879123
HNBrBDE18_9,HNBrBDE18,44.57456822128756,45.48952114837079,38.52938874796308,42.8086372090473,39.54758599682951,42.28567972401358,41.80721993994661,42.68580166456895,45.3003462438564,43.24140181612596,42.79220775596232,42.89668896199733,39.59517593875461,38.45362720738299,42.45788921981881,42.81263726826317,45.343597144909786,50.41889584094135,44.3087433616423,42.900684094443584
HNBrBDE18_10,HNBrBDE18,62.47609700134277,63.08171580754179,56.26927052263997,60.52025972215227,57.60539274835504,61.5007414556984,61.14434544183723,60.74421088816093,63.94889436739388,61.24684980447989,60.52806336713407,60.35849625096551,58.3875631648882,56.12766403633236,60.65731576076918,61.00404448873839,64.3883461566459,73.19868183710933,61.247578271689214,59.39042998887764
HNBrBDE18_11,HNBrBDE18,61.20936621639891,61.4652317612396,53.56676041054799,58.575332887373456,55.39144808387079,60.01239565961492,59.57094726277135,59.15455845657163,62.302939401477495,59.78327287432163,58.03233902470453,58.04965351732304,56.57457000884248,54.0433091146044,59.12256984347584,59.40181501063519,61.68816182261324,68.22231208104199,59.49652881522317,57.76351798011691
HNBrBDE18_12,HNBrBDE18,60.70745464610045,60.97018828223502,53.43354905984628,58.16169897329628,55.519320270318005,59.69611205954596,59.071336142384176,58.5662479306783,61.65657502478169,59.70771947863013,57.3883346482294,57.88721704235135,56.13218317137462,52.95799640140297,58.91648600579305,59.28082961532796,59.61005186876789,68.19793943433717,59.816550893092455,57.94769300379379
HNBrBDE18_13,HNBrBDE18,63.38431844605719,64.01537661145265,56.22309272805404,61.20664803359871,58.040604077459726,62.12121027356654,61.95382544704575,61.38613456852529,64.35448517866688,62.13892361086969,60.65947069083664,60.67316313605799,58.6782798954832,56.28224402995552,61.41976292643682,61.803537806542224,66.07567524252784,73.27302186200637,61.044111824328645,60.01642520760598
HNBrBDE18_14,HNBrBDE18,59.77533199302855,60.02849912140863,51.735201696149616,55.82186611940365,52.92878439191378,57.31550426757335,57.35282533044352,56.6076153475609,59.519392151244745,57.33184505328029,56.018531730181245,55.86702283075642,53.92919356757517,52.05970240764282,56.66716373776685,57.02174442929244,60.22043435954244,65.97680625817313,57.323935628606584,55.28032854807241
HNBrBDE18_15,HNBrBDE18,58.74760764407415,58.68472655116746,51.25559344434661,55.38623850023643,52.44152617168688,57.25783614667473,56.49458909437913,55.9869051268684,59.41275074371894,56.87920414628105,55.462359603652295,55.65789331316827,53.92474214091666,51.32644917829828,56.27578444725623,56.49150645372909,57.56658464329926,64.76401207627985,56.88545640720424,54.95997193803351
HNBrBDE18_16,HNBrBDE18,68.2122345223337,68.65161960539635,59.24625673010022,64.61551318110125,61.29399038674315,66.69721016117924,66.25654458254402,65.76560463851546,68.8721037186356,66.16406142024748,63.92279135367392,64.1534226092761,62.646575073219765,60.307529994494,65.54070838046657,65.5875425501549,68.24189285157921,74.47449355655519,67.82106881713288,64.44939421988386
HNBrBDE18_17,HNBrBDE18,47.94454886583622,47.49674743768226,42.52470398131251,44.30765022663979,41.513818723389896,46.41032459748209,45.21018128992031,44.43991949725782,48.317471973003165,45.06930371878509,45.620810311776594,45.51858644604141,43.87689986229383,40.52979300476986,45.03380324881776,44.856009797018864,48.193945010856034,52.816812117166414,45.37454924243896,43.38532295282319
HNBrBDE18_18,HNBrBDE18,49.54588715514256,49.25570794918676,43.69181324463624,45.55193844902076,42.89155675011921,48.02638112144948,46.5386738789883,45.70274384756617,49.79065877183033,46.59493537451564,46.98368834963346,46.79396882944207,45.12630228673636,42.07083390897035,46.55166112915818,46.34496722631072,49.59335532510649,51.09505398756157,46.83193775076646,44.97692638995812
IP23_1,IP23,362.9499624783957,363.39066608428936,364.0177715050767,365.451102855092,364.207391062839,363.2096497441001,363.7050274974905,363.9505354336404,364.82769578693154,364.1270439340526,362.2356052539096,364.34395049038807,365.1879405045548,362.6189108819568,362.8210465555362,363.3826355318273,361.883787990928,201.361394819968,113.7195705422194,163.21223132382664
IP23_2,IP23,231.02056844481183,231.52831685723248,229.93143081039952,222.9742182740176,228.0780899873863,225.4011646287508,227.5093099407633,225.30615856486315,228.44667769452155,223.60693130764133,224.39248174103045,226.8240538446064,223.5382512742188,218.46773545444864,225.3761204118908,224.21064223389172,202.79563224974,226.15080956951084,227.11225148646164,229.09334635199167
IP23_3,IP23,257.70162180953736,255.11531678833143,256.2430815214271,254.192632379756,257.0867412773939,254.9995503265026,261.3552034783574,254.4854020704493,260.48111064241465,253.8254531176326,252.0528907106952,256.01483028407097,260.155888671751,249.46969462242737,257.40594850699614,255.860894805472,254.2045066172773,244.32754449097285,255.14790133318945,286.7309098001329
IP23_4,IP23,307.443223522054,308.1082567448938,303.6875783785399,304.4503231723669,304.7076637409116,303.85361016901635,303.8157449923341,304.2005286562496,305.8512770415452,306.1981136387909,301.3420975627622,302.87843013762114,305.91270557548523,301.4358785399059,304.87210335160034,304.8741152724776,306.1480026015413,321.00193046664873,291.68416162304294,315.3299112904918
IP23_5,IP23,277.1647242310372,275.2972947535705,277.139078169836,281.0854725765107,282.8947467349542,275.2373771996944,276.34533127044386,274.0205156594112,275.32655570860214,275.4248566992368,279.80122718638376,275.17628337929983,282.40802170968857,277.94497829621616,273.4837286185733,275.2859045153516,281.9246075241918,259.40358288973374,248.99381632784903,299.9669840537978
IP23_6,IP23,288.18766609404264,292.3784071678265,283.04543447552254,283.2384407020026,282.57073849311536,281.8171779907135,284.5762558856712,283.4833187441462,286.1341061996525,281.1424253991234,280.88029812555715,283.3788778243052,284.02980011609856,278.38259380247075,281.3732184263626,281.25222255157604,292.71249636316844,280.13897224454325,285.3319081453737,287.617907395088
IP23_7,IP23,252.6052408650117,252.4115157009218,251.46307579350216,250.3400009407028,251.8276995860416,251.65572176679345,253.4904961532372,253.8183662138776,256.5137191412367,252.603862665954,248.6574419666358,251.0212792543068,251.14433022261028,246.6659093757164,250.33753332244345,250.0931344465428,254.6728726662608,254.95700349811833,252.31381143726034,250.46380750947873
IP23_8,IP23,332.2333128547398,331.9375741657129,326.8050339290081,328.1196131898628,327.49780137632337,327.95318054633015,328.64027919856443,329.36769778178945,331.7182809398536,328.14900021154585,324.81896023126774,327.0474337479802,329.9878654577569,324.9485091856797,326.8336418976782,327.4379076678092,330.36673754379683,319.4883278075941,319.96215194389725,322.2911699237586
IP23_9,IP23,322.2711556773296,324.9870547708863,327.513881934103,329.1097154593095,329.43451580635053,327.45254721283817,332.64224596975373,326.21132355849403,333.66793530549126,325.2474747794201,323.1544879000201,327.53948971722923,331.53464688111745,322.2140390119914,328.6896761796057,328.2078130977461,326.0455676437776,304.8241241642811,318.8014030669892,304.26505626919595
IP23_10,IP23,318.7659523887063,319.98571044996385,318.38345938536355,320.46031268245014,320.3092141114185,318.91855014262023,326.0156180372511,323.5561152359796,326.3494571562684,319.2864657243657,316.7542562241321,318.5648945881558,319.3244918572291,315.8539117175686,317.81742575945884,318.3244458843979,325.50054912126524,314.1498497009111,313.75253562982226,305.18821705365116
IP23_11,IP23,261.85252042428846,266.0514306046493,265.4854141097647,266.2985499851372,266.72113770631825,267.49712941341147,267.9387109050623,264.0943269485332,269.98614153793807,266.9359631902267,262.7009769254263,265.4545934172069,269.6580071703166,260.4988872328207,267.261036943147,267.2191765391581,274.9697353621766,287.6786471439654,271.83517610002514,270.9423932667831
IP23_12,IP23,364.5411401342981,360.3963673925443,367.22369670020873,371.8859866081306,370.5854643125101,369.73267347792586,377.4224851902515,376.0125182769788,377.6912820110105,371.83272190969154,365.4298361197265,368.83245139847867,372.899622741883,369.1513408572837,366.6587539995269,366.1971931081905,362.97061310924346,309.0848110859857,322.8807827219962,326.90099214947304
IP23_13,IP23,293.72219799871704,294.0497792795041,295.1848916465305,292.9323703352485,295.28057642467684,294.4324590296504,295.9271860948609,294.79493385324764,296.7231861925151,294.13939434675007,290.6852019935332,293.9454290347774,292.729517794858,286.9048985514754,292.5400628954883,293.0087092473,292.43756800929066,292.6338490642401,291.081768814722,292.4192449018407
IP23_14,IP23,241.12108832370484,241.99915674595115,240.780084176046,241.62029915596867,240.6323400196333,240.7169766149977,240.40321980716584,241.0630293274038,243.4486123283823,242.29982063130768,238.89856554205693,241.19496049601847,241.7843542915965,237.60397967432684,240.67578620287284,240.5768996831229,239.509584006922,240.92533931547175,239.12756387459604,240.18796563345938
IP23_15,IP23,294.4831956806654,295.00498995139964,294.6286516237629,295.6710660950027,294.56448206566864,294.50554505809083,294.8232840410224,294.9073902025878,296.72598086871704,295.31513061036816,292.82444196876025,294.92051355923616,295.5808949288528,292.21318561757647,293.8962821162744,294.1974999670004,293.0984285903348,291.00806166728296,274.85671774716855,284.0056128688072
IP23_16,IP23,373.9037226769049,372.7983024894015,376.1812006674901,372.9916659570335,376.4609236832058,372.8496887382272,376.2049556661348,373.7161898390581,376.90895365051136,374.0855347618793,370.8808030269843,374.5232196707432,372.3376777167024,367.1735763889914,371.89405361892847,373.0571736163116,372.15242098560975,332.0731023577658,301.5057207079322,311.7345683017876
IP23_17,IP23,230.7669021324894,231.52904614876567,232.2877985390577,232.3169339294232,231.926487745513,231.59681039481947,232.5845625158213,231.79686725504632,233.29801531091624,230.6544264558383,230.23152196785745,231.7073322579936,232.4512944382496,229.3727499012628,231.34887933085005,230.89458901530588,230.04075324440845,229.48888652031465,231.31836028188994,231.21144795488422
IP23_18,IP23,266.07260070353567,266.0567570305819,269.9923233220153,264.64960399530486,270.43713648749747,265.60826942061806,268.45706560813534,265.5253201355122,269.9452985150511,265.52327458013104,263.76685403866395,266.95372967771044,264.1156065478317,258.869572751366,265.68562245073537,266.1234983734856,265.20877336033567,259.0607147731899,265.0623073426265,270.079654469141
IP23_19,IP23,358.38397387666765,361.8509868132,364.94502211180856,371.242493589254,369.0135589785686,368.5700364745724,373.4389205736356,370.8560271331753,374.93297538793433,367.340723326554,362.7842324572275,364.9816588131888,368.68424125357,365.1787721519407,367.93926558277775,366.8096225883072,358.4765899408302,366.18183119147847,369.63596548245033,362.00081502630076
IP23_20,IP23,496.5627761780404,493.1750573466908,500.6097435988912,496.7975865209286,501.0919231337814,494.2215797459437,499.458813161301,496.1388447080767,500.8199689991066,499.20324267146896,494.55705497040645,499.20920307022106,495.9771776852567,491.62205266086335,494.1196648027413,496.1029373609461,494.3040385150561,332.7718852256997,159.33758576827026,197.86308634662603
IP23_21,IP23,252.3976958715232,253.63123002476897,253.67204750802372,251.97135865573443,253.51905592918013,254.044386780558,254.34916944987924,252.76183911731425,255.94455876111567,252.70828733329049,249.77031646467464,253.1126926537052,253.54469697030007,246.3524562824996,252.2292053734226,252.4320982626745,251.21976324630896,252.48781277821917,250.3976026608956,247.64768146519285
IP23_22,IP23,245.08750229062963,246.36659890275385,244.8441571286289,246.42500484906552,244.42267018457576,243.2974336243965,243.83751289368712,242.9864106243492,247.5984554721913,244.45633933092083,242.26549887512687,245.05418567911377,246.27337854258275,241.0900239691874,244.68403453213392,243.912787235956,243.48853409645383,262.69460119213653,245.89895163721417,241.03661507267122
IP23_23,IP23,295.5901023126041,296.80587844975486,291.26421565289706,292.488349714233,292.76250389714977,293.5246285233268,291.79885228153097,292.2329598844013,295.67257569451,296.10534557265527,286.73241514782785,288.18457906118584,293.952631839514,290.5031363947268,293.74278319600467,294.343000274995,294.74475930075573,317.1551970531645,297.1045220720855,286.04951025300153
IP30_1,IP30,243.5493636180032,239.2913825195433,238.5184961685816,241.57038002431213,240.9359395198202,239.2101004643554,244.1565458639107,244.15070450369896,246.2727189046582,242.47122220861272,236.6769550964839,240.1999156481817,240.5328802072696,237.05013962428487,237.05308245546928,237.1812793779524,241.7995339510032,246.86955128930583,244.23376358644387,237.82813259282904
IP30_2,IP30,375.6793849806336,370.5064131162496,356.88617628213103,371.4723092704612,367.2515118106563,368.1830137313602,383.22368364648935,379.06821475479074,381.5177613024917,367.50638187438,358.3671766402851,361.70351556070347,372.1193773990803,365.9237984000162,364.4931240506107,364.6547863043626,385.57319579714624,386.904326999949,365.1065448214505,361.399451600562
IP30_3,IP30,379.25838150087793,372.48789300539215,353.86072017619205,368.9775229292755,365.57124851726974,366.5431871483857,383.0400692915992,377.7644069450193,380.3907000074699,365.3820347697875,355.78932862702965,358.8511015927958,369.6466821524096,362.3768103855926,365.1571882732986,365.6135033737088,387.1035160456454,360.7244435667082,370.0341606223686,359.4707332296592
IP30_4,IP30,318.4015959151975,318.3335392496828,315.52322420214495,315.0304032360964,315.3331892330185,314.0447907341926,315.5457824147288,315.3097580920145,318.9002124332518,313.63300897716545,313.3179743090552,315.3499436732279,314.0344148650388,310.8039303923372,312.6658354646476,313.3269796347681,317.8128365266656,313.82003995535604,306.49182393454936,309.31383586695955
IP30_5,IP30,265.2378091624568,264.6402212854009,261.56096370940776,261.05673305233825,261.1715616384987,261.1517849871755,261.3710768325116,261.6333493117665,264.8437419978812,260.80513676827167,259.6653300028626,261.9443660994572,261.3104509459449,257.04396496056773,259.6784560577874,259.8463630348165,263.1812331720192,263.8360215453063,262.7220597965065,259.1893569551411
IP30_6,IP30,264.0156001746975,262.4568443017851,259.45670343404254,261.0019203507956,260.1281123413854,259.6081305062519,261.71696432167624,262.5808323927501,264.66227918467865,260.29033144704835,257.9083229282918,260.49171479951394,260.44568120650337,256.37850578429493,258.0485947018309,258.2287974760302,262.37688967638053,263.2951701410536,261.7644544007955,257.4711546152289
IP30_7,IP30,271.83312575272646,270.8785927283049,263.5665655647302,266.2740751076088,265.6738760381496,265.5111811547841,268.9509966384396,269.35374125503535,271.9572801336917,264.8624352541136,263.3539467178792,264.37756282505546,265.4131915343428,262.5265046932855,264.4483557456413,265.0362489150704,273.6732546448832,274.72175401472066,270.26928974463215,264.29782358552546
IP30_8,IP30,297.3634585190155,299.1492375304838,298.0367094176854,297.6866598464278,297.85269489993374,295.59029558551794,300.89730535609147,299.5655775163421,302.022778048082,296.1772809369928,295.6860965156541,297.2754495622758,296.07204044458734,293.80295947203496,294.55924913867545,294.85405377982886,304.21093745020346,304.62738715979333,304.97420986708835,293.4433812433036
IP30_9,IP30,313.23833940349283,312.50201307227275,303.79290992257194,307.3594243381128,306.73465199763154,305.79748391738445,310.9911881300242,310.9451177022012,313.68997315769724,305.10043892622343,303.6091631631383,304.4589522433904,305.6034281185537,303.24588230362065,304.980554496238,305.9410141593884,316.7321780870229,306.04102777622256,319.93818440603576,305.26858689743904
IP30_10,IP30,248.18453388422745,248.87369013999,249.7823505903524,251.20683562554865,249.7179148427507,248.7851483022228,254.4694724287163,253.0302257351485,256.0975542932593,248.7530358186685,248.7979902208877,250.29218547179832,250.9090991346354,248.1707751742274,247.09288953774524,247.3104572380192,253.4793550212318,249.65145548837464,243.56045986706636,243.07576867035394
IP30_11,IP30,259.5787505126931,260.38996413829875,260.1036362715945,262.34771368991306,260.0565537337718,259.3709570254664,262.93142551271234,261.8936021517894,264.3416525914011,260.3271512557149,259.4014393649056,260.7467338339879,261.731845646091,259.4227832211439,258.7795531915175,259.2406376149053,261.95810466641365,272.5466505505934,256.30015692944784,251.0226607195624
IP30_12,IP30,314.4697727805208,312.99843694673035,310.0483303586278,311.98863420559246,311.0653858542562,309.5917450526671,313.5416808090518,313.9341156332257,316.23402708751564,310.33913914498066,308.3229521460876,310.70419579356656,310.3427503992541,307.2513023221959,307.90492121045787,308.4504710445848,314.2653635497752,326.3221440481929,311.3349650878703,307.64958978639004
IP30_13,IP30,237.32070959855943,236.226830879058,229.17375265355685,231.37114142172533,230.82178718588628,231.2602331382409,233.1849760052688,234.39378032388936,236.909749878946,230.5940083376568,229.00725343127576,230.0912137360181,231.09720021552604,227.8363840683968,230.0982195027948,230.38828362364333,237.37418032968452,242.90428086458004,229.2640614600533,228.6141921816093
IP30_14,IP30,264.128596433201,267.5668843705562,264.32280898390854,264.27902250229874,266.49115673909085,265.6128878903726,268.242405096469,266.0601932097265,269.9087608346496,265.53439856606366,262.8677917222625,263.8157379051826,265.760051976984,262.7143968430476,265.18704540303634,265.80625129521684,277.6897724973399,242.70348949563802,279.7648784837461,277.55183687612185
IP30_15,IP30,243.74540197026587,250.60146167366167,247.8478761808851,248.07554628177064,249.48395094739888,251.56014579875213,250.1715361704996,249.55819981362933,252.56957103028404,252.2749341223121,247.74959972590747,247.58807928922369,250.98769551195576,248.49545817704285,249.3421702018553,250.35793898927085,243.05213625094,230.73385859186786,244.18645987709456,240.93513113412757
IP30_16,IP30,247.1883180409845,245.4736945250631,243.57723118823947,242.2466838820509,243.00479207112383,243.2336598365457,241.45750901669504,241.9255081552418,245.2115572740965,243.21949600645385,241.57182266858527,244.1563161954465,243.1679600338708,238.8517697760631,241.8753432908504,241.75484716461915,243.9774557732172,247.09481384985304,241.66352220492183,241.76558643686576
IP30_17,IP30,216.0588845276688,217.01055046133123,215.05832443635265,216.2196328766045,214.965542454294,215.59442774286453,216.11778143737052,217.0167995771817,220.60245309442968,216.8006848122524,213.5079652677117,215.44740227309964,216.10872139284487,212.0071864384068,215.22108633767752,214.86126305537607,216.6026060991485,228.03441154072303,217.4888233913487,217.45505059821411
IP30_18,IP30,238.7781367476133,250.3469495413628,238.2650112065109,237.32477736598227,238.8849099318978,238.8726697948572,240.8617967026929,240.59535674478315,243.1472868597425,238.5444456933845,235.34153612047945,237.6175954376456,237.65922303565608,233.17705043509804,237.4696934626461,237.1875891739729,240.77697780833728,240.65391312706748,237.83815611112107,237.7735584162721
IP30_19,IP30,265.3484999511526,266.52007651722323,264.52396630745847,264.59873475154967,265.92699133439976,265.3618841007224,268.47916065597707,267.8208557779846,270.4233245019689,265.7875498186152,261.75313296374225,264.1963113570524,264.1708954035804,260.00166428778846,263.89226921166585,263.8304367498674,267.5209781732488,266.3339844309082,266.0639789434508,263.3151276711075
IP30_20,IP30,272.5249423976881,275.1341978249064,272.1463238888289,273.07699624207766,273.3100321763737,272.67619728131973,274.60151601378726,274.6545579463468,276.3254156885496,273.70453633856096,270.4316529959673,272.29715645861813,272.6649305369933,269.4348919091422,271.5311561455932,271.60003415831915,278.8779254314509,271.94256842997373,276.53689568524265,275.1725047368556
IP30_21,IP30,293.7959912303381,293.4166709776623,295.558760096887,295.66550460401726,296.9037766420482,294.14395527384875,297.5613350347887,296.5435208174427,300.0139262584333,295.9956666430107,291.9832407949156,294.69042610365,294.3670360214039,311.1394839299888,293.06397168489207,293.18705170689447,301.4658694923802,290.0924354906114,300.2144206653595,301.6375798663591
IP30_22,IP30,246.16212356012792,243.5649454312752,242.12016441789444,243.5485171077096,243.1524512627445,242.41400696152732,244.63689451441635,244.80909390725463,247.5459140411672,243.78589622339013,240.23906125798592,243.3630158945539,243.3642567945424,239.08459919704208,240.7526839120692,240.8577942590056,244.0476489353154,252.40069590102965,243.59341234919015,241.72412496144716
IP30_23,IP30,243.31183998690096,240.36167905648264,239.02319927752973,240.2531330951969,240.22894197743383,239.7763210880676,241.48080449015515,242.0159522252724,244.5751222935323,241.0477038517398,237.44423301873428,240.0196464207828,240.35821645919023,236.92694715257548,237.69630269598724,237.67167006256184,241.7846852758728,244.9466919680983,241.7575644558605,237.6467788181859
IP30_24,IP30,243.1942315337632,242.01658488029844,236.64681663220253,237.25489960521776,237.36873522039343,237.46420595505492,238.5853018312128,239.3932451912011,242.2019636036304,237.20856725494752,235.2869700301649,237.24886829790483,237.75302233605564,233.40416092299057,236.38675122926955,236.72157773444457,241.32654072808887,243.41037310774274,236.54412877012922,237.18726041178402
IP30_25,IP30,289.3937330280912,288.21561637002753,281.7273192615331,283.1420665419691,283.3590422498342,282.5251655548177,285.32523732595683,285.6128193958202,288.64690294129133,282.0648788842022,280.41548491536054,281.99475049616643,282.63565208917544,279.04506176663386,281.5409283026796,282.4348611056667,288.7416192106391,283.4489732441043,280.0599780224574,281.1014781546798
IP30_26,IP30,260.98544414827865,263.7455730588468,263.65750580648387,265.47186392118806,265.1643209004259,264.24075057398414,268.38842705309804,262.4461461437834,268.8207239773571,261.0550190729683,259.68920855813417,263.6565073134064,268.2804127178203,257.880447827938,266.0686052879804,265.6899865281392,266.4049640790287,271.01541271642327,274.7989429006232,270.5065148937925
IP30_27,IP30,307.45475400863984,306.2256106646854,301.2452195126127,303.3937272380165,303.74548972187665,303.18776614118354,308.7863915497982,306.8513841337774,309.92834991967374,303.95796455531035,299.7288404840157,301.5473768705431,305.35170658359914,301.3055785821602,301.79185506363893,302.3408516190794,311.0606830911844,304.0003558497879,299.31226701228064,301.0409549277713
IP30_28,IP30,310.26583455498434,307.32249772735383,300.5537250310127,305.8591042182156,304.95313327348083,304.30187156181944,312.5688460943059,310.3099367365845,312.1797404589014,305.38620372866006,299.61272826445804,302.234178961791,308.1624332773593,302.9702477003639,302.75129602790287,303.23577871083575,308.8614972789655,313.8269324664994,306.6230477555323,307.6797497860714
IP30_29,IP30,344.5291965914633,340.83256268989004,332.49523794474254,339.9476913119563,338.25499887567327,337.7955850707259,347.4066774292995,344.4675945511632,345.91229430203464,338.6662680201943,331.84409928768247,334.7948303104508,341.3426235374549,335.71800637272537,335.85165108144554,336.1997848662786,342.7284811922293,343.1826498173526,335.92182021956955,338.15554463675636
IP30_30,IP30,293.6184255019728,292.07065819847134,282.808665487304,285.2148939892484,286.1027870762972,286.1515114299322,288.5408854666555,288.42754834500266,291.1006573165219,286.02014960064906,281.89637571042044,283.20309070879955,288.3285147370555,283.7515191799052,285.94802585798533,287.11579877537486,291.66917227113424,279.09718864786026,283.4503289624884,284.4071950420756
MB08-165_1,MB08-165,128.98109724556565,124.43570726983005,117.61343374323856,123.27809542511788,121.9043626031583,127.17653562052185,129.1015801941168,125.53906514743996,129.51155315506992,127.1718528938164,121.91734552319114,120.60289013267652,121.52509794781604,120.9165740866569,125.21790636337158,120.01849702283928,127.8149884280772,125.52602287808693,123.2240232919171,124.41936803650846
MB08-165_2,MB08-165,10.199507615897536,11.294416141240877,15.09218850581196,25.28918018509201,27.70705275294952,21.53691581162052,15.8796867912654,14.53867231342529,23.77178308523619,24.896388057098783,31.927657567314267,16.970965236981336,26.35302046539505,32.516579036527794,20.7462778452071,27.767651656485075,21.229036912049565,18.891611729517432,17.953614540211156,18.824825070455848
MB08-165_3,MB08-165,-64.51984892265511,-71.83826425820303,-74.70202296987445,-60.768277884385945,-81.45457316574783,-58.22120751657265,-72.74905516593309,-55.488221465520496,-74.71179737115538,-42.91049850011501,-52.84454030378348,-52.5693677985283,-74.26873200782768,-51.43717824639084,-69.20032355313704,-76.60387648754505,-74.16178590702836,-91.65738406452832,-90.33747709337179,-82.11571400976555
MB08-165_4,MB08-165,64.21564864487715,64.42027408774467,52.395646444204935,58.677207167919,61.29491891277824,69.37594770442271,63.92513359571164,63.10107202733872,69.98639952573131,72.11864226830238,68.35384747187793,62.66665305427396,63.789468055460034,65.38989413425867,66.06952699256138,67.02315037924136,63.47994041923972,70.08854281521344,55.12739167191234,60.28332623892625
MB08-165_5,MB08-165,103.3410783332488,100.02517664351996,97.0858905776229,109.84893415909715,104.44059572744824,105.54600167038124,117.32942345736546,109.55417884012198,100.9728759015238,109.95618676061592,114.0700054639382,103.01107034780168,105.03053351088413,117.65761762667742,102.72401751951652,101.67363192092218,97.50382471552808,97.2807086507506,90.91179027362625,99.20354216307949
MB08-165_6,MB08-165,94.86257192581348,88.85315214630724,87.41532826773384,101.9508528053703,87.46329477814443,99.04160241776783,107.7506199752362,110.29024908473758,90.06044931276007,112.88241466792998,103.96379338390128,100.38734586991036,79.40180179971775,110.94754109971448,89.36699085197709,82.48081420784277,87.68092427440169,89.99806449140524,66.20912895490906,79.14964007706826
MB08-165_7,MB08-165,-83.792363539184,-84.76001709645519,-80.7725326163653,-88.01215340703845,-82.44920329255147,-82.65360264381127,-80.88468286658097,-77.413097896052,-81.4753665707509,-79.70770055745794,-78.50836014846784,-81.06134705212017,-87.72299691588752,-77.14653664055109,-84.31047150554176,-85.07419910470034,-81.6551426208513,-87.90714764542217,-84.99108696437294,-84.12310067199206
MB08-165_8,MB08-165,-87.86096616894051,-90.74770126551697,-87.86313848124351,-94.5358766256587,-92.92545275217677,-84.15108497761712,-90.39903309360275,-85.58617398166308,-90.59922656260773,-86.2002228127421,-92.17069056912632,-87.7396968255336,-93.57954290004702,-93.19565444114768,-90.2876347252309,-93.829966933674,-89.75513369896527,-93.7325433552043,-93.05048335422536,-92.45071876340941
MB08-165_9,MB08-165,101.85507691278416,97.88762291166952,94.03271229542636,107.75330973182758,92.13136913121424,117.17524569725624,126.93636333465744,121.24582987648208,99.56856843335032,108.89515671879012,115.62572626179836,112.7603276796287,94.03785856339302,115.42388840426896,101.1509992975043,87.37592374752819,98.94470087436171,110.72506583953347,59.56156155255329,76.02555731493251
MB08-165_10,MB08-165,73.43145546648243,67.75182103206748,62.61233872081521,68.12119726760588,65.63149965172241,72.59643300191088,70.69537347193788,70.82091747265216,69.39075121766716,73.03034551207959,63.22252108952527,64.2566470391132,63.8925991120034,63.406611284868696,67.34581587626926,65.07429721764746,73.19634106828248,72.28981885453248,65.78532344496597,67.71958178979968
MB08-165_11,MB08-165,-69.92665252890355,-70.21237146040286,-66.86054604545865,-71.26608354946838,-65.29536949562142,-57.799885105478815,-67.06285635491572,-62.32711276074664,-61.64895461249955,-59.62438019647587,-52.49848828164791,-62.64014956419021,-69.59939792955504,-52.72628909270306,-67.92342642444592,-70.64476897443558,-69.00926881208343,-92.97890171764156,-112.29985438732209,-99.24613031025582
MB08-165_12,MB08-165,6.29251503110938,6.712090393055607,5.066277432526006,7.019325243899328,6.706877295347839,7.809895062822251,5.422822668101176,6.134202611177325,5.533109215193843,9.068859288510042,11.688400662768776,9.06216683721934,6.644941294497052,9.970067938346766,7.1709608375258735,6.644095411725977,5.370458386149662,-16.40406760021183,-12.058191457089146,-5.157899860728212
MB08-165_13,MB08-165,-7.7274359253665885,-8.772522520223657,-6.4161084813691,-1.2899609346592282,-0.7800142310620802,-1.985885507709873,-3.5384915994412545,-3.0474868340676813,-2.318544846061762,-2.5872140941775834,4.423718838025483,-4.493312211441062,-0.6152891035757505,7.325928067217593,-5.1873323559645135,1.540449852748902,0.7909264958468996,8.460739885207198,-16.37212628843468,-10.328499612716257
MB08-165_14,MB08-165,212.8401606492759,205.25893399211537,203.10750941441057,200.9590322487205,206.59718196907505,211.65349254310976,206.12248642591555,211.93805265287185,215.70294069716869,206.0586207079346,214.6067900168738,207.50830420179665,207.35775143854235,212.1030340552171,198.831745199458,199.75333698852816,213.3282964049368,191.31023882004502,187.7228607870127,191.56239102843898
MB08-165_15,MB08-165,167.78512662147534,162.66531259065508,154.13666133640183,162.5914859127841,161.97625742665363,167.35577899175,171.02915921197396,166.76584032967676,173.1852931227809,170.86871344807926,162.28865937876887,159.9751206777052,159.77617890187926,162.94907720664713,164.11107057353826,158.5925389054236,165.92431990409906,175.28639978479143,156.21962319211303,161.58428799609987
MB08-165_16,MB08-165,70.65295332950271,70.19707987028366,66.87226528689335,70.393680596536,68.81326918342943,71.69064817649026,68.1988934826595,70.67534437355836,68.63586736053733,72.70200055226435,73.53536469754184,72.2216700995432,69.67866392230286,73.24293800352017,69.13166912209351,69.06392815659966,68.88048238898482,68.52274597476489,68.95352148958627,68.60905663529273
MB08-165_17,MB08-165,93.79367103268072,91.5245237951677,79.41202681567373,94.64658925171588,83.03124845025425,94.86007381067212,95.38102728132183,96.31047354383996,91.31514754075896,98.20192182502826,89.50967044204418,89.3902635467595,86.45566918126121,89.29477480258407,93.35725607752292,89.96402219096711,90.12391462872978,117.76399177979563,85.93954928148545,91.82903832247246
MB08-165_18,MB08-165,-2.141011497225321,-3.21080828563691,-5.42147603274481,-1.3748701201400182,-7.410794393776022,-2.170806274561284,2.0451443021018245,1.3982363766122516,0.5338436448582254,-0.3112724351005428,-1.5063954156602313,-0.181254542791979,-4.878868276795343,-2.262788244790984,-1.7231024239173929,-5.853580060644679,-3.672468883864045,-3.487318140092947,-6.943045775331508,-4.398765332865092
MB08-165_19,MB08-165,79.80976045533792,77.17238538723835,69.89540425125676,88.87557418931277,78.41291043529297,84.42716404580979,79.22316127316307,83.60660303904109,81.79134815074639,88.58346595640744,95.91717620793932,84.95463093952044,84.42089623014648,101.11725359377984,80.18081979680018,85.74857104904099,86.00289643748341,80.55464236720626,68.2673685634143,74.12900552197614
MB08-165_20,MB08-165,315.1292381745473,310.54877412152905,304.223672084153,315.79944019291526,311.59619040804154,317.52724868691587,324.70301944730846,320.48250813179453,314.94910135161314,320.6412848459745,314.4953885957793,316.87368106615025,310.9635120129132,320.54299069519243,309.5660770913699,308.4848081120262,314.3962464079863,307.24416680024154,312.13741434101723,309.7300628732628
MB08-165_21,MB08-165,145.38410955620557,135.9285781140524,122.54419121774752,149.33396919562117,122.85530263380782,140.71113686406127,155.13500663308625,154.70065135218488,142.45078853275365,147.8873008848799,131.37750334171298,138.4152267240642,131.63766839312748,136.2213794311188,138.0855521973118,131.2544814271083,142.02374291220374,169.22209489139604,122.29249320702013,140.21512277994646
MB08-165_22,MB08-165,82.02416169559247,79.05486699732761,78.04537123380968,84.84087909676613,89.951282242516,86.33659379913148,83.73447622947846,81.06145931360446,87.93547858924195,85.56314978058218,92.02391597771116,81.52692036456713,86.0534314040527,94.09927065654112,83.93723734170823,89.63660130147822,92.20472533570582,73.97066238343379,78.25773193069229,81.81394430791083
MB08-165_23,MB08-165,33.40682540959544,31.08293129623291,29.785255697335103,27.5552113361522,30.1828408682798,31.022399222323656,31.44236878572016,33.9945690435249,34.7761723795757,30.54511488884437,33.70700893647708,32.50194526457864,31.34170039009637,32.14412430224193,30.3176283972818,31.71094127184924,30.6753141878021,28.31235477734855,39.5493111014696,36.27752599223342
MB08-165_24,MB08-165,166.62112604003934,165.5515319998553,145.93393718519977,171.3968766889643,154.3706735499437,167.9723949013064,162.17083901566042,166.5871543713176,163.06341031130813,175.8859861557419,173.2223733478489,167.54598125487314,164.59976704536518,171.0543805120099,166.11646710777777,164.66204070907463,161.48162974530248,189.95835587436255,155.77087028001478,162.55853476461317
MB08-165_25,MB08-165,-34.79812623778232,-35.05932667984902,-33.270093667983815,-32.86406152927624,-26.23565153261397,-28.65257831800469,-30.60650796859596,-34.38170329513805,-29.25319135555499,-27.581667951327304,-21.32556459679473,-33.27033174514757,-26.61787690311972,-18.45126491814748,-28.57571938893388,-26.964429677868168,-33.485263050982304,-24.995738029199995,-31.38206335849488,-29.250157311863266
MB08-165_26,MB08-165,-53.92314098737655,-55.59233545291151,-54.27260364903061,-50.873086635539096,-51.69155577668116,-50.54722473071543,-49.23909043142411,-51.46176080326,-47.84919120839835,-42.65794099703777,-46.6249193459722,-51.60025603474652,-53.01559819416013,-48.47305598191805,-49.72160461709865,-52.468066559591726,-58.03592015484089,-42.76277236699951,-50.84620179076057,-49.7229050503261
MB08-165_27,MB08-165,-64.25754870747909,-66.67383650005225,-65.64570188535438,-67.31276871729862,-69.45012654063855,-64.38602374217587,-64.6571051993941,-64.68943411103847,-66.88988499990424,-62.872907386351805,-68.36862532001705,-65.85317088750463,-70.37036278375668,-69.20839903532129,-66.02366671761112,-69.77071215755633,-66.87774466950492,-67.31916059398196,-66.26002378475913,-65.8432142148957
MB08-165_28,MB08-165,228.2941721845201,224.36303554521857,223.50757296354732,233.3326705256549,231.35223016873763,230.6235808511248,240.89769011912372,232.8445561944272,232.08439033899447,234.9781608208063,237.6104401981012,231.84369081968097,226.6719001791759,239.78068064740063,229.50463074363444,221.9125560164015,232.07062714047424,203.79045583235538,220.5115715237164,222.74098760378186
MB08-165_29,MB08-165,141.52210689066965,131.8071485364289,128.78521300971153,140.81577570064974,136.48994965823812,144.47476298704106,154.6852490694887,151.07928106241923,146.2001821759946,149.54402115224372,131.04811263745117,132.8851616201571,130.03730086097767,143.37083100098366,136.65288293243574,131.62818415215327,144.49042867001032,137.37240619206372,123.29070235978139,132.19958781443108
MB08-165_30,MB08-165,-5.238904033821573,-5.8914447353003325,3.402535459550461,5.912513365891206,8.295990947095941,-0.6471630707931688,10.300339163987678,4.948019067820833,3.6472878115454304,-6.26560435006407,16.897791859255,4.081253534512466,1.3490274602082175,18.55383316146499,0.3478584336592015,-1.021971153852565,-4.892653775158513,7.317588463350992,-8.319251146054981,-5.0528571284455674
MB08-165_31,MB08-165,199.35415060167333,197.2294678422138,194.1564025297326,200.19057887571967,198.65576694456715,200.38694271712387,211.6410143916984,204.53051672756052,200.8476872186416,206.08126369704536,196.45426478907527,199.92188860605592,195.60819125513416,202.0119504128029,197.9518915127969,195.6825258392037,201.9797044623417,195.60001628372925,198.72817111579928,197.276682246778
MB08-165_32,MB08-165,346.76526196880025,333.56351239512804,317.8018700506601,336.31730709953376,317.7528702831421,349.629259134088,382.8417976958154,364.5534375002524,335.1434339115668,348.4139735210165,323.1227452078173,333.8207501776212,309.9968565721396,325.6972539920796,338.44599180072834,312.23339270715235,330.8882029687936,347.266469918547,332.6141075882352,341.17264928452005
MB08-165_33,MB08-165,246.8381865797433,244.70747565046307,238.46962773880009,242.7193727127473,245.5042294497833,247.49377773031568,257.7817044430324,248.6219959017048,246.04160898518,252.6669407969184,243.1001177255821,244.9699589729951,242.4873449350681,250.00197225343567,244.42134864960408,242.997675486188,248.54063183849243,243.37839757780537,244.80363669080864,244.1262640362553
MB08-165_34,MB08-165,-9.715687143736218,-11.836383398250616,-2.527968414692367,-8.125156763889823,-1.7489131436198944,-3.4832925403280184,6.072604524166151,2.010606745405136,0.0239622022567954,1.9407863389733893,-3.642285870784795,-2.09304573981804,-7.872159941373525,4.064492630931535,-8.071256586577212,-7.120652775502177,-2.3587373619253884,-11.85242774120576,-13.313256625174423,-11.20149334701952
MB08-165_35,MB08-165,-4.917703896881851,-9.105991534139212,-11.242179303281643,-10.252672352045328,-13.495107115187754,-6.233409286247845,-6.924300793961143,-4.5585837389459005,-5.8186676925114655,-4.573446865582221,-9.519274984100424,-7.61963029974725,-12.32985647212727,-8.962091312545537,-8.770543167061849,-11.024064163710603,-8.679678620531059,2.1107114116099184,-11.741026858083911,-10.207785019142959
MB08-165_36,MB08-165,-34.43012581675772,-39.68393200835201,-38.51257463128676,-40.80530091387671,-38.81417664340919,-33.69181197481307,-35.65764924503293,-28.765991682140747,-35.62184317793759,-33.50709113241916,-37.22781116938433,-38.08628667504164,-41.377703886416896,-29.37045674924365,-40.41644621948591,-37.47873124923921,-32.44084151826415,-48.57859102993898,-43.00306953772378,-38.192514327483586
MB08-165_37,MB08-165,-199.36015084726435,-207.9244275714139,-204.94439398966225,-207.78651008789808,-216.6432377279506,-201.16343549053627,-196.73210496254305,-191.71945298375783,-208.47503513182969,-198.0232058937442,-207.15924383654965,-203.92238029072232,-218.0182672981954,-204.4949862625708,-207.49570789043207,-217.158767822585,-208.7885899920769,-214.0266444145151,-215.64284588164898,-207.8182468223404
MB08-165_38,MB08-165,41.654931673478046,35.639155850558886,39.91296418119394,50.51969381930444,43.54005647882604,53.90707360730544,54.728574183950286,54.47667161255431,48.078616766991246,53.64207968219124,53.820833787990175,47.693787545841765,36.55746720831865,55.44320406136721,43.06122288723077,36.05675254962335,41.59104308403599,63.616086197980415,43.84761957483733,33.87732608147275
MB08-165_39,MB08-165,25.522818967846664,24.814407960267907,20.867544741316667,28.1957564410184,26.222393135825936,35.391264508014906,24.96141730308145,26.46518847422952,26.66624934951957,39.113806393209614,36.30216090001714,27.76766452076699,29.035939229745857,45.19752869095183,28.629611722222474,33.18275307171613,31.938807288463146,25.27148130213714,28.183806162454797,28.5439463220476
MB08-165_40,MB08-165,144.9781096714698,132.4538811984711,127.39064047246366,143.47998137956964,131.00269356427975,153.82724576462147,155.75234455500797,152.5908639734677,139.68678242943756,149.12380359702902,156.78990204019266,147.118053335823,140.56469165241637,157.1998847903237,135.48925885686327,137.78425000935906,132.7261059886173,161.5646437021638,91.25916687815199,119.32228107865856
MB08-165_41,MB08-165,273.1342064062803,274.2926773742174,268.7653437562507,286.883499348936,279.28644727918726,289.96057551377584,316.2978535860821,298.49470994570817,284.9972448382058,282.4763010782611,280.3933311954591,279.380937718656,275.64493569241523,282.27412574494923,284.76495965613867,273.6715660495152,286.48392861306945,276.8227028341181,269.42580539750753,279.1246788949948
MB08-165_42,MB08-165,316.0832389454323,311.5761133051473,305.9846479051664,317.04135950426416,313.16101028148984,317.7239854572001,325.28687208324976,321.0610997282981,315.6236471788156,321.0135853384178,314.9537595426956,317.283265912512,312.2560412183692,320.94593686782565,310.3001009020824,309.3677989067941,315.63064676274587,306.8412719557692,310.42380039310007,309.0908568586697
MB08-165_43,MB08-165,31.849024355108853,25.195620405069032,10.04318264422558,18.17358657933072,12.882167657964514,33.93396160584084,30.82561061988407,31.936346753670016,22.713126597928223,33.01151276424559,21.92080031698524,19.474744040015413,19.1025868709396,25.82606913365363,26.451794723497947,23.663796360358106,24.94154684080636,32.485339521074046,21.807419463293638,29.366103426977332
MB08-165_44,MB08-165,3.751133036640083,3.4246418653062265,1.8339675347693267,2.0476871587368706,2.915222018665291,4.874123363912863,4.316202556990539,4.237188885807512,5.289918106767424,5.840999060423098,4.220243870964821,4.06848522273723,2.471481706119879,4.125280352219444,3.8087563531437927,3.838237250218527,3.554550549566546,-1.8026279958071134,0.4498511783716531,2.0272308174266414
MB08-165_45,MB08-165,65.54614945261288,64.65645729590355,59.08259008535376,66.37380156740899,61.66136248284068,65.65897691106306,62.41997556601686,64.9825742205735,63.06986083565102,68.75782006177106,66.5026708662929,65.27602024098682,63.441346381561935,68.37951323688495,63.02585817708113,64.11488417754362,64.68149575034897,64.88270656431447,64.30501410819771,63.1313780542733
MB08-165_46,MB08-165,36.62352745246284,32.950140015834414,25.05099020177644,37.12901563854464,20.93757517513214,34.3188947423984,40.60251413647557,39.13136417091131,32.681383481207064,38.03751136755732,39.356959286204464,38.99323339699789,30.95737179604672,37.83958703563224,32.05183246784174,25.89981116039871,31.676796438806416,35.08095146267702,15.939352918347064,19.99521920413111
MB08-165_47,MB08-165,49.51593738296463,51.01617762088387,50.98414614878602,52.28550077299556,59.03040175387615,57.43730385627373,49.96129478742113,52.216343769606254,59.89855922877993,55.4293195357748,63.12027833537186,54.65937877698691,59.244755664437164,61.516286622166525,54.384432928151895,61.55164646739065,58.68494773758223,65.10921008751276,51.51805905507256,51.84294683150785
MB08-165_48,MB08-165,96.32617251307312,90.1587675598387,85.39749004050373,91.543693331076,84.74841934084019,102.74760434560945,113.82492078302812,105.59952113767169,84.32666394827653,100.23641434185885,80.47941766995837,88.48972595563244,78.3295911078898,78.02341524199254,93.82886088546375,78.83520147001475,92.16945815675516,95.21214912797242,84.2726642830704,90.3103928745047
MB08-165_49,MB08-165,93.50317054174045,91.52187564232553,79.17765817665116,90.36096259586216,86.25411564811077,98.3882458285284,95.21232211232318,94.88533251013035,95.65270568843324,100.618628982052,94.47161193714648,90.0904949055268,90.34627768186378,93.22286601302234,93.24041550773372,92.5891758843497,90.8229379345249,118.98357076581698,81.87975215079132,90.4471078307877
MB08-165_50,MB08-165,62.62194714587012,62.05989764043056,53.42035316287689,53.6604277455878,58.48228421376825,64.64404308774073,63.1840144098708,60.87124164687659,64.63294388835412,66.138470956446,61.090412947668106,59.592645599125845,58.52160125918417,64.0264913105709,62.19426536546855,62.5183800329821,61.17215502311134,54.59712420077217,58.35257427776856,63.51701388441327
MB08-165_51,MB08-165,88.29486700742142,84.97714861493871,90.28364012543597,90.66599934372472,94.84580826123867,96.06061866126412,99.39987694397766,95.22228627247809,90.56142187782876,96.33157022407067,93.56457924638296,92.22831150107116,89.04332824232718,95.79258721382104,89.37962933200856,89.80001901300929,89.83859476449491,79.67346417875133,85.72382022071083,86.5041290212011
MB08-165_52,MB08-165,-12.693909858572384,-15.231720069177808,-26.65318133910668,-18.86601303797624,-27.67502466938528,-13.420413344701146,-18.984166985101307,-13.398314280914402,-18.933963905414338,-4.41028530343018,-17.322319463192414,-14.378486903181086,-21.21093656257401,-20.072897867844866,-14.300411044815208,-18.354847899238948,-16.29119694340185,-4.836294247677627,-10.906468134273778,-10.784545858653342
MB08-165_53,MB08-165,47.98313630592459,42.9206190356906,36.48015829212886,45.20066485778656,36.43888900203762,47.7537659054367,45.92527646561396,48.83081118128653,42.33752650197678,59.29750298133781,37.70291973925027,44.8412311960528,33.2521715581081,35.710161747826604,44.6871244701565,37.112122142206445,45.5735013010386,43.1116839705446,45.97579210072905,46.953783385933356
MB08-165_54,MB08-165,16.948212622006427,8.29118937008766,4.122728898701105,13.629742598656266,5.959616862552984,15.842581089309103,27.455670512303403,18.191361475409487,21.919046993055787,21.46745547020898,30.05659838678977,18.676386954008443,15.797633401456212,26.4858101297254,13.082445087875982,7.792708143082236,2.741958083602305,42.19095388248979,-3.5449822911608795,3.6782180350193077
MB08-165_55,MB08-165,433.6643276500868,422.45595033694616,405.306263059833,423.1828918246148,418.3686491171077,433.3750922182593,442.09426168663714,432.2479148966863,426.0044489552732,427.83097567100793,415.6230048821405,415.9337693484701,421.9288367936919,430.15149303032,422.24310853589736,423.680912334128,429.1505001707998,446.57207963331626,412.3943050958054,416.86015105891653
MB08-165_56,MB08-165,248.45718800572547,242.0473129524848,241.4808492943275,243.2848346774239,246.3738502767568,246.93002321876665,258.2840560230621,250.7888521296525,247.017231661687,242.9193843294016,242.4436083404512,244.7490661627085,243.22961955403505,246.8239153827775,240.80227391502052,241.46684936971488,248.81058732107,240.59433203804872,239.36987979711347,239.27731985800838
MB08-165_57,MB08-165,65.29684935121095,64.48164589487624,59.23057043628519,66.212615279589,61.6895724222508,65.22880661641146,62.03892194392469,64.64789624690216,62.721047395313896,68.00262351666687,66.40193852745176,65.1164816675397,63.49661785528227,68.15201043008584,62.835013657980994,63.85957397864961,64.60895642762084,63.58912074126088,64.02381867571754,62.59330632958985
MB08-165_58,MB08-165,13.221310236197697,11.965324860738937,15.015350347143166,18.638742723424464,18.964696934888533,18.206879910210905,20.695915566357293,18.458824211033,17.322378825625062,18.81929451836184,24.144005389938737,16.605781894279577,17.436596845065495,22.717117809225225,15.40023052200847,16.428358045800756,12.452497866902196,10.513931224696726,11.794434924323989,12.95482655196072
MB08-165_59,MB08-165,49.81523743925965,49.38674479117602,44.4959227099579,39.87863081614383,48.35355464645026,50.05082081107761,48.7235829270549,46.51405505089394,47.732099195532776,50.185406407499656,48.75227447997493,47.3479917358646,45.88905831307645,49.45204261125643,48.51803975159196,49.720839243809365,49.10282012446246,45.04455373386738,47.88317245484778,49.0292087545911
MB08-165_60,MB08-165,282.122212856084,280.55654283279426,274.2618938302172,294.0179474181589,286.97525177619383,283.7854242070133,299.2353135070412,289.2723100076096,291.110406617451,294.3633605729185,294.3383873273592,285.9585013128697,285.7201223236364,300.1413703578284,284.05922516484856,282.3492088862167,283.33764399667,279.06109958263727,283.3516130481381,280.7766027817301
MB08-165_61,MB08-165,96.93997341516284,94.79595539448552,84.12771784256132,93.51137554184533,89.9314712663265,100.25183601476604,97.77288067075854,97.1428098912874,96.5857401127477,102.17077090505336,95.8768961864681,91.99476891551922,93.12064415494756,94.84290822620514,95.9800418012358,95.44856763209354,94.0594012497538,125.86431058413051,87.95864846524688,95.31715298236928
MB08-165_62,MB08-165,2.2091514959945484,1.87183333894798,0.7659078180814896,-0.0386721538663122,1.515384739840926,3.073629255280536,2.720243843643934,2.7317543126852524,3.5602455958795542,4.177958392038891,2.473661423029861,2.4597834862584835,0.8676587302974234,2.008646531293901,2.271051164055036,2.620069297976126,2.9786768221137625,2.8332295447077267,1.5227117228596112,2.5260827687705953
MB08-165_63,MB08-165,331.0992501228016,323.8734582603222,309.92252669455087,332.20523218221086,311.9542472511642,340.13235505102125,354.1774889666488,344.6591004652457,318.13708837265386,329.21015600619205,319.4987940969535,321.22017413316087,319.0666482769437,323.08284338643153,325.76499470670564,313.0405784750226,327.3452340333567,333.44607226820597,301.1788588451143,315.31937838364735
MB08-165_64,MB08-165,-45.35743398089743,-45.96839734791526,-46.474593176323175,-39.94363954263912,-47.431521718190005,-42.47381961446074,-28.422827897776035,-35.40819295647876,-39.281654698134766,-38.10836352504244,-42.20434671493177,-44.20058907828522,-51.295885513713706,-44.33730193177628,-38.63608958013605,-49.91243997464038,-49.27962945599669,-45.523946286349634,-40.88246371758735,-39.41248192940837
MB08-165_65,MB08-165,185.3581397591423,175.78153720381582,168.52652937881453,176.10913448603907,174.14867478380438,184.65276388950164,189.27242325104635,183.2876275080548,182.10050056692825,183.15100809061903,170.81037320204285,172.5289542319188,171.2606729338547,174.27757690143594,176.72159032160152,171.71011442094027,182.40411918232104,196.3184989409351,167.29119834968463,171.5858343929161
MB08-165_66,MB08-165,7.876246032083073,7.419841888118756,6.274895882840837,12.61672744831565,8.451249403923555,16.52881289996713,26.52087115479704,17.697238427205395,13.629881654752037,13.741864548247358,22.06759091023774,13.465162990582613,10.220951810885277,16.709086017921226,14.605732619262746,5.63643812548267,5.631329851939548,4.058414899425885,1.276981791075473,7.129478426152989
MB08-165_67,MB08-165,133.71610113156547,130.04765156706074,124.88096031946937,141.05650904263948,130.38547850875668,137.50723036706765,140.92876731547508,138.46670691115628,134.00229113438849,148.1691814036227,139.48540227727395,135.68006465852645,127.03716369554458,143.3363433940051,133.54525521388504,129.4930094971238,127.2956770692006,120.39002717669868,120.09446456909919,127.0234565053074
MB08-165_68,MB08-165,103.7490780906784,103.94430626545196,103.72671032722036,112.28871120000008,109.31969103710314,107.50467209216588,110.03335630692688,106.58579867412232,107.95638441056748,115.11895293638317,115.0085942884596,108.47223428405854,104.92016356783424,115.00298855808045,107.23943506989978,105.39377295482656,101.62245149764176,105.03353666236717,106.38489454542453,106.0087317300998
MB08-165_69,MB08-165,201.2481517795676,200.1730377896465,199.60958818497247,208.1694243383364,209.65520293019085,202.3784067839925,219.1131137000297,206.5817837023158,210.724943744738,205.10923715174056,215.104419274264,203.04657799347268,207.40764816813893,216.91212704356468,204.0556415912024,203.78337803159707,204.9644618562789,201.33617906150795,201.0067021118692,200.26332079268116
MB08-165_70,MB08-165,62.593847271621705,60.43891805348136,58.64153821166903,66.44345656226156,62.37809420320727,67.96291559565431,75.64911975599827,72.7472855892125,68.02372885653199,71.98980283880279,63.232666474403125,64.61230485076244,61.17251459301,66.10116351011955,63.454489881195805,62.523878145463065,65.82789478262812,88.46657391328351,56.91754499738389,62.695789788704126
MB08-165_71,MB08-165,95.31557227015637,89.28674788971405,85.3847003933745,91.5382081452846,84.31358050122962,101.56917920390214,112.60391021287688,104.53320131653592,83.17478785388637,98.61013543753872,79.97362507911166,87.82407306718791,78.23906734417842,77.24336624690383,92.83623063134355,77.82219824234134,91.11620945336983,94.73119780074659,83.19380510318851,89.71835095821685
MB08-165_72,MB08-165,148.93711275150596,141.1445008056922,131.6255440944055,138.3862120665004,130.23064186377084,143.71301668623798,159.76512695407143,150.47074584345918,142.63388481585056,147.7930288187165,126.24701543746548,135.91748349540953,124.93797677149227,128.90545191973123,140.44806970704582,127.93378769840278,146.07298007172733,142.25533756023677,141.7608102310181,141.723479530932
MB08-165_73,MB08-165,-37.50312819006539,-39.70470301117861,-41.02092659785247,-34.74825153378079,-43.67885611518668,-34.97175559921986,-37.85872770611433,-35.01513884321496,-41.56030211527326,-30.878041295328547,-35.58533699849422,-34.320920719495696,-42.62916780512743,-37.039217401309294,-39.30701323439705,-44.08933974336557,-41.14826512064637,-45.08133723665506,-55.85579921505057,-44.7524004860021
MB08-165_74,MB08-165,17.391113201364295,10.91249128496854,5.831999131287384,12.608960826305042,-3.446836185174448,13.219942893080612,18.662841220774546,16.347438189085878,7.389178637654527,18.079607936661795,19.58842622909753,19.832968365399623,8.276393386983717,16.13610830943294,8.269660649573924,-0.3438254930272132,10.22559767582746,11.456314915935176,-17.0107577310852,-2.1957011089356966
MB08-165_75,MB08-165,32.556824293884304,30.98070987743821,33.84881045265618,42.66255287789782,37.368540146317294,43.25517558626085,41.88691188585747,41.74499271175037,38.252857433395306,51.4177942264416,39.03394238384118,37.2999709310302,33.18159889340821,37.90273061570725,37.72097312405806,35.04146512469273,40.51835031868165,40.671659729634506,38.23135667993889,39.14331911102236
MB08-165_76,MB08-165,65.49654922125475,65.09483798726966,62.22541775961888,65.34200537222164,63.81440772924219,66.29532171852287,62.64826508146521,65.27578718396698,63.35464697433129,67.52976412897978,68.37502685789971,66.96137200871829,64.69300457718604,67.93041154615698,63.977748068833804,63.98014145271954,63.927379555664174,64.32349057400943,64.21026180675241,63.845598982370895
MB08-165_77,MB08-165,91.63776936314544,88.54936194603249,89.13677576094473,109.24072279759685,96.45479676954264,97.46409380075566,107.8779117152763,102.4060956802598,101.7500528483752,112.44187139066742,110.17842934372304,100.07733246985195,95.63540079691168,111.2405147309469,97.14617999369057,93.25403566354544,91.7423608733446,87.95446454410656,93.47341163641235,95.48820504632147
MB08-165_78,MB08-165,225.2371700477821,217.5674173032897,209.0192722162689,220.62757763247333,211.3994674836419,230.6288142801565,245.2275521141217,235.1698407432924,222.2178248173305,228.9887479886724,213.9600321916907,218.7027426470336,207.6209702020465,213.08820228037536,221.3535801778157,204.8615742225581,218.09450315685265,239.59911820173411,201.45420280314215,211.644786021352
MB08-165_79,MB08-165,139.53710554386618,137.52445393335856,133.50558437871237,135.74567303304005,138.30984912091657,138.90710360217142,148.6808417728623,142.00659471916356,142.86073526386238,139.9968637259938,138.98509211113327,138.04791681453105,136.55996754189874,141.15252426725647,137.83602757294352,136.73007713994437,143.09719548289374,128.39775726543564,135.0612001298729,136.46146641576001
MB08-165_80,MB08-165,37.22002791835269,34.54495979949642,30.29937803724605,39.67864241721073,28.95524709621873,38.61041321021525,36.26453957350773,39.73720028354744,32.2663640262994,42.053815538026925,37.25565840830292,38.54781267683274,31.331299295061875,37.49604385911066,33.73999372097435,30.093716513449724,32.846841222251655,23.871155705384858,20.03326004181479,31.981486772028607
MB08-165_81,MB08-165,86.82576567211215,85.45984333510958,82.36910879907433,88.95224166534926,89.22667923157746,90.7688124412704,87.00263135091765,89.82818132449488,90.90987751235788,88.13944326461547,95.11358958343207,87.67006536226417,92.200517474986,94.638245697417,86.58687463512587,93.43150412798542,92.94918254690558,84.2976208862652,85.47898104239034,85.71375628756022
MB08-165_82,MB08-165,-120.44009089451396,-122.94583631219425,-118.8901810854086,-118.189210394983,-120.24317252295582,-115.60024711814498,-120.09900824536253,-116.68780700550812,-120.82168153919235,-111.78444364539328,-118.16685524448624,-118.50512031331316,-122.3579994930782,-120.05105328112722,-119.29818987900988,-120.0116386580795,-120.566942947497,-119.32258839455199,-118.41185117432228,-118.04804407929002
MB08-165_83,MB08-165,-169.0481274901054,-178.69410548491254,-169.11707791734756,-179.80626380639293,-179.8445130188382,-165.8062635723302,-166.4880693703726,-158.0145649037738,-174.57273470494616,-161.457124862829,-180.52655827451568,-164.87430426000302,-183.19035582124656,-175.5878002425173,-176.55012693461654,-180.2252028109384,-170.6662051186034,-202.26745548111023,-180.44765747780295,-177.36027847233737
MB08-165_84,MB08-165,-18.34321387356184,-18.625734389270868,-20.09174461290512,-19.556349952844045,-19.86708574178905,-17.96023103633636,-18.87455921499908,-17.978853132990768,-18.947830797994094,-18.09320387069288,-19.017512399283024,-19.227404215456705,-19.24437753096202,-19.150961325075667,-18.552048587272303,-18.335920017191413,-18.25869581414335,-18.388207040918136,-18.142406787465912,-17.973464343667146
MB08-165_85,MB08-165,-117.71708883296748,-124.49956445369288,-126.11709116967182,-127.52144601468466,-131.63026654238257,-118.6942265056426,-129.8835760373142,-122.02316552058554,-123.6903565366148,-117.8869489959978,-144.59838605569584,-130.80624300115383,-140.67711970113598,-137.6915881324922,-123.42296721961335,-133.9875718957099,-118.20795728446298,-118.21287917274657,-123.3495830564075,-121.69760908111964
MB08-165_86,MB08-165,6.3584945147594185,6.764118207564983,5.067136241991923,7.070166500745235,6.727945110178,7.904077959785026,5.550531450983111,6.239176663062505,5.606702647799097,9.220237226744729,11.69852998344875,9.101175398916336,6.672453631623985,10.017456010554332,7.220464620677345,6.712611351419767,5.442091039900714,-15.678822503982909,-11.583762695522037,-5.0763720764276234
MB08-165_87,MB08-165,-54.46164138008851,-61.69801311495548,-65.84736975061004,-57.33750857730797,-74.5878828870901,-53.609947871321296,-56.332070729359685,-53.74853151886965,-70.83092643707472,-55.55868519462911,-58.453224940283,-56.43891413194664,-67.97270480620018,-60.21195157905071,-63.05035759019254,-71.93931637586293,-60.44889662952368,-48.744775550312085,-69.59122095426318,-66.79284188402357
MB08-165_88,MB08-165,-394.8862985017253,-402.0092866165596,-409.83407881688254,-395.1005062025272,-418.43986115119503,-392.0050366681638,-412.017614121271,-392.7340594166965,-405.5476062156799,-377.9656254505774,-402.1083295116789,-395.1626070501288,-410.7003761653537,-411.8983475371359,-397.3665774514935,-402.85435877078464,-411.1641510544571,-375.7965555818322,-394.6863888352046,-393.326137154162
MB08-165_89,MB08-165,-200.17915111242849,-202.85920134273715,-206.96862158125003,-194.59604746442727,-213.06081343717665,-195.32758483158128,-207.17003988599285,-191.9679966224396,-204.0183861027288,-182.59001242455184,-199.3384725284779,-192.6967822978176,-207.3487990745933,-201.46659466730551,-198.56500077392283,-204.96573244942783,-203.2963420804052,-229.94249499608082,-206.80965407149915,-204.4175491286597
MB08-165_90,MB08-165,-108.99908213958662,-107.6268254081792,-110.7041668839964,-110.53251248313262,-109.18807174068102,-108.37310755369772,-108.95769042240616,-108.75761969426506,-107.63297336949768,-107.1570402521681,-104.16672291972404,-107.81328137701206,-106.73229954597896,-106.8512134070742,-108.39904804234958,-107.3593298538125,-108.30210332433434,-176.78768462473778,-109.09217246835789,-111.09924031317529
MB08-165_91,MB08-165,37.662728322188336,29.801121521374995,27.67965769726271,33.364467265116616,29.324158598315044,42.79497896326566,33.82279823965269,36.94936206066473,33.469828929579144,50.955198885726354,28.01552040884776,28.59761011965386,19.81087156061596,29.47966523503116,34.340192790465835,23.262739555930352,37.39014989966004,32.63129103256173,33.596808800045864,35.576003782901374
MB08-165_92,MB08-165,-7.842415741317551,-9.107973711055989,-10.389941618298849,-9.34791206137329,-10.732526901601464,-6.562293276688911,-7.389862936722384,-5.805137019497832,-9.30810838241946,-7.649491655839783,-9.323006084829547,-9.120038145447207,-10.629242544477556,-9.179212916354317,-8.608230938989685,-9.52411916896567,-8.461420225561334,-0.9340668333629119,-9.754687818147236,-9.088528693127662
MB08-165_93,MB08-165,17.40391313961617,17.973265663097852,19.54384105352608,34.03209505127949,30.70715101263064,22.8205303666647,28.7391881170092,27.013879746156007,28.584394393609035,30.680580881073546,33.23741736716966,21.93787372052245,24.80310331443304,39.14325484797944,24.790147189068243,30.77081184897192,25.5499332223556,16.664044215167046,22.519411002187557,20.127301716808198
MB08-165_94,MB08-165,44.62143376635772,39.32690170792245,31.274538992389843,34.25095830770963,37.945909856407006,45.82217251746219,42.23874145046063,39.40894794418045,44.92887908381965,46.81127729791688,38.799461044287646,33.646701761975805,36.721920687051565,39.617906840741625,42.50308966837529,38.107844009997706,43.92893632512873,50.52158768696128,40.342011240190836,43.26514908199507
MB08-165_95,MB08-165,-341.8162585268617,-349.1992166003624,-357.8699099578556,-348.25709897644634,-368.92412896384286,-339.5901617650479,-355.03847162376144,-332.3813642397754,-348.8724785038873,-335.50565534695346,-359.4666548150341,-345.0123959546259,-359.25126112131335,-357.7620055621844,-345.5668384137414,-352.8221304379062,-339.4510950374789,-354.0603249368554,-356.79124471462256,-355.7807048314354
MB08-165_96,MB08-165,-87.74906616948823,-87.77718976360292,-94.47179203231748,-83.27601623901784,-90.92931399065272,-83.76648442090546,-89.61432151490341,-81.32585766938352,-83.31195803631105,-79.66167794585796,-83.24677423466471,-84.68585294402494,-85.22306142014904,-83.82192023940966,-83.9172899450085,-79.94784799392198,-80.19061692591322,-82.87721833222248,-83.13560213794752,-82.83423701419916
MB08-165_97,MB08-165,-131.46109940082977,-133.48897589724322,-136.96997081156337,-136.5883654205044,-135.8518449377624,-126.88642544048056,-133.81245088158278,-130.51658632221046,-132.3589877725735,-125.84518390994415,-132.57793787622393,-136.365573641038,-136.14602526971854,-129.512347644759,-130.35105107992274,-130.7505160810084,-130.22612870134856,-123.24597320279852,-130.00849413483573,-127.24149952159729
MB08-165_98,MB08-165,181.60513737177897,177.354355940499,162.98406958221423,170.97938867453527,173.40248438010357,181.82581488357948,178.26849906661923,174.99213279545913,182.7467426420414,181.5790731383288,172.91231332384888,168.0419422155289,173.68320802248553,169.1023342685049,179.14655023233587,174.39249239768915,179.98604604629963,190.02299417868207,178.24975185109705,180.78759881011254
MB08-165_99,MB08-165,67.86735155033347,63.71256325536541,58.17415378139204,64.12847333447726,62.30601074665121,67.91868245283331,68.92795739575489,68.19218465337853,67.76568190059787,70.88463145884477,61.33824969703743,61.27811998218692,61.49653613804635,59.541747050641824,65.1963665101266,61.67704149729524,68.33199352574071,67.40277431364176,64.45867675480797,65.86593485631579
MB08-165_100,MB08-165,-98.85257460137764,-99.1688442708817,-95.6427087094705,-97.69102205991068,-99.70891293526915,-93.86036336708696,-101.41074479606088,-97.7488270403928,-100.49870163039655,-90.71228444253934,-98.76099875527916,-95.30849226901428,-101.8413380321018,-99.88768147378498,-96.43692862550095,-100.46191777804034,-102.0978881319895,-108.4124502310667,-94.16637533581702,-94.70863508570638
MB08-165_101,MB08-165,20.452715610056707,17.267599695820568,8.220685229385364,14.468950614176212,14.119996548958778,19.082770184291345,21.37933193024595,17.50749186143787,22.87395865669102,20.558245760827404,19.01025475021717,13.562989709567132,16.25064623322554,14.560731091094892,17.42132502150166,13.306341534991132,20.19695140177554,-643.7655532857177,15.11550513221978,13.51436586830807
MB08-165_102,MB08-165,-10.530107844758678,-14.728728241242822,-15.318602269875544,-12.117637850827435,-12.55717817970616,-5.614333539518464,-6.117127199831448,-5.575404608705632,-5.883517784727895,-0.3769287513597678,-10.382764290348652,-12.464021198035084,-17.12329429136052,-7.487324570722094,-11.128608057874803,-14.06953637860787,-8.33110165837659,-5.903655391789794,-13.945634390296766,-12.592553303701083
MB08-165_103,MB08-165,-171.6971298694139,-175.4279979895696,-167.2876098137751,-163.76523861900623,-167.32334905112265,-157.12224153707626,-165.90629253582728,-161.9514249314999,-162.9693318947071,-148.2007461341998,-166.03382429829313,-167.7092663736787,-174.7820303871058,-164.06299688446774,-165.16603492050123,-172.31526416368865,-171.32042647434602,-171.68553376011798,-169.51510172642048,-167.13927116358238
MB08-165_104,MB08-165,-207.90115719831604,-214.4160064290244,-209.1660365164777,-217.0830122433532,-221.6569012520828,-203.7413824619381,-207.04883950588413,-199.10679759944227,-212.10786368186024,-201.7418816303696,-215.0814205500709,-208.1146212377006,-222.7935544058499,-213.2521701295452,-213.3002248677305,-220.78604002710344,-210.86527505762163,-213.9364844113646,-214.6865536058584,-214.9857355241997
MB08-165_105,MB08-165,-107.28708129951086,-109.36802627211148,-104.0983260813416,-105.35024958795763,-104.97655326343624,-100.45952282536406,-103.15331946645377,-102.02599932385397,-104.51162735252431,-95.85534795039555,-101.38748170209676,-103.37156795182248,-108.7096621571752,-102.66139427145178,-104.36166808775688,-107.0016527794112,-107.80714209163811,-104.8559353281738,-104.43199918179953,-104.19464232106529
MB08-165_106,MB08-165,-100.91707637846876,-106.53923012937992,-102.23550038978895,-97.70604633102892,-102.64036027818013,-92.17848737434792,-99.29367372649428,-96.41809160688628,-99.87977209336222,-84.12759089753581,-98.72357001138644,-97.91292139528689,-103.02922369493884,-96.00754955759392,-102.62974300621087,-99.86012816039634,-101.3046406610966,-100.11738290151443,-100.50939579895584,-101.41302609502438
MB08-165_107,MB08-165,-124.79609411840892,-122.397368182493,-110.90772957685674,-107.17854562936328,-104.6035977138342,-112.6476644404434,-109.1467265219522,-113.58995958682038,-112.5337564733926,-105.44056250850272,-93.51640835612076,-109.71077815918264,-106.7014756530925,-92.82450869163269,-112.71283029529695,-106.87268056895736,-122.31710073104732,-119.34838020299526,-113.90098219888708,-114.67509967415272
MB08-165_108,MB08-165,-125.9600953273544,-125.8936467805124,-138.4789128487929,-114.67629055972934,-130.9163628189579,-119.76165149658674,-128.2897061775392,-122.93944104941866,-120.7770112733579,-113.72605277471892,-112.86991731478476,-124.75365847648492,-122.71879786242653,-120.08076077189736,-118.73373186677956,-116.78744597185822,-119.48779940734744,-105.73403125953415,-116.60936517571086,-115.50730063775872
MB08-165_109,MB08-165,-8.475066400498525,-7.6749355962179395,-5.930751050244276,-1.902783612243756,-1.1807491858007313,-4.296055361314603,-1.5472613426095,-4.860405630301174,-1.7363423090774368,-1.1042666368268454,4.340582806085182,-4.25507008202479,-1.6674171704579823,2.543950014242028,-3.6860799452286512,-2.1823306115625694,-8.02461229883727,-5.334147059016753,-4.861126297419291,-5.1538398019328735
MB08-165_110,MB08-165,-187.01314140365128,-190.2085786564795,-190.82806266086413,-198.3499798835814,-196.9984206108994,-181.64795987327216,-192.22300887981515,-181.84310835438365,-190.8491118386736,-179.84762032028155,-198.51094007974257,-188.11660645987823,-195.2276947987133,-197.4026716894704,-187.6888837659421,-191.85497852661635,-188.89186917917544,-175.6257031751876,-190.95024285069567,-190.092799255886
MB08-165_111,MB08-165,-362.3542740097653,-366.27406402280695,-356.4449153850313,-365.5135983433375,-364.35784229511046,-354.6746423836568,-366.5264992242351,-354.53192671169387,-365.5385772992068,-344.8233759821923,-357.46473738162035,-353.6367087692867,-365.0905362877425,-355.19853812085347,-360.6289840878051,-360.188193195298,-366.4654033368568,-374.250608463076,-362.2495928865718,-362.6834815954274
MB08-165_112,MB08-165,-359.84127175876984,-366.8175937784194,-375.1051778556151,-362.392951120955,-382.5479510733784,-353.66560714925845,-377.301524205008,-362.3826679348211,-371.270120886144,-341.4458428844716,-380.1756959343704,-366.37122740142087,-381.2841019373847,-385.0883760533041,-362.21011945864416,-370.5791848251406,-364.6166156428855,-354.74242338270693,-357.79735284766406,-356.9168212476118
MB08-165_113,MB08-165,45.46653466058592,35.67739000286023,33.777145293869324,38.7113979961086,25.07605537739885,46.92183894506214,39.40638613667691,51.11837826907313,38.55380978487762,48.70751140543253,26.121659479342977,38.662056675161146,23.29361678709306,29.441270565884484,34.42015117719564,26.45890434327841,44.21148280957424,54.16602661572406,30.539233424703827,34.28629798894945
MB08-165_114,MB08-165,-146.89911069950443,-148.16178300420586,-138.07257599153252,-138.3060563281395,-143.56273776811128,-132.45525199290242,-126.57304338131529,-129.30002422946862,-147.19014451075236,-133.18685142081654,-133.28669238243288,-137.6836852153897,-148.00105153521895,-136.72354696263855,-139.13543026621605,-149.61624962633314,-147.9329894267355,-159.53449253527015,-166.19328558137303,-152.67236663850545
MB08-165_115,MB08-165,-67.94335110526531,-73.04734367693483,-65.63595258445199,-67.62877326408189,-68.70067377799225,-64.99373529230587,-68.42475541494012,-68.67313577572068,-66.45321809964834,-59.23749393659603,-61.34905955170484,-65.61786625540829,-72.55506287105302,-68.89442241092698,-70.01551458479378,-72.48878293586772,-78.56961497645459,-66.69344280031736,-70.13591390891642,-68.58309860038955
MB08-165_116,MB08-165,275.154207721509,266.74379939526216,251.72529575031376,281.7889674237171,267.28947416650664,276.5323685013595,295.62331494574136,284.73460595621066,284.2079643630112,280.0640484226145,268.26722874383387,266.57148253266536,267.0703967410237,276.5712606599835,271.2135860255079,268.6621370221132,280.249494654691,266.5386051341809,262.62559604010676,270.5059165706958
MB08-165_117,MB08-165,-25.45771925247926,-28.931962917944563,-25.69553492650263,-27.26033741794041,-27.895972574905144,-21.256092771838905,-19.165660295237824,-18.870635147261485,-27.00593076993149,-15.967713694819253,-32.661424475613444,-23.95559755288247,-32.30052946988285,-30.0908019201896,-25.75188985808358,-29.659702597759456,-22.04617651378373,-26.61051209983718,-25.23912568225777,-24.19828673004726
MB08-165_118,MB08-165,52.56723985114982,45.51350901580204,40.06317695987483,42.59139368007311,39.850339676973455,49.9502184921959,49.17671674273023,48.1708538825839,43.95736100953225,51.48808030761469,38.08523798118383,42.49145388568456,35.66095659643068,37.50653657051031,44.45588478167726,38.736740342735885,45.47446585382947,41.288013234404566,40.006839674171694,44.13408138964696
MB08-165_119,MB08-165,241.36818210179595,236.4434247474814,232.06453098194564,243.904470978327,246.3924680436456,243.32675086696065,251.16098495154708,244.2326227908076,253.16351232426075,243.9951281505926,245.9184679065172,235.64305360699683,243.72363128207544,250.9957892546516,240.58626576408125,241.1585743591118,254.38572969431945,237.11817618244285,236.04759243219542,237.8035526546328
MB08-165_120,MB08-165,45.17493414553761,42.359935869264255,42.106700216716,40.41002924483559,46.17103264444549,46.078202658036886,46.51186761563462,47.63561164446213,45.59074463888727,44.95707013529489,51.149303881319504,45.78440309865602,45.59869016389271,51.34835578505163,43.82095557287088,45.84999641310208,45.18154809288374,32.58836469903192,43.502519860964405,43.09710090401349
MB08-165_121,MB08-165,-59.44904463678263,-61.98237706524673,-61.86822976608167,-63.63406614994671,-65.12834856192713,-58.68646814099216,-61.07470795432418,-58.57075696273581,-62.85162615553521,-58.49125791297903,-65.78115865327587,-62.01678610794792,-66.10382647210434,-65.4139937610905,-61.41194095833292,-64.10720986220782,-61.16862554782806,-58.29323569146099,-62.10761919485322,-60.323317395276526
MB08-165_122,MB08-165,192.86514541148003,179.6291810721596,161.33669769984002,190.2069163837697,165.53573488828573,188.81051616268,198.3732335650029,193.0765959611399,186.52230443431165,199.9121628368318,169.25619752071182,176.6840269769751,166.56101251477247,172.80942743520265,183.12993964821413,170.90895807793075,193.37748860563087,182.49742804724858,182.6681984443447,186.25846821879324
MB08-165_123,MB08-165,-125.57009505167876,-122.30240020843,-121.04104466964124,-118.64518500875528,-115.21948447219604,-122.26620495995144,-121.14116223745216,-121.16615418278424,-118.94125721906202,-118.4415209731037,-107.3883920765836,-119.94688859096289,-115.5598469914391,-106.49291371775357,-120.84206938478404,-118.63794398868684,-123.03439078678215,-146.62566258386826,-120.18843229788335,-123.38631935369905
MB08-165_124,MB08-165,-311.385235528061,-316.5855826815286,-314.21317505761886,-308.5591854921124,-330.37787866024576,-312.4324929919157,-311.84962698904496,-302.0591803118052,-315.4703097795568,-302.91240475546965,-317.2421025459613,-305.18402450594857,-327.0723732335215,-316.7122058103078,-312.5952514419037,-325.4196352039113,-312.8497446906369,-337.31562054482373,-326.5372967749334,-321.29526409759586
MB08-165_125,MB08-165,62.62304716997814,56.04140143815044,47.86987843865656,43.58562339303221,47.726443327252845,64.95392609150689,53.97920619786797,58.54306409119294,49.49818689703542,60.3192907142479,49.040430846435,50.87846696465606,49.97407935168975,50.32025386367364,55.11670648945504,53.14570073753608,56.79587552479466,57.65983202642475,53.892673350317835,55.00876935062442
MB08-165_126,MB08-165,60.049345300047385,56.01830388137539,49.14724023816839,57.70385839743581,52.99826161340249,63.57245143397823,60.71776989785264,61.59007753210432,60.3829538720945,67.28979308542718,55.03501630211601,54.34112485976457,52.36725860582191,53.56904837257254,58.934369147301005,53.44273128021254,58.86260980942328,58.84930818510065,59.37514382994057,60.773367516276615
MB08-165_127,MB08-165,-64.10004822205634,-66.48943826028447,-65.49589297180248,-67.25649586394138,-69.25820935683718,-64.24688606647928,-64.47623462962645,-64.47989231966278,-66.7966706638246,-62.79392521613472,-68.24634669033551,-65.6649910246416,-70.30178886218046,-69.05760587315257,-65.84681565979,-69.58675775523281,-66.56758816655345,-66.92459074872895,-66.09594736692382,-65.76940449750028
MB08-165_128,MB08-165,-62.18024699213613,-67.33931450165095,-70.12109487368036,-63.003177098203054,-70.66760661699125,-58.427061999471306,-68.33565045016694,-61.42987235542263,-66.35528583349648,-58.96336918383824,-68.122088707607,-67.17835166972459,-69.77858363644384,-67.09559358693063,-64.93755643967066,-64.94710688305034,-60.06586011653051,-60.16324604093713,-72.42501443159807,-67.07696756109712
MB08-165_129,MB08-165,-570.6164311334134,-585.781035926763,-573.2846078804963,-600.4682903097959,-606.1652743771873,-563.3268575138122,-600.4257538898514,-569.9590672058524,-591.5900105431301,-554.7742490146754,-608.9536521327805,-574.5913726403909,-605.6811164931584,-611.8992984462454,-582.3841534490368,-602.8773878478579,-593.5199044885874,-593.8845811494493,-577.151996365119,-574.0130295317485
MB08-165_130,MB08-165,-192.10714534228924,-194.0903492509597,-210.94577763190185,-190.7319642912082,-217.91039597240888,-191.95890689673,-187.99743519434088,-182.1939399907,-194.226255315577,-185.69732795709663,-200.70137654489696,-193.49153026313087,-207.14259563359263,-207.94796432224777,-188.82843356610329,-204.1293539996249,-196.85137318206648,-186.28509870101186,-188.2694434937485,-186.49001559010628
MB08-165_131,MB08-165,-95.99957265710913,-97.8357675367712,-99.12910384481675,-96.61221480031364,-97.14986422730472,-89.92724693537212,-102.32304775073582,-95.7690716727802,-95.69072836993682,-90.05034791619046,-98.37046214720954,-97.38361006313752,-97.99469861823616,-98.36527433819477,-94.26275438204368,-91.583629038043,-89.36863156897279,-94.9616142147924,-93.11804889229191,-93.10285499833357
MB08-165_132,MB08-165,-37.908628577259805,-41.83143207898343,-45.12106935979668,-41.35408926164976,-48.96821046743358,-33.81494188379046,-34.951610160565025,-30.7223519905192,-37.9414562961679,-23.45165122034685,-46.45864383082446,-34.9189714475379,-47.975151373336764,-44.22908999379676,-39.0904335477614,-47.82669888432271,-38.29634173589847,-42.95300897994279,-44.970488238773065,-40.27579656258671
MB08-165_133,MB08-165,107.64808122484284,106.3945698682456,106.06749756039537,111.79080972892017,118.99026558348146,113.66876668186606,110.5111377533777,106.90119924306082,119.1698518296589,111.18532062912992,124.9426859164034,110.4824646492539,122.73319186304376,126.12172557813264,109.78065497869125,121.18061030677268,122.17759747335124,96.9463261040489,106.17298606495716,107.66768762344972
MB08-165_134,MB08-165,-81.93796197415979,-82.61044950751197,-79.67864567652738,-76.40187792478928,-81.80110378944457,-76.8061179592283,-71.79901874888226,-74.54104118736774,-77.44157170320358,-71.72246083603967,-78.04271354292106,-78.20466162724763,-85.06806720759369,-79.55249085808845,-76.03729768140877,-84.1427752461636,-84.63046829072243,-83.62647861687076,-78.0537697621392,-77.69147192461269
MB08-165_135,MB08-165,39.51013001902941,41.69412284037756,38.30474004225499,60.583532694569485,54.388135987024405,49.13259247273061,49.22863681382027,47.261068370496254,52.40372732292819,57.13457414696386,64.35856016254746,44.55853152648622,51.72598251530619,65.55247311650882,51.10884571001647,57.67493617198783,46.478161649511854,45.061359119947355,50.18417601119656,48.27821242733875
MB08-165_136,MB08-165,49.17583728817569,44.038707886431766,37.11588613228291,45.69278702928944,37.43073863435208,48.85360176061995,47.19457727838373,49.85347529383785,43.513989923566704,60.55456095873695,38.54495198665317,45.66824161963238,33.80268085062351,36.751839773966985,45.73792234246371,38.25865097737002,46.76976187472298,44.60132061636308,46.99864515412516,47.88280914880507
MB08-165_137,MB08-165,-6.348734859909364,-6.930968270398068,-8.819054230201182,-6.798559629801734,-8.75170953699639,-6.461283076634122,-5.969350663994058,-5.972840620724062,-6.370227435924316,-6.215398948573465,-7.508748371649495,-7.637575188165809,-8.223013352278176,-7.038617144181362,-6.571360976842005,-7.154574557144493,-7.044707222127045,-6.682577216030159,-6.616838915761727,-6.358930017124311
MB08-165_138,MB08-165,47.46973566466556,44.58868900421705,44.50143883195111,49.47169834156246,48.40003427319733,50.84702993212652,54.00510489434025,50.15380653642479,47.29386471390572,49.34918809812493,54.32456758306161,46.24635718750817,47.131890525145536,55.52996126222868,45.29693246672265,47.00583629653043,47.9544895170102,51.415001345163155,43.773535717717756,42.17525984916584
MB08-165_139,MB08-165,-266.6962014210817,-269.84987911068,-260.60621388046354,-269.543401412752,-267.5134176767795,-256.2564455279374,-266.50652902690524,-264.6356245902392,-262.95069764641227,-252.9971991585224,-268.8624533573748,-264.3986505946997,-272.4073036358242,-269.889255204654,-260.87048271837955,-269.7091456783948,-270.3422869596181,-270.2613318516722,-262.01913330215956,-261.53395035015956
MB08-165_140,MB08-165,25.388219440679745,18.67126478245161,14.965258022825669,16.3515427913375,13.800795217924897,26.819510192637274,24.76655396235212,22.763788512598424,25.13145693388072,30.44010055084317,13.892560195411786,17.214876098782224,9.9492313607446,11.80405191385174,22.29051026235735,9.795927407678995,21.22920870599294,17.736143677899403,19.82944316167086,21.932445771662824
MB08-165_141,MB08-165,-114.7970864471346,-118.99970301222052,-123.42406780843557,-126.62226760897154,-120.34463559663384,-113.14656584777502,-123.35813946683804,-122.19500353075864,-114.47733190375754,-114.55233767193144,-109.3112783941041,-119.43107310501836,-115.14260998077695,-116.15703307417122,-114.58157584834323,-113.51453953689312,-116.61698520570827,-112.16141868836401,-111.60027852104162,-117.27986200269173
MB08-165_142,MB08-165,-86.26726529744296,-94.17508045271856,-102.30008504550489,-104.15013320079196,-102.434809949103,-81.67658294280953,-98.78865385088902,-86.69495492171608,-91.396549826786,-75.28391765074217,-109.57604629026612,-100.09015637913674,-109.55728093325494,-114.34298469945092,-92.12202884093196,-103.2161069350478,-89.20184564083414,-80.56478663917024,-90.25773501392548,-87.38575586542687
MB08-165_143,MB08-165,-192.41514518993264,-193.54308148412736,-189.44098365366892,-187.2112278213216,-190.0261929023063,-185.04732302145595,-190.141667446726,-186.54002486258943,-188.02316408683464,-179.76351660596643,-189.118114780784,-189.6431634411491,-192.1189909013724,-191.18398333624265,-187.047007399718,-189.01144312754644,-193.0087668255784,-186.27656633699561,-186.5355664342202,-186.20781099310778
MB08-165_144,MB08-165,179.05913502505217,176.6989095564184,167.0183502049163,183.80174507900625,175.0987379327248,183.1338144566537,183.35336784775987,180.9997815548504,173.95568179788265,179.80907241337133,182.8857307196278,176.15631014635625,180.6817766962414,189.06046674034843,178.5371501797836,183.96248263465884,182.40783837195767,178.48703530311641,173.24920089214083,177.2356425645598
MB08-165_145,MB08-165,-173.89013115407457,-178.1404916519266,-202.54213354395893,-181.73497360005567,-209.68132144327072,-181.83725438128283,-188.34219981809568,-159.99255778547106,-180.9559544106752,-154.21609525063528,-172.172213338918,-159.45785790396607,-183.7940382584999,-174.10515392702598,-178.91420625270163,-185.02258164074,-174.64142720633592,-202.51917670224344,-201.96396848349158,-192.30921295428675
MB08-165_146,MB08-165,-55.00564126583113,-59.494164576018775,-60.60168409642488,-59.74994609726313,-66.35572967104774,-54.02360211664023,-53.20947383504271,-50.38174665460475,-60.38926285234704,-55.78282116209618,-61.88061247328663,-58.02295731886043,-64.27955000539158,-61.88096689063123,-59.27810089036268,-64.2929100586108,-59.2506960136407,-50.82357957747154,-62.509533042575306,-59.816441079862095
MB08-165_147,MB08-165,-68.05685125387643,-67.48583765004363,-68.1401729657185,-65.8139706843828,-71.34378001555423,-63.62392603609174,-48.438519429239946,-55.69581289468006,-60.76731710463209,-59.690609366097206,-73.409582619696,-64.11412194181563,-74.65761663437495,-74.85802458611357,-61.00738265109798,-71.90069184993342,-64.7240022104513,-63.46224664401142,-58.88886484335915,-60.77197078971938
MB08-165_148,MB08-165,-259.7741964960122,-266.33366723514064,-284.78327577927485,-261.5764203344133,-299.02445469888136,-265.3372794541483,-268.4076450325754,-257.6708899723363,-273.9650738167621,-252.64255057027657,-278.5339890599349,-265.50553055746826,-287.0405531729375,-286.7708216768923,-262.24158433044585,-283.81360139049053,-269.08449480614587,-262.1646790604367,-262.9742742299526,-256.95379143477805
MB08-165_149,MB08-165,-116.9960886048957,-119.43085981451236,-122.72655005166482,-121.28400397603914,-119.24035069927392,-112.00921747620308,-120.14672080271784,-118.52462042126427,-117.14545738336936,-110.55141062111755,-107.45848689289608,-118.379751952586,-115.019101244311,-113.14048226894562,-115.56013890890809,-113.48792102426071,-117.13520279282714,-106.26744787474811,-114.30979874459722,-112.81424128529288
MB08-165_150,MB08-165,-119.36609023188552,-122.7340827381807,-122.30232647606682,-119.70159796133498,-129.93050289009375,-105.3468803641184,-99.83610998417392,-104.26227880738809,-127.13420307841882,-108.03030446178904,-119.34162514346109,-115.71309898667585,-131.81310153052624,-122.95289679781942,-116.06854156270369,-131.5437784804103,-124.40020112722064,-131.078170781109,-129.98325040191727,-121.41025322156672
MB08-165_151,MB08-165,-225.20817032494787,-229.113447612612,-226.1722964004596,-227.7874296697762,-231.13553282400176,-221.04090249804983,-228.80543251643,-218.8937220806885,-226.4046251943722,-213.0646804643017,-226.2152442156091,-220.84936646351008,-230.79107712319887,-230.0584316998197,-224.71592610285165,-226.12779556210347,-225.6397447448594,-224.99399618583578,-223.73908868838606,-223.14442569749286
MB08-165_152,MB08-165,59.18664464760023,52.8089981044519,51.52104149777398,57.12371032641229,55.22262557056289,60.13741437221437,60.34868488943509,57.42311781233151,60.18358331900738,62.36085695719881,55.57193060186309,52.36198614573138,52.15544974825369,52.64486088931706,57.15556609588438,50.576386288237536,57.78890494591751,57.775845570470565,55.219411225656685,56.26191563783026
MB08-165_153,MB08-165,301.6522278678218,293.13173756242827,275.4289855233227,287.6572385479807,285.0788941118868,294.8716529105098,305.6372088361839,296.6238776727906,292.7790982595286,297.68914296413567,282.89972903467617,282.75296184774743,284.72613068777014,292.4493245862577,292.574887663207,286.44199158968337,294.8784784527072,292.5329174263102,289.39051161566243,292.37323759366
MB08-165_154,MB08-165,-312.657236137568,-322.60835397996857,-320.52405496934267,-313.09653751082914,-338.60922941711965,-310.775924456197,-313.8817192196698,-304.6732744020541,-322.69073028621216,-298.3007131327989,-327.97234192463327,-310.6060821771805,-334.6223502327609,-329.396760192807,-318.75966819510546,-334.1584939116097,-325.1544109634435,-309.6944711323193,-319.75081061452573,-318.66348719670094
MB08-165_155,MB08-165,-72.23305481567844,-78.69933399730358,-81.38647100577082,-77.82193581785423,-93.36816645918836,-69.30067166791216,-66.56996843358733,-62.62991457091108,-83.04124404857984,-72.07714393729601,-80.84460766433189,-70.80439232439512,-88.89977352749635,-83.28627062231179,-78.20785081867966,-92.1085177462579,-79.1534771844518,-83.20767283788823,-99.86916549774932,-93.61834382078065
MB08-165_156,MB08-165,-77.78895906552985,-79.05830675310213,-84.53167963894325,-89.07097612137797,-91.25820569962482,-77.91148844794024,-64.23294017039336,-72.1869142951978,-74.91804015710477,-77.50709486214426,-76.43608861211163,-75.12367689416448,-82.9821234945515,-80.8550644821376,-74.75390702218216,-87.25257421047085,-82.62261448847852,-101.5175495570093,-75.72267614012753,-75.72594145089543
MB08-165_157,MB08-165,-240.6811815920477,-243.82702978317653,-242.98223536457172,-248.316988458512,-251.8786487745037,-238.50968693958328,-247.51530776858,-236.4632834142639,-244.6630501760596,-233.60488903006035,-247.779153037586,-238.84379582493128,-249.31864342835937,-249.25682521103937,-242.6883891813725,-247.3693036959958,-241.21113409400635,-242.6541679133616,-243.1913932835512,-241.75581291411243
MB08-165_158,MB08-165,-164.12312377551183,-171.543419290159,-176.06158671262426,-174.03313623345653,-186.22213213982187,-163.94214000311143,-158.9931053111518,-160.2089957177505,-170.8892097273084,-159.83408635468592,-183.6679953877872,-173.2792577719924,-189.15174226047864,-190.6907233645698,-166.80377497162786,-187.61184806734863,-179.16566772889283,-160.85150006038458,-168.0704514295219,-165.56620427162648
MB08-165_159,MB08-165,180.3911362079404,176.51898759275576,166.98576232005848,184.64407005944943,181.5845343532817,184.3248462636169,184.060496853458,182.9595038707908,189.43468904346096,186.6318082260169,176.72770841349583,172.82666317519116,178.20876217267931,180.4292142986123,181.7467631853225,183.40518325038,187.94248478512964,201.09578060739355,177.00843651951095,179.2302085339171
MB08-165_160,MB08-165,127.82009678692512,129.90381466099544,121.94337982464114,128.56101767963764,133.4786396867606,131.7742598862857,126.3021010428854,126.03626826326315,129.9249063212305,130.0220304806718,134.53882986959215,127.15520418892338,134.80989231348912,138.01901178282571,132.0125550405278,139.22090659479807,135.4011519414062,130.62854406229997,131.6659804322667,131.74356420968098
MB08-165_161,MB08-165,-79.35525973584258,-78.62269507289425,-72.6521427910549,-77.04076157278108,-67.03536547865805,-68.45005120040335,-73.07785174432617,-75.26710328333402,-70.32495055063026,-64.06232461153006,-60.10521968491877,-70.95806594330298,-68.5326658974239,-63.034150463786126,-70.39795939539846,-68.42242114243975,-84.26311363466932,-72.39683309246566,-71.93962918506362,-71.86986487907416
MB08-165_162,MB08-165,-64.24804884155128,-66.63347433766934,-65.53176856697557,-67.31747196357117,-69.35925639168667,-64.47245689710586,-64.72000279578843,-64.7194344604899,-67.03760938976356,-63.14942928800248,-68.37781469422598,-65.84640583337766,-70.36074864833957,-69.23383387683556,-66.04038971960554,-69.78808921265723,-66.79035302082619,-67.56522977108851,-66.31747662570376,-65.97232620699913
MB08-165_163,MB08-165,-42.48303208103501,-46.99751922322216,-63.03734448690218,-51.19579894475966,-58.50924716639576,-38.56148629643614,-48.15713313686155,-39.8603715455174,-46.46994577844527,-29.9649291673439,-54.49168709840991,-51.392971269572,-53.13998933447471,-59.22286411800942,-43.91306216648129,-46.46755070034512,-42.14013800782292,-32.38187330969991,-41.66702862114286,-37.99562529454955
MB08-165_164,MB08-165,52.28713970223261,48.191462987981225,47.5064276496376,55.72264959237854,50.42391566775987,54.75737404502913,53.78669557833826,52.09940273556119,55.46389003665541,58.226271204246814,51.0388075578373,48.72750423376674,48.52661366455479,48.76566032388137,52.4134762474114,47.33956528761627,53.13821721759874,51.59207446707988,50.96109246049487,52.34419016655998
MB08-165_165,MB08-165,-136.63010327180737,-148.85844063373983,-145.7695820372441,-151.42731726956225,-157.72576540273144,-129.3552610646007,-142.2510728494795,-129.31248029247587,-146.71445769092176,-127.83235455697653,-157.8603035594768,-143.26504024553626,-161.76188318480294,-159.16288609417683,-146.69443053776018,-160.17033303925965,-141.23873553488386,-164.47145957183918,-152.85874802384683,-146.12530437790022
MB16-43_1,MB16-43,869.5977571687913,814.3886433204226,808.0097008450422,879.938869263006,837.6491838950299,873.9638827478344,907.7127032681864,890.5588355858047,866.3985039680224,903.3710712666184,852.3016834148182,850.1283507869365,832.0516832344049,882.9719514287332,856.5242759910604,842.1750109492202,858.3257592721111,845.8692223437257,850.1403129520867,857.4862044493533
MB16-43_2,MB16-43,737.7870571797354,710.277835197351,652.0410225868608,727.3470114400782,669.1313398746047,726.197148584031,742.3532986677947,735.2626223336566,721.6096175827064,734.6667371409641,713.2987424874564,708.8168845820148,695.6689492800361,729.3128327086903,709.1312651344806,697.2186466772001,715.3449867007664,746.7341982187606,697.847295701975,699.6902841192201
MB16-43_3,MB16-43,518.6579915613544,479.7041202648568,443.5305609055544,498.5237168035566,445.99555378745686,511.66680120647527,533.7580458354485,531.5914758771331,486.5883124733567,504.5918399688008,467.9718366099136,485.3659503725976,460.6517350932549,486.35853965091087,485.6675345011745,466.7068794806163,499.9825227458857,494.59146156778183,454.72296751178936,473.7823780243964
MB16-43_4,MB16-43,356.848369714807,329.116168264732,285.9798029375809,341.3123894409492,276.4748334125805,334.8381078189871,379.5547673401221,367.05109124568975,331.0535317902561,358.2325739757879,337.99399020034053,350.6042232396748,310.2152541539768,344.1794571981993,331.7010825365442,300.240087826677,327.1013535978698,337.8446391967176,295.12415583267114,317.3719281654066
MB16-43_5,MB16-43,147.68291144823067,148.35937463092137,103.9813661586604,170.3388123200614,125.66576834647314,160.98067179130462,160.4790968170336,159.95261398331797,161.18220618475908,187.6005348242487,185.1234365319876,155.5384083778806,142.84187327025043,196.8685944855912,158.5412002222842,165.00196535229028,163.9433863294014,154.77711371750658,151.2415974118528,155.22147417632885
MB16-43_6,MB16-43,368.4943782847961,352.0703987489369,314.3711785547009,366.61085532294175,320.1272816074015,366.5273488092876,355.964186965765,369.4653473511771,344.02990317892545,379.4283976628138,359.7512927359108,356.4539055876654,320.0084841491249,366.59124841271466,345.444856658927,331.72444948358344,349.8539186953697,342.86920117038136,319.2381846363087,315.9854479908321
MB16-43_7,MB16-43,557.9840215958651,539.9637462487598,510.5007445277264,558.7621608284871,531.4812063989391,563.7869098094783,582.8897219562908,571.6317371322881,549.045117824874,576.7617653862125,538.4299810033314,533.8531555642531,529.164217148227,567.4174867301554,548.3956449549961,537.306101620572,546.2750209595727,567.1503151701088,529.6370456859099,542.62681805855
MB16-43_8,MB16-43,681.9603153745305,656.4033747004968,612.1203638843631,667.7170096998566,627.4528413298059,691.9280216182991,728.2369271782443,707.4052788026158,669.2618380001999,712.2722377025871,642.406311524698,662.2383021048456,619.1424549389523,666.291608814709,664.4637804559388,628.5450954273936,655.6584639526083,688.5392956082403,638.3206865406112,652.7434785419147
MB16-43_9,MB16-43,381.43038820106494,373.9894678305007,346.3720383651998,375.7999640010152,354.4306503222743,382.1535207061954,396.33042565019394,391.2446690684456,377.76835667787975,391.6380115851945,377.73772285760754,380.0881625044003,363.383035506388,386.6396678890224,375.80167339935934,365.3130120533805,368.5188036322843,335.97633021362725,344.4828799568329,360.6649985030883
MB16-43_10,MB16-43,46.3073352323884,34.854359871818254,-1.0755228122847154,35.29639411168903,-0.4621227631630399,50.623598908748896,64.6521811952904,67.1451006331361,32.41653463625068,59.281246281635376,33.24160266695725,31.919105805725287,3.185735516684401,42.80981780541374,37.02689995512625,17.153039432782474,30.93217774743917,62.625677603398536,24.21357819736354,31.455391016432202
MB16-43_11,MB16-43,294.40602268301706,270.2045143328068,251.30806231650809,287.49337442615,250.22560759526547,299.5381459395741,311.0337610711546,311.80028209118507,287.0791926338947,320.3229265739697,257.53903768152736,278.5259102521051,242.47587537957372,275.3091576936152,277.4082521237421,248.95725444718343,277.22195684380466,244.25721091591652,251.9588942908214,254.90364040102102
MB16-43_12,MB16-43,453.0650424521661,431.9488761351618,406.4834904740239,463.1297212488837,411.50040148549954,455.21734786445467,476.2856245411631,464.0635185992954,432.9801973689641,473.402383040874,439.2644821109848,440.9461869815295,409.2214177229787,450.894963460894,439.02663945401406,417.6594081654847,430.9472890392952,407.9618776818131,417.2689323397892,423.5798090685775
MB16-43_13,MB16-43,19.875115102016068,3.690874682105824,-13.99225965359546,26.779147905089097,3.355471370620398,40.42747984401112,27.652595096158425,35.082227951918,17.123804707348118,59.01368094807256,25.319844878639497,6.579068173760137,-1.9999901012241128,24.842181341170384,20.71047943367225,16.47297403183411,-70.93528043856091,53.102456605150394,3.2424608257518077,19.864905152901134
MB16-43_14,MB16-43,384.8897908281956,361.6672109375026,318.896869439634,368.29533604517394,313.08924685483913,379.0022120530592,403.7241487112337,392.1115301716442,354.8311080435504,377.3508359073542,378.5619795815768,375.14325820519446,344.66406695195496,375.367052431074,363.9244546966993,333.76614543269307,358.6960609727102,314.02081375378316,325.75353585508526,336.7161856763822
MB16-43_15,MB16-43,216.09626338451005,197.9472754273456,148.0058908884782,199.57467330683968,143.211416862826,206.04621220984905,215.7712998221734,216.16384816295545,187.08753779748616,216.50796563595665,189.268519954126,193.8955685530533,170.28306362511805,198.07187910546097,195.88792757400284,178.516460187989,196.4699157922888,148.14251960551,169.66067800644137,188.81644736932154
MB16-43_16,MB16-43,326.7569466857444,281.975092004935,206.8122899579797,315.4062739438439,181.2248112841905,282.0632872063464,329.2845636323526,335.4178813927771,270.15660191381323,293.9338534302512,313.009863894436,319.0561763988659,255.28526166498943,311.0361414657882,269.6849634086197,229.52661823639824,286.66779066815366,279.51892254760213,229.70705223143187,227.24296686526384
MB16-43_17,MB16-43,653.5935939772986,630.4780909223209,602.1437424880947,648.3376872605882,612.1758966531614,646.4326183842759,696.5883186814884,669.0946906231499,649.5088427677218,655.8355415657062,630.0270199189146,636.4314456799059,614.2846835307172,646.7849975843243,638.0160823023923,610.3961953218881,632.4897218475958,612.8011538647125,605.1388707218238,615.3431935510554
MB16-43_18,MB16-43,580.8614388337654,564.4157640365869,529.380104880582,577.2025619890239,551.0157941349494,584.0761987347981,604.340414264055,587.907450925991,577.943139006808,604.312192088072,589.7500199842455,575.152562959888,556.0378595715183,607.5983306898944,569.6994717447244,559.858120055818,564.0488289628215,536.6743258406912,529.8119026637955,545.8008354084471
MB16-43_19,MB16-43,664.5605017543083,652.301264382814,583.4157447000176,673.0773424647103,604.9691882325092,670.0569444611447,687.564692723016,682.7082227069418,651.0443749542038,678.3473044525213,661.7295661806554,659.0468339745266,636.2082228014241,667.2545889324498,659.8944580220654,643.6534992172536,654.7052930013198,635.3108698143458,618.1977848733616,643.0352064086012
MB16-43_20,MB16-43,242.8056833150105,235.9307264146792,227.1795937473338,262.1377957066267,239.8772249251429,262.72082850147825,274.50182628187974,264.1396089734725,257.63877830469266,298.87536158529304,255.3667818601796,251.090988466104,231.18975020732069,269.5543936843515,251.6719010945168,239.02864693838748,235.4176930272804,232.9772855109901,248.57686119320934,252.80118381343044
MB16-43_21,MB16-43,806.2259092185122,762.6108506106543,705.0774508326421,787.417004876211,719.3335972337983,791.4875389803929,817.1645089766164,809.0755465194405,777.9073772229342,786.272530005366,767.4361151457352,769.1981054618797,749.3073401477722,792.7627043088069,759.7358036941807,750.0402614241917,780.8677446212656,782.5111855475219,692.2373941010475,684.3771285703366
MB16-43_22,MB16-43,706.2042336386934,685.4815682847009,651.5484436512196,701.4547484656235,676.252062052792,708.4056485704427,722.7965580903766,714.1681172047261,698.095019255253,728.880597594085,691.0793767388208,688.8753549443602,673.6270793554504,712.0941144321647,689.6591870686651,677.0609756680606,698.6514287718269,704.3856156153792,671.4209063150829,675.3259355965972
MB16-43_23,MB16-43,215.39296268866363,190.94563208303185,137.3817277818985,183.66019946117584,121.30176902023103,192.2017844380767,220.07944672645405,218.48650953388128,180.1571861803192,219.3509964546959,211.0648709605488,217.9187174380687,168.20548254259245,211.0161079521486,189.29440064079395,156.72178632615032,184.93141139829376,161.93401441027382,150.17536417712572,163.08754873993195
MB16-43_24,MB16-43,1070.6403086067307,1048.5880063373404,1001.1376305318396,1065.2456571610617,1031.2579897803037,1068.1711560902947,1147.8358974745454,1104.855283136362,1094.1601176472902,1091.774974593039,1018.1148544859489,1044.6095665278228,1023.556123045844,1061.9601134379936,1059.5114693740627,1029.787482635324,1045.1552358724728,1050.5394572912887,1043.2752137981627,1055.0750918617746
MB16-43_25,MB16-43,322.4906434311284,310.5536614162148,291.38387568562763,315.09369679094584,294.6189007540078,320.9170925163595,347.5284961572216,331.37424353681376,322.90078010933576,330.75128011801075,309.73097654105453,316.1507826847432,299.18949634220047,316.4297439667223,316.2989396793821,297.73745924822896,310.71452368845723,291.31305523696733,303.3338066868981,315.1413812595702
MB16-43_26,MB16-43,373.6682823772566,348.8714527140975,313.2017265476273,364.8019700318271,323.1519040670456,373.1387196017097,395.87178311714587,383.0619563197086,365.71197423122,377.9899216134641,350.284115533798,352.2522727691865,329.0938709077656,363.56549405177327,356.5078956245071,339.4494346704629,363.4001089191364,382.69883537330804,338.7403611109804,349.4232859685714
MB16-43_27,MB16-43,114.96668657023616,101.0051972199278,70.46979730745637,116.2488948138009,76.36942432716818,123.72934369995497,116.50882862770877,117.64021252143702,93.59980913424435,140.44065850637665,107.93555988117328,102.8726489112423,84.51323475118407,120.41850450581454,109.36282829734203,97.51539157079162,99.6883737852084,91.606871286091,101.0943421655486,111.34463478196926
MB16-43_28,MB16-43,325.1215459271671,315.631123326589,292.0126888732945,338.13331186195944,315.34748283203135,332.8939140408566,344.4782979175062,336.09078929435844,331.96232602588583,350.7657659527094,349.295207414812,328.468988753289,321.24598573120284,359.06260686141815,325.68642380599334,324.1772067313664,312.42246831158985,293.1971485713895,304.40418512814614,309.2452838129063
MB16-43_29,MB16-43,695.1037253295995,682.6059294385794,658.9440300392754,702.0698085908383,674.2131940373921,703.9639482597112,748.9636586053298,726.6678453861704,709.7536666819205,726.959995034263,684.4173033062879,692.5325085851155,669.1183327954593,707.1217068948104,693.2442419419278,671.4959858965082,677.1357377648386,666.6313228774848,686.2883269050706,690.4192909445161
MB16-43_30,MB16-43,1290.7367748333056,1261.1333427670168,1220.1940127323005,1285.3212001503423,1247.2248474077885,1282.298636109923,1364.1485981637472,1327.129101565148,1301.2999232478169,1298.3517252928134,1246.153853268432,1265.8624092840494,1245.9719077750312,1299.634584828245,1262.8604507092678,1249.6258220238433,1261.179742775082,1251.437722057569,1246.8091354520627,1255.6462823101533
MB16-43_31,MB16-43,534.9007040668077,524.8419999138907,456.39645686540354,530.7601367051266,477.692262893312,532.7170708709141,548.4100296056178,538.122236803811,529.8497111960052,551.2654465201736,536.3082772824087,524.2199242319703,514.8851719851352,555.1281694410768,528.6480939944254,526.2997564421181,542.0951501003827,521.6030717114085,506.32212258244755,524.0070983722003
MB16-43_32,MB16-43,685.5823176290701,663.7237634281507,613.2065525380572,701.522007566899,619.6328574838005,677.7663250564084,709.3997169507763,697.1236869864214,672.4891160875468,701.6083892026404,682.5908764901588,684.5654764905142,650.9741802380622,695.2290281159505,666.8514625389826,642.3344481985388,657.6460495639643,606.4223486715111,633.1915817070418,653.3588286678291
MB16-43_33,MB16-43,312.692736231044,302.6115429538561,265.20160594460816,308.8734528415252,281.04625285778127,318.96318489107,332.51120360567177,329.14553370009185,304.11343762071385,339.8149308269304,315.0964811760585,297.6039186430928,279.2029289685444,325.2196754697593,307.56361108913035,293.0646822763716,297.8884725420458,334.6649591054765,299.3375465763497,309.8141130956032
MB16-43_34,MB16-43,538.2646066545907,512.5567360841914,465.2538777165303,538.6685296709074,485.4318201679654,545.0521877548515,582.2990406998498,568.2943941973772,531.8992155595033,566.149355093179,510.7258429062513,520.1652398251802,481.50230287969606,533.7495167268453,523.4800458205293,497.13169233082783,522.4781638379936,506.02376475086163,499.44170391230875,509.858321538955
MB16-43_35,MB16-43,228.17497236735613,208.8676942909256,156.63271675282496,214.132836002186,140.8420744972526,233.0992751536413,257.13168507467424,251.9063775396226,195.9263123288044,239.579037192202,198.86732799882785,217.393153153009,167.04846532565546,198.8036335904339,215.64460478104104,167.90786508995205,206.612935615038,141.45801571905858,148.49081194503225,179.8702679303229
MB16-43_36,MB16-43,552.8504174168477,542.576517046742,525.3839870625422,556.7476234267074,555.7713687223508,559.3034675691626,572.9907711728681,559.8267248154981,556.3592947107098,561.9561923347584,554.6778947466905,540.3110073559579,551.6020581009292,571.5729389929218,548.8144215600205,555.9575694205746,556.0338836272879,531.4932015625528,538.5096189327012,544.2448908870724
MB16-43_37,MB16-43,629.7846759482152,599.1289854190074,538.6945014724714,604.7301197979689,538.4083508772807,619.8696215141867,635.1459359209098,625.7837164553453,593.406982737225,659.8728267032885,584.5380852407171,600.8448234794893,556.8181571232205,596.8581430896846,599.8521957974458,561.7397852129682,600.8672456233422,593.3492323721493,579.1778106226052,603.3322384166552
MB16-43_38,MB16-43,98.19437426645086,78.48443942464422,72.111793253456,112.6156302697192,58.31546082000169,102.8012689551705,127.68317741989496,113.03242883955244,91.62458764832957,115.54967192513745,107.73705027098067,99.9579793520066,73.3183298780334,104.95547559689268,87.16058125829943,65.1631766555767,77.0121645958234,97.2075300463001,78.12779112570396,100.1986987391224
MB16-43_39,MB16-43,436.4047299218395,377.7094939045797,412.94639974149095,434.3108246821657,426.9791557820456,447.1514414869439,461.71971317089685,454.149944523054,432.72363365685374,448.47812214244846,432.0590984255847,431.83136199687874,426.50754124758896,450.0855148314694,432.8951523901728,432.4447678190836,436.87051455559214,407.9748030313,427.6224705876705,430.22141427087297
MB16-43_40,MB16-43,-362.98087422259744,-389.83110489463706,-415.2791640151162,-414.6184341264927,-449.85213295127767,-374.3421321710204,-354.6428448471548,-352.65543511900864,-403.5959439450008,-351.7568789517663,-374.4570823683063,-366.50355534469566,-424.0216858095823,-381.61635703431614,-387.4372900360247,-426.0725130256815,-395.4980309523536,-438.14282799132457,-475.7798417147397,-418.6704350965854
MB16-43_41,MB16-43,160.29102130890536,113.77556107578738,92.38336626825452,154.1125180348479,99.02822717887828,165.8434937090645,159.32923747495946,179.19657020477436,138.29063691464614,189.8979887634781,146.5977952085718,148.78811238385651,119.54302681957488,156.4517811730927,148.6917049657713,139.71189404053752,152.1442292771189,155.17800627838358,138.3789481838975,151.4233179962747
MB16-43_42,MB16-43,754.6463699070423,731.6731764000648,688.2595554244758,772.8914338940291,709.2331146287838,758.4384786846779,798.8395718811181,784.661343456873,742.4705647519088,781.3431243747119,739.2277139498192,742.2265936487537,713.4670423474472,764.5571361293307,739.4469082172778,720.0477262325074,738.0820073688776,745.8180541128218,722.2841302826855,734.644768329766
MB16-43_43,MB16-43,421.9686190747333,402.7338846073756,372.5278242571318,433.8319955459762,391.5674077959151,423.07265422321103,483.3833678241039,455.5725959753751,432.9860792031089,457.6465521867408,422.8387723433933,416.59272313398753,384.07413675697177,440.1271530194676,421.3447497833896,394.4638472638388,399.5496707207248,422.98638024055015,401.5596257837283,408.8191356426441
MX35_1,MX34,115.04539696609594,109.73591035288098,110.42158085629768,112.22701064068444,112.7374451074144,111.03729315226208,117.90150338799194,112.39478496224204,113.3326898641099,114.14506827277036,107.00183563567148,110.60534957854466,107.87787243319084,105.50026953293082,112.30407256916044,112.70779302575656,110.7335090964618,126.00689366481811,108.09628110129114,113.59936840922111
MX35_2,MX34,288.78365639473003,275.2996593975334,277.3068253829375,282.1554921935174,284.05247554746626,280.51955114929586,296.1562799519327,285.1686970555228,286.5567592446031,286.5946258645115,271.2790117320281,278.90413914024555,273.6655802993901,270.8736801448456,282.52154407212674,283.5206672295181,280.8748037115735,308.1952738108249,273.84856048734656,283.60157695538123
MX35_3,MX34,638.1766770371039,601.5964892167046,608.8530976928844,620.8864786543381,625.3814609194978,619.74340425893,652.5110398585722,631.019712547466,633.8294787123557,632.5146251044255,597.9506808842945,615.0452550082192,603.8972880322029,601.3025870595887,623.1072586539449,625.100588871224,622.6960076368081,672.6582649276404,605.2118836679025,623.7736851729007
MX35_4,MX34,980.744503033538,913.6074819613432,935.3168176727244,953.0277841873288,960.9592755888594,953.5360185432428,1002.4897931552418,969.7952567618316,974.6385409842972,973.2128142332376,919.1897802011016,945.4106885867396,928.1443273435856,925.3930808923922,958.3120801231612,961.5537910540752,960.1481862429029,1034.8258187600857,931.7407447464393,959.7271902816072
MX35_5,MX34,1325.2433074586438,1232.7148085399308,1263.408212514565,1287.336319253959,1298.5377516060296,1288.99071089644,1354.564697045858,1310.9370932062454,1317.421883666388,1315.4369219780524,1242.157979112469,1277.545057379193,1254.2139021595642,1251.55919063616,1295.2572878234107,1299.6433882216484,1299.8295628752942,1400.054984554794,1260.60663269308,1297.942888849519
MX35_6,MX34,98.8350011985566,94.75560804140213,92.7272242036279,98.67705455389223,93.96131815804723,97.06967272086294,102.2020410199754,98.63956004709036,97.72350251505097,98.68683629702235,93.65330933702748,95.5310713226912,95.66089525184653,95.3884313284373,97.839100929831,97.47147845777508,95.35827289678164,106.60230394709518,91.36400439437911,99.28709996674621
MX35_7,MX34,243.37715870307483,234.40249636771745,227.6079691138131,240.0652789097668,231.98574384170817,239.62742564012044,250.2804354824072,243.33888953585412,242.0394720960944,243.36864779198555,231.17009585770785,235.17433465232463,235.0185795845883,236.49099868791137,240.6338851362934,240.51103723002345,236.8240591492082,258.2307424593317,228.1531991142294,243.7410019540988
MX35_8,MX34,531.2178440609455,514.9342295466206,495.8738851076923,522.4009333403078,507.4659697807453,527.3218950153355,548.1197099626852,535.2047881925947,534.5355538567431,536.710484625346,505.7518772005916,515.8998771443256,513.8116582704309,519.6351968796532,528.7218518975416,528.5862437115749,521.5806800640412,564.2369573925724,503.83887823512583,535.2551510507716
MX35_9,MX34,816.3998784538345,791.5226325105608,760.5530215189239,800.4469371479227,778.9366427351816,811.0351242575911,841.4314863943016,822.3979809116411,822.2836499405191,826.0660064051062,776.2289096735593,792.7123147328653,788.6467297336496,798.3252580880184,812.9252171809227,812.8386944178242,805.7933123069068,867.0341300714907,775.1584865519659,823.4394547270263
MX35_10,MX34,1102.8341707531577,1069.2165953456524,1026.1953752457523,1079.602969823427,1051.5865719681085,1095.7946251460655,1135.9185745783377,1110.806584431859,1111.1240766782992,1116.4054025486034,1047.7834770052846,1070.4949250779223,1064.4663716564376,1078.1711918101737,1098.2198144116326,1098.2017585796275,1089.9810864520305,1170.9443784079522,1047.9744556492124,1112.9220114064954
MX35_12,MX34,247.7842267654404,239.8882670211884,234.32286949431816,234.79607595744272,239.42168956811665,240.48097030176112,240.57595057500387,235.91063902074572,246.74480789889023,244.60712923003555,233.1299638184356,237.5392712110918,226.44102657969128,232.10922195569145,236.98444063733336,242.82738547916728,240.88122276704448,267.0382760296339,234.81650381020498,212.3369592429933
MX35_13,MX34,668.7858298952871,646.0029166509015,625.0827613270845,642.3594579021363,644.5310815078118,652.4338052394925,660.2612015414223,650.5560389239806,672.3217291276162,663.4839485086084,631.0679207745148,643.5412749836458,619.0467566694147,639.2089829582878,643.2138063408191,656.3939680197224,650.6811008981803,697.2610148522452,634.2504277006216,590.1436276365268
MX35_14,MX34,1080.7127047660151,1045.0285814610077,1008.9183853099491,1038.3887423832216,1041.1868325423818,1055.7378025981666,1070.0004707677244,1055.732471967694,1088.6812762669408,1072.589700861662,1020.6191358613572,1041.2486675141204,1002.882470260876,1036.7294572335527,1041.47951701715,1061.6880179254526,1055.1256855724798,1112.3222723956947,1018.1603382085285,957.3742486507102
MX35_15,MX34,1496.553682531382,1447.6167609413503,1396.0107755568522,1438.7938601408684,1441.8184361019887,1462.9068002349634,1483.9527287260482,1465.0449108187977,1509.0713759949883,1485.7507408463832,1413.7136084820438,1442.4210412309903,1390.712965890761,1438.3158741262953,1443.652900310332,1470.9924517006668,1464.030261479252,1526.6726403827633,1408.0239875926359,1331.3081538155702
MX35_16,MX34,52.2724051522722,47.50114747117348,47.40034422370909,50.14452253376596,43.98327457801025,48.33371016131839,48.34140022721643,47.09601336125992,49.73942086609155,50.352567966008486,49.431358393008416,50.69527793551968,47.37483696764679,48.85953467446596,47.53441670577232,47.90061146826173,36.5387362601823,48.25227176058427,50.793419672820846,44.08423068208896
MX35_17,MX34,192.4198753563481,184.8268862851804,174.83673892202705,188.82299738881144,176.00232703978418,186.4100602458497,187.92395408603664,184.8369132590377,194.8011231453034,192.78723333315816,188.495206582632,188.9124929782793,184.7613466228651,193.10417751258427,186.6565617178868,193.0780654001445,184.54199993321205,216.766747945308,192.9002052069821,178.28464985797896
MX35_18,MX34,511.4264964536406,496.7025323271952,460.36645021013936,501.5098375410069,469.99652705219785,497.91605432470703,503.3764506912761,498.0164100324533,520.4734134299717,515.115611411208,499.6417784204535,502.5205435191715,489.94700943042994,515.2078668500423,499.6759926216062,515.2965341896969,498.3887953640864,554.1763658473252,509.8427759966494,481.15590948621065
MX35_19,MX34,827.5037150731788,804.5607748647518,742.0710016708313,808.2183468035644,759.2445318606481,805.3876644930363,814.2681773147646,806.2870461489654,841.3906208435562,832.3413261705296,805.8100244906838,811.8601419618709,790.0215527277629,831.8200495952397,808.600344387892,832.5592614034817,809.0554840882386,866.9423511673002,814.6962742006136,778.9413575221943
MX35_20,MX34,1142.848774463668,1111.6268839554273,1022.0140596150682,1113.72331404182,1047.7025308559112,1112.1037469790508,1124.3507784132214,1113.741225358694,1161.924096925989,1149.0142169434478,1110.4035323983342,1119.35221044471,1089.1792132550927,1147.4448934288057,1116.9363808602332,1149.6464740921222,1119.267879126694,1183.1493241593028,1121.9701717322666,1076.9343960496426
MX35_21,MX34,119.88406604471992,97.86140763661464,115.32669722688163,116.5430576381532,118.1005103620721,116.30036571350678,122.8811442897244,116.50489872422509,118.13372362279893,118.40221654069111,112.74346712757294,115.6987211131526,115.73699686929872,110.7726109105041,117.83340649910608,118.8028742490336,114.23732908249318,122.56443491572367,111.65124655071234,113.1824709590876
MX35_22,MX34,291.31383106999266,242.04846041617543,277.0435035195524,281.8575873418663,284.72893239200744,281.57404944503924,296.049822593108,284.132821295725,286.5812903470206,285.80257976686727,272.57685688395526,278.9293343358507,279.948667879212,270.89686674549324,284.75947873743166,286.55888449359367,277.86015021887084,293.80049257633203,273.44138174537215,276.60907417640567
MX35_23,MX34,638.9453573175432,532.153149818564,599.5808965320736,613.3345691142914,618.0548016155177,613.4926882612665,643.7107912086993,621.2168464535524,624.7957698065732,622.8751885193541,591.6743037653176,605.1807767713502,608.3748532699173,592.031150142945,620.6515974655501,623.964314607537,608.596497245391,638.0909993706741,599.0332947379303,605.4744791523817
MX35_24,MX34,980.7242909533784,863.292891496193,915.5838217946437,937.540481580778,944.3051773475572,938.3078759056252,983.4815681470776,950.012399232096,954.9624553208976,953.0425831196612,903.8688390153076,924.7688848564812,929.1769418740772,905.5390529326074,949.6847600322002,954.8353817660726,932.5456667478315,978.2551884071396,917.6732191721353,927.7675682923524
MX35_25,MX34,1324.889806271527,1134.7872838066437,1233.494170977145,1263.6947111897748,1272.6669452508793,1265.263021459048,1325.5517086614252,1281.167435197763,1287.3875453628082,1285.207628403008,1218.1779582630093,1246.391675782319,1252.141355899278,1221.3268911029388,1280.7426897228945,1287.6644764003756,1258.4491275152875,1319.9731903703996,1238.6846856551692,1252.0605332194282
MX35_26,MX34,99.7587202447519,94.51634595803964,104.06376216927605,94.2691331414536,101.80372800076832,96.38856138751376,92.94446202222318,88.93800372643751,94.44586679221678,96.68573205319332,102.479143744372,102.4783974474031,92.60551215225836,98.09596308515536,98.3380920082952,103.04330839606502,68.83942412911516,94.22770885862514,82.38731286502707,71.53179810650468
MX35_27,MX34,320.807203057255,308.1832096140135,320.12798460628227,310.8030725869868,323.3665164486611,317.706145362957,314.770934531995,305.8593304981038,317.4718517113147,317.0427677610296,320.5196312158554,321.53303573576704,305.9095146270232,317.8977731393427,318.33976188466914,327.85719286944374,312.0266983015928,323.79280773089005,289.1224338146744,269.6214221504044
MX35_28,MX34,783.5821746262234,752.4048243010774,764.1886505179898,760.8087839011355,779.5896838126632,776.629953237613,777.4897283152377,760.6480868195501,785.2582741432727,775.1597194987444,770.1866412165725,776.0919005100678,745.6432662065404,773.9021962858117,775.8808339959455,794.1088482370986,763.607020756491,777.1913529190399,725.6579008914065,681.1710177210473
MX35_29,MX34,1225.064538647051,1176.5991584238152,1186.608276402398,1186.9571605004214,1213.5473929755954,1213.0889219408707,1216.6876988778313,1193.3993359131798,1230.0115930444867,1210.990141078035,1196.6791936472655,1207.544339405197,1163.1745586492725,1206.14550796128,1211.875772055966,1238.8981455199273,1195.7092259504143,1210.3610756779944,1138.2090910314123,1069.8020156801308
MX35_30,MX34,1674.8584225291718,1609.162781870674,1617.6977140562096,1621.5668619840203,1656.342497466227,1658.1612739376876,1664.7784930562375,1634.8086283380176,1683.3216375349375,1655.3488843440537,1632.2735160425254,1647.836264176345,1589.6167471071883,1647.5576218571402,1656.5962501863487,1692.5671318927484,1635.992037042487,1654.3525056273725,1560.166284945371,1469.3739895324659
MX35_31,MX34,78.64047875416821,75.4720282993502,83.04475584265695,81.01565695790829,79.16621416090823,80.0721290691259,78.84721689592426,75.1432640376598,81.15054997116464,79.03443183748617,86.47873919046728,86.25414815312317,80.32436911507584,86.68020292700231,81.64461704558757,84.62524763975289,77.0795573529562,69.37241487027123,69.93449086323473,64.59856615080616
MX35_32,MX34,267.0471235442604,260.668243442974,263.01866922178283,271.6164690705932,263.3677582641522,268.12323954125384,269.30016104476647,262.3884389918837,273.95451088706653,268.6926546904208,277.04024705911814,275.4706714796678,268.2484460046877,282.8699389638798,272.2196205722228,281.2859563941076,260.4301532223652,265.8832209381259,250.91074139472894,241.04456801805816
MX35_33,MX34,665.7460736014247,649.2416368088724,635.527165120165,666.0687219677778,644.5556546532405,661.35149297746,669.1528355254987,657.0296787291417,680.7557789358389,665.1052768653691,672.0208841430216,671.5599517653692,655.4822681641975,690.228731045249,671.6981703277571,691.0087095081913,650.5408948762519,670.1220479715698,634.4654757670138,608.0466831226937
MX35_34,MX34,1048.7202762983088,1022.4096985029933,992.3057974480432,1043.607208747467,1009.6832190827854,1039.2105835722912,1052.618525291954,1035.7718844278663,1071.6547797047467,1045.9717797193605,1050.4283127217348,1051.4071119772082,1026.217560529542,1080.653933672197,1055.6475873178751,1084.8922431019246,1025.3841876595038,1043.708326622695,996.6153131384106,957.6871841785901
MX35_35,MX34,1436.3114050509687,1400.454610152765,1354.145119424329,1426.0759185526665,1379.9017398255762,1421.833142509798,1440.829096193456,1419.215453230429,1467.3301013402993,1431.389230588263,1433.6644615304683,1435.7755329819186,1401.9451349115045,1475.971550434258,1444.528024772328,1483.9134702903275,1405.385514670042,1421.316936141185,1364.2642470976245,1313.6582098330234
NBPRC_1,NBPRC,-32.10000000030543,-32.44219023565856,-28.712297139692,-33.14992980802483,-31.15180033551356,-31.82465125962677,-29.95108103719531,-31.85417087406044,-31.075727738473702,-34.915009164460145,-34.483193539969626,-32.83551430350483,-31.162568084327305,-34.31009285526713,-32.019420034720696,-31.799058975993603,-31.357943671127085,-28.58784430599779,-32.62530088562577,-31.067487833774454
NBPRC_2,NBPRC,-0.2000000002951317,0.7487689655721393,-2.3938672555586136,-0.2166118151278364,-0.3773637408937885,-0.6851273939639179,-1.5789003075349373,-0.6087924979678403,0.1865020907852632,-0.4046613442782082,2.8450808921782134,0.1876023658960167,1.5309293417830288,2.267310140820118,0.3451187900556181,1.1551762922045354,0.4169352902888392,-3.9314202522109594,0.4246922512665479,-1.2465312333780527
NBPRC_3,NBPRC,37.60000000026393,38.81747169561215,37.44768289620759,38.75182880804034,39.88232910594533,38.61882811226016,40.12457512234169,38.95609449976788,41.382660207255896,37.3109779492549,42.33263619512501,38.83030263282902,42.45795077836216,42.58269545749046,39.133080785886,41.360845216897104,38.63302562392727,37.71103961982468,38.125167535555455,39.25755740852782
NBPRC_4,NBPRC,-19.499999999909907,-19.30834779203083,-10.416535407064137,-19.33071819103024,-14.602160521602672,-17.801948046593882,-16.38512609435265,-20.09137438232492,-18.10834065422568,-21.20590801541672,-20.68978705782158,-18.34078152134187,-17.842705226186606,-20.91223370705317,-18.76730222089358,-19.872311013163788,-18.88592141673221,-18.08272200282101,-20.009111392631503,-15.00206898023489
NBPRC_5,NBPRC,-48.89999999999612,-46.98427080392615,-41.21616606780728,-48.68544516029924,-42.10569381701877,-48.26379305575452,-47.98883177017012,-50.18572568437211,-46.41326090239709,-52.26235276426317,-43.27886915173416,-45.57939989511399,-41.75163295422148,-47.30992964668644,-46.27993559597465,-44.57694008159655,-46.24961682186656,-47.21488030390901,-47.37802042444252,-46.47129633878495
NBPRC_6,NBPRC,-46.10000000025684,-45.56752892189402,-28.37209858866969,-41.98219606198484,-36.19982602745333,-42.75804375564297,-40.900637863502816,-46.36159880042468,-43.86276841161766,-46.0793139145121,-45.1046021306806,-39.77712626410899,-40.71728643503042,-47.24239350026842,-43.71283368242696,-45.29726799601158,-45.03734069977582,-36.39164635907369,-46.302244353812554,-35.77506166538003
NBPRC_7,NBPRC,-25.20000000016354,-25.409951097782045,-22.4468767753758,-25.64551087524441,-24.045119309471943,-26.85916879139761,-24.236435088197112,-24.66271557711565,-23.911620559438543,-27.525930112561813,-29.51590836252583,-26.7661113954114,-26.039926244817032,-29.196547957811507,-25.00450706092809,-26.12542623040339,-25.084473791622912,-17.512474894762494,-24.31714022181525,-22.28558291801956
NBPRC_8,NBPRC,40.4000000000032,39.97442170611784,40.066280307933205,41.90619343226939,39.44370625865592,39.61777926931305,40.91716050172524,40.1967365155884,37.50209148169105,37.917188684993874,38.3205991518868,39.545996640773865,39.67744224257229,38.56773823616236,40.12792495616946,39.45776058835408,39.03512843383905,45.67968941852407,46.239323914530615,40.21536546379367
NBPRC_9,NBPRC,-15.19999999983967,-14.99875303527838,-11.27478325228772,-11.799358519537847,-13.99240517311584,-16.998629243132275,-15.55824794974101,-13.693129903421,-14.214017799486609,-14.245257982150225,-15.694230005765194,-13.643438055703609,-14.413952107039488,-16.618621114640163,-15.17718353447162,-17.905645869732197,-15.22368633957243,-11.332091485259651,-13.902776184063343,-13.6090152653649
NBPRC_10,NBPRC,18.49999999968927,18.03233344367537,19.59638468078528,19.45254683368084,16.723191928957174,17.28668119215171,17.3779595360313,17.274892422672963,15.113180078218832,16.33288793865156,19.679134229625387,17.550115003204755,18.238389796452488,18.27446889294341,18.198852683469774,17.973284802207644,18.4544852045432,8.873477085829753,15.90787694438832,16.138780179219083
NBPRC_11,NBPRC,-31.20000000023236,-30.00658029685352,-20.38794276439936,-25.965729399078345,-24.23675925958033,-30.063652597279976,-30.484940056104914,-29.059261623405888,-29.46518350870034,-28.56806854237118,-27.817841119277748,-25.12960684763109,-26.569201181552103,-30.408209076039192,-29.61792446022369,-31.873034436362605,-30.99083862451908,-29.409905235019814,-26.732236249862225,-27.551813917279972
NBPRC_12,NBPRC,17.600000000243703,17.061090218538048,15.408421842483818,16.86068603183066,14.004954860555229,15.893321505387004,16.843349262801908,15.676127988916324,15.006133488058513,15.15475019624028,16.354463659594373,15.080336608808436,15.380040530173806,16.031241436136202,16.48700903453565,16.453868251259955,17.123554043923466,19.45011302391113,15.06602576462094,15.401601332802509
P34AE_1,P34AE,32.31997147040983,29.839726908236106,30.178725786869897,29.78090850015712,28.51114627929292,34.91480283951527,32.071247673526315,29.223611123782486,30.66558742073752,34.73548479067013,33.75903844540597,32.39160048453703,31.116260771614705,34.1225400625586,28.50121261630608,28.86468662304848,-41.46306930267849,5.095918286256459,-2.9347869379157863,-27.786943462325056
P34AE_2,P34AE,93.04783397962564,90.833243231407,93.17107577375772,91.7999168069529,86.82133664724292,92.49024035620108,81.52152171229476,74.15963597181857,94.1457569977694,80.3504876278876,86.47825694986362,93.9613970988816,87.57888610218164,80.49637466974785,84.62337490065796,92.05866682427262,78.79677622262483,118.23151197037588,82.72959228223895,69.53914885128566
P34AE_3,P34AE,52.583975528823,51.77103600076565,49.14558618634502,49.97218653239699,47.508892067396296,50.93143623173067,50.99365724726715,47.10317820136146,55.18840176855646,47.97702618325884,52.8515055334916,52.73003570114242,50.55689126318813,49.22499525110871,49.83391532155069,50.95991587406848,50.44872881018513,57.698216890333775,48.920273028570065,46.3222339300127
P34AE_4,P34AE,117.62392752142956,116.16303746148266,114.92285861038556,114.24198334593947,109.84774791516116,110.91934019626764,99.82878098710776,98.7742493081786,108.30383866541456,107.07361613056428,106.436206627976,111.87541582728932,106.32532796303032,92.58367074369797,109.47291391580896,112.67900376937372,96.265724706284,133.3781248281066,110.71256428578474,98.22398203455025
P34AE_5,P34AE,58.88763387317274,59.80821832113096,60.53682440340968,58.57010799257354,58.790112876710886,59.13097702730922,54.143546662027134,54.51238794557564,56.99713281765795,58.756412919626925,60.58743536436433,61.12253358912597,56.73586680090384,53.47205630413281,58.42907078291682,59.9410216024693,54.79277057107249,69.85721816760426,56.09905042670509,43.1792076085953
P34AE_6,P34AE,93.54220727861224,93.68680623184602,92.10563063793062,90.5055781783372,91.93495031974258,93.85539976723136,91.93302982718944,89.47084605419687,95.1572511905526,90.7868916793163,91.68760547525926,92.722647400604,91.81681243700406,91.82716100977548,92.14693061325664,92.46426234224496,92.68871900416524,171.7648548413221,88.83711174505096,89.55906902128532
P34AE_7,P34AE,142.66538585425326,142.40470254272108,139.65971593782996,141.3521476439195,142.05304046037614,142.477494457537,143.04276352588874,139.7099830234217,143.0616338025016,142.94490423918157,137.67891978302234,141.20446648947654,136.94283805496764,134.7172351430719,141.17942465721293,142.14726031770238,139.91974269608343,140.32993814331863,144.82601991240549,138.91399973428673
P34AE_8,P34AE,113.80721660720286,113.37587374839882,109.01535069920357,115.481809976157,109.32243657919024,114.40374970362323,113.06784440765814,111.24806015593931,112.82518756086444,113.23355679575909,111.34335914109089,113.1242130190114,111.61395885940094,110.42557664826596,112.91035145244231,112.85861342176962,110.78798359920232,109.32587772755637,115.67409847960263,112.62350871778948
P34AE_9,P34AE,102.71096092981462,102.2035553884971,98.31343126293346,101.4517394880549,97.97612540436316,102.6865476740731,103.30529887285334,97.70297831178,105.99865588041467,99.53819214317484,100.68873390107711,101.80689108816856,100.69268407367468,100.13934345796405,99.80741108939463,101.10182646283448,99.98885896790836,93.0253590891906,101.56182467155088,99.80407814911997
P34AE_10,P34AE,97.65003552559224,99.03935311025874,101.05723896532702,101.34659839314058,102.6335600205536,99.83037555154972,98.86310138652615,97.77762959963428,101.39383121960512,100.56974524091656,97.831938725022,101.0451723346402,95.6240378552713,93.42790649049256,99.74593994761464,103.03577445438545,96.89164786642412,126.43252074838526,102.92126240553443,85.91323884742921
P34AE_11,P34AE,73.27261148327572,73.84289579576946,74.57466082330372,79.41524129577003,73.73278965729182,75.78523534588906,74.02161331751446,73.80813446917804,76.09375044170588,74.17521270201586,75.67769923588529,77.21322307649386,74.55579412333576,73.50745746850566,75.28043578891292,77.50015178326491,71.8724779938562,99.03273254381251,75.26630744142804,63.56008456766666
P34AE_12,P34AE,63.57468097512699,63.71990561817993,62.35126930279614,61.726668774371866,62.7484993032555,62.99443990739197,60.452269949163686,59.45821449526541,61.5202920151398,64.05656244289956,61.94789284678173,63.82329131829627,58.66170912732878,54.87041956313332,63.00501821095163,63.55542496830126,61.79389904486685,77.80223748534951,64.77944221110783,58.87469647913208
P34AE_13,P34AE,56.475838860191566,55.798746411229104,52.63115074993556,56.39288160580149,51.40868360465922,55.83442503122109,55.03899992071829,53.69936113157503,57.787396537418495,54.49046634146946,56.54166667463693,56.82451148757041,54.53540216971878,52.29004965207908,55.62405762574375,55.18656611505046,54.08662085860689,66.64795614046314,55.813349692925186,52.70756397902375
P34AE_14,P34AE,48.57523165530654,47.58269188807303,43.41360447196477,43.8757497628792,41.43871048296282,44.96018785333674,38.75460346669846,33.44968211041004,42.78610334372162,40.8356761374543,47.32681667962412,47.28522277892978,45.17300179286034,43.56196603488307,43.12279493258714,45.47880905969548,46.232305828433226,46.8132373440697,42.085345411780686,40.572232225303075
P34AE_15,P34AE,80.4251558590012,80.27559895327734,78.47919219034871,76.35894906043205,78.11779969506237,79.42642182021777,73.75906504797148,71.10551830777477,76.72677158249635,75.64015051208541,77.68678609044079,78.87768875603817,77.51245203585485,77.34571015566725,77.70591741103087,78.59552592072853,79.36536641975944,155.23814729698375,74.73936845708835,75.75949598766219
P34AE_16,P34AE,59.30054389223685,59.59693933270011,59.89535215333811,57.77174996519583,57.45119057816955,57.02206828707584,48.07607824017109,47.44728199516998,49.14246489104576,57.25916753351228,58.95547273013624,60.116638725799305,54.84864467052469,51.26012889430213,56.21258526987511,58.09431863755933,53.69519637622792,61.722758465947024,53.533346432787894,40.27755907139165
P34AE_17,P34AE,56.85936010054756,56.266494483258015,52.57330410276741,56.88987143099691,51.28602520624379,55.04704496841743,51.11144146570371,49.19386092908699,53.11100680536296,53.75612978008948,56.20751900938527,56.808611401365496,54.44196349877069,51.88631080931452,55.01601688396022,55.22623657390693,54.55776593130264,62.974314495657666,55.032362361611526,51.55499109046433
P34AE_18,P34AE,51.69042086304578,50.87197450055125,47.57363209448423,48.55408408399634,45.83046016048216,49.27673767408726,46.21021490071016,41.452026673244994,50.312245838606266,46.06762786830931,51.24208015304031,51.26537016741836,49.09545257163598,47.57011747677142,47.748688663406426,49.51424568021331,49.52464130571002,53.255605438575,46.39952354593409,44.17287062152218
P34AE_19,P34AE,164.09777678532612,163.94078627685005,160.66797095632023,160.71273315233705,160.85922436054278,162.7365750765234,156.33244939065648,154.38755154685123,158.70492974275865,160.39050841792803,159.37978505766375,161.54050160740618,156.7835052086154,152.21230633294502,161.41515696643486,161.7775636425712,161.86177142863505,246.73117751553266,155.52607125822098,143.8227853532656
P34AE_20,P34AE,266.04854512784755,266.430589273651,263.03877581749657,266.585866806783,261.7128765367111,263.18640915565794,256.757076916191,257.21391994028625,260.5071808372672,262.3892028592932,266.24917226861936,265.4355914890487,262.7524699136191,248.2830967345704,263.83861062552745,264.04874453486514,266.6448429916303,277.8210474549614,272.71722466390884,254.94354517389476
P34AE_21,P34AE,374.29865956961305,374.26072693566897,370.5242616820093,370.9819406114733,371.2798441454144,372.2306694673488,368.4662100120426,364.6326953353607,369.98480201552746,366.543716452689,372.67793079829806,372.5826302442194,370.6433621643952,368.98024268082,371.2913656586357,372.0731718057298,373.2984252404154,600.8390213552779,363.51461145057954,357.83817510833245
P34AE_22,P34AE,670.0549903969146,670.3145854815123,663.2799982659388,665.6861338337399,666.4242764911108,668.4860372440503,663.9653365658456,659.244548467706,664.586309461931,660.0933736934116,669.4202833264293,667.3799672704909,665.4019809775957,662.7133701375627,666.8589307802127,667.6206444504544,668.939676754496,1048.4680501831726,654.6550117787413,642.2302064561461
P34AE_23,P34AE,520.1150892679344,519.8256050285954,514.7758713185929,515.8865888155716,515.8112830351178,518.479332711485,513.713986295159,510.2370832445356,513.7615063953092,512.739546975917,521.1769949364655,518.9987494115776,516.0782548072924,511.0821320554642,516.8246208508575,516.481803577289,518.6029612257033,747.3086932930705,510.54175258404604,494.52482888078396
P34AE_24,P34AE,406.6720615892106,407.1246865573571,396.4639227059839,404.3274779236858,404.44339737237055,407.9757489171293,404.6455962988567,400.8126917496914,400.4748688240029,411.3775114732255,407.7935596989797,405.3912494289376,398.3052803570616,391.3816035585642,406.0421491304058,407.3539090538929,401.85585052811473,440.3468942917123,415.4257982402747,389.82245504343405
P34AE_25,P34AE,767.3218579699848,768.1837248506027,757.3205887545835,762.6814596085782,763.088041508372,767.5083374704074,761.5546513254419,757.4351812716669,761.9036634979734,759.4028622274612,765.2486800586414,762.9287218102119,759.6021727278779,753.2826041945602,764.6883697583966,765.1310839674603,764.9832670199783,1155.4103634568946,750.5572735935103,725.4690076439057
P34AE_26,P34AE,1326.1298735514088,1327.8603638326354,1311.4773296666444,1321.1164443392738,1318.2615863474737,1326.6918064029144,1322.3052372552825,1315.79300775118,1315.3227407933714,1317.5661084357337,1341.7140674491193,1327.6871131731605,1324.1295963022592,1311.2553143046243,1323.0279040857297,1321.3290150561545,1324.1016880060304,1709.3179730132879,1316.9568823515888,1263.4833401493013
P34AE_27,P34AE,262.3129592659368,262.95543684898007,258.66660738477213,258.771250864668,262.5659751019421,260.7231834661936,252.34109778002127,246.7099350639232,264.49833160417046,255.45550849949012,252.7874552463183,258.4843242911822,255.6883254330377,257.9766426457646,260.5731500925122,265.2054793723518,258.6977891105212,568.6432445787283,277.51894198891307,287.5727975687478
P34AE_28,P34AE,418.99281289888165,416.46092945255725,400.908282024892,409.0349282452165,412.0052394460988,405.74708626903447,421.1820113506423,413.82119350567456,425.9905417767645,406.8535583506424,401.1782995398839,408.2507193015695,394.4372046548213,391.4054976132308,410.575741928007,417.5092475329538,407.5478134635619,485.1754811633115,449.1772750275714,439.6153200802318
P34AE_29,P34AE,318.9243652729043,319.86140578060684,294.0924917158672,323.64219642101153,299.2602086904696,311.2476735286604,318.325419904722,315.50097070815127,321.23419231827285,307.9069517055569,311.70538966948106,312.4933297216386,309.72337664822743,310.38031600308705,316.83320231268635,319.7125169840399,309.31921940300003,368.27979956984325,346.38347640090586,350.89850186704894
P34AE_30,P34AE,279.96001601150493,280.91143658795795,255.9621812354096,272.4505609391757,258.9823951899531,270.80727954027213,282.4608097519229,264.6929347155253,296.334328863233,260.6050736326597,273.724016931097,272.1488552633133,270.03662806349627,273.8340860459085,270.2308903132932,278.5751619008746,271.3911869075732,317.65364136146394,295.56164301057765,303.17863973807226
P34AE_31,P34AE,237.0401143446672,238.33143666120617,209.28349072788305,221.95140625761704,210.05746762741256,224.5075032862843,220.207983633663,200.08838996186105,232.9137262499489,210.1471786409732,228.0636432760759,225.96179006417924,222.6898415853153,225.90914245865483,221.67054550435853,231.5615343850999,228.9832711907912,259.26585491591374,246.39506561928937,254.26176407344906
P34AE_32,P34AE,1467.886328247732,1467.8939378041284,1450.213316518073,1462.9478291261491,1461.5155088821668,1462.4379126057167,1457.6307126252168,1450.889172522285,1463.2930286766589,1444.463717726591,1458.3193904677928,1457.8364093523144,1452.4139006271923,1451.4748855983084,1463.3728138079896,1466.2593992435532,1460.675226478172,2399.930330352557,1463.052895264232,1451.8506845824897
P34AE_33,P34AE,1166.2155712801605,1166.4606345003494,1152.441072097735,1161.990142549409,1161.7950736365449,1161.7461281485369,1156.284885585413,1149.7425584051512,1163.7186323931987,1147.152022715085,1156.9885295289375,1158.0558116986422,1153.33006583641,1153.048898356613,1162.4198060046626,1165.7887744136983,1160.0178480498405,1945.1450624706276,1166.8036409848255,1161.8963431493612
P34AE_34,P34AE,1213.44579536371,1212.7044217227908,1196.8660750674042,1208.9018221788615,1208.100507766227,1206.467404319828,1207.5990772446917,1200.4263816572325,1212.6938029447365,1193.406959902346,1202.3105904870415,1204.060146263086,1196.7668389621474,1194.7495506841276,1208.2752104826093,1212.2114469541718,1205.2219301346777,1926.8676224934488,1216.728650126665,1208.104141054673
P34AE_35,P34AE,1188.088709178076,1188.0533148827042,1168.7234864373183,1185.8335965036845,1178.5543742176326,1182.0694594626827,1180.7736106066643,1174.604308127496,1185.377410231048,1167.7855857397676,1179.0307450228154,1178.894139410601,1174.2791283254903,1173.768152757351,1184.0928378456858,1187.0970867042383,1180.228845099061,1899.8085507020344,1190.6136384961437,1184.9697934198
P34AE_36,P34AE,1177.7289601153732,1178.0648425307609,1158.542290865689,1172.4353361257704,1167.9667600241548,1171.5065548352916,1171.7810599216334,1161.6355285368245,1178.989520285693,1155.5015615556574,1169.0729890711527,1168.2408933737065,1163.8944428520394,1164.28096961174,1172.0802106930105,1176.4429472190154,1170.329930220236,1885.9430843722137,1177.2992554641546,1172.5624874922642
P34AE_37,P34AE,1166.0582697152408,1166.277402173194,1145.421189060682,1158.3997699727008,1154.4135086340852,1158.5122392486635,1155.3668453117198,1144.494106375441,1162.37419083496,1141.0109045729484,1156.3954863264512,1155.3068976374132,1150.7098526504385,1151.105199746155,1158.7602407192933,1163.4987188742016,1158.4530641746703,1871.0039339098446,1163.8357487209576,1159.09513100624
P34AE_38,P34AE,385.8725032950663,383.9221630616078,372.0437481374681,378.5714132450804,381.40616934740655,375.8359561244855,386.1592273712024,379.2613002984749,392.2248842988041,375.3885780767607,370.13980708407706,377.2668276373729,366.3052420191885,364.0730834531225,379.33501841715497,385.5673967681575,376.32347230619945,510.4372544108353,412.68644285094854,410.95581257630124
P34AE_39,P34AE,307.1854714955459,307.82320040062723,288.0644292574252,310.19279031870974,292.87719311343,301.1804449098402,304.67109405769367,301.3456623813664,309.8453675647545,297.28620701992,299.61517617885363,301.67428896725056,299.0182965717985,299.7887050761369,305.1852485259965,308.57027157675947,298.9710022143861,426.7488397955947,331.32201841290623,340.4511038123773
P34AE_40,P34AE,276.9483551993245,277.759441942099,258.55112367893577,270.9415621119406,261.84236079474937,269.8870745462389,277.1193055972724,262.4683072686602,290.470563005487,260.7352269411651,270.34524136422056,270.5253727283685,268.502824101585,271.6411481401204,269.37888650133254,276.8880813454959,269.620592488603,387.1498732222149,292.5053329871574,304.05493753477566
P34AE_41,P34AE,864.722459734657,865.1491272714337,854.6102853733141,860.9843626425958,862.0691354466082,861.2247878147233,854.9607089402289,848.6603027264639,864.0662854395717,849.8830660561005,855.6325893581931,858.2486508159171,854.1984633301643,854.6581775866091,861.6336408595631,865.4577747715949,859.4771270589295,1489.6324817162263,870.7700851744085,871.584956368465
P34AE_42,P34AE,956.5633658372356,954.9910305965476,940.362415718812,951.3581133794958,951.4721636656948,947.8380003402418,954.369874342151,946.6609655712898,958.7713582604932,939.6791919375996,943.4750926923722,947.3118456944698,937.9430786066696,935.1997561568896,950.4308923912135,955.3164328507172,947.2640046563672,1449.962628490971,967.5772068008312,961.5831502048117
P34AE_43,P34AE,903.8458920603728,903.891014258695,882.8064768666691,904.0489457803598,891.0139335688408,897.275740482481,899.0935037147075,893.718790189985,902.7893940175798,886.7006950527434,895.3729081128891,895.5720673207112,891.6305915215962,891.5422850625619,900.3550920594924,903.3802952164052,895.3626919893019,1394.584935226601,914.3558965684243,913.2451333724903
P34AE_44,P34AE,883.1270910979925,883.6640664546384,862.4458406792738,877.2412961445619,869.7516340380923,875.9955952726112,880.6981607465078,867.5603545135833,889.7459388544675,861.9554896527939,875.3453098401344,874.21582761366,870.7628750310549,872.3836956065053,876.1418555573828,881.892449704278,875.4410612943185,1366.8720764088591,887.73236586644,888.2649067524738
P34IP_1,P34IP,136.8656584056895,137.1214989755964,139.0462390188259,132.3763065319402,139.38236559810085,138.8688317993041,136.73048866074947,135.90924605306455,137.08141668236846,139.3031864526313,138.91569483440833,136.43711392529764,138.07133220511844,141.60819435063823,136.12414213182703,136.0996711449803,137.38107660923407,168.330857565346,166.2019613537702,152.19677545540955
P34IP_2,P34IP,182.7010701180353,181.7993124599994,182.13864718163344,176.3056600364625,182.4115213079139,183.34971536639424,182.2481635238017,179.179973143798,181.09382094040407,183.9763748159352,183.40415532705111,180.72523649633172,182.5548027425457,186.08491225854465,179.52134658106075,179.18293611803034,181.7489735810936,117.5845003928988,161.4485616369665,202.11104511786377
P34IP_3,P34IP,230.97085149669152,228.66510263554665,227.2849583611524,222.9861308510099,227.51549505073567,229.4535266857224,230.0099899767071,226.1450917939596,228.22481149147885,229.87148909753924,229.90617549914325,227.15684088130612,228.99824898411856,233.15539966400075,225.25496458498293,224.55572600903383,228.46699242877017,191.7049583889448,169.4872685813232,223.19242523506037
P34IP_4,P34IP,222.29501469498643,223.6121315412801,227.1173567927544,223.0083404196444,227.2694555511248,223.76627027028485,225.44546202863225,221.22259428947063,230.059064731599,220.0119794177252,222.9435665698967,224.53002158916863,225.22041334874572,223.62787845219452,222.5363665731105,226.32206076096224,221.70100642070383,267.45057385290556,159.60555811397444,210.94238923274702
P34IP_5,P34IP,273.68825146368374,273.9469357810296,275.47794776565735,272.18181413048563,275.6912307687601,273.3635837092242,276.1324890930251,269.6469838996595,278.95389486844385,270.6531985415285,272.76192699811344,274.1177583551668,275.44616673272617,273.6667478435049,271.7879347793517,274.78113087439965,272.0532649994558,229.8095978915797,190.62727096118235,233.33494132445222
P34IP_6,P34IP,327.90180258063634,326.53839417207416,326.4654790143294,323.9405331245958,326.6468610044744,324.71457905015086,329.27658484944544,323.9733385668962,332.48367884387625,322.39937569206245,324.9770690871134,326.05421614497936,327.9400701162822,326.3925725166374,323.68333619306526,325.5084298025111,324.93390644394896,154.28071508583474,93.03590350799519,149.9984584657117
P34IP_7,P34IP,129.1738097976158,129.31532830698978,130.37369061776786,124.54326917079472,130.9591344294771,131.37139880405732,127.59552269232792,127.0076885715508,126.64611999711508,130.6134772362974,129.73572357283086,127.70282549462216,130.2895799381249,132.31863144598125,128.8274275799833,127.3895536261341,128.42235178074952,132.00530993355457,145.84354417901844,134.4618142094237
P34IP_8,P34IP,169.58663478542158,168.10341988352056,167.62269510384743,161.74346640923866,168.05775168927912,169.52069295235668,167.72451642264193,165.57327294418408,164.70807555703735,168.5765668587911,168.51375968652948,165.97232033770806,168.46439012766896,171.2381054968775,166.24260134385966,164.6290938888368,167.426307100814,154.2575568757147,137.94411711896117,132.9564705086505
P34IP_9,P34IP,211.01963204566144,208.1998678977125,205.9339052707466,200.6678238643556,206.31805257729977,209.12128473714355,209.2493950005823,206.4687462791986,204.77909720109247,207.90284419478843,208.3338564189008,205.44151571745587,207.57825280838608,211.809805592354,205.0789596313672,203.24817538942864,207.6721305907996,160.16851989765559,165.22507336075665,211.7202706231478
P34IP_10,P34IP,203.043535451047,203.04580195251995,205.34034173746608,201.556353497014,205.67714426995337,205.88705070707337,201.60999551686524,194.48163548182217,207.59932890635983,198.85016222602272,201.3872978638946,203.01061479801547,203.71886974390748,201.9275663900316,201.58543605111964,205.065519821724,200.5999892895087,218.292049617731,150.0624516193714,196.16785327398998
P34IP_11,P34IP,245.45282136367155,244.8324029349116,244.9823887433755,240.9108770424564,245.25901663140405,244.73032640803413,244.0903591766135,236.33430624646965,247.80256347080012,238.8208766061428,242.6022048966648,243.623021495828,244.5675074660521,243.0000437069175,241.65593297171583,244.6569655304436,242.6408345675148,209.68644294605906,198.27108264651085,216.73095634844475
P34IP_12,P34IP,289.30511112008867,287.7151102954407,286.3705502007199,282.45387414072684,286.5245109679294,285.49263275726486,288.4885360535419,282.22183707594934,292.4261219842164,280.1257795416869,285.335843114592,285.8228306897987,287.3658416597402,286.4925672843864,283.61555990244443,285.7890287624692,285.7984061015292,180.0222128901662,123.8806999534139,149.5581172770951
P34IP_13,P34IP,224.024220589822,223.2222941044648,223.79878184992435,221.36372455873092,225.3970391304442,224.5393870427356,228.6464578857794,225.22790110533185,233.2371258076055,221.08578461117165,222.11648335502483,222.94644012390447,225.45382403157464,223.0636586426116,223.0921690335872,224.31344535400817,222.58360018891173,217.80222739206147,219.77595262744842,228.68739101408207
P34IP_14,P34IP,227.6025538325523,226.68901612758867,224.0174627520751,220.4475585930812,224.59522666356068,224.4358103289648,224.6727246483852,219.3091986135104,228.586945138284,219.72932354824323,222.63350359643584,223.47912858658225,224.5291231212813,222.91390633044333,222.43455981259947,224.10477410650088,224.9381452341057,226.06191177154153,220.03750511340274,220.42767508680583
P34IP_15,P34IP,203.7686019405107,202.48301907667383,196.4303787664248,196.80601729549164,199.68900170517145,199.2368998289598,203.9174638167597,202.4062462417907,207.59555073453012,196.88249620493508,196.6937433631384,197.0998732678351,198.9308790206832,197.4722158661397,200.01005575795148,200.44314610520613,202.0079496220253,205.50869581922834,201.08940230420296,200.69488606380625
P34EA_1,P34EA,7.373358057042968,4.890058778813523,4.620330357503676,0.1992636254785183,3.4583578238502164,5.661076720243028,4.615812665660874,3.264513746767018,4.650624193014377,5.648512349058163,6.097734207825807,2.7155301179670595,4.786744238382209,7.800618904004348,2.180258010588865,1.0439405115568374,7.18272393555731,-75.652300586226,-110.2213377117919,-69.32432383554189
P34EA_2,P34EA,31.176641051049348,28.95990114596848,26.86563364523488,23.25126347448853,26.08984073294545,29.33594241029465,29.87588576108662,27.385489664533416,28.182954432026207,28.63235349956425,29.351694090401924,25.8772365069962,28.077354753119103,31.87860490068857,25.280749532376174,23.74716557484328,29.66831506498893,-3.1126410817324692,-1.1509401561609849,3.1705475283988305
P34EA_3,P34EA,16.905227595523844,15.427689332722483,19.20158452221973,15.672853393393632,18.4050492844685,18.13180467668875,17.67423010182095,15.41361962902826,22.746015687298577,14.20419991162944,15.032424879935578,15.64123469707312,17.092379095848084,15.476510950001853,15.053618133958995,17.719164863222698,17.563848167285304,9.59733980379319,19.691689125103704,14.640747789912044
P34EA_4,P34EA,47.25435307784605,48.13359770395488,50.72902257139782,46.679596819235016,49.66028715226263,50.03365842711264,50.43963672524037,45.18562370668322,53.715517492300286,46.62023479936943,47.432652050908544,48.30687227154145,49.05313370890871,47.35343776513739,47.02615185304897,48.604845898102816,47.03121242830139,40.837469666200825,46.72538881111355,37.45554154932741
P34EA_5,P34EA,80.80260531768619,80.87870395624185,81.67836939958653,78.54352847777906,80.9247523585441,81.17680302230413,83.53682963319879,78.5918740663833,87.06339315605767,77.97473098616162,79.49026971702999,80.10884144828646,81.4266255253597,79.80483626302043,78.86561026542222,79.6584077429974,79.69905180122103,83.45755719874194,79.38167428621374,77.43748244779137
P34EA_6,P34EA,9.767022438790118,9.490195630287763,11.201008971443766,5.986305279740021,8.89042935408736,12.035562686413172,7.245157055738591,7.120132758372488,9.56631397277318,12.151935196908791,11.408605985457058,9.34002407902203,11.136219810512662,12.469525899353808,8.024846613388648,5.870107028658717,8.981705138358993,-123.81041763648449,-95.88706330325356,-66.59733525047602
P34EA_7,P34EA,32.851092351706846,32.01700493900535,30.775133883149028,25.633767035431003,29.455324707333546,33.55148203109738,30.41776943394231,29.00035166146078,29.56453218914148,32.28548028665758,32.45695183127809,29.70559939368888,31.672136901734167,34.5191487033105,29.19682801533859,26.851128324251604,30.4986422155282,-76.78996917021558,-56.68621888875396,-45.921070184470466
P34EA_8,P34EA,20.987540052269622,20.435558685270102,25.08284000984979,21.214123432187364,23.79246247163912,26.50759405836976,19.842950723402115,15.07938354740684,26.25709867690856,21.87832269495205,20.688887397493325,21.96448470305934,22.60803382128532,20.63002129850309,20.64054689142309,22.8608879481042,20.09162757048153,18.580409283624057,19.68729039123101,23.081288396825656
P34EA_9,P34EA,77.2072559005478,76.464678821969,76.06546350690924,71.89284013767066,75.31459420437854,76.57290406317277,75.44372473547867,69.8706808801077,79.1547961867571,72.0140570212788,74.42192420145005,74.59729044637572,75.90850544068407,74.675705285256,73.01743142985457,74.3954556635817,75.03210480998699,75.53881793516082,73.19838896772556,72.21105050182398
PA26_1,PA26,167.2001265217166,168.91573616877582,168.52777529889588,169.65564131202677,167.58216752997578,168.30292924168933,168.51515288307428,167.62077128530987,167.8264022493934,169.0856625340555,170.67196293532805,169.9515371921723,172.67449639481777,170.68540123895727,167.76274517831007,171.6394477552872,169.04800503664632,166.99926679951272,170.00157228081943,167.94857446209247
PA26_2,PA26,192.90014600741463,196.0239075593425,198.64397077047963,197.81992664689383,196.40703980655783,195.07604765891875,195.49166688737336,193.45139438060053,194.1496261176701,195.8293550867365,198.2699980280243,197.97941213303727,200.4180788587388,198.5005420595014,195.10222860917247,199.2087556525213,196.09649150427475,190.9551452472992,194.8305363916757,194.76412297039823
PA26_3,PA26,209.2001582854729,212.9293835231133,216.44728885849784,215.0493510508534,213.6023728130648,212.1336125919157,212.17919964916985,210.19886659633443,210.586766597806,213.0018409125619,215.74731176658656,215.61884871730345,217.73129002193068,215.9903707842544,211.74671855086604,215.8267552190016,218.6909728534574,208.85651707548524,210.61586753232595,211.50216629673506
PA26_4,PA26,219.20016557933937,223.41186026120764,227.7732306991597,225.9259711959832,224.3424339698832,222.8705883474033,222.71919930230465,220.77656708139435,221.0546156508292,223.8097186497844,226.8755199126438,226.8170060347026,228.6395403468577,227.13463620749343,222.00699054467665,226.0474961867307,230.7648857406213,220.7948838846456,220.65782103254494,221.27209655056024
PA26_5,PA26,211.90016024226665,211.5124856422038,211.2944923022195,212.80114920103568,210.1630013551097,209.2638046888998,210.76511232045445,209.796709140372,211.0756541462284,210.87317340519743,212.9978881048769,212.23592280331832,213.4275873909251,213.42251849489304,209.4136612304147,212.66063382830524,212.31608745426965,208.7813964588012,209.16019116943514,209.0527380395899
PA26_6,PA26,171.4001296353413,171.44628207864886,171.10474009257936,172.34285851629613,170.2348291052741,170.93740226664357,170.7403774067281,171.17747697475968,172.24953060099006,173.35249741469346,172.92325238275876,172.24867197977366,172.83574361381605,173.40142928571424,170.02431279168258,172.3953400201482,171.9901941331421,168.74875661730877,169.18558459241214,169.23093181069686
PA26_7,PA26,157.40011904742252,158.42647831226608,158.7036688880052,159.84296969252915,157.60087940847825,159.051274686361,157.95274022308004,157.9002498085771,158.27212629288158,159.5585802026013,160.98942887412866,160.3037701051345,162.7090775486703,160.8660126325601,158.2748401458566,161.52213955068152,158.53663155815082,160.8924708021741,159.50269338672106,157.81699177749428
PA26_8,PA26,156.90011824347258,156.38566351182106,157.84637655148669,156.75752870092288,155.27796257837198,157.39213963696193,158.82858650874743,158.25452352260754,156.41272391659408,155.2531430726253,157.12612939753984,158.07539956272296,158.04027917524098,156.12105782746033,155.257549130422,157.543397658134,157.236778673931,142.1501312209898,152.28942932223083,151.83629595389064
PA26_9,PA26,192.800145470119,192.49999036942032,193.4185652811899,191.49770657233384,192.63814203947788,193.42291160005297,194.04444354437945,191.4874169856853,191.56748054300715,191.7094871919979,193.0877923617276,192.9254992727238,195.35764008810173,194.0470985369587,189.3677470857122,195.39438434459908,194.6249626749012,186.95920154660467,189.43915223041517,190.16165472576796
PA26_10,PA26,174.30013141170747,174.0475628644532,175.15179373324767,173.0842325337117,173.40437588194234,173.92880895552273,174.18901674037275,172.6511382959181,174.27406761744822,172.93523655868273,175.46670547225176,175.26563568625733,176.21313621200346,175.12444492507422,172.17806618251728,175.8244863994651,175.31602617356197,173.30490243119172,173.0412358866394,172.61394193162937
PA26_11,PA26,137.80010409883437,138.07443982021735,138.50433702275893,136.95542212994494,136.71230613438092,137.5890199519156,136.97398122464742,136.3272428522652,138.13546153978857,137.7120524714324,139.33092607375983,138.88056792081835,139.33487486536606,138.44803524120698,136.50397857383768,139.15718143884644,138.79558476953346,131.08237016206218,136.5640904461208,137.0636408608909
PA26_12,PA26,106.2000805231083,104.43129434269446,104.96139068927322,104.55601385869436,103.69243965030836,108.36657518007526,103.59719720359958,109.9441118467776,108.93830734501634,106.35486138247042,106.8945524744094,105.39654391116244,106.530004736013,106.037643671657,101.87163299724584,106.22888170194491,106.15908496960505,83.21763851860742,93.02221509622531,95.3182288165626
PA26_13,PA26,120.80009119725376,122.59032245120908,124.35471656728662,121.14479219148552,120.5295541044398,122.99292995697236,118.89055520659024,119.94643515257827,120.71320811799448,122.90281777676684,123.60866885934064,123.49460263441972,122.99426272434646,122.42459500221965,121.92741428921272,122.9232439003669,122.42682065277008,119.16888580137004,117.9564624408256,118.9844233967666
PA26_14,PA26,191.90014502702425,191.9514475660724,192.10017942236755,192.1479813370841,190.93059243785328,190.5941490917607,191.5874716143097,191.0112872069037,191.7357158957455,192.58498665317816,192.85236084720785,192.87139377430768,193.2724458723393,193.3544070176652,190.4243457183481,192.8818289431128,192.24355344964093,190.32512050042052,189.73743936110162,189.81710929414808
PA26_15,PA26,190.90014404663376,191.3606655940347,192.13170236079907,192.66610436363567,190.84294059673863,191.43006073726409,191.0928990183108,190.964556074362,192.02828660318264,193.03305000398603,193.77690387610005,193.1383131494686,194.40410166620043,194.18032965421384,190.6218826887264,193.06119499615687,191.38410668230705,192.24258228451788,190.37277492599424,190.1269684100493
PA26_16,PA26,218.20016459894893,218.1427727707256,218.1076200664907,218.7239937573929,216.7256393227512,215.3857557423681,216.79103352832487,215.89721097874923,217.36500853761808,216.7010390060786,219.32977684544628,218.83108314373192,219.77830888308893,219.5715731257808,215.77380421257345,218.93538362691643,218.9412503347544,215.91087457273625,215.24631697391348,215.40938709591546
PA26_17,PA26,200.4001511640598,201.7293518976481,203.8226726120981,203.4971534529764,201.9967984435184,200.64488048644031,199.50392199018776,198.84950227431108,199.6950604346919,201.30490379912808,203.55913689352005,203.2916004883303,205.23627205222948,203.33379391159232,200.7934264116685,204.73130808758364,202.2806298497505,191.5928840169465,199.84208284387697,199.42212621457574
PA26_18,PA26,210.20015863835388,210.4820840240343,213.56746308048267,212.3288945442576,211.3423500652727,210.91814556597964,210.48270005011923,209.9875642643485,210.808045953931,212.77854831780857,214.53239789018065,213.5855348513876,214.2979822507846,214.1120063267026,209.45405821961972,212.01524918213536,211.0513929902472,208.18682303055783,208.83678290080294,208.90493346906032
PA26_19,PA26,188.30014199962625,189.14358997114624,190.04310472191816,187.55629132781343,188.5775260365192,188.6585145427977,188.44556807326217,186.9903370818381,187.33132391025785,188.4194559607511,190.14590024915924,190.25797802202803,191.51149910504256,190.4808978133932,187.49054389717548,191.0601716382088,189.423364467126,189.49247528703316,187.86711223765167,187.40037389208345
PA26_20,PA26,181.90013710564827,183.19328309011888,185.69518300422445,184.51717327381888,182.9068595910476,180.51413810497976,181.43730990018508,183.49220444450347,181.40080723484857,183.4362490481564,180.55156364857052,183.60173082664585,182.9022596328408,180.9523851368659,181.1964330466965,182.603896008914,183.4344941175472,170.5640782670957,182.78435964398997,180.39821759805352
PA26_21,PA26,221.30016744990644,221.4124273260383,221.5475190088975,222.3929554951512,220.06500917661552,218.9297096235165,220.54118451263105,220.06543669887893,221.2993945464989,219.9417590368174,221.95625583896387,222.0276896977149,223.36662078143868,222.5670289444765,219.29373558777613,222.2394877620792,222.0835321240756,218.9972910369135,218.42566572967374,218.76663169019986
PA26_22,PA26,219.60016584599367,220.3340801562964,223.65483720068744,221.7798980035812,220.7982182917829,218.74474493095863,218.00001925995272,216.85825592000663,216.46223017280104,217.6036244744473,221.1386948922661,221.7819593094547,223.72483017216973,220.9224646028944,219.20807935230667,222.40436493519945,220.44959418610568,215.54607706120228,216.07256768053574,218.64957832420296
PA26_23,PA26,192.90014600741463,192.9995407470548,194.9678350933829,193.6865841784553,192.4744708768744,191.99353914457515,190.80725733321853,190.165422257168,190.23230033438293,192.1019486226025,193.8183680705988,193.6954191353732,196.27289472177063,193.51115938692988,192.27196327841784,196.2491256668679,193.5177440910626,193.49658429600956,192.43662231599777,191.95396294039307
PA26_24,PA26,210.70015944230383,211.097882288806,212.4165218497152,212.0813386054226,210.67228051411945,210.7029851174394,210.717422290712,210.5267586825848,211.2784399196053,212.5205909701921,213.44342083549128,213.2774616478347,213.7852361019181,213.56458099222937,210.0005348224507,212.4265151891065,211.17434455918692,211.10138308895196,209.75376253400873,209.08110553428048
PA26_25,PA26,236.00017803383813,236.30382905253947,238.55753434870144,238.3066841734189,237.22828247313825,235.07533386317365,236.0060756816144,234.96694252016377,236.59781699009943,237.2454312402312,239.1066269758715,238.8201471891679,238.9166520593856,239.11620728848607,235.1479183860633,238.47674513952867,237.04329600217983,234.237152306443,234.13079461059934,234.41367811676778
PA26_26,PA26,235.10017759074336,235.5722134977364,236.91574115118013,237.67526763713428,235.8524624919079,234.0599858835771,234.6462693656727,234.22871539999025,235.2155079962439,235.9342013739772,237.60328408008303,237.3357555814933,238.2956747707101,237.93173502623924,234.22971420683697,237.6835899188117,236.17764398883472,233.826406004069,233.92088363837027,233.45629479505573
PlatonicHD6_1,PlatonicRE18,144.95999410046318,144.44877035237934,126.4303125236107,140.87515221578806,135.01785905609282,141.69898110359978,139.84090038778447,131.49157502596566,132.95082251727268,129.45204015653695,133.37711605840718,123.72937670720349,132.763232450505,140.5337972275796,141.36687171445377,140.4881619776117,143.83434293722013,145.15472436279518,140.84557527165865,142.7160223873396
PlatonicHD6_2,PlatonicRE18,153.97999349329226,153.42979695157368,133.8631550902724,133.96669591046714,144.3226251974199,150.9736840819848,159.073252515508,148.45498310356157,149.282312553051,137.86208935920513,141.19986766080697,130.13237682940195,139.6055518927249,152.80885505435083,149.67045910289158,149.9235938520686,153.0335194675793,150.2953216602343,150.17166534925445,150.0800726094821
PlatonicHD6_3,PlatonicRE18,171.14999306381046,170.81152769410383,149.63316150852768,140.00583579357473,161.655265685467,169.60100789003704,181.8641625523407,172.57323368504564,170.43655143835215,155.98781077084124,157.36212874544856,145.86002773865007,155.584435318958,173.1692193421125,166.1692549617559,166.5601134822681,170.12438560478958,162.76110111505878,164.89833087291075,166.1098208776045
PlatonicHD6_4,PlatonicRE18,151.22999346413383,150.40274477543736,127.96353171016268,121.85848212233554,141.40848600899034,151.32701584147136,161.54645460141435,155.10502071627144,151.51509360863818,137.3986008844123,136.3194041921114,124.99352949485954,135.22292042983648,152.6035445594123,146.68598269147003,146.71288891738325,150.17258675314068,149.00900697608392,146.07330821776796,145.64803269108288
PlatonicHD6_5,PlatonicRE18,98.92999609277771,96.94780655326976,76.06510927777626,81.35565163096857,89.36488562022714,99.7656165740598,104.51334221057476,101.0571543770028,95.9343213982804,83.84241771092418,83.53417777809806,70.22535720414301,83.10768142584908,96.33313680145125,95.47424619820794,94.8980539471948,98.12264856231536,95.49926673593143,95.95271261969208,95.73860029892792
PlatonicHD6_6,PlatonicRE18,73.89999671045986,71.48823815612049,45.8219795580766,48.851701285236125,63.94200845458665,84.28421738765167,87.43616208411352,90.20333949517232,80.62798606028396,70.94638316059392,56.71635376627125,46.573303930323824,55.47896708120428,76.69100046794516,69.04348226656506,66.86847117660012,73.0388793880361,83.02649958022731,69.06981205002985,74.35710741181072
PlatonicID6_1,PlatonicRE18,121.449995229424,121.4615631783092,114.93260753470618,124.47732815346244,119.86956800307696,118.51127611847146,117.95114528595552,110.6062572710127,112.77786330643028,107.8748226743922,118.70250755998768,108.85375759699912,119.33040922747988,120.82718197347752,119.41724518073336,120.32063499070766,122.4129107839506,123.16998705332853,119.90823952925237,121.66339828838434
PlatonicID6_2,PlatonicRE18,118.71999518222282,118.94898619052196,116.6165976068978,109.3699598170857,121.6001886180388,116.19212660423882,126.2386198626932,117.12700647131044,119.02287373675176,105.49626313589884,119.18795491324904,107.81894816409542,119.45631705820506,123.24893217325122,116.74601930238232,119.6723033717839,120.901371237675,117.31821569607625,118.765661735666,118.50113646104926
PlatonicID6_3,PlatonicRE18,124.13999468520126,124.83711334596354,126.63775153071866,107.21018766906616,131.35868357957793,123.22559791970907,138.08465234868277,130.80259817513968,130.09063301673868,112.8333758064804,128.01291174860953,116.10878951831272,128.71878887283643,133.75598883397973,122.27000189431509,126.22505950846003,127.28152129832183,118.79162649612545,123.0236593880982,124.00457267977794
PlatonicID6_4,PlatonicRE18,92.4599962820252,92.93472684013712,99.21926923777654,80.86392196662848,103.5377583768074,93.35775337877544,106.82206684698464,102.89172632906735,101.0826955816392,83.4555571787829,99.63288294620529,87.80448171942,101.64086237218451,103.33700642417496,91.81191635709769,96.29407145019454,96.61900636968149,94.04716370220751,93.7299688617313,93.01647244361092
PlatonicID6_5,PlatonicRE18,28.39999885215074,27.986185031166325,41.57199431102704,32.1621794442057,43.92001246146492,30.20250161842517,38.84407690494519,38.40120111235788,35.415443765681864,19.110765264311578,39.51035228298216,25.59849987352996,42.80921175680942,37.213291039252034,29.62536659704671,34.39547298648276,33.85835210250673,29.545054807615323,33.140705392515194,32.58072800206223
PlatonicID6_6,PlatonicRE18,-43.63999828126682,-43.44779771447995,-11.666545386695663,-33.137419026178,-11.799446809779257,-31.654307537740195,-22.01261342474593,-14.223249279235846,-20.23680999371401,-36.93970425066488,-16.656688725541002,-27.80479162055526,-11.685149034099611,-21.84207580281489,-40.70465040246502,-33.969163757777295,-34.06828137859697,-26.897186967525503,-35.616866661707896,-30.906013082797646
PlatonicIG6_1,PlatonicRE18,230.5499903050816,233.11739128962463,235.41679138644085,241.52271578517,239.08567280299755,226.2254108731159,230.96782947381053,218.269902989838,226.26229556626075,216.13714443447665,232.75297695974945,224.16066261030355,234.5477371378168,235.76885087054745,230.5782537083004,230.13119820047643,231.79702730005167,233.330516176265,228.5928412881112,229.3292292519464
PlatonicIG6_2,PlatonicRE18,282.3599881184853,286.4327283574416,297.3428733844731,284.9380412646024,300.42434581790184,277.7633287361965,295.76364614449363,278.622475049468,289.2495221265777,267.88974577609685,290.2636590128738,280.7793056840342,292.2823089237014,295.6614355188293,283.4875320937418,284.3881481864014,284.97754601184454,282.5590093805334,281.79256437400664,279.99988290637134
PlatonicIG6_3,PlatonicRE18,342.3299861005568,348.1487695685587,367.6061192342237,341.30096293248124,369.79089317941913,338.65386742896226,364.1180207243215,346.1298896127545,357.0594975363996,329.35801932668494,356.11385054813303,346.72259954492154,359.1534446935458,363.6393266280839,344.59201894944914,345.8461859279619,346.04975433052414,339.11268474204036,340.39286290589973,339.3362346068601
PlatonicIG6_4,PlatonicRE18,365.1999849214548,372.0742971184435,400.4297288672827,373.4773910459597,401.5780203765376,362.6430902652528,389.3637773166401,372.05084062605016,384.79377623106376,354.11136157904747,384.759056445574,376.07174425269886,389.6841821480713,390.69117866682296,369.7144376761312,370.82047947449166,370.079297660077,369.4484865096221,365.44147325895176,362.1810498524951
PlatonicIG6_5,PlatonicRE18,355.69998533414247,362.9536693650769,403.02454586621326,383.2983423392035,401.56832686115536,353.3449058824476,377.89412946854605,361.39213826878006,375.8687405452624,343.89773054470754,381.6617604822674,371.5192149134076,388.4611954878022,382.038297730444,363.108392179837,363.82716261578906,362.0107016508816,360.0266421765296,359.19451066915457,355.57822089279034
PlatonicIG6_6,PlatonicRE18,501.8499789885709,514.8313428423469,590.754373872388,552.0895191324132,584.2810771895383,506.9163662352144,543.0708075144937,524.0949793145157,547.1853513051351,504.3719045497929,553.5956582730537,548.7297334460739,564.4014905177452,552.8662686826951,515.1003922357446,515.0836522909595,512.8523012021228,523.9054586473876,507.8061421326491,507.4231417348868
PlatonicTAE6_1,PlatonicTAE6,793.8999671504718,795.6522759988695,787.0903962354225,791.6080813541308,794.0067325536625,798.9633605494554,799.9892993202016,805.2723682865765,800.1141184846891,802.4488405250605,811.7573444266885,805.6939700648795,801.165418113591,789.7567799368853,797.5354323697509,799.5183574759568,792.630322147532,1100.7657649581288,792.2026435690192,756.8474360731681
PlatonicTAE6_2,PlatonicTAE6,1254.3199483740889,1256.721772575282,1236.417908048322,1264.758154444322,1249.214262217097,1260.0198283976604,1250.6720470465336,1256.6909318651624,1250.315098949865,1259.989231663209,1276.5018230667745,1264.0026433287314,1261.2874239534192,1242.627010692311,1258.682997023344,1260.0861853282752,1251.663478159531,1718.5854123210572,1249.40066291171,1199.2651150813003
PlatonicTAE6_3,PlatonicTAE6,1706.5899294200167,1709.3905650084298,1677.408256009503,1724.9606313461202,1696.3939175339008,1711.7236754161802,1697.796236863703,1700.9546529400743,1695.6933305655002,1707.8139505923891,1732.906792224743,1712.9866658054443,1712.27286580927,1687.4119349867815,1711.6353532066537,1713.4529254249046,1702.8049445646432,2329.079877526747,1701.1981068083612,1633.0170960433688
PlatonicTAE6_4,PlatonicTAE6,2196.459909176049,2199.849871102828,2155.8382401873937,2209.3496018022474,2181.152993015157,2200.3288382911755,2188.0290446684,2186.8048375650123,2181.1472588962934,2192.3536008197952,2226.5167470204583,2198.56483743525,2199.59870598044,2173.122898351768,2200.56977751906,2203.3034097165823,2190.989075958882,2965.7922163263624,2186.5472388838743,2103.260613460312
PlatonicTAE6_5,PlatonicTAE6,2718.2898877101684,2723.35533250037,2664.497016999377,2716.094049078645,2697.7088892088423,2722.221408385266,2714.9772569135084,2709.234675560481,2703.2605016075872,2711.860224333904,2751.8692036770285,2718.0446831121235,2718.678270266439,2694.5385946918364,2721.232666054335,2725.1215044135643,2711.271346691869,3642.2622012266515,2703.1919439022786,2602.951775082595
PlatonicTAE6_6,PlatonicTAE6,4621.459809215458,4629.016993600196,4521.781564236965,4613.564466564001,4581.1809495938505,4619.027490877642,4611.714836455585,4593.616377067609,4584.696718949579,4588.558020247893,4668.955948659012,4600.543429929823,4614.164285739276,4574.761885354415,4625.468038154637,4633.164126091188,4609.284446035796,6146.575947024581,4596.171282153003,4423.460184890728
RC21_1,RC21,23.430017768494427,24.70285503637559,24.547584405886298,26.21710674510585,25.76454396313289,25.200849504284204,27.10687953678697,25.57850001700044,23.94244721335352,25.36482074190962,29.31050537260962,27.566590279197428,28.58962945416233,28.14626470605429,26.42547383877376,28.863438632361817,20.15302722265331,24.977113216546982,26.659205626062885,26.467800286397477
RC21_2,RC21,26.66001987466453,27.78272587738501,26.602655343095662,28.93001594427764,27.78655857976237,27.529267333444214,30.05563409298298,28.46612385525069,26.818280964337184,27.538690643240106,31.370700803179453,29.58170436238993,30.728305925897537,30.74720475422838,29.10980726049293,31.370734437690043,23.36444810061004,27.070140056923826,28.73618008081686,28.98073180830498
RC21_3,RC21,24.74001846922209,26.99233954222965,27.329825181549023,28.599410444343448,28.099226658626872,28.420506489265247,27.546369037400773,28.137521867552696,27.51588406238813,28.10098776396997,32.93679590140842,30.823923435013764,30.60813422205331,30.775153022186228,28.67570612099638,30.372472662570352,23.050465279570577,27.08279013781176,29.80158698530094,29.44701045452647
RC21_4,RC21,59.44004489590566,56.95474699992844,56.19229029571472,58.03099088343063,57.48842040151357,56.638647448248506,56.2849993611731,57.60585497177156,57.0676867198375,57.443939392462966,59.69211796167839,57.47423253781685,55.05207728067201,58.57758125379771,56.73526545848162,57.875563124556045,54.78298951324808,55.73575016935872,54.74127157575109,56.53517510816031
RC21_5,RC21,57.93004374809611,58.02875569468037,58.73878429608038,59.605801084222456,61.22235829803317,60.058994513223645,60.61342655572886,59.872464561,61.0457825286312,58.67720610115901,59.95567344680651,58.408017024235605,59.06391898018461,63.29648801578339,60.399566557874046,61.64204303490251,56.42802712812447,137.4393958954217,58.62978246228958,59.74174384098084
RC21_6,RC21,36.56002788625429,37.18336737159622,36.997045752519696,37.602408660221165,37.548104680592125,37.12624035233018,38.47493466777898,37.40093136959629,37.27909350258799,36.75927663972336,35.44175272792347,37.11323892081732,38.00442555408545,34.91593894528131,37.67608002951178,37.88245697686629,35.18486776578517,39.655263790050874,43.34864394886074,43.40985682427459
RC21_7,RC21,17.910013335653986,17.428340012626013,20.94923681121771,17.7243755764121,19.66397291045159,18.58555050232757,17.189593993088803,15.496757104097236,16.613298830254813,15.666348002808832,15.867039400597,16.269459720287603,16.7304569825967,16.885801722011166,17.350327595574644,15.792727908891328,18.23844189982788,19.110602214560117,19.794468272056033,18.887559348696307
RC21_8,RC21,16.800012454498727,16.770610937347865,13.857679704758034,15.496074938528327,15.307241712840476,16.365629061220787,17.374029381402682,16.270572608305972,17.14595974530115,16.57213640503473,14.976276963741675,15.107905108054249,14.819123993037657,16.43906210242241,16.182750837642917,16.087389352395455,18.09284605666636,16.65351824231034,18.75834997207985,18.86659888950859
RC21_9,RC21,49.85003785967208,50.00756476322776,49.19109530653037,51.13395995688884,52.30394114286282,52.451621858032375,53.30943339595277,51.6119223143697,53.46651018694906,51.48040492548512,51.112942907638406,50.00156225863217,50.10034938085536,54.65452417548081,52.428685257269045,53.67591103973204,48.13801851184926,137.7793753161583,52.46256301505463,52.67584760333312
RC21_10,RC21,45.16003393307605,46.47223254849711,42.70603558216728,48.98063678656731,45.71540943606544,47.587068013641925,49.86134639614608,50.10698090097304,49.10575991666481,47.31419376180829,49.867998624084805,47.04333092886432,48.22061350132926,48.95900371120965,48.10522768674095,49.71744780609278,44.50729506159492,52.28085736017658,47.23478118662744,48.402650556352235
RC21_11,RC21,22.240016959510207,22.31156207567788,20.345231959532047,23.465626044600743,20.94121818141212,21.481600851539632,25.51279814355631,22.84116262703576,23.40698861005057,21.84153319501232,23.92072051355675,23.764887320816435,23.14577461376594,22.638402205025795,22.418646002671714,24.062337290935865,21.99670086626668,24.314114972256426,21.66399131113655,22.023656985931577
RC21_12,RC21,-6.72000523280328,-5.311441493475269,-3.500486299890796,-3.3549365441588863,-6.517653570460234,-8.250852245340136,-8.733081478975846,-6.758393815168458,-8.554779807520617,-8.787617386107858,-6.507836749521969,-3.8673860065660897,-4.564574007146976,-8.027861419918956,-6.302025125438107,-5.610594775327175,-9.080583600233412,-7.181306210629758,-5.263625280300678,-5.734785049675479
RC21_13,RC21,21.210016006183903,23.135075639991783,17.478316247709625,23.41841712633498,18.813182576111323,18.99599189914101,19.324455207240447,19.699416528080388,18.97390745618466,17.383752075952177,23.71833735025597,21.238391859088377,22.9152383006638,23.394808337403088,21.00293166741788,24.394668755670786,18.91461279521028,19.875350382910046,21.174713221212524,20.70830397474757
RC21_14,RC21,22.030016521449703,23.327049550632005,23.12643514829277,24.67438442953736,24.334478486201444,23.688903077117835,25.508761437873297,24.05787174524948,22.368481765801,23.68313990457743,27.71082703409973,25.94967174541092,26.97005931633686,26.35574812354397,25.02729180445301,27.49635508903366,18.51169015481182,23.36628013173439,25.667345177447725,25.01689433142462
RC21_15,RC21,28.120021067580968,29.31781171641134,28.34170253176246,30.40173644137361,29.26983384807276,28.944533375972945,31.508693525113085,29.920166845698112,28.196559904157503,28.8188322468834,32.92518239529347,31.107721183496512,32.025837887857044,32.209042792865155,30.623570578618203,32.88035424797754,24.59831828706974,28.06249225539442,30.45300654213376,30.484751282417722
RC21_16,RC21,-0.7300005964582198,0.4736142815509929,0.2805363307421692,1.7943357933983073,1.8013130712447372,1.426937718739966,0.2438228849748184,0.145117966461637,-1.0400550983882122,2.462777082945077,5.9773434404250105,2.3989096079611465,2.982273351231895,5.279488146310059,1.5926877574748866,4.168342123118936,-0.7670237846978741,0.06331075788501822,-1.2499519574056628,1.0009090965109675
RC21_17,RC21,50.66003838395925,51.48787322950107,48.6497413772455,49.89225663433884,49.21536078414665,51.34339620121354,51.43316193350671,49.691989934980015,48.87876338448439,50.52403311006081,54.62507295955204,51.05906124186015,52.62071445148624,54.50787671739195,50.81819361277389,52.50811747726911,50.38527324026128,44.83998927742093,48.03337203879668,49.03087841577039
RC21_18,RC21,30.38002279380597,31.123958555892177,32.68114559237363,32.59591970287688,33.697601690947344,33.618725946354786,33.26198756336758,32.11816329402468,31.08563661506277,34.957779645459965,37.25967917524509,34.26722730658861,32.61754832292248,34.87475631424335,32.99372638469539,34.451539263806595,28.25378313815332,26.426488770122063,29.498683948646175,31.31110998936761
RC21_19,RC21,49.73003734041916,51.57988412791657,39.421703391980586,50.63190180040319,46.92005292762096,50.49418135486514,50.88231485260567,50.400999523767794,51.641103826710896,48.928235352917376,55.03119031406717,46.99488136162732,51.25555604450688,55.21479080105371,51.243675846885736,55.04969650973108,50.73103096863768,53.355372799111926,51.54098214167806,52.196708941754956
RC21_20,RC21,32.81002499417699,31.90128208908743,33.449612017563666,29.69489301529117,34.19700642365541,33.19114726580916,35.07477797111333,33.70232250747768,32.20086326961711,34.38411067253248,39.35444077694599,34.58854133649281,33.53045149033975,38.96873586637451,31.49487689599397,32.74270031845371,31.995068366163554,36.42015833085236,32.25010591801708,30.907489747568203
RC21_21,RC21,126.56009541358108,129.2076429749242,123.19078450988272,131.95412688023842,129.99892388759292,126.87666766814966,131.2134621995375,127.04435652288976,127.8462747879128,128.4295149118404,137.97804432486438,130.4458211375211,135.01294364887966,139.35368057129662,128.13839274727263,133.8806245147666,126.58059509575004,121.47944867531952,131.86220210763335,135.87636833501395
RSE43_1,RSE43,-15.300011297667808,-15.210394096913053,-17.336252369805514,-16.285767812961147,-16.368231656778033,-15.966539310827212,-16.19470991317692,-14.819792039650034,-14.542511981059182,-16.614771720525017,-16.407748626628326,-17.408743017314716,-17.084229065590115,-16.362387347317224,-15.429834348230834,-15.800059478622812,-9.497760466601576,-12.23357700793639,-14.850234098390727,-14.324259857506114
RSE43_2,RSE43,2.000001333271402,1.8300762857604376,-2.760885184992933,-0.1245746868208346,-0.5917782061120767,-0.1047250561275646,1.310577381922464,0.9159543694777954,1.7887424877211382,-1.750428641756819,-2.070134678633338,-2.967491047822521,-1.0750780964185294,-1.1498734606561496,0.8357937992077044,0.5070984381100836,9.638933609194313,5.443030624341541,2.2824899082976895,2.460522928259987
RSE43_3,RSE43,6.900005070418444,6.473635161400968,5.88086674534161,5.452861170133451,6.284015540788534,6.884538216924739,7.296419496938207,5.504144821157275,6.831712649605144,5.527524506393557,5.331881547838061,4.947891495147577,5.887813149714902,6.100567726852945,6.867441721278296,5.892151436456038,8.582214676056767,7.768078910153411,7.183483793013955,7.699896215945878
RSE43_4,RSE43,-0.7000006235223594,-0.8573390231470108,-3.395181738578882,-2.080929912504768,-2.169850577680289,-1.528638179201994,-1.7915426860693588,-1.7673482423486169,-1.2835652953495142,-1.904953226240894,-2.522797360252143,-3.0559773509108474,-2.140026119143425,-1.5952229583373818,-1.4596027870378816,-1.2759323328517778,-0.6612229459108546,-0.5239512011280595,-1.2944772814046146,-0.5934796376266612
RSE43_5,RSE43,0.0999999097862016,-0.2256540383874874,-1.4008970168240595,-0.4582179601050025,-0.91492732470016,-0.4558919080304108,-0.4879651722649204,-0.664132621246343,-0.2673603260814091,-0.7692927924859105,-1.095106441771294,-1.242841311020746,-0.8322264078713046,-0.4637468205861793,-0.4974558137894792,-0.5872607026592388,-0.0245905777158253,-0.43007680223034334,-0.2691064559934561,-0.24809619275733422
RSE43_6,RSE43,1.4000012470447187,1.1019065109632566,0.0162166018180949,0.9800963798871448,0.4639555302701259,0.882221844650551,0.9721382419374396,0.7676852386513643,1.0780647904685683,0.5949523372787051,0.2714053776645263,0.1874456140235328,0.5715550817311082,0.85084260586706,0.8399501081996815,0.7433046130693973,1.221524492264589,2.4530381357979323,0.9709231042833304,0.8541978456603141
RSE43_7,RSE43,-3.0000023136618403,-3.122836414775496,-5.407335357809031,-4.3203382837408455,-4.197075719158257,-3.5424290330938493,-4.305368856975219,-3.907734426415692,-3.311737850756624,-3.853127171476215,-4.325727648864429,-5.065188138778313,-4.149065220279739,-3.654621828602525,-3.703687986648476,-3.418988632452048,-2.9044840519513566,-3.376986514124729,-3.6071879375650036,-3.567716064787327
RSE43_8,RSE43,-1.5000011568309202,-1.7542223130171402,-2.758650372765519,-1.898487431381224,-2.3010396535452067,-1.922412924343011,-2.05792227750704,-2.1524676239207454,-1.779431062872612,-2.1525847171916053,-2.3929365335233124,-2.621618556125548,-2.235530739279208,-1.8331728567630312,-2.035883203519512,-2.08057380073842,-1.546326511647787,-1.650005995923779,-1.6021043811737772,-1.877969049305533
RSE43_9,RSE43,-2.000001333271402,-2.1983135288599414,-3.2517253546613136,-2.7250717760573235,-3.013573649314788,-2.7596423397350143,-2.558851105235881,-2.504089671186921,-2.4549458274549654,-3.00798517543979,-3.197774725618483,-3.3545312357883814,-3.05091661261185,-2.7812823177086066,-2.626650993875341,-2.7383896606363987,-1.9265354513744264,-2.4670636268864254,-2.969994675861461,-2.264281795570483
RSE43_10,RSE43,-17.700013525102964,-17.90808518729072,-19.89609387324488,-18.865819263043534,-19.138327488591848,-18.47926922270934,-19.271596005410263,-17.33927991478254,-17.21681798962087,-19.029545458202403,-19.343612694964463,-19.985221428383568,-19.72040251569065,-19.67391297428305,-18.281867731609832,-18.643984561066013,-15.45280055051848,-14.837181821173738,-17.72690226411991,-17.516033932528856
RSE43_11,RSE43,-10.10000783116216,-10.341620815985369,-12.178909130884726,-11.162294837185147,-11.40443248270184,-10.9112539617677,-11.436424609984735,-10.810590899942554,-9.929899990145431,-11.517269165535597,-11.403832897408844,-12.322863381071995,-12.013872005714468,-11.035697436343307,-10.98426826587044,-11.151590404083692,-7.3720352112377725,-8.08016230046828,-10.605467335873671,-10.994322880529435
RSE43_12,RSE43,-8.400006227249364,-8.530531335384628,-11.0920738287389,-9.339651840411346,-9.934951943422533,-9.321596761288813,-9.123931402481563,-8.29660898115228,-7.9583612943448125,-10.028100014496236,-10.31657076329905,-11.063866211146353,-10.453744397078516,-10.05290609153236,-9.149467273022832,-9.40684762566247,-5.864102386105458,-6.6999776377941584,-8.065121643981007,-8.810307214384855
RSE43_13,RSE43,-6.400004893977961,-6.720425977896571,-8.038708611414165,-7.153484698662193,-7.352663171092463,-7.076643967290727,-7.247966164648512,-7.0123940252696615,-6.4275323540819,-7.53209919141637,-7.44696661261177,-8.01743114568593,-7.654398026889022,-6.8979056119664,-6.957260729122423,-7.083608443956203,-6.0452795833406565,-5.602885232723791,-6.044955642475989,-6.602239300266051
RSE43_14,RSE43,-6.500004803764163,-6.781517162748886,-8.188222281777579,-7.227871868005553,-7.387209638422191,-7.133603002242178,-7.287455963361967,-7.023423382796982,-6.478010973200609,-7.601818192313178,-7.577490591238225,-8.15446032675691,-7.723024282761938,-6.983523192893664,-6.967045672599061,-7.078557871188912,-6.142684661150216,-5.9481472429133735,-6.0680173170881035,-6.334857570547006
RSE43_15,RSE43,-6.600004713550365,-6.903559786105489,-8.383850305572915,-7.364388875870539,-7.627816788305336,-7.309136227449357,-7.539339897723908,-7.244622166658774,-6.722159598342498,-7.778349659571736,-7.774413857366995,-8.369060409288245,-7.94559430038194,-7.1758763074501415,-7.219995369095338,-7.33051829901,-6.088466353493439,-6.919262358193629,-6.895283911749227,-6.736564655126965
RSE43_16,RSE43,-6.500004803764163,-6.748424885858674,-8.225836768409748,-7.261981149485315,-7.513496045583086,-7.174604471307857,-7.458893747940998,-7.170266121787902,-6.607760856147155,-7.638419815885228,-7.596502183027543,-8.211952995782502,-7.834848541844633,-7.018749880487133,-7.131266721732216,-7.2508049547601265,-5.920342478442695,-6.503987409674475,-6.790381009440717,-6.893916293818332
RSE43_17,RSE43,-3.100002223448042,-3.235492123803996,-4.420138143448676,-3.839823405907176,-3.9650394074056,-3.616701054507188,-3.63984203514208,-3.724488356836178,-3.3384659892456594,-3.970227091005432,-4.200718160665176,-4.4003751718176,-4.082659720474359,-3.722192989960688,-3.4446143623841903,-3.56808431875922,-3.028003581068415,-2.190199837916294,-3.653666058669883,-3.0775587458665186
RSE43_18,RSE43,-3.8000028469704015,-4.528668542524892,-4.729613830629374,-4.860816711735074,-4.837448007941134,-4.692233467760104,-4.008043949460845,-4.401716787045925,-4.722243920089258,-5.139289226592315,-5.0742053872145645,-5.294300130930044,-4.497682124709123,-4.448061499277227,-4.5760362834193575,-4.918623386523008,-3.616262040081421,-4.114926346419092,-4.470853525372912,-3.8962892491315264
RSE43_19,RSE43,-12.500009431087843,-13.269693663936922,-14.33034211722388,-14.286009514154989,-14.215760958050575,-12.909520231333335,-13.614168378268438,-12.799527295926415,-13.099660998554706,-13.551241602697864,-13.947679184337373,-14.968103025320604,-13.823345837660169,-12.725333901506843,-13.61380693282606,-13.906161965260283,-12.181809403763278,-13.108932388165963,-13.706667963415397,-13.396987422407697
RSE43_20,RSE43,4.7000032900651645,4.586041043481831,3.8877300519691778,4.096841183602895,3.906783498629388,3.802588186010216,4.571491044043242,3.9774469640011656,3.6454080441782777,3.582223989733262,3.5634500357691063,3.761997798416056,4.137639904315093,3.652306946074881,4.357299156450754,4.175317392917047,4.632766037093179,5.549005148412914,5.082924709226707,4.594888879900702
RSE43_21,RSE43,-13.100010144824004,-13.901298578565646,-15.264786116096264,-15.151640573062677,-14.96663879470192,-13.467137700162224,-14.083709370350002,-13.41287996799528,-13.597537933923531,-14.172091067695096,-14.633770934846488,-15.836699505782311,-14.593343448729732,-13.023568948721774,-14.262135853482276,-14.507991492603765,-12.69696242233116,-14.528865198286667,-14.314933427684698,-14.078694830228216
RSE43_22,RSE43,-11.2000087213388,-11.84405419955828,-13.336763633522512,-13.078960213989442,-12.624028897519109,-12.081490104816384,-12.15327147834516,-11.623710083586156,-12.110146203470492,-12.393304080573198,-12.771158094605294,-13.772872364130716,-12.72706871423313,-11.546860629828934,-12.256847250879556,-12.27476333660753,-10.613633402556625,-12.950937375331183,-11.871274933668916,-11.754295425683333
RSE43_23,RSE43,-8.900007031199321,-9.88736714697077,-11.673831838038556,-10.826974795829257,-10.99263026886635,-9.795341313839694,-10.032246910874306,-9.30702467355058,-9.435674218624689,-10.269273491700943,-11.054590554351956,-12.023004213833458,-10.547728687290808,-9.432201581215566,-10.410957851834825,-10.471413369624267,-8.46450873117992,-8.114406179097893,-9.588147332231745,-9.833650556143759
RSE43_24,RSE43,-13.300009964396406,-13.9755263605117,-15.692596912383229,-15.418090759390024,-15.191633446137471,-13.479267458322964,-14.014014214846394,-13.48083334544473,-13.616731691709294,-14.18298312614259,-14.831800939433712,-16.168905092126383,-14.88719753858251,-12.885912258160484,-14.340534565357707,-14.592966880306664,-12.729993901073511,-13.180370671036787,-14.295533987230204,-13.876417105011294
RSE43_25,RSE43,-3.5000024901023226,-3.589245067711165,-5.354308736432853,-4.994025489682284,-4.505134803718931,-4.681421479541501,-4.199474248648866,-4.016063771542335,-3.946341758635473,-5.045283350061246,-4.958480717522358,-5.332222348224836,-4.7591791277654485,-4.331069260440631,-4.155387817561443,-4.108322912704023,-5.9312391672740095,-3.3907110784606718,-3.792781897105495,-3.652512279220708
RSE43_26,RSE43,-3.8000028469704015,-4.507548330659343,-5.1637074399937735,-5.194852617721845,-5.125187708197453,-4.901777706457507,-4.092883104824473,-4.310728478100455,-5.000623563545572,-5.341868612129673,-5.348344384345104,-5.613565656159453,-4.901070126773975,-4.519180850285073,-4.781497443458598,-4.989764072877031,-3.5385737191143627,-7.231978856286386,-4.892844400899459,-4.110336005519016
RSE43_27,RSE43,-2.900002403875639,-3.3615897133563264,-4.557322193875127,-4.166697232544506,-4.346391033777229,-3.870547462046981,-3.845657738012224,-3.7252335871001865,-4.149172649946256,-4.598224704651775,-4.383441452144425,-4.764334055339043,-3.9758126155778553,-3.671137626891267,-3.7809357833413215,-4.036553901145235,-2.7480954161584146,-5.292075303472353,-4.128195725858664,-3.3703653195171364
RSE43_28,RSE43,-6.000004627323681,-6.615646955972067,-7.5845552184017535,-7.5643490368649315,-7.374279931229199,-7.094170306893356,-6.550845244841526,-6.549648333294286,-7.32974025003011,-7.724915596326105,-7.527014921422089,-8.124696234638675,-7.130938283279758,-6.571738110006926,-6.962921052821425,-7.0900079738099295,-5.614145630561974,-9.407598740956146,-6.7458626453330295,-6.362846606036065
RSE43_29,RSE43,-6.400004893977961,-7.032616835810036,-8.307523692730449,-8.100292014671778,-7.910678418150794,-7.614118382021045,-6.982203665911478,-6.9931923608839375,-7.729576297410414,-8.160344420386318,-8.141263488730841,-8.750930358461453,-7.667114129915169,-6.988665758550775,-7.4188266405528145,-7.511413216151718,-5.941311847072618,-8.826012798408856,-6.99111407348204,-6.802127976724292
RSE43_30,RSE43,-4.300003023410883,-4.77028121359221,-5.52129490607042,-5.577005259919787,-5.612514954307243,-5.380278780787281,-5.2317976145332645,-5.17709968446171,-5.700401421192396,-6.036635053603628,-5.740227251251441,-5.961017400945584,-5.260613665326529,-5.255174036715553,-5.155146642015702,-5.418519459125266,-4.167001947353656,-5.518521726395555,-5.200667702904629,-4.891462976463616
RSE43_31,RSE43,0.6000007137361577,0.5988645450985164,-0.3066668920043612,-0.5428613325143602,-0.0829272595137619,0.3596131293467241,0.5095449093240184,0.179624586906369,0.8702858614849383,0.2081852413872117,0.0818805109793687,-0.3200083709505307,-0.3121580392154166,0.3668881604375939,0.2721127690829391,0.0467414864276656,0.5711301279417769,3.2436997446611504,4.7702748851946755,2.6193403712101215
RSE43_32,RSE43,-11.500008450697406,-11.995586818836498,-12.929053157969957,-11.5100435822355,-12.471358540760576,-11.72595578702292,-12.168284642508029,-11.109529950071272,-10.918909702882408,-12.061047728689523,-12.5554444337561,-13.615476735525329,-12.84178742348561,-11.48091810646488,-11.92792485685104,-12.274546281050233,-10.702762064038248,-11.122762473557655,-11.478949420113544,-10.997088534389796
RSE43_33,RSE43,-9.100006850771724,-9.42125693748094,-10.609189726246589,-9.20181907072388,-9.92632180559614,-9.484115439970502,-9.413217097891271,-8.780548554546904,-8.774324664724311,-9.888182218992627,-10.267748706514435,-11.162342339581585,-10.350457278934988,-9.212965270442451,-9.414507696589563,-9.632560147942238,-8.1520603947304,-7.918649138544063,-8.062934706705791,-8.246254177879203
RSE43_34,RSE43,2.400001599925683,2.2303485778256262,1.5524574975742786,2.370471945374148,1.6119949689740278,1.9482161139111367,2.32559836635517,2.2049781187017725,2.4454625277706814,1.7554200403323377,1.4473051074483745,1.2708287983027873,1.4453911408248747,1.69534360106649,2.154307544478143,1.6888571611601353,2.520302675528964,3.710536291679111,5.057067254454346,4.067200085135676
RSE43_35,RSE43,-10.10000783116216,-10.558963303147292,-11.339522526208164,-9.977469726350735,-11.038851424461956,-10.350022038372355,-10.714763865374422,-9.736575804620909,-9.675471567570453,-10.659559597949956,-11.084336448673874,-12.01885938822902,-11.301265030601506,-10.230955378703058,-10.525086639416486,-10.914493479446998,-9.401225283880564,-11.12927403811697,-9.837517999804025,-9.531227414135499
RSE43_36,RSE43,-0.4000002666542804,-0.616366913928657,-1.5852488209181244,-0.4000586251195234,-0.936925610575188,-0.4716361206684302,-0.1344648009609078,-0.3077817880532116,0.2982668619334057,-0.9598015312219764,-1.305292246172389,-1.684680709084507,-1.2227082342779343,-0.5691394213095827,-0.4681749667538571,-0.6995825767001739,0.0397567187024402,-0.8000247270514566,0.6378407552100384,0.6425513900231543
RSE43_37,RSE43,-3.5000024901023226,-3.7838621111332458,-4.998410023921186,-3.954765571356477,-4.310714296400772,-3.609666673287205,-3.6501768652375137,-3.292116131434016,-2.7439089829638634,-4.202249409216519,-4.71289346420395,-5.396925038287526,-5.083274656142588,-3.821867786448158,-3.714505308676872,-4.163775234689811,-2.800257197656986,-2.725525280757973,-2.9692357384811237,-2.931933224693067
RSE43_38,RSE43,-23.10001743869049,-24.078041656760227,-27.855608843765143,-26.23552000659002,-26.5889129483702,-24.99256028458526,-25.31152008718253,-24.50334078363921,-24.2740822680767,-26.45030589466636,-27.118660650672904,-28.45842839282645,-26.307256638688475,-25.51676789399185,-25.14923936007742,-25.485883258192214,-21.34109118349555,-20.915632286076704,-24.80951155395413,-24.162077599230773
RSE43_39,RSE43,-25.10001877196189,-26.35179688462942,-29.10904828775804,-28.226774234314927,-28.12674752988781,-26.72087197842126,-27.59651049565005,-26.80427965920136,-26.32100901087672,-27.79617026789344,-28.22587997057528,-29.83204945531632,-27.94327731388333,-26.12797297763735,-27.2653061634566,-27.330286903015885,-24.78810566481592,-24.25669661083392,-27.008798865411105,-27.06132157906029
RSE43_40,RSE43,-26.400020109220407,-27.712499033067843,-30.98546106538056,-29.977719943849813,-30.026825007499752,-28.14689980838868,-29.466866802862214,-28.47632722204804,-28.125214335959967,-29.60385908637753,-29.98797664902152,-31.77555862068105,-29.441003435122745,-27.7845465327724,-28.93585561018356,-28.985097659179743,-26.14812557680957,-25.758613949144532,-28.43382247747182,-28.426251014550957
RSE43_41,RSE43,-13.100010144824004,-13.197370875256013,-16.26465055040709,-14.602374816095764,-14.981267232815652,-14.44362401803845,-14.486656672502626,-12.977165187874174,-12.98376514426381,-15.090915853755698,-15.49984733725696,-16.260717446541243,-15.486829339456945,-15.298240591444744,-14.101443666585018,-14.259991402573098,-10.612136556521987,-9.943452146814233,-13.284730689410374,-12.913945524442
RSE43_42,RSE43,-6.70000525084604,-7.133037051450857,-10.29316691895382,-8.678890576574531,-9.45999491707925,-8.268190332111722,-7.922270212460678,-7.964742061696038,-7.44799233960491,-9.1336816446803,-10.106103081676848,-10.339153950768688,-9.645639453424058,-9.010098046335688,-8.134689511286854,-8.702705753363881,-6.73510200693914,-9.379028659801728,-7.8833529460543605,-7.853473562377441
RSE43_43,RSE43,-2.300001690139481,-2.490999823536147,-3.737185634563169,-3.175085426302492,-3.2591246953591835,-2.7614809425079168,-2.9082864074486,-3.0564122150859205,-2.488892207475159,-3.171245633066373,-3.474428906237104,-3.694618403897694,-3.43219651462794,-2.8668161888227464,-2.6093029924554725,-2.836268023615335,-2.2490007252206903,-4.332077375344738,-2.6934622979814615,-2.0312776995083266
SIE4x4_1,SIE4x4,64.40004857892443,61.962682554875336,67.57336624827998,66.32669179564408,66.29886231522808,64.94717408935732,67.47040794507828,65.8393713266403,67.83722921305012,61.7751202868335,67.66280956618407,67.0352918717499,66.36349867759978,66.88615677787682,62.15266763699648,66.9272650490244,65.44049742882427,175.66010040451957,100.7553207278559,126.3476846334043
SIE4x4_2,SIE4x4,58.900044755550695,58.27916429157468,65.22914271048452,63.169661762197286,63.75532946928548,62.76370467360767,63.94109982127314,62.90222820576869,64.78540415497497,60.80044565156712,64.90418259952713,64.25272780319366,63.01153634008926,63.33477186675907,60.74107842349808,64.03764673467651,61.13114503884784,147.33824830588986,64.88015298323126,98.07049146888382
SIE4x4_3,SIE4x4,48.70003701460233,49.966772192112536,58.47368733395942,55.44537493037532,56.46450290154269,55.8333959156679,56.19850395727371,55.63517715623571,56.92045103439082,55.43271731127218,57.64954262062496,57.123062360141525,55.10327188809612,55.37417488165581,54.82886619940317,56.33937876743406,52.1422841583391,128.87480394008864,28.36670773803283,77.65299334190652
SIE4x4_4,SIE4x4,38.300028826572095,41.28864874588398,51.63431222892463,47.54580368088096,48.791634133274215,48.98849119714775,48.46593732619433,48.311876282949896,48.91742066638364,49.81531656820432,50.28072271209838,49.94487738254741,47.0438815056724,47.36666064470171,48.47245401208245,48.18737551675282,42.8754169642482,122.73089651858074,18.507571730016224,64.29551414457326
SIE4x4_5,SIE4x4,56.90004279476982,64.22955425482246,76.48894015800624,66.79783180735728,75.41387047023765,66.00029813929345,64.92525110461652,65.61756542734264,62.27958456567251,65.80194866963721,69.98775425590985,72.0830435930775,68.00278271580616,69.86904922996588,70.36506572526152,71.79117343720831,62.97105919663547,-231.23942546473518,-62.0381446905199,-48.9610974035214
SIE4x4_6,SIE4x4,46.900035500903336,56.48846522932306,73.48963394060387,61.51748711062005,71.12533166841207,63.348694105705626,60.77372416462911,60.51419942385744,58.561257598834416,63.41888342491468,65.91694229079685,68.58394678739911,62.76900612464802,64.43515020388392,66.60604803207947,67.80032155307298,54.89848188145469,-232.04799809011539,-64.18291003626369,-50.53764562402396
SIE4x4_7,SIE4x4,31.30002384636745,43.62710553436358,64.91869614065098,50.56410235102876,60.90056660793081,54.58083052959144,50.018321028640585,49.66645990028514,48.69961903054189,54.97525662958754,56.62450840478567,59.60622728865669,51.84389123162212,53.90055955694483,56.88916567104809,57.70314127960079,41.51681187589238,-233.36034760032916,-61.90229931836576,-66.42799885933498
SIE4x4_8,SIE4x4,19.10001414463821,33.798994232511724,59.05585234591464,42.75339416142823,53.26901055339647,47.82678918291507,41.54599991933979,41.51917727787546,40.93055657395321,48.78619500665449,50.31706460953357,53.385945061359465,44.02956287711454,46.711895045631806,49.296737342259696,49.95657064509086,31.54196200975694,-234.36372827220214,-58.020684822570395,-78.7047236350851
SIE4x4_9,SIE4x4,35.90002722664641,37.36937705570187,41.82526297061872,38.995265021669766,40.879312832528,38.89675833341473,40.0216024491744,38.93639929916519,38.30244172600447,38.88838917680799,41.386885228539576,42.01251029165879,39.18112040117963,38.66930026802811,39.41993017570252,40.608488779670495,36.72335782675476,31.56913082071746,33.262498240066606,33.67098624188254
SIE4x4_10,SIE4x4,25.90001930527045,28.4880333485289,37.30487585887998,32.2938650055184,33.58790663428008,32.677329958264295,31.044401649763785,30.37787382485965,30.64819235609652,32.99570109424101,35.040875077517775,36.34801464881315,32.4119460360254,31.299145082098512,31.60327219226813,32.19101099438505,28.25809278601735,24.57882682937073,26.58746890450893,27.89402208192261
SIE4x4_11,SIE4x4,13.400009874182606,17.031582463965034,29.685879218218624,22.80458892760752,23.4166520676919,23.069413174128066,19.9240642295425,19.64885401095477,20.11871057753794,24.04684922759049,26.50593605281837,28.11561381754528,22.68350237769782,21.885913488791807,20.447327688207704,20.681863495708065,17.237322497356956,14.502635167117985,15.618048351845422,16.243848508108215
SIE4x4_12,SIE4x4,4.900003737147041,9.354604324404166,25.326887166691296,16.97001035586551,16.86061681748647,16.97484035902216,13.302906736380788,13.402806872162143,13.889043067544945,18.25074376370597,21.67543413549911,23.34606271120963,16.681257792549076,16.482032445171708,12.72708415092957,12.797403364613292,4.750131147072735,9.188682928204402,7.941161924817272,5.187296470779564
SIE4x4_13,SIE4x4,39.700030073616816,42.455600127882526,49.20244061508953,44.57686823176585,47.47944091444253,45.19841555005454,43.59037822061229,43.99461856880275,43.183743233523735,44.95698127991313,47.85427905520376,48.26375032235691,44.35349506480276,44.54860244406812,45.56208320641278,46.14719776390161,40.962526074462616,32.182294325762115,45.56665420937917,46.02023818040016
SIE4x4_14,SIE4x4,29.10002206601417,33.50788292386102,45.179358024590215,37.8957796305133,40.1278527298332,38.53132819119467,33.8589176849897,34.903244616856895,34.829934191001044,38.80829625207149,42.15084481795878,43.045055168390256,37.44245549129377,37.4932175564977,37.77260836864589,38.03741755493781,32.503395272049346,33.255201832827474,38.86485252823084,39.345437828763465
SIE4x4_15,SIE4x4,16.9000129917944,22.67755948647822,38.48486776625582,29.022760840524374,30.69303004154831,29.450036182971832,23.81294682815884,25.154565346772323,25.11724428352762,30.4325169105964,34.73454572284619,35.739098531457124,28.310028238037752,29.154558286953872,27.305828215253342,27.514240238581014,15.285717385473337,25.081216386858898,26.629954317438653,28.450212175331284
SIE4x4_16,SIE4x4,9.3000072978536,15.943319201253354,35.13609330237278,24.13894716157167,25.175230425999853,24.406303283326995,18.14252417007233,19.807790300814588,20.00330104309178,25.57459483729623,31.00965450490771,31.97791975839858,23.51688748179404,24.95817063191617,20.716968885713506,20.83519317664863,7.397006067194703,18.572422371636332,19.21474020637669,20.77060092817975
SN13_1,SN13,-2.539999591097943,-2.290899853477329,-1.1047650048672986,-3.1241458387149783,-2.9883039682809995,-2.544412865227148,-4.768374463322687,-3.889492475074479,-2.097982231328985,-6.407164965324445,-3.1065803425090106,-2.9352154745123764,-1.26793748565611,2.056456729135072,-2.768785466513067,-3.353914958744224,-1.3506821976583383,62.184985483186445,-8.336774292639625,-1.8374403968338417
SN13_2,SN13,-14.709999279739735,-14.528449117206533,-12.234363460900996,-15.129516095072132,-14.642226185773564,-14.882447668335482,-16.510290138048948,-15.892479638699887,-13.845125875724287,-18.16637172637552,-15.358559751372947,-14.573578343564035,-13.168994206581562,-11.020528524313862,-14.882406754718849,-15.18540353208075,-13.066480155615396,49.80266673037075,-20.742260674194196,-13.995137627668976
SN13_3,SN13,-17.749999047278163,-16.229490378827837,-20.50870771567142,-17.536134343124115,-20.67682409262148,-18.01594760254229,-19.00279058776966,-17.96660678359354,-17.458534701805497,-21.1995889322597,-17.231874451934345,-18.0513852588228,-14.247369300511844,-16.823288537923464,-17.299865291699152,-16.997891919557404,-16.96794674324485,-26.821007577951722,-19.32304716715677,-14.803763670922637
SN13_4,SN13,-24.03999902041551,-22.463103919416355,-25.98501050622579,-23.97103083465404,-26.339297586170137,-24.19098595748995,-24.86080676385379,-24.269432673849693,-23.382379696496365,-27.20610089557984,-23.78790744312777,-24.002697598255512,-20.677491950950905,-23.68982319426333,-23.383776971836365,-22.94053389782875,-23.07933326620676,-33.3919762416126,-25.661870435929018,-21.07511668748527
SN13_5,SN13,-21.45999883789361,-20.12072689097293,-24.97422608926124,-21.560571852084923,-25.17381357237156,-22.00186895648544,-22.87290682531497,-21.73685902989728,-21.4075648992657,-24.97463855124257,-21.470101112907304,-22.289364932064164,-18.38770849958096,-21.160736683171137,-21.293680526589792,-20.99841441494656,-20.591197634983143,-30.576682150886217,-23.48508099478696,-18.759003878930578
SN13_6,SN13,-23.249999105595045,-21.682434631209148,-25.80540254826056,-23.257812100543205,-25.57698608764513,-22.525682489954303,-23.746300050935144,-22.39799742691685,-21.269108385122788,-24.83680502848571,-22.627486991480136,-23.870756514956824,-21.44170624646329,-22.43003272684621,-22.830930143796405,-23.101841985235467,-22.483953510900623,-34.4210069283191,-25.97556506589373,-20.495682396896505
SN13_7,SN13,-31.42999862871055,-30.6534417238638,-30.02826175323018,-30.02261027737648,-30.71273622356617,-29.78426655415513,-31.861920678802925,-31.583326866384407,-30.38504494038193,-30.70728774705639,-27.90843026951072,-30.463813820130085,-27.04709118711217,-26.66223059054436,-30.325141756452734,-29.11973571540596,-29.89498256056138,-47.01940208572331,-31.959687489641514,-27.231328901197593
SN13_8,SN13,-16.66999939407771,-15.820576214611782,-18.71478783555572,-16.98057265806714,-18.698890510513102,-16.541758420410765,-17.335905482593056,-16.051329896982512,-15.903883995866428,-18.225393322215137,-16.657492565513536,-17.583837048587945,-16.10797781273996,-16.513804379356362,-16.911833827000866,-17.24042420578043,-16.225600819706727,-27.65392366298612,-19.793550803632684,-14.669846107807315
SN13_9,SN13,-24.51999921489875,-23.890366813545867,-27.119365281071698,-25.76817931375876,-27.17318494885973,-23.264054062782822,-25.06301937009439,-24.22609674407509,-23.36824950091505,-26.33606898719003,-23.24859706115787,-25.799156005191364,-21.639818643034555,-20.70005323833251,-24.26309231813424,-24.558459082336643,-23.49031368109152,-33.063002785845526,-25.49274995280416,-21.916693923530595
SN13_10,SN13,-33.74999841827885,-32.658096541885406,-35.55610446964974,-33.32117582572839,-36.07085086770736,-33.72560963505554,-34.257096354392786,-33.482501483384,-32.64456844164411,-36.52152628946519,-33.603142689799824,-33.72735555465697,-29.89408679894942,-33.62959478694759,-33.32866508852461,-32.844503062984074,-32.803990091234006,-42.68660590901158,-35.434762651168725,-30.851429895775624
SN13_11,SN13,-29.079998866206385,-29.60533925573594,-27.420443071698223,-29.96381364369412,-29.80840740837732,-29.73109140131986,-31.15802868079536,-30.30280028566588,-28.41212296270263,-32.874742870026026,-30.962664587459827,-29.86741526176389,-27.84927884193569,-26.74662471622796,-29.88813838562816,-30.16163010679523,-27.60774658305456,35.37936771916319,-35.307384815986815,-28.686855315987756
SN13_12,SN13,-16.889999195607352,-16.80721218446102,-14.376869873935975,-17.946850902812308,-17.04716446546973,-18.365351152797523,-18.62156879309778,-18.986392823934693,-17.106180037208983,-21.589337953160047,-18.87071477821699,-17.49243527361023,-16.333810565849365,-15.140415495359903,-17.650828265773725,-17.93109476744202,-15.307277076113897,46.63905326650363,-23.665531723816372,-16.65917297506987
SN13_13,SN13,-48.059998058873774,-48.3354312943437,-50.78023838848026,-50.03036280994126,-51.48046378587197,-47.68249337935245,-49.64616310636608,-48.33913542001807,-47.39074539960021,-50.20363216920433,-48.77534135176825,-50.278403311554186,-46.03743851301987,-46.96416577690067,-48.93049470078397,-49.01650472609522,-46.98449073091693,-57.51515316736928,-49.87594731281652,-46.44439511445096
TAE_W4-17_11,TAE_W4-17MR,67.4700508294366,61.70469703209071,64.90428024000255,64.46482983323111,62.58841009028071,66.07679781927546,62.406393248965614,67.48425099232647,56.347998174819416,63.4296325994537,74.22415498981292,66.4395249644364,62.93864163928748,75.51208103676021,60.13982651862032,58.57499158493893,57.415459288879184,134.97877507883643,75.7956991048386,63.89285848644344
TAE_W4-17_20,TAE_W4-17MR,105.24007950663236,100.2875470141598,107.50005770124838,108.47003982066856,106.19317641286943,103.39152319235896,99.94674963084702,104.2866101735202,98.43058740676332,107.44152073096552,106.94039593204404,103.58563371001586,100.93971830081112,100.70687821217238,102.50851294478008,101.8717290061986,99.60714006272032,162.57674481791898,128.3916022772428,108.66841841429937
TAE_W4-17_27,TAE_W4-17MR,147.03011083232815,131.29854570711723,131.03635737687745,127.19919028130728,128.4980318555561,130.1291559488102,126.622481150478,136.33743398262345,126.1458906542136,133.8288612582533,137.22820922068647,132.38963659026874,127.51406775828902,130.7077252686687,127.8051407888709,125.613942338927,128.96958306104915,117.02620579175903,119.1143941456861,99.22767248486204
TAE_W4-17_70,TAE_W4-17MR,101.43007666868333,102.03834896128126,96.69943861708586,99.79045151627996,96.2011396815374,103.76566944118149,99.26949289997216,101.26388178850002,102.7556652068117,103.75146683099864,99.94554970726298,100.76648941586453,94.92397146883584,87.84292771890163,102.89011676721124,100.83568218735088,97.43134438372957,125.50719990548403,102.34500856932675,85.90377457784459
TAE_W4-17_74,TAE_W4-17MR,128.54709726058786,129.6132422576282,128.4335235679022,122.838690638214,130.26269856174497,129.09470658084794,128.99801232815503,124.73438238944937,127.39682746496244,131.6836288812905,130.69197051392416,131.08230675810293,116.66550889558827,113.67399847940564,131.7653441063031,130.1637799136143,123.51571537075463,144.26735725177366,146.68989942268894,122.12410219742202
TAE_W4-17_75,TAE_W4-17MR,186.7941412247138,188.0658201728579,182.7895655201,173.2163810715995,187.9662421376683,184.78069424597325,185.0882681401461,177.34289774305137,178.6942613582654,187.40752746851683,189.963961721033,187.8300818689833,165.26673437782983,166.969798039801,190.7876306566877,188.69466072003377,178.53393682659888,181.14435332194103,194.217616776118,155.60431756830005
TAE_W4-17_78,TAE_W4-17MR,169.8361281597415,170.93813965303292,163.34362065091958,157.04743826618517,163.36276533746263,166.64737099629403,158.3721312227337,159.31733035749508,158.3345947982286,164.57715436490545,173.22213658855267,168.9573360935973,159.68516699853103,153.54188162697366,167.23577000108628,169.33986781431884,162.30443147542385,193.28006104402004,157.34956765849324,118.94740559465657
TAE_W4-17_79,TAE_W4-17MR,126.34009561205144,123.4392699157518,127.19271206171663,121.77545226510904,119.16072401406088,124.72086514512844,117.87503597962512,120.07220323695545,118.94851555839978,122.7284329565704,127.48745301074348,126.37590983679009,118.774012264494,107.42916588517905,124.03334945006984,126.04259318217515,107.7996844119743,143.02530323851806,119.0955204096281,92.7395914348543
TAE_W4-17_80,TAE_W4-17MR,149.12511270740592,150.68152514619382,144.96039752639288,146.64544281833588,143.89626357158542,153.22353144982182,143.46672354742591,147.60144120302965,148.46708612996585,152.86860813803708,148.22566961832953,148.1566807873611,139.50298584568293,128.9696731218227,151.38186362075976,149.7322662761688,143.59778195836276,182.92940536328635,150.16474464049784,120.12486886887513
TAE_W4-17_100,TAE_W4-17MR,93.78007101984944,94.33763408361509,93.47059671319457,87.83869064938128,94.02804927255124,95.6330148803815,84.96185840532013,88.49741112691382,90.12066198430276,97.1558261320797,91.44872617276562,91.97474276648656,83.62295486921887,73.80813829683122,94.82385308522574,95.55005442561269,89.06400996251656,126.5826365016262,97.87236451716272,76.31699206017002
TAE_W4-17_103,TAE_W4-17MR,134.69010188440768,133.19249411146998,136.06622878048657,125.85142097759386,133.7815200610107,131.28229873379794,120.77984730236072,123.3955552212407,123.04161465198747,130.244557137383,133.96849014837562,132.8789202854025,123.14600336302696,116.27343834064628,131.6855754784361,134.65634331798816,111.35598859201042,156.65113243025186,129.22978266157054,100.59747200209826
TAE_W4-17_104,TAE_W4-17MR,152.3401148271081,152.70985206886854,153.504728171549,139.57299475595843,150.58222340344295,151.05573094563582,132.35654155233215,137.53800380818376,138.65730381498634,151.2027078461924,150.09886484101477,148.91355799112952,134.1197548838673,123.37172510969118,150.43543419097557,152.040538290166,123.638759558803,189.90732736833488,152.43386013076204,117.13037700674113
TAE_W4-17_158,TAE_W4-17MR,147.43011109898242,143.26210268541854,142.0535605402267,137.46120562192917,141.30817071318305,143.15329706067985,129.4433087387288,134.14060206636597,135.15193003201728,142.3109179887809,142.4338326620377,140.45690359711608,134.18647758974586,122.3928277749394,141.35705865855036,144.48258664963802,125.5144136611677,165.79762472951327,134.2413508744037,96.10923617398433
TAE_W4-17_159,TAE_W4-17MR,128.09009654334787,129.79612782304633,126.04456305990075,120.78873584856308,124.65139846580868,126.47280257058888,121.46347237591829,121.76050511497952,122.0690119902666,124.97035952346512,130.72452118736143,128.90429811804273,120.88326011065672,115.54023355532696,127.0852635517261,127.9397580745463,123.03726223496466,139.7060071959396,119.40863721753561,96.56897526509361
TAE_W4-17_161,TAE_W4-17MR,53.07003997486356,54.6396483103621,55.42545570888314,52.08712011610584,55.684818991473286,54.90696602854781,49.65594302975759,50.76733390713677,52.02560341709189,56.13504913248931,54.09618318821082,54.19433150577669,49.98432501262246,44.68022048540487,54.75572946819929,56.44202369240423,49.76339754124277,71.53995593326471,55.01538354784023,40.08291644888593
TAE_W4-17_178,TAE_W4-17MR,168.35012736678635,164.4218649091616,159.96800101793062,161.99917112336163,152.30445371469915,167.32659352606365,167.1193796693424,163.65248144155254,165.51093721972344,165.41966860229613,166.59430088842188,169.2379145302543,162.36165178269607,158.0969214434283,165.22075556641985,162.13261132683095,152.6055154468068,175.12716148076018,167.23868142709097,145.47135314304936
TAE_W4-17_179,TAE_W4-17MR,234.33017703037063,227.83600109928065,221.2183138590476,226.7208785485868,212.849589606618,231.22379993823893,233.7131965377708,228.2747721016009,230.5819590889626,229.44968595130337,233.7563143451584,235.42386749704545,226.64339298847543,223.89606407901857,229.9035510665443,227.5586205138577,218.8810662574926,237.62447311405046,232.48705657595158,202.45380762611205
TAE_W4-17_1,TAE_W4-17nonMR,677.8505123552355,678.5902907415625,675.6059019303816,679.1716813440783,679.1526511152741,680.4893145680445,675.0708787559186,675.4034799242543,675.0152310275097,674.9706567705391,678.2788955656664,677.6274206262855,674.1713591105758,665.6421214487024,678.2756418662835,677.3460973986339,675.6673789017859,991.4698204852793,667.6793271460717,641.6975111185487
TAE_W4-17_2,TAE_W4-17nonMR,803.9706075382479,805.3797844170826,798.4166468734859,805.8711996364026,804.9782124274469,808.6361492630022,801.9612977921878,802.6111616637537,801.4487837590547,803.1627679055913,804.1985576965628,802.5314379656039,797.7099330908515,787.3330174397197,805.1431104337787,803.8731524303677,799.8044494744078,1127.1770669031982,792.7558164748332,753.9951887630458
TAE_W4-17_3,TAE_W4-17nonMR,122.62009269291,123.12632968600924,117.249393660053,123.209972369099,117.7866065287683,124.56310298821673,124.56329525716222,123.61315561485124,120.9458324688916,124.94204133862053,118.94524661058055,121.44793900637396,119.83183422689616,117.99469695355644,124.09388290450003,121.09993517876262,119.09732845437505,129.3049370441762,132.7016857481799,132.85315588703156
TAE_W4-17_4,TAE_W4-17nonMR,312.64023627840623,310.6311097649656,294.55515589434293,312.89656241505674,298.7778543940772,311.1361399947244,310.96031108723366,310.8719527329442,309.9232916912791,315.4231663103952,305.54418457261147,307.0533929248705,306.4012941784096,309.02681734945287,310.8322451884631,310.85653043275767,305.2298712371426,335.52116272857273,323.70014323433827,320.7383952100251
TAE_W4-17_5,TAE_W4-17nonMR,163.79012395042187,163.34900694123644,159.8951768492566,161.66410039146572,162.37159448215002,164.28908371614074,167.02023392546636,164.1317472617093,163.1653182892005,166.14241826406314,156.7553954197301,161.2440351328877,157.28346114562868,154.08929648203002,163.75484586977825,161.40546320011578,159.41907384817415,175.38114295786875,174.46082871379113,170.17338464621443
TAE_W4-17_6,TAE_W4-17nonMR,430.9603253203959,423.4971095381921,416.9475713956196,421.3700520946066,425.0117152250248,424.57635517603535,433.4046143426728,425.5479924144564,430.07601656746135,432.1648263045486,413.4265036007568,420.6663725712822,412.7140006038664,411.98102021598027,422.4370216391792,423.49932834895446,420.4418626621863,458.88036838485004,438.8533914442391,427.74664448512766
TAE_W4-17_7,TAE_W4-17nonMR,73.58005535752511,73.85326043233735,72.94578478264178,72.3923931508453,72.81265689069679,73.66274730098729,71.98358434546218,72.95392602780394,75.1045121900871,74.35008854839417,68.94188321148728,72.49746082714736,71.50808715895046,69.1465579138891,74.41416473304297,73.27579816463819,72.50891387908037,153.55646277767855,81.29216167456278,83.10030042870997
TAE_W4-17_8,TAE_W4-17nonMR,213.17016097907984,213.3520563973202,212.84914212963284,210.40824937682785,214.5222872693127,212.7406589820068,205.3877255425877,208.412191313092,216.95848342745728,215.3660953685136,205.38893625938184,211.29132877595887,209.50039571541447,211.42999111321905,212.76279519446365,215.440484169396,213.2097320810593,441.2553062180823,218.41787758235313,224.18726123186374
TAE_W4-17_9,TAE_W4-17nonMR,704.0705319993315,703.415324759098,704.5998655453941,703.9742050907532,705.7875015849341,707.149431079163,703.8026199041819,703.4356501047181,701.8194146777424,702.5050470913343,709.4303363382462,707.2946525847076,703.0187303628603,695.7523335546965,704.7885608445274,701.5209354665889,702.0557534987923,1009.4234208009427,697.4953111453036,673.5353463564254
TAE_W4-17_10,TAE_W4-17nonMR,766.8555795251708,765.6902768615747,767.8501989215688,766.0084892376542,770.4497243123792,769.342152332133,767.2942149226384,763.6436065192022,763.0849468198721,763.5369686886921,773.400412852749,769.0241852495122,766.3943916254685,765.2270474852869,766.7871333017703,765.4594594242245,763.3870454975148,1143.1372057865158,755.4404115629511,733.6548808325347
TAE_W4-17_12,TAE_W4-17nonMR,607.0204582818878,612.6399734808812,609.8862944891763,614.3180109981786,613.3958438456661,618.8877825407728,603.7099571268517,608.566875373249,602.0023049901833,611.4583090097537,607.7976660395735,611.7003729856572,606.2997169642282,611.8018652384774,610.0721295373884,608.9149551295196,608.0500452433721,1117.5935584496665,604.0717633845719,595.6906405303002
TAE_W4-17_13,TAE_W4-17nonMR,1368.8010342277855,1370.9335958706922,1361.8948902949353,1368.97846673588,1368.702017939119,1373.7637832647586,1371.726567231127,1367.5938308113443,1363.269021083387,1365.496192517946,1385.8783099236282,1374.0563266755546,1370.9461494487225,1358.0848352481826,1370.045630933788,1366.8034341222717,1366.7610386396802,1829.7449131294475,1361.0285615226505,1310.2396638562786
TAE_W4-17_14,TAE_W4-17nonMR,993.865750609002,995.006723412532,988.1736515146348,1001.374327419556,995.8882147106837,999.3076890982072,992.0193778394306,993.3985977924824,992.3877356898588,996.3474022984144,1002.1677307575104,996.2366562261436,993.3646354109796,974.437318211438,997.94336201575,997.7328844822538,992.0178966271768,1398.3291256723064,993.0950138347547,951.6616777578241
TAE_W4-17_15,TAE_W4-17nonMR,182.53013779232023,183.9759247033823,180.25535125261567,183.2425595266237,182.5045664047446,185.41508749893435,184.5153912096777,183.4491776886177,180.94070285573363,187.7878374291645,179.62808694652782,181.81822572120765,178.91782302903215,174.83375687156757,184.56444362526167,180.81224401078552,179.45968436876865,228.35438309953815,202.0389244456991,186.28758723387236
TAE_W4-17_16,TAE_W4-17nonMR,470.9603557508808,470.1781171242386,464.358133544347,474.1066498502111,472.21557449802793,472.8672691912667,479.1599404721544,474.27506259989576,468.4311761801552,479.9303769633619,466.2525400306582,469.19672914158446,460.553513545382,459.33108329782186,469.4092049790691,466.5600182923927,464.3956947435502,544.631667954959,491.5610634524709,464.0570960620313
TAE_W4-17_17,TAE_W4-17nonMR,84.98006389843631,84.53580451006425,83.91328787788434,83.2488347248039,83.28172205708329,87.43232574237953,83.21471502666849,84.22570846702044,84.55780499222367,85.4494351491941,81.13410319885108,82.92127007302425,83.04761866636962,78.89928436908473,85.23546684322775,83.13327214080464,81.0201493025314,195.351810448717,96.8468553298353,87.47973668149515
TAE_W4-17_18,TAE_W4-17nonMR,281.2802124861671,283.9160739385751,285.0970210408678,284.9181408056558,285.6964716170473,286.3656741383334,281.3630834580935,282.59853697456606,280.58353910612857,280.9214183821385,279.2489355787016,282.05642633159675,281.0586938607069,281.8820162228762,282.9637071396082,282.6994984798727,282.7959322947326,553.4119054976292,288.73170688068853,281.6571416139493
TAE_W4-17_19,TAE_W4-17nonMR,410.96031073266295,411.8522304852491,408.5039452904866,414.3869354023995,413.8925552008145,414.5662926703325,416.4033303579339,413.2884308713196,408.2244599754016,417.3859992756642,407.4787922244011,410.6468291505093,404.03164642605554,403.142732694833,410.8417192231912,408.8673448748467,407.2508210934397,550.580889393098,427.52430802908896,406.53558807536166
TAE_W4-17_21,TAE_W4-17nonMR,105.81008024743264,106.55675063307152,111.53606924595157,112.93471971609888,109.85427043686414,108.9378723554507,104.2200137853014,110.49426107436446,103.17740001705398,112.28110509490617,111.31797261790148,108.43391905757382,105.36661334077851,104.22596000233152,107.72800428276196,106.3421336078075,105.4362603004116,166.71626756443808,125.83561215922374,112.62764041357308
TAE_W4-17_22,TAE_W4-17nonMR,1057.6697988470871,1060.2619602887237,1051.2836525626028,1061.6039132071046,1057.3707945987646,1064.120224754815,1057.7475033452624,1056.2000779716843,1052.0031363512635,1056.500255976487,1068.153362431625,1060.283425568061,1058.146971358385,1048.1196034591758,1059.19334459864,1056.364575626983,1048.6257961268864,1488.5398630209122,1065.3283941421846,1020.3875487296822
TAE_W4-17_23,TAE_W4-17nonMR,317.6402399253396,317.80448030177035,316.41083980450946,317.8375563889025,317.79297146427064,320.67388239439373,315.2858236256505,316.74958491809406,318.0226770803138,318.5986278659701,314.7892299471497,316.4915886021503,314.0762830501517,304.92193500844905,319.49360999027925,317.1304228024402,312.46901342522466,479.4572081335746,313.04670640571356,294.0166167110935
TAE_W4-17_24,TAE_W4-17nonMR,312.17023607490165,313.8536296365667,312.83447631400367,311.0217605171194,313.5238067664598,315.75145335116576,305.5660607451216,308.76289201023576,311.2456180586309,314.5179587310133,311.7415021494367,311.3160994207584,307.2705646040264,289.2887997643059,314.93859828629166,315.85665838930413,309.7595892210387,419.499954282067,316.53788721699215,286.09557577327547
TAE_W4-17_25,TAE_W4-17nonMR,233.0701762845361,234.40182273632269,234.63586249754164,228.8241892138878,234.11693487837613,235.39128488334987,223.5513375450463,227.34937967590352,227.6649140925512,232.87631482538595,232.39403959531424,231.9406491910888,223.60803497129308,213.7010243304872,233.5426789330804,235.2727912025964,223.5853378199697,330.6525463369637,224.92800341304732,188.8525935594346
TAE_W4-17_26,TAE_W4-17nonMR,291.0802199604612,289.2700923263827,296.0725459034737,292.7363741516199,294.83956358206706,291.97174337808303,286.80986155137145,288.0033001082499,293.2880302804513,292.1537506184923,290.4267590163358,291.4628387794481,291.11427420936,272.0763151041199,294.42766611227887,294.7141927112221,291.6182289643163,467.77643814348846,303.45152563492906,293.6052656776735
TAE_W4-17_28,TAE_W4-17nonMR,350.5862650478295,351.2575245451728,342.97892106986603,347.88478637293434,343.49191866178063,353.03824827760656,350.16416465054147,353.2358289226389,350.0152433491706,354.7961158558042,357.8280162331521,353.6407276537126,349.5986780246248,340.39367001351394,350.5440576310857,347.88966569845786,347.7006464198551,367.0984816226328,355.1388488249934,330.05394259157515
TAE_W4-17_29,TAE_W4-17nonMR,471.76035628418936,473.5546467713527,452.5293173456048,469.9798396298141,456.2167630023551,475.8648066475771,472.67681674019866,473.2860179978298,471.4383605280517,476.3880431860335,480.5363242706771,472.4851360646139,469.8723978342858,461.37556978180015,474.1075447414535,471.3631240247176,466.79610330150143,504.2428128230444,480.67383823803925,451.1418080005022
TAE_W4-17_30,TAE_W4-17nonMR,561.3054242219889,565.831035412979,523.186900189103,557.2725307090905,532.0611204083779,566.4355645487209,561.8801902699007,561.5034578030659,561.3441155776894,566.0390543641166,564.8454469446265,554.6191365165331,552.9507852355397,545.2312493404474,565.4511482051612,561.5985254261162,554.2217084359587,609.8026828830781,574.2382062067472,539.866080169246
TAE_W4-17_31,TAE_W4-17nonMR,378.5162856593072,378.4455881202066,373.6728363390346,375.7206552747115,374.08187167529,379.5824135881007,376.9382410236906,379.05934823418056,376.3659589094384,379.42832869946005,381.656066273112,379.6831725333368,375.79756302409584,368.0747025213046,377.6950378434431,374.7119561345178,376.05285124383977,462.41150819177676,378.51118481649564,357.4625746615814
TAE_W4-17_32,TAE_W4-17nonMR,544.3174111840807,543.7880614483004,539.8056759847266,543.5334899535088,541.6344989458032,545.6608844952071,543.4973055610217,542.7121661463432,541.8737981777207,542.2256714169732,546.8343660545581,544.8412286708417,542.4236086129205,536.6916573959558,544.3888811246294,542.312287239934,541.6370668162195,780.0400441371579,539.0883148022499,521.7842876020659
TAE_W4-17_33,TAE_W4-17nonMR,692.9135233647025,693.1320534135954,687.090659390802,692.9297769895815,691.1867407859555,694.2482943744183,691.9136180794925,690.3362931345551,690.9456009432882,688.3039603795814,693.6289688789199,691.9034674862206,690.563434119355,686.8685109968939,693.2684074572041,692.371299832751,690.8393417732734,1080.017781301694,682.1532596164408,668.3555506924879
TAE_W4-17_34,TAE_W4-17nonMR,590.0664455898127,589.0935626196233,583.4053886597412,592.1777826032809,593.5247863453993,595.3925100620477,594.4559914541577,593.6422719321606,586.2086087714199,605.681392785597,596.5908313956795,593.5208535552938,582.3410956314306,570.1199528538775,592.3757383734834,591.913626340576,582.4774560750546,637.1742110141639,606.1327464111986,566.0187926011731
TAE_W4-17_35,TAE_W4-17nonMR,791.9445980560524,791.0714948025898,773.7929135026823,792.1702898077011,792.7613567319092,796.0460564543863,798.7431891240512,795.4203601689816,785.3846170262598,806.7939312963746,793.358134055003,788.8187167143518,778.472656268829,765.8259270905872,793.567731129978,794.3037745170903,780.4059297670249,859.4710849905649,812.4880179765352,762.5614121680491
TAE_W4-17_36,TAE_W4-17nonMR,405.5403062096087,404.7092287088561,403.2952106571856,402.3823599495748,403.6195010900345,404.8961896973129,402.7025934709259,403.79587053433767,401.5122876295814,402.9898362464314,404.3603774924392,404.6523094580009,400.8094883138101,394.5423913069517,403.7749939843901,400.49419222525296,403.44041771369217,556.7522304102633,400.5857528818254,383.64449452606624
TAE_W4-17_37,TAE_W4-17nonMR,573.8704335944378,573.0897798684719,572.1911559929115,573.5530061072071,575.673085708154,575.5062767471901,574.2143790045361,572.6938673867904,570.5618994933446,574.6304474670238,575.4327316955815,575.0264044391378,569.9921319978164,563.4531415992091,574.0301651270478,572.4140920367824,570.8014253998701,813.1261977084355,570.5160574918751,550.6046364531103
TAE_W4-17_38,TAE_W4-17nonMR,564.1004260930796,563.1541222278995,563.4677470704747,562.3960732129716,564.8109768451378,564.5566882316707,562.3146389867413,561.0878707661423,560.6611471927741,559.9257864731425,563.890942409076,564.0623167524626,561.3554524775545,556.8016668015667,563.2934786533848,561.3241592075904,562.3531966791165,867.400419478895,554.2056883924237,540.8462416650349
TAE_W4-17_39,TAE_W4-17nonMR,721.4805451585449,721.2279997663903,718.5897052087573,720.919993643656,724.1328552030534,722.8915039760304,721.6996707138854,719.1090036233073,718.5922028219608,719.2965070937114,721.012544011972,721.0374458469416,717.1478438087062,712.3644073609773,721.4203789854145,721.1821831034151,719.0100071300378,1111.5835557973428,712.0911940176438,695.6416917248209
TAE_W4-17_40,TAE_W4-17nonMR,713.040538967381,712.9331641897543,711.8316445383992,712.225374040119,715.153102510858,714.1840946626393,711.0473967519229,709.5193498749081,710.6709219409403,707.1366473306588,712.2100172517712,712.4151798427891,710.4089722525589,708.2104134929943,712.6218839108278,711.9394215495968,712.0549134973662,1167.957191191387,697.6877566122225,687.9179071136981
TAE_W4-17_41,TAE_W4-17nonMR,266.17020101709306,263.0914422483765,262.78953332144084,260.51659216161227,262.42921443214567,262.8941905437904,260.3117954086215,266.07996622148926,260.00672546545064,264.3779395190039,266.6320558966215,263.89962638374385,258.9905006041206,258.6211359147409,261.46800012609674,258.85817115522053,259.3329663575472,332.82614425187785,258.80943991685,241.25973621892584
TAE_W4-17_42,TAE_W4-17nonMR,177.32013370732653,176.73289044939287,171.35157044224422,177.23438497695827,169.2436783302307,179.71659866379318,174.8897914596414,176.39301155181897,175.55469786276274,178.96834488351374,180.37936149467697,178.53665902793523,177.36629581425993,169.84240325448528,178.87784314546585,175.81578780042634,169.49978669985768,193.52100012242568,181.9173016433318,167.2066294333935
TAE_W4-17_43,TAE_W4-17nonMR,371.701280512207,372.0738066570574,364.1109573522164,372.5857055425987,366.2235965732897,372.9482704765864,371.62532657723847,371.0247542023856,371.21883315629947,370.75685164528994,373.0989285359945,371.2676090912189,370.3675852419996,366.2257395181572,372.8121042465525,371.5956928815818,368.9501478434992,539.1162401204281,370.1870732326603,358.9889890862102
TAE_W4-17_44,TAE_W4-17nonMR,347.0852623076256,348.6842451773152,339.3443788542705,349.81154392191485,340.59455951606503,350.56129895581927,345.49497226386404,347.3433494242339,345.44983431518324,349.61660120122934,351.3875717421617,348.21060366190204,344.6373400681506,336.1951084775163,348.96694465880614,347.22288115936766,343.4628064898139,373.25986974458107,350.58077252853985,322.9941344123473
TAE_W4-17_45,TAE_W4-17nonMR,345.4162609267502,346.4294621336668,332.4422114489682,345.6599559879415,335.19741183717525,347.4528115493854,345.47958058598226,345.15302314962,344.8913149269077,345.9342408811014,348.07300514146914,344.1813834639718,343.4278875951141,338.2938590313707,347.1946945005129,345.4257287897878,341.5199021323989,445.104214785446,348.481253100647,333.27560356066914
TAE_W4-17_46,TAE_W4-17nonMR,315.4192385404368,317.2335713037343,295.9959000766346,314.3162734836758,299.5356954523527,318.4086924198499,315.2333110601129,315.20459095549165,314.86470302162,317.5142149385853,318.553134370472,312.7172982696756,311.7977399878003,306.0025106526112,317.7840274461316,315.2567878210762,310.3424881785986,347.3685386301568,323.1850405250713,303.8647148981265
TAE_W4-17_47,TAE_W4-17nonMR,396.0462993377736,395.96047731428826,392.91188788333614,396.6165915566955,394.47198097892186,396.7585150607177,395.3166667128675,394.5232059578181,395.3169399305271,393.6503249053696,395.584398775567,395.8015041268757,394.4337355315166,391.8055064768527,396.3617524292097,395.4604570575744,394.3591731690154,631.0744473132664,389.7488835461622,382.59804197218665
TAE_W4-17_48,TAE_W4-17nonMR,132.71010053309354,132.96221934429815,133.8187092217285,134.63148063959505,135.41402498886634,134.61265466511236,134.04100388815513,133.50628467928985,132.39146872968573,137.47940546747594,134.73064684030615,134.62824720877708,131.9556985404612,127.03515284143243,134.7564622035524,134.97705832733232,131.12347155531012,143.8026846567175,138.83242964015375,124.85356252203593
TAE_W4-17_49,TAE_W4-17nonMR,258.7701957702341,259.1628588823791,255.45727801346288,259.9721117290991,259.55066375341096,261.62421804492857,258.92400166814053,259.1231653940936,257.0118690432293,265.7346755565832,258.3524565637652,259.19503725444474,254.69913838614823,245.1813073641412,261.5132477634896,259.86972000421457,254.1502745157228,283.1674043744776,267.9246413281374,247.9649436378975
TAE_W4-17_50,TAE_W4-17nonMR,392.2372961224168,393.23323868529314,379.46874018420095,392.4071497592975,386.7455067745117,396.312864107386,394.5916888905197,393.62586232707565,390.1074135684193,399.48929296873575,395.20650008292967,391.5591129365254,387.2894393285814,380.2772609782522,395.0510570126042,394.0201822523858,386.1361913721633,431.31734528102544,403.648997216799,378.99489372618183
TAE_W4-17_51,TAE_W4-17nonMR,478.7403619099462,477.4891520070924,467.9481259130959,478.6762126204181,479.3020751331508,481.1142685284116,482.62573033000336,480.7219721955444,474.6714221193636,488.6218007866488,478.4694063938492,476.9098758604949,469.9764333202254,461.9476228549841,479.1334650317192,479.09095615944176,470.9734970599232,522.5900664621688,491.34304452818975,461.62821928944163
TAE_W4-17_52,TAE_W4-17nonMR,84.22006332904223,82.57855633852549,85.49613534552012,83.41707879993247,84.64100433986106,83.81568743882717,82.5460674120141,83.10086686130556,84.86807548289863,81.93421888014605,82.96874003521783,83.35212818081712,83.86061868594197,80.27219477711333,84.26282402088604,83.83594388390391,83.88765670434748,149.85883441890073,78.70989529646025,71.4655662834665
TAE_W4-17_53,TAE_W4-17nonMR,181.44013689312223,180.3272411852604,185.6733797483494,181.98934353872536,185.17780476871792,182.5691437812256,180.91678721465544,181.30943520380524,181.97274654064475,180.84090349797336,183.7226604363792,182.11824007154013,182.06873302533563,184.24837833559965,182.07866581005052,182.4850128330285,182.59659373261937,333.3648403854909,177.58354704670802,170.62074345485567
TAE_W4-17_54,TAE_W4-17nonMR,190.74014419097588,190.2919213272652,192.2760416507682,189.9856006322217,192.5968206033471,191.9393599765879,188.7071061154222,192.2572842630682,191.72003311621444,187.7291107627688,193.771111775398,190.80003802499627,187.73039558841413,195.59792733367985,190.372151049059,188.41814553272792,190.693992567202,347.2841900524363,186.87384918701326,177.5631660774135
TAE_W4-17_55,TAE_W4-17nonMR,359.9202720640066,359.3915966498797,359.87431352112907,359.13542707676123,359.98232509538,362.2588850395897,358.7089481693422,358.5915339931337,358.6483515874564,359.5247400413152,359.9919143186553,360.4431418232325,359.0579116471976,350.3841775669256,362.1176914546165,358.5222472835505,356.7396229134383,515.094761991499,358.7560194249691,341.97761154968185
TAE_W4-17_56,TAE_W4-17nonMR,446.0803367804486,444.40076625750567,447.4879308293821,444.9929519054944,448.1728316296815,446.72639794459616,444.6789574598537,444.8247637414698,443.2808910755071,443.71582504559245,449.8283964639382,447.2997095508943,444.2642955598303,444.0478484031866,445.3378364462688,443.84977334342216,443.1644351552237,670.7889391588644,438.8812027054753,423.773853398709
TAE_W4-17_57,TAE_W4-17nonMR,402.8383043801211,402.7680626638696,398.0380076312781,403.5921665263344,401.6192326259191,404.1819395886299,403.977578515531,402.51607299414405,401.2094811130988,404.4343542078278,403.2343981493265,402.9457769236555,399.7368401223629,394.6924628959756,403.6362145538607,403.0685560549597,399.74643782451,573.4133804496181,402.7076923102334,388.87864889090264
TAE_W4-17_58,TAE_W4-17nonMR,437.93533095066346,436.8736857613162,434.4629100119852,437.9136424034754,439.7591452566484,438.3877822242178,439.8118818430791,437.43082086364205,434.8342989841667,441.1339573948739,436.3124043901796,437.4964407843552,432.1837304039564,426.292505861734,437.49768118232646,437.515418051377,434.0763807359306,610.9876818086219,438.3301612205606,421.95634307211725
TAE_W4-17_59,TAE_W4-17nonMR,439.4503320939623,438.30312592508267,441.9694405769005,441.27785002359707,442.2185590143108,440.26064700049824,437.2530167444179,437.02980603966216,438.9908006937625,438.2115452471596,439.1436790699063,439.9569680575897,438.2179219984416,426.9963761479365,440.9445714588041,439.9492697713598,439.15730558811225,679.5737588938775,440.863468186731,429.213955123694
TAE_W4-17_60,TAE_W4-17nonMR,482.2403644000486,481.74071198935707,487.79415507248586,485.6878601604097,489.6565558145376,484.6746443325092,482.8798529044704,480.9354682378862,484.7588297485239,482.7197980789762,486.11188569404254,484.7503005142543,482.4811630658421,477.7192491890617,485.30525589964407,485.4143696315328,482.8818740396901,797.8343836476589,481.80392081280354,472.0350810680558
TAE_W4-17_61,TAE_W4-17nonMR,307.8702324239813,306.81741792446945,310.111805702978,306.9773820748375,310.7130075325999,308.6947077093059,306.7485956346486,305.9476154335491,307.1402835343026,305.3686505944121,308.4880470649203,307.5437026608274,305.6416053556952,309.76172469349325,307.30647477493505,306.6072989498653,308.01295966030625,533.9878502303475,299.4229032330267,294.76046534018576
TAE_W4-17_62,TAE_W4-17nonMR,422.9603193598008,422.3452366441171,422.22854655109273,422.7841263084012,425.1169190708708,423.5053345558757,423.3015917050394,421.5383412249481,420.9891731084342,422.9675856685019,420.95384463879424,422.92286244078457,419.0147361973711,415.27197733742014,422.6152744276008,422.3300145192889,421.0099005803182,660.7903485389808,417.5879005463631,407.9612054444403
TAE_W4-17_63,TAE_W4-17nonMR,474.6003587421933,473.7516483507221,480.2808226813782,478.2814225649404,481.5927187744784,476.7184015101457,474.57850704253497,473.13814764916026,475.4657380443295,474.1689498693343,478.3073810631003,477.0170913762249,476.4899346605273,470.9342083723648,477.4878698797268,478.3203304741147,475.52148379160695,788.813520280228,473.9777305321604,464.4066807629739
TAE_W4-17_64,TAE_W4-17nonMR,582.2604398307086,581.7519881056704,584.5114867457363,584.1517301676746,586.9036006770747,584.051054430191,581.0907276580433,579.8883612101083,583.4496894480948,580.413036753348,581.5557856596785,582.2941680256831,580.7853297156812,572.5727369112273,584.2912928555199,583.9138905227986,582.3685677646637,973.7760939442958,578.0013972544256,570.0752343209487
TAE_W4-17_65,TAE_W4-17nonMR,539.3034071732718,539.4625761436215,539.7871682830487,540.7285723032254,541.7297086365376,542.082204239718,539.4576848328009,539.0987143358449,539.4953643294511,536.6143697522085,536.3017176749295,540.2258813034218,537.9256162475731,533.9734633746694,542.7929964574512,544.047352190758,538.4558066986069,921.2733360493559,527.7163856719692,518.0619817486614
TAE_W4-17_66,TAE_W4-17nonMR,420.4403178681317,420.0543367906382,421.12378154623394,419.659980469693,422.12861510258585,420.9609216906422,418.5332172417171,417.6488487498795,418.8911908771013,416.5604207031764,417.8472642962816,419.9876469662658,417.7467987117157,417.3284340665463,419.8464889610766,418.9760995605416,419.6592183826583,722.9753340221658,409.25112625371474,406.12376504761426
TAE_W4-17_67,TAE_W4-17nonMR,459.5643469553572,458.6422970216266,452.88935379288887,459.8093982528284,461.10262399381816,460.8690119430386,462.6991215495314,460.32437049162576,455.7265523503145,466.1458759701801,458.75505557953664,458.7175076088652,452.4123313818679,445.2620830633173,459.63870871057696,459.6735224341904,453.9699377459347,567.7519510832574,465.94619274267836,442.8113754732429
TAE_W4-17_68,TAE_W4-17nonMR,529.0193997591068,529.651081418163,517.1993325484351,529.1077300634676,524.0607373774843,534.3123191808548,531.8460595460218,531.6718383176201,526.7448236861015,539.6320724766352,537.2913272240033,531.7659356849709,524.7680117143437,514.3320334283882,531.9648990471312,530.5411670861093,522.7073200957765,569.4850223262089,542.0576810629324,507.1462791558538
TAE_W4-17_69,TAE_W4-17nonMR,59.75004524375236,59.27435089379212,55.62483498437064,61.59167215913785,54.71510908562527,60.54043860699461,59.58016863998172,60.15328534185453,61.606754035610535,60.27839730219106,59.83229247131459,60.35234835247852,58.120948508112335,54.99325598584633,60.82645309549285,58.79775368318136,56.85329195334904,74.55938837523333,62.330006728647234,57.60116687524622
TAE_W4-17_71,TAE_W4-17nonMR,285.42021565392,285.3652797095076,282.98698334855624,286.2242819466231,282.02570020469165,285.7712657890165,282.6816675471417,285.0918538768608,284.5503116947226,286.7406096685658,287.4998087201184,286.3996362060823,284.1804746162215,269.50273961462506,286.05496633632606,284.5946345086785,284.7264745954989,305.66472198613275,296.06613411397933,276.95733269004853
TAE_W4-17_72,TAE_W4-17nonMR,383.3782899327431,384.763286486952,377.3055873915997,385.9839194847184,381.1119359908543,387.0268659584608,382.9856577568618,384.1425688617296,381.1095077174188,388.4160358899702,386.5724846540599,384.5275535168605,379.4020519912103,370.0152739377247,385.3658559735374,384.3924252503308,379.191315729893,413.37639297929053,388.60044621994047,358.6154546165656
TAE_W4-17_73,TAE_W4-17nonMR,62.800047512307295,62.7802516591697,60.77762488904131,61.04256516205649,61.3983993039037,63.78948813573812,62.19279347933063,62.41315253001832,64.05867401243887,65.28971707850454,61.14841113838678,62.86717722078794,58.17597600616464,53.62669158115013,63.79136464007301,62.66928125231573,59.91915487904544,81.11058619230926,66.90784364130533,59.9446707059075
TAE_W4-17_76,TAE_W4-17nonMR,191.9581451002021,191.2654412195841,193.558523613771,191.22696804897456,188.7286706039868,192.11626744753616,184.69940873949292,187.2848986258792,188.60632426608203,191.1505893527991,193.36964319929547,192.8881431316888,187.92141342563727,173.5228366184401,192.50793231757743,192.05570864170767,190.3003688560528,220.23010144041214,199.82699089584682,178.11218587153476
TAE_W4-17_77,TAE_W4-17nonMR,65.44004952322933,66.11853604721428,66.3418856198192,65.05628004014628,65.38537594051971,66.80597010326012,64.0920370595948,64.7736985305443,65.97086411719145,66.68138694502613,67.42783155279746,67.7170869393778,64.09549237774546,60.06341167794964,66.9914898279279,67.22356812008232,60.74775021719552,74.28581329887187,65.99322666529466,51.655717164650106
TAE_W4-17_81,TAE_W4-17nonMR,181.3601369652933,178.13452152684928,179.43066405735237,177.7285134844958,176.1351602532433,174.02307970381693,172.47339692764837,176.5143514899794,173.07065699375474,175.98296372890442,178.70432453941905,178.0148863436208,174.73284625727788,164.63181150686452,175.6819925521274,175.14989652110063,174.15091711923398,175.03913322411623,179.01176140615317,162.72169400347966
TAE_W4-17_82,TAE_W4-17nonMR,259.7301961592006,261.0556694237831,255.3484063747265,261.75936225029614,256.65647892710933,260.291456948045,256.7231019844707,259.0092189607289,258.3097173327241,258.7801396618603,255.45745597515108,257.4122387874715,255.49365555342445,244.6503619972308,260.40351533088165,257.72637279122034,257.1370817910995,270.201342539758,260.1227907656843,237.4021371840887
TAE_W4-17_83,TAE_W4-17nonMR,390.1402950021547,392.28418745814014,387.7192552685959,394.68881129283625,389.07636166226285,392.6302745580549,386.87603395350254,389.7876967384369,387.1905714458298,391.6467618911163,391.4835496889466,390.9932059420453,386.2309761142269,374.6930724291588,390.3904169527146,389.6165521262549,388.0844845023634,409.76658075848184,389.11324575770755,353.53009082843806
TAE_W4-17_84,TAE_W4-17nonMR,172.21013015962848,171.3611818793135,166.2959203846259,167.13063875807708,163.68637448327863,172.26923464950005,169.3088726113028,169.0153996707651,167.8435170682957,171.30172221908606,168.04143581547407,170.1681950037718,168.34779987140573,159.26473546267275,171.67921704672344,167.79421584519693,168.28110682727095,176.31055172088705,173.83611876986015,156.41147126581345
TAE_W4-17_85,TAE_W4-17nonMR,280.7602123277693,280.59021969747806,276.72297142928306,280.8486143564308,271.43840541347555,283.4483323926186,281.558055483543,280.2874037056385,278.4786197575163,283.1199436954431,283.7955750513333,284.6158651622162,279.76909631675915,272.91853955768056,280.6448597084795,277.17548043370186,277.9911676558913,289.6478580881258,284.03339530488336,259.18174154493323
TAE_W4-17_86,TAE_W4-17nonMR,820.8386200569031,817.8068827066149,811.3900722304104,819.3850651433094,815.2202957454004,819.8386554720545,814.096586857038,815.1879689673302,811.9874860990824,816.5749023923321,826.075572787265,820.5276285578457,816.8363128618195,803.2712250115591,818.2421082803377,815.4454662877366,805.9132336365107,1124.9584797492428,812.3467595176813,778.5620719071285
TAE_W4-17_87,TAE_W4-17nonMR,1150.3968688088578,1151.4598772625295,1142.11187904412,1153.2767479251663,1150.6629361516646,1153.2743109921246,1148.2106419909908,1146.6350371749477,1146.209989742118,1144.341853437989,1156.5703700166189,1150.7940602803592,1149.7138332177194,1141.999088043332,1151.4592457369902,1151.462091617946,1149.0592181826491,1760.5946334761297,1133.5626064238195,1107.0056032072257
TAE_W4-17_88,TAE_W4-17nonMR,1001.5427567354856,1001.9545262560888,994.6501620499538,1004.3710505569549,1000.754308337847,1004.2149888880132,999.1650848719428,998.6537923487718,996.8342156142644,997.9926388287475,1009.7030310002943,1003.752819688998,1001.6466404269138,991.543580263521,1002.1968173276588,1000.9701124227726,999.7706832023734,1459.3407727650367,990.3000120736325,959.7081994271568
TAE_W4-17_89,TAE_W4-17nonMR,1181.9018930977963,1182.3937739919131,1173.1487424225709,1181.1508603917916,1180.1914263301546,1185.0444630539316,1181.177325729364,1178.341188415993,1175.9757722516956,1177.654092273786,1193.2560633894095,1184.1905861887144,1181.2549321478098,1170.1283055766282,1182.0839281368817,1179.7406496283409,1179.204296857963,1640.2382614730318,1171.228064192205,1130.6899110879692
TAE_W4-17_90,TAE_W4-17nonMR,853.9686453899054,854.7269049342697,849.937238697986,853.9551348599257,855.5571822976946,856.6264862401555,854.4506522969447,854.1221691595464,852.9960914229083,851.4633187092971,859.614618647361,856.5502107693115,854.4359182489852,848.9428242461746,855.1007005307733,855.1431853067077,852.8021601206971,1311.4071110198877,841.5385006059236,821.4276648551753
TAE_W4-17_91,TAE_W4-17nonMR,681.940514940586,682.0478072634727,678.9145117718672,681.0433936364568,682.0465211828154,684.2215401167163,682.0324076789803,683.5899049561223,681.51946022505,681.9852443806503,688.8034518968594,685.8938133947539,682.6219579754331,674.2735175902058,682.8933311618281,681.631256810947,680.5330934743305,988.5045717111592,675.3372612736537,651.8027662755509
TAE_W4-17_92,TAE_W4-17nonMR,737.7185576180376,737.8895511259323,736.6481842739265,738.4725521687521,741.2970744700453,741.0772556422436,739.0694408120105,739.5370913690398,737.6527500092278,737.6787223126082,747.9082410083605,742.1541739729264,739.9961199458909,738.3236183171657,739.2068741091983,739.8742130528565,737.2264308757572,1119.9593466317401,729.0580404228921,706.5052769013762
TAE_W4-17_93,TAE_W4-17nonMR,753.1175692028994,755.8319692390655,744.6939731374858,759.9621564643796,752.8154843223123,759.6093046867969,750.5813481601144,754.7307022230501,748.4220151432144,760.2033147558694,757.5826394092221,754.3099485865645,747.9639031067084,731.4895974366985,755.6986555415701,755.9404338751523,748.2362604307189,933.8625423715747,747.8186634192523,692.6814695450415
TAE_W4-17_94,TAE_W4-17nonMR,750.002566365474,751.1639033574623,742.9959520162314,754.1467679481228,750.8980867046811,754.9442423792913,749.2333828224384,751.0766553186864,746.514086831815,754.5197913942296,751.3693965204495,750.0496509741066,745.6574219420258,732.950712960954,751.8546200410195,752.4680498967934,746.4311895823249,1076.3681070483028,740.4739972515385,701.4304402317684
TAE_W4-17_95,TAE_W4-17nonMR,410.0103097071656,410.4415443206549,405.39878017010926,409.1498360858248,407.4270690029944,411.5547680276872,403.5078488940525,408.1521413910408,406.4683276489909,411.6260197832047,408.19006693411376,408.8025122274958,403.2317772932204,391.1891118897974,409.37529383926784,409.7433885749626,406.810508014904,580.270259410004,402.1926719086654,370.1088305806767
TAE_W4-17_96,TAE_W4-17nonMR,684.3915167455065,685.9089858835969,671.725486066046,686.3450371342389,675.832121480369,688.1819281102179,685.2774631726336,682.7943384675335,684.827686721065,683.9762017963089,687.5666926585984,685.1901665019953,683.9087143447817,674.3736389858616,688.0273754760323,687.7552425011582,680.8783143996997,1002.0775574158491,680.7003445345937,653.0864858589789
TAE_W4-17_97,TAE_W4-17nonMR,811.2006129384703,811.3891721308191,806.9471893785504,809.9277226460329,812.7335200018592,814.0259975632673,809.4525264758385,808.4736088097536,808.8390235779797,807.0878550398121,808.9932676657452,808.8780237938139,805.4744414601889,799.7231665909022,811.1740285623483,810.1352532695487,808.4679967296064,1275.1269090302526,794.3250918327926,771.922105944594
TAE_W4-17_98,TAE_W4-17nonMR,39.05002940498756,37.72172839447449,36.85750910633115,32.044077517501066,36.80996503528441,37.52102538777681,29.54600315213528,32.780293469802125,33.52134143329923,38.728497754791206,34.47083894520034,35.8394841085632,29.67262527684576,23.78198551070627,37.15258169406778,37.20128157483352,35.349779279900694,58.615344371149575,42.71051595387543,32.74508420843662
TAE_W4-17_99,TAE_W4-17nonMR,420.61031771476826,421.23818154345446,415.4270705709898,423.4623259977612,421.557658915882,423.8855676465981,421.20094826875567,421.9247587980671,417.6256959720775,427.7128704187355,422.2647059688201,421.3035087937227,414.7576511196965,404.65040703752106,421.9486604456357,421.5143962792022,415.7656864088291,453.52952289742535,427.3567182880178,394.4476486492111
TAE_W4-17_101,TAE_W4-17nonMR,386.0602917802735,386.0043510049249,383.4964681017154,386.1339893166933,387.56752705459286,389.9663399633216,386.944110887552,390.6326033557048,383.7429087679713,397.9609076757813,391.5555491847376,390.1363515443658,380.8524841039413,369.4897601051933,386.79927128431166,384.9865826585464,382.133464594288,410.16815345265445,395.01267112170433,365.06584814315187
TAE_W4-17_102,TAE_W4-17nonMR,215.42716258250937,217.09835541472563,217.22214609119152,212.3875140320197,216.6066598241606,215.81440118897416,208.37827103747705,209.93562361094243,212.3884390437284,216.4837475354467,215.40132280913048,215.22176436168127,209.64507680979776,193.14652982128052,217.52969168472603,218.91508702126472,213.89523475643983,248.39443030902257,226.4403910948296,202.1196500611613
TAE_W4-17_105,TAE_W4-17nonMR,568.150429342025,568.838081143855,570.5128685385689,573.5351746097383,573.2516755557454,571.825833280328,567.4711613177589,567.4079054762285,569.6115951297755,570.2612849302193,570.5143312004216,570.0545814269386,566.2836194046424,553.5066747308061,571.4698549995594,570.9117754954855,567.371028401066,818.9772337669269,569.6904195514618,545.4497777189958
TAE_W4-17_106,TAE_W4-17nonMR,501.8703793215726,503.0379361246942,498.702826079742,503.9054898726546,502.3817458908824,505.40403702727326,499.69917909657215,501.1624982458149,499.8460230905871,502.8536355254052,500.5323874939958,500.88294327714095,495.9301238873204,486.222389108395,502.67539509884153,501.31904667386607,498.3987989155287,672.3177189670072,494.74983514279614,462.7047521617844
TAE_W4-17_107,TAE_W4-17nonMR,757.0075719686773,759.6528412941157,751.5365043641608,762.060143653015,757.5530407913715,762.6207979539663,753.660278678156,757.4109622925032,752.9560906838994,760.5373011513223,758.7662347270146,757.0191964561959,749.804228065465,732.9362212571605,758.8046961632016,757.7403746459339,752.4778360789925,940.0079989209269,751.7164411367371,696.477793009337
TAE_W4-17_108,TAE_W4-17nonMR,995.125751982346,996.8784894197124,988.023180390364,998.225944466673,995.201713384708,1000.1818976469068,995.9645813586404,995.6270623358278,991.5172954610482,998.0393643137164,1005.7965237940892,999.0534459791832,992.9254307996548,980.7044133985028,996.8007040355474,994.6608176000713,991.6593695685916,1312.2106781883158,989.2328086814673,942.6191052879018
TAE_W4-17_109,TAE_W4-17nonMR,635.0504800581707,636.2309589756485,630.7666829689338,637.6408466344592,634.2389476577725,638.0857571894021,629.7655227902836,632.6904659974748,630.5230779552418,634.2590403856019,635.1922978268258,634.0363843992351,629.1828435970717,613.616023114893,635.2907972359417,634.1413387473125,631.6217106043426,806.3958977287286,629.3994158038892,586.9970801573737
TAE_W4-17_110,TAE_W4-17nonMR,109.50008256612875,108.5787698305137,110.33172733544802,107.58651244253504,109.23540848261229,109.77004404447364,107.202250301743,107.847463261338,108.2006781786329,107.94795526405382,104.47480070404823,108.3529057646961,105.87973768961196,107.30129602062296,108.54761473813792,107.70848760860102,109.03586434849734,259.63492000046017,102.70243032428624,106.38738774589716
TAE_W4-17_111,TAE_W4-17nonMR,512.6543875396875,511.8563334780114,516.3906589556995,515.7210278454374,516.3524851698658,514.1819533051902,511.5199765399906,511.5146628525225,511.3186580092557,512.9124078265063,518.8926384380263,515.6187375260835,513.1727283120226,502.8757660275161,514.0471342124423,513.095969784379,510.56585117836335,675.2360700351154,517.377525725525,494.6485256367609
TAE_W4-17_112,TAE_W4-17nonMR,343.710259704756,342.1269399107462,348.8890224148213,347.2665043002445,348.6083143347252,344.4164626319226,342.59060095078576,341.85099914561965,342.6880916384308,343.5988322826958,347.0725289481239,346.2553179634854,344.9511921319441,336.7135360343395,345.6845652153205,345.9773424988847,341.846789627583,505.43586476635863,348.1829895707536,335.49400898151544
TAE_W4-17_113,TAE_W4-17nonMR,374.6502832483836,374.82563010324856,373.62975762536456,375.5516614512815,374.7020870420171,375.78912509248073,371.4213507948625,372.63556568843086,372.1073929721392,373.2487895955584,372.4313266030987,373.9436582583486,370.5745617118936,362.7633668259421,374.4096937942338,373.4216714049471,372.8506627496607,535.5479438831079,368.3838017482199,349.10162035815347
TAE_W4-17_114,TAE_W4-17nonMR,274.9702075109967,275.8105118483107,282.3961951013698,279.6164294740896,283.3254922048084,278.8367589926935,275.48183650474795,275.73222916290314,279.2641559464804,278.8606836071709,279.35406675895814,279.3368556173536,276.5457568552013,266.7681199053956,280.0121889689554,281.7946915652017,274.2157468211377,447.45283835895566,279.722029699073,263.6976169212614
TAE_W4-17_115,TAE_W4-17nonMR,232.98017573821903,232.2623234114297,231.05976456908425,230.42277769394207,232.0613459320943,233.95772066456843,230.6672393835386,230.5003885049504,232.51817521374093,230.883164766064,227.18292312427025,229.9850749638121,226.87726664800425,224.29045704642425,232.05118749496563,230.2081753523988,230.4661190171664,391.17885017578226,223.6512070672023,214.6122614357901
TAE_W4-17_116,TAE_W4-17nonMR,183.91013905740772,183.8783163576978,182.25700343778507,181.21028243179728,182.1891579292577,186.72205168131384,182.99401105605952,181.9276383358496,184.98850222867355,183.7360172265381,180.11453731088173,183.3839743087277,181.8296879975068,180.20522184255373,185.0223349039632,184.25264176049333,181.96960842852587,339.9052481753416,179.76574825958198,176.13704029594416
TAE_W4-17_117,TAE_W4-17nonMR,398.4503013105965,398.14363975240576,396.1356968474798,397.5199785429469,398.3182968488616,400.2647744477879,397.579695356556,400.0490009225669,395.5259055426837,403.1558623265756,400.8738702210962,400.2178024771192,393.7633673485975,385.1514265108272,398.0925961864969,395.5292320959027,395.5694307857989,486.44628344707974,400.67863792622563,376.9408233818544
TAE_W4-17_118,TAE_W4-17nonMR,107.49008124187873,107.15487032439611,105.17407592660182,105.85117502711051,105.22583830457724,108.28896480830404,106.1127416837666,105.78476726830206,107.24836860854188,106.68216712380888,105.08237150385216,106.5307301369512,105.48633198278068,104.7550215230534,107.4475316442311,106.27808151952324,105.80763207945198,189.72994905461573,105.16416413761218,104.70373719845023
TAE_W4-17_119,TAE_W4-17nonMR,335.41225325998664,335.51970271123275,318.55013569085736,317.3931349775803,324.3032487863826,333.6326872197639,321.8907325140187,323.2873658549809,321.284111700795,330.1400291006011,333.34965635066953,328.4322094816197,319.7056370329377,311.09857558331447,332.09016972334035,333.1178155081197,325.05866757337714,446.83791016895896,321.6394237803732,271.4831345762684
TAE_W4-17_120,TAE_W4-17nonMR,313.4202368297576,312.68630814949233,313.3735831318834,314.4184410622691,312.73777503329325,312.1627643195932,309.9625916684133,311.28770825661053,311.5095171051956,311.6538938574765,311.06670092586387,312.32985591082667,310.06695766362355,296.8363595341883,313.3099527926947,311.5561299521994,313.1092164407817,401.20234843336874,319.387028695735,304.26952176284783
TAE_W4-17_121,TAE_W4-17nonMR,336.21025392060136,335.2050328143991,341.4277034682596,339.70499850882135,340.85645793691816,336.7198330291616,334.83934275776176,334.59191859592937,336.14736322682984,335.915725948358,339.73063967544255,338.8941785826637,336.3783380435621,327.72179113409544,338.1137078384566,337.75554739349394,336.02807711017977,497.7048967948532,339.3809696311053,327.4477816203493
TAE_W4-17_122,TAE_W4-17nonMR,364.9102757199613,365.29446745420336,369.2730567364353,368.2205000178087,367.10797679958046,366.7829710686992,361.1357769915664,364.1031771132318,365.3081536868117,368.6524385714286,370.5495675075404,368.97923621836617,361.843466990647,347.4859257262899,365.12339098954845,365.1282686834417,365.84505376974937,462.4864859068022,370.21163059150126,342.19454102112434
TAE_W4-17_123,TAE_W4-17nonMR,279.430211017575,280.1354209110018,280.49672066035214,282.15573434943786,281.20891699326694,280.248034074958,276.83230642098204,278.09123544339326,277.39430741999,278.339140089215,280.5736479880516,280.5037141906897,276.7964415562519,271.07019734962364,279.9234597568326,279.5745419616624,278.1477920025474,363.74247473214547,275.58417655252674,255.65299959763647
TAE_W4-17_124,TAE_W4-17nonMR,403.7203047139524,404.4309693589741,401.0502006970535,405.5154750949557,404.5104944504083,405.5202164937941,402.5793794756494,402.9383659740848,400.5195159348424,406.1235324655878,403.3939911905639,403.8110735201149,398.4238405538256,389.5099915421611,404.29783217988194,403.5833015117527,400.4584093327092,500.1685761639486,403.691186564219,377.78847567415426
TAE_W4-17_125,TAE_W4-17nonMR,141.64010690971926,140.09347859866813,139.29861529716862,138.41928018432623,140.1861330708089,140.74735043599216,140.396588453231,139.24235078970256,140.2914216931938,140.63312494917804,136.9442650742436,139.2465862276424,135.94676791939324,134.45729737555197,139.85527437078653,138.63885409518423,139.15607877854112,225.41516514403725,138.96085727503538,135.85985523514455
TAE_W4-17_126,TAE_W4-17nonMR,298.18022547796147,297.9642458786279,299.542135331157,303.06954329352817,299.7049419739524,299.5088475223297,296.8794970454754,298.5642849959479,300.0517058428385,300.1792933908889,297.4900832792865,298.9087069994837,297.1215760188614,283.7116230688059,301.1841565029304,298.67312751823334,297.5910825004137,389.1344133521535,306.9272912449121,292.00811812083174
TAE_W4-17_127,TAE_W4-17nonMR,434.68032823953735,435.8697213683503,438.0875989483383,440.82428341470086,438.2441611816134,438.3443397433433,433.9183679580737,435.6036919898762,435.64738334100537,438.6122936933659,439.50397743963566,438.57958269124936,434.25195462999216,419.8966444128098,437.7680273867368,436.9122456537357,434.81430650032456,534.6903225642908,442.32860989645127,414.5617250789052
TAE_W4-17_128,TAE_W4-17nonMR,331.7202504410872,331.0075720554032,342.1216168106152,335.88987575831845,337.74758461203544,332.9673514746851,328.1193594250372,330.546556720802,335.250159530726,336.3489264862608,338.89158063069215,337.3724912631734,334.6034395443696,309.45969315059085,335.3353211004685,337.56715242039814,336.46389123885166,444.60444554802393,355.3438305517765,336.84576224373916
TAE_W4-17_129,TAE_W4-17nonMR,205.90015561494292,205.3655931579248,206.65504430388128,204.5849804710924,206.2804098527367,206.8853116036998,199.2520588262964,202.2320567654268,205.6277135916494,206.6252564291754,203.35020548060567,204.28767520467187,202.27099849738485,187.6371983205922,207.12665940306195,207.60997667537004,202.07529423994907,302.7054462746453,210.28361723484727,192.66117960873453
TAE_W4-17_130,TAE_W4-17nonMR,166.23012551426203,166.2017187878302,163.07845717282285,164.57625702635912,163.65667364412062,168.2165839380662,164.23085472752877,165.42836061262642,167.28978764819553,166.81454460301254,163.05197307269148,164.7221121909539,160.78525981883732,155.54052308448823,166.92057544357115,165.14902759399968,163.0004000349583,257.7385989430921,162.63581017182184,149.60408535490637
TAE_W4-17_131,TAE_W4-17nonMR,204.2891543072456,204.93890020706053,200.38973444410072,197.6019780483309,199.9676564488396,205.0106019495268,198.7797194557122,199.53817603812743,201.74586600172915,202.82096907300675,202.29627024919228,202.4259868740782,194.3522665598899,187.3579754926516,203.95084970528464,202.39540934143835,199.09792054857684,306.13793578042134,196.1821449128238,171.54356526045623
TAE_W4-17_132,TAE_W4-17nonMR,273.1772064929904,274.5158850669817,264.47676316230263,260.9842289762344,266.1036302312535,272.1032497559884,263.2731625287292,263.6117862192356,263.92000224385407,268.0584283547662,271.43971119797794,269.2212588193455,259.20645265577,251.9175231746885,271.65783273813497,270.70265256320914,265.8261777895503,379.4960676462296,263.8080252150115,224.89317333528302
TAE_W4-17_133,TAE_W4-17nonMR,410.02030969814416,410.0587451554262,409.44739097552736,412.71714210458015,410.4363908990765,412.4590154549271,407.3567590764288,410.6807626665979,409.80447737526526,412.8579350875215,410.3720339666761,410.3205852806775,406.5227950948475,390.2038992369413,411.2489846690347,409.6158030976977,408.75113978200056,507.74293844962654,415.57579297313663,387.9233666324973
TAE_W4-17_134,TAE_W4-17nonMR,158.6601197932571,158.2316623484558,157.2666460252492,154.2450822978067,158.09645564313502,160.02953685604862,152.4045386520192,154.90928231357836,156.44729912387123,159.48968223513708,153.9342504371856,156.05860751919622,150.46704654950673,143.6081953701781,158.4605583517997,157.7718430469263,154.99560751179402,253.24366110193316,156.48793960395304,140.32118266238834
TAE_W4-17_135,TAE_W4-17nonMR,350.1102645987339,350.28691592030725,350.86668805036385,355.8146686518714,351.76978738624524,354.3266319044224,347.5333788712234,352.16153420906505,352.3826044789706,356.1306553773463,351.540299704231,351.507560401434,347.9633991911098,330.089762642423,353.6334026101403,352.0342516933428,348.53785550145784,450.99323978299833,357.75910461677614,330.17816666451785
TAE_W4-17_136,TAE_W4-17nonMR,175.54013280309425,177.36798199498122,177.8138447955483,175.93327847000697,178.70847344382315,179.1796137065199,172.46402814843586,174.3835933093089,175.7595757527076,177.63923614283885,175.97736295584272,176.49551578910018,172.55569046535985,165.67547164716962,177.9310906109855,179.04206877540182,171.69811174854183,269.11135818857827,171.52730749397242,147.58951997234198
TAE_W4-17_137,TAE_W4-17nonMR,269.0802034119473,269.0773025611456,267.11477019508203,265.64486734191627,268.63582065523315,272.2117649693675,263.7628385427695,266.3372833211895,268.2630575000286,269.24669579437654,263.2296171990424,265.64364338468283,260.61731345628783,252.8418110582052,269.3782083514322,267.9992353233731,265.31148968772624,437.7012134513252,259.7600864867928,238.04450875288177
TAE_W4-17_138,TAE_W4-17nonMR,87.73006643763264,87.64287807501094,88.2942396861621,86.95327139293059,88.14045631588107,89.64656194761322,88.3414648569636,87.4632857420786,89.03738340585592,88.32083636148681,86.85927467802298,88.09861266641768,87.44251894354241,87.42048978418534,88.95116548664652,89.0118812953383,87.14719916163531,168.83245300289653,86.83019331242629,81.82778064946864
TAE_W4-17_139,TAE_W4-17nonMR,533.4404029243627,535.0447252722158,533.9017209067883,537.3710762734352,535.1874565064102,537.6722621839386,532.7852500892021,534.3164792550094,532.6789756494171,535.0154439231379,538.0737719246433,536.8396270791744,531.7702158015726,522.686221925822,535.3549008834601,533.1121070357941,531.8860176743966,697.7271471173855,530.92957281973,501.2896600243966
TAE_W4-17_140,TAE_W4-17nonMR,513.4703876820562,513.3443151301291,511.762439360913,512.7245915426208,514.8608502203433,515.5620411665735,512.0380315445245,511.79330429290985,512.2428862166424,511.62795153043135,510.0347167102241,511.85486861989966,508.378333227105,503.6986390301549,513.3363588120042,512.2827042655643,511.2274771201353,825.1714058448763,500.93843608107284,485.2396575337494
TAE_W4-17_141,TAE_W4-17nonMR,1302.630984108098,1302.9706329608289,1295.5569788181542,1300.4409154889663,1304.1377401534264,1304.9930872733376,1300.1005751835548,1297.1211359788458,1297.979694064744,1292.2736290567996,1303.8154947111957,1300.1320274016666,1298.353363218111,1293.7033266876776,1302.2955750858728,1301.6967165648764,1300.8546894135052,2062.0428089225443,1278.405670896185,1255.3552484318843
TAE_W4-17_142,TAE_W4-17nonMR,1597.3102068458556,1597.9697118984857,1587.3589641289875,1594.4900560893043,1598.5465224976217,1600.3356107430322,1594.537219011137,1590.8487499490996,1591.5417658901326,1584.7544921437411,1599.5370428138508,1593.904596338874,1592.2535021958556,1586.3602260114017,1597.119198421272,1596.5771399870846,1595.2482560824023,2509.075774743566,1568.7461273553886,1539.0449098823588
TAE_W4-17_143,TAE_W4-17nonMR,228.4801728952357,228.2703552506805,229.6201460761524,228.8065646690566,228.7299687918732,226.71355049299785,225.22167696436725,226.525395730498,229.43353486147527,226.95055956632763,225.34257946573632,227.174064635782,227.8353290367143,206.84774524703823,230.3452560520342,230.7446160707661,229.73403924336512,252.92728210163165,245.68692430869365,232.38432299330748
TAE_W4-17_144,TAE_W4-17nonMR,224.82016992196603,224.026920825837,232.8644279761701,228.41206402093843,231.56841239083943,225.85210548700263,223.4009471812193,223.79749940881348,227.2910062345926,226.9770289827016,228.3631276318476,228.25493188357748,227.66417507464888,211.4369406551422,229.13543949786745,230.9568278522169,225.2417940559133,320.5199932368642,239.52057483001158,228.8904885595127
TAE_W4-17_145,TAE_W4-17nonMR,438.2403313030208,437.4689052293687,444.2776342777146,442.5481428033248,445.65924535561584,441.0864306430788,437.3905129808224,436.6981784522879,443.4123491647473,440.5425363671817,438.2902250205536,439.15436988606496,438.3453555556634,423.7219524578488,443.192050166709,443.3454521994991,439.35400556753376,766.7002798815588,445.63731359004225,439.4232158560662
TAE_W4-17_146,TAE_W4-17nonMR,270.850204325201,271.7222179085068,275.9497828069904,270.67140070889286,272.6631234351786,271.02881548434794,264.7843590193156,267.95507685417874,270.65869006524304,273.33704137641394,275.56553484792266,273.8303660443178,270.27281980591704,248.2658975783968,271.7723491383788,274.7282562985448,273.9774204774122,303.87398991619574,286.0186843698085,259.72059519757477
TAE_W4-17_147,TAE_W4-17nonMR,471.6703563653818,475.58072915543465,478.4536108508228,467.3490726759464,475.3878156749049,475.9051931574055,458.9471585061042,464.1556915206505,467.26676941178937,477.3535396168709,483.5961163145322,476.25545921942495,464.7091504214665,434.8676208667589,475.0535056727572,481.3675579585363,474.5867805761365,531.6020331859469,484.9341281349999,421.4108840679211
TAE_W4-17_148,TAE_W4-17nonMR,501.9603792403801,501.6171181293636,503.23623150303297,504.9147254079819,500.7076936235004,500.86138299287006,495.4858356335252,499.6406111273024,498.7286187271598,502.4574133050371,504.8806591109013,503.2659373622939,499.4578033103044,472.86939977413846,502.0107577717293,499.63481538704985,503.3021831152363,527.0203272977175,520.4996301182088,486.5004025429797
TAE_W4-17_149,TAE_W4-17nonMR,83.09006246592972,82.05985343045991,88.08053788350675,85.5199065339112,87.18853592717373,82.99733350842055,83.13883601630737,83.18313329060105,84.86160987628179,81.90865194788881,85.26196669381686,84.55804275556592,84.52228965026838,82.32446162548452,85.19773720859199,85.11005167022292,84.40656577185905,175.04257382696528,88.3495174754389,83.67680421973118
TAE_W4-17_150,TAE_W4-17nonMR,182.5801377472134,181.0891860927582,188.08834274290427,184.6254159598168,187.36366769385333,183.07140236426943,181.53543600393903,180.74801741208609,183.7296247247745,182.28225611333204,183.2294280123645,183.2420620998641,183.21229976476909,179.73079230065335,184.50694857171536,184.6857179887498,183.8426206952508,347.40675233363925,186.38906177396157,182.6097112734099
TAE_W4-17_151,TAE_W4-17nonMR,248.0401872524,247.3766663274357,248.6768957015627,250.40792990798624,248.6572604281253,249.55464434501224,246.85772113792703,247.0085480600948,251.06434629630755,249.02917770054816,247.652668337488,248.3470525001841,247.0098135584462,238.18874985462347,250.8171061202067,249.8636047841426,247.1723222220469,419.42376101514765,253.16249014582172,247.73090946262263
TAE_W4-17_152,TAE_W4-17nonMR,256.4701934525852,255.8456136947526,259.75295611607555,257.44856211062785,260.800229079429,258.1948285684191,254.82121338898304,254.72816565665465,258.2438592094192,259.5529586810488,255.21567826907173,256.9718664437892,253.7652016659633,243.32852835036311,259.30817344755405,259.3769076350387,255.5371414379004,431.601570075501,263.07054635784715,255.12013961453653
TAE_W4-17_153,TAE_W4-17nonMR,359.72327173972025,359.32836333593,361.8080378684954,360.7178283851505,363.4440756119582,362.7286449069623,357.33616464372113,358.0112135452671,362.0761581085481,361.2489397910703,356.90719050761874,358.65389437865446,355.8908566478962,344.64275409444423,362.5030061798117,361.9223798210775,358.4497908240637,608.2541124347828,358.8242019642264,344.9535726094025
TAE_W4-17_154,TAE_W4-17nonMR,298.0102250038155,297.0696141555908,301.1754548290613,299.09251883165444,301.3128427573276,298.87110964384766,296.49182144139803,295.45315771977926,299.9063660517669,296.92208900002424,295.19196662760066,297.47361015157253,296.01978616191553,289.8022917709616,299.5950235239048,298.6592476989284,298.02643038515504,536.6056538635785,297.5108223050976,296.22469218705436
TAE_W4-17_155,TAE_W4-17nonMR,152.750115084741,153.7677357154025,155.13135371212678,153.94740221998532,155.17114458989963,153.1772589011927,149.55223876535453,151.25887816448193,152.62007504139945,153.5022350136531,153.23633145082812,153.54974011638836,152.19484575634965,138.261541245296,154.66861410700383,157.14382736096996,152.41296438299875,171.61796458794507,160.91508676582092,141.29184342721126
TAE_W4-17_156,TAE_W4-17nonMR,227.87017219052092,230.35242591253296,232.7915153913408,227.54463633963496,231.20304035600324,228.8351662998794,221.25573488456087,223.69704229562,225.3958604794008,229.42818138990108,233.78431940282303,231.1136494978719,225.80775493715217,210.43778687528595,229.49330287984148,233.5300643611156,227.901725368012,258.6502610839356,234.76280457085906,202.21288339191454
TAE_W4-17_157,TAE_W4-17nonMR,120.820091179211,123.83215328369477,123.74652101906912,121.64087281827032,124.43469070449105,122.94287352620027,119.6277270440374,121.42168288046344,120.554094431224,120.92696457676814,124.3301451160656,123.5569334642191,120.1972848258978,114.2356524029182,123.12590090877576,126.47843603695596,116.2589312572368,139.15728052518025,120.18248344057172,93.60578019113446
TAE_W4-17_160,TAE_W4-17nonMR,335.7302537261181,337.77915122512104,333.1180165621406,339.67445291639046,331.7292061935829,338.94870275535044,334.97227110165977,336.1431072693462,334.185101505598,338.36608763083944,338.4063610633865,338.7178449063761,333.8562074750223,324.5206961303495,337.21558509197155,335.1719429220504,333.7144800451404,351.279126758743,338.1563859960255,307.78698706564626
TAE_W4-17_162,TAE_W4-17nonMR,107.20008087598929,106.81965470061492,108.24868064536706,106.9210378922868,108.4428216599856,108.59846503111744,106.0723453220781,106.30629296494432,107.15759710407472,106.88575918415356,105.7383646369346,106.51584322770294,105.47157484246496,104.94046607210002,107.63291821141306,107.193113952056,106.44317735952382,192.03498096889217,103.14408633834248,91.94829819710586
TAE_W4-17_163,TAE_W4-17nonMR,706.0695337100107,707.7807965989614,706.3779370462253,712.657095977471,709.4086131525258,710.4340666701679,701.6162681491666,703.7531898534061,704.664365236168,712.329725602625,716.7615521767747,710.099519343991,706.1551317753497,680.0188107254346,710.9279554691155,712.4011048680317,705.5651973220139,895.6573836460318,721.8305041571509,678.948913282161
TAE_W4-17_164,TAE_W4-17nonMR,948.1397163080228,949.3068555663442,941.3257372016724,951.2636976764989,949.373563149242,951.9677468656438,946.4797697006017,946.4532685322469,944.08311216141,947.350602060067,952.0125466495424,948.5726559275048,945.456461135814,935.1351175354482,949.753315379432,950.1751779506628,945.7604587148552,1415.4766348022563,935.0282173105738,902.3624736302718
TAE_W4-17_165,TAE_W4-17nonMR,651.4904922099297,652.196275898014,647.8763833970539,652.7882283007416,652.3991693520383,654.2320779645532,651.4427841706462,652.574926598081,650.1933892761673,652.6823875955267,654.3445518214198,653.4649508955617,649.6914992922082,641.1263001918852,652.586805979928,652.8965578340317,649.5157913213362,965.7990951103147,642.0645410243475,616.0639852758435
TAE_W4-17_166,TAE_W4-17nonMR,456.0303447469314,455.40036213253165,452.4725824570328,454.2878101116136,454.0779873842406,457.2386876578464,453.8590933798947,456.4761943698176,453.8499350673621,457.8754695884038,457.9917993027336,457.2905137280554,451.502416038066,440.2522829894601,456.14419523406656,454.3629656662951,452.4040903080951,618.2290061562836,451.716047693358,422.2194236046075
TAE_W4-17_167,TAE_W4-17nonMR,117.61008905499811,115.01221344934304,116.0254388781541,113.65110341970828,111.14011879995148,113.93811884849868,122.67309415115706,120.24346111459462,113.97383643687348,114.18974770029962,111.60932652173383,117.43542850730068,113.67540416337998,104.62667876733416,119.4206250095382,117.88825321170744,108.508379002381,118.23148816090044,115.91476236919759,99.68433618083775
TAE_W4-17_168,TAE_W4-17nonMR,290.57021979304204,289.9009866493,279.7364810098875,292.5220556325582,273.991185427328,278.88911838312714,307.37488359870514,307.64882794249,292.5551162203946,284.0070134273041,293.86774066365865,301.73714803474945,296.18426223099823,281.33266543840307,297.2811324763801,302.505596826894,287.18591014283305,286.88143497797034,282.38700144722327,253.9999745948529
TAE_W4-17_169,TAE_W4-17nonMR,365.5992761024034,364.3652765881391,358.7239450182611,365.46291471682656,366.67101446788064,365.22743155830966,373.96677395031054,367.5439465367981,364.0082387576552,372.01846088617657,356.37195730577315,364.0832667396061,353.24655105146667,346.9168015535186,368.7768506078304,367.6981630141606,357.7366578730811,398.73277461819794,373.3366999333438,350.72293562690754
TAE_W4-17_170,TAE_W4-17nonMR,561.5654239874331,554.955098625538,540.0803351244775,555.3119084819081,556.2043758619872,557.008916426351,569.9339222737348,560.4590949779257,555.654161938218,571.9386602367474,543.9433546063894,552.885445497726,537.7280873093167,535.3593760927822,558.0826930053186,557.9860104871641,546.8067702761848,606.6105235376906,568.2786392556321,534.3834399545652
TAE_W4-17_171,TAE_W4-17nonMR,242.270183045094,242.10639365969368,244.92361695904685,243.32132491809952,244.79247620136232,244.8445017568455,241.71306796034395,242.63162781188385,242.84036952869832,241.65686250150333,237.61515172752985,243.3615103738313,241.18602099605368,238.42291329802688,245.4679187396356,246.8451420830029,241.70243293981133,472.34998393737806,235.15374578751866,232.03024576981025
TAE_W4-17_172,TAE_W4-17nonMR,1007.8907611743672,1007.9246907998836,1003.727284822472,1006.3368038664116,1009.6720491632888,1009.5843427288544,1005.5753595232254,1003.3197600269664,1004.3249214570096,999.6905191368844,1008.030489963976,1006.2917835757082,1004.401740664824,1000.965395371304,1007.4331732337528,1006.7910676383324,1006.4317691553622,1614.9947238768077,988.0290162558771,971.6431531860732
TAE_W4-17_173,TAE_W4-17nonMR,861.5506509745828,861.0114227336338,858.9464609293509,859.7845190964914,862.6809153289339,863.0922748348295,859.7811393932233,857.9762512749948,857.5857944234155,855.6779681450483,863.3871402816749,861.4619956830818,858.750935879832,853.0649749576428,861.0103156186582,859.1396725396758,859.6250053084199,1317.262984989245,847.5188703304133,827.4692553867327
TAE_W4-17_174,TAE_W4-17nonMR,705.5705331561622,705.4262001412967,702.7770357390422,703.4815607058651,705.1520049820282,706.5340388130525,703.4304262766009,704.0669397585966,701.8180550529651,702.0830254464487,707.8458317435857,705.9527062551713,702.0900507915206,694.5246979277567,704.5494617253944,701.5644139037668,703.6877691631544,1009.7840229825132,696.9327901305255,673.2848127106183
TAE_W4-17_175,TAE_W4-17nonMR,1072.7988106755265,1074.2215893869693,1069.621252987417,1078.5976772438391,1076.2066090570515,1077.8780938694176,1075.4852096702,1073.3494623499614,1073.5401628556087,1075.5314967770412,1087.1021826238075,1078.7683292610902,1074.599235381617,1059.4432240167907,1076.651666888461,1074.9938991194356,1072.104119432875,1469.7815131961943,1075.1147520427585,1036.2427709218236
TAE_W4-17_176,TAE_W4-17nonMR,104.25007851722052,103.8491795315073,103.49613146893586,103.59212322474676,100.6778237704801,105.9044350820036,108.96991022812118,105.29196349595428,107.36066638625267,104.2170260871737,107.07970623557442,108.371063190573,105.3977132123166,104.1301950284923,105.52012004216196,105.64590274745866,100.31419603567264,103.01308548592657,105.49402722731311,89.54232416364134
TAE_W4-17_177,TAE_W4-17nonMR,208.75015743641603,207.7710987061789,200.83618722900155,203.1249994212186,197.0355767646451,207.9255528841544,203.7781988193836,202.35154737053625,202.64639123098263,206.4424255825701,204.840600408626,207.43858350670823,199.5577910429699,193.14703860598195,206.7713029214169,204.02010911828043,195.3622214670328,222.69100565931507,206.28297717451719,178.9478015877516
TAE_W4-17_180,TAE_W4-17nonMR,485.4253665468148,481.3714235423459,457.84323662303154,475.7424205883896,476.9851082850962,482.96658236947945,486.25631578460496,479.4035164948928,474.6866884835968,496.544389522985,473.7468568767033,477.1632683904559,459.4662039715832,459.4809420355699,483.5871610641218,482.5492461495646,469.1229931433182,544.1842710424739,461.1729105006181,457.9326996751621
TAE_W4-17_181,TAE_W4-17nonMR,535.8804051157124,533.7931334671091,531.2396576707366,531.8670029255811,534.7437637590891,540.9621061035916,524.0205745749347,529.3934703930439,533.0498006789007,535.2593571067462,523.4387975521008,532.580303235944,529.8861759601049,532.1490627866237,533.4568089712602,541.1636079925576,534.2024611450211,1007.775802024471,520.5700872180857,510.4758491967227
TAE_W4-17_182,TAE_W4-17nonMR,142.72010781793864,141.853244832404,141.5076821421076,142.27769098561885,143.80976716372197,142.6418642891197,146.4707039574499,143.99769037524908,142.32162116691234,144.5231280287148,138.91890065478037,142.33834391786283,137.78048802718823,135.526099624212,143.23864173767302,143.19129257108727,139.66375995836017,151.74650920698022,146.23440050571764,132.47776789819798
TAE_W4-17_183,TAE_W4-17nonMR,577.7604363602157,569.0257797069718,557.5586545097102,568.2400827501006,569.732256730261,571.0205880228445,585.938620561153,576.0618170341772,575.4223712004006,582.1277244634657,556.258223077478,565.3395051082737,554.3292741399694,554.0369157816934,568.3577344386323,568.5063680897346,563.860776045081,618.21299115516,578.3599734265005,548.1999132568262
TAE_W4-17_184,TAE_W4-17nonMR,73.93005566928628,73.18863734969008,74.94825480092402,73.84235475692255,74.6504330314459,73.60558746300536,72.83509167214447,74.55257242698195,73.53300438343814,73.03799623308333,71.44563220777373,73.66706356217193,72.73502461885627,71.70083717332713,74.43465367038334,74.95877687978363,73.4057134365049,156.40404171103103,73.30716633622988,64.59019445649776
TAE_W4-17_185,TAE_W4-17nonMR,382.7402891277863,380.76666239419535,378.2703194529621,379.6951103990466,382.3840816178271,383.4033501511078,379.2135889961027,379.87953762979686,380.8913330899848,383.5582829305218,370.93985217052665,378.77165584810905,374.2557785842225,374.4565816786662,380.113172772918,382.835806737404,379.6364384690866,627.2709550393686,375.86941787230245,365.95838267421976
TAE_W4-17_186,TAE_W4-17nonMR,324.9502452533908,324.1633957498827,324.1171809321344,323.2825106258861,325.7461773917873,327.126838420323,316.5588524721604,320.792300083759,322.1274751468174,324.75633911558646,315.72164702765,322.829859553302,320.3828723657528,321.8111644382096,323.7233628888085,326.9401269923562,324.29150216986653,636.7169641504764,314.55876021374934,311.1137812289129
TAE_W4-17_187,TAE_W4-17nonMR,1100.9058316293333,1100.0735048827082,1089.1441223604938,1100.6399914449555,1095.9673513330297,1103.8259557519852,1095.0352262954086,1095.6733115004283,1094.338832345344,1099.0260744145285,1103.6494747992404,1100.0866320671526,1096.3276589271718,1088.058307012276,1099.6626924395823,1100.1072881730397,1095.8165309658375,1568.8316474140534,1090.0756372917376,1049.0692464907384
TAE_W4-17_188,TAE_W4-17nonMR,193.0401458811153,193.8154697298544,187.98093840957185,190.1919575620053,188.794841980056,192.8749828774759,192.1023224927045,190.81144319797048,185.95360539916285,193.5053655291948,183.0292984238498,188.4942857125241,182.5541101602585,176.62746578301406,192.8297919669688,189.82800677336684,188.7033451800785,209.08374865923972,191.76255695096506,168.80145857910958
TAE_W4-17_189,TAE_W4-17nonMR,126.4700954947735,127.4392002932013,126.86349812680024,127.86449289397228,126.72603163437516,127.6351571947314,127.11674764734134,125.73334302188464,126.9135613346618,126.73388428792784,127.1930143958174,128.46073413569698,123.79064673227292,121.39947726544996,127.49605428309154,128.32134646024983,122.4258778530574,133.48923392851037,124.76427614963424,106.71981913205724
TAE_W4-17_190,TAE_W4-17nonMR,260.58019664740226,261.5116547679741,252.0370360562736,258.1008766577028,253.10836453258048,259.66019496734657,252.1549449610079,253.0164594323045,252.14301493913712,258.5561724316702,253.66352461160324,256.46479235303536,248.2520704698964,239.7918882803787,259.2631830262725,257.36890015942936,254.8610200297952,280.23994818693797,256.1092775462168,223.54467465478746
TAE_W4-17_191,TAE_W4-17nonMR,346.89026185603296,346.7417374543662,333.6833572292992,343.8972289135635,336.6761719239703,346.4140260908771,335.6784544505532,337.6153186043109,334.65210227655353,347.10203940089394,340.58172343323537,341.6110060137597,333.6109294583092,323.6649073686404,343.7648714778158,343.78551013886,339.260276725076,372.54617617289534,337.9447008437302,292.9411844058197
TAE_W4-17_192,TAE_W4-17nonMR,165.140124615064,165.13195952454774,163.59953852992663,165.1849260932472,161.7740860477537,168.28701560145944,168.09970703546082,165.43349853461865,168.40135554600926,166.12282992834437,166.35451169724132,168.31840839438627,165.9466768492849,163.21829044270078,167.8952060277011,167.72360320809153,161.8468724197864,248.86474255242507,165.96629110508138,153.65867548135375
TAE_W4-17_193,TAE_W4-17nonMR,1013.0697650363236,1012.1039770647328,1010.0036189570416,1010.7764446278054,1013.2557762264468,1015.0773033858846,1011.6642759679404,1009.4710547411944,1007.4328074584756,1007.373938723951,1018.1964765885313,1014.1759847336534,1010.5851179304244,1001.7192380019708,1011.9509803402996,1008.8939098050162,1010.6558807029312,1469.1042639093162,999.8081422755391,969.4814435143418
TAE_W4-17_194,TAE_W4-17nonMR,322.4602437346576,322.787158600376,321.1393553052969,322.91530419260334,322.857698509134,325.42985199943297,320.5586281058024,321.6758545075513,322.84177062439664,323.54193841645736,319.6164445305794,321.2918920025299,318.88839266478493,309.918773309342,324.4554875421046,322.20838107282043,317.8353062654304,484.76716128506115,318.12770812003157,298.9993875512615
TAE_W4-17_195,TAE_W4-17nonMR,312.6102363054704,314.0460609388614,313.5654200571952,311.1906878872961,313.89222316351004,315.6640914821908,305.564651672607,308.7380649116405,311.1382534466473,314.25654813604655,312.0493673335338,311.6871135187937,307.3304406795173,289.5610938836352,315.1902150271666,316.0854029118596,310.28284724044534,419.7387376447726,316.76017152801035,286.4226102479845
TAE_W4-17_196,TAE_W4-17nonMR,233.2701761041085,233.2660326590617,234.74208491678195,227.0931945405499,233.11758487630112,233.73472262278435,221.5647169727908,225.2285907382452,225.6875471515158,230.8704204251337,231.7620465660515,231.3115067491301,222.0917280435283,212.95267774153209,232.11163949867492,233.8313529321997,215.79278522016264,329.9979554028108,223.183847545183,187.83781281453693
TAE_W4-17_197,TAE_W4-17nonMR,296.4902238650273,294.8969997752309,301.46064658985364,298.5798609733656,300.5701602571451,297.4077387250584,292.7488310931917,293.64887207340087,298.7544140287333,297.7623274488397,295.90619615394166,296.95942317819544,296.63839460234453,277.7368356627068,300.09626667110973,300.4544866667172,297.1660814029034,472.9997226495178,309.02022064984715,299.1622657686493
TAE_W4-17_198,TAE_W4-17nonMR,793.4895991722872,795.5161364379504,787.0156679519393,792.1871770917279,793.7742532202176,798.8787032463108,799.7150726599773,805.0241122354438,799.9510872562738,802.220599453339,811.5872800720778,805.4320008609358,801.0341731893164,789.4382695565504,797.4480258221153,799.3979953230051,792.6129560248927,1100.583290285948,792.1846058427296,756.7646322623999
TAE_W4-17_199,TAE_W4-17nonMR,964.9877288447208,966.65006921254,954.5648990783616,963.3044300369984,959.068711782433,969.393810462162,967.230765664085,963.6482392148092,962.013179695845,964.7735921779778,976.460533128186,968.9320848496184,965.23901275459,954.8880414192804,966.3299607538524,964.0367693612508,961.8303272353036,1276.1631535322178,960.9217790269012,919.7434931668126
TAE_W4-17_200,TAE_W4-17nonMR,529.3903996754174,530.090252583095,517.9224257089724,529.8926660395645,524.7351273940592,534.7707023015295,532.3833145833772,532.316440145693,527.2530675173015,540.0265984761496,537.8820994696222,532.3775742521211,525.3606069378006,514.9686065865433,532.442386505385,530.9870398640679,523.139150178024,569.8258919699172,542.5049425430598,507.60441633676345
WCPT6_1,WCPT6,10.803058778237926,11.515296966010249,12.374758100812029,12.99895194032032,12.244129579096317,10.741518924116871,10.785420867443785,10.527165829352796,11.450681436972788,10.919349775238294,12.328269437942284,12.078608455836472,11.894906877088705,12.295531766661794,11.262835597398109,12.055336890477026,11.678400637904389,11.558548112383084,11.51688012281913,11.549536978557697
WCPT6_2,WCPT6,9.153919327235588,10.095435420626924,9.467633652660169,11.015031102074428,9.415576658963406,8.656323767100178,7.379815694277262,7.932267065878601,8.555906563505081,7.291803160736142,9.21880882693196,9.173558302995344,10.376731728092471,9.083889897437452,9.33751887296105,10.721925631043783,10.168750752950723,9.782137573212061,9.713346547305298,9.721317158667816
WCPT6_3,WCPT6,2.939770189284717,2.978592882676684,1.8175098437841049,2.679195750660881,1.817507082746649,2.146094951470272,1.117698916386376,1.676250997829693,1.558217156021212,0.7900583359450811,1.4856371512268465,1.7466858614867289,3.0066101766823885,1.4375291373835957,2.452310036669432,3.1201601495397067,3.007938989490236,2.7997855181883247,2.622053318706126,2.700300222889519
WCPT6_4,WCPT6,-0.8604209105279021,-1.3462147116962295,-2.1385701716638605,-1.3981348456043885,-1.7921562647790823,-1.4493962828065985,0.3872736214827728,-0.3112123196723484,-0.9114935928593538,0.0570721121970136,-1.4015348802003698,-1.5212633740541353,-1.9964998932004807,-1.2040135348282175,-1.1468166109898306,-2.457441432636917,-1.7276023520651462,-1.8389154051006562,-1.76180049404203,-1.5482959756492727
WCPT6_5,WCPT6,11.137666910109887,11.46328923182131,12.242726530673137,13.936691932689214,12.003671023433252,10.664724314703369,12.825814483566292,11.9659917150481,12.14139611255294,12.270391540851016,12.81045800896963,12.394513165843142,11.567803193739875,13.059395723642613,11.486053267520733,10.87047155625413,11.386725195725264,11.684019136543299,11.084818168334861,11.162791609916564
WCPT6_6,WCPT6,2.437858618986249,2.62394297671773,2.0841164682240194,3.1976566910398616,1.8110938104309595,1.4198280364036189,2.119446192892801,1.785882299538032,1.784927104602236,1.4868092134191513,2.0412603321950766,1.953306094298953,2.2751497421895723,1.874273158560104,2.14784400863939,2.0364372943752183,2.620691915404624,1.9645010864973584,2.1113828119505995,2.0912868947370185
YBDE18_1,YBDE18,57.170043178702045,55.63243186501825,44.9296293969954,47.57596542577188,48.70358752590655,51.98370059346348,56.63049478243046,54.83631316805246,53.54900120190278,49.209087822956505,54.92094819464197,50.38068214753851,53.045538616475234,57.62964849951682,52.13272330032025,54.4381348751707,57.24676867296033,57.74794878101205,58.21521578481399,49.8617661244178
YBDE18_2,YBDE18,91.1400690089274,90.5950582681916,87.38676027145286,86.62050945669205,87.93935578197559,89.66836790188876,91.80817614968018,86.73952102097816,86.59670877537164,90.58460490161691,90.61146933524634,91.16630191700403,92.05393088528326,86.16802919280919,90.44455275633608,91.68938672366818,90.12128111651248,77.01346282910994,88.49408560852402,90.86159961986931
YBDE18_3,YBDE18,20.960015604208927,19.89863911444705,10.968439088351198,14.870478991877864,14.23408944301673,17.70922724673078,21.36908187675993,20.4408844836553,21.145918235195232,16.34568473937906,19.66136498109347,15.911687703662713,18.354958466357232,20.18940560664668,17.202431268181005,19.35699489924432,21.68507439035623,29.375473949914113,24.969883778208036,15.973575122377817
YBDE18_4,YBDE18,36.400027403086895,36.67498781017612,35.15007182892284,34.831533838146456,34.884168642583525,37.00316691923241,38.51356747681195,34.68626344964659,36.01537959497179,38.70247757246689,37.63867952358561,38.4704632235365,39.90125435240799,31.27084528335103,37.23290899357991,38.733968570626736,36.50353389353159,28.651788992000338,36.204005820302854,38.42344831640846
YBDE18_5,YBDE18,38.99002945911583,37.717451917396026,25.16172987341672,30.237209983422165,29.63007643224172,35.19796021444984,38.376960735051306,36.774481759071406,37.56202572728744,34.0339865531744,35.04862174470149,31.537030095894263,33.57028240323599,36.8455908816528,34.36776518022431,36.17233169990218,39.02595538050232,42.82360038557019,41.37137504708311,33.43552100827592
YBDE18_6,YBDE18,51.74003929217865,52.02195620651257,47.879611738167206,48.12636540615684,48.62842011135457,52.05896407976734,53.34057355357788,48.633622039370486,49.712754286248,53.06454167408595,50.82481873227879,51.56865359085083,52.81008833940397,45.54851914985223,51.90073894641877,52.97659910790045,51.191049023772365,43.887189396759425,50.7994625201752,53.34541849177623
YBDE18_7,YBDE18,12.31000960249406,11.425289328831596,6.737942089108418,6.353540892203265,7.5644688283944275,6.762707252510071,11.127341178994238,10.188980328702566,10.47748207648265,5.556599718605447,10.621243806725056,7.606404910065616,4.563385190420231,10.978204767317717,7.01341655194304,8.813607008759496,5.277502671195634,26.739089256869732,16.74074291515288,5.809309554267126
YBDE18_8,YBDE18,53.73004063447144,52.709897792227366,55.00505266193285,52.1971027603699,52.75365534564244,50.56498324880937,53.00212412248568,47.75920114146093,48.78893094798322,53.56780772363251,52.39704648061694,54.5840982851955,49.707442983318366,45.42795217783896,51.20694545832328,51.67187990336922,40.644807537700906,45.652262015548345,50.14601156521663,51.32854404811137
YBDE18_9,YBDE18,32.58002457415925,31.998475588238826,22.97650945523479,28.5845808894389,27.510068618334312,29.058432620594523,31.744012778164112,32.260827070955365,32.19895934312819,29.73846953220244,31.22127837273456,27.677161276348468,29.643617019894712,31.473031534160327,29.60508737341444,31.29408402994109,33.145070988979775,42.85989416437609,37.864304017974604,28.062932806299504
YBDE18_10,YBDE18,28.870021645996427,29.932392299040387,26.942744268204898,29.81789265333556,28.07090596379768,28.932861699752795,30.403616397023168,27.90496064412503,28.4864778152976,31.683154838581423,28.135956607924854,29.5354702801137,32.00506381022373,21.91063792683303,30.730193599895305,31.783207459166448,28.98537065275646,23.618584057149782,29.357395677924213,32.201227214582865
YBDE18_11,YBDE18,42.11003166452112,40.84982490729975,24.348303335658564,33.36351903551761,30.756798056289096,37.20852566969026,40.71661336835968,40.16906127698448,40.94228849106723,38.61086269524524,34.29109268414004,32.28820537204755,32.81200572783197,36.62848904436176,37.01057297425881,38.15009165009908,41.62130846394985,45.70896383601701,44.407090848645275,35.59858914852927
YBDE18_12,YBDE18,42.81003228804348,43.5006151866268,35.13956606529941,40.47834187148365,37.831316837256566,42.05055192400635,44.39390290987915,40.43644256187737,41.1764856944675,44.894365560797866,37.24216795861423,39.25479333924072,41.07934114103238,32.94863135758142,42.82436855773892,43.51477010609013,42.04779363394452,36.278200917497294,40.56672071382036,44.00066715182007
YBDE18_13,YBDE18,52.28003943253362,49.37600421353479,36.39802056500928,42.67656874127248,41.98104709216092,46.80029663503834,51.41447652109542,50.30375193332424,49.40414644469492,47.68762057104735,48.00184782270955,43.15445077755185,48.04509295180336,52.95390849079104,45.41130108840279,49.24173117958311,51.71701949937877,57.14139743280247,52.0845608283682,43.69060017323333
YBDE18_14,YBDE18,76.37005786063592,74.97464044478777,69.31117799627967,73.45786075138845,71.9134914744496,75.49706417028332,77.06235680934385,72.83590944250038,73.40413709251554,79.85632291339265,74.27374744008827,74.45982301263842,77.91424559909709,71.9977398918082,74.18523314993018,77.15133959808506,74.9407129359247,69.72313740988483,73.55189287349334,74.7456218616951
YBDE18_15,YBDE18,44.80003363033625,43.22041777372277,32.876043006922615,36.93740618536132,37.29886971470016,41.13698598107901,44.95117298947905,43.2700357008782,42.84735278650537,39.688445119231474,41.79559112238966,37.88112709606053,41.67047771869316,43.87626331663067,39.47912308164496,43.08887214693405,45.62662820591653,47.883491128078546,46.28134823701513,38.35438324935799
YBDE18_16,YBDE18,60.11004554649216,60.02855001257275,56.74570596112772,58.61982029700116,57.79454719615475,60.45622683559933,61.50006092151381,57.3183733661621,57.73636903576757,62.0814124929548,59.079252299718085,60.07036140809778,62.7169422911069,54.36208587251577,59.521565718439874,62.13208488700175,60.20599592553913,53.53273920065303,58.38975852697425,60.701601249880106
YBDE18_17,YBDE18,66.59005036829909,64.87292955295489,50.79154774074692,56.61709086628312,56.762558292827634,62.45719139594833,65.14296200257323,63.16692149107798,63.33759434162732,61.880488351926914,61.42211759324899,57.38592601610183,60.96308951843735,64.9448555045982,61.31265427587308,64.36988382204636,66.48536152948347,67.27802392937295,66.92851817494537,59.88856847726713
YBDE18_18,YBDE18,78.0000589001889,78.0230317710338,72.24248678509619,75.23655844395051,74.58145850784132,78.11652089354268,78.51086340926713,73.67819357218912,74.08324083480657,79.57783433423803,75.54361621159067,76.03899509457622,78.8937257019267,71.9490797330208,77.49439118371086,79.67110753072681,77.28677673180587,71.06022708622858,75.69482859413785,78.31982520525933
