Reaction,Dataset,Reference,wB97M2,B3LYP,BMK,CAMB3LYP,CF22D,M052X,M062X,M08HX,MN15,PBE0,PW6B95,SOGGA11X,r2SCAN0,wB97M-V,wB97X-V,revDSD-PBEP86-D4,mace-polar-1-s,mace-polar-1-m,mace-polar-1-l
BH28_BHDIV_1,BH28,56.95506721802172,57.98350780627861,62.25310912519657,59.66948507546321,60.76208298535855,57.58449875359893,60.27681767266084,58.27992746859316,58.60179483637285,55.307907622177545,59.69747206076438,58.1293563820401,60.05193333736206,61.46902631095752,56.86413080407168,57.11421027225027,58.05775279076267,59.335344709532514,57.014707573118365,58.404543829479984
BH28_BHDIV_2,BH28,50.09560239717492,50.92630834957576,48.098203345691225,51.61811758992734,51.99157953966864,49.27810564470229,47.55127625375041,49.93677774124704,49.02772277570914,50.348344388031,44.06871319319841,48.70950475203893,51.40239188091308,46.39990975981174,50.716834266458974,52.64326500846944,49.119833017656255,50.771234094139714,50.30182625880029,50.68204422604271
BH28_BHDIV_3,BH28,65.55927318575337,65.52706450497077,64.78146910582869,65.31129060324274,67.35250989631704,65.56601765756434,65.72429656850271,64.99350675339461,65.42763851533819,63.29566346830638,61.31094387325509,61.5337928188293,65.38373851728078,63.95464298174449,63.82705380218044,66.13131979568483,66.06178492556535,68.38178406776447,65.77021468349609,64.35556569087747
BH28_BHPERI_4,BH28,35.014340274654955,36.72638723667293,33.08599023218187,40.4925217658105,36.689480517971575,36.28402223665696,35.05572326944744,36.65898431053062,36.30328106716831,36.52304674491065,36.83973910479408,35.6278469375567,39.01811904221069,37.36626046713759,36.69054973135369,39.40887960835991,40.663668832162806,43.239003681145014,37.783153567933276,36.52250282875392
BH28_BHPERI_5,BH28,30.99904394721036,30.46753018223464,31.232419615182494,31.866169984708883,32.54068029488329,30.81388409919536,29.77140800653124,30.54155998493082,30.025615357505792,30.642715014152994,28.43776833363946,30.149152896653423,31.95056768718898,29.4541882876734,30.47714864744629,31.309559103840392,32.78078851955002,34.177541235776694,30.6940184459965,30.528116922743184
BH28_BHPERI_6,BH28,39.86615693177946,39.65884712884798,38.87997985959159,40.54873707654756,40.678431989646256,39.37907466536819,39.24357861541057,39.289646972460005,39.23340129025743,38.52318154945915,35.82045990384913,38.28594274490414,40.632738506794325,37.03767027664991,39.48993939968487,40.40310668582707,39.60976326560543,47.65293873785459,39.19982949170066,38.505488335345
BH28_BHPERI_7,BH28,28.48948358568012,26.981842940251987,27.182530321961355,27.622107862147168,27.74358353067937,26.08098801752252,25.95975456763613,25.37518644541132,25.443277561178306,25.204830236148712,24.398914045506856,25.28314705806556,26.41072767988633,24.836528673312763,26.576102969945712,27.26063554768833,27.955733205639937,32.35880133249065,26.834425632928106,26.77638564768043
BH28_BHPERI_8,BH28,37.11759076176924,37.65709636190194,35.78460482827207,39.055328283233344,40.34921058737654,38.08626082161796,34.253274445183735,35.9526454020714,35.34453463038974,36.9744771860588,35.336318962593,35.52387219451249,39.96600680403517,35.212266175414825,38.33297934906968,40.730984276572855,36.02840333195978,46.58286644182508,40.20037141741692,38.684513270005176
BH28_BHPERI_9,BH28,22.44263851366524,22.0161410319494,26.42092339105632,25.416355898747,27.110671451047367,22.210547232081577,19.32263593174757,20.775509495562765,19.710226257304825,22.05606098842397,19.87080925751335,22.844102446156537,25.53794269917501,19.350579179642587,22.574181442194345,23.55152449873388,24.86624034205793,28.091387760045208,22.681095523417245,22.55086431267461
BH28_CADBH_10,BH28,27.5573615601177,27.468751135547144,28.90950404010868,29.523241249979392,29.614124451120503,28.529793539267697,28.2838597751779,29.98037518748193,30.76947569297573,28.507737585286183,26.41416235299923,28.86618687284549,31.317709196895017,26.9848482714074,27.89880283090504,28.94521999684054,27.712710101567843,30.463473894021245,28.918531745838695,28.046633872024156
BH28_CADBH_11,BH28,20.100382218070973,19.91123875166059,22.499721983771423,23.230745608908844,23.0069126030097,21.382184525564902,20.641153065558303,22.284854017453547,23.02611112987232,21.57405445788893,19.113626644917723,21.903886175903548,23.863653044968128,19.513603630962084,20.83236794076061,21.56676618634372,19.7029928802818,21.150199384058226,21.7364505069798,20.763691475829706
BH28_CADBH_12,BH28,13.8862330801201,14.366494632293952,18.26073396554744,19.18826695157934,18.57339263177574,15.969802360094786,14.636201969292644,16.08827690180658,16.563143629539105,16.763107869328696,14.324817084547467,17.003005682506096,17.826797798284094,14.395742597888376,15.532499165234295,15.95588238018461,19.578669170911382,15.72402829282309,14.745496928630594,14.89891388132545
BH28_CADBH_13,BH28,11.63957910791783,12.60842185838544,15.4917861623122,17.598344753873334,16.822629025458475,14.60527045857266,14.78378836979048,16.181878599504355,16.723261958982654,15.413073068153103,12.90753761514317,14.968793097462724,16.545752267207646,12.811237563963465,14.350360485203048,15.126192553872878,23.376470371390543,16.645005130785016,15.05944154746447,14.214305651762071
BH28_CADBH_14,BH28,6.668260174062819,6.3962697065884,10.35755503859257,11.380268661624314,10.362239083062455,7.613779526903769,7.101527604481968,8.300277527064397,8.758146340891438,8.281192767675496,7.01972082586187,9.064863747418212,10.231932473691217,6.800760995792592,7.666197715052473,8.259236022928858,12.593227570523966,9.16361118850235,8.128364422963326,7.565476838426579
BH28_CADBH_15,BH28,4.947418980516489,4.960456807604535,9.69239763162518,10.590650209823504,9.569855134226998,6.227924853445567,5.027498602038047,6.215789510475682,6.716578717324961,6.910139097412771,5.725198462082427,7.867432849783597,9.155141401944784,5.511135339440211,6.534567523606747,7.076312516783627,5.378836140259453,7.229291016301921,6.6117992599085,6.362174913440899
BH28_CADBH_16,BH28,13.264818605581643,12.512989213542124,16.60047686643517,15.924074050451903,15.953359415591784,13.0513122720885,11.755668925363183,12.966666954365056,13.577983358198232,12.6713712870421,12.047980408665287,14.4959419929192,15.99946987852038,11.45702850704352,13.051730632666064,13.350926710643115,11.418019220581105,17.188512009985228,13.547453506564624,12.675901292486381
BH28_CADBH_17,BH28,6.21414913795087,5.178037120856741,10.537374278969503,9.291217772649606,9.610236435660475,6.04009244258143,4.061879305007096,5.442005130703765,5.593934524285359,5.945306195235063,5.306854775749582,7.843358762566058,9.012963882115676,4.498023615359721,6.04798437820592,6.271531804547661,4.987112821460633,9.847456591547825,6.209076547832311,6.015859398623827
BH28_CADBH_18,BH28,0.7170174254399184,-0.3643165011590565,4.8642626800506505,3.778850318367715,3.86591242606773,-0.0323920390469552,-1.42745158624286,-0.325589628462636,-0.1500147366496837,0.3152734982068108,0.3983932776386847,2.3557224606539053,3.1041270942278647,-0.5060225103548653,0.1653372629932537,0.5431493593934733,-0.4258490253490634,3.606734440349405,1.0624075766836485,-0.4587815281685422
BH28_CRBH_19,BH28,46.15200781227431,45.64239544570966,39.27329740135664,46.886226966659855,46.16644912708638,44.95806059620864,51.61354492837936,49.92452524227206,49.183242213739966,49.10281313216266,48.05778050313828,44.32025318967722,47.738936287780085,48.26910021711682,46.343961140616535,49.60429674102886,46.80301832502158,43.2327194310728,46.07173398907873,46.148050358431014
BH28_CRBH_20,BH28,49.88049716954295,49.55775041001696,43.09747875313649,49.47150400185056,50.58551121725787,49.228639072875744,54.687398267276514,53.22681474555923,52.654596637309794,52.638936322607336,52.5415701328344,47.83621713623965,51.59502461375892,52.46314588130453,50.2376782605027,53.80404138345779,50.54144600600003,46.52474954971916,48.51602092944012,50.395142192778756
BH28_CRBH_21,BH28,42.94933060615216,42.023416720053255,36.86954900510102,43.54819345695721,43.33697163445579,41.751449533198176,46.50590589912812,46.48773441705206,45.89269046339594,45.12928515307973,45.75269416649187,41.31342627120679,44.76492949532625,45.13044014699509,43.13554630161521,46.401162143223374,43.69765420880637,41.96614131750632,41.91881853574409,43.503582767856685
BH28_CRBH_22,BH28,44.88527702733047,46.34961418523625,39.72993284535416,46.96540059005449,47.30038416078249,45.015126307783966,50.87325581205059,48.67219454480377,49.18569998012983,47.363898850037984,48.80820182664179,44.13040979917005,49.36465413589877,48.52526182090001,47.43116447710047,52.158425335384,47.77818370464063,45.028516783005905,48.989713387165786,47.44466884725921
BH28_CRBH_23,BH28,50.88432093764936,51.3409124559672,45.03747091615635,50.070514631157806,52.5607856024609,50.75968688840781,54.49098598212688,52.28728697873586,52.92694045534892,52.006311391316586,54.752927324644,49.032091684924055,53.88598351584363,54.015087817096855,51.74303646565741,56.49795882014573,52.28158620955046,48.71292238733724,50.90309961373938,52.15074657132171
BH28_CRBH_24,BH28,42.710324797672186,42.41873275402288,37.097204610464125,41.37667175885558,43.20230220275773,41.92789264715115,45.283421560266895,44.01490136926719,45.123660722938986,43.30469455514508,45.53119913537283,40.88071763797338,44.85006245060758,44.65320588941803,42.60602061211368,46.710350744805964,44.039342699542175,37.90425452850211,41.67524511847562,43.25100878849124
BH28_PXBH_25,BH28,48.44646294617259,48.48296529778385,45.69515223797629,49.49464498250329,45.96426149570485,47.3164482778415,47.1709069307261,45.33525660381645,49.39408564801728,49.01143369652853,42.14444033077199,48.65494230127292,49.28958191448058,43.93091305396171,48.229959062682624,47.71642287936081,47.04399600104476,45.99555571174777,45.903311982740775,46.611475592734315
BH28_PXBH_26,BH28,26.6730400687418,26.532698955381964,23.142722282217253,27.233233965962643,22.1183442529946,26.88863036117672,18.940447082248863,20.37240098623856,30.31099468088635,25.2048264083172,20.13680889202334,26.053664184208145,28.19529766884966,21.078005520371985,25.41886813290576,24.170442050337392,25.221898401586525,25.5158456443743,23.90718665827748,23.856711951594523
BH28_PXBH_27,BH28,14.459847020472036,14.162155082694504,10.916248999927449,13.521303502236004,9.573372764092545,14.317638940936328,3.9511615961623225,8.214387167787434,11.839869840900525,12.76955581190873,9.33374107766164,13.102849562438202,14.915852507699409,9.836012650173853,12.289895037312052,11.476639370392247,13.19273053056958,9.892035139095341,16.299120363171234,15.506782295378589
BH28_PXBH_28,BH28,14.388145277928045,14.128158941203456,10.29552823710167,13.005704632477304,8.800526636519283,14.5260285621951,1.909595039336402,6.961075108172579,10.969974604069868,12.535385905185102,8.58036437277435,12.825252799826371,14.730129156184889,9.053176069715184,11.915989940390316,10.913798261697783,12.84393846822186,3.7876220198234574,17.666614153791294,15.232497115721005
BH76_3,BH46,42.100031673542496,40.30149872027141,31.143988846567943,40.71518534505067,33.61215121583249,36.061657979427245,40.99856479572576,38.43635965237447,38.85533015794272,36.55813575693865,33.85105787780835,35.64828021480323,40.09529904433234,33.74430973113846,37.342640132030425,40.48646837016226,40.6696775240391,-41.33589695880638,57.4353887653495,48.44135123242428
BH76_7,BH46,30.50002331305889,29.93943854016032,21.61613693751135,31.56835298431118,25.287661172960263,26.88866173667531,31.083643582234544,30.23154143930936,28.57509420120541,29.313928750546587,25.50292647826987,26.300074416255384,30.73494704690316,24.48975445053173,28.24913860922289,30.99980988525844,30.35025177208784,-47.500793143509355,33.13662480179432,32.45872353154859
BH76_8,BH46,56.90004279476982,54.46235021478587,48.76275765330335,54.145875475201606,51.02774136549788,52.827845163243225,54.85434364880158,53.845874114311165,54.99580988663761,52.33048247186294,49.96269714559275,50.12796488053498,53.27830309020604,53.40030166237831,52.76099538668453,53.87920566054462,56.46962138838514,51.075958168475545,53.89823234101587,55.08264651545542
BH76_9,BH46,1.5000011568309202,1.775245762942764,-7.115306269251351,-0.218656554758844,-5.0180967531192175,-1.720743929567982,3.0000764225377106,2.0298007541813314,2.232372170322072,-1.2174242280294008,-4.1044288399017095,-3.679876700326784,-0.5910694341481838,-6.291577845706957,-0.4977852562571784,0.5533485218825733,10.964550956217629,-72.03913476950264,9.587493723958994,2.5497665604227135
BH76_10,BH46,104.8000792760636,103.93826021168998,95.19923138616018,105.62587082524698,97.98150090177036,101.1276698129766,113.09220802783116,107.80203050864829,108.36184946897215,100.14758912083876,97.91300748966071,99.35708914372718,105.06863500767837,103.79955457626302,101.83145080456572,101.57652859477486,114.744201549437,94.42672379570259,105.47067105588268,105.28968194478465
BH76_13,BH46,-0.6000007137361577,-0.980391623093481,-2.009254650733171,1.860013695985226,-1.0324204416203286,-1.2737814813922526,-1.0660372536686886,0.7899893726626667,0.16204108121379,-0.4467289519156675,-0.8232619330051381,-0.9891269942194508,0.7404735413282967,-1.2407852762316467,-1.0805197330599894,-0.1194225830100105,-0.5367411724029436,0.07449734761787703,0.3511712118826843,-3.0620109581857164
BH76_15,BH46,13.400009874182606,12.456495978866108,10.48162865907363,14.752073225219036,12.27702456698264,12.650528246090705,13.846383216468976,15.40493458404366,14.632567057917871,13.880426358446927,11.937494501792596,12.246050134588788,13.895554921619429,12.601027537745942,12.445815328361196,13.235512469881089,12.865651366541009,14.789588116536839,12.949916678941046,11.168135091597899
BH76_17,BH46,2.5000021372213586,2.9769727787140403,-0.0206447479857727,3.9926610566451415,3.153224000180397,1.538339475662163,1.025640891988751,2.793161385792539,4.336673924081464,1.8606292200714567,1.36311435766568,1.1560351016586092,3.9700633737957416,0.953589501174484,2.877951971965673,4.393146890205365,2.0884400555185603,6.512586511196127,4.041365107689364,3.2522480930020703
BH76_21,BH46,-12.300008984005968,-12.185545231876564,-14.256579884625246,-12.007659536447091,-12.568461490346449,-13.547735017044564,-14.024050726857444,-12.64077160330595,-11.150161502183328,-13.731489745874818,-13.301087460905745,-13.42004618890982,-12.173107492062766,-14.801319290258348,-12.533766303274666,-11.284336268207886,-12.445031831945418,-9.717773909722146,-11.26423479541856,-13.720032259233838
BH76_22,BH46,19.80001476816057,19.47060938001402,18.336986343996266,23.22329274158933,20.660661833059223,20.629524562038128,20.64127624570835,22.70565446613426,20.168579884944823,21.88688738346912,19.597051095910786,19.55223487119337,22.461963609199376,20.77641637227175,20.18435108056157,21.05707130231656,19.72323283059028,23.416613777054177,20.715127658161407,19.545219057263584
BH76_27,BH46,11.000008274256924,10.52630708262334,8.181485904819223,12.469735173761771,10.337035227761223,10.745089453020965,11.221033677265805,12.858185752044594,11.83837097173817,12.16358390628252,9.23763743695688,9.832908800038464,11.89908320362453,10.096310984589383,10.573961344338386,11.199971635541116,10.868652026043325,9.757334441849551,10.365051163692211,9.456221452690215
BH76_28,BH46,47.70003603421189,46.44608887227133,45.01034826240269,49.34985332095057,48.21461243997326,47.6437007436577,48.371575087019096,50.589705365077606,49.66807460765694,48.20213253155499,48.673673898331806,46.47323449285358,49.38626901349132,49.29398320317367,47.12074677266841,48.7168816906679,46.78866314718309,46.80469139876136,47.279260115570445,46.252453689131
BH76_31,BH46,3.200002133234244,2.9041386325772582,-0.5991731542365769,3.3221632303551565,0.1106999503307623,2.9424923253819864,4.892076660969938,3.4914862452712905,3.224314674055296,3.194920122262355,0.2619652506177951,1.3775196533696794,2.427071480117049,-2.012092499572694,3.3612912071049137,3.0072419532151824,2.6644991142032497,-46.36086095043573,11.36512165147564,5.191872113897616
BH76_32,BH46,22.80001708182241,21.980855860481487,24.52959044621166,23.69599054561473,24.64690221286768,22.87475346018305,24.9863382771285,22.55203575433501,22.28410615166513,22.74939821433531,25.36870904161538,24.452771112893853,23.71350559005928,24.40289960919137,22.8620540489482,24.83685478999224,23.675961286580456,47.13965034426875,26.81517554616583,23.414023466121247
BH76_35,BH46,6.400004893977961,6.541228599413068,6.097879288028214,6.763856285112804,6.671349779707122,5.876180692850157,4.370771157360492,6.106796699664327,6.266081382768379,5.986889804813311,4.161244363452435,4.907851119622843,5.8786124803032855,3.852432142036707,6.051155183602156,5.423631276813374,8.432444629835162,12.197955830190477,7.137367961983638,6.785880495272377
BH76_36,BH46,33.00002482277077,34.359560619374044,29.4014193844718,34.75988844596651,33.153052169654444,33.34716494634565,32.61920582646625,34.20984212994593,34.17320323227906,32.94363512715914,34.39543169645181,31.31998354221142,35.06295023331085,34.13401275557606,33.66816271148443,35.40530321261593,35.7500166441046,41.156912743221355,35.22344860887977,34.406621466546525
BH76_39,BH46,6.100004537109882,5.874149005417291,-0.8078787264736855,3.965913904627501,0.9772019296995258,5.00851079288986,4.97088049296859,4.510899293976953,5.329927922585767,5.450736423052371,2.898843393878113,2.132990922119816,5.006748181506064,1.162793629713264,4.873631020007609,4.497418068700591,4.601066392630137,-57.89204859370639,10.782722371630317,7.339354015023034
BH76_40,BH46,8.000005960595084,7.295308930683907,4.354474485313506,5.71443604710523,4.988760873439089,6.492432646917728,6.059381330789036,6.574695938658899,6.283327162880891,6.71393891048738,2.2936843012528465,3.954342504427373,5.398824572274414,3.706990255146613,5.975475658484788,5.928552759031983,7.830406244778133,12.016202205281777,8.324667566938972,9.026137889229089
BH76_41,BH46,5.20000409401512,4.128109102180872,0.7989234760543996,4.335296540772259,1.0971177351479109,3.4639275979480284,4.535078551804423,4.845415997742466,4.580578385245614,4.158561321189564,0.2497884292715881,1.7429870069057507,3.766829119366117,2.945717912334204,3.4007113522721326,3.14313283212642,5.871746527665057,13.851012315605715,9.541036592334386,6.663067637571497
BH76_42,BH46,21.600016281859567,20.98951614236102,13.289271143765491,20.263260208683203,15.495477486787784,19.06035554587481,21.942935274704773,21.20508020491247,21.761809434093166,20.226343763571936,17.226980317297453,16.86967585802371,19.297312535916195,15.001176414150676,19.277367335545524,18.459046412133294,20.857909866131767,-46.63531202882479,27.40147153787421,22.9788566304599
BH76_43,BH46,11.900008717351689,10.776875317923786,8.846859300532016,10.38176385208193,8.95546318097261,11.48043015511098,11.530563706764765,11.775869522113158,10.394063100517704,11.893931978356022,6.997517030640491,8.521878544512278,8.689311689148417,9.427106580773836,10.431514246452588,9.52436257989185,11.244477726156951,21.127264428338403,11.885026906324406,10.948300068876978
BH76_44,BH46,15.000011568309205,15.43671429934198,9.5270736718205,15.4769571721718,11.136766936022664,13.97336841818004,16.116328771577134,15.632787227375632,13.944774191967424,15.136837248085296,11.882190083829949,12.615446262187238,14.912991001731806,9.69565434303205,14.423764535453426,14.18376324594516,13.853901529218728,-49.52019162749687,19.007913182677218,15.92332648479971
BH76_47,BH46,9.700007564507882,9.162769407103053,4.285927734903941,9.869770965574618,4.896710441925399,8.510998848002167,12.45521441627824,11.414374554557511,8.11723464499917,9.728756911062048,5.65430639501458,7.356272417335981,8.540686446721864,3.837422554672286,8.853194134174096,9.116024406602811,8.413949339670811,64.35034645299059,20.753478857706842,12.157466412795637
BH76_49,BH46,3.400002580316121,2.950565674022698,-2.1682587743381894,3.044142396843569,0.1147180817496415,2.0481971984324923,2.8985199127408787,2.833454835901298,4.861498438030594,2.3622119753848043,-1.7815683601531285,-0.4596773588858455,3.196758474018071,1.110670935788082,2.410249770904295,1.9858731457136904,4.373894959746188,8.669670904833247,3.6681712383932075,1.870644250480241
BH76_50,BH46,13.700010231050683,12.397347437859416,7.539592784096318,12.06965891571263,9.74950212325577,11.61100232646903,12.50862375564632,12.316947974758486,14.037288478482312,11.695429647389837,7.692262764324611,8.760391632553572,11.8017145038224,10.374419794956578,11.728336746220046,11.01064801114199,14.206445047138178,18.59533949147994,13.052641144679823,10.938223687858306
BH76_51,BH46,1.800001513698999,1.50929595264678,-1.1980368208061514,-1.1716703787410103,-0.2188306258545344,2.476346912579884,-0.7508444531757722,0.3942829650827004,1.965261969539948,2.6815193554672705,-2.043290890108568,-1.4818672625630689,-0.5553098027265614,-0.2224186623267931,0.9425539940694144,-0.4937940449847022,1.2762836992705924,0.6217286321634052,2.624987431044139,1.005447230686605
BH76_52,BH46,6.800005160632242,7.590294859322675,4.644530762323028,5.672045083831048,5.974032072939541,6.453207029716939,4.923421449448126,6.314997315004828,6.4693723012892494,7.187627112644927,2.2362230704511625,4.433052037441741,6.060445900589508,2.5903257253781464,6.036648921560808,5.596741311386625,7.115047354489282,-0.11747662469418865,7.289818902742307,7.667257520841607
BH76_53,BH46,3.5000024901023226,3.0072874476435545,-0.5973668682165243,3.1406198449339424,0.593680626551381,2.229873741359514,2.3660586712056446,2.773809997631686,3.88374743758724,3.0474896578516306,-0.7290229366907406,0.2926204062005006,3.3317043236589803,1.7417277208826465,2.358557360208688,1.7039679657918687,4.49497501807625,5.871994907931485,2.8278138813321743,1.9419437530231891
BH76_54,BH46,20.400015481896727,18.95794618795368,15.86953293496965,18.218004837410888,17.268655103997563,19.536754463484275,19.343167665239847,19.32799436063703,21.385198955564974,20.34917372303604,15.95937616468371,16.083242895308608,17.09625258634686,17.810544361635646,18.33180732007471,16.589125094555758,20.35973984178861,20.12975215873345,17.70174228108692,17.146010878611214
BH76_55,BH46,1.6000010666171218,0.2489587362409883,-5.615563960081079,-1.2528858551626445,-4.935353667614547,-1.921804240160773,0.2833391018181391,0.8969559553818341,1.55055426132243,-1.7152048406960227,-4.469481786186952,-4.13537221058406,-1.4431907788581764,-1.5942687675773417,-2.1231516363338336,-2.527056768946656,2.206345142480235,5.353458880840953,0.3503781556553226,3.422454904543582
BH76_56,BH46,33.80002535607933,31.762165121216352,23.34786240836963,29.579030795528706,26.012378704404576,29.05195672283037,33.475508204054684,32.29033532746104,33.64034628327018,30.966994528336528,27.99878868447649,26.75780078544901,28.62466864193619,25.563356205369864,29.181932760187788,28.400722245066813,32.324847256675376,-28.870688497672298,36.60352450089256,32.89053162044241
BH76_57,BH46,14.400010854573043,14.362460813152529,7.465308212545965,12.27904583775069,8.667265461541145,12.099424325606442,11.26723199151912,12.081880415728168,13.407433562268045,12.794531002734235,7.893369259600679,9.964823841675102,12.2124461865002,9.445570043042371,11.707560472291132,10.395799042736616,14.229507047550351,-0.3436453777214454,14.054824275437527,23.669629024438283
BH76_58,BH46,8.900007031199321,7.9474588820024,4.694131119158223,6.5199248410145145,5.688578891713411,8.42280866651675,5.553516388048278,6.682062433204547,8.815149866282772,8.480146466195789,4.270819314794194,4.0365951912653575,5.586234041776002,6.826723949279344,6.798336487436589,5.21581432071903,9.027440880844685,2.6981757085148113,7.321869179186472,4.220099404781625
BH76_59,BH46,2.900002403875639,2.841033079595121,-0.9784917126655284,3.794555123465466,0.1569086184879135,3.345930716456201,4.291516083244987,3.5135154673715223,2.920839295192419,3.692631897150697,0.4505161598111511,1.300528758949697,2.4895066020063443,-1.797304415200751,3.339371610922215,3.3668363828114725,2.176612486053352,-52.9062859072912,8.397291759791848,5.1410116615076555
BH76_60,BH46,24.70001850530761,23.225240468307813,23.18425569098884,23.95964116117696,22.99216117303779,24.45621538687686,25.618754184983885,25.385175454954588,24.00847827826153,24.669486278839504,20.570538608668244,22.5062738101637,21.91662417898205,21.515648699806704,23.85886853622202,23.51658219839961,24.355543465925845,41.49912556027769,25.265180471087668,24.7124005147586
BH76_65,BH46,10.400007560520766,10.16163158324552,1.4425165199694876,7.017979236054996,4.645875640623183,7.591101334480749,7.524056339727474,7.373131651579933,10.151401923831358,7.959409360628031,2.7316388509700924,4.422205724368466,8.023816431114659,5.410111459684445,7.628605755948749,7.191774071766146,11.571511516820395,3.75263855511034,7.505005917564572,21.949867393438545
BH76_66,BH46,9.900007384080284,9.827628558753451,4.513907009710924,8.102573701917631,7.860051769625194,7.891345792581617,7.484606638844862,7.894028019005192,10.063228559532964,8.151132581276157,3.388602866705502,4.408896373981366,8.013359989706531,5.604009753626357,7.813476698612351,8.102324706137722,12.208209005342336,6.055254384541437,5.436882292980226,9.162148063936893
BH76_67,BH46,8.900007031199321,8.217317762541583,6.329815700273254,7.724960212234452,7.407716710788981,8.608036913075463,7.245133775122916,6.80944033033907,9.61693271475232,9.328533564791996,5.295148021739126,5.425734500318828,6.931337622476079,7.7302216281757214,7.647621301091554,6.757300881879448,9.248866039405014,3.170101434348279,7.605796374137004,6.2365433228171625
BH76_68,BH46,22.000016548513848,22.42007283372711,17.33032686061427,21.29346472607384,18.63832128805552,20.798870543765013,20.622096732356503,20.941263801349088,22.488798047826634,20.13335005981041,16.685153496878385,19.18152498977617,20.343962319609567,17.88391904443129,20.872337658714947,19.545734626064068,21.45526597381784,19.7959027053143,19.430676976530442,18.660574686816798
BH76_69,BH46,9.800007474294082,9.324425636752146,8.455688907934789,9.529332078432844,9.348694314661431,10.106046354824617,8.734389585242301,8.206661647658024,11.0948745917933,11.185677848218576,7.202794455899443,7.527200915232214,8.907195214967906,9.251065198435002,9.096762501283644,8.280784258994148,10.296717422145688,6.367679973869131,9.642302345764962,7.752511235388124
BH76_70,BH46,19.400014501506288,19.778090026398427,14.799433561512243,18.853221947594065,16.12138041108498,18.09348894823375,17.956335206529666,18.28704725757468,20.095808364265423,17.513687450710144,13.99691966450512,16.525490049046745,17.8620757533802,15.122856713518123,18.232634593309115,16.840573788390735,19.01509206826,18.896855705437957,17.33080321758543,16.313238050749675
BH76_71,BH46,11.300008631125005,11.04479757873555,8.976299570307424,11.411167792901804,9.986941291585705,10.567968628886945,10.282998002417184,10.24990221150038,11.488091418282766,11.175473602919036,7.555926918440827,9.044851842803885,11.2641403150886,9.7504617107471,10.710394893452024,10.121032661602063,11.678070954469463,14.765434441627589,10.756314701518631,11.229002357894872
BH76_72,BH46,17.800013434889166,17.54867455520895,15.735347815076926,17.463036266509686,17.027131727507925,18.312044222975167,17.65000315356378,17.32059343566637,19.81375289584445,19.143939996080576,14.770494895337537,15.615405340454735,16.42373254797215,16.55552949231377,17.36555787803796,15.981414924919818,17.710285690789835,19.097523105803834,16.245773195007732,17.36549004610483
BH76_73,BH46,13.900010678132563,13.68698658566549,11.498654285252996,13.855000615830814,12.44796492483288,13.255899185914108,12.891979647252205,12.791193844603905,13.891950193445052,13.745704027674652,10.13597083838215,11.642615124264651,13.663101818064137,12.448765940668112,13.295361123209068,12.737615203181324,14.176071250503536,17.170990480202907,13.497613599398688,13.73981375108011
BH76_74,BH46,16.9000129917944,16.441772880590726,13.60093602323218,15.662254444769452,15.03023687989428,16.79658374273083,16.103967462443663,15.81044720767654,18.346680110395628,17.23736352832718,12.75465854874528,13.45566726624594,14.36494989223541,14.971927821053416,15.861679842179246,14.369353251711043,16.72026069851648,17.40645360497147,14.85069236231482,16.012996890672962
BH76_75,BH46,39.700030073616816,39.504216055987314,38.87836144992585,40.48279856926231,40.623456763147495,39.30986037038648,39.23575256825287,39.25775901175396,39.181033491109176,38.389521278476,35.65953465995628,38.12151223311574,40.53502103720881,36.85439622007642,39.44944364053168,40.36108639242431,39.52134040738076,47.535927161616776,39.15657131521257,38.37744007945012
BH9_1,BH876,11.740000076561127,11.410447098259146,10.899391020652947,8.653319314473704,11.88756363570456,11.592710425307128,10.276915741344125,11.283474195734792,10.985334216216392,10.036435599362283,8.88522435125582,8.741208981678618,9.860950755169654,9.34612547912783,11.014517548305118,10.725606350616182,13.496157306266491,15.88107804967312,13.402269978818415,11.682533576640632
BH9_2,BH876,9.010000000000014,10.33326069553364,7.325010711096181,8.005897960790296,9.782721408065123,10.262365239924664,10.152525918814035,12.214749899257962,11.256871370850163,10.995222196750507,10.24466451542142,9.348075715821995,10.725383710276493,10.159244600010448,10.25597807198742,11.758469500161388,11.565618368915729,14.36082162072299,13.413298662055537,10.627866464169259
BH9_3,BH876,38.50999977168731,38.5909092117622,39.20785468931776,34.85030892162998,40.275292481362605,39.37608772027421,39.84009621232604,38.44756835210871,39.0161041720465,37.043126346017154,37.068161840491385,36.28032369581848,37.80407081517246,38.5550636743032,38.27488220016119,38.4387339599684,41.476822339929846,39.41219713660505,41.06820022365743,40.38489246253815
BH9_4,BH876,6.559999999999983,7.694793321792734,5.6113141521853365,6.54217908800624,7.673956304932788,8.245236035550777,8.08614807666417,9.946250377016758,9.02715582462543,9.219973296257884,8.062032385548338,7.544793017842084,8.76359971199113,8.005846944278094,7.9355993294546945,9.517957214176125,9.869312000111318,9.894790633733027,11.124549404262671,9.874509431916412
BH9_5,BH876,17.100000261177325,17.339845551822442,17.541566190630345,15.513721446244196,18.535011767798505,17.871858877091473,17.00022907859631,18.26341004243785,17.96729434571539,16.725122963815537,15.08843486956465,15.151299082429912,16.51656598579851,15.783862517782657,17.189316445662246,16.661698510498987,19.397929821530592,22.693958063211294,18.462348389016643,17.072840354648793
BH9_6,BH876,15.179999999999978,16.36989687866556,12.309466242049822,18.18467473446606,15.283768528682591,16.232659803678594,14.401523340655382,16.48334406547367,16.260103679512895,16.289598381830643,15.816679694514514,14.086078971628057,16.805277384490044,15.305302583057117,16.336308179043964,17.508772984777988,17.87467975683389,22.179591847346405,18.36202831512956,16.653420612156314
BH9_7,BH876,10.800000000000004,10.603572261415886,9.819968425172384,10.095743904278686,10.894321497118035,10.797317066547809,9.403103778651824,11.758347512318457,11.247760937297237,10.40236454885662,8.198286466959837,8.350285074814279,9.773166948820656,8.930917708639283,10.0992294056565,9.622635709108009,13.358166741766231,19.79261569016526,11.499998332293256,10.791818976568974
BH9_8,BH876,20.54000029537003,21.11325065673437,19.378812023155973,23.375013551044617,21.978918111225774,21.39213682581764,20.71720294675109,20.410602256973853,20.06157012959702,21.729948393569195,23.261087825514352,21.263403257214648,24.693079819304405,23.0537166521516,22.11455710782443,23.94357886393681,21.534822261860214,30.83612590863337,22.935506278633575,22.49469249537761
BH9_9,BH876,8.559999999999999,8.031578095792767,8.066170936053057,7.27612590329655,8.852121281224056,8.598969401169652,6.518010748842293,8.878601428037598,8.185348413857824,7.968132558120472,5.9067216417035935,5.868013343271307,7.181436543429912,6.647657594784865,7.519742337652926,6.919471920350624,10.522065923687103,12.939322539226795,6.97543782405228,6.72666151994804
BH9_10,BH876,10.839999999999982,11.68689093774708,7.990632851580614,12.080939277014672,10.626203076857433,11.10482808429072,10.569890815879662,11.150165141821065,9.974921033865115,11.536490282741148,11.16993696130636,10.08330735678092,13.29495198702488,11.567121843974594,11.557317886951516,12.640379849132287,11.776739250869047,13.331515502700341,10.744982234138126,11.448568111125065
BH9_11,BH876,6.919999999999971,6.731662099784836,6.672269143836723,6.973591098396399,7.309556470544351,6.299862539564937,5.5369609311129055,7.5403368220978,6.90040454296333,6.608271899869443,4.940295618452795,5.553338740129339,6.946377895077221,4.459424503562662,6.155443555860623,6.128924189727345,8.974582995523797,13.492366417452292,9.04144279731536,7.141595173346973
BH9_12,BH876,26.64999980338274,26.78235479190743,20.45102999409888,26.845043239380104,24.59222793988853,25.780410979439765,25.19064977706217,25.521865153476792,26.39612578544227,24.87172040865573,25.001666388290133,22.53171637004849,26.541880736778023,25.83300242296079,26.478034659821,27.201370101658068,28.45224435847636,36.347552165924306,30.318734639138345,28.163154602278162
BH9_13,BH876,7.939999999999999,7.88170116019486,8.580609917235146,8.124768398231932,9.44230191094652,8.035045462117413,6.826379383830954,8.866926739753888,8.253567604338022,7.569679980839385,6.419062231209153,6.5636633181310895,8.117866798032107,6.207864316808417,7.950193442767258,7.586566009779667,10.046274081936073,14.673664817809483,9.191292834355345,8.367900369038917
BH9_14,BH876,24.569999797301328,25.58703276533948,20.279467021383905,26.5320893926797,23.9590283354207,24.49826479673946,23.63350139516752,24.96242947589558,25.052243024407947,24.36519187463695,24.89272358999357,22.3511175118989,25.87009362945832,24.59946431640152,25.146870888318745,26.64440543092997,27.00455363261003,33.13680745486956,26.705079356483918,25.67690254252808
BH9_15,BH876,13.670000217963238,13.709921554946412,14.0694832913042,14.757848571415266,15.34267347053366,13.68688524286924,14.299065790020483,15.362914165118932,14.407601522924327,13.428085903084527,11.84912384857949,12.916192037582643,15.01394121188037,12.227877146463108,14.155142350607788,14.207870465652295,16.028717567959337,23.733452313245873,15.34454581875909,14.97918093729528
BH9_16,BH876,20.44999974905297,21.17816732760115,16.562773398949986,21.90806011791432,20.69820472092917,21.37051284932692,20.34646357237948,21.796791644002063,22.557869082406977,21.49633897830513,21.38738689284529,18.34847459924997,21.659611609618747,21.4087463113466,21.049408658634963,22.29913895687728,24.681842842714616,28.22491668772164,22.51219880958547,21.79838484308874
BH9_17,BH876,-0.7899999148204667,-1.7454117034733678,0.2545463315781271,-0.0019019812194205,1.0140288291624215,-2.534058958891171,-3.021332929467844,-1.7659651488331425,-1.3819278447009906,-2.267048218343277,-2.587750489329866,-1.733580765431386,0.1897854086314271,-3.6377318462909214,-2.190909921092836,-1.86427486181788,0.5489493340862538,3.7500095663219235,1.1067132496305223,-0.18388510957750026
BH9_18,BH876,15.790000187959135,16.963676840000545,12.596475772270756,17.199305706267296,15.877829865204308,16.94086699613025,16.576396692374114,17.180643072455148,17.6719556312501,17.320207580062192,17.491776576886448,15.041808342855392,17.78889189620577,18.02230910532097,17.40610816774777,18.948148945285865,17.797842672519476,22.225577238213084,19.515998504415272,18.960930812701825
BH9_19,BH876,7.640000000000009,7.02004681706396,6.295739927782114,7.71705811092666,7.78310969542181,6.715788369127149,6.981436096357391,8.542038917882685,8.16651861157038,6.868286788306773,5.03283506809633,5.591101695477457,7.985815837852205,5.128780388162176,7.752598804282472,7.713650169730716,8.915902433538607,12.211251637713646,10.174284733888324,8.564818615047052
BH9_20,BH876,31.53000000000001,31.521826984648047,25.23169987806149,32.760961910919995,30.45544252997089,30.60913403290192,31.83244097397957,33.15621494291983,33.60816973096101,31.6611676596172,31.343790373145254,27.76526755980162,31.323161187458147,31.843305986758693,31.21960637372185,32.85225813882888,34.42058638699309,38.45074714230824,33.60822827529549,31.55414414941896
BH9_21,BH876,10.880000000000022,10.963088252345951,10.165649087197233,8.18672523241626,11.29194664038944,11.40883759922644,10.364009099029678,11.291485107201076,10.744605078436807,9.719928229273744,8.252483079736852,7.985984637899088,9.190227276396165,8.970716555746353,10.615634562308156,10.255731021494844,13.210319614213786,15.124228341325647,13.524610625022856,11.993052712669725
BH9_22,BH876,8.299999999999986,9.619963522783342,7.165412336007959,7.664098633103204,9.57718086807865,9.868527743822131,9.67598091699584,11.736241734069427,10.611759628520748,10.721578492796306,10.02804868423262,9.142155846357165,10.580750369327022,9.856155892519707,9.865239531430367,11.514340327839328,10.97977066512258,14.653264737535755,13.252739168219227,10.569012796295763
BH9_23,BH876,3.370000097342364,2.815751601351033,3.5460828952986634,3.7617527559718,4.141386073152229,2.7338014995864124,2.1758228362966614,4.812376619908638,3.748963108878253,2.981012308222246,2.257741939092928,2.2805316399509112,3.568920475136822,1.9340600649418105,2.837083848715507,2.573514181848694,4.747485031231305,7.037687591572303,5.733451291087161,3.091990772873574
BH9_24,BH876,36.53000030290157,36.68151296740796,31.24919281792115,36.97509848317471,34.90227662073123,35.704391735458,35.266615649445484,35.44172486650498,36.839857892344,34.91559444254932,36.74323774858519,33.346767042594244,37.14470186934259,36.70736510273249,36.44689997626489,37.81429940784607,40.46015064793003,41.903041016386524,39.44110929913224,37.33529977891751
BH9_25,BH876,14.829999798992652,14.991686211890588,16.848409185419197,16.76401386746415,17.741890056096953,15.13410406782133,15.450238069779813,16.373226632194633,15.7627756266852,14.53362550563044,14.37982400029624,14.964165842614973,17.443361083424513,14.131481729351153,15.771169256134469,15.887970418359416,17.565243089471824,23.191453392749793,17.150228345868808,16.554769327859606
BH9_26,BH876,20.63999999999998,21.43872959252108,14.645846287901229,21.851808286116164,19.46410154208968,20.92076425906985,21.32089040412966,22.719090699007705,22.58217208508176,21.9675481415768,19.721905902894843,17.19591784534051,20.42564353354565,20.17874246362076,21.19607418892683,22.445016335293687,23.86605173445556,30.341428140907414,22.86306773012028,21.82696813487153
BH9_27,BH876,7.960000000000019,7.823961942693231,10.168860806201186,8.8744161908509,10.667517108361151,8.341527364326891,7.113213399649733,8.988508896627012,8.18765269141986,7.783318656078356,7.546321630949279,7.6143006735216225,9.302580337670571,6.862469649982802,8.15642568642285,7.944501053323675,10.009195357865387,13.186677359193727,9.583253490109586,8.762160951811031
BH9_28,BH876,23.9499997291174,24.789977510489773,18.975411345405387,25.45687198920437,22.86827762516205,23.701710545459623,22.844547538642136,24.122067595960555,23.960246896101207,23.290869738898667,23.54517466761677,20.905038118670515,24.63417318317428,23.533002238835014,24.23733669377703,25.632753419381743,26.20975353888604,32.53299864230871,26.061075392671246,24.864990348524984
BH9_29,BH876,9.349999722633012,8.522824891526973,7.505057611942517,6.031314275276807,9.255115458323775,8.650487929016855,7.339759003500394,8.487581512204637,8.712325285351765,7.221945982319743,6.175820859297571,5.592063353778091,6.671325683332407,6.884389434403867,8.462339818111312,8.186705089368278,14.165626307615856,13.89926121688687,10.084327757219322,9.222142052599219
BH9_30,BH876,11.720000094603888,11.954688261377669,10.04628216428106,10.049374405453436,12.20795660720009,11.997385010044972,11.35844563915209,12.861337606628624,11.60136723225382,13.211201497827522,12.36737382034278,12.108872108235952,13.620147288514769,12.263260585938395,12.173445970703307,13.998701979645674,10.377419728845656,13.881391313897206,13.970188144396772,12.45792335428283
BH9_31,BH876,17.039999999999978,17.30790224480965,17.334566189137714,15.687539876268936,18.456610796866485,18.071036659275755,17.266220178967824,18.439687368354,18.531646748267512,17.013800288714172,15.08350741415967,15.145174840963987,16.588630303324617,15.953600190966808,17.275647128312283,16.666432630235732,19.556506855938995,19.057733842454017,19.030672787971604,17.687426863923207
BH9_32,BH876,15.200000092711072,16.363022449638244,12.841981072887428,18.605386578824,15.89068483608521,16.473993672295844,14.7255692330658,16.65768640318939,16.428786823031153,16.610702133302716,16.283869471343795,14.601167801626204,17.390997676867457,15.686541759703855,16.644466723856706,17.943009791809526,17.840882073976772,19.715458182478102,18.99094024369925,17.145415793383975
BH9_33,BH876,16.960000000000022,15.686136137617602,17.03194974526941,13.42450909906288,17.734865024783396,16.665277385276433,15.324773888269435,14.633934024571175,14.53633527975676,14.851836501176122,13.629012052138435,14.069516549311308,15.29979882295698,14.179677657244437,15.97346965095664,15.76046086973303,15.38091299238591,17.90609062552878,17.170181318036352,16.272692217198
BH9_34,BH876,3.8700002737828463,4.220123577401789,1.1593140896659142,1.3503666281683415,3.834643566235497,4.0675477863232485,3.808308813349028,5.272779317036615,4.59555728739505,4.385575423627798,3.3848942229536254,2.5936905567153583,3.881009676520455,3.6185835201814647,4.37478539822254,5.60019292727233,8.081711619793548,4.8651688856896165,6.1936180585097045,4.330958543340523
BH9_35,BH876,7.760000000000004,7.660166909738248,9.729420878828789,8.578543340277093,10.193867309755383,7.469257819946901,6.73086189969081,8.071065886440069,7.411299162380757,7.090297192906982,6.776075275063488,7.362710790067823,8.880037734450049,5.861342792063342,7.619863105761325,7.577100845112882,9.627290001437917,12.512021703059805,9.705183391276519,8.333746497198076
BH9_36,BH876,19.980000173057828,20.39974351931228,14.51523885050559,20.554164376475057,18.481457724758258,19.79758505148197,18.89841737619653,19.892647465709416,19.716400511276625,19.36350694156608,19.017224497916963,16.523483901268307,20.454138676009684,19.65468708800064,20.052832750458403,21.34497672781305,22.15908174700432,27.54641113705996,22.2422916070941,20.99792066646883
BH9_37,BH876,4.249999930970413,3.7084920108327206,3.6111059290200673,4.287934008192368,4.211763519675376,3.369688225121227,2.7709457933876136,5.536330284090571,4.342973930939976,3.826520518813575,2.361616468913759,2.471278393024544,3.866103628183512,2.2951895709833825,3.740859765266594,3.391755411571189,5.488135738579759,7.782140682493167,7.402417729518192,4.355335470096478
BH9_38,BH876,36.12000004526867,36.308390688551896,30.84263928157129,36.83993463674008,34.59393176837478,35.67132826129404,35.04794692103528,35.41460346779266,36.73376292029622,34.96244812767577,36.29296650571416,32.971013428251325,36.81043936968048,36.33890421526022,36.122617136275295,37.30079823958925,40.27581263088516,41.02015371184179,39.52988870174679,36.98904100857675
BH9_39,BH876,5.779999805718245,5.939851694624912,5.889382362651645,5.756949625725182,6.759155235109127,7.173707132725834,6.506484341116421,8.415268700932993,8.047161415019536,7.006236714061752,4.1708168949712485,4.805186051584359,5.679946683140137,4.51814006306331,6.388867667578389,6.020557445135505,8.782282990190069,13.15933868159664,10.369295062001143,8.159145365698027
BH9_40,BH876,30.87999975239592,31.855139309432737,27.66931621564433,33.81331330846817,31.403156659937395,31.16235266030592,30.414324218678296,31.34363895512673,31.664811418890785,30.977701722520028,31.982569540837204,29.64610114164454,33.5227047603683,31.64097879729425,32.097418521080655,34.05848383275384,33.95633478959812,43.141100008022455,37.415458364775496,33.8144839528091
BH9_41,BH876,5.420000130487919,5.134812511269813,5.968084287147866,6.471044363036186,6.790775563036894,5.335587556056617,4.877246164802216,6.675823985009355,6.079111420907575,5.01347690285489,3.9834013386261433,4.700800603581044,6.9530515838350455,3.819796566550522,6.201834578279336,6.158358337361343,6.50879419967985,10.995987568280041,9.46783749468386,7.243085842772822
BH9_42,BH876,25.96999978932709,26.063446366683,20.114995219430792,27.49974251069597,25.444708157268565,25.64190081325133,26.514712463082947,28.07243275708155,28.32665052472092,26.833116543306428,25.875170306586224,22.692805519416147,25.95285215170402,26.57637593656945,26.228995853342205,27.85238721011291,28.8549244595621,35.97696610227798,29.1594924096641,27.31700284046464
BH9_43,BH876,16.3800002832072,16.429009526149663,18.465515532763355,15.20884414845968,19.077161065401988,17.537415152705012,17.05534436517668,17.507157900909387,17.10121505676333,17.109408259658853,15.173419105175274,16.160458500841912,17.13292813055222,15.561814965189228,17.219844216795572,17.109216618323188,18.164210468310053,20.93058524209923,18.78090597166382,17.447286203480576
BH9_44,BH876,9.260000000000016,9.721471400575192,5.305591975619628,11.39889991989328,8.640314870879449,9.933587926125307,8.465311326446429,9.929414046768512,9.966491448060932,9.89686142804389,8.406786843664436,6.787087062332998,9.604815067517627,8.784975195342692,10.029724573739731,11.019030031681748,11.549101624325454,13.701597492766972,12.558268131135138,10.929733091327337
BH9_45,BH876,12.960000230971737,12.823663506566962,12.856914606076955,10.581421929983827,13.822869808976115,13.380095861005408,12.36695294970928,13.236322961135798,13.07490938934098,11.77868277258372,10.965886756343767,10.658407616062483,11.879882417749911,11.481180342654543,12.58174649339515,12.325384274864438,15.277530271873626,17.426180002123186,15.108858374029131,14.027975761725832
BH9_46,BH876,9.630000097543851,10.772358128204532,7.697849104664992,8.543019338703655,10.319398509225172,10.75849933045419,10.730413386935323,12.78322152501694,11.37973559231878,11.485396390580146,10.591544975588604,9.624873784389411,11.318810320989591,10.709741593334686,10.78255415315269,12.4338613983897,12.185698983590695,16.01571666918889,13.555641700368236,11.433785933274786
BH9_47,BH876,7.109999999999975,6.9402869743615545,7.720382467867121,7.426672140459005,8.47880441167624,7.361307365096569,6.371663114833931,8.620960784442124,7.65351775658394,6.997079844799443,5.633724209760038,5.77425715278397,7.353193981332494,5.384334437897806,6.981056202137179,6.59750697482739,9.164390801854577,12.120183772649234,8.39105152111197,7.284132959859096
BH9_48,BH876,24.940000091019748,25.96193459831648,21.07696140733524,26.8540280455237,24.690224964948925,24.960613777243783,23.90097812425596,25.086910412786548,25.20035295603085,24.428378752889323,25.601925071160952,22.801063767654416,26.486605184217904,25.255842678213067,25.613017681666328,27.141037826752903,27.42240963056446,31.56583347089238,27.24792537340948,26.154048136368907
BH9_49,BH876,6.750000185663349,6.440633496890766,10.394318183123296,8.357814247211897,10.284462672282505,6.96170933201816,6.0014729367281205,7.664261848332026,6.456671823304919,6.554688991413296,7.134734590109071,7.252733040375827,8.948603812169456,6.009693059823551,6.887090799913686,6.969132769099663,8.792297679944557,13.297419421512274,8.393571679275981,7.8454841782706
BH9_50,BH876,21.04999983527966,21.74897310031764,14.878606055351836,22.156999652352667,19.08677457324492,20.87756023182213,20.156571863654417,21.188844903299355,21.35931964910361,20.917110396936383,19.558781426563588,17.420762835779755,20.787265760044725,20.008736341908207,21.240176119516267,22.43873665974828,23.176971649496544,30.250892835997593,23.43348004955801,22.189976171957042
BH9_51,BH876,18.760000000000023,17.106970134407444,17.426598360093823,14.852417825947484,18.14223714725305,17.982043265658113,16.807386820352065,15.999589921040313,16.56548599687475,16.1764726053683,14.23788185925354,14.653660098664416,15.517332261262087,15.193734410604172,16.94314956181587,16.414742156992656,17.405418869934238,20.591150450478427,18.400160623596392,17.623951836387672
BH9_52,BH876,2.3999997173972605,2.594125358040272,0.3279641870469943,0.11958950054838,2.5954261851560974,2.5123283058300885,2.803371466954079,3.3913640966352467,2.521764981539872,2.8598914335113794,1.995137570093147,1.6070224583873098,2.99073569301773,2.378976455737707,2.993099960450321,4.1473990571736215,6.079327860875743,5.318132444830778,3.402952104251761,3.2771976489892127
BH9_53,BH876,9.779999999999976,9.649098411203545,12.660803337234675,11.076929326880174,12.928619862694658,10.299457324933304,9.453949741809144,10.834651432981085,10.098571524718508,10.438254827745949,9.440551222241488,10.638727287432634,11.882675274150849,8.579219732762821,10.547390585162669,10.594009707288505,11.66694815134687,15.701696501055496,11.963244012715002,10.679057075272452
BH9_54,BH876,18.83000000000003,19.394462297723848,13.022683470146704,20.154980813444134,17.201242325985795,19.13962254265125,18.215171443870048,18.823208483201352,19.533404880676475,19.01760232139921,17.457163342569906,15.31539651221989,18.54829306857333,18.078133414927013,19.4179226178417,20.398400021504106,21.14695190329885,25.515328855097614,21.278074658457424,19.941251748323985
BH9_55,BH876,22.45999981828405,21.427177958874363,23.56228772950578,20.3737667606115,24.35290536466573,23.18417210673336,22.676035516952663,22.525917806015403,22.515625709355472,22.259408884787504,20.05241947267345,20.99212858981448,22.20543610466621,21.006048757963026,22.05604937949662,21.83653596057034,21.54062283142689,24.01355504898466,23.353289659608347,21.942059916937268
BH9_56,BH876,9.640000000000024,9.854658403902835,5.382150641558372,10.822761571702094,8.935139968885785,9.637397179232329,8.0694469119968,9.658197863278458,9.627652396347518,9.393092116013545,8.452866558579444,6.893899968003808,9.542848569728958,8.443936973256298,10.120552616865965,11.291190114985175,14.453637033595962,11.384189411750688,12.147167693047084,10.709600412038823
BH9_57,BH876,7.919999999999978,7.978151750899815,9.205270937546516,8.35691421042474,9.843277892084906,9.225738414054415,7.750080232254098,9.950423377755438,9.145631746873784,9.287239550858873,6.638472048300434,7.791174070650663,8.759967310654462,6.322955703962803,8.796973615112016,8.52107307335607,9.780837219237092,14.981589464649122,10.374880749337267,9.40258551992948
BH9_58,BH876,18.08000000459157,18.565705577976928,13.775840672172825,19.73265093586152,17.672697598424445,17.289392033084773,16.164499097126345,17.574954149964615,17.89226592445543,16.454751596327856,17.839699832305875,14.92459245961036,18.96624405949609,17.59218876042317,17.9845755174053,19.59593237195908,20.15533032613995,25.728472955390252,20.011325339468623,18.610248252099602
BH9_59,BH876,14.29000000000002,13.965786283969512,14.429888902410108,12.357593896906682,15.264039819073863,15.24280125893178,14.675269454164225,14.952643262649277,13.86583368840516,13.998833944897871,12.209653204550545,11.778256505397277,13.255070936154302,13.135516889908631,14.117598521483592,14.061804332370471,16.253780882159376,17.984144092384586,16.575934323889605,15.068901017779314
BH9_60,BH876,6.030000207693223,6.722497700452802,4.151370439096032,4.770845219131869,6.342246349192623,6.5147343336608285,6.227244068422138,7.7470881415976125,6.810335284351455,6.763367266973763,6.36403423114031,5.326337815375545,7.0020198503681925,6.449185509739932,6.566806575833498,7.968596350383257,8.264801350493835,9.778816016821278,9.971315605944717,7.538970521756207
BH9_61,BH876,24.18000014913514,22.630047920395945,26.77286942144952,22.5462328604717,27.03345145292285,25.031403121024244,24.58289348546827,23.93529636639227,24.56070224040174,23.47749871208974,23.063039372140377,23.17885728974592,24.446788374824923,23.65560183957108,22.914684272551245,22.61649189597516,23.427063924518663,27.07621424628288,22.988196238086243,22.890382688847204
BH9_62,BH876,7.640000000000009,7.624100802713183,3.903385032817254,8.810106258887938,7.122791076766724,7.665134902247463,6.9749881854891145,7.501251829738312,7.121564421221136,7.725623175991802,6.626442691699521,5.663500161813888,8.448792327829006,6.938521162684749,8.174360032743794,9.416201909379296,12.007525799690749,11.001559484828997,8.850988920369518,8.535737353985073
BH9_63,BH876,11.469999999999992,11.411756396788126,10.717657813581171,8.754808492506202,11.881169188652354,11.904143377270849,10.805085696589456,11.45314296843318,11.409300889437018,10.301115204980558,9.116995728488838,8.748325001920257,10.091269824436,9.909713951585251,11.229806385238664,10.871104525094037,13.967995196366855,10.63826088957055,14.519619011989036,12.718614686313483
BH9_64,BH876,10.550000000000002,11.915106971808765,8.732411487076137,9.639493437356403,11.497891924004566,11.629777409934729,11.895725086696094,13.779253068703122,12.69692027252466,12.593486442705233,11.570896501688477,11.01137711443682,12.5522046651042,11.53051632981004,11.778207622419696,13.73986762486731,13.078604470121244,16.47464265324663,15.071939366917356,12.844473051746098
BH9_65,BH876,20.070000091865406,18.579535949549086,20.794642824195662,17.112764305920663,20.71277812645189,20.24791095044944,18.59241394994822,18.03591363622477,18.06699957707142,18.840861893484107,17.282512144761363,18.27507450230403,19.03841957167008,17.76589888235946,18.818510947233182,18.542998269183244,14.922152200235784,19.91571700315748,20.360695381983486,19.610653617149726
BH9_66,BH876,3.029999776559805,2.447304330890097,0.0108931251702163,-0.1676587342917783,2.624017964091593,2.1846805089813133,1.959328930207642,3.1619856640034363,1.9241935451866663,2.014684741172601,1.5273275001988724,0.1476766990729209,2.242286945480621,1.7598582260103748,2.949784738465547,4.285102810947132,6.165974618813312,1.0030175725229251,3.9505710255016493,3.651392113452136
BH9_67,BH876,13.01999999999999,11.164764902677003,10.535394549347682,8.408268456195554,12.337125855674763,11.810016956185477,10.848118664751544,10.634442903798794,10.70101011278338,10.663586137949666,8.358888543449035,8.838724079476565,10.114336633500656,9.231515266282424,11.863222856963,11.765199100003487,15.801429093347368,11.268729012708212,13.190347923332977,12.316384808178698
BH9_68,BH876,8.080000000000014,7.774323621517224,4.248630140545886,4.866451244789214,7.692699510901189,7.532341347372543,7.548218278287568,8.644369523412932,7.781036529594784,8.26751048834255,6.87056734596191,6.289793961827143,7.949313988247969,7.0945085345613,8.501608105933116,10.168312864923228,11.466296063979064,8.126023825581132,10.074915641956991,8.727082400666344
BH9_69,BH876,9.68,9.231435196071368,11.615720883942782,10.816824014327954,12.39731116782442,10.202155705851572,9.104435938160298,11.187423830580984,10.420236269702349,9.687152279892109,9.290603942887026,9.198263225482505,11.228363615425703,8.812024743624612,9.709640964442736,9.461697224751898,11.672980836075254,12.220091035069062,11.757497971610137,10.196396229303339
BH9_70,BH876,27.800000020943006,28.677375045193457,23.172916720308216,29.65533933612358,27.362959438809806,28.29553797749712,27.304447004139373,28.38417237293167,28.477674735917184,28.08425817311996,28.07344850668326,25.394092490078297,29.25066939496737,28.24677660084689,28.853930671560963,30.30940526210497,30.13684569958085,32.78598081655035,31.288671682139938,29.409395757925367
BH9_71,BH876,7.820000000000003,7.966530651918476,9.091514263035734,8.345176457445932,9.719740290176286,9.49273114503544,7.905689592311941,10.342731884256208,9.25382693032778,9.8552219701156,6.610459962671726,7.934074230391926,8.61676582081876,6.420802189515783,8.946814970903079,8.658013587352208,9.85101785120015,14.07700770601832,9.675073669601481,8.984557973205542
BH9_72,BH876,18.49,18.98315104723448,13.874406973821683,19.93431955414197,17.936338675841874,18.025134341253583,16.95141580686926,18.354930604983327,18.32983148101864,17.337113940297737,18.11171031739181,15.282371441572042,19.062477343688983,18.06911936683728,18.71207712008597,20.30194208894104,20.59984451968389,23.484357250807182,20.26834161711301,19.108229042689626
BH9_73,BH876,6.150000099436665,4.661480985442116,4.058073836545393,4.83093226327415,5.422444970178239,4.565087498119632,3.915523701539694,6.2599479169358325,5.6420167475105,4.713123634684703,2.6462360038003903,2.8022455894272165,4.539627869993572,2.729223253184708,5.1812000823515785,4.874153045118736,10.868097363561498,4.15931794194315,7.068970887497837,5.835806626985523
BH9_74,BH876,31.910000078212736,31.241008651109297,26.571335592219693,33.06007722842217,30.31112081031221,30.18528903373713,29.764102164701463,30.030481693538675,30.105032015314205,30.6098578651301,31.03517487601831,28.96537911519189,32.83365668722116,30.58046036399,31.415313400934185,33.33826410098778,30.529019041856188,34.11906045364736,33.952011859448405,31.360257493352506
BH9_75,BH876,6.290000000000024,4.671206566533202,5.321693994285224,4.9333874921449805,6.566489307088502,5.187463944732733,4.261889917709415,6.59474122682014,5.407666933775678,4.887085764393122,3.634821269044948,3.333049076455,5.333187834285647,3.505877422036593,5.6065028487256185,5.431941259264008,10.933608741450294,4.161702882328832,7.202799193813846,6.449723019410261
BH9_76,BH876,30.93000000000003,30.85134503425655,24.82459187439703,31.93118009170061,28.66066559743156,29.83013749675897,29.11959446296373,29.398484083348272,29.786871973519737,30.008802809961097,29.578453800525143,28.12152244680496,31.489127528689888,29.51545015447472,30.686298182649622,32.213001122625094,27.966377885397176,34.68837118809089,33.40312926282069,30.722157309869782
BH9_77,BH876,5.3000002387444765,3.616138931529549,4.195881631409458,3.632687674073978,5.616979056687159,3.662641023092002,3.0158961874162915,5.007525038187759,3.807000456163478,3.2939585620206,2.197885441925969,2.165881517432773,4.168345888171633,1.8768249258524337,4.30944208369258,4.339548042955983,9.837756426163944,3.4986000823055385,6.362665581643289,5.056156448246139
BH9_78,BH876,27.450000000000024,26.763372191038147,20.607957688858544,27.344454811938657,24.708889481269583,26.259771741762165,25.43936372191176,25.49862904234872,25.65096117156415,26.33627242575383,25.25908602304616,23.93545418496114,27.573442619916182,26.003485577381547,26.796628373421004,28.2212273015594,24.34032024543768,29.645038360148245,29.73689217704171,26.988053642669183
BH9_79,BH876,5.709999868867904,3.9254712955746407,5.259446685908995,4.913662610385604,6.513357954375782,3.607915921892528,3.768314748047375,4.927155695615416,3.875827013014665,3.354442443173735,3.0245975474746776,3.006042594390823,5.002708965820616,2.6482258363445306,4.562178615188392,4.759712573538801,10.52127997434946,5.250884477172535,6.771975958844368,5.769367185211916
BH9_80,BH876,24.840000181233545,23.93874076588833,16.855432020472815,24.093629117587767,21.53769204086347,23.11951980562652,22.66310486848758,22.404942827319488,22.5170081126963,23.025459272981184,21.39103799399481,19.791843088796984,23.84208466584594,22.39070175078821,24.00603331307937,25.38797245290279,23.452208589986927,27.627950892253764,27.21631028054533,24.675895761646725
BH9_81,BH876,7.580000000000011,6.363830290577806,9.413228581278815,7.800683412023747,10.064754035197309,7.8625744832008335,6.773500352766626,8.100453849444294,7.296150232570513,7.805297112656821,6.711395300838951,7.099891248054926,8.625193273106161,6.228177425995218,8.022545536190963,8.095037375855684,12.288266812160025,8.175210931343763,9.184840736185198,9.162349523618087
BH9_82,BH876,20.850000015707256,20.174828812530148,13.47808817979452,20.76487214320846,18.300439000043912,19.21253286842441,18.6311551926362,18.658344299625245,18.769663413501625,18.87190246543328,17.836089895834764,15.821110538940829,19.919330800060653,18.1385746875959,20.43779575657194,22.04984889561549,21.05128956557536,21.51723821984448,22.688628118400285,21.205912419387012
BH9_83,BH876,13.30999991522344,11.971219182656018,13.180068054530931,11.00342600450463,14.589173083595712,12.53255646496208,12.442487143571386,13.30251730409604,12.75604132873227,12.409811344669963,10.271526815422588,11.090067931933058,12.571375958095746,10.698547012548058,13.34596455404049,13.416189954970935,19.053284787878003,9.946614927538214,14.64539347600303,14.158119602870322
BH9_84,BH876,13.519999725774465,12.994968823895093,8.815889825489055,15.292356435018682,12.51337701450498,13.179964264448646,11.680573297816268,12.362085233344931,12.384100399089103,13.384425613643742,11.935425289194212,10.506667730317607,13.773132529511075,12.076320242500469,14.00362259526259,15.31213032542029,13.515661953523928,12.190819769980186,15.815870651042083,14.816258758605144
BH9_85,BH876,5.45000010342378,3.519138893514856,6.313183247924617,5.190701893547929,7.176327800557429,4.438142331473967,3.9452159438874297,5.560199614924145,4.30277856057347,4.092853549091244,3.9435313319767262,3.655124589141107,5.644061361637373,3.3921418940361523,4.765599616399443,4.838234842103435,10.379164544716955,4.302208921119327,6.067745794351901,5.499616392446306
BH9_86,BH876,25.56000015920367,25.72533064503856,18.63079186464072,26.154440699773424,22.792034659318222,24.68511829285008,24.011684914392625,23.948758515325537,24.548087542968496,24.85345674533556,23.4230276894717,21.99100871277426,25.31881388084724,23.654388236277136,25.50032814974619,26.834080397902664,23.443478188731945,30.034164830027706,28.47059775682953,25.78716325897398
BH9_87,BH876,6.100000144543563,4.001460684817911,8.994146692699477,6.085505867977614,9.70270158812263,5.1585357580016655,4.813693762276597,5.607532654576379,4.202501417166996,4.5978623806893735,5.463484277929,5.122023805394854,7.292907263732614,4.328523015134038,5.6295711011324086,6.021030587304718,10.990015756926056,6.423150134049757,7.409165050292762,6.635946889872096
BH9_88,BH876,22.210000043818543,21.652921417415005,15.431858254550038,22.64122116587206,19.78250587332143,21.36509116748616,20.418632746674923,20.21202801343605,20.86639558329897,21.3246491858648,19.776400896356712,18.286961476970088,21.545711109937983,20.24065781942876,22.177165359599744,23.40424677016184,20.507154077491016,25.174899838113404,24.675949862986442,22.380010105184585
BH9_89,BH876,10.669999999999998,7.698188901018691,8.902920118461676,9.780362348938189,10.920667419622792,8.292945580865094,8.431350450957298,9.234061385942203,8.842423749816584,7.859271210598282,7.081433370573241,7.5974803448454304,10.40558059767296,7.581414533507351,9.686986240900511,10.221717999920632,12.70714970607775,4.616564419252225,11.301437849182339,9.92104627032286
BH9_90,BH876,31.780000195490672,30.226113294068085,26.12516870055635,33.064179383334256,31.840118615128805,30.06401655281396,32.06154531046827,31.82514931384948,32.20620582255457,30.70069889758648,31.98834369475307,28.423922274353675,32.38699481609722,32.45620001212728,31.128851874805697,33.31742407206427,34.64382879917593,34.857610209819136,33.50955903999408,30.480746543737574
BH9_91,BH876,0.01,-3.911242643685163,5.147960529007944,2.2622077986734066,4.349725242676325,-3.296683772959287,-2.8118754125579493,-2.741058395588445,-2.7201415595613816,-2.6840071166854003,0.8287607986580466,0.9698900639209812,3.224947329072444,-1.3299590788948574,-3.3258783373559444,-2.3568191589599428,-1.384831569496124,1.198593870462227,-1.6348598142691462,-3.049600036722072
BH9_92,BH876,19.71999999999999,19.33990028633824,14.727239851506273,21.834480616045063,19.556773082507384,18.5239478972584,18.832820108678447,18.91620588949536,19.465630406098136,18.114170468378067,18.770951376773603,15.273254356460496,20.89533926940721,19.25752441897568,19.76176128882088,21.33289792340353,20.65298097909689,20.45885348412715,20.298257350980908,20.247796819285373
BH9_93,BH876,7.470000163633474,5.516371341275774,10.715816951823024,8.439567687582478,11.130561181092723,7.26677306285052,7.1078810124044844,8.254402066418725,6.998503977507027,6.272840852059455,7.354487403829224,6.9066114902093005,9.29527593914726,6.119504707816473,7.083960853270324,7.156433616663291,12.707854662783726,6.223869030387573,7.880127053598983,8.287655206431475
BH9_94,BH876,21.310000228233257,20.394423744973952,13.955694425598208,21.00404022564169,18.6437429699052,19.2380787791181,18.81023886638913,18.831962616919,18.7578071240525,19.12840317521716,18.418764445421,16.04765005592122,20.15418117807413,18.809468975053143,20.58955446754464,22.39665192110494,20.907566065681173,24.075785995647276,22.867030416820835,20.92820061061046
BH9_95,BH876,0.3700002937184199,-5.171543150898497,7.412497956507851,3.498464715389164,5.56265926389386,-3.039517840325792,-2.5576105189988803,-3.3161634868059413,-2.6426922694850603,-2.768602233727022,2.597467661554762,1.918162802749354,4.626463886132876,-0.4229563830220177,-4.752114123982507,-3.994146748158724,-4.389483834470456,-3.12955911854687,-3.301648414481886,-5.086417456043794
BH9_96,BH876,22.45999981828405,21.39814397403053,14.700823396979844,20.64579167836972,20.00083700163788,20.361207785979577,20.67147683341273,20.38145481837205,20.332398763293003,18.557122628973897,19.480282501339943,15.807082564684706,21.861117326350463,20.672355346659927,21.50642556553845,23.169085837669467,25.14126184464247,18.422611073474073,21.49032556239249,20.751956842463482
BH9_97,BH876,8.099999999999973,4.874036391085594,20.860703758525904,14.827771450095756,19.41506399855837,7.744044218643134,5.779296932338368,7.2976015991937535,6.928503224946752,7.322613436700423,11.615218311669318,12.749842664509494,17.11041541241461,6.920593969439583,6.636931261559709,8.137812688684432,4.9449635604853945,12.60534270231426,13.701386808796407,10.483165336788131
BH9_98,BH876,43.7700000465173,43.43190773106359,33.58163047282369,44.25958620125555,43.705980149490266,41.3019833222501,40.534652814641255,40.56381970599155,40.30530425145842,38.77410363730885,40.111996506672334,35.79200253743403,45.58489537204714,39.93168743237948,44.720373749883294,49.58234671059291,40.30417656301231,52.61221840412728,52.388515218928426,49.15452998035453
BH9_99,BH876,8.849999999999977,5.6990682773148045,22.38698344341416,16.09626566222115,20.71425170693242,8.891533143278908,6.398018638342558,8.096117194167734,7.528664581171466,8.417128137017698,12.91563474636259,13.912454881233288,18.40748690798873,8.093007256573525,7.468701093486534,8.992971995045192,5.936587888605038,17.782927230381144,15.006447272044745,11.26269434974832
BH9_100,BH876,43.49000029911594,43.08989906624321,33.98566939039165,44.37959312110048,43.84073661670942,41.24004186201015,39.90624951609417,40.16380488108375,39.75792491349252,38.57418577056574,40.205127886035,35.720814034932154,45.779267937713314,39.801653538677215,44.38599396872088,49.26134637272639,40.170242191427306,57.19534987029039,52.545714052306586,48.88482298677193
BH9_101,BH876,11.449999999999973,8.128461730782586,23.219371874216087,17.791871813228724,22.552719927916566,11.095107962531396,10.28928301182589,11.2718951399073,10.9728485346436,10.342892275722258,13.841816516233632,15.510271587380704,19.58709157917924,9.959819579068473,10.15392062141737,11.362212766796247,15.369364599160711,9.507967913869244,16.259771760186915,14.393989207285692
BH9_102,BH876,47.83000014889394,47.376004135267024,38.94997854141391,49.79781168944928,48.76623964063674,45.88508661732237,46.7522174238946,46.43836686620418,45.64397626757375,43.319824373305416,45.72686336647785,40.86484654284902,50.592003179274805,45.16866764766647,49.16700107628269,54.06580407404073,51.966706474154186,52.38326441334732,55.72492190208022,53.96990449847972
BH9_103,BH876,10.150000255941574,6.567361356899522,21.47136805457561,16.029192115803394,20.744324345481235,9.417084877925175,8.604435259645376,9.385966243866775,9.26197727440851,8.581361359855723,12.234328383075024,13.803620140123916,17.916932819921048,8.348752131270476,8.517439291491756,9.61773153428303,8.535224311862672,6.559584280384231,13.970397291433207,12.381336619362282
BH9_104,BH876,47.06000021603071,46.44980172029579,38.40164331823056,48.954028251342656,47.98773745638021,44.84978383649398,45.71746145478912,45.08939983510424,44.67588521070054,42.27484784364826,45.34412092814889,40.26365312187748,49.86177743246734,44.5883204051605,48.09085125647069,52.89695240512434,45.817647470101846,49.79965561087947,54.13630754603231,52.49073793632958
BH9_105,BH876,26.56999987555378,25.75912272051647,25.874835342025776,28.05557057351664,28.79006382405312,26.776764247276635,25.272574778463586,28.043762602214063,27.23825573605718,26.771926525704888,21.69512525728835,24.69429160285081,27.829336528106605,23.222178284813868,27.418651218403955,28.32731951258756,24.98902005999832,31.83297664358121,28.948073086212855,28.5194886511317
BH9_106,BH876,93.72000000000004,94.47271930309162,90.09498994420105,99.79796788754122,96.82037029766684,94.85721864250002,95.75559691086866,93.97368555401532,95.42037344318756,95.90398081313054,99.10234269932889,94.64459063400771,100.90009095204525,99.62675437485562,95.01885723915956,99.93180982252213,93.81659515481812,101.52596808118719,96.16208460707568,96.3080340095785
BH9_107,BH876,26.76999969512618,26.178231340923585,26.74647844378086,28.07178893235694,29.76456871798387,27.776700594163533,26.86528054540725,29.48283754645026,28.788164478402688,27.24995345387696,22.045787968053627,25.048771390978395,27.831450482046133,23.272215325509244,28.332677753256483,28.843900811126368,34.44339306945044,36.80911233221517,31.89426052988205,30.0229091137881
BH9_108,BH876,62.04999987068128,62.52865292782601,58.31391193846722,66.13641517262559,65.3488984382628,64.05483679193942,63.379474072931934,62.50551703002831,63.57177102546721,64.06829912920915,66.15485121270889,61.724210631433934,68.87756292562405,66.27486672947111,64.14921647590961,68.76112477764315,70.53511770286609,74.63756852149368,67.23080349086511,66.32265647773929
BH9_109,BH876,19.07000000000002,18.33975548056164,23.65294207794172,19.48847476305255,25.88863339688076,18.961949510187868,18.76643788925689,19.06267406789751,17.16673363481202,16.513063980939112,17.065015290099993,18.13847780068689,21.51543258546799,14.10485994749236,20.23450847767097,20.601472566736685,29.56506431725517,11.623066105766977,20.684929948475677,21.949200279713693
BH9_110,BH876,39.400000223803445,40.772552763206086,26.43656280978408,38.87601876879421,38.69021396657665,36.34676063390128,37.49701580848949,35.98716231368573,35.67510649586684,33.42686969374957,34.47172341968884,29.6798258225258,38.81134870912877,32.087590781478866,42.55159370353012,46.47195945631128,52.62369081053743,35.36306447650158,43.84054849506102,44.45758398749525
BH9_111,BH876,12.199999999999978,10.019827243495373,15.78706777340394,13.137918870682682,16.79456473101937,11.444040880682264,9.078565730561422,11.89251650517066,10.142578701452008,10.91188611480398,9.556150578347124,11.54067125289428,14.551732479722777,8.270786213242358,12.394364822559988,13.42453250518269,13.87117506161803,15.401029486261743,16.860050656558844,13.111986648295016
BH9_112,BH876,36.76999999999998,36.57477134690848,22.199260470175684,35.67711565565534,32.34642319100556,33.58251237455767,33.23105937847149,33.14602544404399,33.244339612398754,31.796278418855174,31.15573626317785,26.76977404269161,34.168015611556136,31.635095644901263,37.401330904847946,41.490329098618425,37.541570550006384,43.078175974748575,42.36619437945884,38.59406918914099
BH9_113,BH876,17.83000023012607,15.980795761320694,24.426411510661367,20.78169887250634,25.36141826007665,17.36067083421524,15.705990662847276,17.06285508889455,15.716285395076197,16.225450535594963,17.310423389592525,18.444373169890685,22.452759927697446,15.14727856648598,18.07229632182018,19.52342220897607,27.968932723679547,22.672558646240486,22.093358045804266,18.914492535691384
BH9_114,BH876,47.85000013085117,48.40867175281272,34.333905961309604,48.56908965531066,45.504991515945306,46.11417777614446,45.69585260134152,45.99585427591204,46.22516073326921,45.16632496655265,43.25289684835324,39.83145327334544,47.78765631155813,44.02742921944446,50.09084656562593,54.66732875729885,57.62071100128016,56.46748609210684,53.98437312798831,50.91877736459522
BH9_115,BH876,19.74999975304009,17.829716156608065,29.37007378021673,24.83265549660108,29.18025222703661,19.62732918100038,17.935352921246782,19.38951344422954,17.968399766442854,18.03093541536936,21.406038231463672,22.24343299554777,26.71761357269965,18.795708131523085,19.48082761881946,20.89912961490605,27.614665813749543,25.544948435937076,22.49025985562226,19.517108600727518
BH9_116,BH876,50.91999987132546,51.66286773779692,37.03417668042484,51.29403329391163,48.35037882100346,49.26378587854112,48.05850571582276,48.59314736455075,48.963072545411606,47.95529440082106,46.21772600095828,42.764997439077725,50.71544784702151,46.94319001774361,53.30307810549499,57.85939628419988,59.84764201876788,60.23923004901828,57.407769254505006,54.12765984454779
BH9_117,BH876,23.079999886467974,21.10784321938994,34.178751796597254,28.61717473554049,33.47402226163093,22.738659205504675,21.891108137773017,22.798705022261068,20.72542501518736,20.32990617013894,25.381861891191352,24.951021730162,30.88645073802233,22.617809037772407,22.712075331352,24.33375346169736,31.67037234511654,28.58611081855916,26.13386506488106,23.192071444781366
BH9_118,BH876,45.70000018791942,45.993448592899774,33.3611483047291,46.6098187070501,43.901300568109285,43.10981929171914,43.20622589396508,43.44577807498029,43.16848502691661,41.5075952100262,41.30963956527434,36.8829411868258,46.2924131198506,41.6139940221441,47.829960490319486,52.62723044710798,55.38268336607219,56.02380109418927,51.60400779377302,48.90354711993123
BH9_119,BH876,24.510000000000005,22.619649335448592,32.49063572406468,27.75950984658852,32.509545722120826,24.51454239253253,22.54923147727185,23.832484335633943,22.000353709327804,22.708924919967423,24.632528104334725,25.30688229020149,29.72699307423037,22.644520861651365,24.25595232715577,25.654561820871983,31.96484790709902,29.025647372368745,26.702474317420386,24.320200570420344
BH9_120,BH876,44.87000030918447,45.207525042371046,32.8295579208672,45.863672793768565,43.31913417568592,42.21519785983397,41.729207459866736,42.34916027657252,42.05641261149811,40.69691459092523,40.57185948287373,36.18012417528352,45.54851494563316,40.70554968544264,47.047752109650624,51.88038015454293,53.29928988348971,56.37156072412116,50.36141491588128,48.13115914857403
BH9_121,BH876,24.90000000000002,22.89591038133024,31.94005941351853,28.337257317371343,32.11796989559545,24.638513164265813,22.184973334465266,23.675552436548195,21.919216546121767,23.52071315612713,24.920164202845218,25.86959049235383,29.89651262502749,23.031204059393275,24.59231729736988,26.14455974731033,27.321908107845,35.029161964552934,28.225777210302628,25.601827313697413
BH9_122,BH876,60.92000026258773,61.62745494574236,50.72680865506485,63.36122628569751,60.20845390400369,59.989930820600165,59.11865732190461,58.68743237194029,58.21774636251539,58.807049608599215,58.87602350462914,54.80226569628888,62.71691863401895,59.76843032997102,62.32528212741271,67.23016744896913,63.2101444503221,73.68272258230432,66.91043224484245,64.03398089362211
BH9_123,BH876,21.97000000000001,20.145519100078623,30.26638446764775,26.783173628999823,30.137689490861668,22.553575285980884,20.21310594916825,21.96955309707488,20.52569075758665,22.16788198430999,23.00818964760032,24.672988283752407,28.0081804305711,21.0129652363864,21.99440950035937,23.532162505562823,25.0377630927488,35.179564764230676,25.529725804666292,22.896952192886868
BH9_124,BH876,60.48000003201897,61.15808689520144,50.48499982453085,63.22853564221542,60.112894063047456,59.73348652364957,58.853655176349854,58.55935580590687,58.14832022042472,58.71651793818086,58.59364417852286,54.56741387500461,62.62051052565206,59.49364983622915,62.13818245924928,67.07033313024563,63.10953979716166,72.95862488536032,66.71220783406518,64.02707634188553
BH9_125,BH876,25.28999999999997,23.61598195818528,34.51400563570819,29.49082147500916,34.260090013824204,24.846639231479088,22.74856983908029,23.899710178617003,22.207488876365645,23.42325610293024,26.124221286769888,27.677673324121667,31.422134303420115,23.43968580691648,24.995603642780047,26.63154989534289,31.8457335197251,36.44068330859518,27.83334837402244,26.49247568591841
BH9_126,BH876,60.67999985159137,61.54191191289773,48.74127398793819,62.48482540709544,59.05124479482977,59.196714919624014,58.60453184443266,58.05146300351126,58.11772279567381,57.79013404754835,57.24180767218354,53.650877365076674,61.801983967407175,58.09569470305729,62.25495513258857,67.06704272159394,66.68551890041076,75.71869589793953,66.5634454228068,63.98112970501844
BH9_127,BH876,23.42999999999998,22.06947921178405,27.47212337150345,25.74908702421987,28.771432502960742,23.61725404533583,20.919149928226062,23.969313153019176,22.2242233617476,23.49580899934875,21.03922838410791,24.01611199378408,26.79843905197876,20.38962285823256,24.29664600269084,25.46652659898256,30.65576918160432,33.65501552481901,28.579084821844873,25.907090108267226
BH9_128,BH876,53.3200002162322,53.96700076208738,40.96207624932793,54.59678370295567,51.29117266649081,51.769544160138025,51.11906338401596,50.52763683426453,50.82940915234078,50.36532278640917,49.53983112394248,45.66767849267517,53.6355813823671,50.36987932093447,54.875713797701295,59.42907803832888,59.48919773812264,65.8459277935561,59.442044237374674,56.50536897772538
BH9_129,BH876,15.270000000000008,13.730094666741246,18.833739911983344,17.35636065990087,20.0863549967911,15.02361847471789,12.318533753937798,15.45461890165566,13.31883443281758,13.80909440725181,12.507491226507334,13.897976606132405,18.64806431392704,12.003775315496409,15.817899196431442,16.848605470390005,19.12229486562454,27.082082774969006,20.571527460312346,17.945198177341652
BH9_130,BH876,59.45999969718076,60.071204906337954,49.51443443507872,62.379355497287605,58.758670259543294,58.12210494533416,56.81115450899738,56.19224279326478,56.44248353131353,56.74326036850069,58.196122637050784,53.94799306078355,62.34044821560804,58.74235557798295,60.70211447768658,65.53995373782051,62.90680865841682,74.15228197835071,65.18957003281592,62.028371399546764
BH9_131,BH876,19.860000281314388,18.2607209760657,22.679050888206987,22.15072261237625,24.21750557463149,20.42231465852768,17.83699802755834,20.899861228212234,18.976296322017426,19.870486592179745,17.34152131584326,19.101269100854783,23.218361144637083,17.543351894346863,20.359510561090616,21.35453288128308,24.8366658481904,28.50796134562812,26.4451867410362,22.262909320868776
BH9_132,BH876,70.39999999999966,71.16345801453171,59.84349583714094,73.67492713439462,69.40096544036454,69.0481493053674,68.42775403174501,67.87599706212492,67.8437282659444,68.05575650086075,68.73201944492051,64.5811747333165,73.40743289777367,69.96951688530847,71.9084700809076,77.08852615067914,75.22209510171929,84.01446561362418,77.94620623914258,73.66189511057867
BH9_133,BH876,22.040000000000013,20.431142901072416,26.118756306698263,24.36403430791358,28.775531708552418,22.154843215985903,20.97102042613183,23.15756620705985,21.32632432252545,21.537430243911523,19.883016952225685,21.73933060135849,25.476123164177523,18.65012568250809,24.40520551831607,25.96616947154124,34.23323725192324,25.29728290655217,28.565914702175114,25.978748143932314
BH9_134,BH876,59.32999981445871,59.9852019091334,47.75111386214218,60.62436743444607,59.17405542703168,57.36976501153633,58.46676709671984,57.18447671235499,56.764249619111446,54.82295964096799,55.90374976786154,51.02694342437127,59.93683473388936,56.10651520988083,61.902316645456864,66.79877614640446,71.22957384972443,67.51177120428041,67.36194071054915,64.24549902729834
BH9_135,BH876,19.099999711920304,17.482351823766255,23.70912532295203,22.30142447188331,25.669377005784977,19.964715924800625,17.07233136052565,20.46742035338609,18.884916572667542,19.989017421390123,17.532548314744762,20.240320281971133,23.487131296204424,16.723894739477185,21.049373016102805,22.371829340622902,27.05358272252741,25.556558406139054,24.521669279508814,22.67310210111456
BH9_136,BH876,56.89000013314696,58.449922734421,47.908258612387804,61.14911263126246,58.37835584357018,56.42560798178121,56.2264074210513,55.69659508531423,55.49639483922647,54.67054217051052,55.67338175283879,51.197295241114006,60.395434157007344,55.86942286602912,59.9166385296548,64.69254178902321,65.02291146464647,68.15760999984184,64.59218871634226,61.86640616363354
BH9_137,BH876,12.399999999999991,11.116566339286068,14.034703076706142,13.37641689850873,15.724174506857658,12.631596285274725,10.127957354134612,13.285618913132264,11.621455504751824,12.388120977847525,8.415675766361382,10.897533718085024,13.945646681154384,8.911686362427643,12.856747500309138,13.63601311260816,9.29491744426482,28.42019923329509,15.75831146977613,14.625244268367052
BH9_138,BH876,62.13999978948887,62.6264697321238,52.496547520357616,65.73438936816395,61.62245513838982,60.689842337698,59.13752031938467,59.51518087233357,59.5397211990286,59.96437060261349,60.791200052477,57.059633451501625,65.53915378877042,61.32331572455752,63.46637516167198,68.78776631992015,60.23768694297067,76.35945928624864,66.31681344647156,64.78979796722129
BH9_139,BH876,8.83000000000002,7.608879117167159,8.107339699116006,8.437108164170404,10.002745431440305,8.766219501275948,5.973538411263448,9.281421031971586,8.249309952585465,8.774171489612234,3.63558714439131,6.2594025484123765,8.773077489564832,4.47371270544292,8.638510530200234,9.104076814419566,7.334178241735862,25.1956639405852,14.085363479868738,10.8835751722431
BH9_140,BH876,68.84999999999967,68.7352244496227,62.31342809685965,72.8485878949416,69.62728802734527,68.13353542161639,66.18443175837439,65.2584447673532,65.86355196497298,66.83556326178794,70.22516725705074,65.90509905342772,73.9335205883295,70.1885617428862,70.4769364200129,75.61382542285338,67.35583518819821,87.79960626193886,76.8326513958659,73.78147573274099
BH9_141,BH876,24.810000208297684,23.62830668349666,29.235638660582364,26.80748899357325,30.5460270994278,24.70737605393081,21.833703759327697,24.46331917065265,22.221142917785528,23.48687451941786,22.157377601356885,23.577618476200733,28.104150599956213,21.659458497356827,25.302737401818234,26.526969229109323,26.42349493241947,39.472194862357945,28.871412413351187,27.679808740112044
BH9_142,BH876,57.02000001586903,57.45125998076994,48.531848097606506,60.23098074109783,57.03782461077367,55.72803707495223,53.80465772325847,54.453731936930765,54.08219474700802,54.69424000309208,55.98794189824322,52.00637916240781,60.3936099869959,56.06533854028926,58.378805579690926,63.53778530058747,58.45642015391487,73.66951376679435,61.69033444653725,60.239761712369294
BH9_143,BH876,26.619999830446883,25.83200110606703,31.237408817533748,29.67250203397931,32.17385331659661,26.779770017616265,24.417043735490847,26.74536932077952,25.16941874698981,26.005518896350328,24.98226147355222,26.68045961527628,30.70459755120945,24.646045348709155,26.552373071690912,27.90735873433779,28.37817657703769,39.69480817874905,29.99212806150909,28.58796273567559
BH9_144,BH876,73.9499999999998,74.21739181819892,65.44574950552716,76.53150054880841,73.81383037254122,73.32386708460194,72.13007844020913,70.88223650621057,71.38095191973,71.72111771476173,73.67725695155758,69.35573041596561,77.85140184303569,74.58460019677325,75.13221196429433,80.17729313083312,75.37106478094795,89.81097794660222,79.37951122815068,77.48393252882504
BH9_145,BH876,23.550000089972595,21.887372699343203,29.095939175623894,26.535475873061003,29.64084098071786,23.740703984184847,20.805160196728608,23.339150380566814,21.42444954767834,22.8986239205806,22.009357529035675,23.80704767435431,27.848224312269792,21.239635582893072,23.54573045275154,24.838921241455072,21.77535888471545,40.798534472406,26.791663399264834,25.64368387073305
BH9_146,BH876,54.519999761176095,54.86370050534425,45.94173007777222,56.96369848533961,54.948678842314045,53.26034351803559,52.11932465534656,52.06575548928103,52.02876556281876,51.88140782680557,52.91816944169079,48.6613732066074,56.7998608444711,53.09443246040312,56.25074255221381,61.09510144748238,52.48702475847804,76.35049745413664,59.684723608105955,58.793775404407704
BH9_147,BH876,27.83000000000004,26.264620570191216,34.87247594480875,31.1062128389771,35.109825630313715,28.54314066575724,25.41882226192039,27.70905463360745,25.72410637408936,27.154079293389128,27.359204861329417,28.92876801620928,32.965189324581644,26.401730888302986,27.924152519379984,29.20883384029772,26.50039837271561,41.31759653795806,30.60013862560979,29.39141453010714
BH9_148,BH876,47.790000184979455,48.18549418059228,38.68284098122982,50.393251036809794,47.59670191557677,46.70450731382059,44.89850442503171,45.33310092049233,45.2464306925147,45.55992382077911,45.93816180788904,42.189315478565895,49.96771496236948,45.83089044380091,49.48124583545063,54.03963623869263,45.93923577093473,65.83627876421846,53.01205092186304,51.15498534104066
BH9_149,BH876,29.600000000000005,27.90430307695183,36.44068436935848,32.679577508920595,36.78457537447384,30.08375800083374,27.226473680921444,29.382986858424008,27.2401578427629,28.665346127830265,28.79793160059541,30.30694228746296,34.424780440038205,27.865289746151227,29.46351458446759,30.77466538461496,30.19087258038437,44.09647198716246,32.0633687820482,30.675424054889195
BH9_150,BH876,50.219999875312574,50.61242811064799,40.20198500475583,52.7988648932059,49.5149326775398,49.143919018742125,47.1888095878327,47.75844963612841,47.77339967287087,48.44509397151496,47.86317356277227,44.541600254079015,52.17907560540902,48.013476577238,51.77294664196653,56.39755542182709,50.26802047458457,69.33150242095563,55.70115880076601,53.48452695944028
BH9_151,BH876,21.689999885420825,21.42333170230908,27.63615378322701,25.03286772809291,28.150273550323263,24.73826834530432,22.30420458981969,25.250006839434185,24.070636103741457,24.250787547623545,21.06359388677161,23.99114144654913,25.96595593002837,21.65258431926644,24.06331036987197,24.26408321836317,32.06945178808401,32.72744780420632,28.900580756538776,29.451592359958973
BH9_152,BH876,38.31999994309353,38.38903307606032,27.619249493765093,39.839075379887134,36.63089372343012,37.21258565600679,35.384715505305145,35.247821677955315,36.48073403208216,36.957268617253376,35.244805930206425,33.03396925752967,39.33178297864165,35.15626999097303,39.73094508091143,43.96923800680116,47.41384142544597,46.22095042055706,43.60344104104649,44.92850435934996
BH9_153,BH876,1.6499997664912749,0.1179243413683304,15.874978148416524,10.80151171636625,13.728724939050489,5.266567788969991,1.5472113928253155,3.134793984224215,3.2644464149491785,5.050051292529118,6.582820115600197,9.099858946764268,11.40795720343506,3.1424233698987045,2.97607719722557,3.415468241549048,-0.2947342540224197,23.335686658694982,11.428984204703083,8.020473455018156
BH9_154,BH876,35.569999913935085,35.21417568668613,27.2074654148936,35.06253400627682,33.70626634177761,34.001544376090685,30.78344016329012,31.80295775510287,30.95535447857865,32.67238819563766,32.870158285817126,29.99277684540992,36.44828652122432,32.77789456381694,35.64616638636784,39.65225733807922,32.626859242053726,53.66615952703396,41.16987409103817,39.79652516986296
BH9_155,BH876,7.979999999999976,6.910671664710686,20.02060430308133,17.198062798248394,18.76320125822619,10.528102951996408,8.101375786337314,9.578013071138436,9.516184311649477,10.46508920358547,12.273122273828946,13.632707518223706,17.410204800584943,9.57816072413993,9.062514728461531,9.929653504412544,6.37077495861736,31.035133773386153,21.35830878152374,11.925794745543545
BH9_156,BH876,55.019999937616575,54.97382120165944,46.06200080259958,53.41673168024081,51.25792715179888,52.287810509860925,50.11772223166583,50.54339999768801,49.91903321658557,51.27668673579823,53.926962582822576,50.48390908755528,56.02721407667536,54.15478353693129,54.34939982723939,58.34046092300554,52.88026743018713,69.13783702417462,62.459129383608705,56.04506679726173
BH9_157,BH876,15.11999999999998,13.593508946602116,30.101663230623505,26.54988041572236,28.32726316224773,18.61627964128673,16.781622599131076,17.70716907841598,18.065783714667383,18.96968155635393,22.006928126080847,23.62730241731816,26.944516480454343,19.10208511414874,15.838969207499243,16.78487253342169,13.049414348360498,35.23445575029043,29.553235151844575,19.01150874712086
BH9_158,BH876,36.68000016758087,36.61345285062716,25.61734247695377,34.54892911068087,31.02323073517313,34.36641603489951,32.12224467842161,32.292801188715984,33.021200443694426,34.42327636260587,34.80895039966855,32.57711198896042,36.266146876334005,34.84803991014121,35.525828329793974,38.91918307474132,34.17410200527686,50.86527236807255,45.127682230284385,37.718760222130356
BH9_159,BH876,6.609999999999971,5.476633174285247,18.891675477181096,15.74751346672459,17.35030594651272,8.257974477849167,6.175305046507343,7.8877123872297075,7.776124071728781,8.000098455502954,11.149066937447577,12.161032515502594,16.467817975044333,7.902609462136956,7.92185831525687,9.120357485001506,5.131625611551166,26.300839794776664,15.29703024559898,12.983714393227602
BH9_160,BH876,54.79000014510831,54.409734172953854,43.522951386369314,53.11233844325336,50.63223657669852,51.44782005275079,49.70691016503447,49.37145451884215,48.576236862767935,50.11636241860552,51.28974564720597,47.75193012640873,54.043399663991565,51.895497108752416,53.493708957631625,57.69987440253514,51.82556012620371,65.37527727784563,58.586652625782015,57.56392816217775
BH9_161,BH876,11.620000184817686,10.87489041522286,15.51488792358277,15.663651155305178,16.61702698955183,12.412702155433866,11.717739303493886,14.515918631585116,14.590823182422294,13.865272381195478,11.822459527756855,14.29556679717114,15.72818253541664,10.98943781439927,13.002350908104404,13.940717280462067,21.78018317251155,17.955040736971686,17.801833299040695,14.72109037723861
BH9_162,BH876,53.25000027938185,53.01339984023284,41.04382172024839,55.47101076312695,52.16704888430576,51.297337005823245,52.8318518112389,52.42683485737501,53.11447191266669,51.034647860269786,50.39195686121692,46.34496546950252,54.74983960154913,51.43338162393744,54.827858168178246,59.37678554034158,60.52562736537623,63.6503395632038,60.17203410175639,55.794644625173675
BH9_163,BH876,18.27999982416398,16.655912622098132,21.889827328147533,20.80369985665784,21.426885351183515,17.93701318581909,17.329072720144758,18.165909565648647,18.379217794422512,16.938975557044113,18.440802703711903,18.99552371430486,21.55792922140431,17.694461070254917,17.59148601256856,18.20212834573358,17.636045215590677,26.471935548054915,18.81948109568552,17.39817011196068
BH9_164,BH876,30.480000113251105,30.239592385827667,22.847802053789074,30.646359463726064,28.64954681978676,29.591890974724183,29.98462712890337,31.09681055075813,31.454359048558977,31.308243090938305,27.73317735281214,26.610724236419856,29.567197661110868,28.7965940641712,31.41779331847385,33.49172304887732,29.64412149981497,40.29842841878362,32.830650745224126,31.432352800032263
BH9_165,BH876,16.5300001478865,14.990055126485602,19.360836198494376,18.908903624274814,19.20328733206943,16.27586383094415,15.791952056171368,16.717457182584084,17.238123693280006,15.345169954191048,16.421898839771323,17.134387341103615,19.63514267790514,15.828643852903546,15.821658166431698,16.259653127731205,15.923195719200862,23.221823260765387,16.941356894284976,15.821415927832936
BH9_166,BH876,29.81000009017408,29.65452771538516,22.31210267512002,30.28997223497597,28.18133890884855,29.20099022290005,29.98085121611248,30.664322424383304,31.366819468832777,30.89437718672202,27.521616988962705,26.52023096966029,29.10878404353789,28.53668911532257,30.52257217579155,32.431937358362944,29.017816348249696,38.19411977250586,31.437517844353447,30.280833964262314
BH9_167,BH876,15.48999999999998,13.913263364493185,16.591900380663215,16.852084445641996,17.258137354970057,14.88431137147159,14.731864533581687,15.478587316300237,16.09757740803617,14.01825423359799,14.465544178989756,15.169973576124168,17.459677208326998,14.086499403006004,14.973012094619564,15.367424201227362,14.533758387025369,19.117713651032375,15.985593296527009,14.568643326561311
BH9_168,BH876,33.649999763511595,33.80918203709624,25.880156308662304,33.880128007183046,31.892094534652774,33.17526500102192,34.50756682366673,34.77343963854053,35.47891189374168,34.95876081927008,31.480571374257785,30.35069231066564,32.67027424173381,32.87855988471652,34.57543580112841,36.526286074360506,33.16183604100338,41.579913193475385,35.35871108877132,33.99224636057638
BH9_169,BH876,16.99999972388165,15.42574129218124,18.58405025269108,18.36246605249849,19.06196171912821,16.276183860815777,16.073989201327553,16.83318787633207,17.00859861175112,15.360000889667829,16.16569713815729,16.68426983803301,18.94262629716125,15.672132134169637,16.581297290358005,17.186997170614735,16.09090808037313,21.47496609582927,17.856259319698918,16.229356019700248
BH9_170,BH876,34.42999968735344,34.56541886745916,25.714066222529745,34.214399982273555,31.897742182683874,33.639025877821474,34.67911316739598,35.54367244015814,35.98771809885617,35.80309734419934,31.40509647998458,30.401344938208226,32.91212699796583,33.065827662502485,35.6290819389578,37.68118663890315,33.88196641543078,43.99292014661917,37.25038866156469,35.54220951251759
BH9_171,BH876,22.73000000000002,20.768973294230143,26.20302493050342,26.73193032688645,28.397628686109943,23.745880937279267,22.3851861933886,25.271111363728785,24.608319039926272,23.094042669985804,21.02641219345171,23.34217403505835,27.91283375452616,20.51969766560497,24.1313293848602,25.07667247017084,19.677366686045,37.610180462956656,26.5534550896706,23.329556751457368
BH9_172,BH876,36.08999999999998,35.52242402816443,28.06026792118401,38.95875677149735,36.31751574314923,35.86509063663027,35.19873041943915,34.7157742790539,35.89776016050332,36.30932385796687,35.78134686187736,31.59600801715113,38.9447606119062,35.896938499469805,37.47122862045776,41.17874968586224,20.755045620909385,46.468925713394604,38.55284960132537,36.10342888979169
BH9_173,BH876,37.42000012750824,35.59577938371572,39.43557423795841,39.3059731375149,42.37738584104228,37.628630712356646,38.08586693392752,40.58500793984958,40.33263266564696,35.891182355156474,33.5119852042594,36.81341213319962,41.17989081190068,34.2166228153391,39.26171112906816,39.79014765042255,48.64768698658374,43.9006906515979,44.176820012945534,40.63210305298229
BH9_174,BH876,39.32000029597449,38.61957296600801,30.344936417324902,40.22441056192171,39.00769297225025,37.799401140551446,38.83342424141642,38.07933870187559,39.36080221713312,37.34676029661639,36.79932900068784,33.15882776693029,40.85343415351596,37.26456873531245,40.95033378993516,44.33513802811861,36.9347926147377,44.324298792927735,45.42450841724527,42.61439250056337
BH9_175,BH876,14.25999999999999,12.267899387041684,28.477874472207105,21.386861102538784,26.0326458798272,13.90025101428113,13.483096144648275,14.526571985252874,13.86145862961249,12.617211760050203,18.66582515375146,18.64623757110758,22.70521771943284,14.398997113035314,13.978349149015587,14.914250162206187,13.272406256127764,26.005182368031196,16.92109790932518,15.32320263264587
BH9_176,BH876,27.770000048007144,27.187018834529827,16.275792294835895,27.96540072507981,24.56937937871504,25.612213339953698,24.210210024033746,24.320038426302503,25.123979907550343,24.52638180204117,22.705512962746184,20.236686814107927,27.69676975501164,23.414743936832306,28.10076957878183,31.58253513771245,25.39380682269297,38.15288292178235,31.20486739763116,29.55396689734084
BH9_177,BH876,28.060000000000016,27.52518996515284,42.49514270014823,37.07145463373947,40.6711693204897,30.00747794918696,29.58925079132961,30.356113365057062,30.90196415273026,29.85316991822581,33.5573150454001,34.968034970014855,37.76592457695683,30.37081748082632,29.10138758932811,29.81023226871501,35.21321699468473,33.28630129624651,30.679490729508384,29.831509777991847
BH9_178,BH876,31.780000195490672,31.75695585128883,19.7884205265923,31.336441170484147,28.452528109466883,30.135263978517177,28.276780903544783,28.002628477650195,28.43526915163426,28.50347309362072,25.60483407957849,23.456346120692523,31.78324900029484,26.71698305119929,32.284075983193055,36.012255099771885,36.70096847131623,37.755547558702744,33.67721839814086,33.228341136144316
BH9_179,BH876,8.580000000000018,6.246130911295398,19.96429831731029,14.112652680052843,18.60087735844786,8.977495666158047,6.888264368119937,8.449805316375425,7.306107427484487,8.273818025342127,11.249884115639055,12.136689665916062,16.33301362875583,8.449447949728246,8.637316065849856,10.236806151564377,6.114862906028287,22.19907745011506,13.032796299855091,10.57301079483393
BH9_180,BH876,47.74000023008636,47.83734100570037,39.96252877010877,52.51403144031183,47.29709739166152,46.00465854764861,44.673855468519335,45.35524315713064,45.274882474111735,45.1434342994465,46.898491702136354,43.26626098032308,50.00483459497385,46.21444098828881,48.83031927656131,52.85494139881352,45.655598606472445,59.165546419643974,51.52377673249426,50.376460548633226
BH9_181,BH876,16.35000031027134,14.489225194302644,27.26715693988086,22.047364711149267,26.70130667225297,17.458775665490226,15.601504813319805,17.24725245007988,15.637847463756184,17.27284442002405,19.19586609124786,20.34171037635314,24.807250901030347,17.23595753058359,16.871662176523426,18.68958774536069,17.808438746043148,29.128297134698546,20.693579413743116,20.689535696385345
BH9_182,BH876,48.75999993741509,49.03261151381092,40.45513625734306,53.2491528278593,48.63576793351033,47.60632000434737,46.37336221847288,47.26066287380378,46.81523845140266,47.201423406754834,47.84246361655678,44.26851973986084,51.57086273794197,47.87991281720433,50.28163341663741,54.72007212085493,50.52725575655656,64.60982548681088,54.37419088978126,54.756025109159346
BH9_183,BH876,16.640000048651324,14.792857827010373,25.26427464782891,21.087211649142112,25.31126927169076,17.20499200880494,15.405400949096617,17.099049333286796,15.677546850664694,16.895676211038083,17.78273420846762,19.305846790260265,23.479379797254207,16.10958599403276,16.84522413560688,18.406231136001136,19.491858691367828,28.347198699763254,19.121247752556354,19.64434621378298
BH9_184,BH876,53.17999971502204,53.35462273773847,43.6807805612226,56.37750749809686,52.159174079745945,52.103943958826456,50.901485831819045,51.35225073640184,51.20292506795037,51.50900530130223,51.06995606132727,48.122617731279,55.507955634478826,51.79131026746615,54.20196101701773,58.48990814009789,56.38847072801824,66.40565950122958,56.5762390919451,57.60370975365073
BH9_185,BH876,16.97999999999998,15.585504200256027,23.172673999619107,20.045106979267217,23.25526711042956,15.807095428546386,13.48269949584012,15.19341074122857,13.59056498595191,15.277158783104223,15.765530393303612,17.080984465091458,21.259658217905805,14.265007964344148,16.64724238650332,18.179723684756407,20.431566990850406,23.511935705805904,19.380366749211486,18.139777197683397
BH9_186,BH876,59.45999969718076,60.63009854113936,51.924289816222526,64.73883993995182,59.30563719844937,58.80937842165776,57.59306482267931,58.05997968761535,58.2449082356958,58.59552551471343,60.42783146713877,56.54313485874286,63.41239962045972,60.43579167586211,60.746174867174375,65.21937634128977,63.93062013130007,66.78405678698296,62.021915948519585,62.206921907830704
BH9_187,BH876,26.4799999567462,24.811301662989163,34.77715825973734,30.508173657114632,35.08689248085166,26.954506305729907,25.104150357090564,26.55172353662628,24.85791450994394,25.78820765921853,26.46904131953893,28.21866681197049,32.32826262759303,25.36980824995952,26.362022841734035,27.7981737801564,35.90378464039667,36.09387342626882,29.109797972977816,27.625432239270086
BH9_188,BH876,51.36000010189422,52.14200868361374,40.836832700162425,52.9585291568055,50.62086924258286,50.20110305495351,48.99170134737124,48.80136059287843,48.601562329346194,48.988325722963815,48.80180988969011,45.06538580058958,53.07702559856073,49.25026179434295,53.15259618801547,57.934140631978806,60.35761800196007,65.12521967915877,55.88755083732517,54.05867969780595
BH9_189,BH876,-1.3400000461540498,-3.779726886354332,4.892410433214352,3.961825429398562,3.86313237083883,-2.4363620088838696,-1.8541100241388648,-1.4662686947712174,-1.4073323147497487,-1.8220406504790216,0.7213864601485759,1.2393353528435314,3.6915921767229953,-1.3492415036484515,-2.4520129109545823,-1.7558095982103965,-3.949967202170593,22.9416567403517,6.23176347422679,0.5102074003039287
BH9_190,BH876,88.5100000000001,90.26113217631168,79.25956510580387,88.4129749580942,85.99572870755867,85.96963880890485,88.18678879162869,86.90881422924642,86.48173517169843,84.32647368736151,90.21721216076392,84.90977725254118,92.10876768327644,91.9643177633826,88.9395001482514,94.21132765891036,87.57800160989393,110.46296595519387,94.51609215038441,91.01317136092061
BH9_191,BH876,1.9800000962952136,-1.2054740003139472,9.010720347520342,8.25517597388702,8.03096570923856,0.7474767353148054,1.2872760099285288,2.188026766098978,1.8921574295695995,1.604917728850077,3.8615227463019903,4.802369600834163,7.531126802806508,1.821791905671712,0.3681992788032782,1.1883319475584049,-1.3572540428874886,26.893648136405538,8.560466930843008,3.428739017795517
BH9_192,BH876,86.4400000000002,87.977568159644,75.72232369353104,87.83634639949253,84.73186526441462,84.587530367018,86.45582561932919,85.28029135102193,85.56620085713969,83.3075465819971,86.60646108830834,81.93138843591329,90.20405309887596,88.40089853820973,88.1825350305043,93.46383065504342,84.80615305073101,112.40513181275334,95.48032639825499,91.24127967114649
BH9_193,BH876,13.94999999999999,11.110014952122595,26.46396476786166,20.655022970174866,25.74780056710452,13.455673102054435,12.00880492937642,13.237781544113014,11.713712135919996,12.341107528757858,16.616003584358428,17.459911143824776,22.29565094543461,13.276983002240524,13.031974249912876,14.620049122424554,17.62799889754785,17.26012639684692,18.782347258110946,17.30687761730389
BH9_194,BH876,47.20000008973139,47.8899594949076,37.38495184082584,49.70266048260719,47.14688134997374,45.68421455960521,44.994770214171226,44.96006542622042,44.608219232618445,44.558332480422216,45.31971011929519,41.20114813456309,49.16499775228485,44.91461491505695,49.23616849629947,54.02350629593673,59.65554838817405,54.653702098584745,54.28237475571056,53.31019150088869
BH9_195,BH876,18.44000030733137,16.664098796976138,23.31985151498561,21.11309710510989,22.895004822468174,18.474274247265985,18.489530696868734,21.078845630031733,20.574997502760336,16.685617979369322,18.246025770965154,18.877664382901127,22.4520660277684,18.129301164942504,18.258201086324167,18.989299008571628,15.17822880962992,28.536093767108945,22.2167773341083,18.936068699289937
BH9_196,BH876,35.47999999512751,35.16596589088025,26.95908624641068,39.15724674048017,34.27122755398934,35.59445835070176,33.066184025116584,35.21867530621891,34.27351953228887,36.25182428628521,33.601244410925624,31.616709742908235,38.74171335533761,34.55843267889943,37.039309582370606,40.17244179604424,32.758523500774025,48.611271082497666,40.961323362811925,37.806871073793694
BH9_197,BH876,-1.950000123359353,-4.907856955538348,6.692256261767929,2.5288863982452767,2.925964039583452,-3.406278302562587,-4.013293819191165,-1.4144318941102736,-1.9140053641309915,-5.396358209056437,-0.1450206397352721,-0.168514657133619,3.703146571317992,-2.759593268492312,-3.966054027523602,-2.894436143801059,-6.9837694758795,8.81786935142098,0.5239565193647797,-2.623073547398902
BH9_198,BH876,24.260000076964097,22.999118182225097,18.2288994686218,30.03321776023722,22.95903902665401,23.252539263966465,20.671378000663506,22.726833601210064,22.03120690698379,24.38881641406129,23.5689344981172,22.18689012499421,29.03092781350165,23.04244338170831,24.10756447149582,27.51715545933729,21.40033247041687,37.22918765313155,28.624343436223153,25.669306187052523
BH9_199,BH876,12.390000117680913,10.524800055888424,21.89635719177105,18.16501636864956,19.562656611287927,13.511734798495205,12.68073429314468,13.23308865177999,13.962969958669948,13.001052089054731,15.09741647541524,17.30112395023725,19.22133670085193,12.99164446695463,11.72460344136052,12.211871638818344,11.4692118331761,22.472838811895684,12.972600182416693,11.335862222310611
BH9_200,BH876,36.11000005429005,36.59041402850296,28.33548849373799,39.799355536250566,36.60717261025072,37.87211066341899,36.91234615529248,38.1856623383545,36.96509930799272,38.451422829078886,34.3864471413254,32.861206361150394,39.73284630907038,35.757235124043675,38.8248766839016,41.900769177629535,42.17238102908895,49.58721712656699,40.16420684231661,38.67446175258211
BH9_201,BH876,10.450000000000026,7.638120054637057,21.498889427777293,16.21099698439838,17.87635812002268,10.53796740090658,8.6104592879236,9.411871027257254,10.832211362406673,9.61636174384912,14.335381520256956,15.67460401948036,18.11835306988877,10.943553882438534,8.002365458979082,8.618209469178495,0.898820879664074,17.772997013743343,10.58352466761803,7.532612278331036
BH9_202,BH876,35.89000025276041,35.51890006040251,27.871821994264124,38.45973230954865,35.57104798026637,35.95299216378864,33.84299482034616,35.23557143800126,34.34993587907158,35.4206648327751,33.45798688446584,30.87621078744748,38.47908677244487,34.11367084370759,37.16954534593308,40.21968020725549,33.13402082015782,46.02322458441556,40.03081892526333,36.895237356845904
BH9_203,BH876,-0.1199998917434419,-2.035515420225348,9.745934982909803,5.117306314679495,4.605268059247947,-1.494746392552918,-1.2873787331454132,-0.3568349566620076,2.0337769051716794,-2.4250372199029284,2.921899786224445,4.548774259830076,4.911886695777563,-0.4057980149430013,-1.9267496422913817,-2.025911136731208,-3.582057876084812,-6.633923181859603,-1.7018270478634054,-1.883166827701966
BH9_204,BH876,26.38000004696,25.37462030640837,19.572206426986423,26.693332721067662,24.95871041549672,26.05620139323489,26.03039663498101,27.560802947606035,25.839605328599497,27.8631092763045,24.46049945683062,22.64348308645749,27.27211489223766,25.57896349552072,26.80119796016227,28.665228469764045,24.919134679356468,23.76780035431416,26.481920036588498,26.325549452062244
BH9_205,BH876,12.649999883125036,11.595347345629872,17.222828965629617,17.897736050036055,17.22701225749331,13.898926969310612,14.542670991926247,15.587347132850232,16.929470922031488,15.146933499047805,14.298785230530369,16.532930993642907,18.38128386932836,13.597723990512478,13.231737372858149,14.09083423841019,11.41859324300756,20.07039251874295,13.616801078246915,13.279466598136931
BH9_206,BH876,52.780000075877226,52.27355813820723,45.447453038731005,59.79789986923591,55.00076482691301,54.22597392201302,54.43358329792496,54.58544090444353,54.939661091879096,54.863229622249456,53.82526061631985,49.05315077739967,58.96473081662825,54.8335704496437,56.22589254947966,60.19897957773127,48.158076467527856,67.99597210241596,56.787450932267284,56.46527690647269
BH9_207,BH876,11.599999999999998,10.73340303032361,15.62126734574883,16.83525501812115,15.57795243749764,12.786735452519434,13.439823718788652,14.607179154129517,15.923137555337885,13.922151534183156,12.79268894868681,15.176999485966665,16.964148915340026,12.459985873459347,12.042815754672862,12.882282178552211,10.6491882217354,21.562451277905417,12.215954601929305,11.663280886087946
BH9_208,BH876,91.8199999969409,92.26494067232588,84.89908298506059,102.03633917397208,94.5470631115858,95.06262131857564,96.6760107391804,95.0531798110726,97.53551711739335,96.77862843021958,96.0100325497976,91.69752533332635,99.85479119218776,97.99711961321655,96.30539266235223,100.32962453640906,88.6546059562073,108.09196326172729,96.47690389701997,96.25568509977285
BH9_209,BH876,8.099999999999973,6.870943726155529,15.634609326622364,14.686337717188524,14.410954682501869,9.800386490018374,9.932365600392105,11.012919281633849,11.697612376364493,10.432107995946009,11.504204857521414,13.12963794191307,15.281244309110845,10.344841131264555,8.735217521268522,9.766425175327194,7.06513193388137,24.94761619770475,11.230548245912198,9.744947140219457
BH9_210,BH876,84.95999999999995,85.35156607331261,79.01458358732054,94.99568707928604,88.60265481962112,87.74596752772734,88.96285423112577,87.43177962084442,88.90716922864789,88.50787384337707,89.10557053053803,83.7826955634988,93.21008860232776,90.41910567838715,90.13638184965588,94.4772467212284,81.59928114700416,108.2013609844169,93.99468411424203,92.34707443916842
BH9_211,BH876,15.429999885219337,14.699693754382448,20.247396141674447,20.881786821898853,20.158557680155425,16.576654222292493,16.962919247802215,18.30801818493849,19.31551438947561,17.26665987488265,17.038405813728087,19.042857695193515,21.602348358084768,16.30551760692562,16.33522578795958,17.364476679198265,14.367922664386638,16.78246741841183,17.38682267009548,16.451679461673727
BH9_212,BH876,68.28999999999974,68.23903350666546,60.146229688031525,75.66816987687918,69.7614462271451,70.63659541254586,70.56791312006669,69.26657932922971,69.94292121401683,71.7024943630838,69.47650327386438,65.31043373905747,73.20098629689076,71.19264410767572,71.49090714181328,75.04688793233001,63.86322341375117,71.70737619735618,71.83381710037926,71.43689366089802
BH9_213,BH876,15.299999999999976,14.592049837950048,20.29472598101584,20.75439380174797,20.11594344902088,16.23852074219646,16.829820346771893,18.092959016504828,19.185687197355463,16.75630296830781,16.95814113965996,18.881340584378183,21.499531558258507,16.063102288478238,16.051167434778495,17.057546860704747,14.454682127426915,16.721975117973944,16.58138562747746,15.826127353198155
BH9_214,BH876,67.99000000000005,67.90879472327596,59.44291914033512,75.12722797028441,69.11616041368433,70.12752207663395,70.26007435409947,68.95519205993274,69.64497318962118,71.1446234431585,68.82304126297053,64.66108486451805,72.5994344424958,70.53497916385106,71.02764538605724,74.54009942114249,63.69929274398179,71.58305845066668,71.00137296323655,70.64416543566546
BH9_215,BH876,5.930000297907021,4.443731997647161,12.314196471194068,11.974890991666715,11.44347317283306,6.448036351650899,7.683355518309379,8.29388308002111,9.16833566714501,6.540644639054879,8.75048514047172,9.860923332971042,12.492537110996436,7.485137135404813,5.958272423524825,6.850545965919182,4.837779168550983,19.153194263620637,8.450390338665212,6.354763522828193
BH9_216,BH876,86.94000000000008,87.0478045029141,79.00594604492856,96.708691620812,89.12630087080977,90.28852923999554,92.23910585628656,90.81644593239172,93.32123257835008,92.0140625728817,91.00557151479782,86.11161690623112,95.07560555636093,93.10376628363336,91.48661193175138,95.5361079647314,83.29418608634771,105.82735928157923,93.73051129301732,91.73672339406718
BH9_217,BH876,0.4100002576329006,-0.9926232888012404,7.387902032372964,7.09627917799569,6.185174578272542,-0.0123180109471946,-0.0142971131196839,1.6067845067393882,2.007339491784724,1.5144063898161615,3.696124050087129,4.800467305854407,5.241303881055052,1.0595319256576063,-0.264706965038066,0.7090501886173264,-0.3516962822394534,4.357986677860035,1.5632374939183369,1.692153220257192
BH9_218,BH876,56.59999976725751,56.054146720486585,41.6684776577404,55.816753485885165,51.18170326226247,52.11716558351782,54.29416895333076,53.988171425651934,54.67568335562216,52.269358781992665,52.41292579604811,48.21034606579928,55.11114675552747,53.72587767323215,54.97948874173026,59.03544303948239,54.05775593623254,60.72630840353397,57.49083215936506,56.87842709995733
BH9_219,BH876,3.8700002737828463,2.5439502652491828,12.178658378136108,11.53837287388389,10.931435356728404,4.312609061221631,4.036079127431191,5.7768988421479,6.265653797788522,5.768844318770674,7.815068501936616,9.059642805900449,9.846788054552537,5.232826165931231,3.867389959830401,4.971353195873332,2.9650458304282417,10.078155457854765,7.077288840509726,6.149548692278611
BH9_220,BH876,58.42000000789479,57.82190918198143,44.83981722903743,58.926261913096845,54.3115573664399,55.151606872095,56.99674658554136,56.80562690355755,57.66968768274336,55.45576862074586,55.13809684414588,51.1506049594815,58.182779401082406,56.54542715143586,57.306696544357145,61.44831228593792,55.20298315736919,64.77841573265322,61.13431882704224,59.520549734133304
BH9_221,BH876,16.869999841159586,15.890624720692683,18.98298400428115,19.022117691353102,19.681259541437587,18.60369180120324,17.751074912264055,20.17734274099472,20.81475544413908,19.36647355536479,16.273000379689215,18.21621919647319,18.08302152549029,17.01943388060323,17.196300375094044,17.634730514248705,16.561675073513253,25.00730687866698,19.17954843849374,19.100365038053134
BH9_222,BH876,41.500000211842114,40.869061398512095,31.03058043985077,43.82160899851464,38.917077278445696,39.893400255553296,39.67464700159768,40.73003887079904,41.902092783362335,40.66406854884882,39.86302634972453,37.04310952874848,42.486459349549705,40.21744445373815,41.32187700405636,44.98870646462807,39.01919104867956,50.360980494277044,43.95707642786907,43.202919471025716
BH9_223,BH876,5.380000166573439,4.159015763563756,7.99509670295226,9.193621851696053,8.58138256967993,6.281445136444333,5.41040544790294,8.152899647958638,8.237379930696813,7.374025789904617,5.332054614954179,7.070796959482108,7.44495180517289,4.968581612030835,5.9207460391364695,6.547047620299058,4.618191105519003,14.515204486915165,8.539871817151962,9.358523559652902
BH9_224,BH876,50.909999880346845,50.29347276336724,38.3498454231736,52.183008772080434,47.25495655375797,48.16555017250197,49.11838722707631,49.2796047020941,50.31341212789374,48.59710651009648,48.43113226222911,44.79468593183496,51.32717872083083,49.29462163130966,50.42088090640072,54.36315395643201,48.21055880096101,60.675777942300385,54.280540688926294,53.37882855921776
BH9_225,BH876,8.080000000000014,6.644294206718448,10.380113753121586,11.596610898677625,10.749924288015452,8.217230287729269,6.848198515737429,10.09834543307754,9.971828478976994,10.15116742353822,7.780533015995725,10.044310655055208,9.818970998835455,7.145087366885544,8.064652927893633,8.874789496255643,7.259393994450093,17.61866480974909,10.915666627563272,10.467890348329405
BH9_226,BH876,56.87000015118972,56.26843097756156,43.39013568034459,56.90780314164186,52.66217557121393,53.54258472927625,55.0325724664354,54.69828279563645,55.670441117950055,53.93820579557852,53.74568664194127,49.95892411937911,56.16764605337978,54.85281133281412,55.640888308216766,59.669936192004585,53.291635990462176,64.9874429101236,59.12221000574221,57.77531110655759
BH9_227,BH876,6.790000000000028,5.2057854015565255,9.82534938162596,9.924377404799642,9.747754195641695,6.141937230221057,5.92785986310034,7.592590853718839,7.515280619726723,7.365179035740809,7.59491414480948,8.389459424530267,8.325142150655694,6.154063286678636,5.800217784497737,6.717686648072692,6.002460243208499,13.475109421686906,7.482773399996524,7.830496180087033
BH9_228,BH876,55.76999988852256,55.35255561150076,40.62512725610166,54.55558544693831,49.84284220852603,51.20759687594549,53.44386148756962,52.78198946915989,53.660916449824384,51.70523805597091,51.7440700365252,47.60290246223673,53.71812818282962,53.04042454033692,53.98516916935673,57.99567577977951,53.47520812837969,61.752711761930264,56.2408851583832,55.5864411168774
BH9_229,BH876,6.930000023278511,5.456084121481007,14.126310047216364,12.645367859131843,14.246469765643134,8.016753560866336,9.461929779722034,10.137747694289036,10.777036525050786,8.439887717382765,11.20325702409877,11.209970371556729,14.662381727328423,8.90455471783975,6.738382287066531,7.800100769432219,6.006571998428893,12.581536343435316,11.055483956523176,8.27955293015045
BH9_230,BH876,34.08999999408035,33.511067973602,20.25709881868009,35.28901830243676,31.81619437715485,33.526858559313254,33.81772124866636,33.6354596787476,33.41717674316276,34.02127157973897,29.90952993255477,25.85128691957493,34.50696679911818,31.28006095022137,36.8279261134688,40.037218461648585,29.00074367928765,43.00754809535771,40.83907011178275,37.99100887874822
BH9_231,BH876,8.700000000000014,7.3012186267108925,16.764985879704287,14.533807985360466,16.713601827120637,10.043320507868913,11.235984906163772,11.920532544188523,12.781499262472256,9.885757647973731,13.606145042124686,13.526318871673189,17.115309860785086,11.181548459337332,8.527220093331955,9.500471976455248,7.968300542363728,13.444618339380538,12.340070349731283,9.68777082132552
BH9_232,BH876,35.15000029283304,34.405256110283204,21.373335073195967,36.27364297893613,32.95894830363195,34.691572619050525,34.72055452062377,34.44808043154016,34.08761589730426,34.77989162828426,30.9551472121655,26.666498094255545,35.6706070018917,32.35651850074949,37.757515510748696,40.939605950767394,29.87646475159166,43.811520898377985,41.313783944368566,38.701970446511986
BH9_233,BH876,13.34999987913792,12.070641532793532,21.924227585817903,18.957200581195096,21.78923705740065,14.809399290457678,16.281812871812843,16.84389795708391,17.763749787868644,14.654082788991944,17.972967596161904,18.699491476298075,21.53671300053448,15.740340154995875,13.401954839787962,14.39559676467008,12.482189033678315,17.606505785266304,17.12278029407851,14.141384730516213
BH9_234,BH876,38.41999985287973,37.53025517363935,26.13852636923269,40.593068801141015,37.365089408960536,38.76365102376791,39.03223442853599,38.761566625561606,39.06247517692137,39.310933850855655,35.462393585298905,31.57358741730048,40.03537151305584,36.67456681404294,41.02847886266306,44.34848678619758,33.71941546898869,47.22280664118908,44.5577563295667,41.74215812052701
BH9_235,BH876,33.30000007925989,32.58679722103404,43.823055784352896,41.23869365796635,43.3009720433736,36.88766125026,37.716809536058136,39.08244974467097,39.47167423038641,36.36644548053729,38.460954070486494,39.75534497103028,42.64557410314992,38.60185140810378,33.83542410675773,34.66591300371545,45.18328767085015,39.5770379719095,34.10954009698862,34.60427650252126
BH9_236,BH876,41.79999994120071,41.85697096155258,32.016842539562326,44.96857326243463,40.61482549571255,42.23416747115909,40.11611409839678,40.59801232064719,41.422621516584535,41.6147097594002,39.630152312872845,37.14789106080918,45.3701329529586,40.43956912777512,44.277624462966735,47.91252354343367,49.98956767229452,49.1444439273211,44.846418730078966,44.65643081548644
BH9_237,BH876,34.77999999999997,33.88722683364361,44.32703380599585,41.8649452263823,44.26791676606322,38.37238004141707,39.24389895906928,40.54765004193504,40.96339414475637,37.728890473806096,39.28770269711414,40.59384101422324,43.25714809953761,39.62229714916613,35.31392239650766,36.14230041415421,50.54614419715078,36.01649825538232,35.570048967591475,35.511657972323356
BH9_238,BH876,40.16000016568805,39.95268402490185,30.862068418125627,43.236999272338025,39.84992916035832,40.29027489760106,38.520752585777714,38.66501952388933,39.48460067456108,39.45118297126414,38.09513487233357,35.16981327692925,43.79757030276749,38.294892222267,42.63100214079097,46.444833476849645,52.214005876402936,43.88506475070818,43.03029269760681,42.33019040243952
BH9_239,BH876,26.38000004696,27.042600666522134,29.166558840703686,29.962026496662222,30.15967127325511,29.929070640305056,27.9780451665114,30.83229717248574,30.65898131484148,30.98758361616604,26.52733895776216,30.04712832752457,29.62902472628509,27.413539212459643,29.46113638637925,30.04732505166176,35.79537329869446,37.73134282171585,31.6695149467538,30.3129728007784
BH9_240,BH876,51.44000002972318,51.23638726152668,41.95192989948483,55.13078328387425,51.19757925192324,51.26825194167056,50.94990885531503,50.00042351719012,50.994357171180646,50.63121103795266,50.08461194533359,46.2750105879276,55.02222966703252,50.7294753192611,53.63686965924782,57.87616892219669,56.497007045157474,65.90889456354016,57.136863617321545,53.797995025263894
BH9_241,BH876,10.06000000000001,8.434013726666757,19.340547938680345,16.483701055679788,17.75531631156113,10.762766394909828,9.848471348714414,10.97359997728201,11.319420197478944,10.326926426634946,12.593546056027714,14.65342992809449,17.331802762894533,10.63606859250816,9.419564418863263,10.016324234513723,8.503675343656079,24.948742943577425,15.573882372305398,10.14574900809848
BH9_242,BH876,45.52999971377341,45.79282270705707,34.30286030655891,45.17509805105576,43.00794908989355,43.61725482788862,44.73848863064693,44.38050759063126,45.00489878185092,42.70920607379871,41.87085661672401,38.87456702556938,45.933908987947575,43.55107717674642,46.32983640433132,49.70055242727282,43.126715217044776,61.3068383083229,51.20252743084474,47.235783484932405
BH9_243,BH876,27.85999996681473,26.00865820077059,28.1719352401376,26.15953344110952,30.033692282916245,27.854028586642908,29.24029609857701,29.438494903246788,30.163982953619097,25.948796495173127,23.92602265486737,25.82472776929089,27.40215826133265,24.99563225658129,27.51907206152978,27.37637301858825,25.896450887945235,31.654178085454653,32.428455517151804,28.815401546824653
BH9_244,BH876,26.23000018228069,25.790192973613827,14.592364847745465,25.317404808243435,23.124624469659217,24.100693619300664,25.15833216061156,25.297378031701268,26.18136587625808,23.728818515461395,21.57673756293062,19.642451594541622,25.02672917944101,22.315782955436863,27.03884966593633,29.688923329420387,23.65480346366547,33.662666668650964,31.1043484582894,28.15393129123577
BH9_245,BH876,9.789999953201772,8.103157034665973,20.40711675559604,16.82178527619666,18.605199581034302,10.73539443167835,9.900303317617771,10.924796306451826,11.41896271556918,10.242891989425011,13.1125099452639,15.105170296254368,17.918307379387226,10.862931778962244,9.197950286514224,9.81972187667851,8.032374640037139,22.220144881407208,14.755148901213877,10.472026933946117
BH9_246,BH876,41.82999991413657,42.04021163457916,30.50846325274192,41.75281537034994,39.19126635090552,40.021719667967226,40.69826053607296,40.773161886617125,41.2463714872737,39.22788228171706,38.155936963557295,35.26763403458052,42.35432229504946,39.58670117235373,42.65283419940928,45.94099840172289,39.18222775900821,52.98820746863428,47.30306969888601,43.93410122576838
BH9_247,BH876,20.34999983926677,18.73068283876293,19.98476504075771,20.779179359223708,22.24762030357945,20.67095273742096,20.69075015932167,22.54024052144349,22.5574728729703,19.520888451179268,16.331809814606032,18.7619468040766,20.790710285098424,17.111522465248704,20.84866844057669,20.78339245779324,21.861575063203727,25.298954964958984,26.0847029331235,22.125747861733913
BH9_248,BH876,37.370000172615136,36.98500560277723,24.304855332680383,35.90364626203836,33.751661945943376,34.66545567471049,35.859511449900715,35.62656556318936,36.39123084980141,33.96143058194918,32.117799275818875,29.862410748238165,36.14956069882138,33.16369768026796,38.04546392068897,41.00433267452407,37.9103512444498,43.57483921714772,42.58035386212055,39.41648504221649
BH9_249,BH876,6.989999999999979,5.17186744769668,16.875424472338658,14.039036280610084,15.531871216479514,7.892261956427126,7.492749201776257,8.41649529369976,8.863853700393072,7.732498734502828,10.15483364764168,11.979397325483433,14.895367398190547,8.037956792370359,6.407696465904097,7.0212265975911095,5.048412034498921,18.68302500256929,13.414491396996189,8.102033428991495
BH9_250,BH876,46.28000029218886,46.601230926075466,34.12707921519821,45.87587277021739,43.58528077291574,44.66227773054768,45.86245297804671,45.67068840463341,46.138278720800926,43.72569273202281,42.35379876385305,39.059820247085256,46.582471216589816,44.244342050879645,47.66104491728172,51.09119311549108,43.52159766770559,57.31216751954406,53.05222947644946,48.852467587260556
BH9_251,BH876,19.13000000000002,17.371431931461448,20.54493101382494,19.805783902010045,22.515963309413568,19.84494946659713,20.36824850500676,21.833403684274604,21.382330546959142,18.23231964631035,16.100501915902214,17.973260517568505,20.509155945733628,16.675933249169557,19.922850877247907,20.13758179542289,21.912213524063617,23.986253340987336,25.588789455934332,20.80304306490841
BH9_252,BH876,38.269999988200425,38.04457455148573,25.72552140797012,37.47070050847636,35.13373072916575,35.94351049567594,36.96754345737124,36.64198702421715,37.33628164127963,35.20625588968774,33.596837725590426,31.1046397355192,37.64222758766874,34.6332457389525,39.19015747891245,42.162613507109285,40.255883812915,42.05329204507752,42.86588228297008,39.77715179151591
BH9_253,BH876,1.9400001323807328,-0.14216942498186,11.900652542029736,8.616664101510107,10.310860364359938,2.660150712652841,2.1763366410564053,2.8768556501363696,3.7025481783588616,2.717961152422132,5.483517706279471,7.423091383155211,9.457937878257075,3.014108287404171,0.8396013384341233,1.3135281824677456,-0.1999553191600953,10.085841452349715,6.31724075878719,2.0662848380616174
BH9_254,BH876,42.250000162748094,42.23873655595516,30.46400740677092,41.86290958570295,39.53325148408411,39.6902377882937,40.22804114345735,40.78572600682939,40.72437120524193,38.57642792459776,38.63194400154247,34.817573572131394,43.11452109472088,39.91176055534493,43.03579551302524,46.61651473511584,39.27096760677265,54.45548645873484,48.115048289848666,44.17851273044841
BH9_255,BH876,28.380000000000024,26.927845498987374,29.967541551973955,30.128599953381528,31.966514208996266,29.34313994410732,28.94534869897632,29.88603779770061,29.96276294179733,28.59320581895072,26.04422286493456,28.469096681343544,30.19969025069052,26.34706289043248,29.001071289345045,29.316132187293245,28.04679619195318,33.71662361726497,33.35953303557377,29.686674585805648
BH9_256,BH876,41.24999980986713,41.3448956830969,29.4822927427935,40.26767338681314,38.761645942747855,39.022210027468816,40.10047329916813,39.81263765275768,39.562486020968,38.003410871259966,37.0190845755703,33.623649762157704,41.02180015377552,38.18021731317275,42.187507749257215,45.50293962268564,40.43219404475964,46.72020390242212,45.885997387873104,42.92068367738945
BH9_257,BH876,11.139999999999972,9.574193483711282,22.09745690988628,18.2384286393182,20.099322919342093,11.944818541436522,10.909487585331204,11.972102465078164,12.504954268524532,11.509239993529842,14.732336106922467,16.6973104261938,19.524896667985534,12.185921612034512,10.45417317431198,11.132204314627105,9.439841259959072,24.931425992846446,16.426579781325092,11.686536492466152
BH9_258,BH876,43.0600000595258,43.09998998325325,30.98897737744377,42.66538853047741,39.74791657659788,40.98279435315165,41.49535074315533,41.6440135106461,42.22761815484059,40.3512903420012,38.746238765336905,36.05984046098334,43.16996645132529,40.42372250497607,43.31954952420883,46.59385643475037,40.23597710143606,55.39343909777935,48.35551033909439,44.70279851114607
BH9_259,BH876,10.61,8.150901469541147,18.79077264399617,15.590385094456412,18.976646848769523,10.08958678135373,10.732603143981002,10.867974884295952,11.607548828128316,8.951663109086143,12.57522936827186,13.838978667394109,16.166263402717867,9.869190017279989,10.056374022616696,10.600771435636169,14.90198092507812,12.830769493281174,13.558961156058661,10.623921776292864
BH9_260,BH876,37.95000027688458,37.48900119478501,24.42859273363992,36.06209918134709,34.6424346111449,34.78742469127438,36.04225720624552,36.05913990935299,36.56873288595797,34.337129477416845,32.82126212011625,29.87374087099323,36.41786103410583,33.69930060948223,38.71077343595653,41.98042240648689,42.02669705973136,42.21684378174785,42.26332401840229,39.61610903034567
BH9_261,BH876,17.649999765001432,16.627675574383503,12.086674901892463,19.985913508565087,15.777013189136378,14.870713241225156,15.640253146875454,15.832516653102832,15.33023554252608,15.512017820769218,16.128413349069838,15.008762313427276,17.975543397005545,15.74738539202922,16.90454982251597,18.99671447627435,15.973826333635712,11.724512967578494,14.160771384047894,15.743859911394233
BH9_262,BH876,44.980000209949296,44.94344665361735,45.222988319077885,46.20122407058213,46.90098548751727,45.31583512290731,48.28763527823231,47.61969888277657,47.67071038294461,45.31313206297575,44.719387054033945,45.15169069257692,46.41266376433746,46.62761851518599,44.626667760122366,45.06447980241846,45.04978689395262,36.10760582154421,39.703572342214116,42.86667368449741
BH9_263,BH876,26.680000000000003,26.277800590930777,26.5553856191468,27.955351600215348,28.7061530062042,26.887720472502263,26.031058531908624,27.067717172515184,26.787872168929727,26.931744717370027,24.11608435586617,25.96389600471811,27.810163227120245,24.914505447885475,27.232568617698075,28.137786425551013,33.8760421888893,35.67129603803359,29.26385009623093,28.29549629441929
BH9_264,BH876,50.51000024120204,51.01286336688023,43.538860069313166,51.37053598596945,50.03732722382792,49.76135696580042,49.84435908713041,49.75005947340694,49.98769837808031,49.18018636808889,48.16918533482259,46.50760437905843,51.1659331961651,49.53284455899519,51.56358676563252,54.48758419050869,57.42511059611693,64.88507525245151,54.89234304104188,52.62319964737993
BH9_265,BH876,30.65999995086627,30.2720255895352,30.511904577395605,31.889234973972503,32.696097009590225,30.9114680974969,29.93882163561777,30.961453556902548,30.53759625858227,30.885046811070207,27.87253446851973,29.71972996580044,31.90737583361045,28.838272239367026,30.980658045122382,31.81696408029707,37.6628909186845,36.76787874646997,32.20387715484767,31.23408590661715
BH9_266,BH876,51.430000038744566,52.02039031935959,44.54436280172192,52.39022664486265,51.07559065714239,51.18980070726898,50.97153603218793,50.911194407340666,51.1402622227861,50.531967716386575,49.1562448108654,47.62714026664612,52.18392499870477,50.727794974383954,52.672032176267294,55.52768490882941,58.2330931615405,63.51476877837403,55.77443487638526,53.336327931940524
BH9_267,BH876,27.740000075071286,26.49092238658546,31.89068671705465,30.801636808543872,33.22072053227943,28.454686930323025,28.36212081152352,28.30916101991297,27.996935962666807,27.078031734076337,28.50754130031537,28.953914140536032,31.32782138657942,27.949266264246404,27.458666116999577,28.545322767211225,35.04550605980444,32.32120129663246,32.484742652789286,29.908981722309054
BH9_268,BH876,52.70000014804827,52.51926863442775,50.395428431921154,55.66211902457338,56.03684961011045,52.54235345295227,53.40489998903134,52.25677571106628,52.1150111551102,50.48691291260758,53.827362898571046,50.69140174665526,56.218579742482525,53.946050667981865,53.1373423112029,56.421582885087965,59.92877361541879,63.045934481422734,58.74620217008488,55.72603657907698
BH9_269,BH876,30.72999988771661,29.95665777656749,32.986949219660204,32.37748886328227,34.9042473142248,31.506654558645515,30.01962948196726,30.703034362417657,30.58098025558434,30.325704004943425,29.747457036693845,30.986006496504487,33.46098437178228,29.815440095327155,30.7532750926316,31.58894784532196,38.49968370415795,33.03609652850353,36.02308244947529,32.06562500336172
BH9_270,BH876,53.64999991852666,54.02126156897186,49.219565034879786,54.96257792619602,55.613380175460506,54.32831444220938,53.39560312243057,53.12752580405172,53.29329504461604,52.405501229482894,53.06487155587608,51.097303237893456,56.0151043360763,54.02853634919714,54.96359769178736,57.80694985818271,61.26797655504487,61.14739636119609,61.00258588384608,56.46858050674125
BH9_271,BH876,24.91000011808389,24.403345768479944,24.19642320155804,25.70775579902425,26.5393375035885,24.93146596220092,23.980141707462515,25.209674734729703,24.98408821642517,25.0726415376156,21.76318618990845,23.80930426116561,25.482211825783097,22.626656921954968,25.592428531102584,26.43489658379213,32.20703660492254,35.11047886475958,29.64287714384738,27.35532907918747
BH9_272,BH876,51.36000010189422,51.7145814838387,45.224948972383366,52.69348936079511,51.562477956346925,50.59709290858301,50.83926745170888,50.70085762423011,51.00224452608257,50.01666427811717,49.61296045056028,47.6634220486295,52.83968407073533,50.757472470272326,52.40025267753708,55.38157045732969,58.50260694705985,65.38115807125772,56.67639312377866,54.01690167520992
BH9_273,BH876,28.61999990869933,28.08066574409217,27.423981095602183,28.873548186521816,29.890285660326853,28.264426057740483,27.272298187771312,28.61344149344195,27.76561319201732,28.095038283894773,24.849737120248346,26.664068942308987,28.892702536651385,25.83310138117848,28.973592398463587,29.85099930015936,35.74086050904237,35.69414591943153,32.16298795459704,29.779308491988573
BH9_274,BH876,52.87999998566344,53.38290565643846,46.440529452148695,54.34781894263215,52.94365580175164,52.65519220648832,52.654943963768886,52.60593302661472,52.9077025209282,52.21250698842478,50.91323927251148,49.413663065129455,54.23385933155628,52.46670605632263,54.276999290164994,57.17244490845021,59.86380688245621,65.96921103433034,58.7769898114656,55.39849402404211
BH9_275,BH876,27.429999727224587,26.96013010843915,26.58194834618275,28.3554901071738,28.981938776471186,27.598851859050715,26.808081990032942,27.873093391275702,27.7720741550659,27.793609401702952,24.46423589929352,26.511277162485044,28.20830167315269,25.435971782145188,27.929295524292648,28.76067278627785,34.85020708314858,36.86880037639577,30.010974543895255,29.273152938371087
BH9_276,BH876,52.16999999867193,52.653651984578616,45.56736325936133,53.27055353641831,52.009159594095614,51.42844256022933,51.58059710414413,51.53024285748258,51.63138521094768,50.7529546530859,50.02420330245558,48.28018918809147,53.17917410081985,51.395283954965805,53.3248859422612,56.33438937688652,59.48193188247728,66.0671152867185,56.42169112253377,54.600656661138416
BH9_277,BH876,30.99999999999998,30.51796556595481,30.226531905662835,31.92781745673034,32.612735827226984,31.13747818478274,30.135461141892083,31.2539495906994,31.041675748632613,31.30151719342359,27.878778376082355,29.8527447804874,31.975786728187305,28.921232694109072,31.25928630786404,32.04060400154517,38.60641669649341,37.29124598326791,32.875661791729584,31.848426534304775
BH9_278,BH876,54.54999973411195,55.160113453232185,48.113606695288496,55.92684506581186,54.6005318797787,54.42707815827709,54.31003916990835,54.26757133675179,54.384762433420704,53.86554534406069,52.52609436867127,50.98705427867128,55.76667465311555,54.16786572893687,55.95817228406791,58.89408504708084,62.14562463634349,65.91738517173236,59.38795304385661,56.871657250345926
BH9_279,BH876,23.66000000000002,23.127999780315225,22.606115211133684,24.45553930814255,25.53013968155338,23.59563634406968,22.7963011589785,24.08295097720121,23.440264998171056,23.71340349419363,19.921054192160383,21.870492569025902,23.97781684761478,20.80290856723252,24.94535098979817,25.93532901228739,30.97877391035191,32.27254619382288,28.17426193264522,26.936824316052682
BH9_280,BH876,53.48000007189012,53.72300920245388,48.28594683852575,55.589584388658665,54.73426155338901,52.8955973612568,53.06948870777477,53.09458356470589,53.15326718380558,52.23887882704286,52.16648494166976,50.15701800437589,55.65562455240241,53.3466147126711,54.59779160870057,57.74101197840029,60.67252505912669,65.67865960200758,59.20096090994093,56.191263540788576
BH9_281,BH876,28.68999984554968,28.156790361766475,27.55916006499075,28.84707732680021,30.540041725745294,29.353801330111025,27.60445608340033,29.08773028497908,28.921673080252045,28.852663102380905,25.038068903217777,27.28758871122046,29.33147987677884,26.140961294191083,29.58783255717368,30.141120524426004,36.22195593343972,33.04720824261444,33.214370368929366,30.294698405417893
BH9_282,BH876,54.95000000076623,55.37195927123299,50.18436555754366,56.47688862074148,56.67711252388597,55.326738491241215,54.4140176152621,54.409766552342845,54.63415841810321,53.69912788621623,53.90762493715936,52.08941065117024,57.23812375240731,55.07795162982707,56.3105694310114,59.14877633338399,62.3605214028194,64.69401720862946,61.08544886453288,56.945734244571184
BH9_283,BH876,25.60000012311815,25.235812575213867,23.895332170503924,25.64856465012185,26.92911313091058,25.688179636935587,24.65955845139364,25.75558952844144,25.117639677303348,25.559577531568262,21.35155327808288,23.230560179902994,25.36949192239744,22.40938082530312,26.956780525684856,27.826280619748047,33.492695615782594,34.60220156594391,30.429138515041817,29.205045625497227
BH9_284,BH876,54.45999981530437,54.86226865423048,48.353024589198256,55.57268838229128,54.75989650756292,53.87054628086126,53.90567670842433,53.795226632402425,53.732542326512686,52.872981982484944,52.56050052491111,50.56324272585006,55.81678385735068,53.94680324013966,55.67822010184204,58.64994006150535,62.28148395214199,67.50168661955598,60.382889707425896,57.657692368141845
BH9_285,BH876,28.01999982247265,27.541173007896376,26.257468468197537,28.196750227806763,29.25743846522665,27.944703705665336,26.93536965138012,28.2705083816102,27.507547222489663,27.91813238171209,23.63263154156292,25.56415339340925,27.963478538069257,24.7915672429869,29.08710842303214,29.96439948653407,35.94257116166624,35.242153988443505,32.47528566848846,30.48046852460229
BH9_286,BH876,55.87999978928738,56.43809799309505,49.67111740109205,57.42274180864499,56.19624799798966,55.704812949299566,55.72452697524557,55.63507292687934,55.68182301018862,54.94902591776487,53.96943587538224,52.4421336009972,57.463722569867336,55.564214996382375,57.38661307621606,60.34001088870257,63.75965248308674,67.84084479327743,62.62549534994085,58.732812330748416
BH9_287,BH876,11.389999999999972,10.454581306445256,6.286364308754783,13.956594525164183,9.659962608143369,9.232509241264568,9.640111534179304,9.95328795849408,9.58530724127988,10.131532589363497,9.96741074949197,9.053295359281645,11.92539135009818,9.70829740389141,10.857034758656669,12.644290174407915,9.558562195741326,8.79354256919635,8.769352230354341,10.594276513678421
BH9_288,BH876,15.189999999999989,15.24054793512096,15.0798931478405,15.430021910798052,15.311606982489,16.525606326567484,17.45723870647401,16.770186929200175,17.747164461466458,17.41556605328176,14.71998590478898,15.804561859068208,14.897934978682803,15.776119615642722,15.197934708037328,14.778468532717914,15.331105558660044,5.309188456549184,9.878796759373841,13.860934644770138
BH9_289,BH876,43.5200002720518,43.85669242564432,39.21340017878465,48.07696396979902,44.343543454813855,42.076737894371945,41.891259397018736,43.027259564455605,42.162517121681766,41.530637044142615,42.59035151233582,41.142907160466784,46.93955441604259,43.05323475439929,44.27986743294505,47.46215020465242,54.22406887790059,42.703108895548226,45.632468166278734,45.69997958768511
BH9_290,BH876,21.75999982227116,21.5457245386842,19.34806794949016,20.739881829420096,21.867256377125912,21.25896049016308,22.611333391614,22.72589641572521,22.339469179001902,21.240017798895188,17.905891790669727,18.832829709450465,20.4724802759528,19.72934214118405,21.568955378674293,22.09686422721367,30.6249695180963,18.977066921400855,21.940391992648358,22.47684311607944
BH9_291,BH876,33.08000027773024,34.060047272607406,28.762397119596173,36.88987221720122,32.997160116518366,33.24200063357665,32.21649371487059,33.563264211737255,33.03947954370213,33.385297065569084,32.42032793106994,31.475146178336924,35.16410708231622,33.34613457578871,34.014011232310814,36.57824649431112,36.60383744575811,36.81254374879586,35.345655597772215,33.91309719966401
BH9_292,BH876,45.41999981300858,45.88123107361164,48.03917497274426,46.50751953974376,48.88327988392198,46.633667769313725,47.05666023410562,47.104221812684855,46.75423348635699,45.75758792461636,44.96089769204119,45.71502257647723,47.66312316591027,46.838208874950624,45.65850110387032,46.56640841733313,49.25327166988233,48.2565053087912,46.8872445714689,45.4072250733995
BH9_293,BH876,44.2800002139364,45.96874906696556,41.80213108888199,50.17215748624758,46.22314598855564,44.890339773765,44.10167312832402,45.627802461880805,44.845471026592776,44.570399299356325,45.68544316038462,44.00806898335805,48.49241213915018,46.49484014606167,45.9797445389651,48.90997652149746,54.64700992896157,48.897835169828085,46.546936949965065,45.5513228862443
BH9_294,BH876,54.349999914539545,55.38964368044843,58.26678378064958,57.286581226172935,59.357390163739545,55.68658379911701,56.32770144363237,56.77658294128662,56.291156233125456,54.77882997446419,55.62721682204321,55.85940787764721,58.51200124266118,57.35436875287808,55.188675864770914,56.46363894650919,65.01225286095725,57.802767979674435,55.682781463579445,54.72016010175326
BH9_295,BH876,36.07000009037557,36.99018180291818,32.882424527236225,40.41525570848902,36.97346356997387,36.13982683463577,35.097167634720954,36.37082035106484,35.62788157603794,35.87016612156699,36.25513044542935,34.527856903281794,39.11937346890611,37.03005921425803,37.232406735035575,40.1104352631322,38.29963786307641,43.754961221617656,39.63745656442205,37.83184566091757
BH9_296,BH876,19.78999971695457,19.462732253707976,19.63292631448231,18.115804879419684,20.305224653735923,20.071831792030448,20.116908621330275,20.129007568752108,19.48047226023844,19.11125315304717,16.77433200577721,17.607393377727924,18.960248018194,18.76484878440528,19.44799500541792,19.76892819983873,20.813760913136345,22.223993351921873,21.324033961104714,19.694408153693097
BH9_297,BH876,41.79999994120071,43.22489511662837,39.69776683522285,48.26661151453743,44.27358549828956,42.30506349156342,41.73476324058349,43.46665908021007,42.43503789741168,42.09845800526408,43.42769839751109,41.66021034594645,46.57508135130251,43.97342895436356,43.67105021108141,46.70715276833531,52.216808852678255,46.820364033333796,46.450524287576016,44.66368175517834
BH9_298,BH876,45.81000008868424,46.57387496432687,48.2576593388981,47.81548736079895,50.37499565661982,46.274192691982456,47.10066471249131,47.934652602155694,46.85520634956489,44.71910103515856,45.40197416416817,45.247219158177245,49.14165552939959,46.82725877184857,47.23940197438946,48.5384663145356,56.27426244697026,49.58950967430857,50.95872669069979,48.36499337786832
BH9_299,BH876,38.73000000000002,39.47491330886366,38.911152584986745,38.848866245591566,40.82372515678538,39.4749957635641,40.019764473922166,40.44821564368597,39.98415469183331,38.49862904902359,36.60812673844596,37.84181299996976,39.75043414459318,38.7411361727199,39.70018858247898,40.40491717619105,47.27050254683878,41.220108702645184,42.466509360007464,40.053848858913845
BH9_300,BH876,36.55000028485881,37.91367306319978,33.0842185846609,41.88297037338404,37.48008202610884,37.01726078201775,36.22357657080832,37.82970037290045,37.17895384647295,37.306317499155725,37.06521580903188,35.88884594907103,39.98728640333369,37.92398034612752,38.20402922692594,40.995270747525495,45.13709845986454,40.458187762606826,41.13168772854771,38.84959402456516
BH9_301,BH876,36.24000000000001,36.60229962274839,37.640880701338105,37.35071159809129,39.37705358282959,36.78430416483665,37.60317566508691,38.15926401877423,37.861208188271,36.14317409564383,35.12772508705597,36.02869277317257,38.12161953726029,36.615506689102816,37.00920111302451,37.94691048299096,44.04373502614856,40.113002315122216,40.928400337704396,37.824058857312885
BH9_302,BH876,36.68000016758087,37.81155016335608,33.74851900195672,42.12528654531294,37.981482929195,36.74867417695666,36.01710963864797,37.5952765757535,36.74942185443537,36.806901032060765,37.47358303600305,35.97634907042578,40.45201778632377,38.08279979315402,38.03704337100412,40.992294093574365,44.58337251995815,41.14444968809427,41.495943540936715,38.74657736432616
BH9_303,BH876,13.10000000000001,12.127291519351369,12.93426387119503,12.510042617305094,13.471970213392646,12.142691103878104,13.335569859525132,13.911000063273098,13.340811132409502,12.301540671896904,10.330611413258744,11.20764344086402,12.026229800785677,11.968328999608971,12.34210777883972,12.81484718668316,12.218791265492513,11.634612464597641,13.76107158573357,12.501297248319982
BH9_304,BH876,40.489999867982526,41.336903220399535,36.79971378948013,45.11057125180061,41.20284579868977,39.84815682253786,40.0233840740868,41.12481311303279,40.43137234812768,39.8981045058589,40.878367803213074,38.927381172315926,43.8190233456767,41.83198805238332,41.56446520139041,44.714679666142814,45.18519669085936,43.392541595505485,43.25468518492637,41.412450963489825
BH9_305,BH876,48.24999976999598,49.17860724043253,51.41202057454227,50.6665860060683,53.22067400057606,49.350777516882346,50.06021625939816,51.04994509798503,50.15103112478645,48.025641099419786,48.63900437641859,48.4826322784929,51.978040395241855,50.24852494939282,49.87861796697034,51.196434109895165,58.300915086490896,51.502047500323805,52.163192859867024,50.80269914164934
BH9_306,BH876,42.24000017176947,43.71477042761393,40.23771570798272,48.4134263921812,44.50408221559968,43.02919687445576,42.31593929755544,43.91927451020886,43.07970379428419,42.89333015468023,44.00576112897276,42.38370799897926,46.76317606111729,44.73049397168963,44.099182104034064,47.038049056096895,51.98989687680843,47.14736809748981,45.5736711464037,44.423785341232644
BH9_307,BH876,11.529999999999989,7.880290895382034,26.123513769793835,19.147638725184173,25.67521133794353,10.649111878981088,10.852499559441885,11.176303797930505,9.49693062670064,9.424521931982344,15.685140782036472,15.776856751059482,21.49578946823441,11.277782308325582,11.334101973851109,13.161271635701222,24.07225126037642,11.001377126378237,9.68729088121907,14.616278943966558
BH9_308,BH876,29.79000010821684,28.26261826572432,14.111040670955282,27.392980872599136,27.42780049478205,24.044920577232933,24.7830922883209,24.509508762520205,23.92636803603913,22.233768282874024,21.28494346118476,17.040646587357305,26.56641717296972,20.00787345363149,31.565368361016937,36.63760631775626,43.404098937057,33.43270944663569,30.370926906161312,35.21419707846419
BH9_310,BH876,36.3799998107128,34.76260386767188,19.72254483301171,34.14549065689917,33.397790904696606,30.692291588382727,32.61585636916258,31.997772212890293,31.249982601368192,28.83606704558032,27.03494523926585,22.41672456870381,32.68132468356336,26.92422338824068,37.72162184333691,42.60063312956995,49.89357089203786,39.95193281146593,37.26516719714535,41.399289429174374
BH9_312,BH876,35.00999979162288,33.12129598595332,22.6876282524633,34.94587409646735,35.14423021772513,29.10789291731244,30.61091070046342,30.04154976829785,28.70466317314335,26.0215844566088,28.648278497653227,22.99270961636796,34.41316279235814,26.59401083537581,36.458533876418265,41.62016601706823,48.59239242484673,40.6470724009484,34.08943788081998,40.07791295527014
BH9_313,BH876,43.44999970769198,44.31490906796482,46.879456264936,46.19347997616183,50.4764704019622,47.03136444871122,44.83586398198984,45.81702217072917,46.03213957201118,44.92690293102429,43.38795659098984,44.25775707385754,48.45748634235993,43.42957822700999,46.40934762778405,48.42426015491235,53.77937923385692,49.83003888640118,47.39129101391459,46.616924716803595
BH9_314,BH876,50.58000017805237,51.15309472880145,55.40665866263085,55.358518645768335,58.26069957432485,54.86263875927087,51.70445894021479,53.5894802693271,53.34493813295367,55.188967154605926,54.33650745683978,54.065418092950246,57.23506338860739,52.057790950816646,53.1195008991152,55.58794495738032,61.53550734470487,56.5894120197076,54.48188322067258,53.17714991063217
BH9_316,BH876,57.36999970012073,57.62688695583565,58.18208424614768,57.718399423462536,62.33416923030862,59.37303253168962,57.856849788081206,57.83685526544173,58.107246775977394,57.16563812492081,54.694251549258446,55.76170534278617,60.352306999642,55.483495628860446,58.870904658861086,60.92816234105703,67.30930392310427,62.47729030885074,60.3141688140382,59.01034106382429
BH9_317,BH876,36.95999991498224,37.78500619880479,41.8715580468298,40.62827371413275,45.16467863270743,42.1210275130149,39.29649347732568,40.4124894585009,40.87822071504261,40.12231765701328,38.29129828726093,39.35167402491459,42.97848350401781,38.16854180913892,40.97117852523695,42.76895852991079,47.39916370399701,54.66753778027992,52.40472493695662,44.87520121387299
BH9_318,BH876,51.17000027330044,51.5354950489948,53.70675432264165,52.7204929759549,57.62223271806268,55.17148637223724,52.79470852143511,52.94021905784727,53.49841170185194,52.8733867260601,50.29137863875994,51.406292793556965,55.511140119531454,50.99930194587083,53.99650286897072,55.783323859927286,61.28752644080889,68.58030995706369,65.5813400776766,57.76416554906489
BH9_319,BH876,12.839999999999996,8.51658110952199,27.53542577418041,20.4619297081559,26.8957342704388,11.511014966865792,11.93455066655735,12.159110642261297,10.464865998486092,10.361565765383435,17.00258976924132,16.922681081274895,22.81064056618896,12.596711213853824,11.9679353629268,13.823975857170746,24.410075492542067,8.980333233615259,11.031571228631242,14.5018200760938
BH9_320,BH876,31.12000016339227,28.861897155348352,15.230731616163563,28.69601571612092,28.49382143316293,24.91471773432133,25.81975971396719,25.66923895373385,24.935004425378267,23.141321053470264,22.28981272284407,18.005491537664405,27.62181970979067,21.151257336813583,32.45816882311233,37.58312993761661,43.15931895399399,33.82274498704485,32.107157412474514,35.870180491044735
BH9_322,BH876,36.750000104431216,34.34530454543755,20.025835410326987,34.43110899863254,33.5585979885067,30.51343883809968,32.50506643393681,31.98505366263161,31.21801431947849,28.65309933921316,27.21721013503526,22.48856925790028,32.89334865144614,27.05957191130732,37.48796423535909,42.42459601434048,48.70614672856533,38.79355574800974,37.838004445066886,40.81870143528053
BH9_324,BH876,37.94000028590596,35.60998588438405,23.078707970008704,36.647872623807,35.93802499606176,32.01417167096865,33.21753742775444,33.299449502461854,32.19991623234305,29.438352584090755,29.603936019038724,25.30323526789176,35.19271768653304,28.685617068394755,39.52090862375523,44.4642852510368,50.07748114654762,43.53197528305569,37.20574475380652,42.468581817775174
BH9_325,BH876,11.82999999999998,8.326293818827418,27.356474191201645,20.2121997000602,26.71211062834964,11.34696516504772,11.755753137166096,11.985215593291109,10.313877618087108,10.148346705718788,16.88991561135473,16.77745537147558,22.656658400925767,12.409579919290543,11.82350910016103,13.675080722939288,24.24654435613385,9.681238013098254,10.120566642707205,14.40215393049231
BH9_326,BH876,30.109999819532685,28.671634714008714,15.051787186759952,28.4462725302516,28.31018561740457,24.75069303290213,25.640947124365148,25.495336249171967,24.78400707160309,22.92811454407639,22.17717000316355,17.860283774617468,27.46785091042353,20.96414474206317,32.31373691274968,37.43422877932937,42.99578513379123,34.52362217226821,31.16764789330301,35.76966842595966
BH9_328,BH876,35.80999969742197,34.28210166566662,19.772310977892648,34.23324164444311,33.42644574830936,30.35373140186253,32.347389555648824,31.854518765270296,31.0793600770048,28.41517805533781,27.001983735311807,22.27150394163468,32.71412604702395,26.835854743646603,37.45917949730343,42.384707935309706,48.58290080757524,40.083234869055026,37.05133534571834,41.04273848795855
BH9_330,BH876,40.21000012058116,38.73821611951048,28.92094309855312,40.46500773441343,41.31529599841651,35.765711961289526,36.08861032709332,36.04434838156808,34.876349372510866,32.154702292246355,34.6298694869709,29.224413206313685,40.11884972591111,33.10007424304424,42.73796910001363,47.66591897159595,53.03758061407962,45.96544969754879,40.94598274021885,46.07579436239383
BH9_331,BH876,22.51999976415577,20.46450412854324,25.98446601623128,25.24506200207218,28.99872653731492,21.9392937117268,21.08464074272787,22.990335936143108,20.514151548688737,21.35271335483544,20.305703443395007,21.718373416527985,26.36766961121836,19.29786807013187,23.77612996883052,25.419194625999538,34.25136546091564,26.443570033483123,29.35285099550838,26.89837345600763
BH9_332,BH876,41.610000112606926,42.79489450053474,26.95972975749088,42.08771472935529,40.34219013683013,38.90720009107097,39.856843875374594,39.57157926068634,39.249915268798645,38.11946372850337,36.08592182542735,32.57406480293411,40.97901273005639,36.27479709448307,45.89081069592679,50.86835546511063,58.23278400588785,50.777297355043494,51.960618485148736,50.0044223547648
BH9_333,BH876,18.909999883326524,16.79294638407894,22.59806300953836,21.675729817943168,25.63794637397688,18.098446273123383,17.31283559881978,19.277586336318816,17.12242531628487,17.53136363960987,16.939560458603054,18.00752699014997,22.92816110527207,15.529824406235388,20.346871955592366,22.0186104071596,29.67622789660596,25.22686137155809,26.59417458437296,23.758352999006327
BH9_334,BH876,47.57999974691896,47.71437487678283,32.09652670468055,47.59855802573949,45.31355487882525,44.07507946506286,44.9891600911808,44.80434524788443,44.642065273946805,43.28891162516819,41.45236697168657,37.891649300324296,46.58312119096351,41.74922563970563,50.42905609997906,55.47437609637369,63.35706707760818,54.485973121432764,56.35858211961509,54.235299950719465
BH9_335,BH876,16.789999999999978,14.518778443237984,20.11987617634757,19.514603692868004,23.219165235305773,15.821986228496597,15.036149964354548,17.205338958858636,14.800006163951355,15.390741386492564,14.386857942349842,15.772660030449574,20.670668977727008,13.04305512598677,18.02937015562559,19.820349400932813,28.549838036790344,25.06342782369602,23.814018777092265,21.443971089399984
BH9_336,BH876,43.12000000539752,43.31933874367992,27.895683857699787,43.0377963271544,40.92665999122593,39.55765758659519,40.48859205047603,40.2102725852624,40.05765914358555,38.88066942974393,37.13332756988122,33.55042536793254,41.98539428953509,37.240524072153136,46.06451159347862,51.10872265538672,58.97711952290231,52.5273927975695,51.345285457836184,49.725351847812284
BH9_338,BH876,54.32999993258231,54.626715904856965,39.26758135476714,54.91990772123405,52.57599316912173,50.85456632096003,51.90155408117932,51.7409127226094,51.25471511900784,49.88397099920876,48.43613941135058,44.65646818507225,54.13600926918004,48.77753568968808,57.19855576595564,62.49698503481216,70.26156520367783,62.230880082327886,62.89712083891488,60.75555460405444
BH9_339,BH876,19.29,17.404321334511877,20.96422311792382,19.96925877967844,25.1993813830641,18.217836225629124,18.91686151125192,19.76591872711821,18.09535760870292,17.858260809552522,14.698572206721474,16.62204373955233,21.39016330847212,13.704341740749689,20.97911385500604,22.034831527162208,35.09365285371187,15.19124353473125,23.691070873951865,25.060543433494615
BH9_340,BH876,37.46000009142272,37.76342671275396,18.972231566659712,35.521096594707124,33.63478855732852,34.30607472387501,35.43443722247152,34.73820661305069,35.00589393442077,33.412079420899,28.38253745973084,25.87353325990428,33.8322481558079,28.82542046888614,41.82783387687245,46.00969757421387,54.0406676760793,36.701164461276385,44.00148312972739,46.118443620094
BH9_342,BH876,41.94999980588001,42.280704452335904,26.605702780005394,41.27095573988077,40.31830951073146,38.81397100853195,40.06407392189736,39.37814651613643,39.20545515579408,37.52284070989837,35.367246080695026,31.770586988641107,40.60402266924226,34.8623806352075,46.02907927106142,50.66537892873966,59.003895000652015,39.81203963455512,48.61336350052621,50.42426959118546
BH9_343,BH876,21.679999999999964,20.06213313106793,23.18651497611229,23.366451811740948,26.36591948739786,21.25786234853274,20.122627428939392,23.18680745828117,21.26855084293013,21.55869428098272,17.304675591081207,20.32601435644672,24.200029937771813,17.393409823280223,23.32005903237136,24.667149872789736,34.08708798428892,27.27014117136579,28.64897219773175,25.737868168152396
BH9_344,BH876,46.01999989923526,46.35099332554092,32.13468837951236,46.53686778128687,44.50243374823768,42.80227062332442,43.24660487361666,43.25112331837726,42.61526633673378,41.68010271003956,40.31022587100141,36.55376615746882,45.79315384385734,40.5875250686785,48.77973818519832,53.87180374703875,60.69670344031571,53.92914434926897,55.292979509346964,51.67136363436618
BH9_346,BH876,47.31999998147483,47.597313737335625,32.76483584067433,47.77243556726636,44.875685042989865,44.29492113417648,44.967081358671486,44.88645266637973,44.64457317821292,43.74974027565985,41.31905446647156,38.37545684591976,46.36145102188338,42.21971843807569,49.56152782878613,54.376349915857794,62.12444125749973,53.81044837489735,54.732685435714245,51.968411944131226
BH9_347,BH876,20.249999929480573,20.738762666195,15.714403054923888,22.07889593271097,22.03809984744292,20.582266823511176,18.056594340422777,20.03436740561447,19.45444166124485,20.272583116946024,17.270760021853423,17.005172347236886,21.881765086506803,17.200851073828673,23.180189931705065,25.6951170051182,23.480275171804426,37.041788921079586,28.605238140212116,24.900093180061905
BH9_348,BH876,26.19000021836621,25.6581755223958,20.85124731622704,27.58984408613204,27.00948448162041,25.750183848101383,23.188894994072992,25.2671456920394,24.84662479877114,25.44206947990577,22.637207301593754,22.32270174936426,27.48588183050845,22.67525106738676,27.71838620148613,30.301122952843382,28.60454251814384,40.75025051737597,33.00312073462515,29.130921547060055
BH9_349,BH876,20.94999999999997,20.619458180488927,15.737195265650543,22.43525053081412,22.124999869442405,20.45571071283404,18.16568924709086,20.20841701026005,19.689055405412727,20.31076913925892,17.47700839240685,17.15149092756423,22.08836335638084,17.357762704344477,23.111160500960587,25.714464816527144,24.57808141015009,37.28828699353901,27.50399123980656,24.113268335929735
BH9_350,BH876,32.15999985267824,31.926757091291623,27.10914591269337,34.31731950538804,33.77433003538166,31.7526570977972,29.578575788403743,31.73900362110133,30.886058607389767,31.314016115406137,28.77982908169476,28.257447211092373,34.238966789859425,28.89471922661661,34.245148448441405,37.10271062962085,35.86249866481877,46.99178460839074,39.05582163079907,35.14343415533265
BH9_351,BH876,32.739999956947685,32.846436043118345,27.766830121126244,34.22252729672904,34.006430604074104,32.08611563216991,29.55888736494448,31.548704219373704,30.99232463845184,31.43550747168764,28.39553512626233,28.615761709654542,33.964427881000496,28.467434032317527,33.30197322007057,35.91468628722094,30.54903636932993,42.65192892133794,33.61969561792649,32.7070577611737
BH9_352,BH876,41.45000025694901,41.74688910806256,43.54024724173977,46.646338754343645,47.04187422835994,44.33248385127165,41.16460330055075,42.18251697813104,42.33680624653618,43.79299889629653,43.79742434408072,43.43315616108606,47.808587141126765,43.24991542535201,44.25513540202854,46.86238047715073,40.14944187445892,53.5620136885059,43.58307276400452,43.390765790731216
BH9_353,BH876,34.419999696374816,34.66581316684397,30.135472625350964,36.87975996473799,36.66193969186089,33.34864586877346,31.62842760384733,33.221162863709736,32.58096853665072,32.52479031173445,31.216448432303224,30.494801806702945,36.78516008776767,30.712468214329,35.28755218928281,38.336472945330414,33.139721023335085,44.307063059832245,35.91373341357862,34.08233436205432
BH9_354,BH876,40.15000017470944,40.322979875527125,39.5159664846697,44.2381630905028,44.1166773191107,41.67995737885563,39.3009523713821,39.810888532827576,39.82194663032016,41.04147163451548,40.689183297676976,39.84872421658214,44.93823713269048,40.38138243335201,42.6365763702053,45.36651617655674,39.30529528599234,50.56885227224635,42.13452044170422,41.14506093409578
BH9_355,BH876,35.39999999999998,35.57487635282243,29.68228252210376,36.22628760001165,36.63685462414525,34.451129813897744,32.65413645504975,34.14161026381567,33.51345721605417,34.24433839649575,31.09495475427549,30.799815713339136,36.15861509578591,31.1659580787352,36.41880123153832,39.40342266053506,33.10552720311209,46.355252308375974,37.697520747778405,35.86509177010053
BH9_356,BH876,43.319999824969926,43.60435166431179,41.7634375369269,47.38775280690936,46.68645267397145,45.17352224925004,43.06746422194972,43.76832409423095,43.89639827588199,45.414104235973326,43.28525606864864,43.09380135936124,47.654848951478094,43.66018482180772,46.13087410898291,48.80831521767444,41.70776376065741,55.085490631879395,45.22375405441778,45.07285851307131
BH9_357,BH876,32.39,31.67492875415553,26.8057372381455,33.1110024460226,32.961995364100616,31.04819613682773,28.47440164647936,30.52704682034042,29.881352874710696,30.451591253382905,27.26703081045499,27.486583699780617,32.8628360660634,27.29551905035214,32.225016987772314,34.77801342960788,29.40971854616355,42.10513300427809,33.94669919939962,32.46091138676862
BH9_358,BH876,43.37999977084165,43.159376789623614,44.62595735664039,47.75888230390088,48.32231841704985,46.06959322795741,42.7577874806946,43.76218924788859,44.01576231222091,45.49453438432686,44.98985951329177,44.62516261594947,49.03875219601528,44.71522804669416,45.943458113328745,48.44669983103477,41.48614385700868,53.87827862116595,46.645571470605795,45.53395739589106
BH9_359,BH876,32.91999999999997,32.879206658654525,28.923815648670544,35.24224826430894,35.232307259196475,31.836166058434213,29.88814284093576,31.59280307515643,30.803284334651625,30.98327300261395,29.732421909681964,28.88177000386064,35.273811865366646,29.039115180695685,33.62293007154812,36.61045743408435,30.74625650335235,42.72990831358966,35.225396865528246,33.2340562283843
BH9_360,BH876,41.09999994518783,41.33031261388066,40.92102526978183,45.158604215509015,45.44791294038345,43.03631910700047,40.42304893689517,40.93819198369852,40.87708674261499,42.25813419156027,41.9134271732223,40.85263489474753,46.15410814919467,41.630415819566046,43.995724805208994,46.68249484621021,39.624857277491465,50.714841758360365,45.037334164367195,43.26491818698352
BH9_361,BH876,33.840000000000025,33.757683464103245,28.15198319992536,34.480723411672194,34.952620450817136,32.78015993573933,30.79997560264597,32.498306525354515,31.628255478021146,32.775815185704694,29.28202472568585,28.892809778070617,34.44130401954762,29.328381925230765,34.74782645891484,37.68202285805957,31.37561354792861,44.75215175218919,37.00535974905249,35.08521721500215
BH9_362,BH876,44.82999971776052,45.16081474314118,43.94416241447826,48.91366709295716,48.85353053833445,46.9976922903026,44.58950577050572,45.2097929870836,45.41439389437944,47.03798737198295,45.27226569681913,44.71974191059843,49.71135989744959,45.49108546671763,48.05167866379475,50.72801416349371,43.122918247025005,55.520156375913174,48.5982402362415,47.57709645129155
BH9_363,BH876,32.080000000000005,31.75640107018713,29.8403592495375,34.48196035837847,34.8061577315684,32.292785877461256,31.697825947334007,33.59629957349228,32.17651665504922,33.73205886369048,30.631870332669138,30.70895579273344,34.454610044191085,31.081998566138143,33.01698088176006,34.99595016825301,30.68295919596133,39.05885384600113,33.47256736595299,32.69468024122328
BH9_364,BH876,49.60999979810727,49.89911832491944,46.12706920525414,52.54973572539103,51.08409930912456,49.17836928890945,47.167872985180885,48.86747379878005,49.3081855623304,47.49762387997748,48.28732779859578,47.04830481994301,52.89077582937955,48.4774274011655,50.50330797816607,53.39792070314551,48.81230150043505,57.03182907280877,50.932224019487,50.11570816917212
BH9_365,BH876,28.35000015227659,27.44650341461882,26.77035925807332,31.83477330118955,31.93557108925085,28.75240880026321,28.591308544073925,30.77055889981916,29.570054774487264,30.98391099151223,27.701764103032406,27.991546032890547,31.934655239228096,27.976469113804427,29.54093287557556,31.676177372514463,26.14090572266532,39.67474250096612,30.760003989028373,28.708886560328544
BH9_366,BH876,44.42000008763709,44.49961152433296,38.91837132848094,47.32975649881624,45.15128607452375,43.69517267924216,42.20468701337335,44.08417414812335,44.50210436845962,42.459224434354105,41.64340947003658,40.7382124326988,46.81358257942156,42.22112895387895,45.74302292771013,48.53694830634051,42.62605705745014,56.38683053264207,47.39876399209739,45.01621060966442
BH9_367,BH876,29.79000010821684,29.101076093701963,25.97151070664071,32.53666486175872,32.235861920282275,28.7487127694896,30.52411785706868,32.05760944555605,30.273974445701715,30.286798166570325,28.05715039138332,27.020557576509308,31.98072566701549,28.309960027780143,30.797158963702,33.19027985946385,34.52934228411156,37.35214134738647,30.678270144851524,30.766438155321595
BH9_368,BH876,45.83000007064148,45.80770779657808,40.58777142885375,49.13194764405262,47.12636360996061,43.94180272790199,44.5056144682376,45.91083929241267,45.86601139607826,42.29200181913607,44.10744301520632,41.62253668512251,49.16150691707941,43.85401948627701,46.82410315224751,50.28975414220609,51.255488783029854,50.59279682088288,46.55854426815868,46.66399092352074
BH9_369,BH876,25.979999999999983,24.448415757884693,24.929427246643527,30.15334597773261,31.193010074927376,24.913387414251098,27.25446430571768,28.81710929410164,26.38972506327251,26.182761080806607,25.6184855482082,23.99342865579855,30.571959869687404,25.27479842101921,27.3290214046808,29.95850027000423,33.44936324337337,35.6333599640075,28.110665374707136,25.40198629612351
BH9_370,BH876,41.349999719653326,41.05074327523108,36.287123200215085,45.34646442503066,43.287714650806464,39.34548408320241,40.18375943137868,41.3741307847048,40.90424390945277,37.44731781115868,39.46447318274334,36.609803129969606,44.84695860056137,39.07602950702741,42.71190932185272,46.10839195057593,49.60796991984844,48.031347277371886,43.69811124736335,41.63800000741548
BH9_371,BH876,31.9400000511486,30.86303120594564,27.85011612777916,34.23921045186521,34.17890308912948,30.590553477402644,32.28702596798822,33.83884497471902,31.83190840666382,32.53303616273159,29.712817572459056,29.092656422599564,33.510227361997046,30.100593263628035,32.80158593303367,35.00067907964843,29.29662813238608,44.61735640566137,35.24896057858269,33.22590157226401
BH9_372,BH876,28.08999975932299,27.069689936853724,21.252096226738804,29.06212971818896,27.261080326458185,24.938136387922583,24.7275097581408,26.728008267143675,26.18567322673833,24.340095009657507,24.22152245108037,22.63663595412465,28.28960606764852,23.61967529064676,28.96199702741963,32.17994404904716,25.862591133083107,42.45866894777125,31.418923530197713,29.214898292650393
BH9_373,BH876,34.36999974148172,33.55570805636091,34.03512058827383,37.84338861351036,38.59615663422432,35.00924301522986,34.69222127556839,36.61055199981785,35.22248736348717,36.19466884091232,34.556942469379685,34.457662124789465,38.5246133377941,34.48228998912912,35.72411912733574,37.74032306893029,32.65744717621657,47.21123790109075,37.26656983326464,35.11159382431061
BH9_374,BH876,50.95999983523994,51.375887449522125,47.4568306185792,54.62819619974627,52.87166051023326,50.93730344504507,49.638294263083225,50.99374240017273,51.4987443291683,49.81940435316672,50.33234145319424,49.14491142503851,54.64518896803574,50.6173000314811,52.83486536272786,55.75489347645525,49.7246377663275,61.473297010760305,55.32903014968308,52.91226729480373
BH9_375,BH876,54.84000010000141,54.864770973714194,54.60957115375361,57.59522502402743,59.02242937155718,55.38849169856096,53.21588371878244,57.18253162124117,55.91569397144988,54.8323995797496,49.42899889462593,53.2746033570872,58.06730259765073,51.17733290974108,55.905690529162975,57.543694950049534,57.155739776696485,70.97392799120804,59.30429653514478,58.160587890846756
BH9_376,BH876,144.39000000000013,147.43231961854872,140.62400284396355,154.32401094146456,150.19515930734073,149.50614650023118,148.46402670742015,145.12062993695457,147.4602096536627,149.36288012595284,155.53088924529652,148.7047437969812,158.85879832886675,157.12260850458463,150.12845793680836,157.18999486448436,148.7473968803399,165.20350681623066,154.02005934641323,152.8118879750411
BH9_377,BH876,47.61999971083344,45.67167378273393,37.08081694956039,45.205023162053706,43.79000806057438,41.428413931075546,45.272671193419086,44.99386678882595,43.627620782367366,42.84737343153422,39.48923753034136,39.19935017890069,45.266019279280826,41.84126063442451,43.916218037090616,46.06029981269359,46.29260995199589,40.381289138071516,43.793932787227085,44.193031727394114
BH9_378,BH876,11.459999701650288,10.674382626719764,6.82907416050747,11.094050860057497,10.860931153205213,8.389651065937274,10.382498791176335,10.69871336536241,10.88684177242202,10.08592959333394,8.41071913175341,8.02779346059828,11.605631786662435,8.742410662365137,10.615508872155676,12.08359188506888,11.336936523235622,6.685023876024268,9.872267717641915,10.160403362589555
BH9_379,BH876,45.08000011973549,42.89341097791609,37.94977964462159,44.8889608844686,42.97277887810838,38.95352911562431,43.40217583019407,43.8991537953647,41.77804212964744,41.212846981866576,39.408029772317,39.149245618158034,46.15549036430605,40.31093809428441,41.34368277004894,44.07487370477067,44.631970182573305,39.631966450395076,40.77202746782756,43.39622988279392
BH9_380,BH876,13.689999999999978,12.591943585155205,9.170191965751195,13.7097114648775,12.838081101479965,10.329797408030943,12.192389916976872,12.895102259818756,12.84114673627519,11.364329669949171,10.170798116237016,9.413423862145208,14.39134181117616,11.13391898430541,12.096581393920813,13.481150865269337,13.8396313494611,9.57060010394812,11.620918168258184,12.511886007590272
BH9_381,BH876,15.390000000000002,14.09401238565562,11.877104496064549,13.896042998459624,15.90350083860114,16.187127716200948,13.61103007792584,14.810701686375184,16.10996212320919,17.68693955343116,12.137820689094609,12.416400821758645,15.472073077682866,13.75290118484115,15.209454464159997,15.811954485357305,14.41526976149178,11.224965698605066,17.562076545489646,16.06387461086811
BH9_382,BH876,4.08000008433387,4.192269247670142,4.342963326027872,5.88134798239374,4.958352956578409,5.153239577976924,2.400588948787373,4.458343806775175,4.242180409983586,5.606047527929494,3.5390760618527666,4.852628089571031,8.275729544626085,3.456804737846984,5.449123786451972,5.929213777519833,3.741576192233629,1.2246042347019317,6.831648068281519,6.002355620192156
BH9_383,BH876,15.91000007970258,15.791254453932773,11.568821767104357,16.608986083203774,15.635087677097234,14.40820738331704,13.50109688144363,14.45222083500758,15.03996246096753,15.583299571220094,11.253428602890018,12.8117364967062,16.385633498472874,11.073151970836316,15.863029991581712,16.79153542902013,15.803001902493886,13.693252415080421,18.93685292496243,18.018387422684427
BH9_384,BH876,13.979999938300464,13.747433004538935,14.921498900653493,15.760654770143118,17.18379072271309,15.543535174382656,12.532001746603536,14.414343672912358,14.6523630992731,16.81376244205161,14.97591526724644,14.626715469342104,17.745181217773457,15.053052873324487,15.164096322407673,15.894393354350788,15.037989759372142,13.811352372898929,18.61983928222453,17.421641509301622
BH9_385,BH876,4.2299999490131714,3.0517975103484303,3.892714547951057,5.045385194838364,7.181859861367284,4.711378781716827,2.408692543335962,4.819332499781668,5.4333675255597145,6.929268221746338,3.626329308809486,3.7479189330626914,7.06294204689067,3.6741689369388286,4.403944571166647,5.706895705053657,4.042299012027514,2.9263927764509163,6.405039798311675,6.125087591847731
BH9_386,BH876,4.650000197624693,3.3703472355429254,1.6992704925668511,5.643649213407461,4.785061634537658,4.886152720393111,1.6333407705353449,3.2263894086394163,3.386766962262576,5.691988338860878,1.2190466537739466,1.8910633667433787,6.982702975291461,2.468426864573217,5.192004352235338,5.782537956102952,2.804905720060492,-3.888555755832063,6.282609999902498,8.307941546889195
BH9_387,BH876,-1.3500000371326697,-2.559783835252619,-2.958655965400548,-2.0473013031390987,-0.0525626408126036,-1.6500424371300777,-3.747849279623464,-1.098748506783643,-0.8568999548955404,0.4122585387181945,-3.135603847976088,-2.996601275010226,-0.2495740092743634,-3.6553840643111504,-2.2114409642945376,-1.112173946479866,-1.7940467826395456,-5.084553361975282,0.9743955970015992,0.5156425081967263
BH9_388,BH876,1.8000002586800508,1.3194873890108214,1.6073989012705738,2.759632425158073,1.3728403152156647,1.904478703615376,-0.2144409460887947,1.3098702414944854,0.3025499278540896,2.160965420000372,0.6505995637076578,1.6555393573708086,5.346925334439043,1.2437212675744087,1.848740049074125,2.0366570481733173,-0.6849346192959714,-5.711703420947746,3.3471378421375464,3.6457026879282046
BH9_389,BH876,42.38000004547016,39.69758680272536,30.927824571202827,39.94855331825395,38.59894591383768,35.617839353740365,40.22426435229802,40.79930876314928,38.957414905225086,37.416160397089605,33.93003283158228,33.222862849689655,39.63645621027035,36.30319528661722,39.092134725950345,41.56665602521231,45.19414237684522,38.60365562633291,39.29463478454403,40.03071315613285
BH9_390,BH876,17.76000029327573,16.65924639172384,13.381533861732594,18.271775057425984,17.79308522825755,15.33172562645252,18.184458432040586,18.26705286047501,18.52506034611039,17.63002086742583,15.228736575260264,15.049598935763887,18.70446367313337,15.705086170725766,17.55789681098393,19.32921762758882,16.979705684744086,14.818997509071187,17.384931699310872,17.337402231368582
BH9_391,BH876,42.36000006351292,39.80187887736472,31.02699867847823,39.95801911045924,38.6550669726105,35.67762218135363,40.23680550555685,40.76807849515178,38.89660823314503,37.45309246712676,34.02064306619775,33.31082857100899,39.69288324270141,36.3841216700434,39.102205248975466,41.591002828063154,44.85142906022418,37.89404661546841,39.324252412378144,39.92558990833098
BH9_392,BH876,17.419999999999984,16.220939118994558,12.8591757109301,17.68239782810839,17.270150772777736,14.863063900696464,17.631056822783,17.681338968647946,17.920116426462567,17.0719396690238,14.7245419373334,14.502343154326676,18.188963134196538,15.225595702760632,17.04891452665409,18.79094276186322,16.45912526638883,13.872161212491916,16.78283287745874,16.71911126555819
BH9_393,BH876,9.159999999999975,6.716760569596737,1.5479530463195812,11.45604959229,8.112770668084377,7.506764061144596,12.4826243438327,11.622688498140285,12.36899963466329,10.04567981795061,3.6741800438318006,5.46242755205668,9.322781373751894,6.2350113806971255,10.292330762594052,10.828619309909117,11.356063301317814,9.309805608423055,3.8234049771160405,7.93496734677666
BH9_394,BH876,10.109999999999996,6.302579090843183,-0.1177266759055457,10.020928083188162,7.550936963118268,8.063841871879236,11.39053917188521,11.401909706365217,11.808955586642345,10.297215045379316,3.924348492854488,3.672108886035258,10.671167958502409,5.923410820253488,9.46329749948932,11.183412288048912,9.592498137124114,6.797963813207236,6.900494117856263,7.16991942601937
BH9_395,BH876,41.33999972867471,37.96876186892497,32.96460649379634,40.08780783624879,39.03744947157344,34.71426336165515,38.39540148144156,38.2173190618749,37.81756835573663,35.82632768210156,34.71517582311977,33.86831018402885,41.0832877364188,35.663867236321714,36.95240297151998,39.0864136592668,39.07804240422452,31.47016573073488,37.1023401401851,38.93801497408175
BH9_396,BH876,7.919999999999978,6.130889800419388,5.308461701974281,8.838995665572657,8.457720093386788,4.446030125613613,6.44184678636195,6.667410902758094,6.5233448932524345,5.341139571577995,5.674036485132283,4.561184075410891,9.964587333431735,5.42430566126862,6.305392152999581,7.594889922886043,7.066738001106334,2.0538828808375844,6.1067135868383815,6.550267825806422
BH9_397,BH876,0.500000176440482,-0.4389776411057254,0.8010384967433997,0.9972671099004792,3.0737422696999057,1.318899412573831,-1.5592423810156484,1.7171369423637728,1.8127107140827592,3.183601545593396,0.5131232193239408,0.2592849066670643,3.0445618869315902,-0.1474540587689013,0.5710987568662375,1.3166547484056166,0.6891663160551365,-5.534994272817129,3.624544739689182,2.2299676153968067
BH9_398,BH876,5.209999692427422,5.2034956195169295,5.808352691766099,7.151869677590247,5.429767817434795,5.695633666927221,3.457863032654747,5.223208515872227,4.437934500336797,6.198614136836122,4.762254551722654,5.94461047550498,9.307936884131776,4.845894850216039,5.809856267253241,5.986695653421707,3.1258689552879217,-5.346521490560389,7.478890208067727,6.604101150133886
BH9_399,BH876,43.96999986608971,40.25649894907449,31.487142088736952,40.4642313797126,39.11240146218875,36.103487760951296,40.76383703311156,41.43345032210748,39.65048907913422,38.00492875393309,34.55500271218266,33.83706184368566,40.224048488967576,36.94780740586874,39.63163310974301,42.13429789509053,43.882817695133554,40.41561622184329,40.33359840458929,41.0873686122616
BH9_400,BH876,20.129999999999963,18.492179288861973,15.904667629708968,20.65723889450265,19.83065065916271,17.518734195610246,20.52335761460871,20.577756787438418,20.910510566033047,19.9029739499315,17.58164434227536,17.500673468962173,20.9180679764329,17.8422571843806,19.48718159159976,21.19045176674524,18.985018009072864,16.621298054746678,19.820045937785945,19.284109514340745
BH9_401,BH876,3.2300002236416816,3.072913455180413,3.608221393534234,5.204750073666523,4.2894554676530685,4.1367620813228,1.859330087163357,3.70909504740916,3.4183499533434505,4.668887730812586,3.02184322018316,4.105773090699026,7.572432802206133,3.224034679307033,4.743088655284048,5.257457480939032,4.576511495720148,-1.290632403892942,6.0451345170276225,5.249570482344839
BH9_402,BH876,11.599999999999998,10.157243848767116,8.72574093593951,10.813373904527532,12.646692468897715,12.75939486476871,10.171615698288065,11.654695811155936,12.857796445210472,14.42136368420321,8.897600469573975,9.274086199239612,12.361122006287204,10.318615000342804,11.590041313717832,12.274242566466407,9.318649970562284,6.019870333845699,13.79607793855865,12.01415074038155
BH9_403,BH876,3.4799999981071856,2.883363990148589,3.3951146579833305,4.943845439531384,4.147523429612947,3.934478127167724,1.7477012346117036,3.5166796211823894,3.2253784909023007,4.489815163952621,2.7637897380404475,3.8816100148204233,7.348777757897085,3.034102119654979,4.575834162657888,5.097484921899289,4.285373213555465,-1.2699184813556528,5.574435647540591,4.826428511173224
BH9_404,BH876,11.590000211881826,9.990990233796994,8.59225166119183,10.607219409140583,12.575630786103368,12.581288850710113,10.094971879372409,11.520504102412076,12.736140555915656,14.335250433622877,8.664981515265458,9.12265448344858,12.12965290027804,10.059967706650164,11.457525871082664,12.182021013213388,8.907408777811307,6.2231918482340935,13.505900642144253,11.49633297497978
BH9_405,BH876,41.93999981490139,39.29938190345752,30.40870054156236,39.43375753520221,38.166378219197,35.16506616784452,39.74247406146315,40.27648393364942,38.37756264214404,36.90338042542064,33.43244235437114,32.71144212632132,39.14710380287135,35.82227252772988,38.66942878197903,41.15790300545145,44.44927826591492,38.16240059631487,38.91711466132622,39.46806882074275
BH9_406,BH876,16.759999940394767,15.729255388347315,12.286505984158412,17.16959319534961,16.786706429798464,14.346786756014865,17.099819852214797,17.158109081785852,17.34751654137739,16.559372674143688,14.173761184208203,13.95361297671232,17.67197069146089,14.687823785196674,16.588912117873914,18.35018920616729,15.928254480894456,13.574090575714221,16.33156157000022,16.30813230487279
BH9_407,BH876,12.279999999999994,9.856211113393664,4.729226908302471,15.661058098008652,11.503603766125298,11.145992705877742,16.863155658058044,16.268932612374957,16.651418273721166,14.082150574042409,7.487734020657699,9.28279207744684,13.05857255672,10.558922577867117,13.623400799610794,14.289383381656124,16.192140060430255,11.645660167541411,7.488709619640908,11.57013346412185
BH9_408,BH876,12.199999999999978,8.68347811015735,2.1613815842912496,12.51798356152723,9.954071466734392,10.46191325274265,14.219233532663049,14.057931657693157,14.460022911321454,12.780329459354371,6.248698115364425,5.971349909223446,13.220132212634375,8.276388429704163,11.93620973886713,13.676524622271623,13.05896245026856,9.19852914544613,9.723792816758198,9.763397308913968
BH9_409,BH876,9.219999839910953,6.879744170042751,5.762840559196162,8.608803917994706,8.88504444429813,8.51215346544219,5.500746606362327,7.250419852252092,7.374531687957389,9.027518587896887,5.200925466198832,6.093166378213766,10.762056556116203,5.914594312853631,9.16974668500048,9.845699827606149,7.804532350493074,1.9149138902287997,11.226307596725638,11.571395545496804
BH9_410,BH876,14.72999988920645,12.61680161990428,12.36102091441005,14.019397304923764,15.709458970408344,15.877771820692429,13.398489293210844,14.607543611697876,15.78664012572552,17.577899867726206,11.989031917664269,12.619599810150678,15.479500028737457,13.255148747326606,14.261665095927288,14.868656202313806,12.163916204455282,8.499487146150116,16.795424831788434,14.89373100827475
BH9_411,BH876,2.9499998487308434,2.477011194068224,2.790285760939745,4.562480823865278,3.647534924767223,3.4161553016543604,1.2345716773735549,3.121579450400532,2.806515414866805,3.995838199893164,2.3155864527086223,3.359966158181579,6.900120343960322,2.579357989328636,4.1800907319111085,4.733294111017557,3.924714476964752,-1.8877872375605247,5.059204412450797,4.353727670427367
BH9_412,BH876,11.099999999999994,9.591390129766603,7.959646935799219,10.207327890038568,12.040955502909377,12.091850286265457,9.551804071218935,11.070056027265222,12.241262362770849,13.8375010080738,8.237411368974225,8.607372694312437,11.753893952161,9.662957397076324,11.051353107357114,11.79452594358211,8.5714139533725,5.286609080004167,12.858620201531712,11.232693995575964
BH9_413,BH876,11.429999728714428,8.889607630471211,3.802225359977771,14.698068253902532,10.550635060157193,10.159321909130544,15.803556526149157,15.251591537055443,15.719145959664695,13.137018331825486,6.591814585383807,8.34673958349457,12.05314914142616,9.629425926448343,12.631366365855744,13.302744776175476,15.46863753674196,10.408621702389729,6.473805682446775,10.723039296205915
BH9_414,BH876,11.370000000000015,7.967274250700075,1.5269495511589843,11.834402476375184,9.287581355207386,9.781278826535118,13.45405381385975,13.312446637341829,13.767957207916902,12.136936967452575,5.636709899830505,5.327025314718576,12.530536888455265,7.661387541192387,11.22217624657504,12.97147035109105,12.178744057670366,8.486004424313744,9.045705762185621,9.062917083364399
BH9_415,BH876,2.409999708375881,1.4443578209653558,1.3550485390590228,3.3736921749117643,2.610470411030468,2.304145762790687,0.2046520493478449,2.068957031551632,1.7424214325822462,2.9448408422864616,1.1014010521125337,2.057118877191345,5.776711844331452,1.6265988085984144,3.258248315593099,3.8703310340460257,2.1706974042457,-2.5239092363568685,3.8023511930984357,3.1100157049909347
BH9_416,BH876,10.550000000000002,8.6120952050505,6.5351309643778,9.043983871743476,10.983867663824723,10.97325189790512,8.496133274081203,10.092039088340492,11.254485705310412,12.787536844804643,6.951776296320143,7.367271905449436,10.576491023277567,8.370179635042472,10.15105340500273,10.934797991734344,7.075297689058566,5.592422692553818,11.393075891598198,9.856508670688923
BH9_417,BH876,12.960000230971737,11.513146930318682,7.436527804240272,12.588581075528555,11.902949352300867,10.21235900991469,9.648196052563147,10.60359278101194,11.275792162030022,11.4551270278228,7.430953135677395,8.843716168315908,12.351422654971689,7.322828484209403,12.07869210285294,13.151669422980715,13.697234912878878,13.070497171742431,14.598327699535155,14.194173726182736
BH9_418,BH876,23.34000027942157,21.9387549948333,24.540789545066875,25.25431205643333,26.732405288821028,24.74548470427345,22.334192389071674,23.16083603346152,23.72119013381998,26.08367607979026,24.45185212529449,24.29241470625366,27.517445745317577,24.79176541053756,23.883352261640283,24.81852843853395,20.472429854929803,23.812059255710764,26.714575152251562,25.636214490964388
BH9_419,BH876,10.469999999999985,9.96744162288485,12.968428498963709,14.09196237506498,15.29008491357206,10.933587023938053,8.870577276125887,11.253096462092342,11.521016087424291,11.858101250157498,12.419357207121983,11.788064415666833,16.103370575462808,11.189160463001295,10.940585386113472,12.305977540289824,11.17879889979397,12.36448229788457,12.997461258398046,11.664786099472854
BH9_420,BH876,18.3,17.80386044442462,17.912308702498308,20.8828289896661,20.65006489236744,18.164943452120667,17.302814272487986,18.6560506897898,19.00021133564258,18.961423218007507,16.989005946180868,16.974425449683455,21.187106890333563,17.27937572677568,18.40046137465864,18.967596467794632,17.909385511203986,16.708755072987316,20.27882837865594,18.788001335701964
BH9_421,BH876,18.659999999999982,18.187085751395124,17.16708152595946,20.734123049430764,20.205598237585274,18.42178935488253,17.200595614683927,18.72486206087256,19.465589869065244,19.539290794089084,16.63444520933113,16.516251038817582,20.90874770364098,17.173156005901024,18.60250467876448,19.071962337652334,18.67148866399277,18.52704985961686,20.644953401816334,19.24378788318381
BH9_422,BH876,10.800000000000004,10.495599655487087,13.37721603179086,14.944633606224336,15.57597647284826,11.253089747701402,9.257200986049453,11.656324135505631,12.109177015117968,12.470278346025296,12.569213999725417,11.854611607196746,16.495426070104866,11.289161627845315,11.469035838034433,12.809376559157334,11.732989512453925,13.269472861257437,14.133436890443564,12.363258152817453
BH9_423,BH876,41.73999999532899,38.325934362973264,36.65721987947064,42.00996461123673,41.38586420787122,35.170751403659445,39.37577955032037,38.66813893623421,37.384265031764464,36.26520937710665,37.36695913627727,36.12723366067114,43.5335303175299,37.44672211642252,36.93335015229127,39.49521091851278,39.82718869007997,31.98000215358461,36.71563960203326,38.40965306630541
BH9_424,BH876,8.440000000000001,6.638081611875598,7.29644942921951,9.698673918639214,9.915266343672537,5.392998397902443,7.155812695970614,7.063769229892083,6.925402261370789,6.11528897360662,7.417742617950348,5.961850294215688,10.97358836833683,6.687294418961308,6.51575529151469,7.900322566603282,7.8240681041384175,2.5614066990392557,5.9436413948411495,5.964659801437177
BH9_425,BH876,26.26000015521656,25.499652259277,19.1981448291733,25.984099362527832,25.3213541018662,24.035407533550305,24.11037634143428,25.545106912059072,25.9514841809998,24.560376186438663,19.81326958803653,20.93467231639936,25.983181504367582,20.92998664655552,26.62503684898805,28.15230555147188,26.41136204798052,16.716922758651243,27.88257849456119,27.996698129611705
BH9_426,BH876,34.42999968735344,34.309644938938504,31.297596890703023,35.14609197562741,35.87451363272825,36.33633770147285,34.59227664931148,36.45159155077775,36.45737750190391,37.83405798688594,32.54202454569844,33.10828589485136,36.79933885268215,35.267242600507494,36.800011291743054,38.04123525982077,31.69332415051761,32.11669179273435,38.83562568204836,38.276926544441075
BH9_427,BH876,5.839999751589966,4.072071878591554,4.871743220505706,7.340893164210962,8.284733991783291,5.018381516881915,4.384915471791329,5.964957721049481,6.66780886919915,7.135604381059688,4.916265582437419,4.78350867407423,8.489506209244375,4.757408797921964,5.720172613272946,6.9854906860763855,5.310838349604119,3.4523247095742744,4.894019321141831,6.609316784462393
BH9_428,BH876,26.05,24.961218570806768,28.164037782411448,31.27929080791278,30.80942420101668,24.31085909228165,24.89967890492856,25.72807380272961,25.25932635912996,24.74052122987741,27.17885305370807,26.65640905961134,32.782125358237586,26.388845734257355,26.348197992343795,28.51627723616536,28.16515646801814,24.521111252116622,27.152422164525266,26.85734745393819
BH9_429,BH876,53.8999996929921,50.16189262348547,52.57698890112609,56.79955386681544,55.33023748401922,49.14125837856599,55.2671973802394,52.20585871381724,51.65625567044556,48.89618078840656,52.849708534652656,50.96703967583398,58.44285459317738,52.91464923901725,50.63173375341679,52.33736932558557,53.56126801057846,46.05690940514368,47.616425328875685,51.053121605142465
BH9_430,BH876,10.310000000000011,7.555435703997265,12.255861496266627,14.7728280382263,14.252103859513062,9.082132870889552,12.004375716539524,12.03949635506546,12.19918019698902,10.266297590721118,13.666121519211105,10.906701757090463,16.503679827737642,11.578691989133375,8.841647897132294,10.624659152495507,11.172121719588525,5.397834243840584,7.984549262959197,8.899599340594545
BH9_431,BH876,56.1000002183265,52.67823780569309,50.37664851664437,57.057839778442,54.354603575011744,50.71896779865112,56.200805724777474,54.21036255310264,53.98358991628541,51.27899948471992,51.50703705507687,51.355259769813294,58.21426550471922,53.19186855410634,53.11998037912728,54.46883351717804,55.12619112568612,45.046451231146655,49.63241348668176,53.24044692371612
BH9_432,BH876,11.620000184817686,9.107899351149292,8.928826219565309,13.756569730753265,12.431399239444303,9.798108630604036,12.000363546504614,13.168260961775138,13.478580460942968,11.690922560619653,11.280269755863632,9.940474905280723,15.20404759156634,10.939155041031484,10.4140088029495,11.885180856742066,11.895349663469272,5.611374043302907,9.42750588117332,10.356831237809251
BH9_433,BH876,26.76999969512618,24.31672436059407,23.26717040030316,29.062052534483826,26.59138872423775,22.70142279327385,26.73168465688585,25.20009655566752,23.65706757623046,23.709126138684315,22.779816924346463,23.7910164388435,28.76049049477728,24.38639435299132,24.46349054345403,25.55572368215444,28.333015909977227,12.781862117919239,22.296590174595412,23.871378808944055
BH9_434,BH876,1.3600000281112898,-2.2588038733957494,-1.8137486147450967,2.609663810350425,2.1114121890937945,-1.178029810746059,0.9012551482627806,0.7876054641272933,0.5541006547313032,0.319085053494196,0.1093706342757697,-1.2350025881238025,4.117610617663485,0.488877821994662,-0.7267711189652053,0.775930650410788,-1.1428635158598497,-9.330174762343825,-2.7438022231757184,-1.9627313558008632
BH9_435,BH876,14.710000000000006,12.427760814016189,7.186406104731889,14.587825820663497,13.210851723993216,11.661190534156823,15.300567710295562,15.89554803447906,16.3240996684745,13.06910837807536,9.992653322132073,9.52629675230648,16.311837192001082,11.278433725898736,13.008554592278545,14.738432675199345,17.260748574981665,5.478039144646433,6.889360851180483,11.56222893494941
BH9_436,BH876,34.2099998858238,33.39032109464887,32.58875266619438,39.511127821843694,36.00461146965456,33.18362970238347,37.746787420537,36.90103736770525,37.86613991078089,35.61069258555648,33.45015443677563,35.29376384287141,38.5833351723588,33.816526658972364,35.2431391395618,35.95667878198402,36.84811809882401,23.597871589267793,27.80902815178838,33.24885851974838
BH9_437,BH876,51.56999991244525,48.05259771418185,46.8468883976998,52.78471731566757,50.3210418900628,46.73082506117327,52.23546479904798,50.02521014142425,49.63741286315176,47.88831071379417,48.09154339937753,47.90338091857853,54.00946508119951,49.04632115247448,48.777306523204736,50.27032406429049,50.87407132974857,43.11619814439327,45.30131995908126,48.97859642948362
BH9_438,BH876,12.399999999999991,9.90420021416502,9.83636110615232,14.42489844510668,13.346979864297472,10.93290303860378,13.061176344486269,14.024588251524085,14.339972818767627,12.568458854813125,12.211979131210176,10.56100415225714,15.743023510903155,11.97083508410972,10.991876127987137,12.389264864798577,12.895644806505608,4.335018001647092,9.621561326919597,10.500086075527696
BH9_439,BH876,52.030000124971245,48.58466086364705,47.22366491521959,53.02662133933088,50.71799942608439,47.1049964103813,52.60843641287467,50.44315109212326,49.9050774058692,48.203973393313134,48.401313827819365,48.255073560573855,54.32622439637053,49.36850026697776,49.22482795682608,50.709590359894094,51.39910734006567,42.5443551656277,45.61784726909025,49.384120744001116
BH9_440,BH876,12.749999792911238,10.327005304583476,9.998550028614892,14.576786987743448,13.568374368406054,11.251408022332289,13.387002104804708,14.404767690145771,14.607701995026437,12.918407773466964,12.369189017013708,10.796686858745357,15.924606115760035,12.193545036378538,11.36896307446385,12.740285193254971,13.325234260745855,5.74833839394964,10.111080387487524,10.990289792849707
BH9_441,BH876,6.220000036287007,4.398164769636064,5.039494637897622,7.70129965381014,8.58619249245149,5.369880948820154,4.765069119910831,6.369362853279356,7.15261616293127,7.466495774320539,5.0749814908536175,4.970238864646592,8.754238525743089,5.001856682420328,6.092139584283886,7.322784684015508,5.967600639210713,5.737096348244131,7.028522522216645,7.33935276160795
BH9_442,BH876,25.319999748207312,24.40202705721221,26.86300243509165,30.442600987907547,29.751484329647024,23.591432030539888,24.0108627515566,25.216681066301746,24.676846023740904,24.25549198619427,26.024215980360765,25.71749895040881,31.76499656956795,25.19360660178808,25.759038508686807,27.85399890545905,27.37098417053385,23.58875585375685,26.588523691264154,26.09394753561135
BH9_443,BH876,12.79000000000001,10.927929775099264,9.654780195681518,14.161285291761722,13.64157780383311,9.650355249896023,9.781853938967748,10.29651292500971,11.024073701899988,10.590902719674594,8.949319925937955,9.5085273156361,14.04567915864684,8.256505352649492,11.354715283488128,12.628125216711869,12.889239768934058,12.43452050338604,13.168226597160428,12.941150301120517
BH9_444,BH876,22.59999969198473,20.939546935508943,26.29898229878784,26.30940228175317,27.95730440966401,23.6555572236984,21.870185842342853,22.33042187290506,22.95362631835887,24.7179103692544,25.44616266144166,24.510325968183693,28.679000294736444,25.003655091314894,22.665556171441263,23.81999394786121,19.3762917140983,22.942374083948835,25.000882317540906,24.016214343018405
BH9_445,BH876,16.869999841159586,15.72813616241474,16.254624141354032,18.80336801422073,18.997258087704253,16.399684000498212,15.392200973502854,16.574825032187004,17.047365331225524,17.445534964491443,15.359914230498624,15.346467204519294,19.2723065343607,15.439970947889776,16.398190527835297,17.05076423630213,15.899548344596193,14.136304058425566,18.745451397671776,17.01755934391103
BH9_446,BH876,8.880000146637865,8.086217353626663,11.78208650945358,12.197311975757575,13.972643017145714,9.146860473335684,7.291217506170229,9.694866065768386,9.732918365628514,10.147773350290535,10.938967540993398,10.136542311203796,14.2798695221877,9.494260322866657,9.04886407552844,10.502762111277594,9.444307282586134,8.474199306095539,11.259893396193974,9.9479225890144
BH9_447,BH876,16.65000000000002,15.475391096851798,16.46067610155736,18.68964641748241,19.00256669240646,16.000180093737235,14.798733511862766,16.02476252640059,16.522463508067123,16.604109518824693,15.462255943028852,14.92799908305748,19.32860925713125,15.216659088742244,15.82038187491939,16.35624528458522,16.128695494848746,15.4500351144164,18.213098724113067,16.54509140069973
BH9_448,BH876,8.640000000000017,7.9783853099743665,13.14206903013258,13.084839726833865,14.70830356089574,8.810101238865235,7.186486551366174,9.479159872138757,9.33081173789533,9.340656922339964,11.54577779950683,10.242748352466648,15.006587804786168,9.477151465339398,8.79742535922757,10.20728936089348,9.465529261985882,8.874612238237873,11.501032440845606,9.711775883345641
BH9_449,BH876,7.999999999999996,5.118356953788555,3.8997577770252594,8.590796090242502,7.979583288262162,5.558692274419976,8.46793864587231,8.754114655248962,8.976749431807457,6.870390011812226,6.223209872795063,5.099847306823366,10.597254182318697,6.395785771901855,6.38744799016949,7.738545039310146,8.06907504358497,4.412375728708761,4.571790568117946,6.663946060674102
BH9_450,BH876,47.09000018896656,44.04209348828413,44.383707826176334,52.25092393417189,47.614799351604574,42.895436954973256,48.23214292112316,47.60123912278637,46.76090435131638,45.504654543390046,45.93644105142964,46.66680792513061,51.51137019627333,45.849001497410754,45.02250437596798,46.720441787409314,46.67510858093152,40.41794241577431,42.89659255074948,45.229217528686654
BH9_451,BH876,10.669999999999998,8.626135227632203,8.34903363274608,11.848166080817853,12.328651340139476,7.070381422729738,7.342943739632631,8.16903799936671,8.368409807518718,7.783432298083607,7.343675290195661,7.395539136435802,12.195254999660714,6.07014067094169,9.215622584874952,10.721497732339262,11.31215645464406,8.99423312977319,9.80019928555994,10.559971369662305
BH9_452,BH876,31.39,29.671673219549,34.257287305571644,34.625036597156736,36.145067480017296,32.142302830391024,31.059430627180085,30.61530640435628,31.248391551086566,33.376935752926165,33.67609242330053,32.82065092593158,36.89505274708322,34.452550055424275,31.0205343270142,32.306697009490456,27.218697588636164,29.796898155426167,31.02480594568127,31.717534857591236
BH9_453,BH876,11.000000116633762,9.214899066362516,8.327994557796476,13.241626043691756,12.527405992651502,6.841164762020284,8.063232246451658,8.31373892299961,8.98290529985158,7.643863084133942,7.918919374540193,7.827181631004628,13.05815187440512,6.847645868223856,9.360873520523771,10.834866480507898,10.509666154572257,14.842512107096876,8.85696073113392,10.531596002583514
BH9_454,BH876,24.569999797301328,23.25438853435895,27.7589888254748,28.7137141189136,30.097844145159385,24.367127866870447,23.50541654598606,24.038106765543336,24.86942033549112,25.183454941704326,27.426275144746683,26.23464714086836,30.96762536370424,26.11935595485925,24.742601737437703,25.988987535727247,23.148757897432404,29.338836959654714,23.47864324406888,24.83872749685997
BH9_455,BH876,10.039999999999988,9.179732368764446,10.4234464198422,12.659203752850251,12.438671509515554,10.137189649937165,8.764996861934005,10.636662153763211,10.72159204699315,11.15607483781238,9.141642982994354,9.259960145241232,12.8750488768281,9.164440088364422,9.702510574254134,9.98695277502675,9.668408816744565,6.321217074116897,13.924165089688293,10.422185572334616
BH9_456,BH876,20.94999999999997,20.37580629193685,24.7026057895562,24.73565683907836,26.12435507178745,23.02960397302798,20.99210712901768,22.782815352881485,23.28177091429092,24.867334180191268,23.631527438691293,23.54761486374882,26.7191330240942,22.614678832321644,22.043283452202967,23.011331963941466,22.77545256402773,18.04142372366343,26.087220181389654,22.941304331989663
BH9_457,BH876,7.960000000000019,6.7280079237929336,7.9112887338243585,10.217632034845726,10.186161116870329,7.1170430271757965,6.225055440788827,8.0468174770829,8.083466791423513,7.71624787064455,6.852130490110652,6.43834942522687,10.480135751313082,6.559699591800374,7.305999119360367,7.771656015995379,8.05896871869076,7.297741955515505,10.235981092033407,8.23776428408452
BH9_458,BH876,35.39999999999998,34.561071418934034,39.49467119758621,39.30379103606092,40.93482288536342,36.87947852679028,35.89106846203594,35.9972255576494,37.02884636391756,38.03363072350122,38.51786666976423,37.88813487094794,41.85828942184772,37.85142770011088,36.152352865012006,37.31859321596756,35.484921198710225,32.42377484810782,38.66158906574047,37.11052544136248
BH9_459,BH876,21.33000021019049,18.93275205910694,28.09279123525501,26.159317891673176,28.97620076710401,22.2162073675868,20.978966578570446,20.739151031917544,21.369568259374567,22.59813824792049,26.331453905940137,24.54370231857278,29.061679480158688,24.980575104583632,20.457070776759945,21.72578085221578,17.71283000891151,20.544733746377094,23.700450542286397,22.396545982614935
BH9_460,BH876,10.28999999999999,8.441757130805398,10.76078792026693,13.224775092541778,13.90150904525397,7.700859016623226,8.151784877467426,8.306851316341355,8.97465894687357,7.966906153725832,9.126743460658387,8.944840135933587,13.75323533366039,7.24078500834959,8.633887228545452,9.955288835223712,10.762518681173292,6.637401932424976,11.575026913704994,10.894424684385033
BH9_461,BH876,46.53000006665437,43.59369441996236,45.76287682554397,51.91268421672537,47.573191331918025,42.302936234471,47.79760923940287,46.544834453375046,45.57155665426327,45.435123920864086,46.403954999624304,47.92699548062035,51.4807077615935,45.54557763645239,44.2804306854064,45.85454830400226,44.341948147557545,44.09158532615947,39.5328445074549,44.24018621646329
BH9_462,BH876,-3.190000259727201,-5.988907687032148,-5.961119935950855,-2.769875387725141,-2.98713924792897,-5.965180361531849,-3.6742258520026745,-3.5211959323191966,-3.410357678911202,-5.4317889627343785,-4.203490497505727,-5.990466357782102,-0.8854968165968898,-4.320541157491452,-5.5685036360621485,-4.3274169043389366,-4.226263880579022,-4.585304753101655,-9.952473393081021,-5.862331994151563
BH9_463,BH876,16.419999999999977,15.016827190690504,12.35098772817831,13.882987538371005,14.335988070949163,15.866884531259366,14.94933553471237,15.706033396229277,16.82330886922765,16.034199704091243,11.781186472648589,11.849940489429784,13.823819356315031,14.189076619666263,14.861069989330376,13.537681687747009,16.754950103097173,19.506564538471515,15.444987827123137,14.512884171127977
BH9_464,BH876,12.360000144745053,12.74916438955092,11.541533952888049,13.74292441171914,12.68360772177321,13.075891818192432,11.66085933470258,12.601169919645123,13.24965025832878,12.80876034480728,10.47273258276586,11.604945040272876,14.52989696983885,12.47683858100732,13.232733544153728,13.051335552704174,13.02843230215434,15.771049831301521,14.731967340328621,13.817993876786478
BH9_465,BH876,11.88999994124043,9.741987383566103,5.969835415090617,9.907763840448723,8.49671949342464,7.621673596089628,8.370496903983652,7.858383096382882,9.13244802380684,7.262608470710506,5.864917462514701,6.87816134011251,11.673706712681431,6.7942061573278405,9.055275904680345,9.949064568728202,10.04703834834333,15.77608740805704,11.883827492106713,9.466240054261178
BH9_466,BH876,19.470000005638724,16.303508823613857,16.335131096757618,17.841065481210354,17.822618459684712,16.959616979179238,17.49446702378625,16.927981089024144,18.21692137956811,17.560035363198782,14.611490144194011,16.1127352130478,18.03241351385605,14.52226212479693,17.118487192316064,15.81692109741021,18.521974960438623,21.368420581685417,18.827104968123074,17.489545123495024
BH9_467,BH876,4.800000062303996,4.9340488244199205,4.86299065559866,4.172196788336393,6.3182894179712585,4.742415400419518,3.687497300890203,3.4435002192531377,4.797050642263789,4.573677977335066,2.4448160675127504,3.6776189839961,5.84237725950667,3.090047162169613,4.531991581680857,4.627028017105329,4.855601877776053,7.189053038489686,4.928030691000685,4.629109665969199
BH9_468,BH876,4.580000260774352,4.872575360804508,4.978234213742871,4.1843941292162325,6.382993739569862,4.684571577085482,3.5623109178324888,3.3549610797980725,4.686609853369486,4.496278135031686,2.509605416744643,3.7157341604110528,5.9201206004376274,3.057988393421874,4.483396745967415,4.597415091979512,4.725615210368255,7.515372687589608,5.170916139598198,4.723829192560961
BH9_469,BH876,16.439999999999998,14.955725087174663,12.39398103776511,13.758893335559655,14.18881570120759,15.89562446515939,15.129498775769088,15.259293839437174,16.839906055547612,16.28625501134374,12.067737481691216,12.25164431878598,13.555402241511144,14.050767946754297,14.640129551101415,13.1181023097314,16.360754859412005,17.981695898644315,13.159305778160816,12.939843354188666
BH9_470,BH876,12.669999865082277,13.024715032021932,11.699137349869622,13.850945273104848,12.762018293584257,13.350841369338667,12.040621479531849,12.417136200135356,13.605419201937355,13.404723537079953,10.85615304508079,12.257932277461594,14.434686463336522,12.532596437342294,13.326359714729705,12.92823852516798,12.942937261933826,15.759006200453884,12.817147923079066,12.651442120291213
BH9_471,BH876,13.930000000000032,12.998060500379117,13.178865118883325,16.36274452566361,13.7776903191223,13.695538598559244,13.262985211158044,12.879509151456755,15.262219288593146,13.42945826629969,11.740471963685795,13.443385086051435,16.91431995679009,13.487562945304663,13.851937177331193,13.891710108316015,13.497694578980624,17.94903469205874,16.030967696198577,14.555592589550308
BH9_472,BH876,0.1699998466365427,-1.971047104862489,-2.735792649888296,-0.4278911174973725,-2.067397482290571,-1.2436359262432055,-2.071326193636553,-0.1742910701774143,0.6019832044007545,0.0793470669874909,-3.478896271671013,-2.699699371717476,-1.0281981813827443,-1.914731392628028,-2.22402064673413,-3.040948436389296,-0.8420351634077279,-5.865377347875282,-3.3212624836451146,-4.247918235250286
BH9_473,BH876,6.439999837816649,5.198179233701057,6.33330421367004,6.74076939580574,6.112645966449276,5.977197167968996,6.328769077234077,5.554388563452608,6.367198008420939,6.734747187399888,3.3509497882386,5.405849666348953,6.186774978442758,4.333859230335647,5.322047407632421,4.314396647437745,5.168779815595429,6.5653191691873,6.945106717209184,6.136745082425412
BH9_474,BH876,2.440000308821215,1.6506936037127973,3.095882498254233,3.335421752521927,2.826792881574953,2.846426899999555,2.4362294788898176,1.9493263036887027,3.1392642362532195,3.895100966497784,0.4569608076432683,2.396193244930184,2.829934256751013,1.471676132186984,1.6766965295530103,0.7978217576454021,1.795327275338999,3.853959859659606,2.372479421534998,2.0458637852856234
BH9_475,BH876,4.000000156504909,2.5512184564895635,3.092115119619642,3.968776414610344,3.047451505290286,2.7552183979469267,3.614322479835111,2.913015820878393,3.77818829587354,3.432981779997476,-0.2684691980744798,2.2535483560328786,3.333658011672259,0.9705232208476584,2.507516374885367,1.5090523534911522,3.0614447431516063,3.4809426562643973,3.515782932261983,3.360314328150044
BH9_476,BH876,4.610000233710212,3.542441332338522,5.519520497547663,5.652602769574435,5.112888710734276,4.350535733841861,4.059550680079911,2.990639872314228,4.086624325351851,5.654272760529904,2.294410768978684,4.954662761631119,5.813848357018989,3.574602259650467,3.735760435025854,3.0390886865264184,1.5602070895821802,2.3352955836634837,4.148254067381838,4.327958272311788
BH9_477,BH876,12.360000144745053,11.83585867479168,11.670698871496832,12.081679612688772,13.25186706104283,13.754643715911197,12.683336888666256,12.8167757743154,14.516767275347666,13.855001117829516,10.521516110530229,10.885467212938009,12.60198486619852,12.2345222208133,12.728276544461728,11.788505052889416,12.997244458799026,16.555092955179564,14.221149177209433,13.535779207898724
BH9_478,BH876,21.110000000000014,20.93871391657419,19.42370844348157,21.863923172295564,21.07293191801512,20.64169197072584,21.30239016981405,20.909097100945043,21.16017594069439,20.80746277997591,17.474731537061263,19.36845748933945,21.75148652673,19.80797347082628,21.34704261450728,21.35208923395676,20.5668177366724,27.011951042894072,22.714009261640154,22.577758702632593
BH9_479,BH876,17.450000000000014,13.886772424538089,13.175675613727735,15.389956874112164,15.870156867690218,14.575714762333448,14.256857306529833,12.569906456348,13.8972439261035,14.765424493273684,11.184003339149932,12.84969285057271,16.97525457807921,13.356365837282144,15.251184408955243,15.484319740867182,13.192962715358698,7.962999365350965,16.619679445887797,17.81833439635224
BH9_480,BH876,17.150000000000027,15.27286454757417,17.591756782932364,17.86925395973449,18.355719321636304,16.710106662138482,17.105787592825003,16.03350172532241,18.260492813633263,17.451157700370953,15.59934806321946,16.914417722780925,18.21996536530141,14.945419687343996,16.32559182324591,15.399073896569734,17.243921105874634,14.185977124827206,18.422693731733624,17.5258471607631
BH9_481,BH876,16.28999999999997,12.596506081010958,12.110361376483606,14.56697123354574,14.969502120381382,13.447565679674332,13.107336757186507,11.652326837327218,13.311721110941589,13.669301862645128,10.263769731636474,12.002690539886968,16.273316079784127,12.16988761545058,14.274385842392396,14.521549838770774,11.907625033909667,7.8704207816866525,15.505958574861479,17.448826819497143
BH9_482,BH876,17.83999999999997,15.706715687320152,18.343662668376584,19.37639950021297,18.97211560287256,17.359051859825477,18.01741402942983,17.11377233704485,19.468588109335148,18.405065411616032,16.12241454673029,17.96091106840632,19.06545537813209,15.355693037135358,17.069416390670636,16.005498111017683,17.719729250286363,16.926293997261862,19.225005937622267,18.634614006237914
BH9_483,BH876,34.09999998505897,29.28092244249041,23.97231785658258,28.870240207576643,28.500997819769697,29.110327654112726,30.394980360658504,28.121778156833123,30.3606364533458,29.51392028698607,24.08686738929361,25.97203756358076,30.08585476102786,27.41342287221359,29.942792703842272,29.774899532000504,27.96684821505744,18.79726039657044,31.10144697441485,31.772301944507436
BH9_484,BH876,12.509999999999977,10.34589271226993,7.765517153556387,12.21566148233632,10.51965861971502,10.002036659529915,11.263704384262144,9.97857489599859,12.96646784558689,9.90113238305636,7.724028988178155,9.296521231726889,12.23920494750761,9.23261980846311,10.908987711334213,10.786139428551824,11.229737211076488,5.865030427592931,14.330480865297712,12.153696979098683
BH9_485,BH876,12.970000000000002,10.6182287492489,8.691814949957733,10.19082715183577,11.05218110621566,10.690395727266578,9.796231436014237,8.463472849177661,10.48197353826452,10.713080320222112,7.499284964040592,9.001571259318192,12.20806478983791,9.27818314586387,11.07461155791795,11.48149698396804,10.246836985213353,6.707444089512447,10.111325607110407,14.124528981501866
BH9_486,BH876,15.740000233066034,14.747265310388787,13.03756567301911,15.366097081485806,14.98692335222424,13.316573076956168,15.754715455711093,14.641821065614677,16.68985460956279,13.913577997722694,11.56884222399293,13.025230468299757,14.443561078847486,11.284653035043354,13.874076276366145,13.586459003172642,17.812833447775592,15.021158471726617,14.2545005285344,15.698570857561544
BH9_487,BH876,30.510000086186967,28.06665038277863,26.101116701620622,28.266124788679058,27.99890558945549,24.803353627970694,26.958477436715388,26.127531587425626,28.10807397742998,24.944309449605104,25.8292030413426,27.239580534052504,29.731118697987583,25.85282212142626,26.281407138915103,27.55597683496164,30.69158379600028,33.595134005149646,28.73264741289084,26.913247674127145
BH9_488,BH876,19.77999972597595,16.21687354783322,17.382277679703694,18.968991233212453,18.751774436185176,17.974136646308487,17.281137020446323,17.413201032824364,19.330181858679627,17.966224065574888,15.30524460116354,17.094839999752136,19.65307551817647,15.393739312975375,17.639568549500535,16.14628670138014,17.437263764673215,21.357052134746183,18.144332641799874,17.290499084427736
BH9_489,BH876,27.86999995779335,25.135702160937964,22.30852034905913,24.17776985501618,24.71652344769339,21.556029750267584,23.90481289739804,22.80151670396116,24.59396676867578,21.753508173992618,22.349951348276072,23.390496657030184,25.90220253627849,22.62532428010283,23.27225247409101,24.771232233729904,27.42181754272117,27.829396111313343,26.553680461827838,24.818734015802665
BH9_490,BH876,18.89000000000003,14.94357324067861,15.365541296315364,17.14578636446928,17.03159288056743,16.453154082699232,16.374519301702225,16.129678470874683,17.688531105729318,16.79881158961254,13.276308994315515,15.174170547742346,17.394857111135018,13.835877954897754,16.363324218934732,14.93036065217793,15.87380764811488,18.428509586364985,17.94243447143204,16.70277309456891
BH9_491,BH876,23.979999702053263,20.42907902240867,19.042402248821915,20.358223037127697,20.720510611891346,16.996194506474666,18.55681590225517,18.86217468801092,20.753090590071423,17.026202135005377,18.41524976489369,19.606173765840392,22.878093442120747,18.61275943804247,18.842537406567992,20.62704150693077,23.53803670525026,23.60959037243454,22.986371697126582,18.820682895831954
BH9_492,BH876,16.309999718847386,11.322557431072068,10.253167896319107,13.757263442452864,12.92251036767027,10.65899515320825,11.9865550122595,12.85956777889085,13.816814154262367,10.562841688253814,7.545566235010886,9.420587008342215,13.790924431171854,8.571242517970644,11.92602174609441,11.407638867842495,13.798972462291715,13.462193938654398,14.742602867384447,11.066305057007362
BH9_493,BH876,14.52,13.191590320745208,11.801856509262686,14.817478788711808,13.180045464143408,11.69477484127639,12.653127013852105,11.361855525688872,13.408533837379496,11.344557348465171,10.508138926290917,12.44015927173143,15.830835555236556,10.97521255113926,12.936008472994123,13.797109792009874,12.957789928637878,17.70506658493622,15.543111467042518,14.00848957560175
BH9_494,BH876,13.490000000000029,10.969584669661572,13.41112344348175,13.783403981124325,12.789465495251374,12.73763911132659,12.277436150488535,11.666243554263655,13.272949308576484,13.1270162700484,10.433272590686892,12.83543012497951,13.884600425997506,10.342659218699914,11.80806314266806,10.38970090561347,12.50953132699759,15.785568110703688,13.198300844558513,12.097531283782805
BH9_495,BH876,9.08000000000002,8.030310589427197,4.736562870518153,7.237329816354033,6.622122916470452,6.7181917304645165,6.298273497295962,5.326597729836812,8.559870540879736,6.299717459371447,4.219721908579846,6.451539548861997,9.422206045510798,5.229137790116166,7.333810778488835,8.379932889429613,7.765148111493386,10.407649415313832,11.964411759178907,10.961302592575837
BH9_496,BH876,9.37,6.893709079639446,4.499631482874347,6.63350110654215,6.118550454099265,6.525973028339264,6.885653363964024,6.302804241212059,8.396054235357397,6.573111979316291,2.348794881561933,4.87733709098715,6.895869406456028,3.344876814293148,6.198150909440034,5.594014970999901,9.125785708074243,7.741740493343441,9.987253650353736,9.410913351843451
BH9_497,BH876,12.839999999999996,12.348602188160529,10.183905408570126,11.540565203773244,12.513630026203176,12.025403308065918,12.47259228713817,13.079655871029878,12.758725814123258,12.290155704708951,7.989608567840435,9.72004933860557,12.325437111195509,9.27088257510074,12.345787180609788,11.818699742059984,12.76906706296063,13.668000630183355,13.781591443365333,13.645159064924576
BH9_498,BH876,3.2300002236416816,3.607099092830619,2.796230220880772,2.541093340075483,4.051008519135877,4.788662848640852,3.013615315902726,3.923564733498896,4.437742231498294,5.251678808945659,1.3430800508754412,2.677072321364297,3.651197321039168,2.322220106307414,3.872687834116372,3.617662712807821,3.3481725097240256,6.032515473814453,4.805630429411716,4.697620061630538
BH9_499,BH876,10.350000075513975,10.412359958985917,8.476267955674308,10.262566733218966,10.167772704830275,11.07434367404223,11.299044776568344,11.100500841770746,12.008323190325584,11.337303652702646,7.091997304373202,9.043634725412009,9.781941727495813,7.864592114348979,11.490822653312902,11.07362348155879,10.550338750228134,11.085596410409032,11.346905234417328,12.126639613404992
BH9_500,BH876,9.71999999999998,10.035465971665031,8.819647979792691,8.038675227902925,10.902159215999736,11.372209871204603,9.455471891551502,9.923449757495252,11.1171653597302,12.290298714075302,7.510272654908636,9.54388722332693,10.32775624509834,9.135201911914145,10.87810307558808,10.851827057566492,9.499629500961412,16.173425307644244,11.346717264353284,11.197478923237172
BH9_501,BH876,12.19000029810851,11.8127434220585,11.111703580129934,12.108535888669827,12.73110585916278,14.176304982086082,12.98850723337934,13.46807689357947,15.06250467209522,14.847237107729027,10.476442167771992,11.331267576312865,12.545199400379728,12.3076411934916,12.945580878990969,12.052881445886902,12.967159665414655,18.152220141813487,14.939876334482499,14.011295782375136
BH9_502,BH876,19.250000000000018,18.974118111102435,16.59920521849558,19.92496188183135,18.61079238468601,18.88806026960767,19.615092808994586,19.371737293079043,19.792902011036244,19.54214050281072,14.899101644286498,17.130229651583992,19.37947881470917,17.52997307858947,19.527741984169467,19.391006854006623,18.63413538256867,25.773834336550216,20.984540600884074,20.71516663802403
BH9_503,BH876,11.810000000000022,11.378595344862784,10.329472671852365,11.467269775420696,12.048743397434391,13.61418827030815,12.50960235668409,12.868070846054955,14.491134893856907,13.97894672638511,9.575291186086066,10.232597759230464,11.683236322553128,11.524086867746352,12.343118884877626,11.308313091504631,12.48837212857548,16.574037311011732,14.149847746588076,13.136525520130565
BH9_504,BH876,20.880000000000035,20.66904636368168,18.811852507022607,21.69279060833213,20.61513413826196,20.48585626791175,21.164835951550547,20.84557751718881,21.186611157812496,20.92908359142692,16.991307086157377,19.02211022395519,21.34311384042707,19.471708400191133,21.190077269149302,21.14690800588696,20.297645500819307,27.14812284487084,22.561745242912917,22.333299998596427
BH9_505,BH876,13.469999770881364,12.54938940661653,13.332426601858392,14.306238474299864,14.68651699669688,11.827844500324906,12.424779453793777,11.869437334278697,12.828188100869642,11.723206103259534,10.31182541114736,11.640868639876787,14.255125631353406,10.106493580826998,11.98470643213084,12.04422821578129,12.729040825226072,14.868536150973153,12.824482208938573,12.655520477224728
BH9_506,BH876,6.040000198671843,6.229048158164423,10.418693035622082,8.266667492105542,10.391322390121594,8.660741433788546,7.222344074336272,6.425419027663047,8.102171593840135,8.891449809996022,7.571166801818839,8.687113523450568,9.942772656734771,7.323956055926155,7.255391421548883,6.838673863216626,5.730698636548881,9.258729356985095,7.305702504531696,7.39375878979012
BH9_507,BH876,11.289999999999996,10.432861572119036,11.90178375340206,12.013607322203098,13.270832405441393,9.616934095279964,10.016087224102224,9.192848257979175,10.242690935279256,9.043952119678972,8.586607401754527,9.548566687020749,12.554704662770346,7.992207963069002,9.976820818860274,10.159801640186563,10.635004090515949,14.344944888492236,10.95700104919082,10.428913873717137
BH9_508,BH876,6.859999999999973,6.951597079661946,11.430971238911797,8.91777044385462,11.291508889886796,9.233381479447717,7.789467495890944,6.948152052556039,8.628894637653904,9.332348508646428,8.258202954086526,9.516961042880542,10.72215975478885,7.874172301548662,7.971322251603602,7.527967543549879,6.412656694849181,11.169151216825464,7.81380856136834,8.003153478091562
BH9_509,BH876,18.51000024418172,17.27425317882293,16.117264513675266,19.11828841279609,18.49062394390916,16.158136778544037,17.070636206374655,16.17647931979491,18.75760042241687,15.838095463319984,15.330241190015952,16.96194711014712,20.51365625538756,15.43546969642871,17.224064468993756,18.17529127156408,16.453448281066258,23.509268543279752,19.65493232683358,18.959642812593895
BH9_510,BH876,15.799999999999978,13.01474101996413,15.525275276115174,16.141803459896146,15.960924795316917,15.32280871688645,14.6590392353883,14.477484303809645,16.78293321542672,15.782735950009808,13.31483023214362,15.323004813609977,16.70644583462363,13.291375057552605,14.116793238552374,12.68106900667902,14.33262323588446,18.24923523646988,15.127504790146938,14.440281416555658
BH9_511,BH876,14.119999812001147,13.17250819691638,11.54701436962936,13.598987480799243,13.450360418601615,12.11096422481276,11.867953776442407,11.386532272934778,13.958492364854171,12.118942254748674,10.919262802371176,12.568394221307427,15.492095963721704,11.214671295922509,12.809727148688255,13.77139056322747,12.75780884084118,15.942515428607972,16.12726640578627,15.051460588359456
BH9_512,BH876,12.729999810953997,9.998426346510728,9.108907570627771,11.053359631719298,10.807632443752071,10.041168150270597,10.41882688340063,10.359757094802664,11.956014314414334,10.554988909161324,7.10776385637264,8.960078387633006,11.104940094724387,7.818357906573071,9.694660932765007,8.89856601843144,12.44586220211336,9.935946405203843,11.963565920757693,10.88515544449495
BH9_513,BH876,14.829999798992652,12.925594012050198,13.538777256729851,15.399131062624011,15.606248722075852,12.235468379451408,13.689386997379254,12.291001587309202,14.314772289566733,12.05572952303695,12.520949045877904,13.294086902630909,17.72452737106787,12.076962310167191,12.857039417754,13.768193904541311,12.464131312173864,15.319764776965558,13.973498816533823,13.86649880366086
BH9_514,BH876,20.50999969492469,16.56535315321845,18.0239078741158,20.637467388661765,19.923202909978283,17.13306059778529,19.3626908653863,18.472075140171203,19.546457328790712,17.637489861598596,15.773599725936862,16.816982444399784,20.201156223576344,15.70369203277511,16.762200678895045,15.861711092227209,18.98010229680279,18.964716060986493,18.16739091217001,17.28828728785123
BH9_515,BH876,13.199999999999983,11.601236584786117,11.0225204276138,13.27623814856026,13.463794078774065,10.33213174305739,11.094349303467668,10.851311934950912,12.68913614290966,10.126633497500556,10.521177380988425,11.14408545362735,15.879633578452024,10.720937240933209,11.390061511674164,12.772182441124292,11.849962668740885,10.032622014790356,13.005555244505043,12.404429780570046
BH9_516,BH876,18.89000000000003,15.241082071229476,15.507651798060216,18.514682719978985,17.780857704141642,15.229924764296904,16.767835086231035,17.0325771919274,17.921003975793436,15.708712108840274,13.773929905985012,14.66721229525368,18.356364526585367,14.34788558735614,15.295368543379528,14.86581258060512,18.365923962317567,13.677429217780496,17.196904992364907,15.824277231555522
BH9_517,BH876,10.100000301048471,9.593373750061184,9.74454040589978,10.28923996467464,12.230632666088493,9.81587342381762,9.965572209408712,9.557308019459349,10.463996144935004,9.68930162542686,7.028092743523896,8.295617265155386,10.586029041801432,7.522564561450633,10.137607194934036,10.053684579732137,9.905503325431129,13.505835807685456,11.001128245987156,11.256958472319925
BH9_518,BH876,8.710000000000024,8.952442915159587,7.505164602317811,6.70890810438051,9.557984349237598,10.239574095831555,8.113276879995576,8.55466258862078,10.099342420158914,11.325023041211733,6.527311129594501,8.598681123398197,9.09109960479447,7.954599061272728,9.829142425472618,9.7137544773274,8.38634077765895,15.315024496270313,10.392483625123052,10.160493217782257
BH9_519,BH876,11.339999809906848,10.524820700917276,11.85061901541446,12.301309058109688,13.263871693810778,9.9156662554901,10.397914188867327,9.753738753520578,10.912946605871674,9.780228689371256,8.593731014755534,9.97181762305662,12.60324358745302,8.15057535290626,10.278119430114629,10.40058242199902,10.680525163931229,13.928041445657916,11.306054624091011,10.817252964063123
BH9_520,BH876,5.159999737534321,5.261008682509598,9.63420372076784,7.1162892627911525,9.434360527575842,7.528651591627302,5.932352956382457,5.263972911818928,6.859273179454754,7.607842408713842,6.483619401804965,7.755017539546376,8.85727037297132,6.151666262007035,6.192205131750182,5.7346420404839415,4.793320243439389,8.601239976436993,6.038836836860902,6.320726455002859
BH9_521,BH876,3.4799999981071856,1.2042379949689406,1.1680733689103973,3.831186867548269,3.6947898394778975,1.573818861309418,2.375781114729036,3.180822619919541,3.8674085969179424,3.65071376225864,0.4214769039006736,1.378488402484484,2.6059402946528785,1.6907120791495016,2.393644991700117,1.9667270786429865,1.5880386339017611,-8.327170037965201,1.9565526044694712,2.03948288399498
BH9_522,BH876,35.559999922956465,33.85629199709973,35.08813563978966,36.30213655266091,36.547837887222286,34.76557481131864,34.557853989679224,32.67764195599615,34.38192442953123,34.83585568416699,32.794419900330745,34.71868567188949,37.43432278024967,34.533906220117004,35.30936605015832,35.14890629280732,31.0711101729928,29.722869063314302,34.94363611683807,35.06065169518691
BH9_523,BH876,10.130000000000017,10.0354224853474,8.507554699569274,10.146255906890802,10.23528029951247,10.57192821365256,11.03082244068565,10.657644188019992,11.47156520331137,10.527992008303295,6.77565867167757,8.94205349163953,9.52039709661026,7.6529778474635854,11.08419651400722,10.69411591723832,10.748499352131343,12.313078009333774,12.274685969653802,11.578684064150968
BH9_524,BH876,11.959999999999988,12.638549466871282,12.358783717621916,11.035204590488677,13.682606506760942,14.891552830768264,12.357792440916242,12.765752665237846,13.909417170671048,15.370862702118272,10.90837657989269,12.814968798031524,13.581436919415856,12.428188587252246,13.405306995332428,13.247415446083531,8.511984427014141,18.011205500605143,15.911411422151755,13.770542600934236
BH9_525,BH876,24.85000017221216,17.825773640172894,12.71254061477556,17.332534690112645,18.669882755748034,15.752759383047918,18.12928648111928,17.580894593916014,18.831108011701136,16.626505332099242,12.025447422029067,14.08835883894803,17.516131349080403,13.434419230871644,19.05144786063969,18.72799477640601,18.81912990565971,8.34392419399775,15.69325001285613,18.54236729891769
BH9_526,BH876,14.470000123762327,8.505216097223906,4.220822434610391,8.008875744349973,9.566580162334164,7.005120437342577,6.298418326516852,6.41701949953729,8.006995161148541,6.643412116719342,2.923306536975008,5.142224276591646,8.935300360316166,4.723114777744763,10.18852764341301,10.896356384647728,7.095975288986625,-0.4195212041175844,7.8399582158842875,11.06031024361598
BH9_527,BH876,25.19,17.701882373748298,12.83570327977919,17.1529209589483,18.43304047420277,15.745028466472576,18.11725461457835,17.48045881599436,18.822793699473788,16.614377958285203,12.109348199689904,14.220646495770175,17.42901320492574,13.41075867849336,18.74152231194113,18.43874415882228,18.85518516803605,7.354644816998681,15.84636376710157,17.919895741027013
BH9_528,BH876,14.87999999999999,8.560561930779599,4.004321123902277,7.938492650158607,9.332961083358745,6.915392857664253,6.28882627939939,6.211292777529077,8.028189795592596,6.414724634767511,2.680601497342697,4.870718873968872,8.875635002539674,4.324025723910727,10.222787652629638,10.856460963919355,6.87262129365845,-0.5414869535809317,8.343152562963516,10.771432143711042
BH9_529,BH876,25.68000005094711,18.756710676772567,13.7305588354986,18.24986719573719,19.402051522788675,16.71163778518569,19.09391086196733,18.53572706592389,19.77802853049609,17.57470107534492,13.141767574587512,15.141669761280047,18.43428727283201,14.49427413546268,19.786780091352224,19.452943921691045,20.00537662105227,9.424496348627349,17.466952639343205,19.574136799524418
BH9_530,BH876,14.580000024527148,8.647525331279109,4.557699703605957,8.321589756858272,9.643012071201522,7.241026349108521,6.621646762309019,6.600871115918613,8.192653000717593,6.913262149234875,3.3444809813688745,5.448039450062417,9.182535202538975,5.290821092292846,10.233879572924694,10.938917591453606,7.609942664778635,-1.2480562657080794,8.401381787105802,10.924513352117913
BH9_531,BH876,12.230000262022989,9.383851348708664,11.180265704567194,11.253003590691415,12.260721117837234,10.043207556145315,10.553103870661204,9.036097583582103,11.15666607724986,9.97384592186002,9.363719840758616,9.623688418937194,11.948975164072907,9.658221896901107,9.221726306762656,8.332644842251634,11.005478989117004,11.514323986700862,5.812171207312944,7.761709220260313
BH9_532,BH876,7.139999833829535,6.53214025417762,9.66671937917581,10.98416698581734,10.369856295032076,7.272759503202243,7.020147657861505,6.211664827928145,8.2807173665032,6.613331069518355,7.540536558262879,8.482340113798298,11.632346433662107,7.899777198151165,7.318973630816,7.306419613356621,7.18699257255104,8.109694693308176,5.061422582815618,6.848130211910821
BH9_533,BH876,21.30000023725464,19.873109330713632,18.13602154038231,19.59364058181766,19.91239864016586,21.56239897141678,21.22994325980909,20.48643069008056,22.10014553700288,22.28654013538711,16.934353887032255,18.381647197306,20.00222342107533,19.428130879273542,20.924164732939225,20.17998543441848,18.241920261987623,23.777792825131584,21.909687473145212,21.57839568702125
BH9_534,BH876,19.970000182079207,19.157204165817475,15.864459207126488,19.33886740553809,18.52959824356597,18.899041685375995,19.93205411944077,19.653576521764176,19.8293167623049,19.172605381844456,14.598819723923778,16.619478355320005,18.948950588650685,17.40074202051455,20.092080895232225,20.14238845528313,21.04926259322421,24.70766323372756,20.801070882193095,21.063976455968493
BH9_535,BH876,21.56999999999998,20.01528239519055,20.542647569592543,20.86725464374418,22.15286700052444,22.395474274130244,21.982473077884706,20.85263994805674,22.7850113223194,22.615286826784025,18.979169499637685,19.90895016186569,21.72591608046847,20.90874770367665,21.138165732194103,20.473501861416505,18.3996380678213,24.668777421953454,22.184919044782795,21.73169326223779
BH9_536,BH876,19.910000236207487,19.043083912338616,15.711519209612703,19.22242480232985,18.41261729992313,18.77166353727779,19.81409037038058,19.53927774180177,19.72258505640019,18.99479009293253,14.44293093377035,16.487761669401056,18.84211873223009,17.250020833691792,20.00063557115806,20.046724698722645,21.225004171667184,24.60814114193333,20.692141818328874,20.884529216714057
BH9_537,BH876,6.679999999999978,5.132472716697588,7.093359250878958,8.61522045329305,7.5899597692759295,5.430787018337782,5.3943762203869445,4.580803410137107,6.491931894373959,4.659077624176089,5.30351209554434,6.046431794317317,9.474300062303032,5.711296868189102,5.549315086617715,5.519488055308514,6.123748578191332,6.4568473654790175,4.604250041706864,5.464276658159728
BH9_538,BH876,17.920000148933653,16.011108547741696,18.468429561257103,18.09068649093595,18.72770806733815,17.410451160849366,18.18433111031652,16.874226870456255,18.43787938805488,17.697316614909887,16.395667688773358,16.87080870089628,18.956726497771623,16.493369783718947,16.216380890154536,15.14591925546004,16.437180776308555,14.056113673677316,14.046874772317418,15.092576892922285
BH9_539,BH876,13.2399999783731,12.013372759095471,14.654962620023635,14.483781926107437,15.78185555423626,11.424042153752374,12.192342037961028,11.399036089471563,12.247198414166714,10.540927990613843,11.297721861081534,12.031748056390418,14.797147230773923,10.45114393510939,11.52989678964501,11.787990683334314,12.817100553190713,14.399361888219621,11.819374874422364,12.330486684557783
BH9_540,BH876,3.2800001785347828,3.145270568608985,7.920156133017016,5.032576345986763,7.698319360256945,5.092396259367307,4.11587963275088,3.1453112940140056,4.258770568107685,4.50975572070598,4.616934338932991,5.242057331688277,6.983011019687669,4.362371315536821,3.7686651493131778,3.4984387364791822,2.219870988087998,2.6491365444386026,2.9826772781591444,3.8152408784986482
BH9_541,BH876,23.68999996367328,16.134475216104484,11.43851729137474,15.45611419404827,17.11010008888561,14.197640304292934,16.457458609398888,15.762315662218262,17.126470054045228,14.89730470804803,10.505800010247633,12.680559155254928,15.953313230908508,11.757613137939147,17.24389941602431,16.951247257866317,16.472977222995656,4.283842147712235,13.31150865614674,15.94047490263925
BH9_542,BH876,15.220000074668311,8.969659829874033,4.459098386927776,8.273455136620036,9.985642535261348,7.246234677808544,6.704196574870771,6.599950559481899,8.474716626764629,6.558764853663979,2.9261128848296383,5.233509774102126,9.260926070539762,4.326679015790359,10.725755007686423,11.31949236103653,6.428407983837274,-2.394026087051296,7.4935567103787655,10.822428197032728
BH9_543,BH876,18.430000000000003,18.79901140412564,21.187085366757938,20.64950935824093,21.09169790260049,19.213185478295767,18.10904729265496,17.484440928386515,18.29620626040728,18.588968232631995,18.42925307802433,19.37293702842473,21.54206044809752,19.04803339333576,19.0710476797851,18.93393755000979,18.51849584648468,22.744222191965434,19.86178635155352,19.013659411848792
BH9_544,BH876,18.659999999999982,17.748701671419607,17.416634011711704,18.43103074969025,19.76291603158529,19.556131956094912,18.50092513944941,18.66322293472445,20.24865812598294,19.569725003468484,16.54149982370724,16.298316559211205,18.29646322545896,18.413449879477493,18.643073605579666,17.608995723203307,18.739814628386178,23.351870807617548,19.580397935013394,19.01968190307899
BH9_545,BH876,12.149999999999988,12.156512815754152,15.90780950699074,15.015780504845754,15.719361446518404,12.900829225178782,11.694377125790098,11.133574293415307,12.37530484975612,12.263778469466589,13.034061220838003,13.292388045992013,16.429196147391284,13.229496097230228,12.31132498785287,12.164627203479965,12.37251235725832,13.436739813443085,11.874545851960267,12.206653980310803
BH9_546,BH876,16.10000000000003,15.600187545465545,14.674851595701291,15.89049482617845,17.263226707748025,18.06071412840716,16.926645811567347,17.822809599128682,18.88695146035775,19.71270705318617,14.27594294443876,15.06279978972608,15.742430200799054,16.035841206000534,16.97747878532318,16.073148338678667,16.283909054602336,21.441803184499378,18.618113433052788,17.180433800859408
BH9_547,BH876,13.679999999999968,12.533203238971431,10.65023813293118,12.21140684255815,12.4058791821743,14.516528068747574,13.433391495651838,14.156817989106631,15.479858274002751,15.855067523783951,9.978895427851084,11.245358203480542,12.25857447065029,12.220492865993862,13.948004673522926,13.02805175093238,14.952542022136132,18.944231331402033,16.115946877123893,14.909906029721373
BH9_548,BH876,18.760000000000023,18.597537000042355,15.893875345264956,19.216857475446737,17.904599874222612,18.554513883731893,19.04562877699272,18.99559888994384,19.195328943218467,19.104725673984376,14.243689898750691,16.39962332020332,18.69124449578156,16.97890994622663,19.36118239550544,19.17657362632401,17.9950421105766,23.776621336480563,21.222719991451928,20.372515673944616
BH9_549,BH876,22.680000247323168,14.9173462940424,10.259240619327633,14.032499577162833,15.940091543509668,13.03025305407308,15.040350450088496,14.31875590772314,15.786295999559435,13.441171420869413,9.160745375303955,11.444473548526066,14.808051525580264,10.29611062864926,15.949479712700768,15.651443397778351,13.928324318497438,3.197662809726061,11.620622627654372,14.158146767425992
BH9_550,BH876,15.830000000000007,9.326905742539097,4.836408538610876,8.496951546413907,10.525858413332328,7.566032331008975,7.1185915323227045,6.930341262870792,8.949608203762914,6.713407660920455,3.1106821210469096,5.590949022488928,9.524336600946198,4.19400242877134,11.02645058218599,11.580848362756988,5.6772967218552335,-1.7164617560241813,7.453111526706421,10.522106091818024
BH9_551,BH876,7.330000000000009,5.735336881595908,7.5021913996322915,9.55694174228614,8.175601246447963,5.54176206879123,6.436427489188918,5.8109977069360905,7.106326483166127,5.940504994742249,5.780299880732371,7.02702641670121,9.789728304307674,6.234587309164228,6.262031185587084,6.253610008470741,7.939685333516676,7.220814709965513,4.571499866528584,6.783757393343907
BH9_552,BH876,22.37999989045509,18.738607028352533,19.99864824862528,20.6637550155572,21.21178275906836,19.96377466055624,20.997420816485736,19.061935300980508,21.100667773983933,20.645301216915296,18.31138540074725,18.89373138650173,21.05003710929036,19.60080874809088,18.96684471154748,17.978454852726955,17.39248795790512,18.63943135874756,16.784552999369616,17.992200560939573
BH9_553,BH876,11.459999701650288,11.09455625627208,14.03092584613075,14.136498730395584,15.161885418245266,10.594468353935277,11.817700872398758,11.401497118897584,12.11464626222316,10.849415036604354,10.672740434421804,12.045801946813372,14.232584800753363,9.601174131471772,10.866353462620152,11.026480263441188,14.591223074728486,13.432960711007317,10.688401373190539,11.552395408372863
BH9_554,BH876,6.319999999999991,5.378872532062174,9.652776495189114,7.532204487619611,9.999092636047386,7.389589217091674,6.414323405201122,4.969444688608346,6.775557391535297,7.3342888779911055,6.370168826510067,7.435533892019112,9.162852865842977,6.9746440593587,5.959199882457086,5.736955228536337,3.9912844013116375,4.535036930923664,4.667699481386508,5.5252513742838
BH9_555,BH876,5.599999968103082,1.0627735141016217,9.706850680760631,7.974399118671088,9.95889456747575,4.238926898869724,4.2387938668412986,2.272353371708538,4.493525062710174,4.19243070580541,6.012939542884227,5.5410301418049706,9.001972928140134,5.158183034846951,1.986928930420928,1.6062478606016872,0.9846866768616244,7.441156127958443,2.261258311005796,3.0369146504720765
BH9_556,BH876,11.329999999999975,9.960042344930129,18.47546099317451,16.533190594281418,17.954513107309687,10.690320426159133,10.696194918820336,10.088177144097248,12.140328781697177,9.316725342597085,14.49271690805486,14.795476863234711,18.589741512597453,11.331899352212517,10.4536318219565,11.313757928421266,12.586118737770532,13.856941267122583,10.31888968660966,10.923817928183873
BH9_557,BH876,5.930000297907021,1.7009669644666738,8.73063676483763,7.605021565408111,9.239837234101469,4.472454549554496,4.359611591656691,2.634742352065086,4.803167353552978,4.712717071237184,5.44169419982839,5.315893422221655,8.437484418859887,5.061368614789871,2.538597546628412,2.04099320143334,1.5595527157865132,8.37666540762102,2.7314348207947075,3.7037700702851195
BH9_558,BH876,11.610000000000008,10.825205407400542,17.814420111155343,16.390597286709504,17.485333560590245,11.18652981781394,11.034052357521594,10.694380161422798,12.678550246367694,10.126267847651835,14.2264427380927,14.915498090301298,18.31004673483933,11.470060373424936,11.2064784067249,11.989348056925555,13.021558333053216,14.788322414725624,11.055382390785885,11.844386455559095
BH9_559,BH876,12.579999999999986,8.509478016027861,7.376301327465711,10.142769652541684,9.90595968792762,9.882847509965478,9.446681989851069,8.86909271423869,10.575156687110695,10.96905216512464,6.165333105205339,7.444569714728415,10.022456884560476,8.361058785020909,9.420280846472355,8.343820032943746,7.2676897544304815,14.136411659691431,8.481248348705025,9.40650784157617
BH9_560,BH876,18.270000000000028,17.63381083635877,16.460008054909316,18.928475770302512,18.1515479445809,16.596872577462843,16.12123093835379,16.928803126516552,18.450623728940585,16.38262113926427,14.95014313938982,17.044327432433835,19.89509217991897,14.769937729657286,18.08826574769507,18.292212413512303,18.72981408958402,20.548070182546983,16.86122234850548,17.5607895325389
BH9_561,BH876,12.729999810953997,9.887481541947324,8.915045421234556,11.43352677120332,11.45334872872538,8.609530385649204,9.813059043823223,8.860679192696207,10.231312557120788,7.92915512087813,8.277476405517437,8.948697624842476,13.614270223081226,8.278981675301477,10.176317375749992,11.04476871328398,10.614143050092231,16.638419623922108,11.625858987816445,11.873318998885688
BH9_562,BH876,18.6500001178824,13.932883452155034,16.23352821404806,16.9933727218255,17.044107302034156,15.86595581725009,15.93389595420061,15.079826318128372,16.942162552197267,16.041737849882885,14.41751234476506,15.2074798173932,17.811641561976057,14.916778084158825,14.591461359532188,13.397492180678842,12.459562088711516,18.26232909127857,14.592328695712169,14.281670906055789
BH9_563,BH876,11.990000000000016,7.636094705047058,9.9793242678277,10.88537446702338,11.607497560554345,7.643209721237785,10.118193432252731,7.89126729110982,9.03387318801951,6.798703203999113,8.424888232903042,8.011593864296142,12.656161084883616,8.782092416201348,8.232631754746683,8.276605171385198,11.201083469981077,12.957785973667894,8.60918300815837,7.403020915466323
BH9_564,BH876,-0.3399996932730854,-2.70145846900334,0.0555192144589004,1.5440422190095804,1.351149948250545,-2.6895369813244976,-0.9374581150764484,-2.333020548413162,-1.0458530349630468,-3.5239865924423657,-1.3103511647773618,-1.5522109490625713,3.221824967460659,-1.2495997135534311,-1.8492588738565725,-1.5610849371063669,-0.083252584885832,1.7056548219702492,-1.6422054533696138,-2.1820777967001317
BH9_565,BH876,4.820000044261236,0.2505420681788501,8.906538212505353,7.109099824093259,9.340643807345172,3.293922731294662,3.4395792263579263,1.4018512076911092,3.488636850336747,3.181810319784132,5.161844991881178,4.70272743419107,8.165698142906404,4.268933209526767,1.2537516299898732,0.91162932316425,0.0240471031152137,5.519048698374688,1.5622731233220934,2.138195735632895
BH9_566,BH876,9.919999835923836,8.45851571262449,16.772891557746153,14.876560876536614,16.603926850722537,8.951127718007621,9.152198194248044,8.48233979997554,10.439782499598886,7.510397968495208,12.805993216308057,13.0198051469461,16.948911855813957,9.710883056658014,9.050869282177466,9.962822713981788,10.90433738985382,12.49835379043462,9.324351532861566,9.483351925273197
BH9_567,BH876,12.350000000000003,9.060568005847465,12.38834763421251,11.6849832462233,13.411319414701142,10.234616771048936,10.757568294663011,9.186173314180008,11.122043116425312,9.7316349832842,10.231722697213206,10.160211090104337,12.66914839745778,10.300105730478569,9.346145684883291,8.572008958540403,11.097631448001158,11.727664128268795,6.234888017327921,8.50295462034221
BH9_568,BH876,7.340000280911412,5.712674878992228,10.443927638883402,11.128125440366368,10.799692378183726,6.298538494594421,7.017955892678335,5.76460273134224,7.329679318905297,5.686107571099954,7.609145808655508,8.497290526999649,11.833109806831922,7.661529546525663,6.608720318134351,6.83315937266458,6.955833704772469,7.030911929841474,4.114028980079022,6.960153306014704
BH9_569,BH876,19.940000000000023,18.794076230350143,22.52476802038786,22.25087431667417,22.19392620042192,19.73811597860495,20.22726777129209,19.18204833268963,19.73004840308309,20.719749693967213,18.92518448313971,21.506610429864867,21.610142214011592,18.325810212014225,19.50270893690993,18.98661872739972,18.39083850556629,20.655639953596097,20.83596091894989,20.858780445898795
BH9_570,BH876,2.7100000652439595,1.2656661523943489,4.295793313339341,3.5620752252411543,3.8574153202697614,2.039399515582726,2.075822675503551,1.4480611309431106,2.119587194300009,2.215579828515004,0.7703416117939367,2.0451648843875243,3.73819197155097,1.2682696264270326,1.20968709895481,0.723772000184194,1.958937460892875,3.9141183364108874,1.251258499277351,1.603683235410939
BH9_571,BH876,6.939999999999991,1.5630913359109109,12.285166941613248,9.829731845109064,11.88460059867559,5.286604166426852,5.566207014056137,3.095402076952225,5.445557963801328,5.1122817835296654,8.076601712302622,7.135626155465235,11.011598123240594,6.4920250167653215,2.61878654316586,2.3106087337270727,4.183311258712116,6.334872994964556,2.6272581268039388,4.331574361259646
BH9_572,BH876,12.939999999999973,10.557598846630183,20.77465620815616,18.12442761260915,19.88222792183912,11.602543498700872,11.844487055506685,10.728920290873988,12.965893674408516,10.07980723437653,16.43196948831842,16.204894831160765,20.503725227702187,12.69795616513868,11.118807740435958,12.11586388147106,15.436484408753104,13.388295590705788,11.177008796037017,12.35702971929338
BH9_573,BH876,12.910000000000004,12.283063278905749,11.496657173593896,12.366394780049458,13.10426334127762,14.472646331193957,13.250833490175042,14.0631478929218,15.24792305398457,15.421061138277103,10.50765260647293,11.556138859377835,12.805967739414612,12.352808635171431,13.620621434717057,12.77947924672772,13.558480418337425,19.75342120962656,16.1315009638017,14.474334254587747
BH9_574,BH876,18.25000000000001,17.823796545950632,15.48586717918436,18.80891745695193,17.620546666568366,18.059521860388053,18.51553142644901,18.60800881541269,19.186902181212723,18.6973181600265,13.904246116074768,16.338595639319493,18.42464552700468,16.544216939780846,18.744373777720647,18.57496473127191,17.562399322587122,24.258784646167282,20.79836650615649,20.26826458525302
BH9_575,BH876,14.379999999999985,9.228176853092911,8.920566751628174,12.138479762259456,12.172712412109796,7.607234603087298,9.97258694963292,8.87639108867055,11.993125914968118,6.577198132727658,8.566960707662023,9.179073609279676,13.924046487224546,8.079172179336469,9.873165038840137,10.874666331612376,12.744060915212524,5.554909943333315,11.513855764920148,11.74717444195161
BH9_576,BH876,12.669999865082277,6.322501826330464,7.261681639227579,10.077199869804849,9.75221346622836,6.769452979401607,6.541276792126828,5.493179155845726,8.515808268865591,5.003989900861058,4.978574512148778,5.977258099165147,11.203759219949005,5.660193249609268,7.625420831694073,7.864734245275564,6.188538950807159,-2.8163336380183934,7.862732549419386,9.86974020702665
BH9_577,BH876,12.420000090616773,10.467487419306822,14.840966217294689,14.039068220904037,14.639631936071837,12.096500131411558,12.070556191515834,10.870339277321852,12.489778453892532,11.790160485597127,12.092994173252178,12.569286728024856,14.464455324558369,11.997397999517798,10.749841519527926,10.292028993279729,11.346863369263051,14.35106684163432,10.791696535289658,11.30521556258872
BH9_578,BH876,2.7100000652439595,1.1620667854928577,7.34744480229353,5.48989157099247,5.749112785372423,3.0493697389651864,2.1451598368571427,0.8671899180030176,2.3071520351111845,3.160452030837867,3.843151967138052,4.9816933596983,6.848873025714644,3.326998441906636,1.4659988030076945,1.0579068644064915,-0.7733156991971059,0.5577981929456297,1.2473063782229081,1.9399520259294956
BH9_579,BH876,5.019999863833639,0.5830908394347482,8.958376519180241,7.430713301503125,9.255242215252483,3.508267417406566,3.5902117460880065,1.73027579847843,3.942437959432163,3.598442034857822,5.331502406606987,4.826967281973428,8.450706671018414,4.570572244708999,1.43944028022649,1.000903778306382,0.4092327294150137,7.298619637059978,1.5674406713693767,2.4517426750367415
BH9_580,BH876,10.6599997958512,9.351669211590345,17.62094024050739,15.845194289762713,17.119110560223437,9.844506681182946,9.925489100519814,9.477411819056218,11.510826525787463,8.596886383455331,13.715174373925802,13.99673385890661,17.952574667790152,10.616372701650985,9.76376058183324,10.593380315307511,11.658735476744368,13.637798368588678,9.658158789668237,10.178232974750376
BH9_581,BH876,6.679999999999978,1.5044821391400405,11.411099331653762,9.290590263203883,11.270801014444938,4.873338977040778,5.226430274957258,2.9375171165901373,5.188547402575511,4.8433595236978135,7.367854296997026,6.67039107078932,10.4055809742032,6.040341312875039,2.3864239891493373,2.042700152616287,1.8490557897612496,6.438672824485521,2.689677319331415,4.118160006578983
BH9_582,BH876,12.219999999999995,10.222015878678128,19.85558706995079,17.524748811203224,19.06054737560044,11.035450636769824,11.349539146197335,10.403425165446285,12.564395228974792,9.66913685943404,15.621137012068216,15.6278371189024,19.72809465234449,12.102961973042586,10.623605689623677,11.571813481266272,12.98617412043536,12.985830597262314,10.698031086571614,11.770292470619337
BH9_583,BH876,11.909999999999997,11.433968663413744,10.194636824632475,11.390501709623358,11.807141268482525,13.26729475796066,12.32014519827567,12.879376244977053,14.04712299518252,14.59879845135642,9.26757823575763,10.266376594227289,11.444886763496534,11.191528370053788,12.796851783786774,12.006728877114814,12.816467366622444,17.848760314518213,14.9948710750474,13.546754333092276
BH9_584,BH876,18.999999802134106,18.830777188723623,16.219518563003213,19.645758632232543,18.267484335984943,18.8777440138388,19.386789864826767,19.370690293536384,19.71648698203803,19.50473980861051,14.595482314803013,16.972397401888323,19.05619333829552,17.27260740968389,19.501931264495948,19.34200658450772,18.365623637504644,25.47509208145481,21.49019796909101,20.660098592454666
BH9_585,BH876,25.05999999999999,23.076692472252496,20.740279231154968,22.9070725825852,22.491993012349656,22.393930600794423,23.305912395980272,23.55319179138612,23.272329218451425,22.661935881119817,18.61299331142132,19.720174917964403,22.18961044121815,21.048043700012144,23.35367778972489,22.9369362604953,23.59333509858196,25.058553479265345,23.567587424646383,24.686016437015734
BH9_586,BH876,34.50000025171325,34.485293061174445,34.64254574310313,35.92391406499949,35.24729149523596,34.28265607025592,34.6951340490743,34.94238213176037,35.056203502466495,34.462662057485616,32.18775352994445,33.85468400402746,35.271495727940334,32.58556441605339,34.85698995229942,34.335209486684064,34.06998855635439,32.77720752804226,34.775684697225635,34.75427293358562
BH9_587,BH876,12.43000000000002,10.95271702672922,11.844960888028895,12.925745932049589,12.558798409208608,11.286033995113383,11.518955660008316,11.468650861012698,12.140156844100437,11.351648582059356,9.256821782110896,10.094493528915374,12.937333208228464,10.323181261839803,11.31844774605459,10.845312505233371,11.69275460965832,12.278939326127002,11.212898138282409,11.870818140801356
BH9_588,BH876,20.690000160049333,20.22868506417594,23.09476123111168,23.54004345987873,22.852114173426447,21.019038517823223,21.082493781860848,21.05885236246928,21.51834234701735,21.257565536622813,20.242244226182248,21.4343370889569,23.37769220073412,19.749460220387885,20.984794008090773,20.54126077366051,19.81434449294285,19.934820708290687,21.725813528110578,21.31435362701119
BH9_589,BH876,14.370000213976123,14.531209092112766,16.671021230505602,16.266632037086797,16.797145614664533,15.614060964188957,14.30748276288208,13.920491395114984,14.63804170166518,15.323115004153436,14.172690339308012,15.421977239450802,17.212223302480734,14.88645092764818,15.176154858247244,15.006500204576726,14.362174750394397,19.568675766438822,16.348615646961765,15.200149605245532
BH9_590,BH876,17.60999999999999,16.555831700954986,19.896267128652863,18.981347271279283,21.427713287174065,19.01702601668622,18.11749137391024,17.759037693777564,19.29467272908753,18.499312753785944,18.271967389114646,17.332698469922807,19.773869836836383,18.99318511188815,17.647808752972136,16.8897466230784,17.708470852992605,19.865538913561426,18.70590582382708,17.71952160890742
BH9_591,BH876,3.460000016149946,-0.4004814409690188,7.225941711651888,5.973470828437339,7.827347042600392,0.1185804652484384,1.1581631118471871,0.4081350484242655,3.246745564959636,-0.744681368813343,4.560504545482312,4.888711013936108,8.3367987038684,1.615592668355068,0.7747565174448502,1.9249930549990344,0.2937905123688672,-2.6083462927957437,3.288192673096274,2.2694411717968936
BH9_592,BH876,3.340000124406504,-1.0951995014908456,6.815860191550485,7.008340439512404,7.8332832822257075,0.7403356774887828,0.1134165016268441,-0.9559609849610504,1.747005326580832,-0.1838091338114098,3.241601116811845,3.45451432841156,7.824491560652901,1.359766971028639,0.6300833297441455,1.670601341768109,-4.170552908714979,-2.5218787846683663,3.93630384384523,3.9025396219288635
BH9_593,BH876,12.910000000000004,8.732221100746147,10.004678850901469,10.799301314256052,12.178328559156006,9.40233840535767,11.127663028595558,9.720225543271548,11.121312632745518,9.998171954124372,8.78677627241503,8.55996774205738,11.509404275552724,9.37362470135806,8.625118097502847,7.736176253835721,11.429985076361389,15.0913845150965,7.916304280259485,6.819037027402803
BH9_594,BH876,5.360000184616199,2.643751003530542,5.406829836143818,6.836146129546944,7.057621331333752,2.8221799339310167,3.9008104242361417,2.9726012967446183,4.096323990311775,2.3265624718883355,3.535154943328576,3.7371440934615294,8.33438436126704,4.178980228489133,3.418592736766791,3.4909482186594487,4.594102682169453,4.818990335529841,4.01885044903273,3.0152676006946524
BH9_595,BH876,3.549999934957527,-1.3898229806095717,6.12774635445186,6.245286158000504,7.250776214830524,0.3496796543396488,-0.2623752652952541,-1.4848030656585465,1.1546238328305418,-0.6431158229328414,2.655294165817607,2.883499720417816,7.1543917635917085,1.0478993432798096,0.3551157062165525,1.395504200363528,-4.0489546900770375,-2.6086072145455765,3.235126400586671,3.744772480646403
BH9_596,BH876,5.230000301894136,1.5185520938782,8.58832370295091,7.525217671557046,9.235436321992124,1.938841122315303,2.861759152690617,2.225213291212135,4.994200000051363,0.9154935892250652,6.207270567377421,6.54121491967642,9.833806389539582,3.3371929607695097,2.677377228174976,3.7592834434155766,2.535683222021954,-0.9149054895924665,4.994725328773347,4.491646327845389
BH9_597,BH876,3.619999871807868,-0.2587620030091612,8.781522198251617,7.051773319563395,9.235005662214476,0.569866453688099,1.6695877257545224,0.7660768691558701,3.522984522541635,-0.7852178533893818,5.820321807523858,5.645375868436341,9.536967676481735,2.4609876768922594,1.1335946726183923,2.353602733649034,0.8907992371929991,-2.4131703898968087,3.3920004417377267,2.5515152920855333
BH9_598,BH876,2.750000029158441,-1.946558422129001,7.562894846354077,6.83881593136439,8.27701311530686,0.2572161333599041,-0.3725763456085961,-1.693486549506836,0.9243760485571724,-1.1525623387275163,3.571377676802665,3.3628560274058645,8.054608446521637,1.247748937057826,-0.128619738368282,1.0100573217180429,-4.812662286723254,-3.129991423678709,3.3230675840764183,3.3257971912525397
BH9_599,BH876,11.969999869069392,11.446530775559856,10.072478865080733,11.43387591748128,11.788406282865504,13.402234395298509,12.475818187913148,13.031631692432546,14.278144373208436,14.810039726659827,9.2291631725547,10.311668282753136,11.470235698937753,11.25844566655276,12.846629412055254,12.055127239520989,12.818418026253235,18.010881635152675,15.165410814656939,13.631469031983341
BH9_600,BH876,19.19000000000002,18.966132174513053,16.193385993728374,19.75499497943854,18.3497011919454,19.129626316718323,19.61787876282863,19.63874376652204,20.05348605057574,19.81156326428508,14.667862897130217,17.17260097375539,19.192496428153063,17.437829022614658,19.66944215752111,19.499380375714725,18.46644458888153,26.045066186743956,22.016409911310216,20.888956746750686
BH9_601,BH876,5.159999737534321,1.734411964404591,4.228557681283477,5.969051090939668,5.361033253491264,1.7047110624677548,3.627292724096664,2.388821012626001,3.2959940144704944,2.119982964481132,2.793005449732181,3.2942156526299216,6.900284563133046,3.468243044006768,2.640736949989372,2.7470766507834887,3.829754964963004,2.692727650368489,2.446595840700373,3.6665923950622377
BH9_602,BH876,19.310000000000013,16.366557085001908,18.077098840043984,18.80560715618919,19.31295597062466,17.085181624974755,18.784296118720263,17.012526130754317,19.35443058177038,17.36384414961391,16.614440960308492,16.79386869746653,18.619640079997072,16.341871051145606,16.637075477988247,15.242674564746224,18.03213094888584,12.20460652964426,15.811699040944946,14.802631742102454
BH9_603,BH876,16.880000000000003,14.6975730233445,17.952776474835872,18.70822044694504,18.96531716525218,14.057856293789053,15.568938201124949,14.39963535285269,16.077441570202396,13.870262399296855,16.41347904321829,17.027924648433487,20.704439843273708,15.597058470069204,14.73767633813154,15.85082179474583,14.551101020071425,18.521142480222593,16.093604937522205,14.64111516364582
BH9_604,BH876,8.080000000000014,4.672034063250365,8.753107439857065,8.506908804035362,9.059636781791164,6.612312056916157,6.733938264920107,5.645456252363147,8.38211693613526,6.462832711300407,6.262755519831808,6.892782499129117,8.959038290692899,5.975047572139367,5.14333798044931,3.743491414540531,6.069094790288808,4.771218639596041,5.555347489058176,3.1692332584414684
BH9_605,BH876,11.570000229924585,10.808852196766445,12.01677097396176,11.47136258046202,13.045134817850444,13.191974795821745,12.327413640551072,12.1286869748725,13.127617737939085,13.163567253674158,10.571742219913776,10.331512830644884,12.3755214660757,11.765789837424428,12.022204452977151,11.313751402348949,12.131560574252289,15.13527438531178,13.374633780933943,12.651431781766547
BH9_606,BH876,19.48,18.913831832740275,18.470024502131228,20.333680451393924,20.072948696145453,19.27965755689418,20.087179293250923,18.986841367668067,19.423257326940192,19.08279365315096,16.386067295853884,17.827386339373763,20.210022304913167,18.39264499106961,19.35909310262005,19.27801793735072,18.42607604028753,25.69156439603285,20.973364387428084,20.27710238023716
BH9_607,BH876,30.000000000000032,28.184149837488164,30.42933882607629,30.891560987015765,30.83671992192213,28.422821999242224,29.434821023480293,28.28537508517677,29.361611438493323,29.52621068746061,27.40151575446388,29.84776555567025,30.2480313843171,27.540319782706785,28.734382335583984,28.21319204275472,26.72021865700906,30.04231234154359,28.356890796814003,29.029843079298516
BH9_608,BH876,12.729999810953997,11.31457080420103,11.737182621712234,12.248259783745516,12.44068016728751,11.396237208943507,11.826312498623912,11.241314658018378,12.3659457970962,11.682710406795996,9.089219398194617,10.448060918321476,12.323350767701877,10.21987582041366,11.139591732592706,10.440626123267393,11.558838884024809,12.352798081809338,9.825330512551199,10.923661458516005
BH9_609,BH876,14.370000213976123,12.076647551469218,14.310868050947354,14.931337370689352,15.709907200515142,10.983373625618391,12.45934706813322,11.373545462377152,12.907049663807106,10.46919179777094,13.063600350888152,13.48976424855237,17.575693230597366,12.288780016347618,11.94410506311217,12.938284198873845,11.901523657613447,16.540031422772746,13.277756077555066,11.513875521361038
BH9_610,BH876,7.109999999999975,3.151739689301469,6.216950465748263,6.28592335781645,7.352060950301815,4.53617813668772,4.864814700088137,3.924580169349186,6.339037956039316,4.354171649205121,4.05867455141127,4.604785755473095,7.009791555198714,3.7681552357344863,3.713670658277544,2.3368802337068275,4.35629091376908,4.226316591872014,3.4266825709677766,1.9733297941906736
BH9_611,BH876,2.35999975348278,-4.402050935820578,4.898800487746691,2.8580686439562384,5.4265709077047,-3.7299665145387375,-2.271714504334821,-3.1676164320227147,-0.7697688211253741,-4.844062522525021,1.994158153269584,1.5045234294117582,5.683372319973182,-1.2750316685974548,-2.972226736334198,-1.687386027983482,-4.603674621302331,-6.518023644872134,0.03538924795762055,-1.3692827067344007
BH9_612,BH876,5.2700002658086165,-1.7462891499443396,7.924686437659726,7.468018425901087,8.721070884823929,0.0729417013431039,0.1332810042301137,-1.1104896483027464,1.1716093220228894,-1.1019890911499948,3.910899458701997,3.5346982419334667,8.409905126418602,1.2868418354465616,0.1424409482991323,1.239018711440859,-5.134969507186459,-2.9561633203380326,3.2670809646992027,3.516345918972311
BH9_613,BH876,13.850000000000014,13.669370512211792,20.31095086596413,17.9716113598535,19.51724588416821,15.173430086546276,14.444117365998796,13.015028984002,14.115130463933044,14.073253870142628,16.936493443315854,16.61663209786398,19.489108798597343,16.24154100795152,13.98921560508334,14.088362478550096,13.752933934544918,15.466195574167202,14.55755190828637,13.734692326472153
BH9_614,BH876,18.380000000000013,17.373190526784278,18.84696185035478,18.315900770701138,20.87909154317013,20.52227691771421,19.160876790578296,19.393374886527585,20.2700380640268,20.662171307187187,17.946938377588953,17.49222298715654,19.056929595165503,19.22439693902288,18.888210495292327,18.16770825873098,18.37365494794961,18.561476738442735,19.683877566456726,18.986628913076597
BH9_615,BH876,12.930000258035871,8.334446421982568,11.037041687158458,11.593744560916768,13.090169478474452,9.736280122123349,11.282054079016834,10.262231517650251,11.867848229320074,10.389577851047816,9.715939779074391,9.640884751401613,12.423746510428826,10.151407947958475,8.739621445494928,7.882184530728103,11.18353965050787,14.397301299828406,7.053589717109262,6.8932029686286
BH9_616,BH876,5.400000148530679,1.749492397624313,6.007794341711628,7.339018918834562,7.248261658827447,1.98994549393778,3.848078669553896,2.915579761804252,3.9256232783171816,2.0318336966020394,3.6640672266445584,4.294152438861548,8.729043392774106,4.075865110685497,2.697754155153022,2.923726717326852,4.023664788163799,2.832733277815628,1.7933728486859208,2.470345418168768
BH9_617,BH876,13.540000000000015,12.723258915843116,14.472485437818376,14.291374469116766,15.313291657107182,13.557066082906696,12.852554230929169,11.846376988543208,12.592069714581072,13.152183980729596,12.13775599273875,12.773829025835107,15.22830993168626,12.778372382800802,13.918281745886915,14.032366733328184,14.01645085921322,17.5665672734061,15.024235774153922,13.817936406586986
BH9_618,BH876,29.68000000000002,27.87459401737109,27.91537943494822,29.13915744742146,30.479341667510297,30.51365219134744,29.85158947271361,29.47665262479645,31.145248697386407,31.95973898915924,27.146176062508456,28.139293577718725,29.61121500337607,29.171280222136392,29.89313455324486,29.30961681912083,25.25523120091732,33.16648356531238,31.011096987141237,30.232670431544765
BH9_619,BH876,18.599999999999987,16.113965068850725,21.439304328450223,20.0652877466805,20.87822313277391,17.64067183672013,17.776916819179966,16.601863348624697,17.985627411520035,18.10278280281555,18.51145205011824,18.44318705144041,20.195575342558808,18.26163946167528,16.2372046037724,15.522731352750997,16.582159437577133,21.742543860468658,18.71849749154415,17.77686571473024
BH9_620,BH876,11.779999999999992,11.018128614349113,15.837421957420432,14.645116682580946,15.17669200631231,12.123288510957767,12.496166625827184,11.569631505378846,12.704953460528955,12.380709526125514,12.763019359469746,12.50033692832506,14.579578526413394,12.560457042209327,10.718675320214016,9.914621514968356,11.722356215076315,10.536739595452818,12.008973486725283,11.094810938118268
BH9_621,BH876,2.2599998436965785,-0.8960141264936895,4.122064303325076,3.8873814703884815,4.093427343757214,-0.5188938591953814,0.3882746873682619,-0.9587882288884692,0.3666699126534397,-0.943706666131536,1.7713481134420477,1.8858515240702685,5.472466887884004,1.3997218797893756,-0.705430462912891,-0.6876605242259737,0.488376035312519,1.8818207192984238,-0.7335827435059205,-0.7650509787905944
BH9_622,BH876,16.09000000000002,12.13654458574041,15.589014174467456,15.077360205847326,16.15557183354943,12.395087964542189,14.426599685985266,12.298684939048156,14.530540229803773,12.406855084917767,13.241102261594085,13.134597588513262,15.419348476647116,12.225481817283343,11.50006141251596,10.279521599937528,14.09554161057095,15.37579809955107,10.469020876595293,10.458715646478197
BH9_623,BH876,-0.1099999007648217,-2.898609270079543,2.1569627253581896,1.9622662392457249,2.2877828884630724,-2.4464711865403843,-1.4077743324643082,-2.733239690253183,-1.3697936312772354,-2.740508132528585,-0.0221556025343699,-0.1196317318603361,3.686824924536781,-0.4668477841978125,-2.6973918310479417,-2.654199726496817,-1.9242454766109889,0.33094607800192827,-2.718066650299893,-2.543080559922158
BH9_624,BH876,14.460000000000004,10.331311337314911,13.949663369338138,13.510879440288209,14.63740666201597,10.727920793852602,12.855695668866211,10.808374097246338,13.11503253338891,10.936697023704694,11.785938601916536,11.504999661133835,13.911067332276447,10.645387798452514,9.742742716779183,8.558631335188215,13.281412585401116,14.706075171461862,9.814434340280428,9.615235994396796
BH9_625,BH876,16.39000000000001,14.891435925905204,15.766049782863584,16.961485137596192,16.260206653791556,15.996057356503782,16.08075720466793,16.181275939377894,17.676958513195327,16.751452006290638,13.3448738797724,15.111841914256392,16.083300249592337,14.783782533866056,14.830474949193698,13.742600240282412,15.506391206282252,11.313149657545699,15.462699589385618,15.08193439066458
BH9_626,BH876,25.480000231374703,23.188358912748484,26.238492644480186,26.465294648694176,26.11002432413042,25.08693770940968,25.120402601405143,24.6896120136707,26.11213476398985,26.029409750723858,23.30150633832626,25.33506292494015,26.162326611333214,23.884659677642915,23.739356784067123,22.81435215922557,23.1750404101369,25.049525210784697,24.497254327433716,24.65939000346918
BH9_627,BH876,15.830000000000007,14.16868482083172,15.057916887521966,16.701262292571062,15.651781562596138,15.183746342279484,15.336245451812104,15.561476862508206,17.098277245708708,16.037117999707732,12.639682121336053,14.349270438535886,15.443990773659058,14.064327045946111,14.235794637213134,13.210466997979752,14.83634058148059,12.691670274560776,14.922061043158442,14.683995881528334
BH9_628,BH876,25.03000000982733,22.58617540729812,25.84467937026541,26.33808002964756,25.64726231692075,24.31439824574065,24.4544015080261,24.06467928179477,25.56115822798172,25.345931138047952,22.86376288267533,24.88651915290163,25.71932079853135,23.30938503346073,23.175799122277265,22.31941887074662,22.573009694422268,24.74743396384981,23.78568640266261,24.009146559061843
BH9_629,BH876,11.86000000000001,11.49655921933794,11.101191666893088,11.907527222136665,12.63608661760856,13.761690647330616,12.68415516099896,13.042939350429066,14.631336198064034,14.398660014940251,10.35278571560597,11.065629198989049,12.372027681585518,12.037719687432611,12.723241659443731,11.86784659778416,12.730498375420366,13.862047929088133,15.060281828688005,13.552815619157352
BH9_630,BH876,18.3399997700357,18.05244129450263,16.518119510985958,19.2542174442776,18.31275701101786,18.131076765763456,18.6661768728731,18.48178497098386,18.784821720690307,18.37640780696581,14.578801355926776,16.612258294076987,18.979555229755565,16.91654058726432,18.64849164785404,18.56435204001633,17.66416612648403,24.784984179740746,20.616752286385115,19.75968659475518
BH9_631,BH876,15.580000000000007,13.802146057555513,16.532469523037182,16.843250241820304,16.4835404132233,15.087329511651678,15.452129383379647,15.057972798695417,16.568911257391573,15.42913009429094,13.467144540003796,14.6966516511755,16.44428906808513,14.285969604544675,13.894706089520415,12.631812587771543,14.29721934087605,10.420541197660157,15.143411202257779,14.156925209160795
BH9_632,BH876,27.21999999999998,24.94467271480393,28.80515774856602,28.52488679168822,28.413291071621703,26.932913704719954,27.22944845229272,26.236054393813813,27.612863580869195,27.91410088436149,26.1056410449507,27.372605514378183,28.28004570985241,26.08868122027486,25.594927148241087,24.49377622146351,24.842567394670525,27.842421087710182,27.62923045585593,26.732828446144083
BH9_633,BH876,15.319999984454515,9.447335478269196,10.914006720302122,12.413413186490017,13.341457780896882,8.434938424686408,10.614436521205873,9.175265881859476,10.545004354809723,7.4469533094767,9.69488545572022,9.964928384719771,14.978380877457449,9.179583341513188,9.755708066415158,10.68441204795231,10.860927310998772,11.130278997983705,11.581458501229129,10.812509647922976
BH9_634,BH876,20.29999988437368,13.580667404538769,18.11255331359316,18.29130905094584,18.93709643268268,15.862630017056668,17.04099541986601,15.68947850408926,17.4768515150209,15.916842945032313,15.832957541298017,16.23720090140935,19.13809116852443,15.793018326528788,14.344963025169797,13.169252928762468,12.52641592076412,11.525595059949364,14.236770805766245,14.105622979936369
BH9_635,BH876,3.840000300846986,0.450533416353212,6.874716501378732,6.253438698483845,6.937521540070055,0.3779364060785595,2.978561005232893,0.8340619358196624,1.6448913372631553,-0.2090822034033267,4.271792707499555,3.544653617046407,7.798781744627085,3.574390475195481,0.6109174333412092,0.8865347172413933,2.5379713198413643,1.5806273637109098,-0.3666284015122971,1.0444210235921125
BH9_636,BH876,18.140000000000025,13.979240149879589,18.77254826288156,17.731447984724962,19.72043313811093,14.457554728427288,17.2235223636313,14.68866483611068,16.72518320469436,13.82649951207198,16.54094811744793,15.314979218445306,18.26506302796654,15.280273049895513,13.651070641706776,12.56633027990053,16.46850796939957,16.366743944317115,12.206076623622925,12.897408131659196
BH9_637,BH876,19.800000000000008,18.21895193737459,20.299215685704155,18.494595827794605,20.64657330406585,19.78824143531339,20.058590714608435,18.67393389395173,18.812939667067923,19.89775815386924,17.659197736149718,18.48167157987987,19.572938981546866,18.251068562618784,18.971464938395552,18.48007306234301,19.56825181842318,18.702583039608818,20.794205804076,19.728322438476813
BH9_638,BH876,26.48999994772482,24.481852976619773,26.757806997707487,26.11586292321553,27.69326210260886,26.51262668431333,26.683066854397328,24.81695790779488,25.11669998174472,26.56357242152764,24.5421047421475,25.217676547333504,25.985087878106874,25.616714653658534,25.355537241343125,25.218472731437902,21.123420307533507,23.383334973005013,28.15265365953967,24.944345758132304
BH9_639,BH876,13.469999770881364,11.619138112373344,15.895158225592734,15.298665854562442,15.937455752724135,13.309413193813157,13.511230971144723,13.054400246173802,14.39132706471679,13.48590130024038,13.173292081704766,13.327112349452294,15.424233888898252,13.461202401238284,11.739398608711832,10.769735264077337,12.416403427133162,10.389155622963086,13.598424806448488,13.306224184996722
BH9_640,BH876,22.18999999999998,19.66602436450921,23.521590665269912,22.68060610762,23.75445303061161,21.40355749815605,20.78639552992773,20.9827356514306,21.65024270496452,21.79460263983852,21.57821258668194,21.16768603676675,23.07682682208325,21.731684524079977,20.151583414345804,19.481283190730867,20.41684917030432,24.41599304721207,23.12745717998717,21.833790350878214
BH9_641,BH876,0.2799997474013645,-4.6405781428852855,10.738681451789752,5.565780621454733,8.979103847317083,-0.9509466823000948,1.6974597513016183,-0.8966515504539323,0.6565644804837548,-1.497588069152618,5.49062023501391,2.992543171282473,6.607787399905998,2.7915203857571065,-4.23177329075509,-4.2126030017966185,-2.085968960899936,-6.00956322782164,-2.2666945549043267,-2.5819219173447485
BH9_642,BH876,28.61999990869933,24.99321521616717,45.59540464982201,38.513775496223154,41.75604158466232,29.469024619613943,32.58932733937146,29.56299661072424,31.38771597358241,29.691320666701973,38.89657139842169,37.93595786982405,39.45901140303607,33.26232466142698,26.05185965529948,26.03456819244889,26.51226172292711,22.90424941820575,25.442226715035137,27.063544216035055
BH9_643,BH876,0.8499998606921877,0.3656499587969848,-0.9603776476698476,-0.1565200018997813,-1.2231813764114778,-1.875989773436568,-2.6802036563344367,-2.218682109875463,-2.674993382489761,-3.422204493038939,-5.221943080208952,-2.6441105664376536,-1.0902656454641757,-4.845730129008942,-1.229986089238584,-0.7730074602222274,-0.3218729933504722,-2.384270305935267,1.0623166444730296,-1.4159344355391357
BH9_644,BH876,6.499999999999986,6.477175193353245,4.914896921522886,6.407482673382958,4.588967433936649,4.015577451653011,3.4724294728317706,4.055918717998797,3.4812874592678416,2.305946150152085,1.2711571113046152,3.426072147657883,5.391015405110699,1.9987707244546216,4.8549546437335005,5.336396729562502,5.628469651878683,6.452717491092395,7.041362929771243,4.120801041969514
BH9_645,BH876,22.01000022424614,21.398438338707923,19.60234445203008,20.34319211447757,20.95508130894364,19.253251958216783,20.18167330940101,19.97549835732167,18.16844583342113,18.05538073712884,16.77792889006802,17.765979203507445,19.3138133367908,17.032227731951522,19.99146031583432,20.97889679952008,20.91586327521024,22.85962303028018,22.142163182495892,19.727940783378298
BH9_646,BH876,23.809999999999985,23.500146721294527,21.510688613933123,22.72707538055574,22.765760461097663,21.57082642366851,22.229146173624446,22.03274556012748,20.38228589194813,19.97049076896248,19.8062119262187,20.17305258420636,21.938545971433605,20.34726521570863,21.91489281757488,22.93167045198958,22.727600122812653,22.412932867327047,24.143869835501707,21.80203826844096
BH9_647,BH876,14.749999999999984,14.33158784901447,12.806753820516438,13.308712767776118,13.640812869794509,12.360838497387505,12.736637731671848,12.47743841732642,11.477410956007304,11.492918158376504,10.266102309854723,11.336924636957871,12.493435830106105,10.571007782773483,12.862261802596064,13.708354412765466,13.711179203146802,12.57784881899306,15.36415901975798,12.817090018624373
BH9_648,BH876,18.57000019005344,18.559576002665544,17.044123680029443,18.04681397778463,17.704499276562863,16.407584344658947,16.67775886248747,16.989840408243737,15.743966657691724,15.001036103016208,14.980109540588147,15.544890532072944,17.441305362404666,15.531408177277209,17.170080079980785,18.036804887936523,17.98458583549667,19.19660158033322,19.248347136948492,16.371879716628822
BH9_649,BH876,5.49000006733826,4.740669731790693,5.565830320164604,5.304625171809991,6.020390527632805,4.488794896309077,3.153294532326916,4.126263032072478,3.780870898845188,2.967851049967351,3.5998880677069405,3.6488464196096406,5.417854110833947,3.4740660802759984,4.365401056791618,5.0671825522501175,4.622627795777022,7.1667019882327585,6.365806676925139,4.816000328045702
BH9_650,BH876,25.24999981135697,24.29254152603253,22.073195009075413,23.11976070657702,24.53522177901738,22.17120238811098,23.49792653000452,23.08919930081717,21.43114770929653,20.64338938377291,20.024392766107336,20.054202289848373,22.71211530369654,20.57282512774302,23.06196438569292,24.10195340729572,23.795400062557665,24.79295644725046,24.94626490235826,22.986561659185615
BH9_651,BH876,1.5099998927905922,2.1435168915700467,-2.6516266866371296,2.5290321687382584,2.834140578257785,-0.7992839175172053,0.2362552462198509,0.0331698370364124,0.8039277386075266,-1.5423321929307487,-5.964046891192112,-2.377824599336533,2.272637821791156,-6.2956484996698165,3.16036041449612,2.682749085855238,3.848934476379765,-10.12149383658042,0.5338691924490134,3.471941803580329
BH9_652,BH876,15.069999999999991,15.04865346722909,10.05323816956905,14.628623662882422,16.674006920611742,12.211792447082722,14.722722975574108,13.738548662626975,14.005332746774217,12.590078375951649,7.201759504521844,10.433469879726449,14.772356590478829,7.129961313742232,16.40861408773089,15.741506318583031,16.45917524125417,-1.1940594484816769,12.256287797739535,16.602432139602815
BH9_653,BH876,10.000000000000012,9.081880298357737,8.03633248408163,9.68667694149863,9.33625789259646,8.320518347198393,7.915355497283891,8.593189160419184,6.966086712557063,6.88581965401739,5.995097440443537,6.58285124012619,9.14244010821033,6.438007494642993,8.362118522992457,9.420482967305166,8.2046613451049,13.747124395608285,9.59682024866428,8.946076526073995
BH9_654,BH876,11.940000000000028,11.025030151823623,10.088001566862768,11.640542334976782,11.452956786286595,10.130845529258185,9.772163937683503,10.39942893402626,8.75387199738326,8.653600878032567,8.128647975565311,8.605786162108318,11.134781747060162,8.45411442391357,10.15281162386666,11.215428888120837,10.093714967860064,15.24008088705551,11.221783137027103,10.538135578774039
BH9_655,BH876,16.809999999999995,16.848049183274366,13.307346867916875,17.519544875165746,19.787358968784048,14.41175281182226,17.117482110351773,16.08966746278239,16.42877897917434,14.946882976646,10.230792790977072,13.352015502304605,17.714791059507043,9.941535208083302,18.70036026321561,18.232286137330647,18.42709999454592,1.0759205079062117,15.262859962120483,18.86581493592461
BH9_656,BH876,-0.500000176440482,-0.189856630916924,-4.0185618867534725,1.0081451748242372,1.4205950411980175,-2.97695514574875,-1.690671855850194,-1.899164451351956,-1.190562304487133,-3.5401524288278683,-7.622822189418973,-4.030317774749781,0.8117092953610154,-8.15604183884915,1.1546186872858692,0.8563646893389893,1.7944596142133418,-10.955988737019645,-0.7663019313824081,1.3569274154907969
BH9_657,BH876,1.0399996892859706,1.5366210409489949,3.131012486686597,2.520976641363625,2.6424823048667774,2.096628379572384,2.086487261764598,1.307313516922602,1.897557776064186,1.9047775235914544,1.6234196574625874,2.051797659510879,1.5409403141258553,2.085450741005684,2.111609352575711,2.04065064402435,1.3654640750010614,9.908575839747137,2.7153207309421954,2.7651523073295112
BH9_658,BH876,8.070000000000004,8.396734706558068,10.01695444226267,9.684445078555957,7.8151009441936,6.983967093027562,8.738826704696994,7.632469959373425,7.354374577663269,7.894628545641619,7.70253785545075,8.924961200444017,7.301006779441417,8.25187828610253,7.508615716186978,7.308853973662342,8.627787156889413,12.029449603794824,6.5178026421758375,7.177202030958732
BH9_659,BH876,-2.4600002907784555,-2.278519405284368,-0.3556244282104437,-0.4414921343478177,-0.8063786023234918,-1.4945581396683716,-1.6796587507961878,-1.3081051200993372,-0.4690188414306338,-0.6879994421042355,-3.44243426896069,-0.7383529357766484,-1.2426900185241925,-2.747593592451036,-1.64809119645634,-1.428597355818352,-3.3066318569543847,13.52096178148772,1.1585286849442111,-1.1912893212579223
BH9_660,BH876,8.580000000000018,8.178190789860572,8.175120448651386,8.349296182651493,8.454702212014102,8.52310978081164,7.156160963826642,7.173777476500224,8.451038121498762,8.482465741207628,8.283073790043309,8.146100331827153,8.22107754829196,9.042776355819177,7.281424028572955,8.51704301924059,7.495145922184602,13.208738523833214,7.338950907654675,8.123189296182279
BH9_663,BH876,14.990000282160048,12.833270864903485,27.62656763475037,24.30830199117953,28.92722214663136,15.425481816975529,18.672620767644737,16.513069126448116,17.814168730886053,15.254692061393689,22.08633926172517,21.095099882483808,26.17924225869637,16.88227518142341,16.132413784744607,16.995875104105878,20.79373300200969,2.851166613893472,12.284603136445671,15.706434718718691
BH9_664,BH876,-4.209999967055932,-5.73751641025972,8.396383489595648,5.676587938637524,9.0335180176501,-3.899877254928181,-1.8301119910535808,-4.405843728694637,-3.533703639377145,-6.080469163229925,2.326332426893882,0.8967582899279669,7.351277818413392,-3.485526599633175,-2.91084256724296,-1.5194737798342903,1.9386706839909165,-16.371857272902233,-5.7824848320042035,-1.3287043667637455
BH9_667,BH876,17.060000297262846,18.949465334664687,17.681843674580872,18.2719231496652,18.417192722526405,16.754710035482002,15.992947545037929,16.732299224918165,19.21339494096885,13.264989852931455,14.7736035145587,16.65473365733894,21.4330880941034,11.795558008328944,17.053392685176046,16.241854448972006,24.014099681357404,36.90343882225818,21.490688104263757,21.58130093569229
BH9_668,BH876,10.359999999999998,12.20114072484387,10.215310563520449,14.287746711343903,12.701931688751031,12.367540298572091,11.812574057287597,10.86580677638354,12.76796350669277,10.426456520172565,6.60943461219099,9.339952731250232,13.808895361297049,4.989609893731879,12.25586431999373,9.72631746802029,16.680234320198387,22.495065360211246,13.654754104501242,14.916365495821177
BH9_669,BH876,7.580000000000011,8.955161913634695,4.719209472456168,10.26268539531826,7.804087713653294,5.559708839789642,6.326816957924389,7.664745469891373,10.375616706592991,3.7632442832047017,3.08494456894622,5.583813110225413,9.488336633440776,0.9857226299002586,8.404815397110394,7.526336332765603,13.479500876733724,29.376915371902133,16.16232354769862,13.92435960875282
BH9_670,BH876,16.78000000000003,18.703705829944614,13.486925772103,19.59424525007269,19.10907494216785,19.12116748907501,19.23569374106335,18.68438387192368,19.650993002514355,18.540642410224475,10.729907990827751,14.613991773360404,20.487065917887875,11.569241006308951,20.215043824035103,18.272257863360053,22.245116296593924,27.491079213156016,23.92424270485535,23.51416450447501
BH9_673,BH876,16.05999999999999,17.46888308608886,13.82208492013682,17.329935796722268,16.931000539153924,15.058326023723987,15.167532313287229,16.093147693147067,18.991756523846213,12.657732305815172,11.588171649322602,13.809569494744023,19.376740802598448,9.462761418093471,16.92073360560035,15.96057878649964,24.47971306588553,35.02473887887342,19.17538438066188,21.772124383885693
BH9_674,BH876,18.89000000000003,20.766439222681925,20.23254713408384,24.039538428463324,22.713917134435743,21.642469180332963,20.814343923340665,20.06839655414003,21.92302251655542,21.13664703364601,15.979387128097288,19.147242202031748,23.71253420536656,14.795056745733028,21.14664489111485,18.490752081276337,28.235184856100165,25.584942702935166,19.838211192786193,23.95247432226282
BH9_675,BH876,14.019999999999998,12.58253056653783,21.918803707538856,20.07275900002578,26.39155776742243,12.85557951699229,17.089161917476698,14.090765839816124,14.715832670603712,12.590391816936467,16.077393000940564,16.429114696723925,22.12695631856448,12.336699086400444,16.246173722220206,17.137713768889046,18.62724183646336,10.511338650280655,11.90304427853167,15.109325726754134
BH9_676,BH876,3.4300000432140854,2.433753452049664,12.499236276576363,11.265613644525184,15.106714346013415,2.0175370854988937,3.884284773917424,2.485700317749932,4.061723933733179,-0.2662334445928097,5.734240246050855,5.60868564046126,12.430143028236827,1.2862583777291317,4.859760613347757,5.885169452347241,9.630441864868052,2.7342223821745355,1.4520470068540712,5.611639146486735
BH9_677,BH876,20.63000021417761,18.214169311279672,27.789735032746574,27.60384865430402,28.88967536829377,20.270350689279333,21.989226648588467,21.65894776740379,22.46941051503683,19.36797763286847,23.0993062193636,24.34578131232,28.777047834239,19.70008099788735,20.65745231035088,21.98092451003032,18.007607614990494,30.96281756078158,24.53697634945401,22.2049938421976
BH9_678,BH876,-96.25999975650508,-99.01498635242886,-89.8238725306279,-91.46750709192388,-90.54365539033108,-96.99395742765576,-94.62296684583563,-96.3760834870457,-95.15592036853717,-97.42416468265972,-96.1793696836792,-93.41132505485233,-90.55091724375536,-98.26353327789424,-97.10759042008024,-97.14134930022286,-99.74543015140738,-83.33900633511342,-90.45893868300215,-94.04243935537482
BH9_679,BH876,12.540000000000008,13.807319057403456,10.32922028740732,15.618899124927085,13.234480028604017,10.46996419915395,11.733604562684912,12.789421946012244,15.58755552874709,8.820378777188235,8.40333296873998,11.020792956816964,14.717204845527004,6.263874494042718,13.40503697806477,12.651831332263116,19.0057425962365,34.87359179711565,21.104466104898542,18.80743757113131
BH9_680,BH876,14.67999993431335,16.45021520474354,11.537339993208583,17.43764723313062,17.032527493288868,16.92730024123973,16.79496627426584,16.34194214730275,17.368574692598752,16.19821875784222,8.827097081961417,12.5263761241646,18.49279638172313,9.568923157128058,17.991751150969417,16.142056471754856,20.62983855451348,27.24678099335698,22.2288629412948,21.98369168896729
BH9_681,BH876,5.380000166573439,6.501381998794287,5.307112744870011,7.32641256731034,7.756690166053,4.6594335475524735,5.033560280745152,6.022197629295971,8.903325301381551,2.059099924517405,2.486248259063559,4.70699387107253,9.967809845434566,-0.6385115983702206,6.198265869051432,5.230968925437649,14.542510758013632,24.701592395390364,11.256408066594142,10.508965723736562
BH9_682,BH876,16.10000000000003,17.603533817867053,18.054356578910625,21.8059866029934,20.729847890181382,19.04008698981754,17.99568042699483,17.664734879689757,19.5121575981308,18.36620193002335,13.885094526893482,17.018504727249226,21.6466033381038,12.245241839665349,18.526180324925093,15.895068240786902,25.54793775663716,24.257667432222483,19.190454471639914,20.4323299540672
BH9_683,BH876,3.599999889850628,4.91547241046792,-0.1385815140672405,5.583519686802275,3.3878657314314204,1.4279919346455212,2.27656101101764,3.6677092915320633,6.229345221189627,-0.2240716478376442,-1.736504834059714,0.886344770184792,5.03081881736882,-3.855692304771609,4.353078904341745,3.350579871427654,8.732194979977436,25.018719039280477,12.178531195121721,9.716891869266377
BH9_684,BH876,19.569999915424926,22.032251396506183,16.744989035318582,23.015635674962333,22.26011878632428,22.39478401358924,22.58470126209357,22.070354838489656,23.05807276012314,21.99133338613835,14.025896797046094,17.844664122434203,23.5614236488952,14.735649921051918,23.32431969631232,21.298524899755822,25.010704519619186,29.026170621424875,26.832268340108822,26.496178215686818
BH9_685,BH876,21.769999813249783,23.36627359908016,21.59059730186388,24.18291700140477,23.88166181379624,21.59300888365964,21.389097860160543,22.39031652275821,25.359400001354327,19.1182675166698,18.89572818439158,21.08081870812169,26.41561152338037,16.242112104376687,22.654882423645915,21.75995577105597,34.091638750082744,39.32139630147107,27.126562242520603,28.471502944754896
BH9_686,BH876,13.810000091663923,15.654210651763876,14.778410425284534,18.270950447286083,16.951376838486457,15.94920122407346,14.579635755210823,14.107047075246928,16.023617133399924,15.321367013814047,10.275137630547489,13.414469575041776,17.97140359149515,8.50378725813803,15.604923045712102,12.968385326343991,19.69700326903789,20.718097378744257,16.74467998800096,19.567970574667584
BH9_687,BH876,12.529999999999996,13.614555175233884,16.289002373360894,16.861312160730904,17.99557011091157,11.852568373633188,13.53110576487301,13.023470743511051,14.527467064974491,8.111557253126891,12.566664805187589,12.765691922306813,20.15597340786296,9.638361849489511,13.523659361052095,13.496408695364057,20.42972841129853,36.92801274449733,16.746727125785636,16.796545195944834
BH9_688,BH876,21.749999831292545,22.82676222592167,28.164812254603763,30.311572491577618,30.23543896344862,24.66232714879264,25.593807859601032,23.74283964996512,24.839071341724768,23.48241562536144,23.0674656357282,24.498453175038968,30.853915752370007,21.325283597939823,24.447147812281404,22.76880783531775,29.64703028672315,35.44533495968589,24.02460199298331,25.59949446086505
BH9_689,BH876,14.189999999999982,11.53277034375984,17.5712118717824,17.532021646034163,20.01270320578878,11.931151384986176,15.737884647573429,12.738356982045962,13.254895233540532,11.615255083720854,12.0348903728029,15.104950793446704,18.50247678203917,10.253977446194718,13.22408100434761,13.567832702263486,9.540449731534206,17.650591048425714,16.690524347193918,14.030536045238193
BH9_690,BH876,5.330000211680338,2.559998318037581,13.329057879982184,11.317436514494716,15.494226232877695,5.074035332108501,7.68479502501484,4.932872871617279,6.309079022238902,4.524435300907387,8.421528798225781,9.626558647379726,12.546491003075424,4.192471681469635,5.708219310786453,6.6516065119130605,1.15200553454269,7.546396338586759,6.8467994594255535,5.575095399040563
BH9_691,BH876,9.500000214821789,10.66940584909948,7.580250440693828,9.743182098817742,10.076881659698588,8.21365975884301,8.116184131390902,8.818210794762123,11.198391064613958,5.003330827696211,5.1943996186719525,6.801508987094056,12.484710687361998,2.327769800189569,9.274161249320954,8.287631014850255,16.81334375455156,25.368639066709903,13.372167329263554,15.020123583905876
BH9_692,BH876,23.83999982835258,25.7203773363169,25.914013017610248,29.2101450840962,27.915614625523016,26.19009936487553,25.49363732996828,24.369965025499653,25.85504570116739,25.170124255935377,21.42799654499416,23.93292155675505,28.666987127865696,19.688766939376155,25.1945019321256,22.74793040691121,32.37011853604774,27.05937118349783,25.76172022976431,28.73108673847868
BH9_693,BH876,4.489999714457296,4.808083702064987,4.196559027928263,7.522666971040942,7.105098760915652,2.2433338196083232,4.043902413685199,3.90453927370781,6.066320079570636,-0.2589917970310156,1.559271936766712,2.7540819155793,8.575427065446402,0.0964723647002991,3.908367646406547,3.481107552363656,12.946112159269576,17.73188401633641,8.593132590059724,7.321164872148596
BH9_694,BH876,17.529999873257992,18.89019436655951,22.28287378590436,25.9445669558295,24.037314032847227,19.87003729536806,21.01693880850488,18.773847458461468,19.812157076584068,19.616898530201443,17.52844572052362,19.66069473828358,24.358015739002788,17.4063041390385,18.96401188287334,16.840119534281662,27.4639193658712,19.520399507572886,20.029365370411757,20.396130795390246
BH9_695,BH876,1.5399998657264526,2.7842068256994974,2.5998961233623428,4.177699356227509,4.857903812760703,1.229711491043263,1.7165405573994557,2.528418966487433,4.869599459913856,-1.4819892503346623,-0.3505763654188344,1.4637549546966115,6.942283583914943,-3.554959267796171,2.432069153819039,1.4812962917312098,10.508925680071355,18.916991584711127,5.706490967242336,6.468336641636552
BH9_696,BH876,18.70999999999997,20.02852617103171,21.923409878137875,25.229317977627943,24.5622978087252,21.610328145042896,21.33107494569028,20.63772981311655,22.3865266792759,20.84583994171493,17.53275708720753,20.31748129434734,25.20787961839928,15.74748271881801,21.182981141072226,18.65907208506424,27.67215355618943,25.950746782160238,20.676098357017423,23.322118905726292
BH9_701,BH876,8.700000000000014,10.284600849748593,8.417281374765915,10.668238869744368,10.501356615711057,8.33810116248447,8.36287316585254,9.127497413379492,11.495466286173777,5.832955706822165,5.784479784037938,7.632216069057112,12.98172140866588,2.7207968677805416,8.903339922283282,7.928201055515215,17.51246065209305,25.236936515127717,12.54008204639887,14.7436517342377
BH9_702,BH876,19.2100002401946,20.88479052137568,22.37324506464265,25.034229047131497,24.11327298798884,21.500940693498453,21.12205499119625,19.998977628403324,21.4574416740705,20.56082815067377,17.32633270003922,20.05350933117358,24.71280181450436,15.18719871058361,20.58921191013564,18.04520152952069,28.385584001346825,24.723797030565574,20.60961973407806,24.197604918068482
BH9_703,BH876,15.270000000000008,16.807525123411462,15.568441464713487,18.567028242455468,18.398205603543943,15.125337760470156,15.992482497805138,16.806091138816583,19.707516796867505,12.901071130019677,13.321160045725794,15.722475525017824,20.541309719416915,10.845524351789452,16.301121903032758,15.535006002857942,24.542766801015937,32.666376687181895,18.866099943412124,21.46160675003773
BH9_704,BH876,18.26000000000002,19.548865772786925,22.33421673648141,25.2574309040542,24.52011869272049,21.09428317883686,20.91480279366638,20.12417562026354,21.753993301583744,20.722702377038843,17.266052069166932,20.53090718118742,24.79681140241286,15.316646448291978,20.25751975202108,17.81619671604504,27.66412842596256,25.079180218039706,18.8214874399498,23.54685738275738
BH9_705,BH876,4.560000278817111,5.212088106762847,7.690950955766444,8.436326726596715,9.69344601179358,4.936780184900687,6.249120429233051,5.817393220889365,8.545221269454201,1.5491717324863865,5.159598884352994,5.901711104023995,11.75387882902871,1.8987821098635416,5.500966924991454,5.538191979214029,15.319226982587276,23.462774958935476,9.645725030030404,10.624684409970417
BH9_706,BH876,19.64000000000004,20.348907847386982,27.107106883455906,28.219229687865926,29.02544695761179,23.26327595100628,24.14154756088682,22.02350297316424,23.84828998148466,21.47406923185597,22.49118848235407,23.59583181327253,29.08012091675926,20.01119712036163,22.2920272665372,20.900495640358606,30.493440674788044,28.82477950905324,22.586262498676007,25.447696809068898
BH9_707,BH876,1.9700001053165936,1.505078084991483,-0.0049255729678077,2.2570201150022347,2.919214359329512,-1.9378433822804624,-0.057405256992095,-0.0600123077053472,2.315117138370926,-4.566183819984604,-2.7011620336058173,-1.3974760861909594,4.079693357755255,-6.6344362211731145,0.0256336993109245,-0.4777175659913688,6.252647880220704,11.968856712591258,2.921714505342964,4.1484337982792745
BH9_708,BH876,19.13000000000002,21.10374357441788,23.91156056942531,26.46452387888275,25.1593393760748,21.73765609248603,22.907626108716883,20.80914500746857,21.917550759510217,21.535433634251124,19.3681977630898,21.713187803701786,25.780647362348425,17.138342281609862,20.458641056490748,18.144401176432684,29.50497766772771,21.50000477151231,19.354255230146247,22.32484659784286
BH9_709,BH876,1.1400002265816462,2.289497558087873,-2.038524704645075,4.095768205177004,1.156054993769661,-0.9735370232378804,0.3513359029579985,1.7139559085232483,4.718988965704601,-2.2723966698323905,-3.4549665744366447,-1.12751153298072,3.43167411296874,-5.521777837883156,1.655623192634562,0.5648950099489468,6.023034957425974,23.412707329013333,8.549181701755842,6.531882169754152
BH9_710,BH876,20.969999907450696,22.693836580201243,18.251887399818184,24.74763003360456,23.84510913606977,23.23753551243534,23.95135885191537,23.54002601507156,24.94879714635212,23.323189802688823,15.328808585948718,19.20539061842504,25.427152073738927,15.913626959030465,24.44506774381616,22.200414962110177,27.29568667636376,28.530899028247237,28.713143627339928,27.514159592977958
BH9_711,BH876,0.739999959927366,0.7325213647803956,-1.937091500404332,0.6605615903078761,1.3360714602646513,-2.5645621944031456,-1.124436548421747,-0.9671236254893956,1.6590267412749715,-5.08572621021155,-4.384628700122993,-2.5191315752080508,2.8956740944512336,-7.760005424059632,-0.462761567971956,-1.0870904475034862,5.427720623098436,15.242049197065958,3.579853516444903,3.7648625428288844
BH9_712,BH876,20.870000000000022,22.519768966238484,24.55816151725924,27.31318513632064,26.12335852387245,22.901359861882018,23.563545258390743,21.58357446695294,23.20443187759038,22.592377961881542,20.0231989292598,22.631980837876235,26.65386055535517,18.022942325240493,21.98863409136649,19.73137483265,27.83757938091573,24.391001471429085,22.380271317542487,24.197372132196556
BH9_713,BH876,10.150000255941574,7.427404883248891,22.92207376130831,18.472647240700788,24.23634416206568,10.747467713923788,14.889274783231487,11.08639216969372,12.661377822075297,10.61498421143989,16.62462148561196,16.65662227259097,21.67849399719332,11.960379960593096,11.20900124585818,11.961781377533867,11.857667102641887,16.032648618445116,13.229603848350436,10.657902010987131
BH9_714,BH876,10.190000000000015,7.29631194182106,20.58596668204497,19.48085428797544,22.25838591883182,9.867523728651902,12.555319622221734,10.132125711238148,12.112841419384727,7.871433410891162,14.314801594006331,14.718694866710292,21.600477940504216,10.362584401562406,10.482722910022291,11.44556980754088,10.902795088823758,17.05603034500803,15.136923023594196,11.579519434242858
BH9_717,BH876,8.260000000000009,9.756461203296965,7.733831752849532,10.640006465522202,10.429898346842782,7.692343713082445,8.232845547249987,9.17801656944192,11.792346979642318,5.4662460100179615,5.436446212642253,7.383674814722065,13.078700236785023,2.736030225050566,9.06364204915218,8.134089235730036,17.44568538974854,23.776109379611693,11.15238710144718,13.611473312178456
BH9_718,BH876,17.27000000000002,18.689354374551257,19.326275486721816,23.38189707898793,21.83118951711171,19.278082508077603,19.50398805229202,18.694372316778608,20.22298144229958,19.030996385668185,14.88652930379419,17.871081079048512,22.907991695751114,13.298986370382028,19.08675932462633,16.55115123319242,26.611961546957925,21.883125973136014,17.591473819399067,21.49007524775327
BH9_719,BH876,5.340000202658958,6.642734782836678,5.6490678831846655,8.230438169780314,8.34257505411554,5.108391475887059,5.566352282532581,6.525630470965944,8.93147148574357,2.793199161877149,3.2091878051796976,5.110509383073062,10.632096583082912,0.312521806377274,6.043950684622136,5.217871234054906,14.292941342062184,21.524555247368312,8.642792179239521,11.255293213420435
BH9_720,BH876,18.83999999999998,20.336559464733504,21.65882276742596,24.70830319907599,24.05784978239155,21.119835364630266,21.36913038320728,20.20228655636622,21.61717151243005,20.30589339062996,16.919356536069316,19.82724252973732,24.518862858007584,15.305521834785171,20.829666637985024,18.350063390564177,28.094691106678056,23.672952593010994,19.62046593936256,23.830888444609762
BH9_721,BH876,-1.1600002085388867,-3.995118697548703,14.470309172155051,8.411899728012846,13.168902339160208,-0.1065636588826318,2.6777337163467165,-0.3238249464389681,0.5123073942237688,-1.5466632633535786,6.950572733178617,6.950085095486963,10.821533096426812,1.918850051048446,-1.74299968261824,-0.9116180280418282,-3.971850687004247,3.476135328327903,2.322319806252103,0.372564401187179
BH9_722,BH876,7.89000000000001,4.678649519231188,19.877995182273825,15.27094781982404,19.669769466525533,7.00145578203188,9.68399364826316,6.905703985917222,7.137078400706591,4.75043610099428,12.60036720957542,12.593544863747352,17.86471901161715,8.537537603500121,6.170894470704485,6.801369177949374,3.807301955083005,10.707145832471475,11.113916517386185,8.728885129766429
BH9_723,BH876,15.48999999999998,16.364695264445658,20.326437862435192,19.28586262156029,21.07003577347709,15.447614076133236,16.057581460083323,15.355832281377673,17.164875955678188,11.3855785841021,16.40863711732046,16.520113171397284,22.668718505522435,12.510814893237477,15.230799449962271,14.777654402003815,22.61503558259496,33.67781901295423,18.321817970084208,20.193246472401317
BH9_724,BH876,19.550000000000004,20.59680998316169,26.95616581731308,27.49865597804649,27.9325578832964,22.03248514373885,22.694514541444065,20.617359914298696,21.508888100978417,19.872555741910134,21.36123888690076,22.39948462436412,27.775889349919687,18.154618285647413,20.979858520599528,19.064631395495024,26.589514533489623,29.096380592822058,21.132154678259802,24.193179456852572
BH9_725,BH876,7.359999999999976,7.187145561823543,10.652732294913676,11.20151279877641,12.970147623976368,5.37396603543746,6.425093538530999,6.971834322874602,8.545948176489096,2.032058972617729,6.789733771782054,6.60519133042107,13.369934600078302,5.04955919961012,7.427722654081765,7.444735816427488,18.09762918616893,23.724622465687712,12.351592973793911,13.797761871459478
BH9_726,BH876,18.179999914377778,17.278138529096807,25.47147105981432,24.144683539492103,25.39535252918863,19.93256861441084,19.26246191471142,17.856507485367672,18.632542992565632,19.09943470246148,18.827663988699648,20.782088806878967,25.620497469051987,18.4741126008656,17.51966077617408,15.513756084743278,29.60418199151909,24.856311184962777,17.93588931666141,21.10506115872853
BH9_727,BH876,15.720000000000022,16.173971729155376,13.010250499400843,16.97397596471366,14.506488168196231,14.219157604106265,11.960999814456043,13.140570788473063,14.98426873610388,15.68500844030754,12.103313943047649,13.955423655234403,16.687525419956174,13.697406945250236,14.961945274848224,15.334003674096303,14.720004280095978,17.73522471504461,17.13822425286135,17.0246462031329
BH9_728,BH876,10.680000000000009,8.47514201542213,5.415826062985311,8.599256612271892,6.472441261899452,7.630402252895995,6.370550917043716,9.676811488591053,9.347968788207686,9.886507019749338,5.714362000949953,6.086850244243395,7.2619135667483805,6.203249612177936,6.719674221595915,5.255993877832103,10.16723643452725,10.450396910286372,8.191024731596041,8.772522305359725
BH9_729,BH876,2.2399998617393377,1.9997453094135915,3.669475479810447,3.086750792133948,3.713839834854666,-0.1756650021585895,-0.9035453068682844,0.701610812831763,0.3166910420989268,-0.0997727513319777,1.1903458137251928,1.8254183456957496,2.9003311560939893,-0.1669496485943013,0.8537347970872665,1.0237700980028035,3.0054442847741423,4.908625625174326,3.1578308955313563,1.3049922711086122
BH9_730,BH876,28.35000015227659,29.50967725617092,24.23018045027176,30.03647371870846,28.212585805849603,28.03092350738325,27.3568594819748,26.370956380410668,28.34938105144064,26.89119041159925,27.78379509077604,25.35961680583201,28.936269515435686,30.100336612898488,29.551383794837434,30.66334325856801,29.431078381287936,35.11842511303157,32.62390801609576,30.164004908264424
BH9_731,BH876,4.810000053282615,3.882051718712224,6.932693419448674,6.041804727681179,7.08908898620165,2.508023590847478,1.2955532363350892,3.2968264686098894,2.8931757283210007,2.7701471620863525,4.433823560277975,4.645363718336283,5.771451495139657,3.074303953421992,2.660501678642662,2.906438454804939,6.278554867397439,6.65979418434556,5.230930580977876,4.198436720128607
BH9_732,BH876,25.86999987954089,26.10523893690888,21.961427037625064,25.44130655395116,25.612164143260365,25.227888887569467,23.39192154276257,21.858743834604752,23.260681136669707,23.989813134473707,23.3573830448473,21.948531404224973,25.62386669294473,25.52858075918877,26.4247974463237,27.75468881683481,24.81230599811736,31.575452072961195,28.46392215987132,27.42401656179169
BH9_733,BH876,4.620000224688832,3.750762994294453,7.720821096987882,5.917236315960063,7.81328662596244,2.4125982251191247,1.4033794443394063,3.246207538347794,2.399078031459956,2.298038213035798,4.901031974230465,4.836895046640473,6.3635635362749685,3.440271243778461,2.709876885153568,3.1389999292542528,6.371740932319787,5.338071192115073,5.107396591875504,3.6857234290361194
BH9_734,BH876,29.540000000000006,29.571745347817604,24.76852597355884,30.705606711924347,28.795569843138505,28.051844673294035,27.004752244374348,25.56681597883705,27.221084943300696,27.08377256720628,26.72229586019192,25.11421548356275,28.9756259683693,28.67832264724504,30.200350014137022,31.410303553607584,28.32243142467459,32.607477756157884,32.01951974188906,30.279963326314128
BH9_735,BH876,14.749999999999984,15.471678562346906,23.744827035276728,16.443406350369166,23.00771568962748,17.907338262792234,16.396093014776884,16.261163794157362,15.90334734971981,16.85446038483426,18.65638182644739,19.18556439388725,21.288598390058787,16.842915779383407,15.748194063625576,17.60761018224128,14.969816753646562,25.864946206085722,17.889300174717096,15.315746725778522
BH9_736,BH876,-1.060000298752685,-0.7249375989759912,3.343608303912337,0.1767792706689322,0.9347664760389656,0.556701305036886,-1.8508161641145509,-3.2196579261639595,-3.108175659837576,-1.4493975378836137,-0.435232852822987,-0.4283413555543964,0.0608748194874997,-0.2323541452573421,-1.5397282167745177,-1.6800068929518988,-0.5782023648969972,2.812239338161794,-0.6255284677734453,-0.8646486474329639
BH9_737,BH876,4.040000120419389,3.038323187745964,8.264011307228088,6.202038581620659,8.121936259714605,1.7758392613654912,0.88612294557739,2.7657111093543816,2.2922083362116,1.7755986114946034,4.909449072507023,4.867856677790952,6.191641439908438,3.429860610541207,1.7470954996874537,2.364856990519126,5.096548594352994,4.226107526548124,4.912637137931496,3.275834124529681
BH9_738,BH876,19.529999999999987,19.740851417889832,15.816369767556289,19.04913649224565,19.411021143163843,18.866461393462327,16.261210857226903,15.452914397705245,16.462848413760188,17.674359118002428,16.862300048878446,15.577424388277231,19.261523160621067,18.628667305753417,20.071008750647643,21.374694384239746,17.979535299183897,25.50656520611118,22.36017419473328,21.022946915972327
BH9_739,BH876,3.890000255740087,3.266463104914407,5.031212579590799,6.640916072210497,5.15084242904963,2.590051629288538,2.598769555625162,2.6770695603268413,3.689170052865293,3.3035103230420995,3.084659365803125,3.811487650876115,6.491176372967101,4.123749166368893,3.1353189586557515,3.1023374999366804,4.0179000782334136,8.960825829515697,3.1284122413749036,4.935059263275124
BH9_740,BH876,19.12000000000001,16.87182269342227,16.506865630574765,17.979663686935123,17.233539422858193,15.726931093259267,17.722243173721495,19.30078542438709,18.73995190668836,17.0991162886279,17.084292569522933,15.93610641910746,17.188962342033392,16.11336466782544,15.1980490402529,14.179439893932974,19.13426076220214,21.15702012508634,14.85979038157684,16.103263802651018
BH9_741,BH876,3.3600001063637444,1.3186691793855976,7.528784560841237,5.183306882680279,7.252326539742796,0.101531032939059,-0.5904661465278054,1.16507732495393,0.7233491842990287,0.0775462402991997,4.0011506950987,3.685037024488991,5.324760005610687,2.0010003283942126,0.2729978084024549,0.7908926098141701,4.870156643732192,4.221422992727228,2.867245850366931,1.6210087570245493
BH9_742,BH876,21.6299999395491,21.6001444821004,17.95272715247789,21.9787465501236,21.451155723389697,21.12543902425585,18.93053055003244,18.06590909106845,19.22853479924593,20.400653219757285,19.49139192907832,18.30468372508463,21.48658948914904,20.968306949695965,22.39740675223014,23.50774736703941,18.994468255316253,28.72086637770474,24.220638489940736,22.707913914321136
BH9_743,BH876,5.779999805718245,3.7474683185378512,10.24837886947766,7.927936434764829,9.768335627870597,3.0505369066567574,2.1541185386044592,4.057238433156928,3.539397911382747,3.2271768075614053,6.645415252416387,6.548070523475923,8.260103554813972,4.838656716734343,2.495686378044137,3.1444754513878217,6.572248236355878,2.930327410286467,4.436682845726991,3.6864582919415163
BH9_744,BH876,21.110000000000014,21.83029995964335,17.593644519673283,22.40138892740111,21.6373443104378,20.588918423933688,18.931403917770627,18.50675645940173,19.685155559527235,19.59773721476184,19.37926295145007,17.79610756496459,21.69280698629175,20.620805945366342,22.260985941598896,23.65095801848076,21.887514222777696,24.389478382040515,24.902723346425425,22.436444610740885
BH9_745,BH876,3.489999989085806,1.7798698802406576,14.73336001416808,6.858031714706647,11.921507442934582,3.543709152473345,4.617827661382709,2.925581133353185,3.759911015666872,1.0045660490563575,4.847835925268897,5.232244903234209,9.055021637815956,3.4793423054108685,2.2738192966330386,3.4727128561024925,2.879976803844429,13.68664917005134,5.044485125135465,4.6959364122907
BH9_746,BH876,52.86999999468481,52.40836850853368,55.14111478822605,54.01780474486967,56.87082758514439,51.64552318767833,54.095987593468166,50.531490997429785,51.65380461842881,47.95749608056333,53.203942213470576,49.69501685241853,56.48242877638074,53.564696343333765,51.84322456558364,54.6103008218438,52.40498195847145,61.76353617422645,54.03691971554338,54.171522197224306
BH9_747,BH876,1.310000073218189,-0.6933268092911108,13.945299982162458,5.377755000444332,10.611502098673707,1.7771946818345994,2.6902246689504827,1.3273719827861183,2.589641049797886,-0.4580703699179966,3.5514032344323523,4.462564623750882,7.497861709772777,1.797463175737274,-0.1988548030635853,0.9383756594496028,0.8321141934421433,15.007816690462091,2.983328154703465,2.7434439849297427
BH9_748,BH876,50.2299998662912,49.47506499263661,49.2193782253017,49.7836667474086,51.43098303236357,48.66595132745147,51.46426626036129,48.17716098028696,49.03848230409124,46.15202450397752,48.03565508391131,45.73448057855448,50.9631911601586,49.1348230185392,48.85057139182665,51.23847630336813,49.61038008705191,61.4069327597137,51.17483160218123,51.569631166904465
BH9_749,BH876,20.31999986633091,19.047620554824192,26.61452656732278,20.24621240777597,25.796220892359703,20.350527574748053,21.140003958383264,20.56980134780085,20.520657127574328,18.658068885661965,20.87647539345171,20.318760660630687,22.12259882999395,20.63596889540543,18.93209744116944,19.525068856537043,19.912685725139745,31.23805746378504,20.703046045074085,20.81239242866877
BH9_750,BH876,14.770000000000003,14.634795657806553,16.8007140728485,14.078881500719056,16.76432718299834,13.553972461171009,13.887900247316615,12.481206674418614,14.398230861212218,9.462178963767062,13.91323820131549,11.869893910187503,15.892621769590802,13.882736345689104,14.075373534493522,15.934960084763365,14.773790082509665,28.074100874539436,17.26487946933082,16.146076698910708
BH9_751,BH876,11.810000000000022,9.851568986457565,16.254241862501758,12.399352769852063,15.260247653773984,9.75374371080013,9.683538264616876,10.556965815047128,9.051858739082103,8.148877061276744,11.262799013576023,10.828165306826149,13.392467022061844,9.78870527568018,9.34736550060514,10.170330370656416,10.631493590380307,10.83269758281739,5.618987526040587,8.283515806660692
BH9_752,BH876,16.75,16.821301278124906,14.57132307451939,17.344946952854652,16.340435810831657,15.00183134575934,12.252686549314207,13.156858487143865,13.609748013250094,12.371097524341115,15.362810500522947,14.010313728720584,17.085839003878373,14.96898593111442,15.811998348294347,17.560467717255495,16.066054144510257,23.624344649414375,15.032715647465277,14.74641587377331
BH9_753,BH876,13.620000000000031,12.024060688768849,19.293895370353624,13.070740969458624,18.31075851877761,13.290443582488036,14.565356275234778,13.721535500281254,13.965790927497649,11.779016984155028,13.25460306505173,13.188486219619383,14.864993304096664,13.036971547682096,12.00656308909582,12.38091440802253,13.209176975919188,23.183290994218964,13.426124647345784,14.384064355403714
BH9_754,BH876,10.810000288039978,10.66743032377699,11.708709065673984,9.92505724855098,11.816070916513148,9.711211118651573,10.22397797536141,8.83608333130447,11.302758063848357,5.998200914102191,9.11631670050546,7.706749950058536,11.380755546282243,9.42878868325728,10.134664175448911,11.709343979694214,10.890101638393237,22.87745333393552,12.836829556594346,12.71668790909546
BH9_755,BH876,1.3300000551754294,0.6116133413007414,5.523308583972089,3.716622462873737,4.981962122067292,-1.3257267156457808,-1.4718001908392198,-0.1223662299266316,-0.3604100664759302,-1.7082005799065354,2.209730561738972,2.196706665360557,3.936025063557537,0.1440959418047968,-0.7714444596598883,-0.4771561960028672,1.92889543729152,3.59299747937502,2.520326223603111,-0.013155684276029447
BH9_756,BH876,27.06000000000001,28.198804944757864,23.37294496605608,29.219514679103423,27.505569940216297,27.205472444906608,26.35543995365701,25.568411735461293,27.40957341528396,26.57934349165809,26.838399357328107,24.769905113934843,28.04458884392555,29.088424435952064,28.66203469761948,29.958403257038203,28.10270637306825,31.467029087192802,31.886994724337416,29.078162956556355
BH9_757,BH876,18.86,17.8786286375254,18.300101148977543,20.54512893026032,23.684397747369868,18.067302977975164,19.899163900622387,21.45682363991941,20.286429427204407,17.488457742127906,16.753145717206507,15.42131678557996,23.08098645685454,16.451700143267985,20.94078024254181,23.336779900813323,19.21704349436839,22.740727708379225,23.621944749844122,22.200508565636323
BH9_758,BH876,53.60999995461218,53.163516233314255,52.42626752603822,57.46799691338443,57.88540636365092,51.85784101829329,53.96554857969618,54.26092036390346,55.04625706744324,47.78515763164081,51.90836268458109,49.29119103698304,59.248350728900185,52.46673084289874,54.92991103789197,58.13772704467861,53.9081767437221,62.417613974984036,58.93032238511355,56.28641498567794
BH9_759,BH876,20.99000000000002,19.550685864101265,24.57726403519781,24.924742511918733,28.89518283050727,20.4148410206841,23.311181781327075,23.667389542339368,22.31833290282115,18.904175214895933,22.07725650136129,19.220583250290048,27.69686105781598,20.58184488620845,22.1693432028562,24.79264699852013,21.31607687316328,22.4128729201426,23.989238808265707,23.08030796842428
BH9_760,BH876,54.730000199236585,54.42863990383375,52.73447275744376,58.01281300077747,58.30016540215881,53.04055832464109,55.11474778143689,55.40991179714314,56.25794830616384,49.01279595682137,52.593359368230914,50.147219695092375,59.56069921729575,53.45922579981656,56.14832547585082,59.1963446263185,55.32724146515645,63.71156643398849,59.97850763786409,57.07725418178462
BH9_761,BH876,7.600000046355536,5.852088345110985,11.965873366807234,10.479465445697622,11.86233599784245,5.171876609337988,6.103630851636817,6.882274037193547,6.567265222480272,4.16967815349353,8.687659456698043,8.063756656123505,10.913559933644468,7.374388427618438,4.673884024049353,4.645422767023921,6.594775891750532,7.158030200003835,4.512244597305998,6.052778046449985
BH9_762,BH876,15.41000000000002,15.678175489656544,24.68457148116284,22.938490162284324,24.03850906188596,16.220454744410404,15.082452319787594,14.827464409661289,17.100489718592538,15.821489554614264,19.03923106692219,20.46453180173228,22.573675669583285,18.24231888427116,15.74097651235824,15.793556723392983,14.786828879119888,18.053217441261662,15.830382866265946,14.904906762076696
BH9_763,BH876,4.389999804671095,3.612367097507098,11.90535974158441,8.03612760219353,10.783472576036951,2.95817378709416,2.0659345067221504,3.594201200249094,1.8733788320773093,1.7022043504106654,7.019558865727897,6.263945214953734,8.97971592004853,4.082444108259195,2.6697148983161383,3.0287462009463004,5.352710108319664,5.5261920668556685,4.986390876654045,3.2870202861106117
BH9_764,BH876,13.7500001457922,14.859376717741396,9.708412489167456,15.641914415338157,13.696286213303717,14.55242161053038,12.986600232172886,13.896212928079388,15.445835839743294,14.159624148624804,12.731833268142877,11.353721308505984,13.883660354033482,14.284537753359569,14.825345874972443,16.60618563393646,15.46674205830249,17.256988716293773,17.211230696815157,14.815827645478139
BH9_765,BH876,4.000000156504909,2.701126328366179,11.287377681365031,7.896721477986387,10.045266038184783,2.3659742712713774,1.420305445499388,2.852755082117155,1.5499567468833235,0.7554558320982839,6.597761367302919,5.567304277318046,8.996619393885167,3.686426644362141,1.7239033770005558,1.9023820061109007,5.008185328262954,2.8748077966495624,4.726983892520287,3.034486000585843
BH9_766,BH876,14.179999999999971,15.334687596830108,9.921953586698546,16.228153469897546,14.157988168826092,14.37775434862065,13.15717839138651,13.817900059409018,16.01340887186107,13.636951239267017,12.689958682418608,11.601201695314437,14.532034894693544,14.527563136686265,14.924831666174784,17.065354145342113,15.946957055697403,16.064187927075693,17.968599393924602,15.09875517654583
BH9_767,BH876,-1.6899997304057552,-2.540848234798901,2.742049484171677,1.3350476159762088,3.424427633649362,-1.8758015206590304,-3.855246773119631,-3.470259984427384,-1.691354774265561,-2.710465802737805,-2.07898356613558,-1.1694194394195727,2.02026248477404,-2.241344176042698,-2.934678326460688,-2.363746988971009,-2.1706435313863817,-1.8440082350365758,-1.8470251366028236,-2.021239795655476
BH9_768,BH876,2.540000218607417,1.916071752984439,6.8918970206432215,4.50682914217331,6.53710611324139,2.779226910458015,1.5769299276917723,2.4135272528798204,2.0740335205570943,2.042637527248081,4.129020434277715,3.460036976643177,6.401538087955632,3.109295952439368,1.1177337430970724,0.4067879738998483,2.448719735522596,1.7397734949364603,0.5760503926534692,1.612564057105088
BH9_769,BH876,2.979999821666704,1.8780814509183392,11.781205109664793,7.347077081706846,10.373159881528728,1.6639103964682234,0.7884848558855982,2.1431599641962564,0.7817499850660319,-0.2608900131620692,6.553295983017687,5.433520135947772,8.530499834506745,3.282265111198719,0.8318818423961623,1.2026835285094024,3.916838324479479,2.1717125580932075,3.545136731321768,2.005287288167781
BH9_770,BH876,12.740000000000022,13.68196299589476,9.01779081043886,14.97141502021082,13.02705112439162,13.700834778485891,11.798300538445831,12.725108437368714,14.516042125370657,13.022648455046044,11.80229250276095,10.440790342493624,13.37182189768851,13.390139520367237,13.812394416853872,15.654423879596669,14.39396988986906,14.854722790142118,16.079947295257988,14.149907476990983
BH9_771,BH876,1.0700002897313052,-0.1098453452020775,8.782190370350293,5.330959297122282,7.247996410574224,-2.120109784170823,-1.4501712569441103,-0.6371968398139177,-0.7451489261288252,-3.1664250425503857,4.285382429165157,3.317277190556596,6.006209692016024,1.1095847168721789,-1.9237464447775936,-1.519271721780301,1.430209448989594,3.062532690630985,1.7315163691023812,-1.0624807043890834
BH9_772,BH876,26.520000000000024,27.52351118903279,26.58483890583137,30.82791703082021,29.73317215995084,26.444466605246088,26.364642003551687,25.05371409482361,27.019110790706723,25.13697587969577,28.880668097248947,25.87682900240144,30.088926545383,30.03241191259982,27.56827853073695,28.9683763514644,27.6446104993618,29.822535647910996,30.91168791172594,27.91923131424587
BH9_773,BH876,7.840000000000023,5.911082016851383,16.43141552294901,12.344026828229072,14.374287233179428,6.110649607814983,9.02663135217476,7.357941843620378,8.750154756714094,3.472659768763154,9.054501056011295,9.91814498076724,14.01036719259016,6.692068887483663,6.180100222873037,7.261570632862657,6.698913370514648,6.916779280012629,2.905284312478165,4.907182262691617
BH9_774,BH876,61.88000002404474,60.325437483286855,59.07850455945164,61.41077284936926,62.4047076329505,59.374965260833456,64.49486444463354,61.83009814898178,61.17420648401783,59.10027650264176,58.5324633227053,58.31465447050826,61.98054931846554,59.628352394205805,60.100600336633086,61.21433860151329,60.35206088405446,58.89168511802954,54.59012484108288,58.672283663802205
BH9_775,BH876,8.109999999999982,6.384061698035472,19.492146948539983,12.146293572986975,16.63155402221534,8.7984734881826,9.83915377428814,8.409503332128194,9.31957975766134,7.375500750841447,9.950031686360598,11.242633620116033,13.51448316450976,8.910865392353516,6.781744383891395,7.687090893960375,7.459529639063618,20.00481798042082,9.401569425386066,8.56851621165121
BH9_776,BH876,56.3999999476851,56.195631030721806,54.37561893012579,55.83617208034188,57.15164836605835,55.66334712324708,57.52681036436221,55.08100565560577,56.72260777672945,53.87256397471688,54.02157350408541,52.97708191362942,57.06065327994312,56.160241880870814,55.75656396933808,57.874838915806535,55.85093845757621,69.45177092684645,57.421219843260225,57.472945433825984
BH9_777,BH876,8.679999999999994,6.781891158417453,24.41608000648792,15.393907736599033,20.50000146103204,9.271364627902992,10.747217274908753,8.651058397867844,9.350510138870863,7.000461054096268,13.993387162622566,13.630755712594096,16.964363523682625,11.232574957008683,6.975187106064585,8.281494850652065,8.367205036277282,19.859323912690623,10.850495829818815,9.819373916868383
BH9_778,BH876,55.38000024035637,54.83988890534248,54.557685533000914,55.999904048619605,57.025620367219936,53.34358264977708,56.400490597384064,53.14191842415916,54.05318918844937,50.80946840725096,53.798797851499,51.22293578024867,56.67286284167271,54.68039463408795,54.04967394309104,56.485781935958286,54.86035525853754,70.01361759875131,57.66283148433395,57.00311890059096
BH9_779,BH876,21.410000000000007,19.3946935975813,24.977988322261982,22.44509973131972,24.66251671942601,19.547001693209754,20.360942914149582,20.77661874400582,19.461834915232963,18.9875411661666,20.16652347375033,20.047948718627904,22.55895115972212,19.45054570600536,19.128312876659912,20.002781402505708,20.301133411138142,18.60060166222541,13.207245425130225,17.221164862836748
BH9_780,BH876,15.509999813048296,14.677322790623348,17.085292192084122,17.22352600316203,16.935141411404874,12.938097012801192,12.57165934125946,13.085266244992908,14.375451953531458,9.94695801930076,14.510301292240712,13.372819323864924,18.103555392383424,13.604172026813549,14.00132007461576,16.153421107594042,14.972297618647026,16.735806808883748,9.866417157745975,12.406113659191597
BH9_781,BH876,20.080000082844027,18.50384751376301,26.441500430720765,20.038062055860447,25.534299504589782,20.06688701737593,22.51124475195765,20.799041853939173,20.61509680148641,18.77056332490949,20.287489039796668,19.779130123213687,21.47200616896019,20.375693026533177,18.575317140532523,19.077676752598904,19.88640335732591,26.496390509327423,20.95682263965602,20.99014359286524
BH9_782,BH876,15.350000000000025,15.076832282131049,15.976422836009135,14.74532800033512,16.363492454150588,14.043084720787,15.48577939063846,14.009761771417333,16.45045736077105,10.820245384341453,13.339776181121078,12.105440384318618,16.048382736110636,14.003920411276932,14.580021736301305,16.19393117384403,15.47816431211428,27.888368966792545,18.575340555092982,17.37696694432175
BH9_783,BH876,18.58000018103205,17.37467063333712,22.89439419293618,17.009783475222466,22.637388400796137,18.234622104035683,17.97322682025234,15.48013111503318,15.947776840357603,14.978764223014606,16.047750331959076,14.643164689051831,18.494290481746205,16.20174473374163,17.504444173500918,18.768250011156777,18.06514548096738,34.880280026128744,23.761928564508853,21.523037051252498
BH9_784,BH876,20.490000000000013,19.432032419438105,28.02114138768721,20.1983309250076,26.99205904555848,21.229837775447745,20.28108229346412,17.834315863699565,18.76002781735905,17.35527475475422,20.64697108236663,18.87197186798908,22.493967596328712,20.24483025544342,19.71013388791152,20.969841084771065,20.23238686175486,34.341234421184495,25.350877793838503,23.504012539618795
BH9_785,BH876,13.880000028514264,12.640251962826884,18.15562983099437,12.237003393215964,17.62866626268901,13.52583493636242,13.44420097382342,10.88173522580947,11.802416373076728,9.891755571784335,11.097196251455038,10.02581230321244,13.470306623112371,11.365072076361235,12.832174982347569,13.787015423698556,13.651256076892414,29.942624674963245,20.102990345514538,18.12210571722069
BH9_786,BH876,15.609999722834498,14.378060384950704,24.750619739843003,16.656158292027392,22.99311285392916,16.595874837463672,16.23936034983967,13.37774815976188,14.634159425930486,12.66646146469158,16.747441593420618,15.040110490463594,18.67915998113901,16.034159104172524,14.526858506216133,15.78253740608942,15.770837818138544,29.521910931859914,21.71914623495914,19.846976383320914
BH9_787,BH876,2.2099998888034778,0.7736938301172217,10.839558306136036,6.588923335400022,9.513853051144382,0.8089977641411414,0.1333396763161735,1.44591617810657,0.2032380823503161,-0.8568297365361106,5.589311975664303,4.773634875275465,7.72489821431558,2.4601368995415864,-0.1137877989297656,0.2550576262551802,2.93784399138628,2.268218809241986,2.880449496090233,1.1416660439506179
BH9_788,BH876,13.329999999999991,14.531383414198892,9.912276323825354,15.894504297936887,14.024286356741298,14.602314888941605,12.737372670721664,13.916026163251365,15.52499515595195,14.1336098650617,12.67628054463293,11.500663256829876,14.21928825160964,14.430416951577012,14.817283695967856,16.744022294073744,15.261915197550424,17.548499067238875,17.39308307157676,15.526872903667659
BH9_789,BH876,2.610000155457758,0.9169264443719088,11.287564804623193,6.957076115875613,9.763013406157055,1.2180460897979866,0.5581770189271841,1.6170272184943713,0.5956440409834913,-0.6143105653703039,6.281025771860445,4.948479095125669,8.302436096939024,2.9687556050103594,-0.0072565195788029,0.3041446175951008,3.4812165608639822,-0.5907654364534044,3.0893938250089863,1.611794839946708
BH9_790,BH876,13.620000000000031,14.67613692311892,9.515923016642729,15.40640665854591,13.994340349563547,14.733181989629728,13.133722463717184,14.189267382544326,15.524583948976296,14.173830774922116,12.21557708224154,11.197640124063422,13.521592533067938,14.260079756021366,14.589682746594171,17.088120816646196,15.376071470056011,15.430226641175562,17.050776502052457,15.370477265185563
BH9_791,BH876,1.4299999649616308,-0.3067878129283889,10.982706331923811,7.1626007171223565,9.74864268622682,1.6541777244381222,0.8280236630986066,-0.0848421046840384,1.1140166279498749,-0.9465989200235528,5.968184312284463,4.942575611419583,8.423807787088153,4.466140925613312,-0.3398065459117163,0.1384802967751265,0.5894404018246179,2.2731973858690155,2.466741968385796,1.4216251375908886
BH9_792,BH876,17.739999999999995,15.691792821946391,24.96665468546249,22.93321243113551,23.54299419759169,16.083481976368898,18.23728337175033,17.349572827299603,15.84263681205901,13.515825658356205,21.15659788177408,19.25064176995367,23.486726489957466,18.45731580372417,14.732187198879627,13.769414912418682,17.006516548417533,16.95548420478459,16.482762508043958,17.176198541030526
BH9_793,BH876,1.4099999830043908,0.2539670776874059,9.366397800362645,5.748187146169856,8.249646297673555,-0.0891188954336642,-0.3025886452642968,0.8345778113173697,-0.0305324145722858,-1.367455279975806,4.410306764226987,3.8157151823319375,6.497196636192628,1.4797798524358912,-0.8651684589520156,-0.6007050304334367,2.2480206295298006,0.7817236249436598,1.2470787931364025,-0.012411390408925495
BH9_794,BH876,13.670000217963238,14.822012795628396,11.967155117579964,16.68008736197294,15.75614774613392,15.323875482946857,13.41673369188714,14.54208276448099,15.93288327951262,14.38502028074202,14.542914591117546,12.520069089288572,15.41424638536892,15.745813731913453,15.096174759623192,17.221792696360513,15.627721205445312,15.58490165438408,17.076199822766537,15.561858569795623
BH9_795,BH876,5.789999796696865,4.257184349690655,17.720214937714747,10.692337806334676,15.575558488827689,4.472931456847745,3.971935109107285,4.609006321440533,2.525834694284144,1.9678461790357569,11.22009523692687,9.366587684604756,12.363612591375114,7.044722372154349,2.9333614977728084,3.625610622232982,6.601961303722193,4.85801909404883,5.124249119725083,4.189734963320113
BH9_796,BH876,13.340000000000002,14.301898556058484,11.077777343175557,15.314933849440813,14.736305355328094,15.053556951718903,12.519336660214435,13.79256605869229,14.394116909161175,14.528985324070844,13.188275439233143,11.490983295608874,13.831698804581324,14.19075326218035,14.37587897377838,16.670924217539575,15.243120648602126,17.211461937783046,15.571142266367483,14.851891825264318
BH9_797,BH876,37.29000024478617,36.84120634743173,37.44007333983412,38.26243134544177,37.89471167211904,36.686117757408,37.25857394284517,37.19407939756405,39.1055164909568,35.33918561410527,35.59080825362098,36.34505211381856,38.92017799101339,37.24899865025323,36.9604795204537,37.93562158755044,37.466294901260376,37.13745446670153,36.767056969268474,36.5974867762395
BH9_798,BH876,38.20000005135009,37.70348242696976,36.90440734465847,37.43500946387825,37.91117143389071,38.38988128062083,38.84322895149997,38.787860151026514,40.01572111661811,37.09999351358292,35.621122734303206,36.68352990838146,39.49344755417552,37.70523085665388,38.00668308215101,38.14652658050891,37.39006037791934,37.76884801760143,37.63439182373534,37.60488905228058
BH9_799,BH876,0.8399998697135674,0.7389249734560733,0.3578737358889576,0.9392021522050285,0.5280347897001252,1.0252689043685022,0.1890372290648439,0.4055382887646889,1.5567124510681989,0.688629649853182,-0.153882328534395,0.5509540084707659,0.8144022522186635,-0.0465678545875287,0.7931354541635159,0.5713257897971317,0.5414725536633739,0.8929692485864531,0.755174715252192,0.7221087803969375
BH9_800,BH876,0.749999950905986,0.973603037342564,1.0651635094359246,1.3442770879803203,0.7309294359519959,1.4402032689955928,0.3467651239185378,0.7015845829135128,1.9529656704067464,0.961333344586512,0.654045720190262,1.1601293500063985,1.447981186182684,0.7496090125191139,0.9199164015472814,0.7343638580744597,0.9293188597684418,0.40744420179070007,0.5261213979649035,0.6355562643758194
BH9_801,BH876,37.38000016359376,37.046317294434616,37.1337682069968,38.115606615946376,37.65274790952209,36.77051150664162,37.21562336656903,37.44790177153471,39.38045035435374,35.307372138792225,35.29537823645835,36.17803293718215,38.75486375760079,37.037428434445154,36.99946982162906,37.87864931218924,37.52655284326087,36.5492821207604,37.29532506286248,37.15000055617351
BH9_802,BH876,37.1399997525974,36.647005154638286,36.1262333478818,36.56926300593418,36.87271849272168,37.28885315748981,37.89492333105205,37.70913823260909,39.24775425168257,35.977221434130904,34.810974933490584,35.7704975367762,38.3813788410309,36.77266242079079,36.82556736811112,36.96961662323394,36.54364932357856,35.70886958486983,36.40165131978798,36.606295308861945
BH9_803,BH876,12.729999810953997,11.099877473827702,9.78339880454826,12.166247872237967,11.679762492845809,9.86820771396834,12.558115867127295,10.413081657661648,10.858249742496088,10.39510595852202,6.603412152723365,9.87538723812496,11.53713297794638,7.368414913907216,10.616026002694728,10.506586530658511,10.374236852090077,15.88334182629306,11.744181685226215,10.531601784102683
BH9_804,BH876,0.0799999278289612,-0.9354833427966012,0.4507597590202835,2.524070890584317,0.898353795472605,-0.1433294389734311,0.1848947880211294,-1.2916166184158964,-0.5804637710171354,-0.0728000723617184,-2.367188313767369,0.2187447825959675,1.916006115374324,-2.2251007160366143,0.4205116688481319,-0.0060643143028471,-1.7526935286414769,3.9228414195017347,-0.00999162476958061,-0.05650401365392521
BH9_805,BH876,11.940000000000028,12.790683428393372,11.752071727365545,11.6905544635384,13.653102391847124,13.680126965894194,14.33166365215629,13.849333389493584,13.981979103173227,13.414959220656904,10.191710496894055,11.27967619464425,13.171528968375773,12.41821181412132,13.62948180574952,14.281276837697952,12.162021004204457,22.496374599310045,14.029547640299699,13.009313096099941
BH9_806,BH876,71.11999999999976,70.42889554966887,68.74360640745498,72.44762283248457,71.06492214712718,68.52929309677033,72.4977499207646,72.26802510292795,72.33561998421085,68.91866034087953,66.72098549114601,68.57978338748819,69.85767938581601,68.36639640639477,70.79604814269874,70.80721385799812,70.08193704051892,80.10372017920076,72.1164179618867,70.5246806390809
BH9_807,BH876,30.60000000000001,29.87203486092186,28.28292208776568,31.506224087132985,29.973842311750264,29.46286875178384,29.078439191461484,29.265591883900072,30.63664254225975,27.744850346798952,26.88777657172681,28.334560156223283,30.973315180268475,27.882621369540143,29.748639640983765,30.57553083788272,29.86586612906956,35.08212213764222,30.12225631044846,30.641969864885578
BH9_808,BH876,3.1400003048341003,2.932460456916908,2.80757044660274,3.103734587118571,2.815524756613919,3.924205797203885,3.4095100390747186,3.7036311968569113,4.702098857906698,4.307555476506707,1.78295371272519,3.601488279558533,3.177554111284536,2.1576249988160465,3.3299867047316045,2.4765661644327843,2.770519921493715,4.9489629257186625,3.3915847072222665,3.59319418613776
BH9_809,BH876,3.0799997314529053,2.843404626089168,2.5509283588457348,2.9888108705095267,2.6358332772344384,3.809371563384136,3.262688509943675,3.601698871679653,4.616301746623322,4.22310801253792,1.617096934658914,3.496153033172363,3.017290325224267,1.9947077261191253,3.231202908287728,2.363874247844915,2.6522774139999656,5.093182976232563,3.4485031263882684,3.4570025414143717
BH9_810,BH876,32.749999947926305,31.910667120808927,29.68047115326435,33.7006257219067,31.9624780681532,31.978547958117044,31.78092225800993,32.16818709431029,33.594805034160146,30.57047135441105,28.74215586017987,30.605887173275327,32.76645450136618,30.254261982306254,32.163232969678,32.87304275848847,31.879008759546068,37.71068555470649,33.04781047750069,33.02794813564149
BH9_811,BH876,-31.629999703301905,-31.92501443472636,-25.823326164085003,-25.638274059440203,-28.86937142062343,-30.7079102992404,-31.832494186769537,-31.208818732877315,-28.65663861808712,-30.344796921931643,-29.83604888695801,-27.56350889393651,-25.799988961293792,-31.180718042827746,-31.84090802197427,-32.1119887890892,-31.76811493457664,-30.670379330068656,-32.30951722028233,-32.02161855639919
BH9_812,BH876,-30.510000086186967,-30.776152456549177,-24.44156567623144,-24.63490580040652,-27.38606082359472,-29.276253709284177,-30.73818781953463,-30.435484151844445,-27.31429563992096,-28.932100279714035,-27.63081267361384,-25.90779395940256,-24.70447426186725,-29.55419510004296,-30.621330306969856,-30.857626717903784,-30.590972128590856,-28.98259261087427,-30.894030342645898,-30.73209901995603
BH9_813,BH876,4.730000125453654,4.001510258086069,4.809501183222872,7.576723398160872,2.795605911692388,3.659064219079272,0.5487203885237134,1.743009471753469,5.333014955416813,3.0171941907247586,1.400563683790611,5.236080743197098,6.755554962286942,1.455656693824053,3.836131516680822,3.7160442756433154,4.142547349684718,5.686852397685911,3.669023218216953,4.1730871488987455
BH9_814,BH876,5.639999932017563,4.863831392805834,4.273836694096838,6.7492459819898185,2.812084373241248,5.362790091729458,2.1334048901329266,3.3368018968685886,6.243198685005333,4.777996003332135,1.4308608452232998,5.574575354993008,7.328806453174723,1.9118926652773984,4.882366704849328,3.9269584929862416,4.066271009122246,6.318283339122639,4.536571840170423,5.182826105174421
BH9_815,BH876,17.32000000000001,16.874436207634123,17.572641275529875,20.593723640523137,15.944163515212436,16.40125277411698,13.573204497075755,14.154879863365268,18.557342821956208,15.60077752988843,14.119022842518715,17.942988644737387,19.7550139929939,14.383637249871605,16.504795163059878,16.424589286715708,16.478136354922086,18.043680054940722,16.18668469749437,16.225905954150033
BH9_816,BH876,-0.4700002035046215,-1.295499898049904,-2.083806164851482,0.4233296256122726,-3.7596555566023824,-0.5337470084135181,-3.681964236065106,-2.929582949457508,0.9671601465504956,-1.3330935513167648,-4.617973871086656,-0.6500722047064826,0.6418113562773713,-4.170109566287068,-1.445557556346706,-2.360329195896686,-1.7329998102435706,0.5043024699370129,-1.8560761872166132,-1.888878042276853
BH9_817,BH876,-3.2100002416844418,-7.786544745002525,-9.164440841308974,-3.741859325138138,-7.091325931963681,-7.758451836129035,-7.164161270362989,-5.449412942823709,-5.422772530101755,-7.043207438730296,-7.642247937450851,-7.815289134272574,-4.861695162256957,-7.610005120189238,-7.634959665932392,-6.4255809878861925,-7.427815945280379,-2.370536992358508,-1.5956798923326851,-3.9448761926982323
BH9_818,BH876,15.069999999999991,14.609098580138284,14.844866690718687,18.53149576946888,15.621950829030895,15.63476250169877,15.843446299405487,18.046780782556343,17.256670551570117,16.757122307434575,16.31827336850922,16.010951293843338,18.146337984416306,16.026637022660417,15.014915420326936,15.891241311483803,15.312222897462558,14.323784523315235,15.10432162322005,14.501157767007921
BH9_819,BH876,14.280000295168543,13.042128357193487,10.647854224467146,16.596723606748192,14.289180947018393,12.924298079470775,12.951460329038737,15.017644898245685,14.168553734054958,14.195219309883267,12.248667915843122,11.999342086562876,15.461500547108294,13.243554568509506,13.42992833367111,14.794139452296804,12.420063001604174,17.67407631701663,15.159001202396498,15.438393120111296
BH9_820,BH876,-0.0500000176440482,-0.6413481287653569,-1.8292688693481067,1.3980840800647871,-0.0809445178372972,-1.2435606251179228,-1.1492067945714175,0.5938883321665813,2.628395595710104,-0.9163363972682949,-0.2934855535338091,-0.7020909203466823,1.384418994548588,-1.6469320609580411,-0.6029921768862067,0.8089529599320048,-0.70580635373491,1.2037215505053422,-0.15436640780470443,0.5855391989992361
BH9_821,BH876,13.62999999999998,8.845572278630222,6.887477032057024,13.279038033041134,12.405046853619298,8.844532683590726,9.077992312407856,8.6880157566225,8.790609978754128,9.157505355599202,7.645551712052107,7.171070714392876,13.90044158893866,8.765810553410384,10.967775999089715,13.342013252298068,7.1595585724314486,14.826345440128868,15.804772412506596,14.778867471371813
BH9_822,BH876,28.03999980442989,26.856856732757585,28.946026221052765,32.20295231147638,29.70804962993768,27.50183261920663,27.44247762757257,29.157387162381536,29.22852358157715,28.659735942096685,29.28056036948278,29.14036308130095,32.0386812498106,28.3314962784146,27.101127847687604,28.6361028685428,25.82989548926176,30.724115833880028,26.577666986320835,25.315502939663293
BH9_823,BH876,23.739999999999977,24.56935565887948,23.6658291145672,28.06378266445446,28.469898073735767,22.79959665043172,23.6730805512018,24.35002371554313,24.22366483116241,23.00433529609861,24.09712177262991,23.443651353119563,28.39315460635644,23.605893300071312,25.60695926582595,28.44585404421449,22.649544871380293,28.15239849684645,27.443502204871304,27.727692728253633
BH9_824,BH876,29.959999954853384,31.10246102269468,24.33206627713916,30.27480451517338,31.17961174369618,29.911042293152985,29.21800871909123,31.30934154628439,31.367894078785664,29.897727420726643,27.51169135781244,26.17811882850905,30.980312726658106,28.687232026634376,32.56370349191216,35.18408202672091,29.18589358127703,35.96592899818128,34.68485122931814,34.987222467395604
BH9_825,BH876,-4.000000156504909,-5.296551195666441,-4.488977627047373,-1.099123067211898,-3.47185040709916,-6.883076119831755,-5.473441221763365,-4.110302391379998,-2.192409229546412,-6.643836062016875,-4.074202963533337,-4.384880582373152,-0.8720268237354692,-6.675279871598584,-5.822253658192256,-4.352555310366514,-5.564782851849642,-0.5828327472206745,-5.129958027105548,-6.072202175880416
BH9_826,BH876,4.560000278817111,2.626493363411075,1.2150531834805531,7.564284152368798,4.867400039103322,1.20393967693806,1.8697817595570512,4.070859279312853,3.156676306312089,1.9770125864696133,2.353662598068959,1.6870146677947315,6.657196554527318,2.2065541714800867,2.852141566043572,4.54955751716913,1.9565870244546504,9.5854147749307,5.334448428934286,4.021226837579671
BH9_827,BH876,20.980000000000008,19.668512063019858,21.394592897910595,25.77287502990805,23.04018340631212,19.803615417531727,22.66407637863984,23.221454327099384,22.5493864093348,21.28557850079829,21.99557497366488,21.72825825953008,25.9482456046461,21.71496271427675,19.838119904486422,21.4673550687014,19.659374367978533,24.22038849195861,20.92368588141639,19.78549824528309
BH9_828,BH876,10.61,9.702723299999048,12.447272342634824,14.69828380339238,13.93804195656971,10.608737919387885,12.169122806844774,11.41638534593278,12.632311834372707,12.019916741711189,13.78584674995737,12.855484762958003,15.043267992644504,12.075332668068672,9.91904037391925,11.735244935324516,9.626353621849406,18.037287041254267,12.950908535542482,11.446757482607225
BH9_829,BH876,9.09999999999998,8.31640797182792,13.055270476397808,14.174030699566332,14.252213297263568,9.190246478189888,9.543033622284828,10.060629478162824,10.325180820784942,10.469815667677016,12.85889226491623,12.093969323042176,14.548414460589512,10.797264167491424,9.138256377001907,10.901578518695542,8.022527696019898,18.070456838460128,9.771122194501428,9.234232678186052
BH9_830,BH876,11.86000000000001,11.52104062304564,14.409933034437689,14.88918065680705,15.02063385142365,12.181784944091811,11.200436619995088,11.440432387517616,14.465770584453482,11.005432152265234,14.600436564778922,14.366825455360637,16.622487263209493,12.07858159843322,11.93657614166932,13.910118851749427,11.467455631153088,17.81120414288169,12.784364109010102,11.730229373595133
BH9_831,BH876,17.890000000000022,18.6997013155014,21.06709702120389,21.5804039752992,22.94846467630516,19.81102630441379,20.155337489773984,18.34024418492251,20.58988503958521,18.787586778415896,21.15858821619208,20.82840892079928,22.969055960385685,20.06646740806165,18.85769345464658,20.34961699572061,17.776565264558453,21.721729680958084,20.4325351601302,18.45108584732556
BH9_832,BH876,15.799999999999978,15.852008352353565,17.37675371383026,20.55087465806935,20.01309790928285,15.05935513929309,15.900684638805709,15.8391391370655,17.568181314723976,16.769338473667073,17.836294338413804,17.470397517460704,19.835123860512127,16.24734152354982,15.287440149392502,17.084047276034735,15.219211113927113,21.196932974697845,17.210303921676793,15.92792259626033
BH9_833,BH876,3.0799997314529053,1.841338449283998,2.729419851906936,6.190089295266472,4.497078272346892,1.6879000837158258,3.2636138353591537,3.1945820200896287,2.381085264061221,3.810774611932161,5.323595473416766,3.923357906323463,5.69494033179353,3.925565798457978,1.4541747047181095,3.642975252656404,2.021006479276221,3.7990934098681297,2.9552552856868304,3.409224033934492
BH9_834,BH876,-5.699999877889284,-6.8230164351271005,-5.813786359117951,-2.001760806973615,-4.227807556465231,-5.416197423013548,-3.175213501087033,-2.971937015220608,-4.099220574016177,-2.0396324469760905,-3.342180155072448,-3.496437232389391,-2.327150385439497,-3.768706690379146,-7.010742294693147,-5.688346085708254,-6.918272517625678,-6.755913897693684,-7.098407272962147,-6.258801143547542
BH9_835,BH876,3.1400003048341003,3.491674812014265,5.810440478601864,8.077981731154066,9.819764421813224,3.666537856949605,3.4950422786707787,4.984386755793667,4.286025877252519,5.08979391488967,5.093999420646319,4.2600851377924815,9.574589316564216,5.098463710613627,5.216243160820488,7.876221622018159,1.959015781679381,13.35887974772518,5.730992538894666,6.420331261202555
BH9_836,BH876,6.090000153564944,6.623701102943898,8.206370608831277,11.002090288095474,12.28884791224742,6.828752624693239,6.737018583431552,8.122984012175065,7.687823009211753,8.480482497443285,7.892958805747924,7.316651092643157,12.228111395569629,8.062814073987617,8.391695240826428,10.982040983801925,5.108962020714689,15.628297549482268,8.738567080199545,9.80967488599636
BH9_837,BH876,-2.9899998126453244,-3.4231609429804104,-1.840075963012472,0.9655207779261334,-0.7982623947253068,-3.395146284525862,-3.2099612106314543,-2.0527813433323376,-1.7613148643423135,-1.1415386288327465,-1.0186050047904938,-0.5129369743985379,-0.0908480606165749,-2.69028120744842,-3.198702686620788,-1.6581072516501534,-3.700710232641213,1.0654451759475856,-2.8538666658766463,-3.850943631529738
BH9_838,BH876,19.74000000000001,19.861561964029143,20.37931488559388,21.853542784966187,21.232275022295056,19.82874089679396,18.813706170059803,18.99287462025941,21.68348025017066,19.76986243578024,21.73680104795912,22.450777625258706,22.501332988934003,19.26557655750682,19.500738243630384,21.298351895240177,19.31820729621721,21.538864622732387,19.740335780648145,18.395038212544346
BH9_839,BH876,14.75999986214231,14.957350085673712,21.711519067769828,20.85940111175173,22.95067388611716,17.30427028267503,18.26934747434353,16.048022545486667,19.275067701511624,16.43303368173133,21.277607875392302,20.495584484464818,22.309640641660923,19.41391019679852,15.64967965694652,17.286453468898333,14.736031534734062,26.45667338586519,16.626740268401058,15.677648104581987
BH9_840,BH876,6.600000000000024,5.530263522448182,11.316641585467332,12.103813754426335,12.403694947167866,5.392251661535315,6.374293069793134,6.541358870332698,8.327273925825628,6.530159520638647,10.003911846071398,9.579532836284402,12.36914195376582,7.172232736513022,5.090324097573358,6.755602527417607,5.521124799475023,16.833693217986827,6.675756109497798,5.95109564348493
BH9_841,BH876,12.460000054531251,12.28252763688138,12.02012953012791,14.95274529570043,14.59473231541756,11.737150555985489,12.09380033470342,11.98963018516385,12.936915726090668,11.450598731344336,12.897307704685067,12.043908876173488,15.671288573155104,12.311698920626691,12.73534675647007,14.519435885009598,11.60055503790961,11.144406943884354,13.04201483617713,13.009547012440613
BH9_842,BH876,18.94000000000001,17.54750299505102,18.69183692758857,23.15069522933381,22.138699468024893,16.041821622367817,18.375795483261765,19.20541596965384,19.569327225167704,16.93856391090208,19.726731074160146,18.12085921716833,22.715907845312643,18.74374024340765,17.031957840205834,19.193964925903405,17.072138622700827,17.65893578957235,17.30500215631973,17.188649844159006
BH9_843,BH876,32.379999999999995,31.153501952859965,30.84859535056451,41.23351193571482,38.45009081469392,33.40802709018308,39.22864821969956,38.31589414863483,39.31038270924902,34.68811955989403,33.01184314798538,32.662633623644375,40.67804092575425,32.4936049106179,35.92886618158346,37.61525723040904,42.10560093619962,38.73094933312157,40.062410719942704,36.134627948807356
BH9_844,BH876,-2.3299997805469195,-1.8762235207762388,0.3814899921741765,6.400937561319204,5.857137788358901,1.3829053788733607,6.31576061748968,6.62234881991764,7.633458286830026,3.682246176082868,1.929371690686292,1.8524613056615795,7.63301269225655,0.7463696203261138,2.8733404676282013,4.268993638670711,9.27824432353823,-0.23792222407159164,4.666753589707094,2.236592071920573
BH9_845,BH876,18.14999999999997,16.10452425154017,18.166211585989075,21.035607466158787,19.35786431366469,15.326975379782262,19.27506280697522,18.70572653597081,17.315498435113174,17.22700548046623,18.62970137860207,17.654036784484674,21.18217385011052,17.910805754549674,15.383202111145875,17.631596606452725,17.161809798177952,18.612104208701744,15.903413672744001,15.522181195921481
BH9_846,BH876,2.8699999209018823,0.7597006199178188,3.306210245316793,5.235511529271526,4.205291386955003,0.6561301812467184,3.0188983809326726,2.812050236731952,2.1173998216367043,2.936835452930757,4.653399918430892,3.335434553747468,5.765907699969661,3.1503841433460607,0.1625052499533089,1.8751335995329528,1.5439956528379646,0.6076625611061435,1.2845097065290956,0.5005668837734379
BH9_847,BH876,-0.9399997794997692,-1.9358666019612147,0.8786192500375466,1.4586937141938097,0.8497000366648341,-1.5285440527864729,-2.43487675669718,-2.7082092786963985,-3.120652807227311,-1.3258435579083716,-3.2453335431424306,-0.902843186516514,0.0638544228214598,-3.059941077348572,-1.229691159721245,-1.4316949935258323,-2.712641242574292,1.7037878316471102,-0.16500188976762095,-0.5059514998461015
BH9_848,BH876,4.810000053282615,4.505046638642792,2.7713709310903507,3.704891612497484,3.898229603227121,4.511799393578597,4.030560307164852,3.6338683331835737,3.0922748207862014,4.224377715127751,4.848800846605689,3.763889739465226,4.999887118446138,4.65837914274866,3.4247979896980265,4.440529189329751,4.399315934560642,6.647018729120526,4.2165319522170215,4.023870700022945
BH9_849,BH876,-4.349999840756614,-5.585355716758254,-3.157292081388756,-2.6829259807047814,-3.234426173493713,-5.188260881728177,-6.201658687364778,-6.763997349245328,-7.160063256989256,-5.178220792849294,-7.541850688692123,-5.050888139188379,-3.82168831937916,-7.074140329986843,-5.361093745387275,-5.619915048029921,-6.475828628906738,-2.0234261713561863,-4.203207072089412,-4.514375666176232
BH9_850,BH876,6.350000000000022,6.200119092886578,4.059840652219606,5.261638074561926,5.7241444971762245,6.616591671464224,5.924631326863382,5.638134785598566,5.563440826882509,6.168618117304093,6.901084449457818,5.526209120994307,7.015352293159353,6.704651958517054,5.320252165762191,6.467760041183419,5.758337430042004,9.376604249718591,5.957843803616811,5.932332976232627
BH9_851,BH876,20.110000000000007,19.65811812156498,19.54383383710717,20.66506029802521,21.730883194430906,19.05857341898154,18.31613928701957,18.99887053609304,18.67454533921601,19.27566992240928,16.105825141506156,18.581519632461973,20.201793835926548,16.79827293549786,19.196127699988192,19.832904986988773,18.36992964077284,25.45119653645707,20.92546829624484,19.666464473197273
BH9_852,BH876,29.2599999588405,29.509215911212,23.13981283449066,29.52199815372212,27.9252568105524,29.25616713099389,26.833886873915805,26.949543019598988,27.70443114383023,27.831914839032937,27.064070212984262,25.43614221369232,30.87733597465701,28.07348345896943,30.118000879065946,32.150065624695515,27.633187965114164,34.363573952153686,31.291273869968347,30.671655693206844
BH9_853,BH876,17.01000000000001,16.469629343901577,18.9072151845326,18.774296190513464,20.05404014141361,15.747237299825676,15.233145645120516,16.135731176285855,15.343941980914469,15.680210126356318,14.959678020363826,16.777906864475856,18.761175845875204,14.679384598531298,15.9867083438536,16.916067256936994,15.427974482289562,19.10583875722121,16.668053689338027,16.087147245146735
BH9_854,BH876,24.609999761215807,24.85753944755265,19.345885032268217,25.93427303943988,23.72301386462938,24.13920387566859,22.429987420638376,22.63781347564872,22.74733992049854,22.8020608174076,23.33272480907779,21.12978320956647,27.063840418998083,23.97722937323,25.41068246007996,27.896904740269203,23.33054780801053,26.493093795522093,26.067426694053555,25.654065784550927
BH9_855,BH876,18.7500000276686,17.81788647350042,19.85324507908296,20.675594989825527,21.452821886531485,18.338631799383887,18.16168761913573,18.00983183245386,17.839812533039037,18.425126324765586,15.623951705724858,18.3973712042064,19.72757764725607,16.205163217053023,18.40229652609459,18.74188331813687,16.351699461606856,24.214583276422367,19.018044112955007,19.45532413477142
BH9_856,BH876,25.99999976226296,26.09319621434057,17.197494274649063,25.17849328700231,23.02623663175076,24.278147023452245,22.56286154777656,22.94996523972874,23.17427339581867,22.773067369667995,20.706407399253084,19.55261589496863,25.50996393426089,22.17178823092418,25.66407291923161,27.688959144719803,23.701734483094885,30.568898442238584,25.631473264408672,26.80034835676249
BH9_857,BH876,7.220000000000024,6.251156760194053,9.200018055734802,9.580378719098672,10.413813396454128,6.307009872455008,5.966418939756202,6.048663468977036,5.914763426634098,6.575145360992553,5.689176594471141,7.43878878366062,9.233150555942157,5.200837112839739,7.1399756119495015,7.929650414125808,4.855989477775345,8.921311162917153,9.174853809069042,8.142622603508816
BH9_858,BH876,32.2899997354003,33.23371832429723,26.41373037545492,33.3086683696252,31.28135054492225,32.26857028687348,31.81866130518603,31.44131036549744,31.901542191769227,31.527694323734096,31.3306769939062,29.09062843744057,33.70258041386388,32.28766828669888,32.78502420098074,34.99200652222713,31.422133242957443,37.190037651325994,32.87061376694704,33.12375687650171
BH9_859,BH876,2.72000005622258,2.208084227875913,2.9542329021414018,4.24033584580888,5.093816313306445,1.621120525480894,1.3516144935024674,2.13845194882012,2.2165690344648787,2.355341813408886,-0.3514188596928101,1.7657246872095391,3.409993095892213,-0.4313475651674137,2.32841820564566,2.9614885431912628,0.9584812023295446,11.061849244362598,5.290063757646635,3.664703099049246
BH9_860,BH876,17.070000288241467,17.81035334773148,12.27593395552904,18.951439416716383,16.79163024570839,17.851552670525063,15.968718400217634,16.562581757542983,17.617844987271457,17.52307587098085,16.74875892391102,15.087281067911814,19.446765902604128,17.202114313160678,19.22716689135621,21.249809896000485,15.765824468039169,25.84334979262499,21.745285942063244,20.51220362346243
BH9_861,BH876,1.9000001684662529,0.8244515027121031,2.9465496761562715,3.796926607269868,4.757671096979622,1.1564058342553474,0.5641789589057636,1.0507479853143902,1.2859867916687096,1.7298876838711663,-0.3304618630204142,1.622276460668349,3.2366292964711145,-0.7893189415430727,2.066513133217043,2.5110678275177056,-0.5700748433784144,7.989627242835387,4.252125013055513,2.8725907956592267
BH9_862,BH876,15.439999999999992,15.884072141231018,7.997166731229426,16.099877857695347,13.33650654294886,14.15956930440593,12.856508230965895,13.848953683538491,14.337362504982549,13.580521885018385,12.35438136217044,10.95064561799575,15.766090131738364,13.14066786416441,16.114080091401455,18.06067177150189,13.14288437197852,20.104748913597724,18.654691016581985,16.902599727672612
BH9_863,BH876,7.299999999999978,6.4741427537863085,10.503783006566652,10.226771145513766,11.639341658341175,7.073205215355879,6.663117922189129,6.493182332533926,6.363819497400583,7.153196107085814,6.43702531738836,8.267785776748191,10.27655925320805,6.013592466471326,7.514036142986395,8.276682229550529,4.995810354409816,11.543298395353865,10.90725477973664,9.256614682669646
BH9_864,BH876,32.99999999999999,34.04290352551929,27.34545713279416,33.857609955235645,32.58509980805831,34.03642762774622,33.11614902775851,32.86068295551162,33.55366626606815,33.247903740734664,31.774178539086453,30.18252623501462,34.372691129624265,33.02213587211248,34.1798260300199,36.131650699910175,31.820248244025684,38.44436784921949,37.377640249143376,35.88612765902864
BH9_865,BH876,0.2199998015296435,0.5975110071735915,2.327434710107154,0.528414119160649,1.4712294081654709,2.54062898305301,0.2255474245067619,0.9798276175538236,1.4648809576027642,2.3145165490270188,0.4567387320275973,2.007069788277402,0.6146565739735623,0.4682050243966147,0.9205040014183634,0.2049169838139798,0.6195958196689056,-2.8058769496705818,0.6353499328147839,0.8547891918464555
BH9_866,BH876,7.330000000000009,6.960215043729967,2.2171740163821565,5.996209763773556,6.0258996215249,6.19727729069357,5.547340816283066,5.233611995427316,4.861111013651484,5.387880116787073,4.078929741447644,3.193129524018352,6.8626230759961375,4.18441527626162,6.629725256530073,8.198567402944523,4.98103941324448,10.895292696709452,7.374916798615749,6.85098315133922
BH9_867,BH876,31.220000073178472,30.09910380777515,30.766856531202663,31.07722397205815,32.37516983929653,27.6723520437694,27.48979303422385,29.305572771606457,28.933824362059752,28.518168863516618,24.555572852500408,28.536819386331373,29.22240454850606,24.8866799834984,29.69023074542302,29.340438641340643,28.97938132148914,35.43670417177554,32.07599868627653,29.929720006049266
BH9_868,BH876,14.119999812001147,14.910364058836162,10.102983292855232,12.34750360732814,14.189098645204924,15.022934489419288,13.400457915930778,12.133891161953915,12.690909484834538,14.226696126356805,11.869732828511134,11.174438212268049,15.232145269552356,14.04479989242834,15.371645018238738,17.14091751844288,13.535824456161954,18.632199667142167,16.851048151649614,15.383999609804572
BH9_869,BH876,13.769999999999996,11.99749438494532,19.04939201406221,15.592125052673866,15.97558755821398,13.52100938845987,11.712550113844438,11.946151685233858,12.5305086505422,12.179788648182836,12.849415491375604,15.461000422031692,16.10605487274919,11.841436669258709,12.154440089164847,11.602951317154067,12.753408975301127,17.651332282329957,13.131334225528171,12.82892086469622
BH9_870,BH876,0.3399996932730854,0.3041204585931626,-0.8591767475336501,0.1856404574693517,0.1132539138651901,0.5440318886927202,0.2824615925415954,0.3759103034280834,0.8102160738133781,0.5902558053079444,0.1999176158418436,-0.1437735901869383,0.3195715616308032,0.2745437407591921,0.3469003522068958,0.6138843608200011,0.1251943543269956,2.556320888202639,0.6428047351575406,0.6430538556526317
BH9_871,BH876,7.179999999999983,5.566123743587742,8.2301207127702,8.001623303539617,7.574563259627243,5.065714556516314,2.973364160063091,4.193602956298504,3.905150279698702,4.24532191062811,4.627308952965169,5.644769757124532,8.341871678793765,2.946449337303925,4.925444163433465,5.453170092969425,5.413879376665249,6.965184458666611,5.711959312929635,4.628938558304115
BH9_872,BH876,9.500000214821789,9.288145988232046,4.946193893728379,7.988706648580436,8.690878454870463,8.932747965556668,8.20605622662787,6.457796696798705,7.631808877999744,7.149121374318838,7.690708925367911,5.96320182425281,9.072733092824611,7.869459203281828,8.78221427845097,10.084771650169506,7.295444209052642,11.928174316727034,9.819757478327304,8.845084634936068
BH9_873,BH876,4.889999981111576,4.385311618645369,6.069216788797006,7.035934792164478,8.066671061129657,4.244310930112175,4.01969811818417,4.786569790809784,4.886270943361697,4.703287047121687,2.6090970438089816,4.596540406456821,6.406873863687669,2.29859952024548,4.706882676442491,5.242806640738567,3.089644262187246,14.27716878525856,7.251645727893329,5.44779793955709
BH9_874,BH876,13.689999999999978,14.53234030352076,9.687910876105674,15.854208588896386,13.75914352356642,14.918516912928242,12.77478509938902,13.46616656655804,14.310689650021445,14.165645353175927,13.76952052223066,12.29062150500222,16.384276320999383,14.203175753518238,16.19688423351724,18.05089950376449,12.297730406749931,25.230437739001303,19.30362336938993,17.87670568486556
BH9_875,BH876,5.420000130487919,5.019455185598381,10.501049261525166,9.323603473862612,11.38846136260139,5.344058933935038,5.565565699485558,5.942660552526563,5.9450388134650565,5.676294703479506,6.526241225841558,7.67975587299895,9.401110243762464,4.748301062823856,5.4042393515482905,6.378440154400652,4.006480116793787,11.382772058815974,8.263377259911246,6.452094754578722
BH9_876,BH876,8.249999999999998,8.929269806001294,4.239150731400599,10.658599320248308,9.272042526438334,9.531630457371891,7.258878930903676,7.90157570296838,9.00856686050966,8.380919271563211,8.691539473251304,6.425933648190748,11.74882787983819,8.433508832575724,10.68087076097652,13.067626577136446,6.903077686290461,15.683606156912582,15.302912106832121,12.760323515161893
BH9_877,BH876,3.819999691380272,2.780473206963707,5.878230766308792,6.263680970840595,7.530593105989217,3.588550979499161,2.977365850672197,3.481467742809276,3.717079980036804,4.10931569542364,2.391560656254804,4.238284580087719,5.843450049658524,1.6759622807491792,4.274634384099255,4.679256132595206,1.3755811887921203,11.357614948264208,6.3113841244779065,4.693229811978194
BH9_878,BH876,12.729999810953997,13.366085268741974,7.060880929282213,13.877541760200112,11.32352812549204,12.093908517332324,10.507689629532734,11.5626480779725,11.883769776214788,11.48964977531697,10.800810474525584,9.477927757332743,13.68235249095833,11.398264503856511,13.754828140892888,15.572134483423548,10.566791898037142,19.303969264049794,17.25459643444692,15.082156822197863
BH9_879,BH876,9.950000000000022,9.130142491221294,12.820103833601078,13.311204607869705,14.253978606781155,9.983004297171943,9.833770307805374,9.94097063776612,9.925032210930926,10.521024833379183,9.192413707662531,11.14100394274637,13.047302800276556,8.715249040264343,10.389481779371714,11.048080645564806,7.669761515806006,11.358973550801256,12.657914443449034,10.684038022570038
BH9_880,BH876,30.330000248571807,31.83178334404985,25.163954269006062,31.322267049133465,29.14844916837055,32.173772430653266,30.719877093109243,30.64201414882473,31.7455038662128,31.775269589813448,29.969976539711173,28.67883444393863,31.44458721995229,31.22550339399176,31.85483415157812,33.542092355892336,29.82801469553594,38.57361737255624,34.619044698109114,32.89956402526414
BH9_881,BH876,6.919999999999971,6.336243091607897,14.287272816292562,11.260182298990904,12.783511936376518,8.009141870900287,6.575941168459704,6.831782365841026,6.552329932268528,7.682970290279376,9.1496483094999,10.805142172415582,12.321416909038664,7.612264844541489,7.145654572664705,7.498331086924963,5.826563922180465,5.213256657601578,7.027328395478112,7.414970357797563
BH9_882,BH876,24.1100002122848,24.03532256883851,17.76065735850249,23.675285870403464,22.07558067470434,24.2241184576438,23.572170752599828,23.93141565945034,23.750377105403764,24.90700915687556,20.88689600399122,20.74400419012331,22.51997234207697,22.05767638606182,24.4410870746948,25.847760379022848,23.75023274065697,29.22166591060324,25.595055161704995,25.263609117563053
BH9_883,BH876,20.06000000000002,18.09610296443539,22.38992872186669,22.84247487479598,21.958845589184545,20.23355980873616,19.859456356141315,21.05132086823625,21.832995552105658,19.37871563763928,19.86158505650454,20.884621909665253,23.22627937294973,19.86196557819192,19.141427636390937,19.58857701964888,19.37991933261633,19.219193836965097,17.309783163923708,17.81703784465725
BH9_884,BH876,9.650000000000032,8.971600214609563,4.643145786120692,9.997925719399754,8.756567087829032,9.766733156873244,10.613385317372792,11.426316059848894,10.60789329161496,10.931997856200612,8.155640295638353,7.348125901050542,9.877348142438713,8.959669000422714,10.517287575219676,11.614946097999049,8.418208525047538,11.995986444622833,9.08060882322172,10.395828201339041
BH9_885,BH876,1.4599999378974915,0.6672419934388077,4.050126115314012,2.96957494401228,5.0294698603358885,2.2088396238499763,0.5739821001252147,1.7373205336022466,1.9657095720368984,1.4347923175889028,1.7159456783599087,2.055186398984439,4.21114498354342,0.3349868337998268,2.3941158747770728,2.617004792695819,0.0765871999823534,7.101210856964155,2.41218716221153,2.9340869145050217
BH9_886,BH876,11.030000089569622,10.393279905948557,5.396007180269962,9.959843048002767,9.523199616597704,10.190088698688015,9.565720411535962,9.152520796909842,8.546956270356432,9.596876507927556,9.020842389056371,6.833629691035354,10.229164341105408,9.132973060928022,10.522459006239185,12.322490514958476,8.441067187297437,15.293259307559486,11.785407494562929,10.009861886570283
BH9_887,BH876,1.2300001453892278,-1.063063172472062,1.9626010783198704,2.3280432687585053,2.211092194564649,-0.4383090925303148,-0.7856958273875183,-0.4694289188512426,0.3065048690737348,-0.6766085763111306,-1.3956800285349371,0.5080162962524919,2.417669442915266,-2.003975539003206,-0.2189987356554299,-0.0772586527023924,-1.477308977828494,5.113223914913019,0.46034774456214544,0.2441873373424028
BH9_888,BH876,11.92999990515491,11.747280629768298,7.108630572463043,12.145640649364204,10.84172566105931,11.68220582649205,12.47874338598951,12.62652230645896,13.6131752817974,12.623260637665528,11.63032698271293,9.94046787722754,12.025058428839358,11.938525625410016,11.540409706914934,12.742525213805878,11.28044161819713,16.388439479290707,11.188248792007643,11.113722565527533
BH9_889,BH876,12.209999999999988,11.886158391021446,16.389426667752325,14.354154721231977,15.460929074188558,12.579230619643246,11.979526655130968,12.663732927973586,12.60641884815686,11.680852539504055,14.360783731338302,13.843354290982136,14.418726199102942,13.122767591654195,12.168630776668923,12.522687937283465,12.74114664642928,10.61893379458536,11.883447977704918,12.553098734823893
BH9_890,BH876,3.509999971043046,2.80652269407094,-0.3162836629904586,2.8273258253139324,2.095817323664995,2.6073081397994544,3.01025167689938,3.1882128617905927,2.0414104324647737,3.5010356844038784,2.145296947654014,1.30269341563217,3.2205992531871623,2.442068015320951,2.9486389061558227,3.7390466394049695,2.173806558602795,0.9741216123184029,2.410704847551148,2.9336945505746774
BH9_891,BH876,6.350000000000022,5.694519900397747,4.606825224090965,7.106537828383394,6.564051621003473,6.718009752679689,6.110984133066371,7.621292697836339,7.625836556675891,7.285008864680865,2.763701824008248,5.109054690599173,6.653089505007493,4.361060950249449,7.409699138758614,7.36553270014978,4.324252741111247,14.30589520908663,6.491049677507011,6.950499579002657
BH9_892,BH876,13.37999999999998,13.075638178884388,7.128007249287889,14.354229081103,11.295381752793562,12.464766616492872,11.993998404088195,12.29858648277566,12.984122887423393,12.661268698290227,11.260570852942896,10.881446006712418,13.45815998490414,11.83937906569468,14.28240447221136,15.738103836683178,11.168643171696214,19.80019332227847,14.127208432590292,13.549593073581578
BH9_893,BH876,7.580000000000011,5.958026439808475,8.49419740735184,8.522420775490334,9.428857583225827,6.45011968311664,6.008718161148832,6.370595470226749,5.588122155020408,6.123755770735727,5.649313741379045,6.469741214102789,9.208517044005614,5.512718922341755,6.930862660586089,7.114714967106392,5.079901397997285,5.419183353442231,9.397919016896278,8.148239485825794
BH9_894,BH876,22.449999827305422,23.60048335262636,15.29471599621566,24.01060923769918,20.70041637804504,22.174578389048644,22.484769876246425,21.620416426626623,22.58265445163543,21.66321225899792,20.649283956810287,18.815396429496047,23.39484360339609,21.9986477621066,23.74543804119628,25.703584555307785,21.126376040228976,27.49255528972628,25.646463473235404,23.34093826957253
BH9_895,BH876,3.759999745508551,3.470744923628548,5.509005572282924,4.251765177825574,4.806841986308611,4.992584602395673,3.232260073504776,4.178879262240958,5.202792683361532,4.00631886315339,2.829685386510909,4.511495302500206,4.687838454131068,2.822794391187517,3.701214532473649,2.9959585171331824,3.4481888320325016,6.07021133510358,3.485462404949421,3.721252606414779
BH9_896,BH876,8.690000000000003,8.35415222743452,5.188537738846324,8.70031098892597,7.635965626372119,7.483652887251201,7.289717005489797,7.630913861342302,7.832532467090133,7.321000298047815,7.704903252438386,6.205143937716488,9.124122102580808,7.411900755722071,7.939488821400683,8.842939123404761,7.93662923503817,10.606332370828659,8.324048920163388,8.245279728294204
BH9_897,BH876,6.409999864880788,4.621272437373337,8.911169671768365,7.052107844850452,8.12798087027853,5.196023173900205,3.124481368021736,4.550154404167821,4.550559586945017,5.341687261847683,4.472521504735088,6.753867903045614,7.781516762596004,2.151262742905548,5.074402989916364,5.201854870525437,4.665622967808081,9.52844548198665,6.140190035750582,5.453342361428334
BH9_898,BH876,5.530000031252741,5.065369991041171,1.1995397060473054,3.66868764165074,5.023829805117662,4.98972943423527,5.623601038704631,4.276678684581719,3.673842945718903,3.5397274165044217,3.9173215162179305,1.895437986369669,4.987940969534801,4.14723860296442,5.1646185837452405,6.683559419840552,3.671878163279241,12.264721954559338,6.666527174006375,5.8509121105699124
BHDIV10_1,BHDIV7,25.650019530804947,23.63986917306375,20.80527264639999,26.2056452845836,23.78407179145676,23.94776956043744,23.775154442581623,26.014286395964028,25.817314811599527,24.98818528853574,22.690172238641964,22.79122366604697,26.27891442027474,23.53358324989063,23.98125691729845,25.22034609817835,24.156811430696354,27.495982665541874,24.251739162982304,23.198019511780124
BHDIV10_3,BHDIV7,36.53002728580896,36.211858207852686,30.87185373815034,37.2985218234457,34.25587271092859,35.49885728232396,35.97486645382592,35.44530499630593,38.39550552256779,35.627577045757505,31.640540042687192,34.37905294615437,36.4637506764066,33.70629928603329,35.1764130451251,36.82868194862708,35.865720780458965,41.772573390621226,35.87531929116701,35.11588429216406
BHDIV10_4,BHDIV7,96.17007262879648,96.58100329472948,94.8545464561486,95.96804294157612,97.4219300586796,95.06417754212872,95.6112167072642,94.31155980994956,94.56282985184146,95.0581279115421,89.14952286290998,93.637488191648,94.74879240999174,91.6875685777571,95.89657770735325,96.64079823325096,94.51184545757911,96.18816519865541,95.69259642233853,95.54452358611782
BHDIV10_5,BHDIV7,15.940011975318448,15.384564559739507,12.88258683446163,14.070841849323168,13.695177655097734,14.40353871285395,17.117401726424966,15.68502174351395,15.477370575420764,12.93775257284802,8.908535951720795,12.208817487446328,13.400534534876224,10.488524360668306,15.263407289507349,14.883199361964328,15.1618803906249,41.86725808854066,20.248185217766267,19.60187596759105
BHDIV10_6,BHDIV7,13.640010285178963,12.921785217782432,13.71874496562655,13.447060848255106,12.8702020564652,11.149205554329733,12.462247981685678,12.6308774104331,13.498868908986449,10.199562962252962,9.631215332385231,11.852871084183937,13.080695905191163,10.39680412468307,12.321592423351646,12.51082813364723,13.531369136931271,20.00176995740662,11.668281149405027,12.116141870459327
BHDIV10_7,BHDIV7,27.490021008418424,26.96330166686911,31.09039250944584,27.05305415853851,30.80088134991584,27.86585086523847,28.710800090402017,27.21730664598475,27.567923987923884,26.41296707282739,25.01470948656928,26.50966007062163,28.84308749610889,26.323093973771364,26.494234130547664,27.759721191841454,27.48885402281168,33.5444943748851,26.43385677984617,28.80641627470544
BHDIV10_10,BHDIV7,64.93004935581024,63.9821886396306,64.46780196910473,61.16557904455709,65.01288211241713,63.57594038663949,62.21498008077985,61.87535068085971,61.89103666066722,62.32626392867215,64.20275696473517,63.2087175753572,62.97807527590838,64.25369354027251,60.910884683465056,62.721741860068256,65.57488811768818,62.347331405471415,61.695414039198035,61.53849255803104
BHPERI_3,BHPERI11,28.10002108562373,28.115666026346755,28.287623890803083,29.131931675802743,30.229801606506864,28.45233376981908,29.058048773065416,29.895028063175968,29.365584702959914,27.838397325657144,26.0165582939944,26.838161531255658,29.156482230950967,27.69008464568076,28.90165584184576,29.97361521618323,28.943463550755947,36.81137022070792,31.703351153144517,29.95477611876174
BHPERI_8,BHPERI11,18.000013881971043,17.431671899707535,24.215850455639533,22.01442316201376,24.4392158415068,18.174274517911464,15.852584908110495,17.720694229354702,16.50110703892189,17.92091838354314,17.296306057962067,19.50975555457793,22.43222185640689,16.221258458513187,18.764189020887432,19.8484571818144,17.30093127219499,27.272067529240733,19.94612587012153,19.59014283776923
BHPERI_9,BHPERI11,14.500010764359246,14.18265851552165,23.74761819732726,20.360673085182714,24.576722871071784,14.98717899954493,14.850120137272256,16.016324155485336,14.613505704639865,14.231740737811467,16.36750688333126,17.509811261952727,21.244349308555734,14.121812247591624,16.783522697770643,18.19272034717458,26.99197275981625,18.515878305831382,21.353650296890653,19.48729362904127
BHPERI_10,BHPERI11,26.400020109220407,27.99696721271477,21.875772684664103,22.07632822666108,29.56697389121613,29.851171614286343,27.566914199563463,30.627176875540755,28.47674382557664,31.31342732320119,27.957654999194936,27.115910339388847,31.420920825648142,28.357177354617825,30.357565986739488,35.731412356187256,26.1035541994762,43.886460702967725,37.29151762026745,32.16937564440492
BHPERI_20,BHPERI11,18.100013791757245,17.53281255896491,24.38911561057652,21.93376855355517,24.686107875276683,18.45918891952769,15.8768640026846,17.838363676409312,16.546836038819677,18.192788745697307,17.208126481414112,19.6644262860674,22.406674941680127,16.198076815287763,18.9284022889426,19.899127567808574,16.735456250158396,27.281458754678123,20.000219188962774,19.72882918258442
BHPERI_21,BHPERI11,16.600012634926326,16.0155122209955,23.161858309135543,20.16229625615293,23.741835007292053,16.774821714171157,14.30829990569541,16.216797242639192,14.591619240897714,16.325981883140507,15.119333624267314,17.553794781522477,21.012192640496057,14.2415511587701,17.370273423465985,18.72690203143563,14.904272238243188,29.260948368078648,19.17648065404697,16.449585615982706
BHPERI_22,BHPERI11,22.90001699160861,22.78863838977494,29.62973726331952,26.523457874397,29.19074550320376,24.2186465751123,21.25985644814612,23.068997951109274,22.30961980836696,23.97789359201085,21.92553374674352,25.18685635675661,26.489370116457195,21.108277895121542,23.67491865201167,23.94071578919428,22.141444258500314,35.48154276990934,25.501084496913,24.93102072418544
BHPERI_23,BHPERI11,27.800020728755648,27.870195489751133,35.968441509804066,32.60076658605426,35.414391181321136,29.984849957543847,27.59336403769031,29.290946843575416,28.94083954145034,29.768756088723023,27.878596649341464,31.289046132895205,32.19353452370189,27.210658936136905,29.127508424207136,29.25627167406532,27.07789395429267,39.4804821757134,30.908207993631745,30.105830484129292
BHPERI_24,BHPERI11,21.300015924991488,20.790504650221187,29.02666438873725,25.915694491935422,29.061221335421443,22.4146195881048,20.038673563939216,21.93003750768089,20.03146573903721,22.39482925707177,21.40300867843833,23.639249444669268,26.722410066849843,20.93141566769997,22.25197722735462,23.59747256219269,19.95814102233213,31.61074164759459,25.183909529112515,22.17264150711643
BHPERI_25,BHPERI11,21.600016281859567,21.01142795737655,28.90851270065093,26.0697637555342,29.00725978775076,22.45870840377078,20.06319857945085,21.857713212986035,20.33966312665728,22.10470345209148,21.46356334271058,23.709020466057847,26.673627229331466,20.709858137234068,22.575324262467262,23.66809410995934,20.15003099358404,32.19172092570577,21.730153181379674,22.40130668523851
BHPERI_26,BHPERI11,31.30002384636745,31.20525002372075,39.47024514032794,35.47536659066925,39.17159606239242,33.33642825925233,30.79516084806332,32.44884535006307,30.86226150287477,32.787604833653305,31.834054677320527,34.53806899247382,36.77804042801313,31.57457518003305,32.560194898255126,33.31144171048099,30.21967179009938,42.58381405269624,33.470673509306096,33.03193792460658
BHROT27_1,BHROT27,2.7300019297296223,2.7591394536477103,2.610545272935868,2.6772741284011,2.652577426283158,2.6478389767429427,2.708694845543079,2.665334380138203,2.5724057491111774,2.6342858388637564,2.654056466113279,2.678322069224772,2.724850390705475,2.84919747982681,2.57164050131224,2.6035029851159224,2.7450942642621445,2.5267183098437833,2.553819219914085,2.5584642874561987
BHROT27_2,BHROT27,7.010005598692739,7.094787336957863,6.8856807234016495,7.17390881426742,7.010206338961948,7.136577397154554,7.273404582968199,7.081861394817568,6.9359256579951785,7.186200281607368,6.931096972578439,6.715544330698133,6.948520212380441,7.256073838054721,7.002843958562896,7.021829696964203,7.019958117315596,5.830549524441833,6.598017729868338,6.7054185942058
BHROT27_3,BHROT27,3.460002526187841,3.396274421020137,3.195322795090622,3.72339755713529,3.271755080541724,3.4575395514996776,3.5881443533619963,3.641210256783225,3.656870257716427,3.754528804154114,3.2221946332990057,3.275006081626399,3.4008121930250907,3.4661132761895894,3.433158737652592,3.4804276458156647,3.468850133027353,3.2761681750860543,3.3515916031388415,3.378945195750421
BHROT27_4,BHROT27,3.72000291914144,3.6921285717989214,3.453961053216801,3.841039080028257,3.591996634018732,3.762164025690603,3.8295536486265,3.87786673255163,3.81179638551831,3.773028536453187,3.530728177759883,3.440350937477114,3.64336550081612,3.8092367743691664,3.656618814668316,3.6511978230913753,3.678792057712135,3.4725306956425723,3.459157503580432,3.5797777579037997
BHROT27_5,BHROT27,1.0100009713690583,0.9967466535018604,0.991617140060724,1.0333162113828354,0.9527249186186986,1.033953635503592,0.938915003872692,0.9861118739466416,0.978392942659451,0.9368785473808036,1.0237798871469503,0.9856517840023212,1.0529617132395654,1.0480450510028891,0.9558918961834189,0.9774081920350136,1.0331646201429248,0.9355886412319805,0.9437065932868223,0.9456881130342685
BHROT27_6,BHROT27,2.280001708182241,2.2595322236301003,2.401134631035496,2.4684884859351,2.2604917483782816,2.33341907966741,2.259260637542926,2.291208776384644,2.2499333367067367,2.2667131283054496,2.512496854859785,2.402374652503891,2.4614637683729645,2.5498445872426205,2.1301916651150266,2.2070716158418984,2.340060208841414,1.4869511350505664,2.3677440841027186,2.053736205748059
BHROT27_7,BHROT27,1.0100009713690583,1.0833058751056537,0.9616737684787188,1.0350830270481304,1.0191454786883718,1.0909879716070774,1.061330681599017,1.072273568293593,1.0438771330746492,1.009158853652313,1.143424796780901,1.0380837773650562,1.1842573402598937,1.0796250928079416,1.0821061397599734,1.103232061965552,1.012872331729998,1.3408082162970876,1.2022075472540523,1.1789829949780652
BHROT27_8,BHROT27,7.170005454350663,7.155038286628459,7.088270086330438,7.3773001970555985,7.2792607523824575,7.018204009982807,7.306003260889798,7.173212467016665,7.17320782345286,7.196028209492109,7.289174837295019,7.21720163416546,7.250310853774975,7.396575029067657,7.136860090179288,7.213641584669335,7.227297888231241,6.941688255485693,7.27570969358506,7.159439725921131
BHROT27_9,BHROT27,5.790004189263184,5.932501048657341,5.736695000412826,5.4486832120438775,5.876345476836074,5.848720878240453,5.750952454939386,5.843062437103469,5.656410183314555,5.824948874052986,6.157443616857969,6.005295661722967,6.210559469979502,6.331949106952351,5.879475807844478,6.102235145000407,5.773329108332206,6.174813876627982,6.021809398147369,5.984961654023397
BHROT27_10,BHROT27,8.030005933530944,8.16826810803072,7.880806457235331,7.677673294558017,8.037527826836106,8.026498783095873,7.961187597017974,8.061374567353496,7.82440948251837,8.03176440331864,8.488997675640446,8.287988632541373,8.540148859395533,8.739115170804908,7.988834911416078,8.300223310196765,8.025834301393036,8.180721761262893,8.205149504203813,8.094762542042295
BHROT27_11,BHROT27,1.620001048574362,1.64261015217652,1.5926719442125383,1.5565747754759691,1.5299877638091022,1.6328361273634049,1.5940470684740742,1.629905846360673,1.6292011532276487,1.5201749589139693,1.7318951494341013,1.6576658614830193,1.7859677035677977,1.752756701906481,1.554079672301638,1.578419886283508,1.654183446201401,1.3932854140342712,1.5607146848785323,1.567224828801477
BHROT27_12,BHROT27,8.410006218227984,8.568774837547807,8.654469539356798,8.722791578629353,9.05987473335883,8.542826128530638,9.113828123439117,8.786823398361483,8.78803900972158,8.993335950516755,8.999789948210713,8.87026119959883,8.764965235355804,9.090793882180163,8.605493491665401,8.80672310430378,8.509289918190948,7.624731555816826,8.729130387529523,8.68666706579422
BHROT27_13,BHROT27,6.910005061397063,6.912129620220734,6.889257025406759,7.0961919541738085,7.067583295244324,6.795632674613981,7.068036357090871,6.909079924183075,6.901814996005606,6.940059753165541,7.053361295020474,6.970044540353968,6.982249976134559,7.1158821974519375,6.915696948831819,7.017716623370763,6.9587518334365335,6.867241574784765,6.925758020067415,6.9930244109684745
BHROT27_14,BHROT27,2.680001974836521,2.787016687527216,2.733132700002733,2.7903333888581474,2.851221511641231,2.882596546080802,2.864638103447564,2.877720797487513,2.90113863528514,2.9011605981163195,2.992646020092667,2.840490534870106,2.97862206186184,2.960681126743262,2.7708908235575964,2.860073285792073,2.7379762165945785,2.8093333080096636,2.9124298852473545,2.858312277970559
BHROT27_15,BHROT27,17.240013312576963,17.47488163733096,18.57759788650629,18.44211564177161,18.64883909985293,17.247348898321892,18.55692879119995,17.67609342869434,18.117199644730498,17.89400393745689,18.703717878163182,18.57760215359336,17.808951366084525,19.09508480672165,17.54928857322773,17.81516101158913,17.634008819960357,17.637499789836017,17.45152168642498,17.585119665460304
BHROT27_16,BHROT27,14.520010746316489,14.6571582756923,15.786940137999796,15.590024715763509,15.721634662297596,14.61022778339095,15.616974114135926,14.94344184022177,15.378458955307623,15.268416572163432,15.947599694383866,15.83597027701902,14.985879050940213,16.24450743355645,14.705564670291745,14.927549033292328,14.886471751061617,14.691005484956731,14.620355714133037,14.73310358920679
BHROT27_17,BHROT27,2.100001870567078,2.3685750469562503,1.909813600907645,2.125174224886377,2.1606002094607097,2.164380577550292,2.526760270707892,2.282453199422956,2.0993122376745523,2.0884109547890946,1.9769821522252773,1.9345696653754687,1.9236047530887284,2.1550864719691414,2.466663625615243,2.455777214782464,2.205106254909682,2.4296511349747796,2.379695543104207,2.4203749682056355
BHROT27_18,BHROT27,3.890002765777983,3.6663260097514696,4.960639036344127,5.084048626318363,4.444470701838852,4.740445020677371,4.963512402229508,4.980321373004458,4.931736451992802,5.067447110186014,5.054332789692707,5.107528775804117,4.882976706807144,5.754392148092823,3.7429601022661263,3.841806586892699,3.9969226436130985,6.028523764059223,3.737947312899838,3.676350917512536
BHROT27_19,BHROT27,2.0900018795884576,1.924219335902868,3.2523569429200703,3.454465319840668,2.6914245925612823,2.9794526334035463,3.157254932842652,3.257506599427023,3.272111694199765,3.373272935778507,3.488724952598396,3.5132719309233744,3.203504263608169,4.149142592249994,2.0127685782891684,2.1122045453310068,2.259174944873269,3.4537598281503774,2.202043538046955,1.924490591798734
BHROT27_20,BHROT27,1.7800015317417588,1.587200940085134,1.995993179237073,2.145533267676847,1.733090303905623,2.162654926447479,2.149479925944639,2.201844963859259,2.418430109902466,2.702617667191284,2.233103218868564,2.391141354378397,2.019640497269466,2.6169450538692027,1.433702270823648,1.488886646315412,1.7751917093624852,1.9343606681285985,1.3001625252428683,1.0211630905875881
BHROT27_21,BHROT27,1.3900012560660984,1.1791461500300346,1.5720613955594684,1.69972750767771,1.2333327226724686,1.8055894856246384,1.7605570840393825,1.7832884262773665,1.9707839273115584,2.3161299386522254,1.8160486879453777,1.9595750394459608,1.5374267630822618,2.1608089818878065,1.0164963219532794,1.0614906337738454,1.3959094021527187,2.015945685067698,0.7417382224983933,0.6748504202941393
BHROT27_22,BHROT27,6.30000498419176,6.182042615710389,7.1586086900284185,6.764739128181305,6.3743988678880665,6.666321797300601,6.71040659688778,6.478311550252408,6.445069612365886,6.728994808032246,7.097005708464677,7.068855570695667,6.827118527224693,7.437199302153926,5.793222559854342,5.747326140419483,6.432384356479659,5.1084432026361375,5.693743019174214,5.784632595601183
BHROT27_23,BHROT27,3.35000262542302,3.2273962475902507,3.525411980226965,3.562173367744394,3.1844626768835727,3.530004345567366,3.619054779788659,3.5560356975857625,3.606439266569624,3.7895870054699534,3.603794063134513,3.714385517076036,3.450911608187412,3.8837714078068464,3.095761953682095,3.04579845708979,3.3280085150011045,2.368139408193781,3.071989171673968,3.1462148051939205
BHROT27_24,BHROT27,10.360007596606286,10.674465960002648,11.204937870992444,11.879777937457307,11.62772237916087,11.12379142058746,11.426285751162196,11.382778636762149,11.466123441130105,11.734674466437856,11.565342666330396,11.625625681799075,11.14139601070712,11.894711094758655,10.938963148616212,11.20108816312588,10.602590843553116,10.899363811386198,10.818488158088442,10.92678089758222
BHROT27_25,BHROT27,10.240007704862844,10.602938476843692,11.415798812802253,12.228463052055126,11.920957995678348,10.945930135275203,11.336437626876066,11.37062540977412,11.353952734063752,11.631995906910008,11.79041450147108,11.798887385434789,11.311803424729206,12.184255512224428,10.915468252635415,11.244479753012165,10.53802562879682,11.526051964836098,10.791739190161447,10.983711255085407
BHROT27_26,BHROT27,17.20001272115301,17.59133735560533,17.5941026015247,18.66619695317793,18.15558728578832,17.60581368534754,18.347229620493103,17.99027939021859,18.21328627995497,18.098281802888884,18.251160869242188,18.20741611703481,17.867910085485246,18.74917384933613,17.708027197642597,17.989401818296987,17.38309569924464,17.473479885160888,17.44096148464081,17.594162595638164
BHROT27_27,BHROT27,17.080012829409565,17.51980987244637,17.80496354333451,19.014882067775748,18.4488229023058,17.427952400035284,18.25738149620697,17.97812616323056,18.10111557288862,17.995603243361035,18.47623270438288,18.380677820670524,18.038317499507333,19.03871826680191,17.684532301661804,18.03279340818327,17.318530484488345,18.10016803861079,17.414212516713814,17.65109295314135
CRBH20_3,CRBH14,48.40983145311486,47.0292142247367,40.98819062087779,48.01058325656975,48.84834392147518,46.65856734527145,52.36100302667796,51.37673006922889,50.326557133603984,49.99192885867819,50.00387111697919,45.341063074503,50.08332686860321,49.76398202618755,48.36501365973888,52.26003286171087,48.63507616392345,45.94655194951672,47.87438232988096,48.79050741898654
CRBH20_4,CRBH14,49.90856943337449,48.39819767847497,41.695644927402405,48.18115526634831,49.32553161849861,47.95399790351762,53.60069474211777,52.112609927467965,51.954975908030434,51.369201963554,50.89728409111509,46.568362544584126,50.5942600798732,50.83775728737059,49.15548019059605,52.61430412845529,49.4556378421045,46.43572695957794,48.05381239259616,49.14860638722805
CRBH20_5,CRBH14,47.65633062685309,46.11809111348365,38.09944310139628,44.88210289614405,46.072853892717774,45.39855969682857,50.625824998644056,49.21127814476187,48.53254902566008,48.52844818849682,47.57541792375839,43.03387106704727,46.89599779119779,47.88291388127268,46.48559366843459,49.95580031444303,46.90858506334699,43.09734280613729,44.5739565489309,46.88984154647313
CRBH20_6,CRBH14,43.74768706463868,41.85614992820026,35.29538187602475,41.71348395500072,42.576107235511536,40.72487540908698,46.33866847470756,45.42095701593872,44.02568493130761,43.894541663560055,43.98628166617004,39.379621602630905,43.708012150638886,43.52794661279418,42.395197383681,45.97722351965069,43.462646690484966,41.826657788029664,42.29595713985521,43.137544584872224
CRBH20_7,CRBH14,33.712027192494006,32.01742336231715,23.508096325034423,29.89953489895572,31.31658162508909,31.28744667399708,35.62425344180618,34.67107194727867,33.51612720610107,33.96659234938218,32.74332538064907,28.15355504837759,32.61758063966641,32.63479033799121,32.32903433876572,35.701540897181324,32.503840781817914,30.05057261066803,30.517392297636057,32.85282188140154
CRBH20_8,CRBH14,50.58019909855565,48.56402916791293,41.92600949115955,48.56059091799462,48.900076304551,47.69856389697964,53.16608946147473,52.18802276102564,51.628471119764285,50.83251174745266,50.864808656059935,46.62451623389688,50.15539727294608,50.88950617396367,49.02459369974208,52.22086717163749,49.7797488944888,47.349876351028385,47.49684257161656,48.87004371300986
CRBH20_9,CRBH14,45.18265062954012,43.66429350282779,34.490858003443336,41.499278638724434,42.80696163318459,42.56109990721067,47.86270098536274,46.19342155504837,45.27498827215316,45.24389919375665,43.81113730859494,39.267213948038886,43.34326122466732,44.50990738604558,43.72924230216447,47.19911875269823,44.39545522836673,43.37699991445324,43.66417539478805,44.95026132026178
CRBH20_13,CRBH14,49.54649458431345,48.64260282946649,42.21997527771241,47.882505058893415,50.02515209673402,48.04153547514199,52.09979348576782,50.11144569367028,50.57633476970727,49.32932905482946,51.74908295872984,46.228089194488746,51.61600633429995,51.07258526390372,49.38827635353229,54.209368327040885,49.712680388211496,47.833139619931664,48.97851695551752,50.100702138502015
CRBH20_14,CRBH14,52.41704985109988,51.502651265850126,44.985301033479146,50.28442872034223,53.04895753908677,50.80754076097999,55.133940848905326,52.72502265309477,53.75895024697199,52.09054838865056,54.276950093328985,49.0218944676777,54.37301771506052,53.58641852510654,52.25566445454816,57.11239476181009,52.55353449391697,49.301688345058096,51.4910503395679,52.37413517580295
CRBH20_15,CRBH14,48.78880513231234,47.44432811984475,39.31208972328212,44.71864445928542,46.43696444523034,46.38257612835668,50.58266339100908,48.02805650886872,48.76978218258254,47.6795000964156,49.5958470121767,43.98231542975664,48.09077620631801,49.103346201423605,47.022554654935405,51.3288094924844,48.48695486432259,44.2604611568883,45.537317247655075,47.74177375319733
CRBH20_16,CRBH14,41.404097311412045,39.940713340387,33.59455327732495,38.44347912383713,40.23089047575575,38.77188394810671,43.231764337332194,41.19951121336744,41.43874606278749,40.04645056932869,42.56993988415121,37.356102280999366,41.88844169126286,41.418696821344106,39.95019130626149,44.23507404962344,41.60606586985553,37.66750427349929,40.025630956378336,40.41605007267615
CRBH20_17,CRBH14,34.44293328512329,32.96805290132288,24.527301417080945,29.03163809151516,31.28846361586132,31.93813007286148,35.11986201678496,33.05520160535085,33.38256288134338,32.62314144040587,34.41766900067073,28.846684505886,33.32810886415212,33.40782911096888,32.352106795320246,36.50417835080631,33.68983727335558,29.418555822282723,30.722929234364475,32.82832868364923
CRBH20_18,CRBH14,45.641876495375136,44.76030230320381,38.56364354860653,43.65489592091577,45.83548877054312,44.21775001911873,47.97835142067023,46.22173296270537,47.27290890950309,45.44381480153234,47.28636616393563,42.426713733261366,47.41993092793104,46.46463980998978,45.356793732979845,49.84777744508035,46.372639869751005,41.85738817873995,45.56004724491916,45.733984753221094
CRBH20_19,CRBH14,45.915798186010754,44.57780215408079,34.6756371414644,40.69740611912022,42.03215729957406,43.0965098157744,47.48863148098533,44.66501850364235,45.2945996375006,44.079505163891,45.19783899431545,39.72150671085125,43.744884670043206,45.10300511899717,43.58908172325536,47.67507496231148,45.67157691847523,45.33155748265967,43.40663722091676,44.954247216219706
DBH24_1,DBH22,17.189999552475435,18.195762387620544,11.4961733638051,17.08570785439413,12.881972063400209,15.513333143371812,18.934368209733933,17.24509864935345,17.661944345070722,15.794679902607708,14.027933065246112,14.844890975313936,17.626717720238236,12.920904884698531,15.778235452072929,17.334625049506727,20.74503634470449,-42.26184476852866,31.04277945667656,24.74988164858552
DBH24_2,DBH22,17.59999918259886,18.66537855532325,12.410018297438707,16.91023888619808,14.37177619129212,17.779495757635885,19.78569387245416,18.11009661397952,18.69000905516057,18.23035309436405,13.338322367086956,15.276240423025532,17.563689288111078,11.7131062127663,18.16271861723118,18.94369419277671,17.575498388290967,-65.64123652672727,32.52001801036253,22.881132612499666
DBH24_3,DBH22,6.899999422833177,6.856535104600881,-0.6567789004720621,3.425806020893552,3.528698435614349,3.396413853598911,4.731343874216382,5.653410876268424,6.803887875535386,4.375541484389086,1.8779204946569297,1.0960662174920743,4.190570453952748,3.146164831813582,5.271085543413262,6.079981525538272,9.040814249184022,3.1216552743042567,6.975562879818463,5.381382061408198
DBH24_4,DBH22,13.529999716753084,13.48437118115491,9.345439925036462,13.753121566168838,12.8473363014928,12.173344941676314,11.934033787026566,13.873739178253246,15.316102836862076,12.969034171126976,11.34554027927966,11.299528021597451,13.774915158492226,11.580466272169833,13.452835378772551,14.868296011975197,12.844549336099348,14.61982054473494,14.119936438998183,13.890834662186224
DBH24_5,DBH22,3.4999999800644264,3.10900234082245,0.676398297905759,3.5397308679127093,2.5690163821882845,2.387315868435269,2.602800739260017,3.995754490115712,4.81667756987422,2.6938197962547474,1.9704644623066296,2.022226401080009,3.241811269659577,1.757351012525299,2.938498917796073,3.816923075214511,2.93724515014714,4.713230134825288,2.965608582160376,2.3016446472992587
DBH24_6,DBH22,-2.3999997173972605,-2.6645279049801283,-3.729006362341224,-0.0367877429041443,-2.5974364745174725,-2.787171180370283,-3.210153291240508,-1.3956818483359708,-2.608624403674141,-1.6662235219379835,-3.0387454388536064,-2.9587688543631567,-0.8361337838443575,-3.13640053404352,-2.8249730413402223,-2.0230137372231787,-2.2699522048119447,-4.330589449972931,-2.9628699213348417,-3.4963886423824815
DBH24_7,DBH22,14.31999963157355,14.831708758296609,7.590340228264747,13.19276821877276,9.028814394909752,12.478609475485648,14.699459442363343,13.785100892235112,13.846894260191265,12.085950755930693,8.593987854454678,10.493476853711178,12.53397507564826,6.886929153495464,12.869066138812675,12.769257305657318,15.577484365003473,-48.08822653710062,27.252790424778855,18.803224729126807
DBH24_8,DBH22,1.830000231615912,1.6919096809873166,-0.1683358797666444,2.94814863302894,0.1890220433320859,1.767920091834262,3.68079022861222,2.7561858920471383,2.1484974969950947,2.2987050045711594,0.6700980400568131,1.3389874968691386,1.8684517531490608,-2.8855943470951524,2.816794773124601,2.6118973048468472,3.173981010874383,-61.16582040472648,6.909801908513234,3.9979966722642057
DBH24_9,DBH22,48.13999798670274,46.92376947799063,47.4048053141057,46.13155953754339,47.09840730990312,45.10323491302794,46.55093171192466,45.96831602266286,46.24252323011343,45.38696865556133,46.3154521301864,46.56434190314498,45.889443352859175,46.491973055276006,44.25389010947567,45.78949979342308,49.1694353417692,49.616914219747116,46.12017204558094,45.60956647804657
DBH24_10,DBH22,6.129999489969951,5.8194851491208,2.3603586889046,5.874570440783728,3.341288213105788,5.215538718553054,4.882069641886546,5.396332292907441,6.400472890536395,5.882176294869942,2.0978967017772496,3.2443759636815828,6.067154980906892,4.6698795095080445,5.155472821438326,4.480658169168343,7.008906749917569,9.748030524809796,5.770472244740601,5.2437279545341875
DBH24_11,DBH22,10.649999804872582,10.47563399831702,4.116586773214529,10.246501298402206,5.752440342623727,9.21695955651272,10.341021607213694,9.961902471314328,10.11128593342992,9.917899059713784,7.110147262864722,6.779517415565382,9.506096783117307,5.546689524231882,9.210923229123583,8.875244440583952,10.452033404660652,-65.85160034273373,11.29908361371197,7.809309841436365
DBH24_12,DBH22,3.76999973648717,3.7846970123981634,-0.4867154870940912,3.471137807321585,0.6998057818708908,3.9923784264705664,5.4353938163683,4.383230420696411,4.038463224222767,4.277915819446101,1.151324011529268,2.0199663001886026,3.411055281185468,-0.9767375726413828,4.152327767584279,4.153014262929903,3.042959663179344,-59.92823324265005,10.365390216457419,6.012330503726375
DBH24_13,DBH22,82.13999680695656,81.618148005667,73.38306770893274,82.09678863810643,77.21401442857315,79.67464574288698,85.18636140310115,81.8814484709271,83.3120052877884,76.17319791021752,69.44552281736124,74.57752534121002,80.48339965686422,76.26504176559943,81.82618854337312,80.39386233802959,83.10690303495647,98.6740995593559,93.65715108025888,89.18013145461141
DBH24_15,DBH22,59.32999730442081,59.63800286236539,50.72162787406757,58.21816861371221,56.56494633496847,54.40317004732582,59.142766549655605,58.846807039983936,56.60079977906311,56.676418247569366,53.19906339010625,53.63622652484054,59.398043866965736,55.04518239478287,56.81259878482429,59.15503900339561,62.15689495813517,48.839238107704794,58.25477020535262,58.66030079248252
DBH24_17,DBH22,29.52999908775377,28.82164468165288,26.31558619944524,31.34466945118781,29.301247976354688,30.063207065592326,30.530124503318543,32.52100655508674,30.209420914583127,31.76714792295484,28.093712607388344,28.42450278332141,30.883191328338985,29.79628900819808,29.55211885944489,30.42004283802229,29.19552430228756,31.855354836455582,29.80438961415124,29.04526558306399
DBH24_18,DBH22,17.7699990292354,17.24179085865556,16.10069500052651,20.617653024006085,18.074329264223053,16.976095377967113,16.715401398785417,18.661282110715536,19.38990595139234,17.65929387056897,17.801636111640843,17.41056706182203,19.77977689736572,17.459891628279635,17.597335530370696,19.106722032654336,17.070382585204694,17.161450744929418,18.39964826410028,16.153054438724787
DBH24_19,DBH22,10.699999759765682,10.582576484679306,10.745617000242673,12.70876658462694,11.748793053065071,11.547146962384398,12.747972749052488,10.93361664237876,11.563853209871125,12.042148398351062,11.51816976714486,11.467376640274022,12.273152645285546,11.344730666580643,11.56980199967804,12.905054058153034,11.121034103829189,19.41559036461163,21.013666753436617,15.22463026784027
DBH24_20,DBH22,41.87999798650125,41.94501355284347,41.79736101285275,44.30824140331628,43.51104326456869,43.31130630871826,44.7328877948287,43.48695844694383,44.2347668210041,42.75605417408927,44.1731910733471,41.94205359065688,43.23850222028666,45.17314442576779,43.64833273660442,45.050829651573245,44.70481272288925,54.4601459528933,44.65862345108965,43.526104980005535
DBH24_21,DBH22,32.9199985395439,32.193192154566944,33.53050771518436,34.70615198591264,34.00543669186187,32.40364170115381,33.39944407840123,33.17965405328482,34.715012482440315,33.853364916398924,32.6966573755724,33.08944605234016,32.899331766018555,33.309103421949466,32.074947344062515,32.857919152773874,33.6633922407601,37.49874636602344,33.60577957487871,33.29716227530548
DBH24_22,DBH22,19.35999947736443,18.021052894122416,14.170491797071008,16.707340788600344,15.55834389593973,18.31903467850604,17.704161174470393,17.899078606572143,20.03099309893804,18.70705334201445,14.190415473883885,14.27749703436806,15.373959335864017,16.45679024907076,17.039878327468053,15.137170957631149,19.38563193354037,19.90916215983976,16.508020642546956,16.58449020395231
DBH24_23,DBH22,12.89999965759054,12.230797073553088,6.207549934569341,10.910429163309171,6.549823282918919,10.400636952528895,11.46897233411945,11.504803125083418,11.152858600722002,10.989379079534393,5.843274535274205,8.614178536542992,9.908629489762902,7.896987730245935,10.127897301485238,9.395828747552036,13.044675725616733,1.754035224126105,10.909152850546592,22.283813483856132
DBH24_24,DBH22,17.089999015179757,16.126139756689067,15.885245709472937,16.80782174712761,15.885223056377937,16.686832335723743,17.973830107908388,17.765842657470262,16.28100194132041,16.80805317264971,12.372259922839904,15.090690891616273,14.90210358686595,13.540499958298238,16.63470587672803,16.62097145134567,17.257820896285853,28.64032508560107,20.10701850644789,18.077026237338934
INV24_1,INV23,31.70002411302173,31.815420093254417,29.678255480114263,29.46798791125872,28.87270801404758,29.57447131168301,28.16124718500468,29.259908530709588,29.197994806446417,27.15463131348904,30.045806353354443,29.756334099428425,31.726331694710147,30.34517066660977,30.0037494761296,30.0333403756365,31.513521642595524,29.716525484239483,30.089990165985117,30.00950050302864
INV24_2,INV23,69.30005231607146,71.7532830973902,69.98538239561478,70.39370783044036,70.20761901737792,69.4625691122456,69.635014237792,69.88592616003865,70.73692300779402,65.77263751386417,68.98449210876208,69.60651683625355,71.72034976867741,70.06741062230311,69.77373537266747,70.34872506478617,70.89195878595615,69.70664498245583,71.20649587117794,71.40951982173806
INV24_3,INV23,60.60004573195402,60.4446498505633,61.610660595833465,67.87062420048292,65.14403767933801,66.4387892096008,67.6130766792788,68.31347169252103,68.10594859917671,68.53283570149495,64.45471136842914,63.67236273944922,69.91924208131947,68.52288001263058,63.99273625812492,67.07706404792573,64.95126889799496,68.32745960485265,84.88484104926516,88.80666188622062
INV24_4,INV23,37.000028116823046,36.94397062473185,33.381590618094975,33.336661567282945,33.601638235855084,35.001154418077576,33.75318635465315,34.59562183965292,34.71984926272214,31.440760667197267,34.19967635095916,33.38625853558676,35.19067859448108,35.106301663193854,34.8767472135548,34.73356498829164,36.06688000094581,33.87156175097454,34.89226582863433,34.45168887769919
INV24_5,INV23,74.2000560532185,76.47995108480734,72.78564141556969,72.0670643153393,75.39204694575614,76.27777380734749,74.50037468289817,74.23428776178748,75.78980361502418,71.58267657459886,73.96434818356116,73.15432845742606,75.44547849893691,75.17442063606794,75.05491302549598,75.79528001570453,75.78494151850563,76.03324574579734,74.6562126957808,74.63397568934998
INV24_6,INV23,9.700007564507882,9.471382457003871,7.486512698939738,8.35826806208325,7.687437467466,8.77560076793583,9.191897330112615,8.616850973902679,8.951870940223312,7.763488352682945,7.745758386233562,7.739666900776043,8.42136100215847,8.547335286101207,8.495715164502993,8.356177890775937,9.22608355994828,8.174135519805036,8.321073464370738,8.373990961258244
INV24_7,INV23,18.900014325065808,16.949410851335514,17.532149846162323,16.979378570282666,13.683811952553665,15.37198663432213,14.577063970428153,14.1918788260628,14.185987265124654,11.861907534396074,15.906965694878766,15.91038242129279,15.666504315399427,16.02930782851094,15.006554107612684,13.732802997739451,18.53817514982226,16.267889739119227,15.629722995566457,15.51589438385894
INV24_8,INV23,43.200032563719134,44.28187370622763,41.51155950111661,44.116063238348765,42.76271355564328,43.17641687216925,42.718889548992806,42.57303030555822,43.23433718892676,40.43481957138651,40.85193296266088,41.67578745285232,41.92686020576707,42.43491716461009,43.17908748971898,42.70342445248493,43.31045483358636,42.1937446681083,43.12115106680443,43.766760234255976
INV24_10,INV23,31.20002330907177,31.91040821039857,30.3228918212268,31.730829933643943,30.88223964744762,30.327074799374746,30.3756414598826,30.726004723168963,31.039114694248347,28.35765852890897,29.517308085151868,30.369997702426165,30.77898735606829,29.62253803597685,31.53318120376891,31.049605962349336,31.20431306489062,33.83901585734976,31.328513327426364,31.394267599435395
INV24_11,INV23,29.30002188558657,30.80430962235354,24.864725058490365,27.80708253211424,27.89905866655328,27.63242989096356,27.763903605265384,27.56359567852068,28.029794931615584,24.72707200756681,24.29621559395713,25.02125265327436,26.617164303395647,25.05048104061616,30.843223367469285,30.122874243169854,28.67201893172776,30.73059018546371,29.66820065377727,30.73888951985465
INV24_12,INV23,10.300007650734566,10.815617627387986,9.085302232988242,9.78956308111971,9.564188096190556,10.159874117513406,10.557482506277124,10.185040635967749,10.12688104993833,10.120161427380651,9.372320046375048,9.713170830702795,9.409670037796635,9.938812194082272,10.544609525972032,10.439372171098668,14.875532620609302,6.501928484435586,9.514445463064517,10.259285955053073
INV24_13,INV23,4.500003470492761,4.547890538223717,3.7797750163606127,4.341181575593501,4.016855249179265,4.742239697734409,5.0278506976275015,4.9118316632579,5.069556420526066,4.820704611926139,4.195932145887285,4.56966197946864,3.966817204522154,4.549121021565152,4.679891109429926,4.581240721473373,2.742392389147041,4.553146754574087,4.593715039790802,4.741314225306721
INV24_14,INV23,24.70001850530761,25.24162086561228,23.197108089079567,24.54787751550005,24.305768296161546,25.330066255173147,26.04322248929505,25.62188382571063,26.05656516053942,25.07928341167278,23.97018765020541,24.82859902433789,24.328972843597253,25.288991995029203,25.363836995304887,25.384141319362783,25.949790290094203,27.685485966473017,25.779074183296018,25.43837376983575
INV24_15,INV23,37.60002820304973,38.38877931130165,35.462922701313374,37.00414150420922,37.043166757635085,38.15866286477764,38.88904994430541,38.30462389019269,38.60413949604266,37.52492171961788,36.32995454963225,37.320194682896165,37.166873912544055,38.27141106878384,38.306777628175965,38.37055518105262,41.612684332692126,39.64742011617114,37.824146756522005,37.527141702140455
INV24_16,INV23,4.10000320383848,4.201736545782371,3.2513325965080804,3.850808272976779,3.5333337226018693,4.422435769362919,4.744815247676788,4.71547779918606,4.719681045903956,4.568255856185245,3.591859334974576,3.951903124063279,3.5826224582443604,4.016058249449588,4.343946319567673,4.242726719689959,0.758030814035024,5.61951949627506,4.84113664757843,4.4667474878740325
INV24_17,INV23,13.100010144824004,13.46000900427052,10.488721210434472,12.51194340622632,11.67257499932824,13.09745931876784,13.63728375648792,13.699185118897027,13.222921429540254,12.760803748964715,10.891631050218232,12.041481544045798,11.484091421881384,12.483030594099516,13.863215342355469,13.695151174171215,12.883260332808105,13.10637662379154,15.065538978736551,15.273707503073087
INV24_18,INV23,11.2000087213388,10.70217188385067,10.170126430022572,10.165100141921869,10.1395137568671,10.16281713692719,10.634791296998443,10.71788685461389,10.137915427452684,9.690738120033092,10.24680074596138,9.852709610479463,10.192957421009591,10.949166201653226,10.38187692930074,10.300412017852562,10.700920053213682,9.269188790295582,8.282324935818954,8.961834874275656
INV24_19,INV23,6.200004446896084,6.15956177508791,5.271841692322958,5.905227039592641,5.685108262343688,5.716906238136889,6.349748162241788,6.259352284907148,5.844828625239174,5.420329635711068,5.352264436057399,5.119342582933017,5.643969368694048,5.8790965410914335,6.352270373800889,6.369801168702203,5.948104491563398,4.590633174443489,5.73073219324345,5.455571336054165
INV24_20,INV23,21.300015924991488,20.68891965143168,18.644754326987044,18.84798876959261,19.156461508397143,19.93338437680353,19.43014311390442,19.70201165625756,19.21872444163684,19.33650200862179,19.726302673492587,19.18005278976979,19.850400076596944,20.36794127573645,19.957406129688703,20.1482356513212,13.542369593907951,20.884743637733244,20.087655418470483,20.7770298468119
INV24_21,INV23,42.30003212062437,41.96314211334376,38.80750740991438,40.925075153193866,39.91565638509813,41.31487864189877,40.7519470463106,41.0086734713479,40.59650290951206,40.28278168146919,41.558504739913,40.45970691082488,42.06979136451236,42.78162637742652,41.09123884620831,41.65123081086949,33.63829139802013,40.47140564242072,42.51711241927259,42.06973199705456
INV24_22,INV23,27.20002064252897,27.596032458980112,24.46302957502536,26.658324846107217,25.794301717448384,26.54722128159584,27.51959477695824,27.600897414360507,26.94792448439344,26.00654562728737,26.33025536289265,25.57437433049116,27.32634062138533,27.59598564674049,27.604844637280976,27.98860615099095,27.036756505804323,21.260344231736525,30.425220282692777,26.715647433104966
INV24_23,INV23,8.400006227249364,7.779454013522972,6.8221046010226365,6.8823140095380895,6.928613227278597,7.239978408311602,7.454650905444466,7.646529309056802,7.394478017936608,7.167346633944559,7.112910877399776,6.915303876891497,6.999077709429846,7.598257515314215,7.54141990341034,7.45893102204474,5.048398342830731,13.57930725456229,6.383795768065818,7.338810683095302
INV24_24,INV23,68.6000516925491,68.63287169297831,65.93723801794415,66.22714118269175,66.60412277015074,67.1504163286703,67.92978158950434,67.91005997060279,66.78094264088107,65.76300662395721,67.77456184988937,66.38565308783797,68.06889849440043,69.92339713537712,67.38840180667094,67.96350696052458,69.65794610713685,76.93634813943127,63.6710619678641,64.9635714612454
ORBH35_VO_1,ORBH35,42.13161924544773,42.89257551176664,42.35660994359011,44.97423929647366,43.55444451807715,42.23432434858072,43.40794640726885,44.02383227233916,44.99844139562558,41.41744450067563,40.98730934655747,42.81914046255237,46.01814328695156,41.93936747360513,43.17733623630777,44.31992688474155,41.61813338777472,40.84478173579076,42.48130172816306,42.27375977315358
ORBH35_VO_2,ORBH35,24.146134717839068,25.88231305869131,25.292269288793115,25.456288781870985,27.075716286789003,25.56472342302252,26.381554701683605,26.91978344554042,26.977556611295142,25.07621532959152,25.12861921052749,25.135400579906594,26.566539411803088,24.68422748039388,26.061329839971137,26.84519741845392,26.44415455548985,28.606334016003586,28.597096663364894,27.555177989027182
ORBH35_VO_3,ORBH35,38.53467156167893,25.88412543154596,25.29259095014715,25.460141439040125,27.07622155742812,25.56502462755932,26.38547594562276,26.924327618149228,26.984463796330868,25.07704734440402,25.130812858147834,25.13590942733328,26.56699849772325,24.68757662396396,26.06266888242713,26.84676248982556,26.45137781577744,28.607528325504727,28.63364385353932,27.559991156956816
ORBH35_VO_4,ORBH35,-0.958646223521462,2.0275380177744387,-3.372241372923368,-1.535139930345241,-1.3875105454571388,0.7788271086288903,0.5837349151497923,4.135531472495066,5.796156354883666,1.9195420057615007,-1.0298414404123415,-1.8705955765197304,-1.1456471843486815,-3.1416074193479027,0.898449804423392,1.006039315803298,10.822103149225445,7.997424891620278,7.0838807812184115,2.9899872842136745
ORBH35_VO_5,ORBH35,2.601341152225204,3.913178447671378,2.50270889934634,5.576490702170905,4.45048494086592,4.947736500305807,5.9390579578957245,6.196520012300168,5.805488424796711,5.422933235283555,4.367408647840852,3.912070579711384,6.125617905061233,4.810173434152416,4.777180743036238,5.513161881274902,12.274280815068646,1.6021794336647917,5.164371283426519,4.6045165459588375
ORBH35_VO_6,ORBH35,0.2277671137995582,0.317334176577549,0.1842598739295591,-0.3454341135666462,0.262813329674162,0.1996735146518427,-0.2635746241642006,0.1644384184240377,-0.5346400171920738,0.2271461304335836,0.5969523354615608,0.664163055455009,0.9714719524186164,0.3010680014823786,0.2406955032244029,0.7203619881789467,-0.0360152856444172,0.4736039045644995,0.18101975181362864,0.33151272868939136
ORBH35_VO_7,ORBH35,1.2128063857999838,1.311339178429041,0.7296468693578035,1.915071502759898,1.7114917416365436,2.049841273256799,2.3472181385019613,2.686395794360052,1.9185456462008013,3.070962779266364,2.086514621184389,1.7436104375651928,2.529476633738854,2.607055441745668,1.8071276367785376,2.177243580499621,2.1779294138497267,0.7940585763070511,2.4977866181229946,1.6954963357775295
ORBH35_VO_8,ORBH35,41.812505577509256,41.92940594896795,41.29665645702626,42.2014857737952,42.95386925667165,42.97356815959238,44.3357230552352,43.43833763236499,44.200512208331496,42.83634608207305,39.770440589911416,40.22096208358587,41.83561217060762,42.560934621190384,41.98818457314586,41.50854369057106,42.64807263933584,46.88844974794166,45.134001733594395,43.25306405549972
ORBH35_VO_9,ORBH35,14.173683875016454,13.369742268460978,12.52379674647988,14.255623873885824,14.055550384691102,14.96495888909817,14.603603542388232,17.431542946518896,17.12496415682969,14.40296385139392,11.641174362508927,12.162046633568387,14.520354119503894,14.2051273079969,14.176989783188311,13.342919564238446,14.771242389634066,11.188802542452763,12.803765006846442,12.804050835360476
ORBH35_VO_10,ORBH35,12.802581949290094,13.814248205306027,9.58700747819673,12.492054116975597,12.040758339373951,12.85333930812276,13.327820556781344,15.403920654242986,15.10156142648814,13.67019825995506,12.9987441719263,11.31467108025672,13.216743787001407,13.833402116233543,13.021532178469547,13.962302351348791,18.47334767747443,17.232276934293235,14.717172151139655,13.831166801780487
ORBH35_VO_11,ORBH35,18.6203421376099,5.824203079082795,2.0250672619652565,6.215693940771532,5.7534011223954185,5.628935684970796,4.212626031439694,5.761279378345682,5.196750331889865,7.310532373269981,5.673052299294286,4.153900620069585,5.356365963484478,4.825170596832403,5.846329125901772,7.647582583734852,9.236924304433249,9.209843457194504,8.399153989656579,8.04312609030021
ORBH35_VO_12,ORBH35,46.27688470765016,50.25147079321143,47.14444736625176,52.96131090629562,49.24036164010396,49.57490507575076,52.9447126531816,55.07029708099272,55.529189300031,51.370622331280224,50.039627485328985,50.60437352452761,51.035177478265126,48.07131726302217,50.97397440846544,51.2522550936684,56.0126407734179,48.7562557127942,55.96155746341567,53.98034093281261
ORBH35_VO_13,ORBH35,67.49216740084984,68.61276101842925,70.61018981386846,73.72972534047727,70.6753984021266,70.14224344885609,74.06016197761252,72.71186424818413,72.67710235685085,67.03709458097075,69.26462934350815,70.17220941079887,74.24910200546405,72.48990605234081,69.99794086819449,69.46649612926794,76.26996762273058,66.74567529266778,71.54777175069576,69.9209060172221
ORBH35_VO_14,ORBH35,28.432370183389075,28.114651029769853,27.76056174075676,25.64883253389057,29.11832883916018,28.894320067859525,27.31344473699481,26.985372430053147,27.33920425189101,28.04890774067918,25.248761546908064,25.11882403863332,25.1024934183154,27.00131349245733,26.921567454977875,26.204348787244488,30.18083735351996,36.47382771400493,28.348749150711072,26.815763091544074
ORBH35_VO_15,ORBH35,10.297325047732958,9.79513147467204,10.758177167119284,9.291642471052205,11.020670529718476,11.223565426996451,8.98822865090615,8.619788973240254,9.145408353473618,8.873545897937248,8.586380870858006,8.367500859991514,10.611299162090775,10.062282714592769,9.775821062870971,9.568077211641976,11.73943196399044,17.155095827536243,13.648945051537467,10.228678279031941
ORBH35_VO_16,ORBH35,43.402451432314045,43.80874260695368,42.28996203683812,43.951535337064094,43.74824937587629,42.50344433670767,45.052225985658986,44.408817806043565,43.72534396231075,42.508614073501626,40.29883500529748,41.61549370705658,43.4739877633643,42.44865309598856,42.86916369804263,43.15795340990517,44.15335901480214,43.959965419665515,46.187047409357156,44.16739676369865
ORBH35_CO3_17,ORBH35,21.755060067691364,23.988616662155263,17.529695029155295,23.017621428684524,18.72599383697782,21.40454268812521,23.74068967698995,23.35802856384205,25.4052213706365,21.05183184918864,16.42864789242433,18.715087910582064,21.802301553697788,18.73787227756783,20.76767623205109,19.23833072416492,28.95820584607965,9.27242677049773,16.704023829514032,25.4524940232112
ORBH35_CO3_18,ORBH35,76.69131949350411,77.83100690658887,69.29155307674877,77.4008073072747,71.1525786317967,74.80419330940711,77.83345193451417,77.33954180029168,77.51739505347308,73.00170874071192,70.43737659126755,72.5264832658224,77.66623866921147,75.09139328878143,73.94892858146382,72.7187868071999,85.16977515175472,69.2811111405536,82.00412161533389,89.14918409861417
ORBH35_CO3_19,ORBH35,62.554614751794006,63.223527363708335,55.85139753096736,63.0011696953476,57.57179200050596,61.03209227995451,63.99013121529055,63.17040642767827,63.79229009104613,59.96222853627396,56.65217856053553,59.01655569461934,62.78066330538307,60.55704426474557,60.34271677235232,58.92640824833168,69.09858341775406,61.14926929395192,68.66670640771683,75.93670054584761
ORBH35_CO3_20,ORBH35,7.395821641195368,7.44930038311038,7.672526336363204,7.3166246117523075,7.264565860997663,7.879272510282673,7.241010912403164,7.137710177248303,7.168677456067002,7.679625790290935,7.501250323688697,7.2425531424146845,7.463144434365682,7.32451642188158,7.389579678955797,7.504777240699685,8.000676179605819,3.664465257486196,6.264545888465044,7.936284203514967
ORBH35_CO3_21,ORBH35,-0.5185487289842217,-0.3667109518098792,-1.4655743555509448,-0.2875479333630142,-0.2740870393997526,-0.1054780674874015,-0.2253950652339824,-0.3431406292175033,-0.2316460008497918,0.7336945564920767,-0.3989080864315054,-0.963095893191489,-0.0936232212734016,0.2725934413218766,-0.9319566768117176,-0.4777918631192449,0.7799868546868799,1.6744620842044102,-0.17101362044547108,-0.2668937047056836
ORBH35_CO3_22,ORBH35,-0.2275851360520808,-0.090047421249161,-0.868117188741499,0.4788688576328545,0.3805004725263876,0.5296242711889836,0.4967137210574952,0.3646445003559607,0.4928854112802571,1.5695738224637792,0.2411306183185709,-0.3515699639777487,0.6121918422736646,1.2008387133620968,-0.3269586658984902,0.0524065792302767,0.9074719737560168,2.3396862330277632,-0.22233486654513063,0.17661688690612723
ORBH35_CO3_23,ORBH35,5.50185309379378,16.3213541890372,8.271758350968796,11.521111092306333,8.876898430029787,13.626801210754849,10.79494439048088,15.709838990221863,16.027866188217356,14.418598940193366,9.237203388638935,11.204593054544704,9.431346411291525,2.259500785388358,13.485772660767491,12.57408485374663,23.012314115460345,5.241599878260106,13.347752429496229,15.138559054507473
ORBH35_CO3_24,ORBH35,72.80987783948072,73.50278766870154,68.70769083993733,75.10861497253707,69.96470564468108,71.90988116143488,75.16349293507045,73.80240292299736,74.16717763154763,69.82242226399605,68.9106965553686,70.2100578329645,75.85123666704843,73.98682224710305,71.35755510348253,71.19843652213106,80.57816867027425,71.97777264027211,73.73963752787964,72.66366817918298
ORBH35_CO3_25,ORBH35,12.592127821879853,12.461245409821917,10.828633679873915,12.44949698922352,12.821720423483622,12.587808674181211,12.248286829360383,12.803314880352138,11.66338073051156,14.226810270342924,13.750290431666754,12.057571639943454,12.525412897106872,14.036542055955778,11.146163764892036,12.415570689490323,15.227733990876406,20.465007817291742,14.790671374640235,11.24828017611458
ORBH35_CO3_26,ORBH35,4.1967337892648295,6.458599155895813,7.015330832326876,7.252737370152543,7.177029167884392,6.398845883980112,4.904262518462236,5.489159518377233,5.767112267144265,6.677159387916782,7.570019149708081,6.383189710860592,7.892580605699767,3.849959001675721,5.945253107931395,6.850408102115338,4.5506625174211806,14.146482268948828,10.41764372353097,12.408851625061995
ORBH35_CO3_27,ORBH35,17.86027756224947,20.580458968680524,15.977018154286403,19.33288240845716,18.605579537979832,18.684471095816903,18.765858258835927,19.620764176861243,19.363920344801667,17.658868419150483,17.70081328594166,17.1649366358304,20.74525556953753,17.584368674595932,18.94296615629377,20.70884000250092,23.793315382524405,18.701291219061847,23.28851109242409,20.39114293010634
ORBH35_CO3_28,ORBH35,3.271973077342607,5.215153741522402,1.379552721312357,3.837508084230988,3.771380633850868,3.836925504418279,3.841334636986012,4.300290485496913,4.461005827443288,3.6745834696581214,2.8124207810814057,2.493474532663145,4.573010056208989,2.135464815496692,4.173252949520364,5.61357820635889,6.573711609143013,11.433565740572975,7.280237298293779,5.044189555189802
ORBH35_CO3_29,ORBH35,6.944221897998608,6.691474698832783,6.515216449170562,6.220887899453248,6.01115358815944,6.803827948336641,6.159808009776859,5.986371858497384,5.99086790113558,6.734821045236541,6.398055849560471,6.081018610450488,6.176474284865538,6.409961586818207,6.226078281293882,6.201894003425873,6.852264140225093,4.528581625599012,3.5936873019517925,5.801814381364974
ORBH35_CO3_30,ORBH35,48.05546681296159,49.49377851742116,43.24559822291311,46.57064743208732,44.34610118341882,46.63828623905041,48.38415263592408,48.08611211662207,49.67439274956863,44.18151718280258,40.69297295292984,44.43971009745273,46.34893547095079,42.06627298162201,47.24943014050932,46.153072256598485,47.47438370137044,51.87821598925375,49.76657247132813,45.999642027307075
ORBH35_CO3_31,ORBH35,48.798030149090486,50.52826773225947,45.0003652769152,48.43280093538225,46.25410096818317,48.34883313967283,50.187464324841855,49.94523556494645,51.576733716630095,45.96220119382868,42.436206131808135,46.212770558630666,48.341420683998,43.9090730887256,49.017929549084464,47.98615393622182,48.7502808598203,51.679323769964284,52.386109811741726,48.57762244106888
ORBH35_CO3_32,ORBH35,27.7114182735468,40.03863198955107,26.14464678286709,34.41748175185493,30.71619693831437,37.577651842728535,35.14354215358674,39.58117915173195,39.52420750383792,38.760400524681934,30.02798188399497,31.62279514151332,33.01381823403448,25.780124395840364,36.8701199132254,34.97010481004474,46.09751964293364,33.8248294178608,34.945497169316454,43.12788221417872
ORBH35_CO3_33,ORBH35,3.0353078792008783,3.1706306737933345,5.027778722281528,1.6647220172779795,2.7353828862101888,0.9311738587460526,-0.5813159916386031,0.2569239022706323,0.0030637522510406,0.6543088349267028,3.895792481937449,3.523675598779253,1.534007275755627,1.874484252733432,1.4077862550895677,1.871030879861183,1.027960505881372,-0.7291334159345761,-3.0287218084389673,-1.7088445073784178
ORBH35_CO3_34,ORBH35,7.125051303138478,8.291135655296479,3.687005647208923,7.461464528761932,6.427778714310652,7.505113711274075,8.409327566735605,8.844283876147276,8.624019140104553,7.059111729082948,5.490410270252949,4.925705646669661,8.615972962636349,6.30061962972889,7.2466721773385885,8.32215771562657,13.337679587808042,5.526870960798896,8.22255707475642,7.788984295735374
ORBH35_CO3_35,ORBH35,15.849046319430286,16.99686838884203,13.072525731885214,16.37781981330299,14.379982383678302,15.366332773987963,15.481808887173653,15.320756635361665,17.208842595200444,15.083688513379885,11.59467452996739,13.926482102518108,16.357312427175867,12.67403757477945,15.697777505097552,15.41185726856356,16.837386028941122,24.55363339385904,19.85900939449484,15.763827106830073
PX13_1,PX9,59.300045022204976,59.03704042764255,57.43138506141268,59.86990946794919,57.65220514331679,57.48656334998067,58.28207825731845,57.84511893766037,59.617507838217165,57.55035834764668,55.44738509422783,58.345484763873706,60.565777376823874,57.473257011585794,58.340181367548496,59.01248428764952,58.68308230067838,60.01217698945928,56.556750078925575,58.502725590153204
PX13_2,PX9,46.900035500903336,46.92776244627641,44.181054080821454,48.51494230207714,44.30434500873207,45.83415794842068,44.87222627354684,43.48642324410368,47.79971967922663,46.26871327927422,40.29156204499808,46.55727796625419,48.23295981298172,42.19575121571148,46.58780209783895,45.98762630895979,45.78191668906131,46.31554763191991,44.85678046584774,44.746505958459196
PX13_4,PX9,48.60003647730666,47.86496409828205,46.23899185781267,48.512261518853016,45.86809453929672,47.45034624942865,44.37038649033165,45.69497421352711,50.21746197599897,46.02446864519938,44.14773025294068,46.98805813735949,49.9385037060656,46.05855150853144,46.762072083696296,47.07960605928908,47.75176655795988,48.85632083332403,46.61765125205542,46.54538497118559
PX13_5,PX9,29.80002268953653,29.536551102427616,26.865931021726144,31.0261504739534,26.019828936146183,29.292230100451267,23.493904821798058,25.61325262121501,32.6646139180348,27.98486989682885,24.044773175257543,28.9693799273434,31.63477799967954,25.277710692472905,28.66173857586637,27.85822769181354,28.73499006787345,28.725261464064456,27.248069111713196,27.68640988865643
PX13_7,PX9,30.100023046404605,30.006625226548948,25.74525614168813,30.72030185428174,24.503322334852456,30.51387809472328,20.754548357334187,22.46967111983325,34.75019505612414,28.34524218722017,22.20867129253313,29.38330324869357,31.87304698652637,23.33639724553782,28.57846217007464,26.968923022203143,28.32446748518729,28.476973771894492,26.91885546193844,26.849476103981413
PX13_8,PX9,35.10002669333785,35.00800048366986,29.881096035073977,36.039887479481166,28.32734975856677,35.477208205487884,23.876545540854032,26.02149309127532,40.63219784461349,32.836850835931635,25.696141916396886,34.16605577384027,37.43981976323356,27.05066133951278,33.25691898105126,31.34317014280557,33.050425618151785,33.861345536084606,31.909810861390177,31.58256517885684
PX13_9,PX9,42.30003212062437,40.82416303288133,38.95353294334882,41.142915255367534,38.0190922702825,40.22894839666981,36.51028012742452,39.15338956525136,40.768748047742434,38.85476747018756,37.67323188951157,39.7590787778885,42.68340771602384,39.45888069277171,39.217848781716064,39.5073493362983,41.25761567021209,46.216823029468394,46.19506160880494,41.41970390520202
PX13_10,PX9,20.7000158387648,19.88934205955441,16.988287447798143,20.37037883694157,15.654973389596051,19.35760050864659,11.75809870478583,16.08629372084781,18.695242358701822,18.10314330700367,15.311490328491528,18.83102486671904,21.20154061223358,16.282049756631032,18.189283289554464,17.656989279291185,19.394199206172768,24.523177223971977,21.2746144886035,20.7638870984121
PX13_13,PX9,16.600012634926326,16.09091394762454,11.550083894981416,14.95051713504055,9.787620249008969,16.523573195863822,1.545639230657338,7.64490845210502,12.235882222067394,14.16477838609509,9.54854610480639,14.486604777443649,16.982994342651452,10.0980645597825,13.457137646451292,12.2726530222344,14.555975327320086,2.740738168352969,21.002067284041345,17.046689411734054
WCPT27_1,WCPT26,36.75908079403034,36.09045740124371,37.02863401472072,37.53323000778944,37.23726535260877,37.13136082966981,36.65677334366074,37.56036552547612,39.39740183256768,35.93039473187616,35.52949442837547,36.33516965537719,38.93022391567402,37.327885941021066,36.50629399898923,36.98636780032693,36.58259914035179,39.20999610801904,37.218000571749656,35.88245376088748
WCPT27_2,WCPT26,47.012426212764325,47.04384021554656,47.86674478190452,48.804936894865705,48.26110819371068,47.202210178102646,47.36813911978002,47.44403193534848,49.87870374746792,45.88670358375299,46.28335263606931,47.02917412687019,49.71856351793634,48.177276128270485,47.14147824244169,48.18336918250293,47.40120914955087,47.83391346041358,47.19445387486506,46.812616138030336
WCPT27_3,WCPT26,70.100379781816,69.47152411168338,68.97610883321666,70.9922010154393,69.96535078717234,68.75056548749617,68.80176599350223,69.14140355106628,71.11558977208391,66.84316189948451,66.88976985193855,68.13835300012232,71.63906783897579,69.267834348139,68.37528834110178,70.4965197984377,70.23636317570396,67.6153498327592,68.34009869127664,68.41826750669566
WCPT27_4,WCPT26,47.514338410572265,47.420582910317385,47.3457572373574,47.97595201272202,48.123366789356695,47.39744092566725,48.36288464557073,47.73969381721742,49.860396221299865,45.93713796344009,45.59678667661476,46.615681339757856,49.41838921545175,47.63330780627157,47.46618841635829,48.29741168757048,47.478496411649296,49.38454049932544,46.961592732018104,47.209280324388146
WCPT27_5,WCPT26,68.61854376924018,68.34606660540777,66.96733422721958,68.5205817592135,68.5263397861602,67.24933692212397,68.56676532700745,67.75593943950138,69.11218495292212,65.5451624429616,64.79493614938754,66.26946562989822,69.59853491577864,67.33227591606921,67.38889270738093,69.28226273624706,68.53579319504713,68.34738081437204,67.32813014425918,67.72778450589918
WCPT27_7,WCPT26,31.1424461772794,30.773991313875463,30.95697257447514,31.38129573593885,31.93759769384652,32.19006257653876,33.00432533347117,32.83809888953088,34.34308341289328,31.73559762515705,29.478978488677267,30.380461862204807,32.60287426485841,31.291971519308028,31.41551727886055,31.50847822656908,30.791473753604983,33.84806176005218,31.605443896436043,30.4962131234097
WCPT27_8,WCPT26,40.10516085773101,40.76758370392064,41.226070300837,41.76105356568405,42.26335488212328,41.18587524422191,42.7723825353506,41.71462872049855,43.61389005933023,40.83067658125272,39.51050652472779,40.383886509893614,42.38271766349218,41.431659096280384,41.124976077289006,41.74078187213042,40.53239880564956,43.012991993305654,40.83644837624119,40.24876675281319
WCPT27_9,WCPT26,61.23326679724691,61.311636706479256,59.56068773387254,60.0698029246375,61.79669268206152,60.57840920528612,61.36495901028165,60.37205710732222,61.97085253997587,59.24756878941697,57.10483308444801,58.3841630045919,61.63211137970392,59.40911031036735,60.23876022707769,62.21353869149453,61.22756917001059,62.13094159401235,59.99822023225462,61.179061788107624
WCPT27_10,WCPT26,5.401529389118963,5.055090319112214,5.009549258320804,7.013999759258587,3.0796291243756864,4.700052235793929,0.8423131833875813,2.5558770867913214,6.538598205189394,3.590950701207709,1.82995636868222,5.565159700860148,7.180475638189755,1.8240456059592656,4.673702485493326,4.116951293463615,4.806858289655954,4.363399197718449,4.31741441826967,4.287328912545954
WCPT27_11,WCPT26,13.479923205704148,13.521690926561613,13.949555939662703,16.622959526876517,12.142760694636603,13.02234015966832,9.585389821520122,10.613945808787763,15.137141276429452,12.195604083204444,10.587810917713186,14.545109556513468,16.06323575974438,10.834714936931736,13.186379105566015,13.004534641085383,13.263925353373708,14.030089874403854,12.759306338294282,12.861814827486786
WCPT27_12,WCPT26,37.93020862807273,37.03608518771658,35.9117315961099,39.6192725536076,35.20445136068098,35.55404046549078,32.18112985370142,33.6927326566915,37.70784280207296,33.93564082108268,31.755242122945035,36.17001606439432,39.25910432932751,32.39144799979578,35.73608372495357,36.59460955685927,37.096259527867474,36.29345087393315,34.7048677054415,35.06933218349489
WCPT27_13,WCPT26,8.675907710275643,8.146174064177506,7.860834650389422,9.880095692712064,6.285400893440852,7.773267334838036,5.763209409230882,7.149731564515021,8.002250373729787,7.712902680436874,5.4108340995876825,8.866222046620862,10.46540860593642,5.907916105982632,8.185293820549129,7.637482003004545,7.887933672768583,9.681895621049117,7.53424064784371,8.05353997021915
WCPT27_14,WCPT26,36.830782536574326,35.40445281177766,33.25048073386758,36.70095302267041,33.17804700152923,34.09777922903175,32.97726015957672,34.492943656664224,35.07685672176733,33.666811369819435,30.39704869461202,34.350621684162306,37.412170315300834,31.53914423807216,34.69837588852658,34.87724263227986,35.526919758272896,36.4856438004126,34.013931947582336,34.258577234687586
WCPT27_15,WCPT26,59.63192850794057,57.866556857579965,56.4471591044416,59.49975104183654,56.82955434179776,56.65321821824684,55.17073574540246,55.41069292101,58.61503949059135,55.89788914312184,51.527337049322384,56.54676656980679,59.37273540592127,52.961524573259126,56.50213345242925,56.95458830279495,57.617612687710526,50.990919914780214,53.69926716700996,55.987785901273604
WCPT27_16,WCPT26,4.971318933855012,4.360450007073046,3.974368276998884,5.47705153486281,3.086774888490828,4.448998245381683,2.772449368839085,3.0606369225917067,5.8489742038595,4.621138777904496,0.6611786831779545,4.6858997009047005,5.517479460226203,0.9244715561691468,4.328244463826001,3.2677848908729223,3.834484769342546,5.026961578567543,3.633678252408368,3.9051858985835675
WCPT27_17,WCPT26,14.674951620594536,14.656330339683914,15.11559580141054,17.57994460729479,14.18126362471562,14.523895029994032,13.38632884986884,13.187210806573596,16.663017723685165,15.078530762016769,11.552674191356411,15.816323896686852,16.552810180033738,12.1965158544855,14.736718005672635,13.928057841589592,14.034430498517434,16.719910138340865,14.79849805425046,14.312142869388188
WCPT27_18,WCPT26,35.65965407502246,34.29110711691041,33.65906244360588,35.198761857743314,33.72462783378718,33.01898376651126,31.55915545245833,31.430523226624853,34.30273681269311,32.21733746410565,28.842220842788382,33.19466326417446,35.45950409240867,29.295332319032905,33.230092574545935,34.010797191498206,34.14300997826441,33.84845082570888,32.21966545653851,32.03562525104337
WCPT27_19,WCPT26,-6.381453203886852,-6.508778327464267,-7.398297605328091,-4.691335627197213,-10.678196315577436,-6.756080752459683,-12.388923499669946,-11.262064262755654,-5.121527633689575,-7.930298505901818,-11.239019604822966,-5.418233189286201,-4.501798084826318,-11.572553377738323,-7.407232461717879,-8.408944974203253,-7.514701127954213,-8.230407488599857,-8.276035537478831,-8.612191170362294
WCPT27_20,WCPT26,2.676864427466221,2.871167088506468,2.4635534376726564,6.222244449423897,-0.5866701534855819,2.7524197056839905,-2.864461334039733,-2.291685307067397,5.192747574451028,1.911024380403148,-1.8280455395996624,4.614499664911521,5.445631758984005,-1.7645230065408557,2.061234586282436,1.2760757187840377,1.7857149327030648,2.2815869414392878,0.750758786467522,1.0317584101001271
WCPT27_21,WCPT26,23.70936804359014,23.071796768876347,21.45780042120965,26.02983777502169,19.539279498877487,21.79566934329845,16.4153495861603,17.37003540912842,24.235229454228445,20.23746869075882,16.396623071938603,23.088809366480216,25.520898286852667,16.440800366414308,21.484691837724164,21.79192003693821,22.213049856559785,21.167644472309657,19.811227820319623,20.10140000342884
WCPT27_22,WCPT26,-4.086998069988587,-4.471795037098424,-5.34846561923457,-2.2252232686570705,-8.137418298977451,-4.254608360528392,-8.37545021275881,-6.995204344488707,-3.419052889445344,-4.154141207215158,-8.75307047954041,-2.9749368242297725,-2.046287749850827,-8.362624546602868,-4.811469429474988,-6.039185189351126,-5.485880722398209,-5.896346564243686,-6.063003804069121,-5.838978850636563
WCPT27_23,WCPT26,20.913001339393407,19.74286534681761,17.440449062979084,21.24730607043148,15.974213249684732,18.799217478258427,15.97974386720596,17.34138188328232,20.21858128314371,18.641670494377667,14.169987969729448,19.693518441034254,21.993627560804818,14.644259504706676,18.852768634757084,18.210037286882944,19.1799838484778,19.491879587309082,17.704896049867184,17.907955768877823
WCPT27_24,WCPT26,49.474185412598565,47.57526142290267,44.85327015360408,49.847365422318894,44.53438351857964,46.31167383287045,43.16009321721487,42.83713755976349,49.35264693039415,45.80485545226962,39.16733822233907,46.77624087113018,49.25581393540413,40.299705925713965,45.804739927755854,45.90580923920576,46.42251514164513,38.53848097599712,43.27785902202552,42.50734432582089
WCPT27_25,WCPT26,-4.63671080198305,-5.082989955051701,-5.786404292955235,-3.7620582275956695,-8.095327285252228,-4.941103725200287,-7.909422332465286,-8.290928075149743,-3.647524570845553,-5.080957263639262,-9.90156887862467,-3.958430414843119,-3.858361541793698,-9.943313758153325,-5.590151583396689,-6.997873518731976,-6.155493181179914,-5.38878346969876,-6.476016456022477,-6.723848798906199
WCPT27_26,WCPT26,6.285850880494863,6.339992146906366,6.539148656505455,9.747100268039356,4.312823418457871,6.362688788133972,3.774674619325812,2.822974737418596,8.456551796229347,6.803063641836548,1.955920800728744,8.404735201395203,8.389904140485628,2.3989484508041485,5.954875400974568,4.788224031237137,5.17172354100341,7.542983042979585,4.94041379248847,4.994742046623316
WCPT27_27,WCPT26,20.43498972243346,19.58777280352956,19.34083402024537,21.126554987098764,17.958398081160336,18.129282088688583,15.445555343121171,14.754632961890149,19.38362665235933,17.22131484804486,13.63368260514571,19.678193530201305,21.27911640823034,13.326884124365884,18.27099889104378,18.72739255557969,18.8759732448646,18.325701419671788,18.112139966468696,17.384934120401592
