Reaction,Dataset,Reference,wB97M2,B3LYP,BMK,CAMB3LYP,CF22D,M052X,M062X,M08HX,MN15,PBE0,PW6B95,SOGGA11X,r2SCAN0,wB97M-V,wB97X-V,revDSD-PBEP86-D4,mace-polar-1-s,mace-polar-1-m,mace-polar-1-l
T144_1,T144,8.585811917091018,8.712691220731957,9.000786958580084,8.760048221064373,8.793343431071314,8.863380073753529,8.707443638339639,8.763375877143003,8.823626791946285,8.733045295161048,8.853969436116111,8.881204820258715,8.69978712247259,8.713725730231436,8.860353408009505,8.66805063016185,8.726355497949918,-0.43732497088707634,7.526160507173442,5.978593990169231
T144_2,T144,7.664993220977736,7.785065290215998,7.976886464996984,7.824520361382768,7.842003357129389,7.911942744210246,7.750968037372176,7.807777353907358,7.825572458765118,7.8151319360284575,7.85975401215098,7.886302188517617,7.761758641526477,7.745142522876539,7.920186440981085,7.7561563448929585,7.787581831546897,-0.3831233691569466,6.538668487785342,5.390951323952202
T144_3,T144,5.987831400285969,6.079607633437592,6.2534799610053735,6.096839648074036,6.156176439403704,6.241162125508399,6.062901680127295,6.088049522400045,6.127415668624535,6.118329185439491,6.147207570973708,6.150630637947593,6.064438168693759,6.049791059017229,6.231504196173015,6.097780616654312,6.11457354069768,-0.13089013719928436,2.5339846267294144,2.879730285480371
T144_4,T144,10.284645725923529,10.517949309906038,11.024798765319556,10.645276872190106,10.676976320864874,10.769125798887591,10.577499116356863,10.568943312580718,10.56336786947718,10.68843376311231,10.854159641087296,10.86114005953159,10.61616138716974,10.705562044617736,10.716712928718984,10.51190986214785,10.5091650342247,-3.3206724654123394,11.5337518186161,9.193803235094336
T144_5,T144,7.849140289440284,7.975996438523338,8.074916097457496,7.855667819660291,7.956612049863068,8.013263921995618,7.867896744955788,7.854160039859058,7.880313682866055,7.923753053886944,7.958307835961587,7.962391244546485,7.862561176820872,7.845855223510576,8.02633194429311,7.896699190088648,7.935432867453285,-1.1535322255731952,6.58510509830048,5.540425492433861
T144_6,T144,5.084239156284557,5.174338132124571,5.235346631505255,5.107962574043783,5.19164145433882,5.270553422426003,5.165074746677969,5.127980452890918,5.154080380414642,5.162160140512388,5.161334011204684,5.153918303188457,5.14327216942501,5.1062519692273804,5.2868185267761,5.177683397144364,5.167538084242014,-4.15046164474108e-06,7.850216834026983e-07,1.4858454575445393e-07
T144_7,T144,6.800317940295725,7.031608067942991,7.200046649421444,7.031355225280077,7.125255133555125,7.1698160774650335,7.025361162346081,7.023159695133392,7.0025101813346415,7.097022277231526,7.10548454008847,7.111661056248974,7.058381304772023,7.048065809308098,7.184674355450784,7.063387165383786,6.968371584752261,-0.7926701286146134,7.7052111340259115,6.765007833996966
T144_8,T144,6.5805324913350685,6.705953105088451,6.8964359877062495,6.724319649779062,6.762079846671221,6.8265836492741325,6.696539681439413,6.735913235969932,6.751731936183224,6.74991574931804,6.798946306619232,6.8178472432950725,6.699151433611823,6.716192653833534,6.821761168453586,6.675015878026295,6.700407556331807,-0.7203414252736225,7.580991331023318,6.9047700051896355
T144_9,T144,4.428087299956732,4.530431875407969,4.615499985761167,4.483413848245815,4.55984928364514,4.625024546635593,4.533518744694069,4.498682411191284,4.499193649587889,4.522641999503279,4.542424634099516,4.534976508953386,4.517261048649999,4.487674152774785,4.635551204091255,4.527081977564625,4.537740400945461,0.0,0.0,0.0
T144_10,T144,6.303223658467511,6.432196074064559,6.591316623836769,6.453351256342506,6.506813467363451,6.612642226634956,6.381551226242812,6.44638010354532,6.479586405456613,6.539437221194507,6.497561196481717,6.511390520144597,6.444308304852234,6.416229190884082,6.575245080960561,6.452636268471851,6.433265405550529,-0.5414132890442629,5.9477617757009975,5.643637441605324
T144_11,T144,9.388935046839968,9.647325349786902,9.974670537245863,9.766949158250307,9.7661091346836,9.862699529967353,9.602267990409931,9.704279151453743,9.73761881129685,9.800166578938128,9.840530197343616,9.8678933968764,9.724393338279237,9.727984037655917,9.817287456349185,9.641787870566557,9.60139851050874,-1.125812592362745,10.773883034782582,8.977377910387542
T144_12,T144,5.25143761863704,5.35740623750251,5.49124835834097,5.344906862708768,5.4085465615916375,5.514316989402949,5.325935542914007,5.343226823998672,5.382957876676176,5.403504592331933,5.40365648155796,5.397128951097618,5.366901150412024,5.325152014524706,5.485863703334677,5.3691443046133775,5.384767946108441,0.0,0.0,0.0
T144_13,T144,7.934105596792063,8.110420186141896,8.460385749502441,8.17626968816111,8.235269360502855,8.368443729318445,8.1680695272967,8.197506384969477,8.186810239875772,8.228554749257025,8.338228901591716,8.339099486000157,8.189093207930998,8.210211356049205,8.322333332306526,8.109782991802017,8.120242867106157,-1.1324259121928208,7.41604921415953,6.386706614067685
T144_14,T144,7.735825428371065,7.89959990199523,8.135147555454768,7.921626606828386,8.006451139112862,8.111436176982135,7.925101532997379,7.956342537458677,7.957925334255299,8.001723124723311,8.016573068891239,8.028841821728491,7.946363236523792,7.928222671489888,8.084938930087151,7.9163438276120335,7.888754508384921,-0.8266692431359431,7.3814656906174525,6.780742473065657
T144_15,T144,5.340292770014079,5.448234088891858,5.550392507391058,5.426262028212513,5.494491743359164,5.597856014231136,5.478660078610323,5.455082066492818,5.472556728421616,5.51194973449357,5.471734304319842,5.472417804784051,5.446415124438368,5.420742153721667,5.575870985857501,5.449878937095407,5.448619944130647,-0.14590033498028604,2.7506786752546386,2.515960868146535
T144_16,T144,5.956462586682256,6.122614495633591,6.227347620563403,5.939084245047912,6.079512245706456,6.105110197321938,5.898857701362225,5.966204794129598,5.98175768714443,6.025633274301962,6.123295218509497,6.141657133535298,6.012209609092734,6.016300428089491,6.130440491768282,6.018834383572378,5.997784686475085,-0.8141830578437973,6.670152959453031,6.9375291018124505
T144_17,T144,4.262379944480602,4.360491072463634,4.420644732718469,4.231498288081527,4.340114772063545,4.375518835981598,4.199327424340251,4.2434410343899,4.273024224006271,4.30892377998542,4.349985714414258,4.346119950615326,4.25378246313658,4.25238489820768,4.402385618994404,4.318371470735037,4.3211311847625975,-0.18084358975596448,3.914390192798607,4.1870962299718535
T144_18,T144,4.037917421156238,4.120617356809354,4.183987548552406,4.020006542494401,4.114668674487892,4.156483571199722,3.976571802191239,4.028664222060487,4.048627457806724,4.099037984783541,4.11771201418505,4.114970599810526,4.028945773488629,4.033122726151474,4.176516267711826,4.095445436489098,4.093703229498575,-0.14511634224486267,3.9042159867530146,4.045234523858845
T144_19,T144,8.243264842999794,8.577247777067234,8.992264497972094,8.549686380078262,8.711254755878928,8.7449250608655,8.495637923141553,8.502018193514221,8.51853706445966,8.648716252305384,8.80594189511692,8.834180310302326,8.646412908776298,8.683688728172232,8.728654399232965,8.553964282492792,8.442215287489356,-2.841561771594842,9.69531796423727,8.976073304025192
T144_20,T144,4.146249577259765,4.252992454585335,4.305197865862308,4.179642035869143,4.263765470330306,4.335879473199704,4.195668193394702,4.1893527535966335,4.220915132816174,4.247393857366716,4.241713759305563,4.242380589501838,4.235117694644062,4.191002232517907,4.344352850621519,4.253662063422827,4.214980648519532,-0.17735248317684973,1.6172473849251408,1.636151369500911
T144_21,T144,3.813380805564728,3.90261567970036,3.9908614226705534,3.8507881388854903,3.927188380619529,4.00255688675719,3.870392952552317,3.850325988413177,3.89621225521261,3.904072518974337,3.923458761290486,3.915536445068918,3.8961251976140985,3.8708967800106087,4.013210428826664,3.915604980849448,3.8936256945447303,-0.03021394364860993,0.7297876481474165,0.9100588728982711
T144_22,T144,8.562991498809485,8.767738995608685,9.16617571914652,8.74509362035946,8.873250089013075,8.96349724861035,8.688639017539016,8.75537021853154,8.789937039629933,8.855188246706943,8.986622372217447,9.02250803499051,8.831712111958751,8.854311178977815,8.918476934975176,8.727661562507809,8.719946288223758,-2.95496708059805,10.830627581768207,10.517273854226358
T144_23,T144,4.528167429806669,4.621742258534524,4.720127527589283,4.557769142710914,4.649415720366508,4.720974031844389,4.572811724946765,4.561962765115236,4.59517925450023,4.62792803718339,4.641062743711361,4.637516502594164,4.602901521189102,4.574931690264004,4.735615590029512,4.62795674752799,4.612821021848141,-0.1168593876944187,1.523631137776012,1.5115089660478962
T144_24,T144,4.340037901984925,4.426554516168714,4.558496173290522,4.404025836480228,4.476994679528385,4.568807038563181,4.409341956232449,4.402447670927787,4.449926921997546,4.468534268747948,4.478207940207184,4.477515177254612,4.443146553085946,4.424379907750575,4.567073279105242,4.450961435182224,4.431941236993146,-0.06576744258292923,1.7201108055186505,2.4737448264176423
T144_25,T144,2.145591656667161,2.1902415090140064,2.2290380722202645,2.163860957679762,2.21085212552091,2.234622777285709,2.171988879137086,2.161038041936246,2.185879326589266,2.1860145455473603,2.198098994134516,2.189117159063141,2.191993791342844,2.168678807256128,2.252104847520536,2.212593293811334,2.17822424321232,0.0,0.0,0.0
T144_26,T144,3.687201674611966,3.756672436321609,3.807639580728196,3.6809056847744377,3.773993355894959,3.784540390930312,3.696331694754827,3.690378380136269,3.7101573111059496,3.7553295144936087,3.7610179479519577,3.759440708964228,3.716054129494187,3.69956489598452,3.804114641649572,3.77220032367131,3.714448568687286,-0.8353152664149854,4.897686006932248,4.052033327968409
T144_27,T144,3.85017687773702,3.917517486748594,3.989381429281494,3.880751052093389,3.926745679056365,3.9891276632126127,3.826337690809496,3.888351065939087,3.9020729538973074,3.951609191259756,3.938226275945338,3.9438628449440056,3.870733777272626,3.8756942546395687,3.979375268499145,3.897108771850892,3.906297000264485,-0.36641834051659217,4.639036337715964,4.795495034179255
T144_28,T144,4.725225075819727,4.80964024830092,4.87320400415015,4.767718843502056,4.807600858840876,4.871751795593895,4.737316933936923,4.811994529724977,4.816234459833,4.843448549307432,4.828948692874635,4.840264434422659,4.780709069636484,4.776832192325595,4.864609300976329,4.776598801204119,4.779844839040255,-0.6888972356367908,5.857266570461328,5.633163412995876
T144_29,T144,3.913738781416468,3.982062965811025,4.021554143519905,3.8723702906054354,3.968152142358525,3.994499352103986,3.8906645974683336,3.9042781252630094,3.933140767620461,3.9414520672896303,3.9638575696760623,3.965198639954013,3.90872088249203,3.895851982109607,4.010173571397281,3.942156870318871,3.961600580178913,-0.10706633072559524,2.795828445166282,2.6224054474595224
T144_30,T144,10.154447089477996,10.261429840271882,10.399610996263943,10.19099773134783,10.233550763201452,10.287618677997084,10.064412945452425,10.169617486501656,10.209607859371737,10.250738328001727,10.26131684991707,10.294376813567284,10.141031760642967,10.099560459395803,10.285561695916051,10.14047606609271,10.257488031833065,-1.6795063941136135,8.729698150890888,7.44772876790786
T144_31,T144,6.208515217985793,6.291204040826274,6.383033999326001,6.240157240809717,6.306320708228231,6.391662043562148,6.195396255790432,6.250901550421746,6.306680990281006,6.301516756596069,6.292351549103879,6.302535522918781,6.238805980952234,6.1957444925019685,6.381636428079617,6.266186785214521,6.304525270095079,-0.6396595204089304,4.365301782839448,3.9908529181425565
T144_32,T144,5.202453368518927,5.295436385117916,5.390833887299869,5.239369844971392,5.30714944340491,5.402993356041156,5.22629718774452,5.248767519126178,5.323428444119839,5.267640673601499,5.308648886229578,5.297728613555673,5.2597479932363305,5.219432539349168,5.396669577160692,5.28084113779524,5.315325711534759,4.2297067358101225e-06,2.189145640782288e-06,-1.287732729871934e-07
T144_33,T144,6.024081041988048,6.0872076541272335,6.215142771209584,6.01075369375118,6.107571912344826,6.2369018188736,6.107836791925664,6.049302049750366,6.151669778164794,6.076731005896003,6.096220976605055,6.096558098751721,6.060404775650776,5.997113309267784,6.237996531915154,6.05175450228489,6.14914421335711,-0.012944766109423644,0.19355630457015838,0.18526012731870856
T144_34,T144,8.653810095265943,8.697170743794112,9.043374269116343,8.589968493429556,8.732070052109792,8.882551447292643,8.622143059218017,8.649060779072878,8.705404244141478,8.704546626374414,8.843202895268512,8.87617951231717,8.631706521069491,8.621892998355063,8.844356883181602,8.574398003055624,8.813279475302036,-0.7018519346230981,7.324535024153405,7.788181493488951
T144_35,T144,11.035376361265564,10.914984762782591,11.132033426496529,10.70499060689071,10.86429916717186,10.939352782924884,10.7337893436589,10.829573975106122,10.954462048338298,10.80835580116865,10.91701025851009,10.966188074319586,10.71039008061489,10.660450967651665,10.934517336515874,10.689764644863644,11.080735815941932,-1.343812388255809,10.803945846279579,9.859607236514947
T144_36,T144,4.297360756107773,4.3958145610509485,4.4709255974931725,4.325434315533662,4.407961987609739,4.469616015148125,4.280241737725055,4.344594576613733,4.3695173626357455,4.411561019751327,4.422806373442316,4.418064467952507,4.339363662909974,4.345479978687145,4.468989935373116,4.390257640818307,4.357493207088395,-0.29299970824136723,5.3096173180432285,5.490351558860051
T144_37,T144,4.576947926190124,4.679182288721184,4.719090236289845,4.550919313033447,4.660781473771251,4.700413427194204,4.535789671619713,4.5872800929202,4.614496034997596,4.62920890655155,4.677996812348732,4.672806648539781,4.595641405499,4.5896139988703935,4.721148148094329,4.651210605719578,4.6139979675077685,-0.4410116815914496,4.604813382433762,4.8534992264627865
T144_38,T144,3.942356919602319,4.0291078507148175,4.095022183835089,3.990675265817489,4.054012113865931,4.114158363708911,3.937933611531696,4.002467976029256,4.017160472635807,4.076864021442081,4.0493220738887175,4.0481440058222935,3.982983562602639,3.989286961271126,4.111757774581153,4.041320108374666,4.001721763980764,-0.21819961424750162,4.678538161402571,5.095257816280648
T144_39,T144,16.590221813872986,16.294606633768595,15.583817287886353,15.39856531844586,15.642403895574253,15.63559852099752,15.380405303449889,15.533089090830767,15.58946960164116,15.616312303974176,15.427695619551823,15.495050120625224,15.363900324657624,15.160413322172856,15.75057027073999,15.634020355971536,16.3674258855765,-5.927862360104787,11.96231092350145,11.924147886194636
T144_40,T144,4.27164147787408,4.318751193800106,4.310833508822722,4.193978889563957,4.286381208143762,4.367368686973905,4.247289201882645,4.230617515672925,4.281343860125552,4.271662779307372,4.254123287856888,4.248047721448071,4.2565831508032685,4.208392613910037,4.382188992653148,4.290928621383311,4.316500094832815,-0.05702290527364257,0.5765353529387114,0.6030855384806536
T144_41,T144,4.207718374392286,4.259629268615187,4.248250549621983,4.136523114621159,4.2274871178507984,4.307446566290495,4.195970119243793,4.173872099988889,4.229933088644005,4.204732455873321,4.193472283990905,4.185103562053162,4.196030319100669,4.147220185753119,4.328693449519652,4.235577067001615,4.251899593620287,6.004053853027893e-06,-3.2998151202968313e-07,4.222277508522399e-07
T144_42,T144,4.906019469193836,5.055891455160192,5.104671951598433,4.9544961874706015,5.05331304405011,5.170714093264941,5.0097671659951,4.978309442259633,4.989412168160044,5.066018015656295,5.027271464306754,5.020403111231929,5.041612022681038,4.987356107905608,5.156201270717222,5.030963111329288,5.432471422679443,0.0,0.0,0.0
T144_43,T144,5.332300066695507,5.43410839876815,5.498883563219672,5.3849166902790255,5.437585178593023,5.548584655923069,5.3730471088895335,5.408472474319702,5.429036783122905,5.49006473141274,5.428119891537217,5.440313625799712,5.4009743367904015,5.378554016739002,5.526732994431019,5.401648576345618,5.509641223260394,-0.5075910223256993,5.4174366263376275,5.233799508442569
T144_44,T144,14.843292862128136,15.922261502357289,16.203456474738807,15.81075819756895,16.120573160277456,16.168414536526722,15.730555170534078,15.714847609652,15.601910619178303,16.092933040034247,16.026046245662684,16.02433286167861,16.095939333989612,16.049644632727592,16.183331162819297,16.014030332329604,19.29269407182134,-6.884856859143192,13.05986190318824,12.78620634142817
T144_45,T144,9.047453049088992,9.38491832056767,9.760892120503415,9.412286150818176,9.565044029156192,9.620510428075033,9.387346694001774,9.372507865451633,9.420565035989734,9.582452007907424,9.643146541888807,9.629133841593454,9.497119944538102,9.537608609168782,9.590058506126727,9.499709469686598,9.283129306571986,-2.3722686282894325,10.247400007510112,10.099439464843236
T144_46,T144,5.262829304711018,5.386450400204271,5.448262799762915,5.324536123802772,5.410112690752613,5.492367148377114,5.304520097032144,5.352743048949446,5.359685495087232,5.448034965923874,5.384397118064595,5.39048842922955,5.360931170790105,5.333530943415068,5.486128578703855,5.3979263674284335,5.337457953141378,-0.6480718548672283,6.2264074243715735,5.8335775023110354
T144_47,T144,4.128356294743563,4.224486381177873,4.253515730426321,4.137036203514902,4.224360423128771,4.296610572047428,4.177568377729149,4.167473306745322,4.187609733229703,4.2185914143396825,4.204247151285927,4.189069351671355,4.1950485969403815,4.1600668780640895,4.306698233672313,4.229659873139515,4.200248725531629,1.4610813665854638e-07,-4.3894351224961597e-07,9.224623882255681e-08
T144_48,T144,4.459993282497267,4.547848187977027,4.620810548230954,4.4726982537165,4.554887879713486,4.605204864718189,4.455818183103349,4.504570895235242,4.522577168402221,4.552677151591805,4.578008371549945,4.576607101941575,4.498819483278799,4.49851385222378,4.608957637635854,4.52837951878009,4.507141646392745,-0.4178195272139331,4.739294518364067,5.002159672917826
T144_49,T144,4.230520269607032,4.312624688969862,4.4033145501303,4.286391396143922,4.34215230997354,4.407656357607634,4.249993569462457,4.304733862787028,4.313004412561389,4.371496552238914,4.360702235508284,4.360436429362736,4.287290690896962,4.295061117366046,4.3974279197422215,4.31381572262475,4.289912056704703,-0.2978309780837325,4.815533248790678,5.061920601335291
T144_50,T144,3.9542024208125786,4.0275315372388825,4.102292487525349,4.009556753584179,4.062823536840379,4.1210118985923065,3.973740551576984,4.022304328214594,4.029441266076184,4.097130108549203,4.058778098982616,4.0610916299854045,3.998946741103648,4.005916971021323,4.113871256577704,4.040514355067283,4.011045952077763,-0.20453215767161928,4.415870620580052,4.92848602436762
T144_51,T144,5.833775053818834,5.945062565858056,6.127050770594837,5.904372946188261,5.984724155663862,6.036389620831915,5.887290045295369,5.924713124252519,5.920056424811173,5.929292025951429,6.042256801257927,6.043950736332854,5.9268951420296,5.94421420952644,6.038536443890792,5.910009513081098,5.912427200486513,-0.3817553945813445,5.94834109198644,5.103760457330344
T144_52,T144,5.453579846483118,5.555819766474498,5.644711038655309,5.510188191782199,5.576966624410851,5.631938455727476,5.482990771522787,5.521341855577578,5.515217203876756,5.557064515612657,5.565003501049243,5.581228782069242,5.506367809648715,5.4967404548429535,5.632331144381009,5.527109939907784,5.511678400547193,-0.2716095494695221,5.627658775946118,4.744634450683062
T144_53,T144,4.319217974916382,4.40132146995333,4.513819463016874,4.36970259450347,4.443111359947115,4.481656009687455,4.3596464213379456,4.3742555629196245,4.372462529643063,4.395571908494023,4.442946503026795,4.438675083932955,4.358862895054475,4.366515708874338,4.504757978126558,4.403196003019512,4.404284910290821,-0.10138830417837313,2.9088728088763296,2.666362870347748
T144_54,T144,8.822879387363907,8.94711823313176,9.203033839485675,8.982377810865243,9.028246470302888,9.155025758977697,8.907353832547988,8.971154669457363,9.049841593928782,8.99653406867463,9.058231603690754,9.067326459651456,8.928629426121747,8.91420458247268,9.12424598684732,8.938874536360922,8.985637145431435,-0.27873329559860544,4.667461888674067,4.0872525903007695
T144_55,T144,10.404369568101034,10.554713885640792,10.875272239293473,10.621798889050606,10.6294609558826,10.732542745602975,10.515518159936544,10.59291586226952,10.65582204198752,10.57739908737886,10.709032345333576,10.733016944575272,10.535500841959646,10.54151899768195,10.724212928853936,10.500608941949997,10.574804571415898,-0.4872417707318302,7.89140276634066,6.115164881061254
T144_56,T144,12.24725726733572,12.439319249320622,12.86254168047547,12.591860406278636,12.52214513835466,12.628656464155265,12.392702245682736,12.511218362881152,12.576160238961783,12.499800760810446,12.6610829439361,12.711300847585797,12.454146036741182,12.459896516341884,12.614834561433389,12.34611302213954,12.440675049345186,-0.7190017461483503,10.774217775952893,7.762579291588273
T144_57,T144,6.7745060467280975,6.873343278596766,7.060793013729224,6.896327625963336,6.9567619079228615,7.063678900600433,6.852784526023087,6.900976908675338,6.955189300179312,6.979147037467715,6.969986454375762,6.975277568462854,6.900895413097375,6.879132665492002,7.031250576113492,6.910515370126253,6.879382071442171,-0.6410505986431927,5.1928004992020655,5.115273451613037
T144_58,T144,9.551595357829642,9.72868236420841,10.073953251609446,9.858933785670192,9.86353954511074,9.972263465323875,9.767726200686631,9.829696053071226,9.855631121568804,9.9306486223564,9.946488616711406,9.979763459141344,9.832153134217648,9.824544782868925,9.938527404250909,9.765902611832908,9.70133462988298,-1.2731576656477879,9.123146788905583,7.7275525552046656
T144_59,T144,5.717477978996915,5.80208671966928,5.940177106012959,5.793646675412931,5.8622635345656535,5.959055811453228,5.758977058277373,5.79723830135432,5.854958035104274,5.863612941293714,5.850924631532148,5.852204579600169,5.796903036548732,5.768499768128208,5.938704525141586,5.8272716076838265,5.817791688275994,-0.14214732832800628,2.537852946133041,2.6129100232898113
T144_60,T144,3.844101311830897,3.9521408030243945,4.016191715537525,3.91681731443708,3.9860083783759848,4.061738085234275,3.986927123091092,3.94274775642859,3.949869875045838,3.979340074307399,3.953789356433872,3.948343575532448,3.945474352085229,3.917754582023084,4.045954579739185,3.953956063324869,4.276176229738617,0.0,0.0,0.0
T144_61,T144,4.537438224733541,4.635625296627761,4.785221288684285,4.631285342279849,4.691952090901968,4.758575857769204,4.658264189082754,4.637990693143145,4.60409162827928,4.643112320645108,4.687860345340502,4.691192645824747,4.625406121777169,4.6257450928416,4.763662291605878,4.622559125353863,4.789335049633862,-0.26738574773120116,2.7396769579174776,2.528542429239498
T144_62,T144,6.530807318545478,6.727579708750392,6.872237452043257,6.74179708824325,6.822402065893564,6.872243009325691,6.764447095263113,6.775683187518653,6.763029154333894,6.782400577405702,6.787224910302755,6.791151801049732,6.773540995177501,6.737165396572863,6.872551417442557,6.766344782970832,1.6310399676562712,-0.6414733303432959,6.115134952419126,5.670118976753412
T144_63,T144,9.449486952166534,9.748776175033584,10.003118263925874,9.746307056969243,9.817478236023112,9.858994913671152,9.586473364032484,9.68511332887958,9.726819859636835,9.794523521880656,9.874204203850914,9.889931216274428,9.726447549089452,9.7329195109371,9.873035401431595,9.734542136328397,9.643914875669768,-1.2793399417106301,10.59833010671024,8.480402475025336
T144_64,T144,6.242699537741125,6.378296718236431,6.521210514071197,6.375489547249053,6.436220203566265,6.544014265552336,6.299750581061144,6.377715096720904,6.414889967944523,6.460254803609076,6.430822585077336,6.438721742972166,6.371186648119167,6.3431260401752825,6.513905941174529,6.395126780678066,6.366545224360574,-0.5971405271732902,6.112319021445146,5.881143805461261
T144_65,T144,5.174678029871883,5.283886326410161,5.39925909809753,5.261899442801274,5.323459003908662,5.420405031575001,5.236356134286688,5.262770034580116,5.313719578995315,5.300429280141217,5.3220234687790855,5.307644009954212,5.2779070864057065,5.239479120644044,5.40775748223739,5.300036585170199,5.296906834890454,0.0,0.0,0.0
T144_66,T144,7.950220664896717,8.167658314719356,8.508468851217469,8.21808736456707,8.30157916197079,8.374834186111901,8.129853661673543,8.15732336981982,8.161733712551227,8.33592370651258,8.386868622315882,8.39182539605627,8.246725878291409,8.271557900982522,8.334367768510507,8.214066006336184,8.115274155421805,-3.044867135392519,10.620768983873452,9.080944782844345
T144_67,T144,4.994105913299219,5.106960475356718,5.14155322973787,4.971090076990799,5.084193774881948,5.134501497398286,4.981624144858316,4.981574132475143,5.0200502469614126,5.060023024578216,5.070532086780605,5.0633682906509225,5.015505612363081,4.985239847794295,5.151752956205766,5.07529066201189,5.05283346363209,-0.4333136821953207,3.650956519103065,3.140152671098483
T144_68,T144,3.7257852227292,3.810690329784297,3.8482041710194297,3.740887079276469,3.8212457002168434,3.88928833247218,3.771577948575772,3.75798664780501,3.790847494804725,3.8118387604149526,3.798032592446525,3.786740005013578,3.792971164274981,3.756137120403956,3.898220156213296,3.8261496808270112,3.7875892405287535,-1.4939556973336368e-05,-1.8325427309715983e-07,-1.4672723893252325e-07
T144_69,T144,2.3988482873118517,2.452428110067939,2.501512384958232,2.435805510203141,2.4788679357472616,2.511357394552648,2.4053017237951546,2.4425942139854784,2.45117595104438,2.4861752857057766,2.4743149657517343,2.471423515280605,2.43167671837342,2.432739942429156,2.512787375558533,2.4675762743525707,2.4378899754569887,-0.12322107247658323,2.406559370317817,2.787959000563381
T144_70,T144,2.6340819739728305,2.691833191402757,2.7259999139622204,2.619429301708022,2.695703586445871,2.709276363292822,2.6138547846427365,2.639797266184457,2.6660027752305075,2.666424174755098,2.694196735315176,2.689716931291446,2.6467934283319745,2.64063913972184,2.724083702857146,2.684768493474712,2.6654699957837504,-0.14083632602006463,2.6763262219217676,2.8174280710015043
T144_71,T144,5.642626266110817,5.742032156563163,5.847465453804492,5.700362665230217,5.78363681574214,5.848473107668162,5.764100539961672,5.71667407675756,5.72574112103614,5.708483177328599,5.757339618379851,5.750910261662263,5.708759171474307,5.682926903225551,5.880877360425085,5.74450683822743,5.761502511476126,0.0,0.0,0.0
T144_72,T144,10.202634847724267,10.53949719347249,10.868868809541151,10.574915148490804,10.68715937653838,10.709851986582477,10.566489006916774,10.547551022393309,10.528792713508048,10.573983439240148,10.716998184300142,10.722217984491945,10.568443190854811,10.61035903679187,10.761192370733442,10.565899970777732,10.451227406148051,-1.2782480978930626,10.792102694659812,8.575105356246397
T144_73,T144,7.782670264275283,7.8883851101988895,8.082282722814005,7.895618369200269,7.934803915327674,8.015671922588146,7.878971688655679,7.919659455196055,7.941612995110331,7.903912070983881,7.972989218003265,7.991553961202978,7.862536172208656,7.874518742900043,8.01691111444387,7.844413202428025,7.905529505506966,-0.8208185136756792,8.330613671338815,7.4046217389503495
T144_74,T144,4.7999749118385,4.879327730339176,4.911070709655801,4.797361307989965,4.8878742726798725,4.968627434350286,4.849120313024304,4.818233099398234,4.851226385135456,4.887887239321251,4.852754537778266,4.841996341277634,4.8642481013086165,4.813635673775512,4.981704720189054,4.895029732885901,5.157549991471522,0.0,0.0,0.0
T144_75,T144,16.942975097763817,17.484408044982587,19.033312445901714,18.2733684377986,18.27206811794192,18.503988027335897,18.169491079612257,18.011856076299885,18.158434660889093,18.452132702741142,18.76795284347497,18.706667424436777,18.40556941774527,18.65690520636471,18.149326868821536,17.94203152322703,23.19149724150305,-7.481394082294333,16.605837398896693,16.8854075808526
T144_76,T144,7.756228586436902,7.971530527179238,8.042928614560353,7.780205769971141,7.962602409170507,7.973161483229613,7.749213900861,7.791686367386571,7.819666385785372,7.913454229217408,7.92936832242641,7.93586343628331,7.853659917606692,7.83551935204633,8.013599189959947,7.919318632581575,7.861005489938894,-2.1029675533284906,7.744824905023903,7.5691566877261005
T144_77,T144,4.052921105253674,4.137552997088113,4.17762580052418,4.047943957342513,4.134574488492013,4.190658629682838,4.049649931967649,4.075307157928212,4.100196602361441,4.128985152708843,4.119680090276263,4.1195578379595466,4.085877345499273,4.061800137694115,4.199064397362377,4.118854887533271,4.111717375833311,-0.44670336120111964,3.179279151649446,3.1717659363281334
T144_78,T144,3.717949965478317,3.7939501083205065,3.845519252875225,3.7172396058666393,3.789988024961156,3.8547428139388153,3.736986121285791,3.7440841602761625,3.7760660879967,3.760230717515472,3.790841938048747,3.7792122305749656,3.762695211179578,3.736986121285791,3.8696177627189567,3.779143694794436,3.795479493399673,-0.07057341466817522,0.9259471161939541,0.9969898271015653
T144_79,T144,4.647428195314502,4.71650812050029,4.780401587557872,4.664017454168618,4.748966090846315,4.820442900428748,4.683016563534297,4.689244018642685,4.713911187045766,4.769874927996382,4.722500332937151,4.722076154244887,4.705436883585698,4.677394812727057,4.823662209505266,4.742518211257828,4.696487964199213,-0.1454163703506728,2.4227476547204576,2.4184377897177245
T144_80,T144,8.10334159649111,8.232884516131236,8.523331760447402,8.307817731117591,8.375367651005961,8.499309195216684,8.330026887597883,8.338834605892862,8.36338137458219,8.470114989574373,8.451793824443381,8.455396560737983,8.368906804776097,8.370966569710005,8.461440637108067,8.343659864828169,8.183842974300106,-2.256899841377125,7.772712999677717,8.159714046588263
T144_81,T144,5.67308744944197,5.759220635819637,5.884107783013561,5.741286603112656,5.823361386151869,5.907283844515627,5.75461672792914,5.769737107380968,5.798257073468061,5.8640121080033625,5.822538961523638,5.823535502401808,5.78506587070977,5.766436296408999,5.895875487560197,5.806176610521952,5.732048853500479,-0.6962508562975087,4.836296180190303,4.945080906046003
T144_82,T144,12.232105398703988,12.42602986860792,12.710770161859411,12.400618073319045,12.458657320274504,12.530669449459788,12.216550653159832,12.343728170923976,12.37346047849556,12.470900146146487,12.51780147880082,12.5596395312071,12.366818104550983,12.353475016778324,12.513038262322668,12.312378814195997,12.378436232071712,-2.5099393184632444,10.622607345546696,9.79494802910139
T144_83,T144,6.848700190743261,6.942388008486252,7.06284907766886,6.897296391484932,6.972138830505417,7.071458590610792,6.847008102610485,6.905002899729778,6.954457650990494,6.976529728012872,6.957209244941864,6.971078385617356,6.90031657127598,6.86107267263009,7.054889709914469,6.919623164299643,6.951433107921991,-0.7912818276731522,4.858826985992871,4.580238193817829
T144_84,T144,5.812677280748489,5.895960688344088,6.026331594536971,5.850316156486641,5.927154458010515,6.032407163578074,5.831774560558064,5.8605529192201065,5.9331364945557326,5.897904688493625,5.927590684676304,5.924200965608689,5.868917010440124,5.831614340672957,6.018268502074875,5.8856109268324985,5.930565302753535,-0.07014908196959148,0.841816907624063,0.9356261469059566
T144_85,T144,3.6684748540903502,3.7219250156525856,3.7012588300065294,3.605518654712962,3.688042621583112,3.7570336370422384,3.659933868073364,3.63823594735739,3.68591061724212,3.666479919298775,3.658246416845583,3.647567868058065,3.667213433199073,3.618955287616481,3.775399256221053,3.702529512427445,3.708642550481952,0.0,0.0,0.0
T144_86,T144,13.389973042023367,13.180960608846156,12.556412809612898,12.417763950077742,12.63935354528991,12.614949404917615,12.433971632685724,12.537645237186355,12.578014409715536,12.624362826460828,12.44739530000078,12.493547372419304,12.3927652183898,12.218924384545952,12.713947787106008,12.656539246431624,13.247441487852944,-4.618079679309176,10.131555011462378,9.339963227140249
T144_87,T144,14.009106549377462,14.44324370539149,15.393311250627017,14.809192822200446,14.88758429361432,15.04934345751223,14.70489499000131,14.70924327974642,14.80173080490114,14.9582071895827,15.166357374303049,15.156123380208117,14.874535719173062,14.9799921689501,14.88348143348798,14.644679278866004,14.448846609030184,-7.1256858477045055,16.124135100861373,15.224220319635885
T144_88,T144,4.88081883683018,4.987210701473812,5.08407707932121,4.941531892513098,5.022988931174498,5.131259961297855,4.979434718775208,4.944623392516924,4.9901401242514485,5.022415642423881,5.006443201960967,4.997553056258745,5.002197715096966,4.96667880822114,5.13197217315958,5.011016547430358,4.981303112297269,-0.08300745359488619,0.6245905481535488,0.9323495196422292
T144_89,T144,4.7701898204450695,4.87902024720765,4.973471216682948,4.830734316265797,4.912735007294959,5.019843714634487,4.873038222770948,4.830679673691357,4.8895932134199285,4.90375780294131,4.897051526566216,4.884133539312418,4.888125260633995,4.852009911418926,5.02490421624132,4.902919634083397,4.871192482176693,-4.437105997592381e-06,8.723151040334401e-07,1.7644414808341405e-07
T144_90,T144,4.369239516774565,4.474869157455168,4.579137352744992,4.448827577711811,4.526620753657021,4.630951927444938,4.498730572024408,4.45626644142249,4.493097707705211,4.53701589893989,4.506210186682812,4.50063289097631,4.513641641034549,4.473920776357206,4.622297950978954,4.510322307191684,4.471727895135349,0.0,0.0,0.0
T144_91,T144,11.981932858679324,12.353272187551498,13.162424575991045,12.768079597488216,12.788886558848342,12.988744892282211,12.682686407697306,12.675377205135828,12.69448189655029,12.906956290862412,12.976662295771566,12.98365475376607,12.851074050754333,12.888427685265787,12.803010397421998,12.580103811032297,12.368010528579395,-5.856533995407963,15.544479933693014,13.846093243713938
T144_92,T144,3.739232969216532,3.8172706496896582,3.873725253036561,3.7696552541500097,3.844258757928012,3.9152206265401976,3.811391428134064,3.783858742016151,3.810531958290495,3.845660953574636,3.8206103584799296,3.81336969169898,3.824544658059391,3.7884339390355897,3.919140107928231,3.840893116381444,3.80146476870972,0.0,0.0,0.0
T144_93,T144,9.675644336101906,9.926309589835082,10.47492856029498,10.17469558020302,10.233590597060696,10.357821101005587,10.148531748142949,10.12001085654406,10.156099346964576,10.314359503487246,10.341240178126768,10.341885707337385,10.245427762899658,10.271806462157397,10.253653856520364,10.118210413908557,9.91347579941125,-3.732974564304431,11.397292677541838,11.172517664716745
T144_94,T144,6.233965911751073,6.332616058778584,6.413723014442969,6.261163330402399,6.357073917792893,6.436210015566105,6.369467702114539,6.308271194330743,6.341360799628382,6.28248338223564,6.317886518536068,6.313313172013764,6.267514889377552,6.244275850430308,6.454433008007255,6.313498404934402,6.339044025649106,0.0,0.0,0.0
T144_95,T144,9.945219788585906,10.093337638163886,10.442945707589104,10.104908999436672,10.135116415698633,10.177128582249022,10.117928863533326,10.09171872745475,10.075296172384531,9.97780556894446,10.258848649994125,10.271012747347308,10.020547544189222,10.099622513961474,10.20667657925302,9.955994656820764,10.133605950965563,-0.9494425582507532,7.894759954906891,5.2344822333808345
T144_96,T144,11.938570359331054,12.154530795762463,12.397194083992105,12.100850020761245,12.222500264151831,12.226705924526993,12.143984686765366,12.133775699914931,12.102048464827988,12.05000883808896,12.224045087589031,12.22800068499541,12.060721648712484,12.069198730287312,12.30322563519841,12.097661273579376,12.09306143994132,-1.252260517208881,9.50234331615915,7.191169070958192
T144_97,T144,9.088138965286548,9.182117597188324,9.4638293626166,9.099376909991092,9.166259073118477,9.31321274952857,9.02734348139952,9.152962289890777,9.205195486000552,9.24291030175372,9.366172049653246,9.365030102869737,9.123481902629054,9.180380133050916,9.246579721752344,9.04907011298655,9.175854234538656,-2.036512421226162,11.191821396820698,11.150464944548597
T144_98,T144,7.721451528544385,7.763254385462701,7.833623516415117,7.624430483112897,7.711922336708931,7.798859424425247,7.557529796588158,7.652130803739433,7.680572046045838,7.762821871899699,7.738160260779053,7.754125292409482,7.611543985897828,7.603627226958699,7.786462862515298,7.657052381708701,7.755054844764899,-0.6416558385981529,8.429775543822855,9.574976546622176
T144_99,T144,5.825356319964163,5.894063931412736,5.958232466051316,5.824982154202085,5.901799164216529,5.993138258740597,5.816608801546617,5.860526993307752,5.894100977680989,5.940176179974705,5.894101903719244,5.897035957741062,5.829590693336764,5.816983893367503,5.9911627738169,5.877311669872281,5.885077002341283,-0.25771186795011825,4.830038764922673,5.322440937600578
T144_100,T144,10.89079456345996,11.03683968431777,11.282013775494589,10.908012679209037,10.97479667122595,11.136993904389929,10.832708076028348,11.005579229367948,11.04539919224693,11.049599299551309,11.153257157716434,11.188969631857182,10.93403943970805,10.958336148060884,11.091265084625414,10.834321437878366,10.97754364288291,-2.4371830754738903,13.894696609417018,13.042787401120902
T144_101,T144,9.1771145165977,9.283654567683158,9.388784084366602,9.069130594857915,9.194475262332883,9.287187839000234,9.006540224192406,9.113299774573171,9.152708523821897,9.221821792124194,9.250562180585556,9.28216531285865,9.085811541450168,9.088119515170522,9.282193097164996,9.1016385765342,9.25390596520764,-0.8896115858402155,10.27236625393471,10.594532471451437
T144_102,T144,7.665771189782787,7.772317722429526,7.916224353410077,7.626435604945905,7.73936703866362,7.857484928878529,7.601122905752834,7.661155241835038,7.69436154374633,7.734628839432656,7.794120297576655,7.792034600412909,7.640089881582478,7.649398651853271,7.855139909416381,7.668281990117095,7.784574851091318,-0.2519660497038957,5.820347357912911,6.066641398124585
T144_103,T144,12.156207132544424,12.374136569600829,12.551751479453827,12.166091966929262,12.288062656407552,12.3924873732205,12.081878694648996,12.193937691881764,12.194702695294335,12.342074994167175,12.403359487693567,12.419489372559116,12.220558117131716,12.250228365925972,12.360852752488046,12.17746976041067,12.290960451741125,-2.90470495045769,12.274146792426269,13.499447661612143
T144_104,T144,9.218828463001932,9.363422302513811,9.498101667224846,9.24391981085264,9.29302909035515,9.422406228520048,9.16365195008442,9.251865280136371,9.258141821063225,9.343996235288191,9.377613748723917,9.393363910524394,9.24912293709131,9.25989780649216,9.38510725448258,9.211648922345017,9.335943895188398,-1.5950985621301053,9.06939813973396,9.402403696443429
T144_105,T144,6.4571781280673175,6.57203410675478,6.587173938274503,6.378405082085174,6.508033207677737,6.612642226634956,6.427774610450796,6.422587227388894,6.443662773535787,6.493709319571388,6.497583421399801,6.482028674202634,6.443671106300696,6.4123541582793,6.6157957790986215,6.489454572324852,6.566367011660553,-0.09235174375567887,1.103749198871393,1.4081084698979958
T144_106,T144,15.781421364153829,16.002916492390774,16.599926049276604,16.113806682992568,16.19052459427892,16.37346488426668,16.113580702282945,16.090700081729914,16.12139095208213,16.275642718068205,16.410791644716326,16.406000652355136,16.205730180305668,16.264072293889278,16.236909133360037,16.01769234191637,16.058894920444967,-4.606018543636047,15.840818885202095,15.124128275083004
T144_107,T144,10.369435064140829,10.50180738391091,10.604455735082944,10.38618640027835,10.46084547424842,10.596490816363602,10.360315231052548,10.412819791116766,10.417922894694916,10.50114796044129,10.481984923878745,10.49668390222661,10.40225886550761,10.372904444718309,10.571396691679954,10.397975405284187,10.48749192122594,-1.6240714094040396,9.341057332538423,9.643173239423497
T144_108,T144,6.822212205237909,6.924850370691645,6.943701296037227,6.781307715387739,6.896001620487368,7.028577691728466,6.875291905252371,6.836522199261291,6.872621806878965,6.894052067267053,6.856347441093418,6.84505021873109,6.852291812603207,6.793740417533063,7.022822575092554,6.886353881257972,6.917966068595283,-2.233721004508624e-06,-5.992910012096309e-07,2.4764090959075658e-08
T144_109,T144,20.930213408190948,20.68504394811928,20.994928373173025,20.368597726557528,20.566695444371195,20.719717277831165,20.519523674853595,20.54163373471162,20.61418025167048,20.511069748973213,20.677367062569395,20.70556658151587,20.388913826574285,20.380414517975534,20.68654339304977,20.320766539887792,20.936187939949438,-4.13957740577502,16.330537121987245,14.35373942557584
T144_110,T144,11.929049503002558,12.04203280269892,12.323841813725863,11.943391913392942,12.032349868751318,12.251897296388684,11.954027859156229,11.985078076573195,11.98296366853839,12.05051173529734,12.120418713671611,12.159521835550516,11.958003834668752,11.94760683730938,12.19527135543306,11.87192066004003,12.125825812602194,-1.9266895691999004,10.883391231792707,10.070562141335563
T144_111,T144,8.284441620467202,8.404498877623721,8.506522077691285,8.27817526715614,8.398414977923538,8.582940841243307,8.41699916845303,8.33673223846118,8.413712251740066,8.34313103117829,8.357872614656218,8.35868762939905,8.348662020234006,8.257045078961264,8.577386700704798,8.330439952251735,8.453879356299563,2.6943330963474313e-06,-1.6146187305317327e-06,-2.724050005498322e-07
T144_112,T144,12.182056072245626,12.34436166321667,12.522947181191544,12.15422423340462,12.244037961823954,12.347661547623929,12.02808029857524,12.154773442001904,12.2065898719371,12.274474130066348,12.353402770000836,12.391125923257029,12.110759866194831,12.119722248671854,12.34343643781316,12.13636800896922,12.256773029410148,-1.6543540022082996,11.987104111648302,10.975627862147972
T144_113,T144,9.398539256969004,9.504694956403872,9.665022280901905,9.376945065924676,9.483014630941172,9.609211354689112,9.298397075619969,9.402234605211635,9.462305842270885,9.500255894378093,9.544309312467725,9.553212420073208,9.380248656590776,9.377031202749508,9.582479785896286,9.420200130589636,9.487578897129312,-0.9081982520218678,8.524254618333668,8.414236310766693
T144_114,T144,8.020562011020193,8.1235178490339,8.241261573466176,8.030184741450663,8.122492596758214,8.242672099771877,7.965711504954061,8.05059623762187,8.108939263029384,8.12802265503756,8.134231590433792,8.142083518798325,8.036586318073562,8.008636864201698,8.226917307253673,8.083661769083664,8.110274594397158,-0.39909970451519383,6.3700701485277635,6.730379767284481
T144_115,T144,16.329518910379935,16.51175532856637,16.958282555281315,16.659998202371415,16.524128732676033,16.685115476432024,16.381690980519675,16.546195258733462,16.56595104190555,16.581079754648748,16.74578964599515,16.79044320004789,16.49220608509161,16.525734688325848,16.621213677662453,16.319711870911284,16.540467833747424,-2.944383522271597,15.765927715072706,13.615480939043438
T144_116,T144,11.464889233921555,11.601840458900162,11.804599494237925,11.535669578963963,11.597746862315104,11.758442791101675,11.448354618679714,11.532035347892512,11.563718133143292,11.628186745239656,11.644474076613664,11.661131873828952,11.518187509782052,11.497390731157513,11.702499425098466,11.495000328977,11.608855876220574,-1.762340842054446,10.273329208088063,10.541804305892871
T144_117,T144,7.871525415652322,7.97369401997959,8.088086924215467,7.896868673515035,7.9888792363235055,8.148111849885813,7.932943274414664,7.922537935867065,7.994396322696902,7.966843270054899,7.966768252006596,7.960091612014357,7.925471995679912,7.861950846540116,8.117024576197906,7.943981161843617,8.003506062656186,-1.357072184557346e-06,2.575465459743868e-07,2.2782963682349602e-07
T144_118,T144,7.779382419920597,7.874832709878715,8.078259511453695,7.799560522775015,7.878420627455433,8.00798484851165,7.741136917825105,7.84755378877677,7.90238484490578,7.950770800087524,7.994310194295386,7.991269633239447,7.8242684415993615,7.859515059008953,7.953538146165429,7.793818371727563,7.863442736809477,-1.2171910188121071,9.399328424145983,10.031352325284807
T144_119,T144,9.371523364060224,9.368774540916665,9.49384136164296,9.202626336852376,9.297898804391194,9.406661621896175,9.118898369685962,9.25465670478824,9.343248828708264,9.353884773418637,9.38614639891144,9.398504063003084,9.185248921575164,9.199372759622364,9.358331235853584,9.198462350830908,9.390666629585246,-1.3598598299866318,10.53218465947099,11.303198640689176
T144_120,T144,5.757024726587072,5.829900028544797,5.919942507891652,5.770594725148032,5.854144870332119,5.946830592416574,5.756313440592369,5.807916852774125,5.851073745802158,5.887380809152724,5.855152525248704,5.858186603510413,5.7824791252554055,5.771413445096792,5.939797383474346,5.821949928016883,5.822259911293757,-0.23853120904451694,4.776260330121544,5.120662995692756
T144_121,T144,8.841402454150867,8.987852303690637,9.057049850423777,8.82817420623875,8.961167047339629,9.03629290144682,8.821723548009045,8.851663307101862,8.839198208884929,8.971600164929,8.950094883333868,8.954370007633637,8.866340058425816,8.839000011428741,9.045807274321088,8.93251834561513,8.99013850314029,-1.4081913949329814,9.149511460451128,8.397057951816485
T144_122,T144,9.530969922962363,9.721297213875175,9.842827054393268,9.601955871822565,9.70087830939794,9.816484475365533,9.545145625563928,9.64434776249094,9.642081465230108,9.769912853393096,9.733484463764066,9.75273548712212,9.64638529934802,9.62690922079214,9.782859551517952,9.640324552183545,9.72453807295162,-2.2002436669073933,11.655598738185939,12.042204986671882
T144_123,T144,5.01130458081091,5.07971582346118,5.08054380484539,4.95595580485934,5.056691650658684,5.142559032577947,4.990353139372606,4.981410203172449,4.991553434462941,5.064680649531358,5.020169720110454,5.010737774643431,5.006282976811287,4.965152507128377,5.142018157798487,5.055800691302837,5.0681383415967325,0.0,0.0,0.0
T144_124,T144,21.284717121893145,21.13056445595858,21.41482870132001,20.89909650798384,20.923505280126776,21.099625375767005,20.810651642045663,20.99930259462151,21.116086827602604,21.021025521002613,21.11847167250069,21.18481110929856,20.762914920754007,20.76617590839588,21.011305541313217,20.66025267532297,21.286304918724507,-5.901460097288268,20.56237175441198,18.02946772860284
T144_125,T144,14.05084828038187,14.160189943647014,14.548004614101194,14.09556388925384,14.143639583715752,14.337872461136458,14.078780138201113,14.086221781605923,14.060847032058843,14.142199413656796,14.32334667247382,14.3333380155912,14.034459071365651,14.108564303914887,14.285264174258709,13.94497691412804,14.240382967468214,-1.6668207185912354,12.24117307347544,11.36684571370294
T144_126,T144,8.900379898800542,9.016036076301605,9.100065968790652,8.89718096487464,8.999993246402282,9.171789134030108,9.000404457926713,8.949557713760337,9.014462539887516,8.984778401045915,8.966472980144605,8.966507248298097,8.933574160838381,8.87039753583379,9.165209741215914,8.94727937747575,9.031990084444262,-0.1698530317372921,2.164272637351174,2.6400423612247126
T144_127,T144,13.647425147295309,13.910042409514782,14.283595245375372,13.907871506829032,14.0827181429865,14.213582683372945,13.946839407644012,13.965000348678236,14.061006330117356,14.163974206076952,14.122416780113475,14.140078523880678,14.050370384880525,13.975868758471831,14.119838368476934,13.957266968477407,13.858446555679366,-5.71050502335719,14.12360244843913,12.656465706279432
T144_128,T144,5.66050102556023,5.731899112746374,5.8035111412869,5.651648851969542,5.750011893473933,5.843194032604822,5.652720411422473,5.697655519009185,5.72729890900889,5.78839631859105,5.725903196156498,5.741489430233655,5.680382759216045,5.6486119950666165,5.828126444703842,5.717416852619764,5.731028584142398,-0.5857683235578248,5.3791906256114865,5.44073170584909
T144_129,T144,4.694736107888394,4.780066319593542,4.847326353709486,4.699175160850274,4.801209473903337,4.899536395704184,4.758663841932427,4.746874836400133,4.786052048709713,4.792865758683638,4.776897949464906,4.772150486692663,4.779857935190109,4.715751453537826,4.897096907705209,4.785657507453218,4.79016259511149,-8.927454790746773e-07,-1.2264416047482219e-06,1.8325427309715983e-07
T144_130,T144,11.827089281873745,12.084148698168672,12.336518073934537,11.98029634564746,12.09515603002046,12.199477015808217,11.966391079477397,12.00336311936836,11.971059817942493,12.054752590390702,12.187394422456313,12.184725244330131,12.036696305893464,12.077110857982262,12.188133490480302,11.973355750533266,12.020296752792188,-2.701158810356436,11.28072111606651,11.040888869165151
T144_131,T144,9.970550082417072,10.13356233082598,10.324384186614036,10.034501895124835,10.111005866831148,10.241959318998438,9.986119646728392,10.054946730778994,10.05782429120278,10.139968533954946,10.196168446774085,10.209305929837443,10.06044530481064,10.072785369437351,10.197646584927892,10.013986672140096,10.102264545847463,-2.4868475317081806,10.138883152969012,9.039382144750919
T144_132,T144,6.723234197861797,6.846016198241068,6.902517107712302,6.691462509038188,6.80391326625395,6.932442974651945,6.753102643370487,6.73865928106218,6.753142468806415,6.772164730707803,6.800092886226295,6.7907285473428045,6.755080907461858,6.712674180176053,6.936320778527545,6.771134847714393,6.849608462248609,-0.1551592484610882,0.8873545420148415,0.9305163540943701
T144_133,T144,17.259191632417384,17.45316240559191,17.983313883188877,17.53080925275227,17.49598032966134,17.675358633249306,17.468414305113388,17.504274962221317,17.516420536703606,17.515743512716142,17.76443976906848,17.768969583896013,17.423633866446835,17.538258306568938,17.585592146995243,17.253174409429462,17.555684899794628,-3.2174876428261125,15.929589535863137,14.354591983888104
T144_134,T144,17.158991102633326,17.469110765901483,18.087778419120276,17.608569086055784,17.674418591233742,17.87800098460839,17.56105001270884,17.561511239775186,17.602706538453326,17.772785337417602,17.863825281575053,17.86784478667652,17.635500704381307,17.692801811983315,17.736475494372904,17.47966150772214,17.46390699317335,-5.466293158438093,16.962230700488686,16.757635870474772
T144_135,T144,8.821323449753802,8.942192939427418,8.999305116273263,8.793244330763848,8.916129137398267,9.072783340376947,8.923782869359522,8.85034261335069,8.907040796872142,8.862457623832496,8.874243851250029,8.862647489576688,8.843833605761244,8.778850055326918,9.084300059601748,8.880564846224704,8.957352873189706,-4.398102554331836e-06,0.0,4.878525918937904e-07
T144_136,T144,19.084343495203555,18.96570418086526,19.17291616827615,18.735247590907203,18.761363263713523,18.897695813604678,18.68154736647038,18.814312376890957,18.887950829303065,18.796581167093315,18.927289187009546,18.96496603308849,18.600358915228032,18.602672446230816,18.86614454579126,18.56388514182772,19.082738379947013,-3.84296403037287,16.32961923352662,15.308557267504534
T144_137,T144,13.052112303829247,13.170417283754846,13.471397666215076,13.048641078103495,13.119194516464756,13.296598260114362,13.015682986031566,13.055084333291743,13.054320250126397,13.126229576957032,13.26740590812793,13.285153787667047,13.003286422015789,13.055926113119744,13.254673152741857,12.94727452391725,13.205988886366306,-1.8264165579568241,12.715733138368673,11.878270146731444
T144_138,T144,8.469709334470362,8.601319431275156,8.664474751608887,8.469873263582157,8.57473234340233,8.736219221519203,8.578876879988188,8.525281315247087,8.590649217358376,8.545824320432343,8.542145639524728,8.53753061864873,8.510215575210957,8.451043640801608,8.735124506371822,8.530483517026873,8.602350887322746,-0.17635656492291907,2.299414979462905,2.5058211690043866
T144_139,T144,10.339974126416172,10.462467166757516,10.653321437569645,10.329503036527695,10.415328740934523,10.558796375031385,10.21340601026965,10.354818512256154,10.369197043463403,10.506543730012456,10.509485193919671,10.539386980705984,10.34378895232754,10.357287636637984,10.4964412507226,10.30689563358498,10.45810577191278,-2.2936397792418615,12.522064580650607,13.091162464193022
T144_140,T144,12.432839873474256,12.495686787172154,12.5190916074986,12.226905974059685,12.375059018468948,12.461115335356034,12.150525180708344,12.259277811792536,12.28469516436385,12.426530916898535,12.370556986894847,12.397672906311724,12.224758223383184,12.184556685362628,12.461526546880464,12.31713646286257,12.49447396134702,-2.248715749496867,12.913172847388465,13.169513128301213
T144_141,T144,5.735760245915643,5.818487966909896,5.806551702342841,5.66247558477716,5.771157826424947,5.878480475450341,5.717163087077338,5.707444033952654,5.738527592958404,5.774736482566215,5.738373850602954,5.72619308245538,5.723555397000217,5.676619798298221,5.885932305802399,5.777251916231118,5.810017257573281,0.0,0.0,0.0
T144_142,T144,11.536619810054052,11.71320576240399,11.89324071187327,11.534786952373029,11.615872603366553,11.746032341250212,11.433714913097557,11.580518551831672,11.590358005723024,11.676461554246238,11.747168732857116,11.77859496708031,11.555650407857645,11.58885300772175,11.714820975277595,11.498396533997589,11.63516671093074,-2.124971732782848,12.534019805878623,12.572945410648465
T144_143,T144,9.49997157069439,9.625746898008313,9.742762668981468,9.477540137062862,9.534955161584392,9.66941132317411,9.413273431840272,9.520955425824589,9.539266406114162,9.584399710104147,9.626144219485395,9.649079479980587,9.46932700850416,9.485518950041206,9.651056819613078,9.451778256144683,9.57998494092042,-1.121992488644216,10.682487378097832,10.132530918473506
T144_144,T144,7.81726209149993,7.9299740262011005,7.983627014790144,7.746164079422526,7.863603100943863,7.965103950155779,7.739127165800827,7.786146119527694,7.811129104880126,7.880146977027974,7.874498369005552,7.880104374003741,7.770660833096396,7.763064524983082,7.963436872822491,7.816590631064143,7.912583099399286,-0.49814823051670787,5.956121263589189,6.813116169236388
T144_145,T144,22.28533318972465,22.15578378595178,22.701026001879608,21.920436183077843,21.96675218374615,22.124321432551497,21.88376051122708,22.027725490514456,22.23341303259429,21.96100077336908,22.3420804555242,22.382038417581857,21.81508161014366,21.89886144176976,22.051193291971284,21.598072767654,22.46859837292909,-5.500639677247646,21.211628028698005,19.513803918812606
T144_146,T144,13.721582245176894,13.850226794286124,14.151468356385834,13.734238130823906,13.862065814833882,14.074659681768589,13.750693096706538,13.785022822530443,13.809619600970658,13.84959330831092,13.912564324394548,13.962693300996136,13.762083855776408,13.719648436572005,14.03925006162101,13.69380783345251,13.889860970411467,-1.5574329815487613,11.983653473308426,12.007049680080833
T144_147,T144,9.061688025914773,9.169262587906164,9.279259968128516,9.027548160597023,9.147609122290929,9.342108734527718,9.15948518858048,9.089952373883012,9.19909769151491,9.094058938162362,9.121470298001814,9.12084977550924,9.09194730771586,9.00102961324284,9.340744509081771,9.08036946470176,9.2191738260124,-0.021703556391261796,0.34203974968506734,0.3939445760822885
T144_148,T144,13.830590493218146,13.965333759827947,14.342412476599126,14.03665313027232,13.97337648471304,14.10790858459828,13.765335584088657,13.942822684868965,13.949058473795173,14.06300775569421,14.160298305389926,14.197575983179853,13.951103418958285,13.97298286317731,14.05094830540178,13.81891910770018,14.005777677700587,-2.869749306826407,14.75930620805836,13.733703322492973
T144_149,T144,10.03539007770482,10.126412431061128,10.28171630074704,10.053121280372531,10.144024160339328,10.297250671943884,9.980413621175511,10.085462558316562,10.11396586203258,10.199173814164736,10.145660675777966,10.173714780922245,10.066863549069184,10.010538598448168,10.247268949638942,10.074999806450162,10.140148205381491,-1.2198861437402628,9.511278913383004,10.642060262106504
T144_150,T144,6.914105139568011,6.995396396535218,7.096166508382225,6.913009497014469,7.004519933885375,7.145087777375792,6.917276285390587,6.934867647091781,7.001396020963306,6.99710793002216,6.989613495592958,6.983003534566627,6.950605769868507,6.889563004440159,7.120917031283719,6.974009674159388,7.027996346076524,-4.635837827538963e-06,5.547156374832947e-07,-2.575465459743868e-07
T144_151,T144,21.41481388147135,21.36761525534289,21.821116427184126,21.014268307785464,21.197943037185315,21.380712917181977,21.028089292365948,21.17197277186371,21.24405343314432,21.276877228084757,21.45715854058146,21.507105988415425,20.981395421762,21.02920252617257,21.240404389672477,20.89682280241698,21.47451530030957,-5.589135389541633,18.524910343503354,17.20502720164862
T144_152,T144,12.804208839485987,12.89971932718156,13.160698226418502,12.77188238173614,12.892059117690644,13.087843298184035,12.803867088097894,12.828478689467651,12.856106764369615,12.868671887352898,12.961294631465716,12.981486632880276,12.775027601434894,12.757604802912862,13.05982994082874,12.74903047415999,12.95238642775432,-1.6679692870355538,10.730438731288254,9.933257941134878
T144_153,T144,8.83854064033228,8.987525370597044,9.10049570318598,8.89470072803377,8.997505601255384,9.185310977193748,9.010130921463256,8.950419966456781,9.053252619773083,8.978090646488806,8.963403707164693,8.96191260342242,8.946141136951084,8.869046282293795,9.16465034461847,8.93806785648883,8.991428642367215,-0.15427377124271002,2.094882329604978,2.5287084241794013
T144_154,T144,5.807833498783699,5.924553826194007,6.039720993172076,5.905942774237676,5.978327214496803,6.105665889766368,5.932728054828576,5.913318659450263,5.952435672429424,6.014661136641919,5.9594170153326,5.956514451349514,5.945942410649032,5.915688685630455,6.090058353650639,5.955386396719177,5.920282694019352,-0.14462362722370908,2.675420522965814,2.5067692479874024
T144_155,T144,15.851836802544456,16.345818282808615,17.65255118340618,17.057989449916526,17.007102880840684,17.316659447289037,16.895029991981193,16.92612003325472,17.01565498099027,17.22680775498651,17.446257009934033,17.419927396494757,17.120287154589025,17.298002088155457,17.00849581557831,16.690559414206717,16.390110658778386,-7.835370430896402,19.234009684981945,17.092083355383775
T144_156,T144,14.021887465460464,14.169449622834772,14.488536305334158,14.122752045971977,14.162203398244928,14.26081650113873,14.066198347582182,14.11757762849854,14.105633952466713,14.135231962906795,14.314710293366934,14.323421694733783,14.077446476755645,14.14551504545248,14.25217641998466,14.011191317335694,14.186920211037586,-2.3005878142399543,14.213132042338486,12.789431719405655
T144_157,T144,14.1300621754963,14.29201305471095,14.560876291019005,14.233156935671577,14.283550789748174,14.444009635895233,14.188172741213483,14.243038066022452,14.234489668446502,14.307618737697254,14.407512706800471,14.41231944655008,14.201225944793094,14.231796414378644,14.415506340602526,14.161714391083894,14.25756848750864,-2.5399942425972717,13.912005711004547,12.411601528583075
T144_158,T144,7.915388037803843,8.011115247913148,8.066238039785263,7.908743817451533,8.008561841941736,8.129866624103265,7.979831643586364,7.9582735699139215,7.990893613274476,7.989569215370288,7.96741655248803,7.9655429459865585,7.925443284808856,7.881547323756832,8.139463429649346,7.979749208808716,8.01117656122705,-0.16735324533951917,2.2681733774249824,2.516764118677292
T144_159,T144,11.622214901676587,11.810332392273242,12.045688327912083,11.724082509700608,11.78106594459156,11.928114086906197,11.652269503483303,11.787389719260366,11.823198514014448,11.84380727581256,11.910191168764085,11.947699451663867,11.726622021413016,11.748529252044218,11.90015537159888,11.662952682988548,11.760037019390415,-3.0237614008727705,13.016314476447242,13.705123516012286
T144_160,T144,11.783634167191538,11.977182618619723,12.292527643292772,11.988475206052668,12.031746018106052,12.183917642104984,11.937497873119463,11.998327623426654,11.987701869875185,12.055074893819484,12.13775537958047,12.15615156381268,11.985021581395792,12.007330762115972,12.154261283358071,11.894102960358058,11.969445719052365,-1.32190393872877,11.407487561603382,12.133104814251038
T144_161,T144,7.934448273527621,8.050100746613687,8.219667382722477,7.976507674814113,8.074393748707678,8.237578261840834,8.027016372374943,8.03093307512176,8.083470976774759,8.067818060046497,8.093448425633138,8.09658901040251,8.01575805520132,7.991807728324774,8.218911640745352,8.003543017847338,8.086389423972234,-0.4040651226764889,4.813151420568269,5.334251055161211
T144_162,T144,20.65625725041183,21.362772398522026,23.105286377833885,21.928867882987223,21.98202908472109,22.179798017364668,21.609904377789896,21.58294312834609,21.74050866983968,22.138256335104412,22.716326980902064,22.65406354543597,21.92870765889046,22.336527242603317,21.81572713830137,21.504544247573275,21.39201514509957,-10.039023818436178,21.487787951402556,19.765934496184013
T144_163,T144,8.133608287621,8.259597557315049,8.331223477482292,8.054581475622756,8.198938216998956,8.30009361235221,8.057907292259856,8.070641900775353,8.132264439854376,8.188819992426508,8.208159925986038,8.203704203695013,8.109632956758327,8.081614038961849,8.314224859231896,8.169146642979152,8.213121331497064,-0.6220743512117994,5.631739984810491,5.788679070587762
T144_164,T144,6.138247964129466,6.257071584840932,6.280030926542372,6.116120308867859,6.230948503728584,6.3477623730925385,6.168038612487167,6.138675846297981,6.211378884253504,6.2137581708162335,6.200299310888802,6.180739880466797,6.180340707966118,6.132590093468377,6.371485790588925,6.243897053929949,6.228460346865265,4.71013010041619e-06,1.5403264576545058e-06,2.525937277825717e-07
T144_165,T144,17.96349420085791,17.89353072298168,18.099213636449623,17.696833354002706,17.757437123600276,17.917084657051685,17.71788389132572,17.854593386693644,17.933823951950764,17.79541959704904,17.883806114680393,17.932895022394238,17.62845267408891,17.620465528345658,17.900969586692362,17.55363245156319,18.03569999458981,-4.068692268159079,17.36200215325883,15.933934754701227
T144_166,T144,12.53254028045506,12.61782047938843,12.95363534643368,12.565396496760778,12.609161873257632,12.816387754927524,12.55991274144702,12.58646185490751,12.58482348844528,12.609643470006812,12.744701635429864,12.776241788678403,12.52899311279688,12.54749580564258,12.761013973521916,12.423836738371795,12.705101068333567,-1.0300545602776907,10.655297292779224,10.435413712298176
T144_167,T144,9.128630389282838,9.240397647782949,9.388596075963488,9.162327552180232,9.251632813473778,9.44268898694802,9.24927019770544,9.216222266761491,9.294788782042929,9.25538095725309,9.242404622745378,9.253852803557365,9.186708537910988,9.133817775146214,9.41312709779085,9.168794881204327,9.276609529773609,-0.34547966517355605,4.49204211959522,5.459332059143816
T144_168,T144,9.578518635404487,9.77578188694853,10.01858224779214,9.737242794490625,9.8117555365171,9.910118576442118,9.688617891431424,9.749091074367998,9.730374439836428,9.764616182023568,9.882424740715642,9.889801551966482,9.771803131741873,9.783389309626711,9.904661683081654,9.7060518024125,9.72978875196532,-1.3834450647799414,9.035087293597433,8.722481733818821
T144_169,T144,8.305733885738812,8.416790786155428,8.534830880733729,8.286068869874363,8.361646689612455,8.456335681453409,8.246498972069993,8.321368279361257,8.333423090512646,8.347194992433408,8.420343509013941,8.437317119493379,8.302213575563622,8.296432527750783,8.457503561519674,8.287413645884698,8.392694582194329,-1.5781799605400924,7.691809700744338,8.140252725715083
T144_170,T144,6.196243686239432,6.302326216162295,6.439583993562784,6.203607531219712,6.3035394768410935,6.433524171910103,6.249829993074645,6.246941320191818,6.273907200353344,6.2501735948568,6.327211029877801,6.320137070514305,6.261751435765071,6.236757329530285,6.428627599605965,6.247935079796485,6.332193227290351,-0.137268534956886,1.8607639088398338,2.0098073257705322
T144_171,T144,9.72993544485448,9.854401191148527,9.937845755863206,9.714782651109124,9.82549964991986,10.031722508443805,9.88453266700913,9.781966742191427,9.895350133116729,9.773748054244464,9.780475630025842,9.776981255474157,9.759963188841065,9.669453003845287,10.019621388009345,9.758170155564502,9.882128560094214,-0.022494313438130617,0.26619277479538417,0.21846763167023578
T144_172,T144,27.282356486042808,26.877640443334197,27.092472823223385,26.40554674398689,26.505978811334177,26.61727650930739,26.50582877523757,26.603408290984948,26.725421583487478,26.438758605286445,26.73184167876961,26.769978821138533,26.22995362570837,26.279202759624816,26.656743608968764,26.17696654443609,27.17769282490843,-6.890691625670424,23.049687220953693,20.82607970774976
T144_173,T144,14.08092974084389,14.135445906698491,14.43041462781271,13.95833018990086,14.082079098149483,14.313977704978432,14.044084583571138,14.025279038838091,14.06011166397621,14.022612642511874,14.16518098554089,14.20866295748018,13.957060434044651,13.93201447598516,14.268787901599389,13.881723420051554,14.2557338683232,-1.4516139654610816,10.81223236925017,10.128562032096497
T144_174,T144,7.989072797482362,8.04136434168754,8.13717490431169,7.91041922439099,8.018771757462709,8.11866017349515,7.876417358225388,7.947361630004926,7.933573984907398,8.055347404547128,8.033807855851414,8.04717688006557,7.942940172708651,7.92380677042313,8.099416559496037,7.976858685955211,8.012290776349932,-1.0000275898495377,8.304623117106413,9.41132601763812
T144_175,T144,9.334912522555802,9.433937763303993,9.64163691106398,9.351605510042884,9.425927463972116,9.543176625013832,9.297888616917492,9.375877210624758,9.368931986898668,9.49785901466792,9.545159518770015,9.545304925201812,9.379554964967662,9.412705698266262,9.507474338873244,9.354248751727567,9.437045360263834,-2.22123124761546,11.79293124374259,10.671036890238028
T144_176,T144,5.329901329546595,5.379504249913469,5.413775628483462,5.289902619526813,5.38238088271963,5.463934241467906,5.3147716890126375,5.328182389686316,5.347766826826364,5.4057125370742805,5.35102873998003,5.350958351596537,5.308021883048602,5.283547354292817,5.464604776343651,5.373113792067098,5.37698244611618,-0.14838939233565093,2.3519922109825857,2.6472214259992826
T144_177,T144,23.40666408380676,24.12531183986512,26.277189305026894,25.187226293250514,24.951050710045287,25.3444639750858,24.900681860580907,24.8110885661179,24.81026706963376,25.167119502096075,25.85615165449663,25.805191922081278,25.119193843730766,25.56648701095214,24.88228104352514,24.34976140130072,24.219597952946557,-11.241226774230885,21.437724493658322,19.073656141201692
T144_178,T144,12.354440993298454,12.547736602964257,12.850366472769077,12.524914337035533,12.594198011117273,12.70960227336983,12.571891614302878,12.53884460992364,12.557665897833454,12.506848784785358,12.659373276213552,12.673943518924014,12.497841017484143,12.516531722944617,12.747017946126782,12.467872549626096,12.524400502151908,-0.7615428240003077,7.904758842951436,6.359320264660794
T144_179,T144,6.283339146271713,6.442578247441477,6.520072275652358,6.319859224292091,6.4505941040557895,6.545403495610498,6.348856159569381,6.330766532430446,6.37759284598356,6.423514306974741,6.4353134999807375,6.419868041091197,6.387630495225271,6.34855701183505,6.563210646862409,6.449472532219684,6.380097646265495,-0.3264741725889447,3.2172175817467723,2.9483063214371286
T144_180,T144,15.645119377202,16.230745583840918,17.32556533827385,16.647023724151868,16.722081968516786,16.924896585102218,16.458921055714423,16.446570799928807,16.47448969295894,16.827750507903183,17.092744281523867,17.065681154184293,16.716212009449556,16.88091356276648,16.733657960507294,16.470422954115513,16.129982758161855,-8.688017488997257,18.10304567384712,16.931854922886558
T144_181,T144,6.1687369320608,6.322811801711265,6.387894449294312,6.193513385747682,6.32491602174591,6.418427873138067,6.2251248518386,6.206977802957548,6.253968971325153,6.296158960384327,6.304933337616978,6.289594386288015,6.261307810269484,6.219695741731567,6.438760642896297,6.326847977607122,6.258487099855272,-0.2244986276160226,3.0341770636153393,2.7757873176786596
T144_182,T144,17.79792576838268,18.433317896572643,20.073774408716364,19.22207546332057,19.168104803073383,19.46672442394761,18.929110933263,18.9165958237158,19.001951041726663,19.394085292634266,19.757432843691603,19.729535253226505,19.29448398320657,19.571986381474392,19.040751309612396,18.72478483693498,18.50636163026645,-10.373565263878202,20.820025572237377,18.36789613276065
T144_183,T144,6.368971284027821,6.508000792653667,6.614589002266968,6.418191703375373,6.523426803160513,6.6395006737241085,6.430639203180291,6.427080923039342,6.480902472701719,6.5347073505167925,6.512990906929922,6.5076386669477,6.471276959443321,6.440178583825516,6.630760565697865,6.495008713916274,6.479259494474223,-0.4731724028653185,3.4133789925362454,3.509375110306394
T144_184,T144,5.342672984096204,5.452661101364741,5.507832983266974,5.377237026087926,5.4714833168921775,5.586649558358452,5.428797835771907,5.398407965230527,5.440371048068285,5.479399149793056,5.436988736253783,5.42697516611249,5.448676789928563,5.394919145855446,5.586711609765376,5.471352730231179,5.438141824977937,1.6678615260937455e-06,5.385570681324978e-06,5.287752522036629e-06
T144_185,T144,10.775757057179552,10.906376167982051,11.18799902162948,10.883226037130456,10.949696062695155,11.176818500092462,10.91764745284997,10.929911574969498,10.954408330749196,11.012202151771085,11.025724917287777,11.043280155600227,10.878167389705958,10.887354828433718,11.119222875473849,10.824811695721822,10.957611608150392,-0.6746112488374327,9.935591119681495,10.287028079151533
T144_186,T144,13.807649675002496,13.98706224770314,14.334429022373907,14.014357837493648,13.977083870174225,14.222751601335634,13.992740493161328,14.042214679116851,14.02887807097968,14.030906346401313,14.168445675229943,14.19888648261338,13.957058585126893,13.98852186509188,14.169034709263157,13.802541012995269,13.991583950877798,-1.3660412900726768,12.56244502004509,12.72415155488771
T144_187,T144,13.94522049202924,14.107180631139164,14.367359330139497,14.106796277356368,14.096655824707096,14.309810016909786,14.043516849997127,14.199055041580884,14.246268487558009,14.21175075122516,14.220628858430093,14.286146798743816,14.060335795768063,14.078319839805305,14.25549853141583,13.941960432172516,14.074882181543051,-2.6941220468586415,16.861494266429446,16.75275630941683
T144_188,T144,15.839204070995748,16.310955093143566,17.398629575370634,16.638715202597457,16.7767537276402,16.873124613426505,16.527084088736427,16.55046019924473,16.707738633080655,16.787973149101354,17.137137587766407,17.117149347407956,16.6801809402447,16.852290793271827,16.758566853323224,16.51430409855548,16.290548702554496,-8.695796730708391,16.123196549862357,15.957894298729384
T144_189,T144,5.256985277139734,5.363611459269499,5.436823881439293,5.289406199848091,5.37555976391322,5.481994231171073,5.323294152252915,5.289627551945816,5.355939204437343,5.353778489225292,5.359809598954,5.343662115676436,5.341960773348396,5.308896171610058,5.501282299218008,5.373749133277557,5.35051424281322,-0.0837230590549215,0.601228713320292,0.9431243483780231
T144_190,T144,5.248992573821162,5.35736270370191,5.428432005912927,5.281406088516374,5.367391091508171,5.473658850822113,5.315041199311199,5.280992097297812,5.348069679766624,5.345005038557351,5.351566834012442,5.335126686847695,5.333868970015243,5.300294059603751,5.493365540805335,5.365800885352607,5.341800372362003,-0.07783769453704227,0.5475368544002592,0.8546742589688103
T144_191,T144,10.05442252882842,10.206966466604817,10.525608597043902,10.270529296942248,10.313579682409705,10.49331733464179,10.26730998786573,10.344163118110174,10.35347281126048,10.475186031043332,10.456155432165378,10.469038224700974,10.30395972801311,10.343723194661772,10.422687955352718,10.241339722017662,10.164182341089033,-2.6345681474797997,10.839852941763066,11.661253908715409
T144_192,T144,6.959829329931618,7.060423474452657,7.1884771402251655,7.030517982986876,7.102103153785764,7.223903431167131,7.022395618811986,7.076093989592937,7.087406025935032,7.189752453363805,7.121718154926294,7.131737281823564,7.046433002234131,7.048188063204186,7.1953751302093,7.061605246672095,7.039846191111221,-0.6243714051407313,7.244373669148104,7.515726127730925
T144_193,T144,6.4694681828804645,6.561411129212243,6.666171111883693,6.5337339627007855,6.611197428490559,6.714241248536712,6.524989223430359,6.562913350151669,6.5770149606485,6.687247583542382,6.596654968507073,6.606653719930481,6.536979204533602,6.536073426459873,6.696655449382527,6.580691789479608,6.546299715326906,-0.347461002325953,6.298182652136937,6.9302949852254745
T144_194,T144,8.142017759942279,8.216812977466684,8.364966022928861,8.135969977977169,8.207459754727438,8.319264985891325,8.075201353038652,8.147307022090226,8.15071248749335,8.26421628392343,8.253617384954854,8.270735477407205,8.163221114772771,8.146046526616557,8.277050917205273,8.133887986019351,8.245614420224996,-1.3225619323884958,8.679749723587365,9.635410502978988
T144_195,T144,8.23071546525163,8.297140108894784,8.379830783708844,8.206119611014197,8.284398091546803,8.398358481166762,8.15405219628362,8.251725254003114,8.242166424975192,8.347508957832709,8.283205205815408,8.315015794347852,8.237810726397601,8.18860790387006,8.364261219899623,8.227739734514193,8.295792435790355,-1.460722336794739,9.346977448505145,10.847054659489842
T144_196,T144,4.971581864086276,5.037542504669941,5.078254353469478,4.91960799056105,5.020367917566641,5.133482729496203,4.976881313330254,4.961516429771452,4.994455999498942,5.027749359535205,4.999859177902592,4.994835722564012,4.988282261453199,4.937138221628998,5.120231327407494,5.001237293922339,5.0614243231417335,0.0,0.0,0.0
T144_197,T144,17.629032445419192,17.72196822858116,18.014709551305767,17.616224671146465,17.68582509558621,17.813262864319295,17.674375986103684,17.72018446095171,17.744987768560105,17.607325261376506,17.808771948362974,17.82507224743128,17.532749542431308,17.56391830748552,17.81570235758284,17.472777409891183,17.79337001695655,-3.6787070739956915,15.893002324957472,14.209307099716586
T144_198,T144,12.65720051993129,12.787814072304242,13.146356739900137,12.760301763239562,12.790563825761163,12.897704019454222,12.771521185753626,12.752053442068489,12.730229562250496,12.67500951898868,12.929246025832189,12.94716524403294,12.68036731625334,12.745974170980196,12.89565444146756,12.581673640134628,12.840850429972498,-1.048220063564402,10.939903362831863,8.619034813046703
T144_199,T144,8.255842005348141,8.36905221173435,8.455400263838083,8.289936489961459,8.373851538966274,8.514035030779729,8.394860399829776,8.342850406314858,8.388289337674658,8.34113609734544,8.341354669749032,8.340542434700332,8.292767738996343,8.253711852965225,8.51324409829606,8.318470345042984,8.377739711943319,-0.12285124275624017,2.481567178696522,2.416985866731078
T144_200,T144,14.403916456408083,14.50754467929403,14.715046557215455,14.237154212696217,14.345656780811629,14.49198437692026,14.166770264078831,14.264064523192133,14.31312193928788,14.48813528496863,14.558073753908095,14.571316821126064,14.213475250300569,14.278470838705733,14.426082084929565,14.228860508806775,14.478432281418817,-6.920684367172053,16.251698409650842,14.46563825382361
T144_201,T144,7.986136891396629,8.075655167587314,8.145011087393623,7.935238282546554,8.056579188096826,8.153853999880349,7.939148502499139,7.973194823765481,8.022041076816572,8.095024739635528,8.054262878452818,8.055736389047645,7.973557877089072,7.94436922820274,8.150169761690298,8.035953753398493,8.045173507123454,-0.8733110266210865,6.767326965112988,6.747376961431765
T144_202,T144,6.043928508050272,6.124573309236441,6.151949476463516,6.009501536306994,6.113743799893434,6.204393835091486,6.037038853142632,6.04542795002778,6.0903186025137535,6.127567563115135,6.082431480483932,6.077081092578218,6.05742534154288,6.015960529407435,6.216279161763572,6.117798497607275,6.099942400574523,-0.11434880415298763,2.4156175355525664,2.4897034814531493
T144_203,T144,11.18603372497729,11.365415732973378,11.650930286861234,11.389750413632717,11.40476521156222,11.55098444908668,11.354365800203189,11.433136067064504,11.428617364696011,11.468234500453995,11.535793681777816,11.565153668272869,11.362076949694904,11.407249154661937,11.51903864159614,11.27964559823216,11.328807144407667,-1.905673679421254,12.875067605136236,12.100092324639405
T144_204,T144,9.999788743340284,10.237139615766194,10.496231940807371,10.254237333271142,10.341187389208203,10.48794564522396,10.230814916638506,10.27468865066662,10.263674834967684,10.419302863317627,10.395812836942715,10.403057208403135,10.284667952654416,10.298465785752107,10.449460270355155,10.25486341304615,10.173797489457646,-1.8689767635926382,12.609949430921882,11.701004947688691
T144_205,T144,7.217485188938212,7.333969345590642,7.456732824893684,7.298677348621431,7.375429528061276,7.495729436053265,7.325806232573856,7.327094509195131,7.336536643715226,7.408061614657241,7.367038576993791,7.368927930883688,7.314047787356841,7.292422108153781,7.487968271019631,7.331741022742146,7.339018474668567,-0.24115333438534362,4.713712226173421,4.894864939266701
T144_206,T144,9.27165624947834,9.367301030848292,9.49227338356422,9.27270928618538,9.31488538309138,9.395455164970576,9.213366935467448,9.303139903462828,9.33987763198509,9.332277617612933,9.377008042843398,9.40020262774282,9.227389822710046,9.229159702397986,9.39139676310372,9.207818350105546,9.332214044744635,-1.5742338125514002,10.568313783602994,9.927146339311223
T144_207,T144,8.072269151955986,8.146890252230447,8.323968916968797,8.089565066580931,8.120581940303287,8.200717357069431,8.037681029009288,8.074128867021011,8.095701759411336,8.099386922060269,8.206745690262748,8.207218954247018,8.021666912086854,8.076542422790146,8.189195084773852,8.00681604240713,8.170320346715204,-0.7902241533482901,7.637507175437915,7.5337298236855155
T144_208,T144,5.551752100453998,5.620576407528664,5.669518054628378,5.5437334647579215,5.617988735509588,5.711402412106076,5.595259079723697,5.580570287270163,5.59916189031734,5.605693122824869,5.600228819052548,5.595833295039027,5.559481775534808,5.534323747367727,5.713660374496171,5.589363186320799,5.627226577251782,-0.14628078323328123,2.5027058624583938,2.6603429241393473
T144_209,T144,10.95689412728922,11.11018176658385,11.53857769707074,11.141054161492034,11.140856891653472,11.272397524724552,11.144788411012344,11.123635069228843,11.115814631429505,11.115672930203637,11.359429078345409,11.361254528751871,11.064422382818856,11.175530219259532,11.231695861819349,10.95272736336856,11.125454869696402,-1.4334429992159046,9.155979684376764,8.026653401822154
T144_210,T144,9.644914568302342,9.749672700095182,9.857277822901771,9.627571419744235,9.709873111110692,9.77054727014467,9.637559058708602,9.629853462287665,9.659276427807267,9.667736839640622,9.71935506685506,9.732440689670396,9.575253019165368,9.57696362398177,9.795782167383647,9.61833674516869,9.73406645906422,-0.7534630168025901,8.792703297806241,8.027654349043857
T144_211,T144,7.820827781856419,7.918011829404203,8.029597562652702,7.865071977662223,7.930576952387485,8.025396532995268,7.898772846122815,7.895648931094919,7.911617667404819,7.905786606155892,7.928819113829127,7.934336208625838,7.848229880408494,7.832569553268374,8.040180717391596,7.871697679759491,7.920305820420741,-0.4470683108477881,5.655350871487421,5.322325228623776
T144_212,T144,8.07845585626283,8.215394110499215,8.457662857998816,8.211383866306738,8.29970925804296,8.41539970244139,8.203227233978359,8.238833198979155,8.260007842801224,8.386339789718917,8.375232432047866,8.380590229312526,8.246604552012947,8.27017237613029,8.386041568549297,8.252623622191445,8.168870131325995,-1.6746747571435998,8.773481699524568,9.155865903284443
T144_213,T144,6.445962411127815,6.549578594617463,6.670899125220326,6.470535111198743,6.560482197549891,6.6540412816310885,6.459066554386436,6.514917305508698,6.525063315966867,6.602861122103345,6.597005980701083,6.606399953861599,6.506734740950477,6.509815126915888,6.642599584139791,6.52067334923578,6.508689989911474,-0.7385397558393092,6.682786838402759,6.978108757793961
T144_214,T144,5.649479800821991,5.741924722437874,5.833881561866214,5.679898380666905,5.767982046410912,5.856160180165289,5.660914089492652,5.70246966390608,5.72610694931575,5.810063676359459,5.763665246178079,5.766067687382344,5.693368355159206,5.690857553264942,5.849800285266482,5.744633721261871,5.718322205316059,-0.29715072336354126,5.054328500002228,5.331045822152617
T144_215,T144,8.327998612016737,8.418946870649751,8.601810289459785,8.348592557362307,8.451901256462842,8.634990660194152,8.412636061569408,8.39568004529033,8.504788319286261,8.467058684288753,8.455118714515768,8.47042247428527,8.393071997270937,8.33758429894581,8.602346532468605,8.36766205511148,8.469617319033294,-0.3309883035768516,4.431015727556678,5.4940755067088975
T144_216,T144,10.667776839344976,10.720378644038137,11.014011856894951,10.607563904828243,10.730584853300266,10.936759553623371,10.628800603742445,10.666111616803663,10.698719623246296,10.772965630456683,10.819636349577843,10.85770310461619,10.634552014119514,10.621674779919267,10.877717277204482,10.584582337155808,10.807650963393234,-1.033341143944188,9.769926495605523,10.621863140038013
T144_217,T144,15.463222861354064,15.373057203070106,15.619133366061812,15.137328024001686,15.252207157810298,15.406931261215927,15.146971134619184,15.304988638584929,15.4396550377075,15.312439541319364,15.413411555828487,15.458833821658477,15.131043146098266,15.11743517874477,15.356337357606636,15.05316754485164,15.5323842967513,-3.175244992081485,15.731775089189725,14.331965492114481
T144_218,T144,27.22496276360342,27.417063637036843,28.583305562162973,27.48523778357081,27.421790721702937,27.74384943211003,27.303711728253425,27.43838646435256,27.578050389216155,27.62341708222179,28.14408196914501,28.136147610214497,27.429563925760323,27.710332874217016,27.24590586610195,26.8010549676266,27.80685138492585,-13.748115642064155,25.964335934589457,23.30970003760515
T144_219,T144,13.437077200862603,13.579520507053765,13.71680607507808,13.415331121856893,13.525683214214617,13.674746670574075,13.44931168651038,13.429008552082088,13.46265663162412,13.486369861120346,13.528267184186506,13.535090154016508,13.403033653936925,13.37499343883999,13.669783412986543,13.427061776450078,13.577372485778248,-1.2803444054332485,10.181447855763743,9.370105752388737
T144_220,T144,9.045869326878709,9.176586608132611,9.22586167322598,9.009367773285932,9.1460568905477,9.326734587427636,9.16371307808538,9.079120082740046,9.149529966746014,9.096990214069422,9.088485348188248,9.083361866503948,9.074118852846006,8.99392138783168,9.32280769668066,9.101996068363698,9.187269048491912,0.0,0.0,0.0
T144_221,T144,9.537943857607656,9.664428618256796,9.839737407518864,9.616858604909051,9.653132328776666,9.797868793217932,9.547057204371908,9.636617159351957,9.636606044787086,9.719095744556656,9.717385139740257,9.74221901556079,9.619843596299386,9.611085883543636,9.735134872408793,9.54949854655322,9.66815203328748,-2.1295414059121622,10.54350157477698,11.236053660876921
T144_222,T144,10.366952973191376,10.46420833346857,10.60869288812912,10.386270679762102,10.43388792895763,10.530733929751792,10.335854596555764,10.365970325027943,10.365378511300598,10.417425552663142,10.471519388106556,10.480934662779186,10.351713120099156,10.34598576881713,10.52456852815616,10.344613229558735,10.46515018649698,-0.969488988349352,9.741037710038349,9.162675743511143
T144_223,T144,5.88657505569506,5.9729370016816175,6.015906812871249,5.860307493286534,5.958522352350197,6.087050207618771,5.952476422850692,5.906761493133522,5.939919634738148,5.950759334187143,5.930022761210509,5.922815435491884,5.91889965930978,5.867098033351663,6.069419953363847,5.930556226631028,5.988988657109807,0.0,0.0,0.0
T144_224,T144,9.796822239022188,9.93744843649195,10.033044130865518,9.668550927818742,9.827224146889437,9.956704089514814,9.649736123756076,9.764408724184843,9.793610339712556,9.875101644948076,9.937020555226043,9.942988684877283,9.7473110066799,9.76452170611634,9.928772229843307,9.76006043391328,9.82943634119448,-1.8009690226626418,12.795681579149134,12.045316468404025
T144_225,T144,8.598444648639724,8.724006961753526,8.813183489515495,8.499311047819647,8.643939150518001,8.742609679365575,8.497132734195581,8.56436220589042,8.590741831712867,8.640128029819968,8.72569811924015,8.710889850478829,8.559952789723726,8.58396886268398,8.739261632545821,8.592475592223723,8.664314637015224,-0.8627670016894404,8.957409224676098,9.158882820858851
T144_226,T144,7.741734286676105,7.849975682048928,7.866694600947689,7.624653688340041,7.764781611540801,7.8353498665141155,7.603404023837382,7.669961106474137,7.692161003098351,7.753602943133205,7.77934167046276,7.774440465335068,7.662905672087368,7.649414386606721,7.859211278977527,7.740195018994918,7.806333787146403,-0.3642529114457214,7.624822371611539,7.439193029031494
T144_227,T144,18.3681583794192,18.64595158894328,19.51661352768641,18.879683983155257,18.81566733879562,19.07412802467352,18.85336826292207,18.919717887720108,18.950595837804897,18.93843637116944,19.273823356948785,19.28947812470064,18.87850962134767,19.06501374875882,18.943663581773095,18.527489170381507,18.6317943182302,-7.9047886688225875,16.77672586185235,15.394976775747374
T144_228,T144,12.665887838254372,12.856022486991693,13.198013870197448,12.882624391476575,12.977767195760364,13.154526340975725,12.933067332424551,12.931461380986391,12.94699945844208,12.991514090963085,13.038031069834624,13.042281186363434,12.923942868509684,12.91415435461913,13.12208133621816,12.869193315855492,12.870627002067303,-2.2918225989147167,11.209953389958624,9.906717338677034
T144_229,T144,10.12424522908186,10.26828985584368,10.436566362201772,10.196965865210728,10.303139154934929,10.465532735584416,10.271860179220038,10.244206166823664,10.27897211089004,10.291736354735477,10.2993845294143,10.299809635197732,10.22775953370594,10.196024892418794,10.46379897507356,10.242085274941712,10.273010092354232,-0.3360144185250874,5.954136689151002,5.274936290226715
T144_230,T144,12.909984812372912,13.161131664966844,13.33711561666364,12.959326555374505,13.07990338618274,13.188330936249848,12.861573849941898,12.96635235653716,12.962752397830862,13.142625270073957,13.182078475476333,13.20182313776606,13.00311508756581,13.025895672823356,13.164443590503682,12.970627479784016,13.075015205606718,-2.8171015081722315,13.539262123898778,14.393322276748961
T144_231,T144,10.132061963265956,10.320454518278757,10.522896820105148,10.271216501033011,10.294979743965328,10.468866886039336,10.164032775645184,10.28328242674927,10.280381714842692,10.392907494318411,10.397595684324948,10.42370950189602,10.27912770426908,10.28658694398008,10.394800552361325,10.188099797029553,10.291346519480088,-2.058231053996,10.936189472299459,11.188433647508917
T144_232,T144,6.944510753698804,7.080318174944822,7.114356161340424,6.883417974633188,7.018933656652084,7.149440702576741,6.946164863136621,6.931340851198534,6.954066802831411,7.009862912432148,7.013687925283355,6.996267906455455,6.965411254724037,6.927337093485491,7.1412340578651845,6.992291006484049,7.083539594061886,-0.06114483868559879,1.0642895019990188,1.388538711404223
T144_233,T144,7.615406971189049,7.706077381727459,7.713040203865565,7.487262542478595,7.615371777916711,7.680589641825567,7.454387803325705,7.527679874261526,7.549613038175483,7.662170304004736,7.623203330280924,7.642648844836324,7.504624212999667,7.495449739860371,7.693279796293239,7.584767966742379,7.665470089438035,-0.6254405241902302,8.555592609642831,8.073661579938673
T144_234,T144,8.401618540961502,8.52923506162987,8.63021356209197,8.414458730175912,8.451533576633183,8.568585464677595,8.32095614127212,8.451869768003482,8.443665902986057,8.513597888078374,8.536736904365103,8.569330092089848,8.371937178358335,8.386340715230713,8.577413558446434,8.376441988573653,8.463301418058697,-0.9401189572497523,9.531831563599761,9.068111125162725
T144_235,T144,7.82096670485732,7.924475454275285,7.972594678326141,7.749646412844632,7.837294789016704,7.924723662008818,7.697796645532311,7.785487620516957,7.797348868088623,7.89327149450287,7.883645984403213,7.900860396415984,7.74103411389108,7.746815163809749,7.931147463549799,7.789400621216587,7.880237131774323,-0.7271829449636817,8.616908565720546,8.11494297039377
T144_236,T144,7.193414463648559,7.293745579493259,7.392731923710812,7.118120974861212,7.24502713762069,7.327817836148183,7.094562414285146,7.153169396920444,7.194930576043172,7.253210628743623,7.273044203340659,7.287185636114673,7.136782967344799,7.139436385447582,7.32623133625146,7.175931467730408,7.290681318386101,-0.4523058516989961,6.42286076417091,6.741921022347777
T144_237,T144,7.86259729746101,7.972157531413126,8.122118426763922,7.83166007104163,7.929180314023297,8.012430384381886,7.776824385774264,7.871938481292824,7.910001530072327,7.92228973234519,7.999436453567987,8.020065593472246,7.83922303967199,7.848647565250925,8.015763610377928,7.832107403848973,7.954503161205777,-0.5530157956101364,7.974855361899762,7.83159058987516
T144_238,T144,8.58507099441954,8.72102659897509,8.880954757289931,8.630274685881268,8.680677803499144,8.792158879157745,8.559296145948236,8.69476830048402,8.73317587971622,8.715167753419816,8.769071731542352,8.806297538555112,8.615495132202666,8.618017955221136,8.790436237423418,8.574974069394546,8.674866478078556,-1.1043820600743068,10.110812429335398,9.450081504246914
T144_239,T144,13.127408570318233,13.059343709150175,13.45943639598289,12.850674877727196,12.992288355811109,13.13026112318808,12.84642013048066,12.978609999021202,13.084104420051831,12.965982819366422,13.199551285328624,13.24349355566372,12.896893635429114,12.903410977889298,13.06382444131799,12.75940154034244,13.220179591324642,-2.4053167373312974,13.169383019005519,12.547430712663193
T144_240,T144,9.928122997941545,9.92783681643964,10.261240905304058,9.775694827770645,9.941900455682877,10.106370469954832,9.819839002873689,9.845837054607474,9.916383078345216,9.916634990231762,10.048502557449352,10.075912990724092,9.81806264144443,9.80233933527976,10.07332994942274,9.78160739091502,10.063891047349989,-0.8717412259423726,8.319481211983437,8.648072854266495
T144_241,T144,7.052305740865508,7.117626410417741,7.264304093208585,7.03533120289843,7.1387408554358505,7.293735391493099,7.1186905615646445,7.072918210105359,7.173959687486181,7.122131218527231,7.127839103527017,7.135183497647955,7.086781799815904,7.0181399444742825,7.285707495855037,7.074630665945355,7.184317423771769,-0.09081165008047937,1.5200688988220263,2.3368646171710856
T144_242,T144,18.294556973541216,18.13039999991585,18.526090678887897,17.93215317046446,18.12600632692592,18.37988348038719,18.092982476135308,18.109361501616583,18.140576569636384,18.2083635890109,18.227286750604826,18.277738030635195,18.008536741404107,17.975084082782875,18.248217817937547,17.87201988726286,18.3894985919038,-3.7099640099587363,16.96299618825714,15.252222907968736
T144_243,T144,14.051561418453169,13.9484453575028,14.115414135698185,13.675947890123291,13.852898750000609,14.005105566611917,13.743176437359253,13.796777561488616,13.82852609703476,13.766998026492567,13.912224426765404,13.9390912087253,13.709225505929876,13.656227310092728,14.04480420215952,13.717762788940954,14.07627238449416,-1.6287297132148966,14.094366983552495,12.371675026119714
T144_244,T144,8.508079867319546,8.62618016483733,8.693658768724582,8.499046166132981,8.600300660740787,8.796141340623242,8.649016325025054,8.57215115733623,8.687441500563438,8.58555815280398,8.559269288206602,8.560447354167195,8.556276886404412,8.462655751969203,8.790044473228766,8.554681125072241,8.650906308557788,-4.0197072444771605e-05,-3.219331824679835e-08,-1.8573068219306742e-07
T144_245,T144,14.05616440054973,14.811032162654254,15.678926752687191,15.1446168510893,15.1995460793817,15.430455556270791,15.028468886936285,15.058481812527353,15.03667090093012,15.369036771403929,15.51316104927628,15.489091250303606,15.287676979394115,15.417906178570105,15.215765803119258,14.953758875597703,14.67080688856338,-4.941126866979726,17.662403003213257,17.276455052985362
T144_246,T144,9.10821796968361,9.367477926265908,9.540694533464167,9.366929643706875,9.468324910870011,9.592911058253096,9.32600663186269,9.37714418889266,9.365433906088136,9.581187809333656,9.4429436785287,9.46617901332293,9.403695152323827,9.390819769147177,9.56196642341137,9.410177300065808,9.281819495218048,-1.2798143059212808,12.333106503444844,12.315888983180294
T144_247,T144,6.681279451589335,6.83425219890036,6.926471139268319,6.754601159103986,6.8573708381338525,7.000052169411853,6.8059026449101925,6.794727679076238,6.791799181810397,6.913432752300766,6.840396300036791,6.831434839912821,6.831959042844977,6.785806969899993,6.973971691323735,6.82795250385843,6.83509083051417,-0.14087523288337045,2.5879746248742195,2.5650930406760346
T144_248,T144,11.286697331431016,11.635168082351802,12.258442421049384,11.878162007828047,11.927358346508443,12.100193378565129,11.82415800599208,11.84842322430618,11.8872401629863,12.073450700472002,12.14230279282002,12.128930990491105,11.941046893404335,12.037312197668312,11.972285119750874,11.793347663543734,11.58304158806532,-3.4700644790222412,12.940845337198958,12.857407269493816
T144_249,T144,7.194674032190071,7.375699963871633,7.4953487874764,7.346934567639312,7.443857440137658,7.541574026919633,7.3308704378072465,7.363737767601195,7.367321981024899,7.512513187105996,7.416077471271551,7.426476320707434,7.385045777251938,7.368764001580992,7.526783358149702,7.4127525806727075,7.317759523986966,-0.8629480309089649,8.448813223534689,7.808785625774402
T144_250,T144,5.580157223371798,5.685447892067061,5.739253695920387,5.609842290128452,5.698877115085181,5.798646057442121,5.6454862274357565,5.6456862769684495,5.658524614403308,5.736716035758027,5.676654992489967,5.67075169078104,5.654766284203207,5.6278411544629465,5.791799932444126,5.687631761394191,5.66888491769431,-0.13585830169826682,2.43133441876804,2.5080679016813874
T144_251,T144,11.691685663661078,11.933409831711012,12.314069969576789,12.011684607564144,12.035308002400011,12.169099185343503,11.949752735909374,12.029868703239908,12.031828442354554,12.081423955641451,12.188278895859185,12.20810135589135,11.992158517678009,12.057119841088422,12.1375173598471,11.894102033793349,11.878899429620306,-2.08650612347898,13.404975784784366,12.439289770831826
T144_252,T144,10.004021264101103,10.241606453675006,10.529809628807165,10.28041320540788,10.360980209698774,10.508321018006422,10.238992850479004,10.297998079050272,10.2920484701641,10.438777090849912,10.42752803090008,10.435548520337944,10.30449874755732,10.327551631230875,10.468719627531032,10.268677915885316,10.178337778678069,-1.7588322829822278,12.25037136569978,11.323088543159844
T144_253,T144,7.1698994303625145,7.277194292997294,7.391868748661315,7.241759668237504,7.317791300418428,7.427749779663737,7.265404363532573,7.2720300635240145,7.283873712683664,7.341337821970743,7.305662395677621,7.307535079826039,7.2468423979211645,7.22904728674592,7.426646733857274,7.275140086398736,7.277712282681313,-0.27839886645583956,5.207021595415679,5.200862357386656
T144_254,T144,13.963706512682624,14.340931539798724,15.064641661052208,14.509264543440052,14.495842731360248,14.628869837455872,14.201886286404113,14.349849472439583,14.389025757131536,14.587250361664845,14.814865514587858,14.839838320363446,14.425474530131286,14.565602449120384,14.486056060069972,14.23578814359708,14.315959492121538,-2.793011183741516,15.279660668866661,13.908864403401251
T144_255,T144,9.632605990422404,9.817606969554689,9.978374226977357,9.682036645487807,9.827225073454146,9.91363795560602,9.589134205182098,9.676706624106185,9.730089184255272,9.82269155236777,9.837017295709371,9.847176269123716,9.699166780122656,9.671165455473623,9.91257658415325,9.764288333947324,9.763511923259664,-0.9037453613926981,9.325695399229689,8.865665511169329
T144_256,T144,6.565565853371205,6.667816880860922,6.743692928086119,6.578364361059075,6.671490010803589,6.784258436518749,6.561598214735846,6.592013088836526,6.6511507529865534,6.656643773947419,6.651305421906713,6.639378428251337,6.605025544627152,6.552422806608522,6.780327839512931,6.656269610270615,6.669905450375273,0.0,0.0,0.0
T144_257,T144,7.943098545717131,8.039286980447446,8.190475957300755,8.05212068716458,8.095114576401716,8.219703501899563,8.050302647169973,8.07670172242803,8.100878027908369,8.181966456490198,8.101326287280424,8.120033658270714,8.013766825521484,8.019786821738236,8.188048505166789,8.021825283054197,8.045467219713426,-0.5000656794099418,8.334326343477946,8.842011120175606
T144_258,T144,10.0824294058103,10.22927379735432,10.49727015656569,10.276308492152122,10.271428591695289,10.41959552931064,10.24043579602044,10.313613952142568,10.31258684673746,10.341698625498983,10.382006671080118,10.409114252467512,10.232507925148722,10.26011285067372,10.388948188547364,10.14278311324835,10.223557280561922,-0.7516510616986373,10.859294754723594,10.050698273353719
T144_259,T144,8.88812689012097,9.009723416197668,9.27010401786012,8.993061914829367,9.050929827334848,9.234674946171106,9.030995303512585,9.060567380669914,9.061473156637817,9.101894194679588,9.165419052184058,9.172215164272425,9.017599422609704,9.028546555131074,9.185561033845044,8.941141758080638,9.034456098516824,-1.1893116021148682,8.398106148304636,8.461813427776338
T144_260,T144,7.231822042631316,7.334981632277866,7.550353034343555,7.321125451926264,7.354074283615661,7.497211282045287,7.257221797921436,7.35270635454316,7.353681593909215,7.446061685465107,7.471694831272338,7.486469755286131,7.323301912420909,7.352353490272641,7.442843302426842,7.269121016220239,7.3215765346884,-1.289141306412868,9.068311974322448,8.946798233308783
T144_261,T144,7.949942818894913,8.086633790147417,8.294944199490986,8.078725367131938,8.158828369400466,8.260083787940697,8.029347501789747,8.0896817605623,8.096566784431511,8.231735159988782,8.202164009922623,8.213047237907643,8.090431945256986,8.110970321830349,8.23172219440032,8.089323340062261,8.050268240558232,-0.9715683244389013,9.001872546368402,9.088160811120183
T144_262,T144,5.452709262344131,5.528403774864408,5.60995898568919,5.4892812056557245,5.561617485608185,5.646015987123889,5.490240700265643,5.5164989992831694,5.523785973767823,5.617703479928432,5.548384606916832,5.553565508763874,5.493202539120265,5.488358756787604,5.63701748178458,5.533054917023317,5.5211135216041765,-0.26274488217409525,5.0244440778726585,5.192621201611601
T144_263,T144,11.413635908122044,11.356938651398549,11.542959328931088,11.228131097831254,11.343416814552397,11.47050172217371,11.251645204359496,11.34663982778193,11.41544561347916,11.353497994435964,11.376484192826124,11.41414806910495,11.239028219022364,11.178735638288703,11.45139517868274,11.214528683548531,11.476565738637532,-1.5659762462323692,11.164628162128821,10.408556175289625
T144_264,T144,8.858675213929706,8.90127641669495,9.232870800435505,8.826418219756897,8.94365626728666,9.1129783977091,8.850511172318193,8.890364478891785,8.916246758470802,8.936097929374023,9.059549536700256,9.08778795241212,8.878054974053892,8.869620495503293,9.069203759776798,8.79719715479358,8.991761891894557,-0.944041553349738,8.142281162311177,8.233685272218375
T144_265,T144,6.421335993834553,6.507054264685126,6.627629240258111,6.458172816915829,6.540256862443404,6.677287730463735,6.534104424330406,6.501536243323703,6.577637336270494,6.548080077831049,6.522054243896744,6.527724152378367,6.495461602953139,6.440568493837831,6.661929330752076,6.486050030327695,6.541005998435308,-0.13801072590677044,2.462673613612023,2.67699596799996
T144_266,T144,6.906492159118572,7.147262391058503,7.294381848321342,7.038269887111516,7.175912017241884,7.248261264362179,6.979532315709391,7.050698865098451,7.0778147824095,7.177761545695852,7.224925905854514,7.214970682967134,7.093488075138082,7.111533246123366,7.251505579103827,7.149314746633468,7.023276677086859,-1.4238702776508783,9.218515612440465,8.232205703219686
T144_267,T144,6.251460948331356,6.443597941381814,6.498158562226925,6.287665208015107,6.437795591003946,6.487148449628092,6.259155429928172,6.319851814933148,6.352491310888055,6.416509808377113,6.428283995717981,6.424432124072223,6.345988788198669,6.3366929866750805,6.511582228489066,6.430245587962048,6.340518639698271,-0.7862798639046241,7.670523806843761,8.164429194512609
T144_268,T144,4.540874253622523,4.657582539642136,4.709710155282504,4.586003853216851,4.663096856850546,4.741534635441663,4.575260474381188,4.61142861409419,4.634074915908124,4.657282466396009,4.661098218864683,4.641975004579322,4.615485165990367,4.601524331207609,4.752378040096585,4.667275660536983,4.624470288260635,-0.1264223856391301,2.632078124324887,2.8394750545679823
T144_269,T144,14.510877905569378,14.804363857532756,15.65276755134484,14.97256904788973,15.0736892495777,15.356548519598372,14.97898358799526,14.936851947242916,14.880512188433162,15.134397676765166,15.356621684517256,15.356531849856896,15.059302386658452,15.138420886019649,15.10394112199331,14.755666716119386,13.86542111833998,-2.9410084441260573,15.125418942357651,12.752130757870367
T144_270,T144,13.457072851459127,13.395675367662813,13.592123606555209,13.265458208037035,13.36279044261559,13.507668608282726,13.271198508060897,13.360362068128572,13.416411942745276,13.33258672840082,13.40599456938558,13.432300101618608,13.270428873930598,13.207362461692515,13.491045081326764,13.231174791496208,12.141097273168214,-1.805899664611003,11.898303016013832,10.619514399736634
T144_271,T144,7.494618052671291,7.619301444146163,7.690690273250572,7.524845845532512,7.617977972806684,7.782188664780239,7.641258688213452,7.583454681297232,7.658295281929097,7.61194315787205,7.577970001524592,7.572591828259614,7.575296196892342,7.499592421210978,7.768056491335844,7.576077872152222,7.884382702322164,-0.0007129631315299799,0.005821480592432107,0.005294795429505391
T144_272,T144,11.334848043543715,11.633830716753325,11.879368785712616,11.463653745625663,11.63771129927014,11.773076019154177,11.4258037109144,11.528671561581197,11.537940504310232,11.707580306917276,11.759129075998134,11.770523540273931,11.551890226633953,11.578432854667923,11.730867506697646,11.528291839042584,11.519613986688666,-4.135062767123248,14.720906097917773,14.328448533681712
T144_273,T144,7.7427160092158145,7.880468351786216,8.050530481009016,7.838085723606203,7.926608385180988,8.054292515888587,7.785718235103044,7.869503622432201,7.878690137753994,8.010524360750514,7.953601124663524,7.971967671459964,7.853456163920984,7.854242468319216,8.017740021866334,7.857480299740177,7.856785796846485,-0.763701217592937,9.509210023406125,10.116515197066795
T144_274,T144,6.724021428200242,6.861043962285491,7.033091763905691,6.808151345338381,6.918099639215814,7.049971835045299,6.821038769118157,6.843943467192242,6.860655904349684,6.957500054646712,6.930897225702947,6.93083609928136,6.858921219379947,6.847635114214777,7.022597519894729,6.86280272740856,6.876762526123507,-0.22438564764204455,4.368869104623103,4.944657701351762
T144_275,T144,12.100684239850516,12.287132798180489,12.4347357105865,12.15394731690586,12.219619924033914,12.334880636142843,12.104176767121794,12.219019779647487,12.261376476650575,12.215786582629455,12.30417402050803,12.337003374836728,12.129268105793823,12.139819774179188,12.35954039360761,12.12387604669316,12.19351092249351,-2.3006140864640527,13.372933094120826,12.869171309748605
T144_276,T144,12.155623655940632,12.3300285157807,12.600272653593665,12.332770860931593,12.282723382013794,12.45102026226638,12.258628576323076,12.311033113726776,12.29546910509416,12.284097797565728,12.451280509023665,12.45700136382357,12.243098837949782,12.292840681074448,12.443411915129312,12.148721963643276,12.30652061302436,-0.8912063932979799,11.0701389578666,10.609527071569747
T144_277,T144,9.230173841408948,9.374042500888676,9.519365221774851,9.24234534787384,9.356767889545486,9.500851418575936,9.295200924343728,9.300715239446308,9.325369437522813,9.31637741761002,9.3920302469731,9.38817560300361,9.263891376205043,9.257625023278353,9.504576406660798,9.289625477028531,9.36078044962328,-0.6555963941882342,7.988417779107432,7.825794745069688
T144_278,T144,12.578709024421553,13.087294091166124,13.792702486195084,13.383063011990489,13.4694018047646,13.662428831391903,13.322449980431012,13.316164177542255,13.326156446171431,13.59767218981128,13.627965739212868,13.625742971540978,13.496225983700262,13.556719541584238,13.5191853254017,13.297393827527412,12.992429343160982,-4.3303287715320735,16.12016187891114,14.915452002184052
T144_279,T144,8.173719988748159,8.330775219689608,8.573042114586245,8.367733368480312,8.414078081599047,8.585719301886083,8.3281634675172,8.391303044674164,8.410724480655603,8.524627448533444,8.482801438309659,8.493453127249712,8.393139607013213,8.395837492325251,8.517497920557256,8.338450252110066,8.320432652215956,-1.578392751563579,9.900614721884684,9.121148679653484
T144_280,T144,6.233345389013712,6.370651326410484,6.483742058186712,6.325310563528864,6.414989991131499,6.552349645374841,6.367687636005811,6.3499166049839,6.37483013009692,6.461364341159544,6.398776750714624,6.394690562435592,6.380016588699942,6.348944144259062,6.530751749425216,6.387527692344164,6.368664198885322,-0.14667223417188952,2.6397513788222278,2.621053220988464
T144_281,T144,9.629355192201295,9.76458839771722,9.836806130558893,9.568303163668638,9.71696374126858,9.788144181757898,9.52420992961931,9.61611305093209,9.633618274755538,9.71177357745963,9.733242737771851,9.75251043297721,9.634508308599589,9.604559289124236,9.802576430554248,9.678146802588458,9.671958783337656,-2.3890821199335743,11.26152083285703,11.587639597403552
T144_282,T144,9.295041621296876,9.424168697796132,9.573837856877368,9.318770596325924,9.415852767935696,9.563551996743382,9.253278588242036,9.355265668079602,9.36175615069232,9.469146408407076,9.464733288087366,9.472550948298403,9.384927580950205,9.347929607776486,9.508511631225598,9.347034017702915,9.410039136632472,-1.69944227978658,11.598655801733923,12.369827992680918
T144_283,T144,5.427980968183539,5.527847156908182,5.553907260048894,5.381121313810672,5.487803064343174,5.615823388526899,5.4440275008990735,5.434027823963869,5.485642348078209,5.46818343248492,5.480975462742532,5.459491483712428,5.466006971990274,5.409970064014949,5.609448674910209,5.484098452258633,5.526575982776221,1.545279275846321e-06,-1.0400918202811775e-07,3.454590688791054e-07
T144_284,T144,10.13236759386794,10.228485640353124,10.45730386174312,10.15900839426835,10.243789400122626,10.41718753082394,10.200909423593354,10.254485543110505,10.309040605620265,10.285038416389863,10.345947815463084,10.3613673431757,10.211522215768015,10.192786133906669,10.367112271811452,10.154693443479738,10.20808438061614,-2.7051674505286636,10.464074782143344,9.101472959329108
T144_285,T144,10.761948110889875,10.845445464237978,10.95620136402576,10.722374502329869,10.84760062427342,10.960376464612096,10.771518054197529,10.813060663022492,10.885621996593404,10.866781261353813,10.834550196176288,10.864501996398689,10.74000198110232,10.704514563212308,10.950442543236832,10.77548291514518,10.834979701036268,-1.6825986811988551,10.900505452366433,10.61622580770236
T144_286,T144,7.097900269761607,7.179592550226007,7.299305279420031,7.111862956805261,7.213876897543204,7.319389843550561,7.131777106733034,7.154640128874053,7.18698510675944,7.219268036396644,7.199939212137411,7.210478837287364,7.120884616259649,7.099920211549802,7.32020207859926,7.169755876028785,7.186238609371134,-0.35442624279534146,5.133225035252816,5.660553940724014
T144_287,T144,8.375917785794599,8.484091569639727,8.584506967245538,8.294901596466755,8.40959642497235,8.513571956901448,8.247538114393025,8.35237959895992,8.373407910311945,8.45517243210487,8.508993980714333,8.513547876748115,8.31574282492746,8.344243341578945,8.496574264162849,8.346233645746985,8.42382063998578,-1.8950539878096826,9.655086672152509,10.28970428864791
T144_288,T144,6.688827601305022,6.790031154725423,6.893015701479412,6.678865896542632,6.779961089406726,6.867890088336402,6.628577622408987,6.707346962705594,6.737763692041525,6.815617993881864,6.807290021838932,6.812473703906562,6.689548147377336,6.698014117546036,6.854147824904321,6.73238274013533,6.76038756151323,-0.6784405963720143,7.645869286462441,8.359371447435588
T144_289,T144,5.383395946427332,5.466683063095543,5.5275702361977626,5.400946552484054,5.480462373322334,5.562291725163403,5.3791300841308365,5.428616309110112,5.44892129561491,5.51784377476705,5.469644901950167,5.471074884008965,5.406805398039329,5.399875919595832,5.559641074119777,5.461805940227012,5.443638257381602,-0.19671641430951414,4.229085639407721,4.8274276317427205
T144_290,T144,12.9651094591309,13.161926312132673,13.652687552822677,13.271381881534628,13.335570797438097,13.588243941126873,13.26778933745184,13.314158131250368,13.381698785491633,13.50075579747488,13.525444265810703,13.52975087962275,13.332097721239784,13.371548142736364,13.47143192805108,13.247718657051172,13.123458158732513,-3.69292081527429,11.741722410264467,11.71251805836261
T144_291,T144,11.776095279009247,11.971066295472152,12.274442643712815,12.039258046735611,12.06277771265212,12.218185315469048,11.948933090448817,12.028666561337635,12.05575377093637,12.167126478534568,12.13703297919213,12.172109181346052,12.02161019828033,12.004933878194144,12.18198475230866,11.976453730172578,11.925015456565756,-1.5027167671500474,11.011811101390643,9.866124107639964
T144_292,T144,8.338075160348842,8.448661577703492,8.601086038047852,8.408659159492174,8.502222880608585,8.65481033210887,8.38287597179731,8.435448141603802,8.497169784149035,8.551387726617959,8.494473750387046,8.499670396990226,8.432538172473432,8.396310755783064,8.623206288011868,8.471287496146704,8.443228943491814,-0.34975715422287174,5.189962712679611,5.443515375403572
T144_293,T144,12.235717396727445,12.408668193875188,12.879538448755186,12.525768242226269,12.491321826106196,12.64579031347227,12.433675274121756,12.504451905075186,12.518374769657266,12.512834519166102,12.68599554827544,12.732538460429732,12.44295903135702,12.493383449434097,12.577865303342383,12.29048732463573,12.408039991424662,-1.0561006758436722,10.91793411746152,9.540920678376288
T144_294,T144,8.61525433174889,8.72201295027373,8.916386600249758,8.737252808665628,8.786333370979593,8.905334822773463,8.688677923254177,8.74551687301347,8.776041031210118,8.797617631965116,8.794890103426278,8.817918909052327,8.702728586379806,8.678438372403265,8.885289159619981,8.706814770447181,8.737548526004701,-0.38344912591505864,7.831576090499904,7.512497286495318
T144_295,T144,7.469899020044095,7.5591579729444,7.759973951543969,7.569886530956348,7.643180452915763,7.757275146511162,7.531288169944392,7.569121525437945,7.613156420656678,7.627671098966103,7.6377272658141395,7.645848698159746,7.546565992219483,7.526022064681171,7.738763183806695,7.574709940447434,7.593842238225703,-0.22090666680006793,4.71219097797144,5.228072895367988
T144_296,T144,9.55475354071682,9.688099245781707,9.772496821259155,9.415865733524155,9.558480381624593,9.62940149981551,9.36206178122088,9.44322893305694,9.44489508382552,9.58331147880391,9.66432396382564,9.669289072436763,9.44377906927185,9.490029314380216,9.630316538271774,9.480289886308125,9.5808243211564,-1.8124629832650234,12.242583066522377,11.196401764941795
T144_297,T144,7.5606527857667984,7.621574226307056,7.610182540672472,7.448128859757957,7.547700531749878,7.628539826033465,7.412275610956052,7.488028471402965,7.503282216683464,7.587518641499439,7.535918008485358,7.548069141302991,7.453295869978284,7.42040260690158,7.634783024318618,7.527275145531328,7.573036927835424,-0.5844359256943968,9.182333745128435,8.375935938621545
T144_298,T144,5.425072846697987,5.498055581835463,5.53680769046744,5.41842862271888,5.495766132038923,5.579703408067649,5.397905063810489,5.450603189560255,5.469769006869847,5.527966630057223,5.48109030517385,5.483250094874103,5.42455605306092,5.407329600971483,5.575563502199517,5.482329499135404,5.469013192241625,-0.19366833731765726,4.4068912187748035,4.748852678024508
T144_299,T144,11.62735505270997,11.8461467400981,12.04032404890611,11.663023996883837,11.762716067536596,11.88171380675414,11.55750086287632,11.684707097829012,11.686453823928328,11.804730089322238,11.895726505996578,11.914357934479684,11.708827834696654,11.738660162822926,11.86182558800329,11.653487392774,11.757782921196332,-2.1576317204181334,12.657588858098995,12.551342923941634
T144_300,T144,9.50188870810684,9.633167238848094,9.774832579285857,9.52288182545628,9.564724506474455,9.718590065548316,9.424113127077607,9.552055656677643,9.560029836832433,9.640172664010432,9.659480183598806,9.687656544745002,9.513280393404129,9.52743942459016,9.677540172249058,9.47643616048003,9.585640809840845,-1.833850795020148,11.250388351213969,11.007472133009111
T144_301,T144,7.881833502319266,8.011751515688315,8.069420303119985,7.801888873022143,7.930651970435788,8.04114113751331,7.813752896076286,7.840986435512784,7.871775475396097,7.931371593235826,7.952963004285393,7.94647993208453,7.846699875689177,7.833164144584022,8.04234513675666,7.885219516605644,8.000213902429287,-0.3712184435122809,4.578156204875036,5.050995903416524
T144_302,T144,19.54281718278096,19.63946591087344,20.187801482040346,19.5335593538595,19.56968674367769,19.811623925260147,19.50761131345597,19.616790909770508,19.758948039169265,19.65425842382302,19.873233495591965,19.925181438752865,19.44215634795514,19.520666374376656,19.62584683316673,19.23500826823934,19.80030078225004,-5.084798226374433,16.266989681102434,15.270123026874684
T144_303,T144,12.370092984733434,12.522740649917532,12.745091542283433,12.473914766549273,12.546255691433805,12.74118410939538,12.47346559324748,12.527980828215483,12.589469077533412,12.584066817797616,12.590412817384506,12.620550774986423,12.459721479844722,12.42702085483594,12.698468069539205,12.434833884329256,12.53135666565907,-1.7232106561763731,10.157263608565247,9.499561268652625
T144_304,T144,9.90139421256796,10.003793434783915,10.172052338518338,9.947087842956437,10.048044118500451,10.229919328670766,9.970669563438612,9.992573081493484,10.078009810876024,10.058580953427128,10.03221522607534,10.041136856551724,9.945713427404502,9.90374015551367,10.19015678963973,9.977820385556516,10.043313508676798,-0.4904643218883348,5.7772946093663755,5.823905086087729
T144_305,T144,15.059846035934468,15.418026577757397,15.981114843808356,15.308136631660334,15.538954419706728,15.742198770687487,15.318841111624776,15.382380788900042,15.435303968794718,15.618060881097083,15.756966285342344,15.781736255573618,15.454082653680295,15.50164803736323,15.645412041606118,15.36163865758806,15.299614437966154,-13.395941924885792,19.63666619273316,18.190682338398805
T144_306,T144,7.621667767763039,7.784257691149595,7.964920570364563,7.739301282050767,7.847798292883743,7.988535628223864,7.748095107666113,7.735535543018181,7.78922187319601,7.867721704246967,7.847154616802548,7.843364796563715,7.793610914415299,7.758846822425428,7.978332197602952,7.812694302211817,7.767208402444496,-0.3946780822654736,5.394080534297064,5.183822401845307
T144_307,T144,6.960014560599487,7.121442160780585,7.339428094186357,7.113965325816314,7.20837184071733,7.376163040908659,7.12611830965754,7.102614391129457,7.182058897019533,7.225589031371318,7.218356699987563,7.207972667163738,7.159705261198611,7.1394095361292615,7.356447088437073,7.17194252452359,7.122162403747231,-0.12292982664608058,2.7046107946246534,3.1118256929853407
T144_308,T144,12.148760859696068,12.392544792856787,12.598194364735944,12.25001164875763,12.32321943810387,12.450279341112967,12.13596512599804,12.260893024666146,12.254758182859334,12.38884388492526,12.451235130516958,12.476692308524198,12.267549288658063,12.30291630367558,12.43318995847876,12.209742497836055,12.29793690701545,-2.0167849922416616,13.615790589236791,13.333090945580498
T144_309,T144,10.155401027417524,10.30669095544039,10.465306752768967,10.229731316055997,10.249598230135984,10.42302229622588,10.132722311470932,10.274348753037478,10.290275810782028,10.354912979740066,10.354137790433162,10.38988823266876,10.210226526629055,10.224938470565387,10.377526867582844,10.153635778285809,10.26401278891676,-1.935902251837496,12.347270306695819,11.72577951385824
T144_310,T144,8.42980138707786,8.571753835859143,8.6500304648417,8.390171285364358,8.511153770414587,8.637769120310473,8.391302119688826,8.429882888606253,8.45073801132596,8.543416321945642,8.529207277323522,8.532336747528026,8.427477667707855,8.417104750501814,8.62292843863091,8.455960587000236,8.55800334811234,-0.5112318649807981,6.409308672350965,6.955778357873888
T144_311,T144,20.59252863913129,20.976227483924045,22.09196996871314,21.385795642653974,21.239594930106247,21.595117413699437,21.297859237524104,21.402199672747468,21.41823045941138,21.41494539582784,21.80476704124445,21.83504114068397,21.366594635890756,21.57336855403557,21.390228216620955,20.86358964276405,20.99184957131739,-12.17971764603744,19.92158254570168,19.152633475490056
T144_312,T144,13.35231564724548,13.568819735453989,13.97518433039,13.62423704644854,13.717308972286462,13.92906837714856,13.679909975588476,13.663336464174428,13.691591547521938,13.735103159002827,13.78973972130221,13.796407099859,13.66975933493904,13.659764287668647,13.88201793706816,13.586861201233344,13.600212823930484,-2.2553510165025554,11.393989222719272,10.081395616391566
T144_313,T144,10.911790459662976,11.0859109936196,11.319844359717328,11.051269152367071,11.146906523200162,11.348805175817532,11.120910326701626,11.085514598707226,11.125170631230596,11.148018834653731,11.158144470690951,11.161982447024794,11.08260740505933,11.049134368331949,11.328195485348882,11.061994008331837,11.110447193680198,-0.4325864413271483,6.348474620530493,5.649340676139835
T144_314,T144,14.200912905956413,14.495136078360332,14.926896725408447,14.30763355641514,14.415673046440611,14.59941816317104,14.202450322142594,14.336680503022688,14.328924895271491,14.413405822615069,14.725697321696623,14.714532543336375,14.410823707878428,14.493899661987076,14.502115568134084,14.2319158885806,14.427836777379564,-4.634892975936101,15.313838115798012,15.803777793084514
T144_315,T144,10.10725957683822,10.24312441937057,10.265914276592708,10.014541440125646,10.181344434835998,10.261964230151282,10.00166327725486,10.066758893585114,10.084897604436684,10.15943812866368,10.147294407310817,10.165521106010807,10.08397793420978,10.023902070644462,10.285046751260603,10.150621151565538,10.17485010908556,-1.3531395032813172,8.55474984057572,8.883147310097979
T144_316,T144,7.182624777245155,7.322320190787079,7.423771953127618,7.151958913829949,7.285851050210326,7.423026399150654,7.21414918543007,7.216550702175454,7.236122172674126,7.20691499986398,7.310477466086311,7.279346675444434,7.236178669957359,7.207755947889567,7.442079225052524,7.256569785916588,7.33723794580394,-0.019269261108439236,0.15584795764193285,0.18937021854236813
T144_317,T144,6.876382914056371,7.137944361458088,7.217976975869581,6.987424995021646,7.152189526310208,7.191951141935276,6.945834225890015,6.984698399365005,6.999029695777385,7.1334247335778,7.1389112664798615,7.131474253792776,7.0527891929799225,7.042356075390548,7.221615833447097,7.140758942857322,7.004905926003042,-1.1317584072648599,8.929506199751845,8.435703157118114
T144_318,T144,6.057783762006919,6.232360888428282,6.327404595563348,6.13138053694259,6.229081377915516,6.3152543903633385,6.068831844842431,6.138162757930696,6.140849529204323,6.253019664715395,6.259451799021287,6.259494403098431,6.157950024297572,6.158503862559666,6.3129760530258405,6.20563395561775,6.140394130019423,-1.1480680276648705,7.733230004129466,7.9555879296194405
T144_319,T144,4.946186739521356,5.090764832825404,5.122313319891769,4.938558940672977,5.062965413997231,5.124776888044079,4.954034962510082,4.967165964885041,4.9926370339925406,5.024994979572218,5.060944547934542,5.041491622967286,5.002228278044532,4.9774407094012405,5.144902199963589,5.062576429496714,5.0263019475307,-0.20903117575391617,2.750041715594671,2.653566964903693
T144_320,T144,6.634323477284396,6.794070109788955,6.872213371889924,6.670602755600757,6.793499599679556,6.9628208051166585,6.747342895490391,6.716100964464384,6.722421035506633,6.836541649749814,6.768400843751725,6.758011255751293,6.792351169575357,6.716186171039302,6.923442617762587,6.764590649091945,6.811283808978647,0.0,0.0,0.0
T144_321,T144,10.063998954357276,10.263553509742136,10.553061634395789,10.290354535089174,10.3115115820786,10.517026859985002,10.18770340369655,10.2991715148196,10.29098617162016,10.467938880941697,10.416833739462254,10.453690937974814,10.317142594321291,10.313110122578449,10.400103705998625,10.182592889706545,10.272533529589008,-2.535867444898749,12.619026821758647,11.964061967609075
T144_322,T144,14.652533058822646,15.348113115009523,15.633508193116054,15.36470237328554,15.548616977654008,15.651898819539367,15.371115985773445,15.336927035137156,15.296993155338654,15.596315726639158,15.48657118644743,15.504003245352,15.540447379210706,15.469755946935338,15.644369193024245,15.476553912679584,15.091063701427204,-5.096387261274825,16.374713104693946,14.61679893552557
T144_323,T144,10.566400094819953,10.786803288990304,10.853632661619754,10.509958457903943,10.692677398952718,10.749861809941075,10.449973358722438,10.523971158199297,10.554904680055524,10.693134918707308,10.730545955481965,10.73151100842723,10.539058195535883,10.539062827306523,10.766306588876462,10.651210734740769,10.726020066972392,-2.5339455130859494,12.067035742563819,12.485357679940515
T144_324,T144,9.895337169728627,10.07713736596776,10.135637842095395,9.865175133984668,10.01207416782032,10.09266340018804,9.816801219406049,9.88655723617192,9.902677861707849,10.043451316225052,10.021513522646286,10.02895701707469,9.888991167941374,9.871254405072955,10.095285340360608,9.975829156929596,10.052330440545331,-2.211493199740986,11.229015051216145,12.147164917871123
T144_325,T144,5.348813380736081,5.449915057325406,5.433423972265688,5.294274062334087,5.40306188708357,5.499498529482724,5.3413208003673,5.329842055554835,5.358712108324142,5.396951126483007,5.373229561063127,5.3548945037789615,5.3543684487703,5.313011071813061,5.509789944793317,5.418718507964847,5.421603800992308,3.6279393255045834e-07,-1.4982275030240773e-07,-1.2382045479537828e-09
T144_326,T144,7.22799702933981,7.350345590324872,7.464640321344452,7.326784249001758,7.398881582129679,7.545926947908924,7.339153952643613,7.342773360259064,7.383781577625257,7.460070680554532,7.380125124794468,7.379517568416814,7.346946607189522,7.325643228256502,7.527194570727048,7.372454722565275,7.341004120216647,-0.27601063485861,5.2305949855442835,4.934211040158335
T144_327,T144,19.89884904949309,20.531298789812084,22.3972458546322,21.581269568745025,21.430406598947062,21.86240526783438,21.325147419535043,21.41520471812624,21.582190165010186,21.777149147498697,22.17953128465441,22.115163627574304,21.616556011064088,21.96686795484801,21.41985956496462,21.000601062401685,20.587919998443738,-9.2314622600017,23.187922745372557,20.465552449160544
T144_328,T144,7.518799916361666,7.669982409039166,7.872492319554919,7.648594749569481,7.742104747832216,7.849520012265018,7.627045940491234,7.6563883306801,7.659103811771869,7.815170838058418,7.798863129631174,7.800937713282966,7.683912681927276,7.696716751208641,7.82899182474473,7.71427383949177,7.593081063210048,-1.8298499022937769,8.64385810875624,9.159259553259998
T144_329,T144,5.632957225248024,5.742568398519071,5.819259452063786,5.6450305602841295,5.74796879880796,5.822911275229765,5.638322430779615,5.671248107827476,5.690342612294693,5.762949329636883,5.76319939155275,5.757104376234782,5.678309102655423,5.672139994800947,5.829724059165435,5.736390956846772,5.683693887170193,-0.5939116326948866,5.461879490414389,5.287349923542475
T144_330,T144,5.43516791809688,5.537584732903765,5.584138756464186,5.424424538782298,5.535666669195726,5.594151401093682,5.422923243881124,5.4508986320886565,5.472740107159918,5.536678954830036,5.524334257379768,5.521164960686422,5.459961970108394,5.443228230385921,5.609739486720887,5.530253303318374,5.479492384314154,-0.3516455337879333,4.997863137187052,5.201654499984413
T144_331,T144,24.359592516195228,25.33088749513875,28.10337938178092,26.61786832303473,26.448549896765307,26.882434212230763,26.04986403734985,26.02637215784552,26.208201065050247,26.82975461040481,27.62218066900728,27.535974316023584,26.67240023195587,27.3026744380069,26.1301809818307,25.69736081435341,25.47317656314065,-15.91734821109227,28.498491707189693,24.772594596260912
T144_332,T144,7.348767424790781,7.488859231428393,7.549107359167141,7.348451605717252,7.477858382370835,7.604089377431012,7.374259795918504,7.376093579089876,7.435310898323418,7.485648256169696,7.448757718174183,7.439928696787718,7.417207377978396,7.369256715000872,7.603954158999374,7.466040665441024,7.448578053065122,-0.43365506385662345,2.9780954897290286,3.2263907743267195
T144_333,T144,7.389101402719381,7.535373430605799,7.603394762401932,7.3936664126556,7.52082078314861,7.649193046091056,7.411938491968129,7.419193976940505,7.479274471223545,7.53106866887026,7.500124961119701,7.49091529115637,7.457144036418112,7.416839693937079,7.6462571394662735,7.504305616882644,7.496397155435788,-0.47356319384090273,3.2917337863929057,3.562509384049904
T144_334,T144,7.106958049420429,7.238248620785598,7.331091788325599,7.096585132424341,7.206758480973143,7.286140935456293,7.0652505859909285,7.136784817315477,7.15480035297082,7.218809589024429,7.260033598573625,7.263783594429444,7.126940733759314,7.140083776210938,7.2943068302730385,7.170145787094014,7.147483603118608,-1.285262079665379,8.780910737986098,8.639234966239929
T144_335,T144,6.469171813811872,6.582723771160083,6.6393580469864455,6.432256268130407,6.54743269759684,6.612086535243441,6.393932042870166,6.46476239667727,6.473335799918346,6.543118675478767,6.567864565556707,6.568751819706624,6.458349712859901,6.45851178798026,6.630282670995871,6.523566652309875,6.506442956246852,-0.624376314621764,7.493662860536438,7.528473964836224
T144_336,T144,6.043493215980779,6.151359516918508,6.213085784916893,6.020149522146947,6.131543540733489,6.20022614596992,5.979257998762121,6.044309156832893,6.064418723469807,6.1317704469549055,6.13993541520694,6.1376255883571655,6.038251188309634,6.036708215896026,6.214983473677528,6.112353643270563,6.095525475022013,-0.3827223778522963,6.638985546917008,6.4233680169516605
T144_337,T144,16.12645052919451,16.307376439108126,16.659533277469542,16.28504503346986,16.313100065178848,16.388653802657778,16.324912223773314,16.315594192067064,16.316962130089337,16.15680984208847,16.456066649932175,16.481598848093547,16.179233862081222,16.264656692993103,16.480543027605727,16.141498671907105,16.28555885571851,-1.2184535113613713,15.095069749007168,11.051505492505854
T144_338,T144,15.086778575042706,15.258772660577144,15.63512618041922,15.21467849891019,15.255147695152802,15.453424162039962,15.33539332889711,15.25033724914435,15.228396685347684,15.177080381350049,15.464495388951867,15.471208156544508,15.160024338198795,15.255596885301223,15.466801515860285,15.104502373826,15.260123912011313,-1.605103722918891,10.363227018636788,8.732584049089258
T144_339,T144,10.853665076085498,10.984913970286604,11.150212891454563,10.786898680933096,10.851181133544111,11.000756750653233,10.704545127212787,10.839075382391924,10.856340732299666,10.913233408071378,11.012872685593916,11.036020963316094,10.804017701003072,10.833674982103036,10.964730310060268,10.736230685840212,10.954361189663713,-2.218163972262087,11.283979674211269,11.730950835530225
T144_340,T144,10.32027484488824,10.50964819771057,10.63856040465611,10.389187136951277,10.487081543609747,10.611772347003363,10.32737288426321,10.43360915722362,10.44080073555382,10.53377634499007,10.51518288881347,10.54605158167447,10.421349663715985,10.405223483003452,10.596359301032065,10.410382155194297,10.432633989982202,-1.8390207224738104,12.396638621548373,11.907661217402723
T144_341,T144,7.990851011893911,8.108498418280842,8.178561918704697,7.906295064858365,8.024189754057785,8.143018005637282,7.910628536412048,7.945084220285055,7.987355711239675,8.027253469755262,8.054387908884294,8.05476485436106,7.947367185181534,7.925730391413605,8.140358091052379,7.969029914338046,8.112257712424118,-0.5098851218985798,4.878921624347339,5.420837834932844
T144_342,T144,5.815483525366713,5.9324854033245655,6.043542302396728,5.873051364816852,5.955948571431381,6.062599759542777,5.867158251108085,5.901016564497769,5.920359277224976,5.9916925335050335,5.964965600694502,5.962182509334,5.8982121721516085,5.897501812892848,6.039817313258952,5.916034141068489,5.922181826325688,-0.3203018411659294,5.601128236995738,5.424576006037333
T144_343,T144,7.1520246709131,7.267187207756063,7.413291601796288,7.221167574601499,7.259484390502798,7.385980265670271,7.146985470348086,7.243411925273539,7.247810227928277,7.327062094697515,7.337573935541122,7.353051809981193,7.231716461186902,7.237468799708054,7.347839419148332,7.19958542340801,7.235026107163969,-1.072842027833543,8.439082309575719,8.341243232678838
T144_344,T144,8.984965483283188,9.217074328825491,9.480887254685618,9.216733504105184,9.308289318956335,9.4247216121258,9.13533944394188,9.22868458633721,9.240707909555692,9.366103514399176,9.385423073537758,9.389472215548537,9.270061413256515,9.302013703541284,9.379514215072852,9.223848213889946,9.13832405628301,-1.7103166087825408,12.036513054468484,11.19399829971401
T144_345,T144,11.144199378638945,11.307172730226382,11.49381855886339,11.181501130710734,11.200212205854038,11.370384545737515,11.063635152382371,11.217795228472836,11.218781581877304,11.306970827564266,11.36231312261634,11.393548568742288,11.161779619903797,11.198455293860391,11.32774907700042,11.084903337650102,11.260641303262842,-2.0487369274646547,12.029053543173928,12.309729051756726
T144_346,T144,11.093288729574988,11.328494633083212,11.50801648892064,11.259275782732132,11.335229619276449,11.473928491194778,11.186150419740224,11.299813515281729,11.311621971829004,11.409875725552228,11.38648294635536,11.41880939926402,11.277626584245978,11.283635468003686,11.45219722783711,11.243868296149095,11.236611976215569,-1.9182693275673595,14.44716511614055,12.867368377441194
T144_347,T144,8.42684695792534,8.564046388414614,8.66070993598227,8.390199994129587,8.50644242892526,8.631563891173084,8.381839611274238,8.427727728570808,8.456331048629856,8.532118175124435,8.533754692668902,8.540204423280981,8.423039540670102,8.415133888398982,8.61731872526805,8.442864780396398,8.556295725149644,-0.593410733141671,6.859941050980856,7.1682052080677945
T144_348,T144,5.98283017225349,6.116158280647908,6.228321007326496,6.070209961915093,6.166938342163178,6.311642392633289,6.137327367714003,6.080222604965217,6.130896158393449,6.184665843596147,6.1361178111882175,6.127605535948098,6.155225281243897,6.097314764661269,6.301049050947149,6.153894398966107,55.79047515704556,-0.0052073435186925105,0.009511368529675367,0.008950235897122301
T144_349,T144,23.47679241466218,24.43197417825404,26.955766108076052,25.83661630475441,25.653245353280163,26.151791843368795,25.529501078908005,25.421419910317184,25.549317981657733,25.99300192663153,26.53219265630388,26.46473349974641,25.99348908382189,26.366149107723665,25.434026709759983,24.98348737835274,29.104068041093715,-15.017439931059762,25.20197805749264,23.206857459089694
T144_350,T144,5.97643971421199,6.116322209950604,6.220918263319359,6.063131371833873,6.159944032618626,6.304511011527679,6.130386774705638,6.073294978071771,6.123962974744027,6.177563173361595,6.128830837230023,6.120334306219585,6.14812816829178,6.090071319765561,6.294171435910419,6.147120513375196,6.56209193526839,0.0,0.0,0.0
T144_351,T144,14.124977593663278,14.348268529825296,14.686797951397605,14.192471020154796,14.274027153332629,14.42604225738781,14.138510544749025,14.26785434132514,14.328141366882187,14.263190229366108,14.484750193459998,14.520578437649686,14.137643667652338,14.211465499855665,14.4312620638971,14.076979694512692,14.243776209587557,-2.4672469518267994,15.36404157485407,14.471570997000311
T144_352,T144,11.319770267179129,11.467785316623058,11.67639023824512,11.376137811349835,11.436124764713677,11.589049346783945,11.361649994993709,11.399325910296286,11.424485797910274,11.414958451024228,11.514844093680024,11.52654233956662,11.35462790219572,11.358091716958588,11.58194946045518,11.313844739500896,11.45969406922873,-0.8179152905192738,11.165446288449019,10.339057003361367
T144_353,T144,10.116502587164913,10.258538385589093,10.43954672287438,10.156535563627678,10.234704761643687,10.386068777099986,10.160905154358444,10.197834595436834,10.229377524167852,10.213983927632162,10.296750554429638,10.301762894676887,10.132550050456244,10.148219636925983,10.389661329606088,10.13770872054126,10.251721809055596,-0.5603246743686162,8.25674965379218,7.378445094337332
T144_354,T144,10.076640947439376,10.2485331545302,10.319790466197242,10.02942565139415,10.112630339034377,10.209358722967664,9.937645706330512,10.060987102996066,10.05873006927651,10.180964713876758,10.196191598256878,10.22740018874702,10.036343088708064,10.04582689968768,10.216503994120618,10.04188797202278,10.168612494405702,-2.089585580288696,11.509024400799328,10.851363746281017
T144_355,T144,7.601709163300092,7.7107220421450515,7.691765534750688,7.44396024407168,7.594085067672253,7.6705871883549746,7.453914539341435,7.494967212334822,7.52021507937392,7.621338056544361,7.593645145276767,7.604189403250274,7.491729380387405,7.473779621350292,7.680186765171875,7.568217606811124,7.671956577293353,-0.7171873183499152,6.495797240214263,6.1262637974554295
T144_356,T144,8.48162892794777,8.634197872475234,8.733733425290069,8.535457887073447,8.587379894845771,8.708527234710491,8.45853899968969,8.576408682171067,8.584527343245858,8.643890065752451,8.64060592662779,8.663913503987853,8.541118534119619,8.541566793491675,8.696286266179584,8.531386517512301,8.574389213325844,-1.3915630408710544,10.017679106104959,8.717348018895368
T144_357,T144,15.7806156107486,16.007677845210363,16.444574943742904,15.97217653937884,16.0363284011172,16.213796048250238,16.01560572239957,16.020154060097997,15.99889327892464,16.017312618851296,16.246082684146288,16.25600548885085,15.994867292081857,16.04821279806583,16.156332867633697,15.851341310731083,16.00102019558304,-3.6406121831334812,14.5394076774956,14.166912206769966
T144_358,T144,11.084582888185116,11.198747957747576,11.308301713527255,11.052385163762,11.15477790521196,11.276935674422823,11.056702896350574,11.083147348009506,11.08480794149565,11.155882799936188,11.168344194000108,11.182210563404784,11.052983459230662,11.037720453567626,11.280094784168924,11.086084179093172,11.204508263145868,-1.2426772721434016,9.723635639100541,10.728000731297424
T144_359,T144,8.98199253106388,9.097117098683237,9.172237393402163,8.976810702632443,9.0869553413631,9.211706341981303,9.046175884927116,9.043214045019578,9.06746629511293,9.064259951624871,9.057173028778744,9.063030943557653,9.001968732905352,8.961913525775474,9.216486223989277,9.04001418327284,9.09038405617006,-0.4816775791388266,4.9816510972110555,4.97037923583485
T144_360,T144,9.736122149161323,9.876893752186383,10.287885410707345,9.935830446556494,9.985901073798342,10.125541844020402,9.909084063783896,9.97909106850389,10.0157009837418,10.092158646691496,10.18144631220531,10.184114559555123,9.963108440040816,10.040692306070795,10.067086749558216,9.88804371235521,9.858352625331191,-2.1025495218528514,10.518437313937673,11.46058269570113
T144_361,T144,6.613179396547083,6.7031394492010135,6.847349859160077,6.625112882660783,6.721652327414589,6.825842726541349,6.617048865213349,6.661103200917917,6.696609141678825,6.755802380232576,6.75521427329053,6.759497731408126,6.650275542072047,6.648136128372111,6.821195288535453,6.672315214073038,6.69634550295766,-0.4101679245804207,6.179280148931508,6.104201616785432
T144_362,T144,6.087124299797461,6.170346586733978,6.272056746387581,6.123748107546363,6.206122037793448,6.300435936760604,6.102077971663195,6.14970818539427,6.172834233986707,6.259066519726696,6.192159350407725,6.206594375739464,6.131383315583808,6.125374432879013,6.290264921163763,6.173010203892525,6.157649320355694,-0.29080836602571686,6.195775966197724,6.772612724125703
T144_363,T144,13.600672926725023,13.829821784067896,14.2619427068513,13.849739631831197,13.854754755984231,14.054840003536382,13.661616595816746,13.803152278264053,13.817074207858104,13.977462660357098,14.067022619548805,14.102603588887158,13.820752888765725,13.866897554984046,13.936665611826584,13.682090138130306,13.81260468712329,-2.8055110171432913,14.095341118692915,13.053031495764898
T144_364,T144,9.817493981556437,9.951633400960736,10.107227159051355,9.862897722158966,9.95662536099601,10.095627091119171,9.802644036084867,9.881581015101752,9.92063504379179,9.98876936488982,9.980835014382617,9.989933551332216,9.870450504894997,9.842315822314148,10.068465790036845,9.906084254728595,9.94482895400163,-0.9281533348181459,8.449333862544808,9.371268052521492
T144_365,T144,8.470107580406282,8.57709219000568,8.687946248795413,8.50086884105697,8.590157426291551,8.719455842255133,8.460972935670805,8.519711427320155,8.564277917983352,8.6097789165438,8.577764572746274,8.585282154446613,8.507632536015436,8.462292700751439,8.700463211472028,8.554479226621783,8.576716998684377,-0.43484664009771035,5.5200481051180486,5.3971495183727125
T144_366,T144,10.737571754998235,10.871402766076953,11.092438521974117,10.8603898748369,10.89940686410263,11.039933035345186,10.797610571309397,10.882221160855089,10.882931522219678,10.957063612510549,10.970656765357818,10.992207428618402,10.839032779367692,10.842852237042296,11.016212397542931,10.792627866392085,10.847764756788605,-1.4885116685391937,12.581430966332706,11.326999668532899
T144_367,T144,12.032121108138588,12.1670171944386,12.516169594079903,12.165961380268264,12.148154230069268,12.31645018375714,12.074318505712768,12.171015396975037,12.174944140851434,12.22743758635078,12.367742407601442,12.383851918572498,12.07199756850978,12.177629060048552,12.25926114205106,11.97183964007295,12.16899358644809,-2.609141072277567,13.444868078132476,13.559883071001991
T144_368,T144,7.441438327925934,7.524001195459738,7.63120529474206,7.467489169317807,7.547619955366227,7.678552104968488,7.505715221888209,7.505889338138148,7.523934510176347,7.574513597173582,7.5371636852411426,7.540614532309717,7.478178832670197,7.45310136719888,7.671709685702876,7.50192910580239,7.54614879803518,-0.2715628332501323,5.238672672935815,5.232841123263999
T144_369,T144,9.266191944776184,9.370129502294873,9.494676753439029,9.275131176825257,9.325288862192073,9.449079444794393,9.220410332936291,9.284025027206948,9.287828739598956,9.371101963546169,9.373866531509314,9.395052290422711,9.271949840055242,9.264543391368637,9.407344196848593,9.238400862926506,9.386195532111053,-1.654413650235988,9.391329597383008,9.872369070284455
T144_370,T144,10.628702429957888,10.759586419295282,10.884374467761113,10.688369859628876,10.761663781588291,10.874429433926808,10.689518290259532,10.730149561622502,10.730546880993758,10.758392608052093,10.767498546990232,10.785490928004036,10.707209670409588,10.662299559011776,10.867185986925266,10.687545583450596,10.764762060255306,-1.4726588428464003,10.398353798233257,10.506645694533884
T144_371,T144,5.846287385433426,5.935127717918081,5.968467386184503,5.8150185959175085,5.9146764005226045,6.039816387747156,5.90319950883956,5.864267725622294,5.892141236986974,5.908432274619825,5.884065181042244,5.876780057581184,5.875900212790208,5.823178006887108,6.024103269582644,5.889081227548339,5.949717243703669,0.0,0.0,0.0
T144_372,T144,11.75046861610949,11.959237471347873,12.10759705018989,11.845110373257544,11.952263534644896,12.088801693457004,11.807699335429977,11.861544963139858,11.851050720708267,12.014419538091524,11.966468875114002,11.988685443585522,11.865587623935776,11.838823644330535,12.06166261939859,11.873166337848732,11.97421963103544,-2.1257983977616073,12.913369209294908,13.253138423677846
T144_373,T144,15.365374761051957,15.645322205892848,16.057480816335985,15.631864270424296,15.672581676506269,15.808603966204046,15.532981657231936,15.631533634230603,15.622588843848115,15.725733616804696,15.863885131149337,15.888290199139252,15.60893919582344,15.676641931502548,15.745594973602246,15.487928002007978,15.680909907566155,-3.5802533938410597,17.698204741729068,16.50820014872203
T144_374,T144,7.090055750977329,7.201025592414056,7.234444909446505,7.071204825594824,7.179883363089599,7.30809077016464,7.141949974406382,7.105422487628631,7.115247122802099,7.171986980677243,7.141381316373489,7.130480491029365,7.130293409190961,7.073349797630109,7.311386023854173,7.163777558377385,7.206466687846202,0.0,0.0,0.0
T144_375,T144,11.41839633628629,11.514740363707748,11.838668976463287,11.561406451058268,11.651276667284606,11.823458760771732,11.62265204571344,11.668974531281808,11.741887805717267,11.781582737111858,11.739150096548672,11.751121553728105,11.65490626237376,11.606114652423564,11.761164761305164,11.60210811291056,11.46472789840687,-4.683198874140376,10.473373793640228,9.743194620881033
T144_376,T144,7.5015178950494334,7.573614301894085,7.661424751080686,7.498164294387429,7.615369924787291,7.730879769088632,7.563651670700676,7.584349344806093,7.659698403087517,7.644376120447116,7.5808105130478385,7.589073652936798,7.559861850461842,7.493101939651175,7.725842421070422,7.601528563153574,7.556508999193483,-1.2502017458395667,5.150176142188622,5.537724027279317
T144_377,T144,6.231622743802524,6.305738165412566,6.38249034485241,6.236349830582184,6.3306942930233605,6.435006017375669,6.254833073992277,6.29044737228444,6.329940404175658,6.37344645626828,6.31042542674856,6.319501729303847,6.276413371529886,6.237471401365373,6.424307092587832,6.310608804433949,6.288833606115277,-0.7008233766781812,4.600968037296421,4.888032935178594
T144_378,T144,4.86053607869846,4.956315152977004,4.947777871018841,4.812461310915015,4.91943387431111,4.999931417836135,4.855493173511571,4.853588076444911,4.879399969746261,4.914101083764496,4.890821292816613,4.877466161808543,4.877323534017964,4.837185900533755,5.009576378424313,4.929367795686374,4.9250446321651,0.0,0.0,0.0
T144_379,T144,11.559292043801292,11.765937229742535,11.908133255906684,11.579891546544868,11.747766100708152,11.801601542523704,11.483041838438949,11.558967890676916,11.571535791248502,11.776917703852687,11.75941710969405,11.776015629931972,11.619579068580515,11.616291224249924,11.790647000643393,11.680390298122637,11.629698220770589,-2.239806165712361,12.7857540797878,12.689470112891778
T144_380,T144,7.481633382853634,7.608583999646171,7.714617443379752,7.465352533206177,7.542577052171407,7.644006586435122,7.382385864246409,7.463843829998974,7.472128270347135,7.580088114765326,7.61142265909291,7.624823172819344,7.486657764215702,7.487392203627795,7.623485806167948,7.491382999964033,7.567232883318213,-1.2945401271210608,9.715362307961206,8.5215211294949
T144_381,T144,9.95654664392613,10.059506183042297,10.052293302147064,9.83745814256374,9.929753952530053,9.99365760442905,9.855429223118346,9.886573905913396,9.936651944620015,9.9132100806576,9.910782628523634,9.962445316103382,9.77336462492055,9.748764146538978,10.02727234027647,9.842676091731953,9.989226889908982,-0.9501052676124998,10.352064693787714,8.159348925450264
T144_382,T144,7.900856691909473,7.99866589497881,8.061102525394698,7.838968348091312,7.9225610915615166,7.993907319747524,7.823740530828994,7.871916252163082,7.879159697058793,7.907430534112215,7.965241016452266,7.979452842874346,7.821892855504447,7.829906865306824,8.028324102643484,7.865636009189048,7.964194280510266,-0.7827758700925743,7.197177877040274,6.442671274204169
T144_383,T144,7.55570712693468,7.6367492472804095,7.638418175637292,7.412144098783258,7.544280245523041,7.590752768240925,7.418058512951226,7.44614133317822,7.459333462501222,7.535552178626377,7.539008580871557,7.551207875048771,7.424897225957995,7.413859334317386,7.620230380020173,7.508369579190678,7.615166080550941,-0.620845423292319,6.678336720113571,6.229430911240211
T144_384,T144,20.62938954203734,20.74077059484832,21.056496269151147,20.451176336528576,20.63578092626132,20.89383410476781,20.5833106343506,20.69029894092345,20.816216897149044,20.760984816969305,20.844092261643144,20.87414038037305,20.511122539997604,20.533026066475795,20.78593446283878,20.437863810650565,20.807532107141856,-9.058224879062315,19.826492326857515,18.9030651618415
T144_385,T144,8.97624111882653,9.104352206602377,9.256703506239514,9.029852430164365,9.14791845802542,9.312008751338135,9.094007071596854,9.091273067634186,9.168824516534269,9.165058778554595,9.13068552314175,9.142285593179764,9.070831013779989,9.026357129047964,9.28851316768079,9.086416320765975,9.104331051445367,-0.47389226155797604,6.071296901116755,6.059719398853523
T144_386,T144,8.376186370263008,8.498650699891146,8.62165405205698,8.42207171224236,8.53752691238989,8.68555863052069,8.481787300072385,8.467691245805078,8.524901590076189,8.540868473256667,8.495296171330077,8.505818200173843,8.450763018044004,8.402671576193667,8.67669349311588,8.484811190333936,8.500405491315105,-0.2537019802868086,4.408986979028579,4.949244718631282
T144_387,T144,6.95773622338469,7.078233404345785,7.161138021898629,6.961401933411072,7.080979443120548,7.136845015592981,6.976079615511394,6.97923223930452,6.989028163606931,7.008181018486802,7.066302696008251,7.063806711778956,6.966651377356131,6.951018832416529,7.183650031845637,7.053041103813553,7.035419186535195,-0.3517840653509629,5.385403583144823,5.091829430333807
T144_388,T144,8.264936831140536,8.424090728334372,8.540044199184216,8.28272360485457,8.407319940764273,8.473376899569296,8.291757303332712,8.305039271527727,8.309616320097216,8.338918882744327,8.436875350285954,8.43959175162495,8.281817828886668,8.29152021226988,8.524043049956074,8.363144279307699,8.345825672987385,-0.8444844113042655,7.225967492328793,6.346513896388308
T144_389,T144,9.65487071670033,9.811327653145364,10.001802200892424,9.717497203530352,9.81181480717698,9.837045075804062,9.71927356706544,9.74104558031792,9.760229917339666,9.696114174778392,9.867096905004464,9.881135531212172,9.68589685305722,9.71603740504033,9.905517449825124,9.7202219481634,9.746637137224107,-0.7174855002927445,10.209862012763594,8.041014883191007
T144_390,T144,20.000651824554215,20.001248265652,20.358719375900787,19.89842857581833,19.97755911841493,20.137537288060035,19.92713377166732,20.015640687959507,20.133924363765274,20.019425879586443,20.129459378985885,20.15216680774786,19.831585311035703,19.841680383072447,20.09959834209438,19.79039093681645,20.096142217818617,-4.718474667939578,18.685104515499834,16.211618805671534
T144_391,T144,13.902154361749565,14.018994163040505,14.451508698936331,13.963359206207077,14.027792619373574,14.243126974118097,13.999167996749495,13.985766558564183,14.00881017869646,14.031842686369696,14.242220271585484,14.23987802971164,13.940246123203105,14.016813071828134,14.15653626735161,13.816167507431322,14.118805432031635,-2.296580058145774,12.384149394606757,11.629624208796795
T144_392,T144,9.354648850217307,9.478114350272362,9.57645979599702,9.378385233877806,9.473163138026068,9.645423950555768,9.4774762314736,9.437496044497854,9.510273172884055,9.473234449815529,9.453123956613902,9.454164027607472,9.40783876339789,9.354082043783656,9.63799898110409,9.42414647077222,9.48153843225577,-0.27910684209945036,3.544264099529554,3.4425693471547896
T144_393,T144,6.529890426739524,6.690479857680906,6.746418594019305,6.516589012506799,6.648991894062669,6.701275102029161,6.477447919374303,6.541568293706216,6.548270865928295,6.637078783084235,6.663845541330694,6.677244201927706,6.562359510836662,6.558795672360363,6.724417821415989,6.62027558364881,6.56932839881488,-0.910198196293109,8.03522421779516,8.05398003881472
T144_394,T144,5.555049206342076,5.671368508594143,5.720714884424058,5.53088123516989,5.640268279846917,5.70593810938667,5.5012248785288085,5.550257287906508,5.565101674791998,5.637593548649956,5.663409147157236,5.657674405468729,5.552429118736342,5.54883564387719,5.725108556361072,5.629365602426287,5.597790618767937,-0.4799526660999812,6.214643459028158,5.746397515456239
T144_395,T144,5.343441691367863,5.448536940779201,5.47199547869475,5.298009239472021,5.416538343317187,5.460044397515639,5.276904056942273,5.320198945990248,5.338464543561458,5.398545963356296,5.409146714401379,5.408128871484635,5.322731977014253,5.309940873321352,5.489516447800795,5.410617446354987,5.381039015911903,-0.274733642314987,5.647312853693197,5.862477545014857
T144_396,T144,16.44852035295275,16.531530550644916,16.564640534048706,16.093010837250226,16.32284412502158,16.465154065999414,16.176111798076917,16.2804346369941,16.4000566007514,16.305219425943257,16.395480478746624,16.411974341394643,16.125051112224675,16.111702462957926,16.45769667941784,16.1985626821288,16.551105291495855,-6.032017974679154,15.754805295079802,14.852704791849105
T144_397,T144,7.901477214646836,8.038440475139426,8.138968865205877,7.896481542143939,8.036882686113762,8.150334617557704,7.9393698535439485,7.939820888398479,8.008020043756309,7.987344594568977,8.023150609628926,8.023228405265533,7.938394612598523,7.897464191395393,8.159095101584267,7.987584469537599,8.0066413217843,-0.46802903118459593,5.307695807219974,5.396896924644931
T144_398,T144,7.560921370235209,7.693410382954236,7.805985249301336,7.587573284600335,7.71095821085483,7.849334781450206,7.617227788111995,7.634793212318778,7.711987167283532,7.691471944298794,7.688654587417083,7.691606235112803,7.611906110024424,7.577914432911897,7.840250142971267,7.662661166401022,7.679095183497878,-0.2931670063915572,4.919913141212124,5.498576303472027
T144_399,T144,13.366467270270718,13.600997079883667,14.02878915972529,13.445136588029872,13.64483377027581,13.792831222358949,13.464639523274473,13.497312360818162,13.56971162032163,13.745088017220144,13.852036500462908,13.858533464816944,13.531103992609651,13.616143392091791,13.718374049998078,13.535760692051,13.484176987795353,-6.867330435322635,16.755161111905522,15.58852138052276
T144_400,T144,8.378492492077985,8.56431682422497,8.66004588495367,8.442621202327677,8.593411005627393,8.671481101230107,8.455890199669657,8.463618024167424,8.487425721147563,8.601666735104494,8.569212471017314,8.563581458248166,8.5190029201379,8.47796043409176,8.689658712005809,8.580180905050797,8.477551482121724,-1.0473939731125528,7.386066063790328,7.562491082851682
T144_401,T144,6.134006181835252,6.255130367544271,6.315063602266095,6.154931690265545,6.257136415941991,6.372027589827267,6.206095178472441,6.185787414379337,6.233651945796602,6.251740647423741,6.241782645895143,6.222989141238763,6.230729005813196,6.181086260890169,6.387351722438345,6.266397950365001,6.228629620761677,2.290678413714498e-07,-9.97992865650749e-07,-1.287732729871934e-07
T144_402,T144,14.24292322142924,14.437128313546744,14.864805549904135,14.581996301742864,14.50773454924988,14.691385200602229,14.341597436586346,14.504946819274798,14.604913970143524,14.566986121896113,14.654827135083195,14.7146890611743,14.450075943500885,14.43764326451968,14.633732137394864,14.337771516122888,14.434761816735763,-0.893480199936524,12.565190453843131,9.970388815464233
T144_403,T144,11.616315304904944,11.745562783524784,12.078242625188928,11.79868695004601,11.82392183886167,12.052866949077137,11.679079777630818,11.806226744029455,11.915646219524271,11.895331962107797,11.942763062347115,11.953629611114431,11.75731752037713,11.75074544742415,11.965590887664105,11.723406431230314,11.784224134090437,-0.9517937303858626,7.973419791261479,7.4787305470597065
T144_404,T144,19.6573823508583,20.09296986240881,21.528611268957647,20.69266156090345,20.7176649222562,20.951348225385143,20.68501245965992,20.61435992730868,20.730004062424037,20.823476087327347,21.249550154046545,21.209542182764448,20.758010940143844,21.041219369229108,20.666396778565232,20.3235088787212,20.229652573739106,-8.033772760992525,19.964501677119035,19.31040248520046
T144_405,T144,8.424679759111267,8.546213304932861,8.663433754050608,8.484779701874576,8.563379556638965,8.681113095176908,8.510413773720058,8.526678880175986,8.558013424503569,8.562184818831064,8.55657140342102,8.566529404949616,8.504449346116003,8.472134930125266,8.688414888379445,8.509102339298504,8.530796676946624,-0.6357319454884574,5.697883504784362,4.963478880379285
T144_406,T144,7.136900586881547,7.242420016166006,7.3099532663129,7.1511374173458,7.2471387659613615,7.368198120083489,7.214445553470269,7.185935776436249,7.224438747611241,7.232796354984113,7.216747043343476,7.211197533522692,7.185000358820922,7.146845622251638,7.377177178619474,7.220615585783625,7.239746969632156,-0.15976507716320293,2.450750625039412,2.559048680169459
T144_407,T144,4.56485236357824,4.682048733527184,4.717386114267672,4.545743968995295,4.659238502410555,4.706711270686084,4.504088368762607,4.555973331846048,4.569760975890664,4.640606149468567,4.666855188630018,4.661654836820909,4.566971403315303,4.562139660006392,4.731168201029853,4.657934478400858,4.599054937279681,-0.5173950925048746,4.8665433355804,4.80250691657576
T144_408,T144,4.582245523291195,4.687302800819565,4.705407246676386,4.521070317271528,4.656728626028087,4.676518672089093,4.507389179734575,4.542644132014905,4.576814559253839,4.607928682260068,4.650248332468443,4.643584659117581,4.56203037485751,4.549662522765706,4.711956076543015,4.65661934193212,4.613049679066278,-0.3370561497281901,5.219845652678337,5.1313989051831985
T144_409,T144,4.341019624524634,4.443861543588889,4.468519450030064,4.315655989643267,4.427112986201446,4.459984021201324,4.283329532522951,4.329405661381376,4.35207048606621,4.403744286105,4.416230684781136,4.411018293948274,4.335894291917588,4.32596778095418,4.485586603534531,4.4278724323315855,4.378087735589052,-0.27530329069931864,4.863864826738175,5.129062647221869
T144_410,T144,10.898018559506871,11.054077249919162,11.202090445179063,10.900697922523864,10.973257402965356,11.117452071327024,10.838548400818556,10.985919773126682,11.007222224442076,11.085009844157764,11.08915993802606,11.12707572829726,10.888820931775433,10.917161240123868,11.103464378802627,10.872193698560624,10.9892517293079,-2.0255699556912345,12.679416113601008,12.635278195159415
T144_411,T144,9.823717731996853,9.95839802458974,10.111898679316417,9.822320166279267,9.902962188618464,10.026258206777312,9.75326987700152,9.881025320551494,9.923289403200087,9.959575166091454,9.9867855498335,10.020063165640082,9.815731512029624,9.825883096090402,10.015358307997898,9.798960726565356,9.917477115415698,-1.065668313340825,11.40740821250313,11.05282322940833
T144_412,T144,8.150010463260852,8.266355698149823,8.431418450608005,8.170590518244039,8.26445060108316,8.397339712211764,8.136386748363408,8.209373187717752,8.235644451797286,8.298961851463034,8.316754185049973,8.323289121710516,8.173432881843793,8.187662319312862,8.380188279223544,8.188836664273813,8.269489032550334,-0.3051952993081537,7.476431508288885,7.825615039490826
T144_413,T144,5.8850283796183485,6.012448555390819,6.086969631235119,5.879151010326088,5.993856026831844,6.043891462514231,5.85533960814002,5.908712899483259,5.934746142776506,5.980634263231817,6.029827824323908,6.024198663631267,5.914498579066737,5.917366875949245,6.061792153632428,5.976227624653425,5.938560930775548,-0.8796126024539195,6.985007233655021,6.898981840966975
T144_414,T144,7.376570548038005,7.66954248664368,7.814749436427999,7.559881299897451,7.733911068709125,7.774131130653493,7.529923945551361,7.57521006427917,7.617038853144174,7.729597047643965,7.728908915409117,7.725629405949265,7.615273605226871,7.626245742360456,7.805688879155308,7.711885291493592,7.529882415446948,-1.305154666563508,9.333607409899885,8.722142020019046
T144_415,T144,4.515618052058505,4.620416006447999,4.664265662428606,4.556944866532633,4.6246281517232175,4.694115584755237,4.545495759155936,4.576983120327173,4.593913202270581,4.617387485468726,4.621757077252407,4.603222895947345,4.580330238476385,4.564483753956744,4.70943045698378,4.629153337938855,4.587603301855404,-0.12386912737795377,2.370059688710747,2.607786555747197
T144_416,T144,6.953985302360332,7.135281670864252,7.2757902463270785,7.090687387471392,7.187301851326416,7.30114461987384,7.071871656317558,7.104112905810041,7.106478302325424,7.247111907693269,7.182961896978502,7.191466763386136,7.140977513681544,7.127940979316956,7.270354652899357,7.130297113870433,7.10446508568617,-0.9597047170608985,6.923915746107882,6.477290184394023
T144_417,T144,10.552211425661142,10.95282090481422,11.303894146278326,10.969412941731454,11.097740749046704,11.229701854551209,10.884659723342269,10.961415607461584,10.941793196962111,11.177315843177151,11.184896408640157,11.188430609680683,11.088304171809044,11.116373101462235,11.170285413929056,10.981884523269075,10.82430437574632,-3.174640789741936,12.150126461080838,10.805577501466487
T144_418,T144,5.702039002829984,5.8087670611822455,5.890590856267337,5.762533486341815,5.826978940637897,5.93775428933483,5.765506438708394,5.792138904035013,5.805653334154508,5.8818850148152135,5.8200809506537645,5.826523273486273,5.780391574962238,5.765965811065947,5.916628731857679,5.7903440192084,5.804304594974205,-0.3639689775226256,5.440984711279885,5.049946221082917
T144_419,T144,12.159041161762827,12.334009126222606,12.740113472295503,12.394325785003767,12.443560102308156,12.601705413240763,12.435535908717275,12.434913530989451,12.442807137919337,12.480864629416402,12.597792412541134,12.613281403125448,12.396196620234424,12.451061014267015,12.566532882050195,12.3204067056224,12.298710085255763,-2.3098727708770137,11.280067715526554,10.71484129395091
T144_420,T144,10.16417169954115,10.306298268892686,10.543288866840744,10.296739435653109,10.369668455371167,10.479147188890888,10.326018846817425,10.33847746539887,10.358106359745488,10.363616046236173,10.414926790845543,10.434522341497548,10.285345894783276,10.298113846993385,10.48376961807291,10.280539159245324,10.281367697621276,-1.0070146443875498,9.348497027607394,8.50919865032155
T144_421,T144,7.825634517687635,7.929060837715513,8.06755410703037,7.88619290442165,7.975638946693837,8.076612810120725,7.908721588321792,7.909220783482987,7.918525847494942,7.957569692396478,7.957961456591128,7.965065053390392,7.886969951069632,7.866188919833517,8.094375506271899,7.927773485553121,7.925885892136177,-0.30269445796010597,5.388626092202372,5.677083500921469
