Reaction,Dataset,Reference,wB97M2,B3LYP,BMK,CAMB3LYP,CF22D,M052X,M062X,M08HX,MN15,PBE0,PW6B95,SOGGA11X,r2SCAN0,wB97M-V,wB97X-V,revDSD-PBEP86-D4,mace-polar-1-s,mace-polar-1-m,mace-polar-1-l
Pol130_1,Pol130,5.970993562115288,0.11428109827190891,0.1794274649941281,0.06430052945579678,0.1368439719044776,0.06180628750508976,-0.17747617111876934,-0.026078107104813064,0.30904121737796775,0.31302945580597097,0.27477384000921123,0.14626910101397161,0.33048322298456156,0.30579538319654453,0.10492235583927201,0.31847879378931854,0.25257934744732147,-5.970993562115288,-5.970993562115288,-5.970993562115288
Pol130_2,Pol130,5.131993474768016,0.1852288896280312,0.2754668991039715,0.043548322615444945,0.17796562467082655,0.25654447497132526,-0.06107840493075667,0.008870474384395699,0.4099778537717187,0.29623644346466893,0.23768191736390065,0.18935123532600073,0.20787207923745044,0.13449317242584247,0.21381635355365258,0.20160120619117006,0.18514321541168943,-5.452333369302856,-1.659078258495255,-3.454063979712149
Pol130_3,Pol130,1.6339982590807884,0.03355475804307817,0.09235393631165145,0.032969577171331865,0.07708796564154285,0.06707128392748607,0.05109610175959389,0.03382193449360038,0.03635263002702005,0.022434842008755895,0.05745144044490158,0.05713610351924636,0.02503992620034068,0.02301987463014843,0.09197576953836406,0.05896321904672752,0.03858124356413639,-1.6339982590807884,-1.6339982590807884,-1.6339982590807884
Pol130_4,Pol130,5.621993792478159,0.5884736826519941,0.820236072507365,0.4687388007329636,0.8114084234316756,1.08806865259323,0.9347077361440252,0.5520362911467203,0.5600210665900356,1.0025732891639425,0.7829187612383439,0.5884810918845869,0.6404082127621216,0.9359975343319622,0.729062277722579,0.8284902474352611,0.6325940821782652,-5.621993792478159,-5.621993792478159,-5.621993792478159
Pol130_5,Pol130,5.394992868081312,-0.11186687589250699,0.13403054031579753,0.14586811365897212,0.09047110372355682,0.3034433982595166,0.18324114231223643,-0.04598314284029836,0.05208656743446749,0.22898778263265385,0.21975944257466473,0.09405302028284002,0.24647355767856638,0.23196836635465878,0.32916823341484136,0.2255587925043594,0.11284186196019697,-5.394992868081312,-5.394992868081312,-5.394992868081312
Pol130_6,Pol130,3.8249955093628216,0.03058099052431018,0.31091145423489586,0.15433641523937336,0.22516965991784677,0.6065963548293682,0.4415553852020828,0.292884953818084,0.3091830298260039,0.5782894041635114,0.2933896703468033,0.3352655824398614,0.312122121874971,0.19984403389935856,0.5417242775949003,0.24471253267058835,0.11939501031972233,-4.088972026053909,-2.4756485961953922,2.084619252233999
Pol130_7,Pol130,2.912996756730816,-0.024012414677672123,0.1122628249644726,-0.005493200688308164,0.08181653418160861,0.12896500020189672,0.02988200407674535,-0.013139819027969235,0.02979664978319363,0.10865868072847018,0.14181230295580916,0.09993150076481738,0.01100655446904808,0.09043820675864245,0.12942881778523718,0.09730567081041874,0.02231301369180194,-2.912996756730816,-2.912996756730816,-2.912996756730816
Pol130_8,Pol130,2.9739969202736285,0.04414180181106531,0.1333527442553657,0.02435916648305314,0.10979199604422263,0.21899451401138625,0.22482616817223056,0.11139357449179155,0.17758997691090928,0.1792943954285242,0.11266736874870009,0.1292332142032917,0.08090193923241662,0.0434180685488581,0.19147872056852444,0.08220566676772911,0.038353067822812115,-4.062193275342054,4.187824708429127,2.9355549618973766
Pol130_9,Pol130,2.949996953099102,0.14202005766118697,0.23431827669574634,0.1349400969801775,0.20479873200913667,0.23680036763472057,0.15160048419653105,0.1374731634242261,0.15530806124603025,0.2466001072779096,0.20849445429491054,0.16112874972937075,0.1522083371380667,0.18306806279003007,0.23085431503025777,0.2023593182195711,0.16104958955776194,-2.949996953099102,-2.949996953099102,-2.949996953099102
Pol130_10,Pol130,2.6859973141793114,0.0778253318961819,0.1367073457237553,-0.004900018001746886,0.08729076724445672,0.12126977733294053,-0.012663850278248567,0.013345943725882936,0.0012232633519850822,0.08805036116166542,0.09338204071507361,0.08478141032785746,0.025810782209881644,0.002249144849343576,0.13492305576450248,0.06422940095520868,0.05644543775475297,-2.877596927786195,-2.6948498398142897,-1.8177740555340098
Pol130_11,Pol130,2.831996126594119,0.05367066010974053,0.15113785207085328,0.07480266380287581,0.13063948543561876,0.2493234426399682,0.12033414018275357,0.06981743970352294,0.14986702149434716,0.20272088845234215,0.14343077444146246,0.13972497560652242,0.17126012634272092,0.06253565168589725,0.29194813119676377,0.1832405495729832,0.06942981266242265,-2.831996126594119,-2.831996126594119,-2.831996126594119
Pol130_12,Pol130,3.018996117803194,0.09565252414556191,0.3105538849559233,0.10187612640835786,0.18364138873707025,0.5190281861289625,0.15241564730249335,0.18241723630062534,0.20554247016892324,0.48573675229438473,0.2503448786323883,0.27425549054479026,0.23636322326671522,0.10056602693491046,0.3902633832466189,0.1858085875646247,0.08672473197173591,-3.0484096443292774,-3.3342415689538902,-2.558964076121282
Pol130_13,Pol130,2.9139970023373127,0.046396281323456634,0.15774895687689527,0.03799421821809634,0.10817737735663302,0.25641110891614805,0.08969432039662983,0.11404429943955785,0.14650797447604047,0.2530191649350213,0.121778643025515,0.14253040520903903,0.10891266901873609,0.044751136619200604,0.21045404656067657,0.09374687103892487,0.044568010169727224,-3.3203603651426903,-1.0629755505935843,-2.990669911132644
Pol130_14,Pol130,3.5479956412492712,0.03554146770986977,0.11579495147887275,0.017115906490809518,0.08902926825806157,0.12087560649991191,0.06945646207424172,0.04202928307971865,0.07625398321483257,0.057172260707799794,0.0739725340939863,0.06352700622322649,0.026957137785976748,0.023821256680240932,0.1420043501804047,0.07006075864983474,0.05369467938339545,-3.5479956412492712,-3.5479956412492712,-3.5479956412492712
Pol130_15,Pol130,4.043994468907703,0.05658426440779163,0.15498798271367153,0.030302848211422706,0.11031004922719667,0.16394247776647664,0.07532397688660986,0.06181932773160792,0.08781978609088092,0.12477256329114095,0.1013436993685497,0.10532541781338356,0.04620097405711476,0.03968144743120838,0.16661246663678053,0.07302030015221916,0.06272348591752497,-4.479326008132763,-1.4260000746315207,-1.186448203994423
Pol130_16,Pol130,5.487993481805272,0.03632032578593236,0.19352277811472263,-0.005233285068406701,0.08644196610084176,0.13389065405456968,0.015967476275389636,0.026258003178890377,0.03791908859813464,0.09023667582165285,0.13164195377378984,0.13790245384390243,0.0009875017643405926,0.014009069560796839,0.13171797251198036,0.011696946094038374,0.05323447599665698,-6.282513753237942,-0.2532868263265309,-1.4546769958305585
Pol130_17,Pol130,2.0829973979966634,0.032996546651782754,0.07954397618808962,0.003948821477176345,0.07320968008217754,0.08597963047120105,0.0048903859649107595,0.01904408359176868,0.039037437366041594,0.06499018033817539,0.0698894573689377,0.05520555549241202,0.029689364199698698,0.028734759408692412,0.11282059151536705,0.08046034931870372,0.030764388120199992,-2.0829973979966634,-2.0829973979966634,-2.0829973979966634
Pol130_18,Pol130,2.64799687220453,0.05581489033092346,0.12297982687789677,0.011952268172222169,0.09552330724312874,0.14608179573816527,0.02262540742225916,0.04545975503882804,0.08499449973617246,0.15463056153935106,0.09874543172863692,0.09733086218935227,0.05333161389451879,0.046385908396895825,0.13947424735999014,0.082229079923124,0.04262420248991283,-3.0704588871968754,0.3042134623092001,0.5271316619349862
Pol130_19,Pol130,2.619997404449364,0.06313342810002709,0.09814291346735438,-0.015037025621747802,0.07282899403067766,0.08591146559943308,-0.03376651350110116,-0.01282448233874156,0.00984671416314109,0.07197945207528234,0.07177821746632418,0.06365548220226724,0.0042370404319798105,-0.003363788938072876,0.1027105534881887,0.06392517806647113,0.032917422035684485,-2.9588475192095167,0.0774243675863957,-0.2133464263357534
Pol130_20,Pol130,2.729996266102381,0.036104865413557174,0.12060324328731564,0.019451294712668155,0.09915442105996597,0.1580017596878509,0.06143730792118607,0.06080100352565365,0.0931686549864974,0.15991096922774872,0.10622608340636841,0.1042454489202953,0.06852260324587212,0.05884556040723066,0.13565256822932792,0.07858551859109975,0.037336406340179096,-3.129173211724111,0.4604728498704649,-0.07739349198406975
Pol130_21,Pol130,2.0989968821645664,0.01558782753562582,0.06986219142529704,0.005269145678834519,0.07045967147489574,0.09025179060862376,0.02817877104505362,0.03227073877146802,0.05789184475473075,0.07637934724586604,0.07121096705749741,0.05800090857046669,0.031856711185240805,0.03506105354622102,0.11101214750111188,0.07397342314802824,0.02318693939163685,-2.0989968821645664,-2.0989968821645664,-2.0989968821645664
Pol130_22,Pol130,2.0479976928413697,0.0503347299521244,0.08558723782839683,-0.0024231134828771594,0.07351049463760928,0.08419993426673678,-0.013990694624342215,0.003035708395682679,0.021368654333687953,0.05376312728432309,0.06572665749207074,0.05229284033447534,0.021577150009119084,0.016777749325883384,0.11315222849859907,0.0833123088591865,0.035180671031269206,-2.0479976928413697,-2.0479976928413697,-2.0479976928413697
Pol130_23,Pol130,2.6029961928296217,0.08215113488190262,0.10259911875024841,-0.023780950421781633,0.07483141164141616,0.07173465119279632,-0.0551536909476007,-0.0346769592298406,-0.013361503073332504,0.040633681193802396,0.06745300728890635,0.06074736076723353,-0.01183520242279501,-0.02513446798053165,0.10298469492459539,0.06803122334218825,0.03031736437237642,-2.896309264565488,-0.0955696162469204,-0.337693167499157
Pol130_24,Pol130,2.5039970691573714,0.07973869067499484,0.11965782596502139,-0.00594086613250111,0.08837532980963037,0.10940019615194174,-0.0262511866597559,0.005891224385083049,0.03579041780100267,0.09968669997275859,0.08096610311355334,0.07808465490847549,0.01587263818232465,0.007873933460072369,0.12781316173455792,0.08116422589704797,0.043613537247082945,-2.888660591819561,-0.011725559742972624,0.2038292104876005
Pol130_25,Pol130,2.2459974220312127,0.059870404658868726,0.13234568214242826,0.024274108550351503,0.09774488977029705,0.11499712600768763,0.05985825356290286,0.005161563699751515,0.09318525164653835,0.09125411078322143,0.07871769917639737,0.08475444077599859,0.09542076354215911,0.0282229300311152,0.1530387632665744,0.11749551724151841,0.09466779346760035,-2.2459974220312127,-2.2459974220312127,-2.2459974220312127
Pol130_26,Pol130,2.7969964214388248,0.08975685427615376,0.09995565481108981,-0.014947077632019745,0.04219450888314036,0.07219698697275811,-0.006384530654842013,-0.02643508362723468,0.0005057538065753597,0.05697650886104766,0.043606114720965206,0.06481176613637185,0.030492524350051564,-0.032262885010927445,0.11508351759962832,0.06695777453428464,-0.004737249123896614,-2.864450493509463,-0.4129655571072126,-2.4915600229528763
Pol130_27,Pol130,4.340994803615139,0.0750732486327319,0.22977730968557353,0.10420721727134552,0.16447683116128609,0.25880132558543156,0.22406183233031562,0.08852188442397946,0.2048289615120895,0.1812978503313447,0.11819761561739472,0.1358472828349715,0.1240701686025325,0.06494987417150355,0.2496509304936385,0.13380885613883553,0.1538683668861518,-4.340994803615139,-4.340994803615139,-4.340994803615139
Pol130_28,Pol130,6.279992398564644,0.15723905385213488,0.2536111619457557,0.12796371721401645,0.14772353229032564,0.2325104254525403,0.1569721735653875,0.07600547772911259,0.18899351764353334,0.15346094092688745,0.1350664984678689,0.19311275160027197,0.1271970105228064,0.02612315526473541,0.2665442638706308,0.13812650891730094,0.016367066169300948,-6.36516906434152,-5.792889722778913,-0.7401524828774768
Pol130_29,Pol130,3.01999636340969,0.11369991861618489,0.888558626641724,2.5856944629666616,0.48783741626169475,0.43925304211162386,0.8797532052374892,0.15506296400150843,0.306788219578495,0.25953306066889237,0.3075635210418457,0.5493310343061393,0.5762780954751112,0.10222450825741314,0.6366084649291142,0.43762182670736305,0.3256599615901483,-3.01999636340969,-3.01999636340969,-3.01999636340969
Pol130_30,Pol130,3.870994952498882,-14.104496194143756,0.2273780540174828,0.9451009548067786,0.18649290371320237,0.267561995142219,0.14924079367625254,0.18088085907141327,0.17185108627948598,0.23690780142211043,0.16880752412256328,0.19190489932769683,0.1830886604489308,0.11849902295493608,0.25270190184773433,0.17639886963952023,0.1905219508307594,-4.740553560367208,-0.3445276074511212,-0.32533168296928894
Pol130_31,Pol130,2.757997215702891,0.07496062852424101,0.1852297787259034,0.07913291226962338,0.13985656346280617,0.20637511907561024,0.11460651154200496,0.08286034602203873,0.10423566874588408,0.14906801049301865,0.13153244546578735,0.12903375781548165,0.12927144583868788,0.10681200504593846,0.1963421369824636,0.12050484875932899,0.08138351230287677,-2.757997215702891,-2.757997215702891,-2.757997215702891
Pol130_32,Pol130,4.5009940908302015,0.09812779862562682,0.2207481297456546,0.1422666367159353,0.18394116603391453,0.2503059060926569,0.1207487604951547,0.15396817666642892,0.13852260629430635,0.22878891899494924,0.16117201963888927,0.18352061835922662,0.1673323471134669,0.12343771707165008,0.232938975042555,0.14957331977949906,0.07129227740076072,-5.690031482246063,2.225366876467037,1.1011953467236024
Pol130_33,Pol130,3.434996042776767,0.06938696365640507,0.16289970311872004,0.056383326150597046,0.10015318482000612,0.2212647010817843,0.03606826380208483,0.09602016998209217,0.10116261785638603,0.18758072642286194,0.0975836650038282,0.12076180072629095,0.06692324754855772,0.019468780484379167,0.1885249582376991,0.07654561027635776,0.07369966853639154,-3.8344949451316155,-0.4966212354553985,-1.3095569433476868
Pol130_34,Pol130,4.997994645940472,0.15239075230301857,0.29131775418204686,0.15541401313231162,0.22424113559323455,0.31452463775392214,0.11818368625266196,0.17975599027816536,0.16065129915851983,0.2850732579060846,0.20645499053199678,0.23424877816313927,0.20387998789549222,0.12556238693741317,0.2988415275247158,0.19327397619503195,0.2787884391343418,-6.045111105814849,-0.4330698239900421,-1.254037272821476
Pol130_35,Pol130,3.131995716275699,0.08751245132879104,0.1847446226043301,0.06301784416842393,0.13408329397607277,0.21818987199296958,0.0958750973184439,0.08880788052423272,0.08557182665449492,0.16036797033249295,0.11905797494639714,0.12339948545974178,0.11990233041370724,0.07852417018884106,0.20178614037966502,0.11436763808942674,0.18565260556513907,-3.131995716275699,-3.131995716275699,-3.131995716275699
Pol130_36,Pol130,3.249996542780682,0.0980148819893758,0.19271546869265554,0.06456755802234904,0.14273756716152963,0.2130760237259155,0.10563008524201845,0.07604267196464631,0.060834493199255046,0.15639217925664273,0.13189283019078601,0.12594855583246867,0.135592701675451,0.10063685914029952,0.195967822857249,0.115008980751929,0.11384044792082548,-3.249996542780682,-3.249996542780682,-3.249996542780682
Pol130_37,Pol130,3.700996172909549,0.06600702261868951,0.14237984974570006,0.06909252092595031,0.10008946546275999,0.16887257711072223,0.03524065320473513,0.08356481530158133,0.08469961245908397,0.1534222648331096,0.0939632204496843,0.11119826726914406,0.06205138461193194,0.052519562628916994,0.14850342738955513,0.0650444158463741,0.06422768493723208,-4.103722374291477,0.6742921234572483,0.7756894079369827
Pol130_38,Pol130,5.068994301857555,0.20418139523087664,0.3089345243558608,0.2070028287446135,0.2851553521336232,0.3258414906155691,0.20458593902718292,0.2040056483533963,0.18725605405580925,0.3030151449381915,0.25355766751351183,0.25766682465785706,0.2629460468765199,0.23190909255951997,0.32281971157382916,0.2531048155813522,0.13725550997861546,-5.737185858815711,1.5252195063017044,0.8587952396854073
Pol130_39,Pol130,4.116994616037779,0.1336793429899883,0.29561777302661785,0.0777301974551623,0.17844944721703904,0.33645446694468983,0.15166242533729068,0.1024719764497144,0.09329490821324438,0.2598857398629262,0.20590359585694706,0.19841316406094478,0.20117621287913234,0.1753784709163737,0.2529913062447333,0.1331411367590123,0.1828819740976817,-4.116994616037779,-4.116994616037779,-4.116994616037779
Pol130_40,Pol130,3.6099960503985775,0.052768216291730674,0.13365563348246257,0.03250042478987947,0.09036529997412268,0.16473822860821352,0.04285022542777028,0.06376765793960715,0.07563190446431056,0.13835782506104,0.09254746541192338,0.0986381461338266,0.058301130454097905,0.0506823707933961,0.15267956395842797,0.06635970178580441,0.06634423430415604,-3.9491106513706784,-1.3290888995689008,-1.2763607145952887
Pol130_41,Pol130,5.761992613099333,0.1100465770393333,0.2306050686470673,0.06082011936222287,0.1671296306085912,0.25422538703539743,0.05160185584813348,0.09149579982315625,0.10361566466171368,0.25500883864617574,0.15422364679003575,0.17617066545764448,0.1273951332583092,0.09531288519728154,0.21615337193130557,0.11408919934070116,0.08350328615360247,-7.251525188197496,0.847500453327175,-0.016428173871655183
Pol130_42,Pol130,2.232997192837453,0.0652366111862639,0.1786429762835633,0.05677349605825199,0.10377688947853292,0.23426048472422822,0.021400810464708098,0.09193442598477963,0.08117741426559721,0.1710236238320304,0.12101208442199685,0.12817576936391362,0.08468079308890974,0.003447364963541588,0.2223258504477803,0.11550436165886735,0.04765452658788538,-2.2414710808211824,-2.137166311086876,-2.2235071664471198
Pol130_43,Pol130,2.549996512293433,0.06507434915307497,0.11371636704174293,-0.0023915502684968004,0.06957634353823705,0.09803147869273898,-0.03308027082211984,0.007910979606965629,0.022204563319422554,0.05522067038758394,0.06523913034778683,0.07515697304562696,0.018245220822718622,-0.02337981494620811,0.11798363706304293,0.06608259669202488,0.024295771690069135,-2.7640422633254236,-1.4293953352107447,-0.40633264123299595
Pol130_44,Pol130,2.3199978147677838,0.051579183568131626,0.1154404941553131,0.03722691865941874,0.07799485503212056,0.13266368621104885,0.001749762978978442,0.056706961227595,0.06072454033796104,0.10028210539756488,0.07678389105453931,0.08491210913892155,0.04186302006184617,0.015396669467142132,0.13227840636894372,0.07120266871420089,0.034403049038590705,-2.5959523676773313,0.5749164609028123,-0.819003736048763
Pol130_45,Pol130,3.210995855199405,0.04378334344707202,0.12296293383086976,0.025602879273226797,0.06528225200377724,0.11448737119041708,-0.014003586670948032,0.02995357722319314,0.04486686872514234,0.0793148829166399,0.07018612281602632,0.07923693780829977,0.017748506209823045,0.019986389058187726,0.10725137221083969,0.03137511145459282,0.04921541060114487,-3.496790278050469,0.44004073507527464,0.5768467834472211
Pol130_46,Pol130,2.522997290144762,0.04073474302139379,0.0860036364058323,0.00048248884964996464,0.0664687655922811,0.10286229448756767,0.01661326452293377,0.011356566376405919,0.014515267844401603,0.06391821339806247,0.045965360687728385,0.04308465335536926,0.0323718006152669,0.011307369075362228,0.10874225683164829,0.05470498816382108,0.03808483453515077,-2.522997290144762,-2.522997290144762,-2.522997290144762
Pol130_47,Pol130,4.029995475952791,0.28848224315740545,0.3952406053873956,0.2704145474261228,0.34366660828693707,0.373633966625861,0.2554851037533181,0.27425297141706917,0.27943646640286346,0.34195463232322965,0.33432935255300844,0.3371841276134102,0.2955368642309395,0.2879363313194778,0.37322942287167304,0.30668745410577625,0.25255933648404927,-4.413714723074404,0.5796669080315642,0.7762879558763238
Pol130_48,Pol130,7.610990331144365,0.11680393988970561,0.24321705423404438,0.11753004417836177,0.2152316641395089,0.28368891797222506,0.17071332552812724,0.15070559778703085,0.11718951614828566,0.21663156342184742,0.16885968497997528,0.16360194946001982,0.19043772410033544,0.12234218883262837,0.2783391599199305,0.18096784343151118,1.7033038827717766,-8.449378618677107,-0.20985230495849283,-1.9778955257004682
Pol130_49,Pol130,4.928993999391036,0.07198626851295309,0.18559075630951494,0.02336840481856317,0.13382337820470003,0.27329080918556503,0.13887795278766202,0.07739144760145233,0.07537613785251818,0.18117426438928952,0.11243501530393463,0.09290162636216959,0.11298537267299213,0.07770174603667801,0.20493861818845893,0.09799295069161928,0.41497978873185737,-4.928993999391036,-4.928993999391036,-4.928993999391036
Pol130_50,Pol130,5.640992531620207,0.0656220392870317,0.18567551787586822,0.03626312651201058,0.12085767595906205,0.22218048146593183,0.14152378773264118,0.09124714628200703,0.10580761036544395,0.16702071511326988,0.11428109821692622,0.11902907893884329,0.07329992443176803,0.05389264044173192,0.18152753632241492,0.058445906790558055,0.20405285847732202,-6.2112893385132715,-0.8311673923486955,-0.3934971509960574
Pol130_51,Pol130,2.105997119564694,0.06696874020623911,0.22250796931082917,0.09767702125688604,0.14766262835284616,0.27168300702662185,0.07903511046297496,0.1328560296822996,0.14744005521129866,0.24421077984571316,0.15641499969467798,0.16523494316868081,0.13404595150165077,0.051936308318328184,0.24826392322619428,0.14884958649179492,0.04460299359491815,-2.105997119564694,-2.105997119564694,-2.105997119564694
Pol130_52,Pol130,2.300997593780393,0.03870165117927238,0.13292063814309518,0.05653417804833172,0.0940414618797174,0.14549943054602865,0.04608983569606151,0.05974355868915948,0.07757786376224907,0.1417607347364891,0.08596836845718325,0.10721358515441715,0.06626308546247417,0.027251728594096303,0.14026258910241696,0.07831078447160733,0.025040438953142896,-2.5084293040005634,-0.6429722983468855,1.3622461216097856
Pol130_53,Pol130,2.022997480060348,0.05196920528524451,0.17747706028468313,0.06733164414517567,0.12505455851802338,0.21460380626368591,0.04696027165844274,0.07620137760576373,0.09913737983706339,0.1963280594606247,0.12407076140029982,0.13077374061592772,0.09786180736559613,0.03818285714666869,0.19958352551385694,0.12017054447186526,0.028603290105384982,-2.0294654854428806,-2.1630671252771125,-1.5103745200057057
Pol130_54,Pol130,2.340997045122823,0.03889918115956004,0.11012615214927823,0.04844315430171564,0.07808450668033018,0.14060489536626353,0.03283161721639205,0.07516749414196111,0.073074683972572,0.12280126449167916,0.0721965423970592,0.08857389713475428,0.044437281767895964,0.01994178550551373,0.12449857013526566,0.061377589553210044,0.03213557521448207,-2.581065889783635,0.5316645358133014,-0.6374913121269741
Pol130_55,Pol130,2.340997045122823,0.07360414728634712,0.19810049467101676,0.09335684935701316,0.11238552175952687,0.29796205233007145,0.09010360606934542,0.15346138557259303,0.10920222159889281,0.25226609111931,0.1211147763226248,0.15139598952588962,0.1039049208602858,0.00937771006068333,0.23728463471541428,0.11589868070500176,0.062191771693416165,-2.340997045122823,-2.340997045122823,-2.340997045122823
Pol130_56,Pol130,3.6979954360900615,0.03890925774133214,0.11261239228816233,0.025883540788099957,0.09017117824465304,0.13799832938814305,0.03960098315201144,0.05485213539905187,0.07036675977513607,0.12370281922130344,0.08918100920458949,0.08548765787155999,0.0383261515743234,0.04131918306146565,0.14604386054292728,0.07584706843663591,0.04231290236056795,-3.812683234299286,-1.531899753482552,-1.4818696153769526
Pol130_57,Pol130,4.866993590241727,0.06516755718264733,0.23296757464799622,0.03346140152710397,0.12795038068737163,0.23248078846257147,0.06425607416576096,0.09850181637487143,0.10890985350007387,0.2378032805793584,0.20581038780780148,0.2084474797982674,0.0927171367231816,0.10503349443367593,0.19234797105114598,0.07329414522912003,0.05425179098256283,-5.851927896482035,1.2188669478579843,0.5512338463112716
Pol130_58,Pol130,4.250994926710665,0.054513681895702604,0.15561435863303608,0.03555954633853364,0.11414684311870094,0.1962304058218285,0.06714611710975404,0.07489720554157664,0.101579016419592,0.2032687266847404,0.12054708136099279,0.12807470752819317,0.07097861373989822,0.06434142855770375,0.16709184361231255,0.08132959979098686,0.05451944778154871,-4.741094307966461,0.5680961748924993,0.32717663819084386
Pol130_59,Pol130,3.9299946248287023,0.058667739044603096,0.155053035523383,0.05369792592750722,0.10732709430673815,0.14230901732208423,0.060604066396003464,0.059927900238994525,0.055994193513541735,0.07702143085071356,0.09294104356358002,0.09632187384322677,0.03666248384756576,0.03763383330544068,0.15966409373481127,0.06728822605050189,0.0685259313594977,-4.0529351355951295,-1.5624462832353676,-1.2587413395200602
Pol130_60,Pol130,5.389993121894174,0.07359184797364549,0.19315720671350434,0.06996103036659118,0.11486331532499161,0.14933740978609933,0.07871177181792177,0.10988357398278836,0.13145138854580107,0.08234688666363876,0.12092732302856746,0.1395058107207321,0.05219963241681036,0.052021514502352595,0.16495665262578196,0.04887955765910945,0.06829130482712387,-5.641980036731492,0.2826512518836548,-0.24124490145906208
Pol130_61,Pol130,2.3709970040909805,0.050938137338319756,0.1041793586325741,0.03813588260759104,0.08099381363540203,0.11355380861135256,0.00830070487366763,0.044656594899394,0.05356604180793001,0.08764848469411657,0.07685798330426463,0.07377396674244308,0.03390076859340985,0.0349771811395958,0.11413024650272163,0.06929197731054959,0.03902338941485928,-2.4940857431964782,-0.09063004324883028,0.11919600831556298
Pol130_62,Pol130,2.561996495880696,0.0559802642131757,0.09458070544714037,-0.011867210223622582,0.06404535569651726,0.07648841110745197,-0.016995876964041923,0.007334393499974112,0.03247493705403226,0.03484974237077054,0.06329094822527681,0.057948747571695325,0.014451696634069311,0.008882180933452055,0.09145919822399451,0.053195135863332244,0.03070059612547693,-2.6979686169070396,-0.020704989647392757,0.171660632417721
Pol130_63,Pol130,4.107995369270002,0.05402052380665534,0.18927566109347893,0.04371799401542642,0.0898796992112656,0.13506131192673632,0.00928879932188309,0.06790304369751965,0.09061276814991892,0.09252597863835277,0.13109604198499447,0.13815910966454847,0.049271802212018656,0.056405257474850146,0.13249623764169094,0.037655023853742975,0.06395832247618394,-4.362547776522824,-0.1627482102942488,0.6639594362015027
Pol130_64,Pol130,3.6089958047920834,0.04159347235570232,0.15522107693099763,0.01403100080436559,0.08094328269682771,0.11322187525308669,-0.005899522701110271,0.013518726887462584,0.03269736208267915,0.0663454760339528,0.08955413780985966,0.08815675764638753,0.00848460188248179,0.013473975159667972,0.13049248636372068,0.04064894416650677,0.06516784467432446,-3.7099770256994304,-0.9075276438877964,-0.7129492905149726
Pol130_65,Pol130,3.510995444880986,0.04676229711498969,0.11737771052581891,0.03230037567341215,0.07806331626763008,0.12186696098206706,0.003905996167205661,0.04359796457631582,0.050829962607357615,0.09906313937682443,0.0706457912580043,0.08019006075345958,0.023129827588578955,0.02467865235336708,0.12073720214652806,0.048072544775616066,0.04537556549645627,-3.6552892415050358,0.27413685573636126,0.9591614237418518
Pol130_66,Pol130,4.180995516400077,0.13081789963218693,0.35457565727815243,0.15525738208859163,0.22644878880819252,0.24453560036967303,0.03710451826751182,0.09595748791343173,0.13880386050975968,0.1795537183414586,0.25139120966299,0.2797448384320562,0.11911339598023485,0.12587624178425738,0.25694190590776866,0.18367828665758523,0.005851141893031375,-4.300683979451731,-2.22458996170035,-2.587483534601438
Pol130_67,Pol130,3.398996092014976,0.08120808847126249,0.22767220037058866,0.042751089899423,0.13344906420787472,0.14855647750266598,-0.008732070039778161,0.03230393207498716,0.052985158435407964,0.10229445133458803,0.14655657900974717,0.16562644671093985,0.047226855596153694,0.017470363843290926,0.16445786346629232,0.10088966193852311,-0.007466139927147619,-3.7697718303000625,-2.700587381115278,-2.593407176902539
Pol130_68,Pol130,2.997996887448155,0.05391709099719799,0.10920444438395549,0.025775514269505972,0.07551231957760507,0.11146292485007292,-0.002822174424046864,0.036717015720196144,0.043069093992752716,0.08858323275699354,0.06996088233375675,0.07416176567819921,0.02437250307747174,0.025669858685179126,0.11460591881404314,0.05498135232106938,0.042634129434449886,-3.1296425802324044,0.08885003997310115,0.35611301813847085
Pol130_69,Pol130,3.3979958464084805,0.06409544207820028,0.13970689708397188,-0.003594364022119212,0.07365393729012526,0.09569164486863935,-0.019201603763490116,0.01978204260784322,0.043396433593251516,0.05209308754557851,0.09066404001529405,0.09295764018999009,0.02476815576709379,0.023825553990165282,0.10948540226086578,0.04257771406565647,0.04779375038313871,-3.5657528353832473,-0.14716711201668353,0.4015131749535419
Pol130_70,Pol130,2.9169962573114567,0.05376964739157941,0.12000042859917626,0.015430751916506225,0.07878971689612513,0.10667952809237935,-0.00959731952723164,0.019971718792664017,0.038697205681363034,0.0723851813309393,0.07690036405914391,0.07363082051873704,0.014797411201375787,0.01842971051175235,0.12040289781709479,0.05834647489115152,0.04760842637168805,-3.017276263072968,-0.44997014798274515,-0.3630670054137357
Pol130_71,Pol130,6.28499214475178,0.08729061897521273,0.24175906658323765,0.12514524738372668,0.13152414709342963,0.19602146568072776,0.10749587666685656,0.1524569907349349,0.16187204336896777,0.12804210697117213,0.16177913167143831,0.18039748118825472,0.08528612695350812,0.08382428648332851,0.19975660504009163,0.04749551422699039,0.09276665836345988,-6.735456033954886,-0.14069714839187064,-0.73665977573906
Pol130_72,Pol130,4.983994171140217,0.06232952693037852,0.18406771563164792,0.07021116601352251,0.1157441241493693,0.17645814357603573,0.09006804177567052,0.08163930548351672,0.08534584532805667,0.10630951139736045,0.10916710182463873,0.11339480669045976,0.04773779583654658,0.04653942757964291,0.17520583594413086,0.05504862809900146,0.0819603754862035,-5.153681383316898,-1.220171498031053,-1.2930974583498784
Pol130_73,Pol130,4.98099343432073,0.07028570298436954,0.22573024203999204,0.06879570741349283,0.13152992632377014,0.20256084925578932,0.11299307844970397,0.08167783345424606,0.0772222209611364,0.09200288735972695,0.13424896432899835,0.13190601877137098,0.06172611958230423,0.0632101876660256,0.2020808794700084,0.060620514772575795,0.11124827202400223,-5.139116043056709,-2.1328499493298687,-2.066771972376483
Pol130_74,Pol130,2.425997175840161,0.042583789622243184,0.09624644775637536,0.04448558992954732,0.07695815604935197,0.10997367028456573,0.0352053852907912,0.054559767300313755,0.051242804705008194,0.09949524549185096,0.07273163676519312,0.0737487754085242,0.03795391203920939,0.03954541393234701,0.10560044830458004,0.055869718607640007,0.03690553755175152,-2.520752705072847,-0.6103495230485734,0.010944082495409457
Pol130_75,Pol130,3.665994985908912,0.05364902512118919,0.14419303579369336,0.0015772760683052667,0.093195328207901,0.09741799458329314,0.05668769712226718,0.026278008077708304,0.014030407870467165,-0.01877853693311593,0.072184835579713,0.06930116471436021,0.004002168019743291,0.007289197436671113,0.1417871114642142,0.05193719715513545,0.06302295630796317,-3.665994985908912,-3.665994985908912,-3.665994985908912
Pol130_76,Pol130,6.1739930374922665,0.09186018577414146,0.1491954494153136,0.029597489748807604,0.10920607420273054,0.13481532582237588,0.08728217273502192,0.09360817031679947,0.08102878514409362,0.025587912703983307,0.059741780336292294,0.0833564679908747,0.02003351171655776,-0.014156364915868913,0.15619450124440526,0.0469513803271715,0.05530826219987617,-6.451096348340957,0.6799888905125764,-2.967005535251267
Pol130_77,Pol130,3.384995617214721,0.04508395891821504,0.09994928271637926,0.0032796199900979595,0.07245719904313708,0.10015644472825924,0.04187961647300176,0.018373104069127066,0.03523620780834502,0.022217900171938698,0.0476279912556139,0.04341984701316548,0.02509949620620544,0.0013478835141391698,0.12498091052605931,0.056126967049157095,0.04090256645209367,-3.384995617214721,-3.384995617214721,-3.384995617214721
Pol130_78,Pol130,6.643991406763179,0.07137648899419169,0.2869777253731902,0.0941603058567475,0.16490938144954903,0.17786145082791727,0.11648386130185173,0.10134043942810855,0.12989011619169855,0.09967899468169339,0.2001921195945373,0.19819607379980209,0.10739303673997203,0.12059331494690273,0.20643883827807574,0.10986579199196989,0.06359328780897755,-7.701957637654086,0.35148040455837926,-0.8736358545699447
Pol130_79,Pol130,2.355997765529573,0.048807243791873844,0.12248459406440126,0.01850528491002912,0.08655073362726862,0.08394950226021747,0.03287651718800255,0.025547902801018818,0.015920946333849884,0.0034002423573999963,0.07649167118027789,0.06676009646009184,0.023873417414401743,0.026664322305584243,0.12171522021455417,0.06764268371414417,0.05393115371753554,-2.355997765529573,-2.355997765529573,-2.355997765529573
Pol130_80,Pol130,3.3369956828656693,0.045954691395968084,0.05326418991063875,-0.02647538956661899,0.03584509781591594,0.055496589896562476,-0.0385093077788099,-0.013003489083216913,-0.02074405683603109,-0.013229915217763288,0.009874720801141379,0.016794049654795362,-0.003320074501231396,-0.03228066721510903,0.06653292979398051,0.02088305351128339,0.014389216313146935,-3.6132929154215834,0.4153101610927328,-1.3971966780896465
Pol130_81,Pol130,2.4049964636397787,-0.12790251710332656,0.42715881314637727,2.0730079821934675,0.48509452053861013,0.422571909044994,0.6647086981887771,0.2796870464568171,0.7039853053270515,0.30832667138494196,0.2897870079334184,0.3273494164477109,0.45413017659151356,0.22943470719811332,0.6311632760361361,0.4688712777082755,0.8297107397264702,-2.4049964636397787,-2.4049964636397787,-2.4049964636397787
Pol130_82,Pol130,3.781995321200904,0.27374010472680554,0.23430612558429376,0.14291894506825953,0.1580608853229153,0.127616520941789,-0.04351557395840766,-0.3463305216106254,0.07325813640632228,0.0379705086951212,0.1416467808176738,0.18759524847470965,0.1008489112244777,-0.07982197035084804,0.20125860346596625,0.12993872075766122,0.19881559321547515,-3.924836784026802,-2.688972616908796,-1.5009200498055768
Pol130_83,Pol130,1.752997849346925,0.02649746932262187,0.04683905669180599,-0.020878311760496482,0.03985719419641076,0.04925209366893668,-0.005757561872308914,-0.009624881878789404,-0.010366100880638163,0.03215930397205424,0.02445815371399629,0.014568614282974846,0.004781322194342019,-0.008102137594195424,0.06208576340771477,0.03937677991226818,0.021297722897202,-1.752997849346925,-1.752997849346925,-1.752997849346925
Pol130_84,Pol130,2.2829976183994978,0.007066475845742826,0.015814846217979017,-0.05015601935286851,0.0023422047355081688,0.019464038571928022,-0.03859584744399536,-0.03403457932444365,-0.040588484828325555,-0.003208195177029971,-0.00915439598973089,-0.011938042425669426,-0.027921522696527035,-0.052992271289672654,0.029897415262489346,0.004218369145214229,0.015315536962974274,-2.3859045187438217,-1.6907966947047486,-0.37734931508894687
Pol130_85,Pol130,1.890997660600452,0.031341621754009674,0.03444371685683456,-0.029571409284407046,0.022666602708628414,0.03637930320916638,-0.017633959598970295,-0.016591333224160953,0.012433571503953189,-0.006059265641387146,0.007858522292644166,0.002415704292465959,-0.0013277333804471159,-0.02637803256407878,0.056750231092246084,0.026502803912950457,0.02298295599153799,-1.890997660600452,-1.890997660600452,-1.890997660600452
Pol130_86,Pol130,3.953994592003229,0.009897541358351969,-0.0807519764796587,-0.17181226193337062,-0.0890740199404072,-0.0864671575869096,-0.17527740909629097,-0.1545466890604672,-0.12747189281762905,-0.09317072953019512,-0.13216519333394183,-0.12179820336235503,-0.18132481983583526,-0.22277825792617278,-0.06756207116466406,-0.0978699575336619,0.016810176540069666,-4.461027656329016,0.8137747022645647,-1.3151538957121476
Pol130_87,Pol130,3.506995944300346,0.04291616752837113,0.0909755237905081,-0.013271110570139744,0.06940341215730195,0.1282077771666592,0.06584135222196519,0.028853010604182217,0.060726022117057354,0.06221498044085827,0.03833444991507129,0.03524984052030122,0.020134425496902253,-0.0003399352259969568,0.12176827018536462,0.047833078517540706,0.02551321871790302,-3.506995944300346,-3.506995944300346,-3.506995944300346
Pol130_88,Pol130,5.607993317677904,-0.007703521401746016,0.06607948470780833,-0.06564767518941395,-0.000806864744231639,0.059027827419966705,0.017082861238715275,0.005415848500782694,0.007661436703400248,-0.052752064094329754,0.0038655416536244047,-0.000671275981527053,-0.0316699987223652,-0.06839220096823695,0.05940777269209985,-0.03250190659300323,0.01183165041898615,-6.01286260487822,-3.2221360422537706,-2.1118857217239277
Pol130_89,Pol130,3.780995075594408,0.060407425338239396,0.09963987366589988,-0.0011048637853399157,0.06721294846013759,0.12956514743566316,0.0735161255954262,0.028940439535573237,0.07011499428296863,0.024338124388755045,0.038316964261205566,0.032177382402033494,0.021348945936729535,-0.009961557069006144,0.13583216782587781,0.04539692473163193,0.058588815843268804,-3.780995075594408,-3.780995075594408,-3.780995075594408
Pol130_90,Pol130,7.777991337604896,-0.019975423497365696,-0.16677117219604032,-0.31105163682789083,-0.16522990474572996,-0.16133591176303952,-0.22671552110368243,-0.22926370226092274,-0.16284042929839337,-0.22860324373428842,-0.2558253353795523,-0.24322490809073205,-0.31096228145418703,-0.3753982515181251,-0.11326307061503638,-0.19406320717891656,0.02485199553780948,-9.133263788681987,-0.8229011397433732,-3.1675113918225613
Pol130_91,Pol130,0.9459982121808024,0.032804203044084046,0.03451692000686124,-0.017944850709384785,0.030857058302385276,0.028848565121559866,-0.02312360383180523,-0.020476731740235232,-0.013276148801476761,0.00060222197473081,0.016347717763792402,0.010307419840364984,-0.007259856653506369,-0.019086168018523586,0.04690307246768399,0.035807607212579584,0.0131012776932804,-0.9459982121808024,-0.9459982121808024,-0.9459982121808024
Pol130_92,Pol130,1.838998225670759,0.09475008028138365,0.08817572528375361,0.08779400193394138,0.09925340833009688,0.12758836585156086,0.07505339205881367,0.08116126215652897,0.07486134492859287,0.08784053190788255,0.07038261548828495,0.08626710853468889,0.1114486991581296,0.06652566850009012,0.1253925674460048,0.09756499372771721,-8.856418526455181,-2.1506048900811883,2.4327360484003253,0.13419817202985596
Pol130_93,Pol130,2.1619975369203703,0.04334367988676879,0.0842206800857368,0.01846527479820148,0.06552364467209282,0.09079266417273812,0.02685459410099611,0.015899904180914692,0.04152367742810448,0.04110876073986347,0.05297300734879906,0.04397642789530076,0.04736540815390944,0.023597794363154012,0.10755085315823143,0.06721057736056846,0.03186606017656146,-2.1619975369203703,-2.1619975369203703,-2.1619975369203703
Pol130_94,Pol130,3.722995648871084,0.06531826090817194,0.11739460361619214,-0.009385712029247983,0.08389289594426952,0.09486032966691704,0.005989470717480128,-0.00018508238933412358,0.02021992791313032,0.06510946881626722,0.07029652033646938,0.06878059257786884,0.02532458870962717,0.008351383981299865,0.11419574407553901,0.08186943604790642,0.022719344559280152,-4.564331955027199,1.1248201935810425,0.19421110420658172
Pol130_95,Pol130,3.3199959530912704,0.07135292786766811,0.06866856494630769,-0.06367296800196964,0.030894845347595457,0.05416589280970463,-0.07500760302571852,-0.025640814511945997,0.003345117725173097,0.005301005278782522,0.010947725130787678,0.018924795072445377,-0.042465834756891585,-0.08377568185051709,0.08227546169639854,0.025806484845955602,0.03548172577946174,-3.7064743980412636,-0.980447220983049,-2.8958659334363857
Pol130_96,Pol130,2.4039976998786257,0.06359368931348763,0.0963346176128872,-0.03234409014003736,0.05601242027199316,0.11801416316079916,-0.030928186979317207,0.07467937425690652,0.06442337452385072,0.06326664600081155,0.05923291476171011,0.04521895513856444,0.004578309383484136,-0.0040538842621353766,0.13470818821394337,0.0601209846676225,0.02737147065114698,-2.460536183377536,-2.0368116663017513,-2.848039536689305
Pol130_97,Pol130,2.026996980640987,0.05194757036702358,0.07702187541034489,-0.014199931246494213,0.05762540889483825,0.09953999723088502,-0.01319405461817258,0.012918727727416979,0.038354306668920035,0.052657966941072054,0.03946331963635341,0.03735080095122667,0.01950464111441308,-0.02149179571852322,0.12296026650768566,0.0670063791094857,0.02127542555067663,-2.026996980640987,-2.026996980640987,-2.026996980640987
Pol130_98,Pol130,1.885997914413316,0.05067807338560559,0.10138474640614059,-0.001423460679535804,0.07916225280599432,0.07861782275562312,-0.020189550097139408,-0.0017303507885888525,0.012112603820448875,0.044328217941789205,0.06055205352083992,0.05901093432088467,0.014502820351087076,0.005407550047491938,0.1088643608539619,0.07731794807116632,0.03696401555199991,-1.9502068947051614,-0.9742398212453339,-1.2815840985415652
Pol130_99,Pol130,1.601997808899639,0.045570597093397947,0.0896329719471538,-0.00149903475338653,0.07659717851846048,0.08825426311551676,-0.020987079218638627,0.00976447168801542,0.017891800691440585,0.05609199536776166,0.05158748190585061,0.04768933959791943,0.003350748728323971,-0.005285742324423692,0.11048401778213468,0.07768040738005788,0.02902603981576002,-1.601997808899639,-1.601997808899639,-1.601997808899639
Pol130_100,Pol130,2.279996881580011,0.07309439242668292,0.2210689493485165,-0.006653485616822774,0.12396584672616351,0.0955790245765531,-0.019756258471089527,0.003730841980930766,0.0106426131831725,0.037057691982678165,0.1320023386104463,0.121968912018938,0.0323864709137891,0.021081028237814436,0.14244727364825716,0.10408081586331841,0.040022784469283756,-2.781712108083993,-0.015245723521287502,-0.6201026277207198
Pol130_101,Pol130,3.444995535151038,0.060363266397490456,-0.02640485401004078,-0.13141775064777006,-0.0422216266318034,-0.029475385770229234,-0.15383688520174,-0.12196535551853493,-0.11774179997795331,-0.08020236007627402,-0.07301333561111623,-0.0705828128416992,-0.10357165380588551,-0.14500627244038444,-0.012540412533828427,-0.046689834845587974,-0.03262372319076956,-4.000867523838101,-0.606987495723005,-1.4227138924027734
Pol130_102,Pol130,2.464996381576095,0.04092693831474348,0.011936264256367846,-0.08943203380889875,-0.006902880155848834,0.00943342749140541,-0.09251219754618711,-0.065955306164581,-0.056140007225604194,-0.05038733537279638,-0.025728243434191,-0.028482253023993653,-0.0526173644480914,-0.08743776634454248,0.02797012719935177,-0.007885047256721123,-0.016429305278473194,-2.588106914864651,-1.2154500883776451,-1.5963373280736528
Pol130_103,Pol130,1.7469978575532934,0.032984099135557665,0.03207809885476309,-0.04167838214988562,0.0277638543611598,0.03512862566168229,-0.03683630431724172,-0.031007910142717643,-0.018729043346247476,0.000852653815602844,0.0042111080628854936,-0.000987353596330287,-0.019491304548442834,-0.04049231311295132,0.05429422063786027,0.029966172918351797,0.014655318611325852,-1.7469978575532934,-1.7469978575532934,-1.7469978575532934
Pol130_104,Pol130,0.666999334699604,0.05732666893772154,0.11787072048383918,0.06868975539654831,0.12100660159862309,0.12842560849270546,0.09520233953440715,0.09815713914843482,0.14542296731429538,0.13700282570675926,0.10678088630632365,0.10014459012216848,0.08450400889664833,0.0692727133544977,0.16343716841061673,0.11542863935861547,0.04440799162041176,-0.666999334699604,-0.666999334699604,-0.666999334699604
Pol130_105,Pol130,0.6779990726803715,0.025062746654542,0.04805535536485861,0.0300624928414317,0.05579799728213286,0.05465490178410004,0.033308030511619124,0.029457307203308192,0.0330006957877258,0.04226104370514017,0.045469831610413736,0.039046624787097195,0.030857651052446644,0.030203564518566206,0.06321344774693294,0.049889287161027474,0.02019359105141394,-0.6779990726803715,-0.6779990726803715,-0.6779990726803715
Pol130_106,Pol130,0.947998703393794,0.03140593382961443,0.05987307197516145,0.04784937886257046,0.06515525788475518,0.06626516004633354,0.05003065520691241,0.036919880350938405,0.058633360160670556,0.0720375403951361,0.04995389561771857,0.04966938131267917,0.034390370350485644,0.03697233767581276,0.07659628940832564,0.05164645936897605,0.026329840006965255,-0.9527155444405874,-2.6364896802433373,-7.800892343283928
Pol130_107,Pol130,2.261996906199116,0.039589276587074895,0.07751147708564332,0.001645737429568861,0.059955758939022274,0.09455210578002093,0.017407237265480102,0.02063143632937603,0.024535506082343783,0.05935235148650264,0.04314866906895842,0.04228712418371883,0.029227917559817573,0.008876550005296302,0.09989771467554132,0.05339740786189173,0.030611101614774316,-2.261996906199116,-2.261996906199116,-2.261996906199116
Pol130_108,Pol130,2.772996454264298,0.038931633591027914,0.10537550417130959,0.018935316157410842,0.06269480189276777,0.12845672724770596,-0.0038880658185069805,0.04487620436581974,0.04748869770576292,0.10317822389396447,0.058397450358502745,0.06473352466844462,0.007426712502327071,0.0017805853990360276,0.11290179667495881,0.040946646923489816,0.02432055847938175,-3.136609846037385,-0.701176613563181,-1.0372301276044187
Pol130_109,Pol130,3.656995739141136,0.07558819004501816,0.1677733442626579,0.05623173343605048,0.11962507720941273,0.17726426730029532,0.04048490385708803,0.07913187493864493,0.08784038369681291,0.1372138404862251,0.10956364368332716,0.12273724874558312,0.07834145867786813,0.03286214328996584,0.17052201919825505,0.10413727422835972,0.04220649549878086,-4.047594069809932,-1.282629298199598,-2.148520206657123
Pol130_110,Pol130,1.3619981371543748,0.04460858309116156,0.08876846342393274,-0.020234894554775673,0.059194386824190204,0.04717751020074057,-0.03347784999534875,-0.027563212483167954,-0.0014705832990851153,0.011931522349754253,0.04860156355100531,0.041827752106329275,-0.002836251995916861,-0.006369564039723663,0.08605816827273238,0.05109313834307572,0.04619437248121705,-1.3619981371543748,-1.3619981371543748,-1.3619981371543748
Pol130_111,Pol130,1.459998497065472,0.03215811854354267,0.05436623830321552,-0.006398015460987949,0.03492590926721961,0.037258037476666006,-0.021504539632706043,-0.0028810037120379217,0.006571687749438837,0.020255936732805013,0.024504387298266428,0.030557132818366917,0.0006887617038984217,-0.0050821367717994725,0.05375008700601458,0.02356845383909434,0.022615446487765478,-1.471558387899665,-0.06442014655721318,0.11883920194038877
Pol130_112,Pol130,1.4059985709227871,0.03225177116808564,0.07253603318082757,-0.005351832623825548,0.04918022416861745,0.04545412407975413,-0.024739852575429877,-0.012457281036313717,-0.007372773274974209,0.027879586477294493,0.037373325008154046,0.03707532591924867,-0.0013195832986288014,-0.0018256334382540373,0.06683374412649479,0.037398960947869764,0.03472782806496455,-1.4271949288657133,-0.8558268808386679,-0.823408857093705
Pol130_113,Pol130,38.52694162513366,-3.256770060360921,-5.744254924200085,-3.6290836991012014,-4.020098231302136,-6.699867350118048,0.14649523170513845,-6.388250089012338,-1.778821970245076,-7.674032478106149,-2.999536520997495,-6.143715973975347,-2.0197700229406053,-1.4078271700207097,-5.450108621923071,-0.05401325797186729,-0.32098711512009714,-38.67689508030815,-35.178953978597235,-39.74780956602409
Pol130_114,Pol130,33.52689906892922,-1.710538535313507,-5.245228688295871,-3.0895734503423284,-3.4967252736089804,-5.783790555866776,0.11401317918995346,-5.381425092137761,-1.2904353800455013,-6.534967597149109,-2.8031179215567015,-5.442328931822718,-1.4414946946967007,-1.4383383604330646,-4.091463904622078,0.20052331273152646,-0.25975637068023616,-33.563940913875165,-32.39900980942683,-33.78841197039052
Pol130_115,Pol130,43.72688511810296,0.31665553058873286,-1.3306526601502284,3.6199999873866133,-1.8595380839381903,-1.4409464126244345,-1.9235982578867663,-0.7749606579444617,-10.417550583982873,-0.2149861199741565,-3.8171595096673343,-4.177899938217074,-5.4081872206797,0.03559392245649917,-2.6573932526476725,-6.119250702313664,-1.3722978481119767,-44.08949857491133,-33.707634200475106,-38.61681363620088
Pol130_116,Pol130,2.0999971277710627,0.04181026634416618,0.0708004959041797,-0.015618649909372007,0.04827407572797515,0.06201522761933553,0.0006330443539015462,0.014047301098706555,0.05445870543660103,0.03710244369490878,0.047311172665536194,0.0341918030999393,0.020668482486752016,0.016265919992871858,0.08465515711082228,0.05462081934632623,0.048971180225849675,-2.0999971277710627,-2.0999971277710627,-2.0999971277710627
Pol130_117,Pol130,3.170996403856975,0.030108281849528407,0.02340189441302032,-0.08914396300399963,-0.012408824689615017,0.017593949732243708,-0.09390765122994127,-0.055039737044746406,-0.016476193849740195,0.032967502441062724,-0.018933686096075597,-0.008697543065935953,-0.06922766525711,-0.08048598525254302,0.02192093815476115,-0.02603542997650088,0.04766920126715268,-3.845384668894903,-0.3138557273551337,0.12258892011711842
Pol130_118,Pol130,4.210995475368235,0.06682589035650732,0.17060218699270635,0.06226951226644939,0.12346942846065012,0.21506910564276893,0.17420751665769973,0.08987955116515423,0.1722336988134412,0.12139514152014907,0.1015526396405928,0.09080629714558786,0.08316975531823978,0.06640148985728533,0.1906219176215327,0.08823914819792122,0.08784301095476899,-4.210995475368235,-4.210995475368235,-4.210995475368235
Pol130_119,Pol130,6.677992348157321,0.003004293398512381,0.08332282992812079,-0.033185482021649726,0.020096342012092094,0.10315421791667223,0.029144045094668947,0.03623867611685938,0.14114650991897726,0.06981121603888774,9.276359623733299e-05,0.02036692704148546,-0.06523557386497547,-0.07713271748009909,0.077773319012306,-0.04067754377132804,0.05732964880808655,-7.746609650626243,-1.5007475547380258,-1.8710466495998217
Pol130_120,Pol130,3.9799950503907473,0.07104055457419634,0.17694744885769165,0.0574976738430335,0.1250801946580502,0.1837829047368018,0.10297372928146675,0.06250305120918487,0.08714169361192603,0.07788164228208494,0.10666382041232936,0.10130724570769178,0.08008633158143841,0.05962234366624308,0.19786843769335505,0.09632824578572485,0.07962038307825825,-3.9799950503907473,-3.9799950503907473,-3.9799950503907473
Pol130_121,Pol130,8.156989584364842,0.15378279754998836,0.5064421328438318,0.2929291125368625,0.33773463331013254,0.38930151746812314,0.2777049302721384,0.2861538196836797,0.29980280049753105,0.28600370878803183,0.3891315497853256,0.3991291156270691,0.2890812051982188,0.2951290605203578,0.39381551465677767,0.23415720054072864,0.15726531628503615,-10.18022527560407,1.5959045863082046,-0.45644896596690643
Pol130_122,Pol130,2.7479962414832766,0.08325718422097639,0.17857984962437756,0.08821958785277806,0.13153066722922357,0.1937038595462659,0.10005479036429277,0.07058236827399034,0.11108594335246158,0.11199431462811749,0.1304767787972887,0.11655424912623458,0.12581104054872405,0.10183715391127945,0.19856668324701543,0.1235058819846615,0.07708458860846434,-2.7479962414832766,-2.7479962414832766,-2.7479962414832766
Pol130_123,Pol130,4.77399445836311,0.12634717225656011,0.22889072179999648,0.09678169030260797,0.18080217310585134,0.21948352298115203,0.08001431392260994,0.09584279309985888,0.10824569035389864,0.18384899533859222,0.16576529556046005,0.17283725438651132,0.12007274263375223,0.09581256350500755,0.22512550092766848,0.1597353705289688,0.0737208707707726,-6.20313016058775,1.953069317500633,0.8180598885468164
Pol130_124,Pol130,1.9119983728008343,0.03614843165960657,0.06151288201876248,-0.0011484301472559633,0.05161445148336008,0.07248891051354889,0.0035214572580828385,0.012422013104354868,0.024595965399800024,0.03881071500719324,0.03666144653346204,0.03222657978210974,0.023267935614645685,0.005179049474778985,0.08238022819071644,0.04761613641142781,0.027008227347666836,-1.9119983728008343,-1.9119983728008343,-1.9119983728008343
Pol130_125,Pol130,2.63299615179778,0.06228670168151984,0.14015145070743973,0.026471981588230165,0.07568821458164399,0.11191488770383096,-0.02104724215701248,0.025684528944680984,0.05069778200746722,0.06908155532654181,0.09169984986896607,0.09047851295733311,0.024398583602336377,0.034741567714233756,0.11097243405090618,0.04494644381821056,0.058885644325773256,-2.901097196081746,0.3362615770930537,0.2007103379882742
Pol130_126,Pol130,3.28799550291012,0.05636332126405019,0.11232935984244907,-0.0018964656551658798,0.06598405395394114,0.07785319063448748,-0.01280936750679551,0.0027894256706728626,0.03176394768454571,0.046996576850105054,0.05995783353874584,0.05817280262254032,0.010284747622518964,0.0003377125769041811,0.08665831566436388,0.0382207923762401,0.039312458957258656,-3.627192631478311,0.133071715948049,0.8231760121681369
Pol130_127,Pol130,3.890995419092769,0.06904895459088944,0.1345681537691239,0.03354601497307952,0.10340079709327199,0.17981155942208327,0.10379822798922689,0.05946526819031073,0.06591010982580991,0.09751816746420472,0.0712284527858218,0.0660114680872419,0.06271347319812914,0.03479580319130271,0.1635948366591511,0.07076196805437407,0.39120187001137063,-3.890995419092769,-3.890995419092769,-3.890995419092769
Pol130_128,Pol130,4.570994982986131,0.07712412260327373,0.232878219347751,0.07524188287722566,0.13651974422188395,0.20439981916416183,0.1017609870125673,0.08125402569995455,0.04624157658905048,0.08805065750689067,0.13316780995777133,0.13692132410614555,0.06991879792749156,0.07017841731623342,0.2088809194308645,0.06549460052666589,0.24041799227290994,-4.8400306290652395,-1.8807705851298842,-2.0800256995353665
Pol130_129,Pol130,6.672992601970184,0.051546582913206684,0.20089303218280108,0.06700104447394306,0.1484343734604856,0.19885771756482917,0.08970661968533467,0.10150344228610297,0.08925080409383046,0.10754048021794382,0.11454205129225237,0.11880191199672652,0.10001507696371803,0.06300065473939043,0.19893788529132816,0.09120194991041597,-1.9098809401855057,-7.307127531638301,-0.719230981717284,-0.979665575215023
Pol130_130,Pol130,2.45799762602131,0.05054218820012668,0.14326302957199388,0.04249132251748655,0.10412749418521638,0.10559481722302211,0.07349034159056655,0.042748867075141916,0.03921110958443608,0.038293847246516854,0.08650864939543856,0.0837796829966373,0.030948636400901286,0.039120717132122174,0.1317265672748027,0.06725947811389155,0.06632601639243507,-2.45799762602131,-2.45799762602131,-2.45799762602131
Pol130_131,Pol130,2.708997035747341,0.03353015916703006,0.09826709210556661,0.03806919954668819,0.07253529236342082,0.07908015851256822,0.05123539550270095,0.04415691652501286,0.05675556582038732,0.03829844109022451,0.050919021666900655,0.058451241405006016,0.014506821355546595,0.012205515447550663,0.09493338471704371,0.03647725304989713,0.04138914374299896,-2.756614796425047,-1.5695133913103478,-1.3172762658432484
Pol130_132,Pol130,2.0609979220351287,0.04006583802567887,0.08724601552840028,0.015682665644322302,0.07111790714010313,0.10083661189940152,0.03650763099910925,0.027862545216338575,0.04035064868730842,0.06802944508926556,0.0550226958001101,0.05251689533368742,0.0514043258318444,0.028477807432583102,0.10798859028583196,0.0666916351608915,0.030047135010705883,-2.0609979220351287,-2.0609979220351287,-2.0609979220351287
Pol130_133,Pol130,3.2949957403102488,0.05170054672757285,0.12354781819232397,0.04615933425165686,0.1001583712590901,0.14181852669447936,0.05304784050904443,0.07081946352157242,0.06982262616375223,0.12079677226186636,0.08445866444490191,0.09421083678283937,0.08017716870713221,0.049320703088871376,0.13729800931207015,0.09104279966998519,0.026578403274589046,-3.6828069759069164,0.4807712855509094,0.6628926880124255
Pol130_134,Pol130,2.63299615179778,0.045155087659762394,0.11941213602582668,-0.014848386689801263,0.04536625062018018,0.13443893688517417,-0.050835149044274885,0.007270822362996032,0.023053808897614214,0.08487550750181194,0.07451385214231276,0.06958775367440406,0.007689888250128618,0.003909700746493883,0.10753233007898677,0.024982726974306146,0.043964876878571424,-2.905440906539054,-0.05103970673411773,-0.4521530556595379
Pol130_135,Pol130,2.8919960445304347,0.05216658706740729,0.10132384265867245,0.008320413411799343,0.0754740879437632,0.14101536652730484,0.04872559397241494,0.07208184752510371,0.07268718138988994,0.13283409840157834,0.07923456686848596,0.05777300076486691,0.04023373107922312,0.05175463408062608,0.13762742355788982,0.07462395323965243,0.003002065987430136,-2.987404834039265,-1.6394955555042359,-2.697875692817094
Pol130_136,Pol130,1.9299983481817289,0.03735732106878009,0.06848022247542707,-0.0026605051134596103,0.05550162824485261,0.09446912244533334,0.006970896842725116,0.024222243957041867,0.03550619989219195,0.0689763443057112,0.038597625686606074,0.03636389195289835,0.02565222475234341,-0.005716070200226131,0.10960528354742016,0.05974504053046714,0.016860062868168102,-1.9299983481817289,-1.9299983481817289,-1.9299983481817289
Pol130_137,Pol130,5.188994137730188,0.007860448651142882,0.0922713976161118,-0.16232845180764155,-0.05059271910396035,-0.02710443323874312,-0.22295667210019499,-0.14811444307296906,-0.08873452908473123,-0.08431151718133645,-0.01797404318445306,-0.004111083622143852,-0.15283086028378268,-0.16640693469030587,-0.02182076544683209,-0.11917044707042113,0.012756064066636874,-5.695492020927778,0.015335239145342072,0.7991502063341924
Pol130_138,Pol130,4.086994657069619,0.05199143301831022,0.17804342154635222,-0.038973273495003014,0.04990529110350117,0.08951234971215705,-0.09746911831528049,-0.03338449375595065,0.007703669445550787,0.026361139535250544,0.09066077983741483,0.09513891652900686,-0.02797190535062466,-0.01737078384812385,0.09405331658831528,-0.005034865935422239,0.05417045091579009,-4.432137263550175,0.13295777710351242,0.8393648561599854
Pol130_139,Pol130,2.9669966828735013,0.026800951230528725,0.060656079069679514,-0.058439534778681246,0.02096277699701732,0.05250029863331518,-0.04230668448489405,-0.03959283305198458,0.00801796876935379,-0.014119022450088448,0.008142443725286608,0.0031996004641587916,-0.030130657695295326,-0.05629797191190056,0.07849838608195947,0.00937118999586195,0.03727767190227382,-2.9669966828735013,-2.9669966828735013,-2.9669966828735013
Pol130_140,Pol130,4.004995263171769,0.054966681997982825,0.07393519160620876,-0.11042637401715982,0.010561259953167479,0.010850071605450928,-0.12950928193739086,-0.09384185737287698,-0.05262907104932202,-0.036551049043024975,0.002614864273191131,0.006271613983736657,-0.08348227646541595,-0.10755737328240489,0.04359470456326342,-0.01616441352957132,0.02546240334942862,-4.326379522917483,-0.6072167029667943,-0.33084487690760067
Pol130_141,Pol130,3.5199961734941048,0.0831038131710482,0.17842751590575912,-0.02099804486392376,0.07531612320097603,0.10653875274691238,-0.06550141701246437,-0.00924182491840897,0.02296638005457252,0.05594736737203876,0.1013011704305824,0.10421373739570239,0.0016078022502949985,0.009022956265059445,0.11728746606831342,0.03483107116186979,0.05710732766855431,-3.922579739556434,0.6544477289488868,0.6135501096915656
Pol130_142,Pol130,2.4009969630591383,0.045000679382240616,0.0635530867205607,-0.037853442920865454,0.04165674709943534,0.06363784827066254,-0.03018400417156375,-0.020524743531155742,0.011032634976523958,0.01432084980664916,0.025029256973502445,0.019224868658668903,-0.0063064373893539916,-0.02712251172399327,0.08569422701254537,0.03938715286866268,0.030355155816030877,-2.4009969630591383,-2.4009969630591383,-2.4009969630591383
Pol130_143,Pol130,4.43799491791974,0.06754784535479796,0.18912732834616275,0.04082661736107429,0.13790734411953132,0.2678717008404412,0.15335232170082236,0.10067479441113836,0.1277890076433339,0.18990292618387183,0.116257880168817,0.10539387894905516,0.10587251515551976,0.08793981560669106,0.20750013619305285,0.1049143539143369,0.08901395326804717,-4.43799491791974,-4.43799491791974,-4.43799491791974
Pol130_144,Pol130,6.897991553308699,0.06561181446413222,0.21536814210000532,0.08323140016874575,0.1634484303550332,0.26759015013042475,0.11998116451389862,0.13724495914065749,0.12378180138493278,0.19671452466637174,0.13108907732356112,0.1481846822609656,0.13772255793157662,0.07714798059754813,0.22949353637581105,0.11535439884056409,-4.8860823442005366,-7.495518177424132,-1.130371731649273,-0.7968039955043631
Pol130_145,Pol130,0.2049999665899702,0.004372925607581013,0.01787787132383381,0.0062118956776748,0.0210030831527466,0.01801775752525392,0.008879217294580105,0.008763929727888115,0.007281491646538102,0.015476985499262824,0.01635957258616552,0.0124907707644909,0.008386651902626524,0.008612781502245898,0.019770484197148802,0.020394933823692202,0.0054226767030225165,-0.2049999665899702,-0.2049999665899702,-0.2049999665899702
Pol130_146,Pol130,0.7619989577912138,0.029654096259707274,0.05444299789268359,-0.001257493978285562,0.04784167324967048,0.03979792038314911,-0.011967975723526147,-0.005922343103777039,0.006003251817935484,0.01820298817710031,0.03380859788056234,0.03007642222265816,0.008652791320841291,0.0014815489802112447,0.0617218222299073,0.04791724740526648,0.023918868756474643,-0.7619989577912138,-0.7619989577912138,-0.7619989577912138
Pol130_147,Pol130,0.9319992192258906,0.028654887916502614,0.04387255049287342,-0.003215011644560617,0.03448965399230863,0.03038523875345467,-0.010337501266741378,-0.0005248696127503338,0.0017986638245566233,0.01685243437140438,0.023654845415139625,0.02411436562293945,0.0025207671225584427,-0.0003151885241213792,0.0450258707739738,0.03171030487926518,0.018269905405964404,-0.967570202425642,-0.3745046540657786,-0.6074025424830873
Pol130_148,Pol130,2.31199733176116,0.022957637177118073,0.06191416577906361,-0.04379030810322648,0.0456589151077309,0.07069143208260042,-0.0007595939415110387,-0.011652935422467703,-0.0024877219918395532,0.04393760354128018,0.02565844847522225,0.01891012480414167,0.004990262375956789,-0.012912800326734253,0.08142591977176483,0.038148922856820366,0.02447411914776554,-2.31199733176116,-2.31199733176116,-2.31199733176116
Pol130_149,Pol130,3.4749954941191965,-0.00032615412335923466,0.04815700997351691,-0.07637430897467024,-0.005205870867680318,0.035392394196582355,-0.05857912464293058,-0.034716524534142756,-0.05127095979181151,-0.004692856035940718,0.003929409300336584,0.009521449115206693,-0.01890953205560031,-0.05597166954071753,0.037409630273551375,-0.020449169383767174,0.007228186715463991,-3.9676258433293112,0.021979935876554002,0.1276506300664284
Pol130_150,Pol130,1.58899757970588,0.02106650613617389,0.05103919912930155,-0.009642960369786957,0.046160964298885165,0.057214048736822676,-0.00016003931345820455,0.0070189086762384445,0.014121986093865058,0.030237647011839286,0.026374476120016643,0.024499941790336877,0.011598107128555801,-0.005880851491388839,0.0687336179904412,0.04089211497215861,-0.24901559370325366,-1.58899757970588,-1.58899757970588,-1.58899757970588
Pol130_151,Pol130,2.29299711077377,0.04404859373445236,0.1464986388316447,-0.004788286861892033,0.06026872473932343,0.08395691163418206,-0.04441757325255846,-0.013728259781753849,0.0035626525301570844,0.015936950269371142,0.09113274762994816,0.08116200314111754,0.013979580801857239,0.02790048047711924,0.09520885960198422,0.03327513355429357,0.04750251000651451,-2.364250298748208,-0.7096734999074037,-0.4973061460363648
Pol130_152,Pol130,2.7699971992901538,0.040035756533508327,0.1142830246300024,0.007085888060316403,0.07460765293222238,0.08745999396071813,-0.0005161267650497514,0.005631605073083357,0.01783860237237045,0.03666455839942806,0.06886224214588621,0.06671282546391843,0.04211360005053422,0.023868527488094315,0.10283991861293629,0.05686670409714134,-0.09542280251827462,-2.9817652726104296,-0.5770629743261968,-0.1867954794810407
Pol130_153,Pol130,5.624993047452303,0.1230182065928167,0.4010627756514218,0.2259221410377119,0.3793693008877481,0.24432962396846936,0.25134438325946906,0.20676025063571402,0.1639768566006543,0.14684968798367937,0.3565469561167909,0.3072696711428424,0.30900017023014836,0.3990762140046007,0.3077248940698638,0.30418446908359,1.3895381394887218,-6.224315533330954,-0.9206380515191821,-1.6482876658713508
Pol130_154,Pol130,3.920995378060928,0.15270979362068715,0.14731839575029504,0.024716883917640153,0.05198609828556,0.24150819023999315,0.02647198144488483,0.1009800544275512,0.07425615927519225,0.10533712440514975,0.04182360291451692,0.08124972836819122,0.009028883743171345,-0.04547664807071605,0.248427815425889,0.029191464032706893,0.14176959171912173,-3.974281272056282,-2.9208903010736105,-2.8556162483333134
Pol130_155,Pol130,3.435996288383262,-0.05212183529982717,0.07467107589782573,-0.054192269584261155,0.04716387725868998,0.03854576107918639,-0.016986985979843272,-0.035431514989329393,-0.04171483550593447,-0.030706799296499554,0.0329541657626784,0.007195840999860259,-0.021112739751285137,0.0203567021332014,0.04657351015155875,0.008447111216220105,1.1558971936482458,-3.435996288383262,-3.435996288383262,-3.435996288383262
Pol130_156,Pol130,1.7379986107855174,0.029006678000792485,0.06339986390479946,-0.03858206621245297,0.03152625964320688,0.036170363026942765,-0.04854584621975233,-0.026435380020982224,-0.022720393696774588,-0.011512160125457749,0.02697254888025169,0.02325104257287447,-0.01179074705192562,-0.025023181434442154,0.06274059079136207,0.028782919361815207,0.010107130666619835,-1.8186929395470028,-1.1609543673919558,-0.5448199186555549
Pol130_157,Pol130,2.7019967983472144,0.035711583679366665,0.07243304492616964,-0.012854119223101979,0.044076452371411445,0.04974554817154875,0.02584871735090477,0.04409719823951663,0.07866287090306967,-0.0014773997986599063,0.03496769726618254,0.0345920495696439,0.0014745843242831569,-0.02153210335979061,0.0731966397919166,0.030697167169064787,0.10513042628459734,-2.9380681014575,-2.5034546152761696,-1.7525612646785027
Pol130_158,Pol130,1.4769982268398711,0.01957902976191006,0.028314508081228373,-0.03879145102147974,0.019766038654399853,0.03581768380614481,-0.03690861837825099,-0.025443877327889775,-0.009064151616391625,0.00048545253326892635,0.002995105782108931,-0.0010773015315144185,-0.019168558624126142,-0.036144282513435044,0.04806780283743506,0.019582586169968774,0.013179559220598547,-1.4769982268398711,-1.4769982268398711,-1.4769982268398711
Pol130_159,Pol130,2.933995987085856,0.04818012667017513,0.12365658561983972,0.014785408330364014,0.07855232488494446,0.08504162225293088,0.022384607578274096,0.0172258594933572,0.00802700793112221,0.00935903870693,0.06661191187709647,0.06417309079412892,0.01506355059000386,0.014506525155888017,0.12057538463547424,0.051595928365929744,0.055811561946701005,-2.95371159894332,-1.8345834542289292,-1.9076680762955147
Pol130_160,Pol130,2.792996920858184,0.05793956018511892,0.13013299045580995,0.004956624363354756,0.08331112336039226,0.08445036600691092,0.018443936481822742,0.007834516497306598,0.0024975024160429626,-0.0041038226902525565,0.07231672011871204,0.0634533584330561,0.009784624898349747,0.010196877123416215,0.12792504099640523,0.05848902855745397,0.0612101705384398,-2.792996920858184,-2.792996920858184,-2.792996920858184
Pol130_161,Pol130,4.20999522976174,0.07041284536557679,0.10008116673676781,0.003137511076086952,0.06624308044424243,0.09119424402671683,-0.007147532754388841,0.01990859245143284,0.013304452273078304,0.019848725589277194,0.03428930837191846,0.05489007037878313,0.015652584234557843,-0.0153905940703023,0.10591993414016088,0.03225517941984357,0.024335564997797654,-4.3977088275951255,-0.0140614830513357,-1.1896130116330577
Pol130_162,Pol130,1.515998914421148,0.03641383019194144,0.050480839856430926,-0.022152698712322838,0.0334997813971496,0.03728619246747922,-0.030616110256808993,-0.01929184812499618,-0.010036686698298602,0.006411352102323686,0.022433804906293986,0.020283054560774616,-0.007031356201769867,-0.017056188147487994,0.05750404587979974,0.03279368206176314,0.022236150374910668,-1.5426848427675446,-0.45480406358655023,-0.6297946859265866
Pol130_163,Pol130,1.3449984073799757,0.04110461162876655,0.04997819787177149,-0.032464267734677366,0.035817091096554954,0.03228792816740622,-0.038039859004336485,-0.03212285053941111,-0.021891597580881994,-0.009618065354384253,0.0231375332440793,0.013541991869193026,-0.015218848065397195,-0.0276435285188541,0.06326294138079636,0.03964291940894116,0.022173450496297153,-1.3449984073799757,-1.3449984073799757,-1.3449984073799757
Pol130_164,Pol130,2.3509965374970943,0.0062286405969356196,-0.0009544565495351875,-0.04039154755962704,0.00020834745831077583,0.024801645468774947,-0.050325097803608276,-0.03352897365842944,-0.03177580245921785,-0.020886906467277644,-0.03192176419809156,-0.014601363037698434,-0.006522638586602181,-0.04775705985921874,0.03075836742376481,-0.006711277559117601,-0.05990140639056207,-2.551939042291744,0.27446403387353646,-0.1025352445324601
Pol130_165,Pol130,2.0059977502859483,0.04190451166662479,0.05952187462673031,-0.03372176176221342,0.031827963427347505,0.03874136470961442,-0.046196232181196395,-0.02857175648920629,-0.01930874116308834,0.0038142698975263123,0.021584262914261743,0.02204037492223998,-0.017619437479752253,-0.025531009825507933,0.06370779133986781,0.025919549608211856,0.026176064499773943,-2.0551185741011917,-0.6228978760330839,-0.18902391167838584
Pol130_166,Pol130,2.7859966834580567,0.0933135794315838,0.10225710884373873,0.029892080641757968,0.09087327660317834,0.1158417778960521,0.02210794707974495,0.04715231877622239,0.057775668060733754,0.06997392254810952,0.05488132780273691,0.07893434500383645,0.07127112998969709,0.031338954396398666,0.1283938969647851,0.07461358035859744,0.02091327152014566,-2.9560902140420504,-0.3580061132366734,-0.16951767790276406
Pol130_167,Pol130,1.8549977098386623,0.0454516048801894,0.06263241620299076,-0.04620586416453021,0.03492309378970693,0.03299180467603735,-0.055173844018969964,-0.04608865027506992,-0.030114357440833572,-0.014689532894699875,0.02360772272015854,0.01582329274167127,-0.027639379360094196,-0.0368878725532682,0.07187424099417483,0.03334122385261096,0.029716450901029257,-1.8692887791705206,-1.337610111244881,-1.273627006604026
Pol130_168,Pol130,24.43897076615524,-0.39352575826950087,0.11932609705457864,-11.967212076729902,-0.20785053670145714,-0.12188868835119848,-1.2148237206648709,-0.6530265151409864,-2.236067076198477,-0.39140671951697925,0.5492538859166487,-0.4611868164361894,0.4914619180241857,1.2228859605666784,-1.3010226642896292,0.22718961928006465,-161.65673576890927,-24.43897076615524,-24.43897076615524,-24.43897076615524
Pol130_169,Pol130,43.91794746544515,-6.5585666044450335,-6.056739678858293,-2.0854386152802817,-8.305765993016394,-15.190893646954187,-5.789740785510425,-5.624129749966777,-9.505201250780146,-5.635480685180092,-5.303443599349897,-4.0277377620542225,-3.5351130960189607,-4.609332421945155,-6.9838413990717,-8.641300234145291,-4.285903227042233,-42.58416920577353,-45.335023428716156,-44.91818939407386
Pol130_170,Pol130,4.297994615453222,0.027011373284316242,0.20304422710812187,-0.02397773948722115,0.11975088586166827,0.22098166862561364,0.18427606309107247,0.07614758663311694,0.19067200396835204,0.1473558863962925,0.17783981603818688,0.14622553474886324,0.09364877286660533,0.0920886861078678,0.1758769636871742,0.07868509860829676,0.06229272387759455,-4.50741028824042,-1.7879594767232558,-1.0504614848747051
Pol130_171,Pol130,4.664994360471247,0.04282873865443548,0.26490667644910104,-0.018812619353970383,0.15394965361917556,0.23019281928110846,0.13380604074101665,0.1039501171389885,0.19083767428577936,0.17826673569803209,0.21837243534007023,0.21631222576039466,0.06457422631766985,0.07864301418618691,0.20866160642481546,0.0806598057016199,0.0649284673791124,-5.204350637721532,1.0760186931653664,0.4847460137168902
Pol130_172,Pol130,3.774995083800776,0.055294466337178605,0.31197260377631997,0.06642342109448673,0.15323733056112365,0.23547115232602112,0.08911017710273761,0.041430913857690044,0.06511435901552476,0.18419841439028595,0.17383468432605076,0.19270983765415162,0.038748477517062785,0.07265487723564457,0.21848683387515466,0.06927982619279804,0.1503026957727558,-3.774995083800776,-3.774995083800776,-3.774995083800776
Pol130_173,Pol130,3.975995549810106,0.10011139687574744,0.3847469175590801,-0.006748916490741053,0.1884241927228265,0.23090410497500358,0.10568580273220896,0.0785910013676343,0.15393379779839478,0.1224573281847503,0.2152335905928222,0.26386656925310437,0.03367078620281827,0.04832920047421574,0.2445123354728791,0.05436386741119659,0.1500415575392049,-4.2591253658348,-1.162822929649507,-2.03366500374153
Pol130_174,Pol130,3.720995157658092,0.042418563875298076,0.22018858499887273,-0.14027548117991673,0.079380676804651,0.1281870313896687,-0.061230145937389846,-0.012957403843977033,0.06474360123430678,0.07265309895955863,0.10212137180885339,0.14333830728918295,-0.008788972923127414,-0.05974341052656307,0.1545026782557768,0.018985698877819868,0.03390392943296039,-3.9178971439119765,0.14646812519271135,-1.7002152232534766
Pol130_175,Pol130,3.8729954437118734,0.009948516937030583,0.11602434119296356,-0.11032279309844473,0.024628565946907433,0.1113458590997185,-0.05217962731997483,-0.03713682249801176,-0.009589317577980427,0.0825061850179476,0.0439988037318666,0.05702111244315855,-0.027171857119631326,-0.05292040182346147,0.09756291913990589,0.011719618469008264,0.02840255637517375,-3.980921880522726,-2.843166152414473,-2.6886532026968633
Pol130_176,Pol130,3.149995691656594,0.03168540989136526,0.11939465024615314,-0.07866850194463204,0.04729753966222994,0.13519615986225242,-0.038273694233835975,-0.03485181696904016,-0.04770415803965289,0.12975452740162208,0.0500404354031434,0.05713373267754962,-0.02032291614400572,-0.01924828192819783,0.12027130992881974,0.03788307981902994,0.036650574222723,-3.149995691656594,-3.149995691656594,-3.149995691656594
Pol130_177,Pol130,4.373994767837974,-0.30923371838041636,0.17020252406423797,-0.16207165756689168,-0.09953778365814969,0.11006924033618137,-0.0666556356727872,-0.12102454132947926,-0.3979221618608575,0.1783971286991095,0.13291929478289344,0.0801507827554575,-0.23198512031476692,-0.03027633238867722,-0.04460577725099135,-0.19047863224624884,-0.04803046992479043,-4.373994767837974,-4.373994767837974,-4.373994767837974
Pol130_178,Pol130,3.809995442492621,-0.1511266505515123,0.4495838142658455,-0.34692287585967696,0.10216517355601562,0.5940489168584948,0.1982332074549653,0.18070297638702382,0.12624516052883816,0.34140910422934656,0.23455323639400927,0.38564218795449534,-0.2255301053232821,-0.07337422555402107,0.33886033002858884,-0.14659220395334893,0.010230599056513245,-4.090346218002917,-0.36038235734337,-2.7274646779711755
Pol130_179,Pol130,10.59098733108646,-0.04875428052189612,0.09861523865681576,0.05341895353645576,0.05386351086131036,-0.8789729478818415,-1.2563989663765351,-1.1871671462253381,-1.1005236505402838,-0.11712662767077653,0.5368413637054488,0.1841769868887706,0.7061273728449766,0.5954187089049618,-0.4487932455538477,0.6155125281534684,0.21433431811645676,-10.59098733108646,-10.59098733108646,-10.59098733108646
Pol130_180,Pol130,18.40097798878619,-0.1633887167292265,-0.019649705516492588,-0.1011660048350933,-0.08138339340296596,-1.34790178196819,-1.9854064536385856,-1.8809511749310026,-1.717681476807659,-0.026125382046302548,0.6404679295377775,0.12128858696857137,0.8701391295538095,0.7536512793536971,-0.7568233258384467,0.7876744491372563,0.2621932704245751,-18.40097798878619,-18.40097798878619,-18.40097798878619
Pol130_181,Pol130,32.40096124204714,-0.9616414486844356,1.1238336090782397,0.9744191363131094,-0.03667359647057822,-3.902111606827191,-4.461760128792395,-4.198243575184115,-3.589545968835175,-0.838174089758116,3.367910567804664,1.3213784183532624,3.3400222166638116,3.7958378587075217,-2.671453866946578,2.216190716659007,0.8557692568637236,-41.818930764465804,-36.07225216914795,-33.26539439158758
Pol130_182,Pol130,1.0769992678795448,0.00856210238722288,0.08546454103624423,0.024163266517436277,0.07080079227910807,0.09525894602522822,0.021180904591404204,0.02919205688927029,0.056802392035983695,0.09141503919289762,0.08050273011104081,0.054748554420764206,0.02927266928259753,0.057579175392180826,0.08741998417572527,0.0697291217015863,0.005272922876884412,-1.0769992678795448,-1.0769992678795448,-1.0769992678795448
Pol130_183,Pol130,1.505997940201533,0.0156995586687958,0.040203945972383304,-0.00997637562301601,0.037670286821736676,0.048783830533610795,0.006915475839265106,0.0023291645287131235,0.004759094507299277,0.03070087183878134,0.018680735139513738,0.016344754147650686,0.00796462232359385,-0.007788282740177177,0.05825489686833185,0.03736206300701572,0.006845854314419864,-1.505997940201533,-1.505997940201533,-1.505997940201533
Pol130_184,Pol130,2.183997012881905,0.024663241141042125,0.07287211567646201,0.02451742756828912,0.06963872917594394,0.09327327323862677,0.04837958309448265,0.040779198349141677,0.0443255506119864,0.07071573434449663,0.0518379137735252,0.05214524850728974,0.05777714989411109,0.024951015504132812,0.09563296380005548,0.07424548993812774,0.004235364400782871,-2.1504226541784175,-2.0693605198267093,-0.7922648772010976
Pol130_185,Pol130,3.4979952156872267,0.05160126309417734,0.18180390054489237,0.036634921466649484,0.11161599945874912,0.14097239298855557,0.011381313179904762,0.03864282194087565,0.041149066947777424,0.08517098748086571,0.11828208078282865,0.12019514310514134,0.07328317955271801,0.07151459713960628,0.14066831833060922,0.07261442275465146,0.013500655761426561,-3.7511107283144063,-0.7645552453863882,-0.39295609538117215
Pol130_186,Pol130,2.067998159435256,0.013826209782040522,0.05483420508857728,-0.0194456636818634,0.049178297757832556,0.06588877131407012,-0.001219558741382798,-0.0008058274663387266,0.00584943634109214,0.03914650116211682,0.02150276138957663,0.02070789955555119,0.0019578140584468606,-0.015154832341351288,0.07819460779804066,0.03987230899218197,0.01584242781709211,-2.067998159435256,-2.067998159435256,-2.067998159435256
Pol130_187,Pol130,2.8719970597818905,0.035565473699616934,0.14035090708207365,-0.0008942936642899468,0.06534389677589969,0.09590206688878133,-0.026584009089976046,0.005139187817376101,0.01943736535343632,0.0339280346023112,0.0800239458700096,0.08022458773025276,0.014797114836350378,0.019799972915168773,0.10217694100994956,0.03037738497445419,0.0441270278205903,-2.967027776855084,-0.6106218927721558,-0.33338094647383176
Pol130_188,Pol130,3.1209959782949315,0.033049596664960657,0.1015244844982015,-0.011570841164803447,0.049292103491612504,0.07617425985551529,-0.040350055930521656,-0.005607895516769101,0.0123028727507557,0.03252324519770866,0.043305448316128814,0.05234025934578668,-0.013524209683782207,-0.013653426587320272,0.09395818217224594,0.01926221125824945,0.03972623610968373,-3.2110483202382145,-0.3535440968764014,0.6869304643668404
Pol130_189,Pol130,3.720995157658092,0.0456698807085818,0.18071133595823863,0.011679608647204631,0.07837835662650461,0.1048331487897256,-0.017662411000011424,0.038057937573873435,0.0585281491399976,0.04779247599551972,0.10479699174983681,0.11845486392076854,0.029482202211537523,0.035864213746704454,0.11804231814315491,0.024490161607248595,0.06357088218384055,-3.904246310380735,-0.8331936876878916,0.7942217607977211
Pol130_190,Pol130,3.1569959290567207,0.028756838890025893,0.1405158364543282,-0.022689719510923467,0.0547097300282795,0.07302682033825603,-0.048631496800288776,-0.027548245846662045,-0.006813673070538151,0.0050099708831434775,0.06881986138265583,0.06488156104418152,-0.020586684594659843,-0.014531123581336125,0.10457219578974142,0.016679206618281484,0.05829037520916547,-3.189800248054667,-1.6401929866516274,-1.2898781295980368
Pol130_191,Pol130,24.319970194492583,-5.138578795899182,-2.880506638772271,-1.797007667651183,-2.696556943807135,-14.35011472765541,-6.0963184913188755,-8.339414131911674,-0.13501274021565024,-4.107168334357077,0.7010378162179656,-1.4624135751161838,6.5006923521897555,-0.6895950056946383,-5.244300228091699,1.3571692968848197,0.27148634909782743,-24.319970194492583,-24.319970194492583,-24.319970194492583
Pol130_192,Pol130,30.433963594961945,-1.7061243912670534,-2.8070317706114842,-4.399867314665862,-2.652504918091953,-2.7145646051368963,-2.6655748040480134,-4.175441835489426,0.6760160834264433,-4.473870673530975,-0.3232959686930208,-1.7109700383111992,-1.6284164413756805,0.41639677891771143,-2.6781408409610137,-0.10813202604542127,-1.54205345052182,-30.433963594961945,-30.433963594961945,-30.433963594961945
Pol130_193,Pol130,55.11493407163845,-3.6994351053193952,-7.248840002990526,-1.1654647721263416,-8.163849862099077,4.099605838397231,-6.715672043438033,-8.695402600354669,-5.828417143845236,-2.3962410617500396,-5.070053157056293,-5.790733807601654,-6.431646738057189,-2.421743609840668,-0.6504790445910587,-6.43200238728641,-27.876172364811815,-53.45447687006256,-54.41142973323483,-55.417262216688684
Pol130_194,Pol130,4.180994998703852,0.0562824935373083,0.379695222437725,0.05610466049938889,0.17065130709071408,0.2675047119792362,0.08019945355512093,0.027742110386239638,0.03315088976827063,0.21729979708213065,0.213076548824092,0.23444474832903506,0.030498387701039853,0.08159240040128513,0.2378974653736643,0.06203208026655904,0.17381786725940618,-4.180994998703852,-4.180994998703852,-4.180994998703852
Pol130_195,Pol130,4.842994206821986,0.14059985883364767,1.1311838229981381,-0.08047662800586153,0.524931286147643,0.46201211767704553,0.1456974135526643,0.2057269804698727,0.7664572583114788,0.05751277963098378,0.6610239652818066,0.8203964311522185,0.2883843358063718,0.12404767314874121,0.5248868110415188,0.0876683503857052,0.28581967207372916,-5.163631890541173,-0.9952299496329728,-2.690015867113427
Pol130_196,Pol130,4.457995384513628,0.026952247740491764,0.3105521066990127,-0.1130579832107168,0.11013430235299726,0.18484835176587833,-0.05468172319052833,-0.002874779930235327,0.10792012898996362,0.10405829184592452,0.16814839930981496,0.21078775801826666,0.04291305560462888,-0.021705329696662723,0.181091725623574,0.03966959258653091,0.06208589084168814,-4.555042707881383,-2.3289258139774405,-1.9430282315827294
Pol130_197,Pol130,4.094995140076243,0.039981817380989604,0.4689324778642767,-0.1889336511870492,0.1796516682997762,0.22022740937613694,-0.05998672948382655,0.01426009403007189,0.2165954063558848,0.07642054254455033,0.2566670236206541,0.33149354510174067,0.048182645877390406,-0.028674003817816818,0.23822531010439008,0.026636910930268876,0.07583067030720692,-4.307599785745149,-1.0013141075318739,-2.799540308611844
Pol130_198,Pol130,3.466996492957916,0.02780060416170249,0.1648096535204573,-0.09740643636089974,0.06087361392727475,0.16373205564530657,-0.04832712583585819,-0.03977332175482573,-0.04501460872956908,0.15961134011159617,0.07784755965467172,0.09010212417497732,-0.0320988446835595,-0.01701840107626884,0.14213860531104627,0.04118759492888291,0.05012413745348665,-3.466996492957916,-3.466996492957916,-3.466996492957916
Pol130_199,Pol130,5.809993050100296,-0.6541789154923068,-0.2329495587233925,-0.5068538461497605,-0.5809016548510346,-0.17305335816129652,-0.3433914815298129,-0.4041916049303662,-1.073022494480921,0.12622011942387612,-0.2043795760414593,-0.27872375067712785,-0.6116351408624761,-0.25366575148803694,-0.5028528723424914,-0.6453471196762726,-0.23933274724843212,-5.809993050100296,-5.809993050100296,-5.809993050100296
Pol130_200,Pol130,8.16899022827356,-1.343299397802193,0.29203548789248757,-2.21155703378831,-0.8208896294857642,-0.16257983168511636,-1.0201385597300465,-1.3923484737626355,-1.8987987629929632,-0.28303904773831157,-0.2505718243801489,-0.1965585516325099,-2.3751527647633974,-0.7304674260209074,-1.2394368593866467,-1.637356779348579,-0.3317725020650144,-8.58951424929036,-4.751160841947614,-6.3831775449601
Pol130_201,Pol130,27.51196709024397,-1.1704619931231228,-1.33672504277747,-0.8927789979169596,-1.4262581484391852,-0.5898009040355667,-2.059435830297204,-2.1855260580666283,-0.43577789213575713,-1.5086339123367907,-0.03083401361145377,-1.258513252266372,-0.7800402054259195,0.7321385123121935,-2.0449137478934105,-0.06884335743683323,-1.2346604273731678,-27.51196709024397,-27.51196709024397,-27.51196709024397
Pol130_202,Pol130,50.34693977511071,-5.879146801741619,-7.182992885744525,-6.312853295751232,-8.832479396425022,-4.637938328463662,-7.56933959972757,-8.129551228760711,-11.580561574883333,-5.50441774357364,-6.026131046890306,-5.662056463673984,-5.9920930520713895,-4.299366301761289,-5.237359590095032,-8.340462289926151,-44.31418631218369,-48.93041017702572,-50.93450980329614,-51.105427438350944
Pol130_203,Pol130,2.2839978640059937,0.01761602921406702,0.03096908589644931,-0.0247798624028448,0.02308848406038111,0.05948127208294807,-0.017930476802573203,0.005597226304700165,0.011426953974309484,0.027549579542281766,0.0014034557763755728,-0.005551733574343132,-0.008836243746055406,-0.025650298350349487,0.062396654625525017,0.021584114691147516,0.006101034326192245,-2.2839980256659795,-2.284000111594889,-2.2839980765809504
Pol130_204,Pol130,4.825993893292805,0.00463817594647864,0.010844144229808172,-0.10367019667208144,-0.007117895917148509,0.009060002436674708,-0.0999017156397013,-0.09945982934819231,-0.065155702401416,-0.013585854499848615,-0.04452278421896594,-0.034148236764433904,-0.06525883890899387,-0.1093262520004803,0.01985909855654988,-0.017319363779186858,-0.19003404577756466,-5.830312753012051,-1.8801083981970677,-9.674574629076146
Pol130_205,Pol130,0.3930002034055417,0.019140996297052792,0.033261796917722575,0.00875474228703238,0.03326594607449718,0.03119284446296061,0.0028558123631095,0.005276554905073894,0.008645678460766693,0.01803642873440181,0.023574677593090898,0.02101790162159417,0.010257926243068205,0.006050374580868989,0.037928424247243575,0.03454033315382471,0.012060878563324884,-0.3930002034055417,-0.3930002034055417,-0.3930002034055417
Pol130_206,Pol130,1.3289989232120722,0.005246621613899993,0.07295420992298185,0.010806208984118548,0.05899374494483367,0.09748467772782177,0.008309003205601684,0.05886126798653546,0.05620876480322767,0.09671648910164765,0.05254682860459736,0.03921496241503197,0.006430319698089271,0.02284175685516976,0.0905377867538264,0.05559113167635488,0.00877491464619351,-1.3289989232120722,-1.3289989232120722,-1.3289989232120722
Pol130_207,Pol130,1.696997431991249,0.016638752239760413,0.09080837170756273,0.011144366091084823,0.06167988601562513,0.08736663771879272,0.0026293863770430193,0.03892229796785007,0.03276552694344814,0.07237288198963654,0.053251001494177164,0.06370038212629536,0.025853755699089653,0.01902541234128141,0.08213750188213043,0.0481614554740486,0.01792351958142513,-1.7674602721949497,-0.25405939556931867,-0.11286348417614844
Pol130_208,Pol130,1.5739983411444725,0.007841925538653705,0.06580904806528531,-0.0014130877008646792,0.05153591369916799,0.11409023663836604,-0.013543177328412703,0.047329547513341064,0.03390639966415532,0.10051386598383472,0.03079837722158496,0.03205053656101864,-0.01493314825929204,-0.020179769867183284,0.09855575553830964,0.04688647576651839,0.01339682139586773,-1.5739983411444725,-1.5739983411444725,-1.5739983411444725
Pol130_209,Pol130,1.860997701632294,0.02426995938395482,0.07490283655821495,0.010196874192540895,0.04836269007511884,0.07055806601116887,-0.012555971949744782,0.0212167652499331,0.03442208184200357,0.052104053211762036,0.03920844228514242,0.05067970346608108,0.01126143186971107,0.003744623198098873,0.07309083605980082,0.03121507215392083,0.02116625062656996,-1.9743875537566689,-1.1462811615440482,-0.6930023460461336
Pol130_210,Pol130,1.9179983645944656,0.014880246367125372,0.11274664748086805,-0.0003073346962807477,0.06495402327618272,0.07358695787875491,-0.018109335554014505,0.005414514686610028,0.0039065888672003,0.039114493308147535,0.06518726574719835,0.06682781671208482,0.010816878260828888,0.009543084014449477,0.09061736186837566,0.040418961774090434,0.036905790972798336,-1.9650631638238356,-1.4164755335820045,-1.3247497308773695
Pol130_211,Pol130,3.4329955515637747,0.04512515446110754,0.134375662266204,0.014358933086923376,0.07950159574036242,0.09798998663858871,0.021338424629573804,0.017399828169442078,0.013101291306211849,0.017635441445793987,0.06768758334261493,0.06862825912844261,0.010516507978973522,0.008093098194139614,0.12892765786217453,0.04336294394927842,0.0600350877556135,-3.4579029103173324,-1.9227420015280385,-1.7399928318866473
Pol130_212,Pol130,3.4279958053766397,0.04501223787043873,0.13799506962590913,0.007949952008618588,0.07819490463215883,0.09497294973093418,0.01720274277738687,0.010808728270257362,0.006170700455562894,0.008988577477007098,0.06950432570135723,0.0675522910565145,0.005983098730124592,0.004398413299805171,0.12942629891357038,0.04151523069570873,0.06236379148413551,-3.447677091430456,-2.374179261509709,-2.2649770141452947
Pol130_213,Pol130,5.001994146521112,0.07435292375756042,0.1566824729659091,0.029125373985327663,0.09328646194967671,0.1169516797265242,0.02655629845692964,0.056366581671372096,0.05424991332407103,0.04032353082848328,0.06987967722181043,0.09614420045884042,0.024629306666154704,0.008445036579515453,0.13883483121519102,0.035012745267185785,0.05625014078957946,-5.222519914857012,-0.36297142548914696,-0.6418897880923078
Pol130_214,Pol130,2.0919981266097825,0.031944584629268746,0.08509304247634653,-0.01545075686664088,0.04611784262680052,0.06125652276352067,-0.03665848277620132,-0.00974935680903144,0.0007809324433631915,0.011646859822690647,0.046327227298954554,0.04244701528167294,0.0009150394606289858,-0.005319083839165462,0.07993281239329164,0.033786962951829924,0.031190555027963196,-2.1366819298140194,-0.7022798430108683,-0.4095464894321117
Pol130_215,Pol130,2.4149974378593937,0.037538106249600744,0.06225484196891973,-0.027868769026550222,0.04140349988593117,0.04929654893962265,-0.031702154737649035,-0.014616477941117534,0.0011703614180342825,-0.0016297335631150212,0.021715850723279306,0.025226490528831302,-0.00435603255058048,-0.02238564487182515,0.07377959779485588,0.030800600053050964,0.021473256371464355,-2.528458094927829,-0.537174344260638,-0.1783667953042425
Pol130_216,Pol130,2.0609979220351287,0.033012550531462015,0.08018072506222307,-0.011995389842799575,0.04617015175745198,0.06244199897164915,-0.0333355927738328,-0.006176183147013514,0.005622417615667619,0.018064732027532227,0.04332160039009514,0.04128302578053811,0.0020708789068550892,-0.004383891290685948,0.07878453043829792,0.03519308605770499,0.029837077484105468,-2.101958472592845,-0.5109691005706578,-0.1781703162943009
Pol130_217,Pol130,2.6519963727851703,0.03377555270322308,0.10081186505325634,-0.030563653007117608,0.04104844963752674,0.05724664936109436,-0.052572909110576216,-0.026753976739234187,-0.014118429699718327,0.0015114822799078276,0.0466105561897856,0.04387092056680686,-0.017817412061310378,-0.0197691520585761,0.08620620465942785,0.019955863039040178,0.04236490772447565,-2.7016914368415477,-1.204819749868278,-0.6149402450458017
Pol130_218,Pol130,3.234995822373932,0.06312453699348808,0.11371770078297505,-0.01009299678111475,0.06455392495584089,0.07953656696245881,-0.026191320072921798,0.010782203079676034,0.03018059592321709,0.03084950092952088,0.05164482939605497,0.06942978895986274,0.017263350047535653,0.003139286487120696,0.10490768563937136,0.034358214322805836,0.039858018074285795,-3.3762622736610965,-0.4997089117472795,0.20214434508016277
Pol130_219,Pol130,2.4789968563763494,0.039348032142481504,0.08284226750265056,-0.026749679421276262,0.04443283623606176,0.05863365658557562,-0.04944354807718021,-0.024568403064430644,-0.00465477260252678,0.012409565661416266,0.03497629203428554,0.035398025206403894,-0.0199216324378253,-0.02311679026822766,0.08597785227614496,0.02978123861700821,0.03474470771399485,-2.5071970481633423,-0.7386664618400878,-0.09532445181561622
Pol130_220,Pol130,1.9999977584923163,0.025405052929435845,0.07835138702342381,0.008764226104814865,0.04828148496775575,0.06210858386453144,-0.0130710614094256,0.009997417801231867,0.016835541302260504,0.04154294146095361,0.040470974530132375,0.04758116484811015,0.00444079413247267,0.0032330901675357016,0.07308194501115683,0.025703792933176706,0.032773322917247105,-2.0179380897253894,-0.3772682730041024,0.018801651244962914
Pol130_221,Pol130,2.2419979214505723,0.014552165818543905,0.14859011537156608,-0.008723178987519287,0.06701230647582213,0.06637629845464721,-0.028471139131637457,-0.031845893694834704,-0.019816125039524568,0.023769836604975225,0.07911424102372999,0.07157179639134359,-0.007685146309962754,0.002424002603262032,0.10063848918790974,0.028870644640112797,0.0746090132857189,-2.2473311041184627,-1.9832477116346605,-1.834548206165741
Pol130_222,Pol130,2.6639963563724343,0.04197326932465728,0.17932077230356702,-0.012145352567099366,0.08346953264628976,0.09143578502918226,-0.07283936687202885,-0.03520716343894126,-0.011051454397092098,0.0319923000257778,0.09874231988450921,0.09598386480569054,-0.013577556191142204,0.007170946053442151,0.12059450035808794,0.04831393737396805,0.07489220873087366,-2.7353198153771316,-1.2928822186887758,-0.5634647920667679
Pol130_223,Pol130,3.7019949366707015,0.08644833813609853,0.34833323563223617,-0.02335106704771661,0.11464607681483141,0.1092668300825217,-0.11817568420856839,-0.055083599642045566,0.01783030418355569,0.04493103261411857,0.21028511613826595,0.2057567449827844,-0.006925256113337497,0.044607545877967336,0.11523362851297314,0.006382307842180079,0.0785539745397803,-4.257259422980218,-1.8098908141426542,-0.7208748524000121
Pol130_224,Pol130,1.4879979648206385,0.018901826441408476,0.07166826452220021,-0.014388125563498111,0.04639717044316849,0.09191590286254447,-0.018708297460022116,0.0037810765953376624,0.02239749969988747,0.04081713360026051,0.04584384933053265,0.03672131309142945,0.01551254976632599,-0.01301801129341773,0.09679650868782241,0.0522729835883573,0.02035538485503774,-1.4879979648206385,-1.4879979648206385,-1.4879979648206385
Pol130_225,Pol130,2.192997741495025,0.06090458447521474,0.12148094030808831,0.04261979842270991,0.09985948312348292,0.13336608086701673,0.053402149749366856,0.06203923355082974,0.08109961744104188,0.08410302152530402,0.09465657589101939,0.08928755388452458,0.07632407445137535,0.048671803070091,0.1391627634485504,0.10103517918424876,0.07819262367842361,-2.288887167785397,-2.6799130153691206,0.4984229884469209
Pol130_226,Pol130,4.694994319439403,0.2134571544756385,0.1766842728463507,0.05384329491280937,0.14731291310640504,0.18601160018670448,0.09869015866653807,0.08559020147396179,0.0871590311920194,0.09395936791006587,0.10365389621459009,0.11173617698951332,0.0649377230050705,0.024684728002724476,0.20775560591497566,0.12405920293352946,3.0559768072679834,-5.127523030321482,-2.008509552109817,-2.8201666464010886
Pol130_227,Pol130,7.050992084968978,0.054331118639675324,-0.12447663874498271,-0.24373258855174118,-0.12649832005826767,-0.05022122058529366,-0.1434864918390666,-0.14345478041454296,-0.10495940184772312,-0.1624837490440063,-0.22055089637910097,-0.19416649150434218,-0.23387446396030143,-0.3229950138206732,-0.051125294369588126,-0.15077820806074183,2.755603884043066,-7.630955733267484,-1.7322761863478595,-2.44358812258496
Pol130_228,Pol130,3.3889965996407043,0.03604351704362818,0.056711406810652676,-0.04937627237747222,0.03261215613631885,0.06971934130242285,0.0017103456624973923,-0.02250952722746824,-0.020087598935374373,-0.014601511374005227,0.0026578375952692745,0.001348775516307743,-0.03059714265659652,-0.052768216548122915,0.09081192823784257,0.015718230137767186,0.13201788763260902,-3.3889965996407043,-3.3889965996407043,-3.3889965996407043
Pol130_229,Pol130,3.516995436674617,0.06471722442107897,0.11644874177612685,-0.007999297451630305,0.0839981067902178,0.1592554008402738,0.04838995591797568,0.04259949707160349,0.0630809707790867,0.10270877534008083,0.07132832916519538,0.06066141381878598,0.05398421856158642,0.03855198478285882,0.1345373314574032,0.07617989089305288,-0.1309432785516642,-3.516995436674617,-3.516995436674617,-3.516995436674617
Pol130_230,Pol130,5.421993572075325,0.01842467233539491,0.07970223734781179,-0.07397431212764793,0.01606809364154671,0.07683812643196752,-0.02466072215827353,-0.03531044821310214,-0.05488799604971284,-0.011148367017271177,0.009365855361813225,0.008189566468099763,-0.013257773961167452,-0.05897803732174278,0.06594878602590004,-0.011741697952212249,1.5385782365125458,-5.7060231430055115,-2.9919989203450807,-1.7653424698719826
Pol130_231,Pol130,1.2099978511005929,0.021168753486305425,0.031226334187857585,-0.020479102644880953,0.025871834230073443,0.040768529104925566,-0.01722734122900249,-0.008961904301890478,0.0017488739440574275,0.009388972095230042,0.012908651129165616,0.008230169078036642,-0.0004110639644339109,-0.01807880955454788,0.046772077281865165,0.02694409745101911,0.007398926396628536,-1.2099978511005929,-1.2099978511005929,-1.2099978511005929
Pol130_232,Pol130,2.262997151805612,0.019051492797808933,0.051513982421093285,0.012871308620315158,0.05754272203938804,0.08427550833824471,0.04863712787115171,0.04033434836460348,0.06303444083990106,0.04454101094584617,0.04910183452492012,0.037875670578720655,0.06119961991605338,0.04823495498547414,0.0824116433169757,0.055019139322085575,0.01925052984797393,-2.245734856133011,-5.109756748221683,-0.18747630196069887
Pol130_233,Pol130,1.7449973663403018,0.031789731798548715,0.022545091429907904,-0.0481122582154927,0.013426704263346023,0.037425486009903475,-0.043084949652272275,-0.031161429351063363,-0.016763523633597455,-0.00416635642059493,-0.0063485218583969605,-0.008698728566729486,-0.027025006186978118,-0.05382003009015146,0.045607346800111914,0.015171725315129114,-0.002970708641914621,-1.7449973663403018,-1.7449973663403018,-1.7449973663403018
Pol130_234,Pol130,4.585994221547539,0.11907308976325304,-0.06661754280811483,-0.22711710102929317,-0.16593793061896456,-0.016664832676224428,-0.15571230864688346,-0.1824207926695749,-0.10585562212222044,-0.08972188274747772,-0.16487366929509495,-0.1498166387987787,-0.2514510761517226,-0.31126546711464176,-0.04489013370694206,-0.14904667194751564,-0.07388838150526222,-5.492523570465647,-2.822727956409209,-1.4318407120285785
Pol130_235,Pol130,2.1259975861585803,0.025675193361859527,0.036664706616162945,-0.05780797229136425,0.013578148885561081,0.034518105511650354,-0.04179144689031489,-0.03822316330405018,-0.02973663506506341,-0.021984953926643236,0.003329558300865898,-0.004569862822574322,-0.03255895765975625,-0.06007771477249113,0.054439145037681325,0.018617164004270048,0.013689425095656294,-2.1344628947715814,-1.1387446381159239,-1.7686295982765576
Pol130_236,Pol130,2.420997429653025,0.021347464152695395,0.06669074590048174,-0.010544811314381786,0.04826103552464778,0.06393866272294702,0.016374390875550926,0.016284887419959482,0.0403435360286708,-0.003489449620827312,0.15676708600717504,0.14629577403057903,0.0034630728239548603,0.01135538087857757,0.1463252627105951,0.14453297119119934,0.1215158244446708,-2.420997429653025,-2.420997429653025,-2.420997429653025
Pol130_237,Pol130,4.170994542180463,0.048626310359454195,0.09427677896969922,-0.007356176553572347,0.07879342139343049,0.09062966123625493,0.13052953265631384,0.0942770751334745,0.15459158933849793,-0.001063668726694722,0.045849924905754236,0.03520494067218127,-0.0013736706612119676,-0.018367473259990774,0.10492176320327218,0.051678170914157384,0.18486342341153694,-4.481728433747401,-3.3952992436588145,-4.766445743304179
Pol130_238,Pol130,4.20999522976174,0.06808456985431377,0.1789639437396744,0.012087116057283076,0.10877130125344081,0.11761554672985053,0.046798157710992605,0.022561688193929896,0.0012302281590397257,-0.018786835142683422,0.09626926806130953,0.08671403309366887,0.011128362151618276,0.0177619910099871,0.1719447386227264,0.068246090973207,0.0789015844721952,-4.20999522976174,-4.20999522976174,-4.20999522976174
Pol130_239,Pol130,7.732990658229989,0.12109432677087639,0.4278054902345243,0.12022418715561312,0.17163918242450826,0.20122422449643373,0.05334791417903606,0.09545366056434634,0.027195418680314276,0.038268656069177176,0.2744798419337773,0.2912190632973122,0.11068377048469102,0.1664473893357492,0.20182852090356285,0.03453959227885228,0.020918043171359813,-8.207707438809658,-0.9840253713412679,-2.7341526810174317
Pol130_240,Pol130,4.624994909128816,0.06496498897141922,0.1375835608246323,-0.002318791545040888,0.08606379938929987,0.1036624907227548,0.027996652391137467,0.010799392354659432,0.0001381079946956021,-0.006182258769103832,0.05867381438692654,0.06081419200897642,-0.0022051340636393135,-0.013359280093834691,0.14242015583695178,0.049576618092230795,0.06576303073341272,-4.6832702870290595,-2.4217201808345767,-3.567158389376549
Pol130_241,Pol130,1.093998997653944,0.022171666333725026,0.0854630591811727,0.015433715638813572,0.07432343503122096,0.07194655505186232,-0.020115754205636716,-0.007362252193357843,-0.0055978190212540024,0.02976464184647387,0.06272562421067107,0.05380313708309559,0.033356042295705324,-0.0184304528606849,0.09744852075445642,0.08082666144650319,0.04462324598300271,-1.093998997653944,-1.093998997653944,-1.093998997653944
Pol130_242,Pol130,2.0329969724346197,0.06893366712351678,0.06429623214177038,-0.0030308182728120414,0.046916112706509416,0.048343722506949405,-0.026644023845023845,-0.003145513085524243,0.006036741512680077,0.010827695716245866,0.02333032123592682,0.03555969448334473,-0.0019957492967161983,-0.039593428591750746,0.06968674093120653,0.04637464631548127,-0.03213709113412477,-2.172262798586626,-1.755674479470613,-1.6290143716337155
Pol130_243,Pol130,1.4529982596653446,0.04468178625294161,0.03899001834089866,-0.03564401151160568,0.031245894432725185,0.03391499430630551,-0.04237158931458107,-0.03587162297511659,-0.03140563750583936,-0.00804345642388049,0.01464418841262849,0.00458453313268925,-0.018433266926193292,-0.035528427617937286,0.05730888681278801,0.039510738779587884,0.014295609377547924,-1.4529982596653446,-1.4529982596653446,-1.4529982596653446
Pol130_244,Pol130,2.9529962080732464,0.12064680951118856,0.09370182287848783,0.00643713614231034,0.07914476703698847,0.08413473293654006,-0.03222005970717756,0.00030437093548263405,-0.01484749767062965,0.03703753882200633,0.045766793406162964,0.06033540772126189,0.04011888805672559,0.007801026592996418,0.10731790710731737,0.06843280346207603,-0.04355725381842479,-3.4469365687304956,0.4770433558891054,-0.2290681061900237
Pol130_245,Pol130,1.980997537504926,0.04600922330134538,0.043797569099293776,-0.01609521142821113,0.038884510934656946,0.04918985596641057,-0.01573215928388305,-0.009887613149089258,0.0024834245143072753,0.0059307895526987675,0.015343026777741686,0.016963572789358894,0.004578753907854338,-0.023260822698161654,0.06675965195819633,0.04064049762709154,0.003993762897640307,-2.061278820743318,-0.44446332366945107,-0.960604758437388
Pol130_246,Pol130,1.257997785449646,0.022088386663194903,0.059388804920232685,-0.001205184828932504,0.04186390915929539,0.04525555678712312,-0.012418308513976184,0.001987154644319089,0.01011092715545181,0.027494899457363164,0.032372393330826865,0.036129612221848184,0.008560175978397533,0.0022043928789612366,0.05743202815931725,0.03477624291345238,0.016279261033577797,-1.3054853452045212,-0.9406688098339322,-0.6289094620244694
Pol130_247,Pol130,3.7049956734901888,0.13715753033952005,0.3027241106139855,0.14237955336006403,0.2038061920210521,0.3673227874627156,0.1276482324286401,0.16691772666656313,0.08691912046504502,0.3267282268462819,0.22270268379750924,0.2092651618972674,0.13090532841449143,0.1318877919318373,0.38864120719433304,0.1616678450460287,0.0661030195969623,-3.7049956734901888,-3.7049956734901888,-3.7049956734901888
Pol130_248,Pol130,5.9229936277662345,0.05308888775631715,0.18372392756121236,0.03865601028581089,0.14240563381945126,0.33104573168971196,0.1936697772778624,0.1187088525315021,0.12766749640414954,0.23749209294508233,0.08843890123795539,0.08222552338509992,0.05616697683098604,0.047494625281173874,0.23799443859476366,0.09208216580993422,0.3770762784920114,-5.9229936277662345,-5.9229936277662345,-5.9229936277662345
Pol130_249,Pol130,10.154988333489513,0.07549053649125703,0.26642986526996104,0.15346968412399598,0.17395412115389064,0.2959334060360703,0.1857623541463731,0.15159989169980648,0.1327312585233411,0.11622320494714522,0.13132558000420325,0.1395809400346888,0.11716891854953637,0.04165822893013349,0.2731316589670989,0.0863512772140318,0.920874742319203,-10.735101192964333,-5.057011183697838,-5.202992857870254
Pol130_250,Pol130,7.387991871018842,0.052545643095808,0.19645831376207568,-0.009749357018530524,0.12240101804894898,0.2495575742238776,0.20178643686530862,0.09728699976826238,0.1437425547277673,0.1461146924647032,0.12210702007704732,0.10673228182868044,0.05350498966595474,0.039219408019039115,0.19584068055096981,0.04668524091181947,0.09226568683681524,-7.954538477278773,-2.7808277143841487,-2.151543094429731
Pol130_251,Pol130,10.697986849890496,0.0987024581745608,0.3539100124158434,0.22734915817071943,0.14705151550686857,0.2744555395955235,0.228186993360044,0.241878651744468,0.17618933680154747,0.1719035434039533,0.22310485667779822,0.2294886462906458,0.1000458991736135,0.07848949517078196,0.2723287952781597,-0.014240237516048637,0.13814507395308873,-11.783772656414865,-3.197245933616662,-4.295391043468108
Pol130_252,Pol130,7.411991838193369,0.04917296294881801,0.2221406200246312,-0.020412567721298736,0.12885341748955526,0.2722209170221497,0.2065338248237385,0.09625978476104802,0.12957907702715055,0.13704150150952632,0.13780702320870564,0.11647660058935827,0.05469757875551995,0.045682624681477435,0.20857062127138182,0.0414492886607416,0.10403416168089041,-7.6987533628363245,-3.1903687495009097,-2.8198551829510663
Pol130_253,Pol130,3.905994657654176,0.1141121679075443,0.24672991687166057,0.10970249247119579,0.15838437218451507,0.3606530014169955,0.08612425856779282,0.19181776685154706,0.09807445222426026,0.2639821531932842,0.1640933295566045,0.15923287685071674,0.08557241953752781,0.09001914088413887,0.32549799880915575,0.12112129638056413,0.08665402581585013,-3.905994657654176,-3.905994657654176,-3.905994657654176
Pol130_254,Pol130,4.36399452518317,0.0789053007985947,0.19819266536070224,0.04670806138203165,0.1350792424300593,0.2523538163199799,0.12445737480675412,0.10048867457316035,0.13421369638569836,0.16039064257940439,0.12412069960120853,0.13483132959680333,0.08062350049746403,0.049475704108054686,0.21111494938988073,0.07270837165941746,0.06545741670402805,-4.4211180362602915,-3.275532140226996,-2.2857306938290862
Pol130_255,Pol130,4.0809946652759885,0.09262689231005528,0.20191209729105086,0.07073677659255662,0.12198254492502603,0.37162458445634616,0.08975566891502584,0.19311141770807172,0.09910759469531971,0.25273139063014316,0.1234735777429794,0.12582111720844136,0.05329842054363443,0.050306574764505285,0.28418266880243515,0.09265564007523519,0.08753282231666848,-4.0809946652759885,-4.0809946652759885,-4.0809946652759885
Pol130_256,Pol130,4.410994213925727,0.05932834556154454,0.15263659038119926,0.03761042027135275,0.10968797048460033,0.20036030885333744,0.1349323914610725,0.09738924681674899,0.11750500105280182,0.13854513044289263,0.09971129867708317,0.10116647074527219,0.059682210227134824,0.04143920921068833,0.16860021390702506,0.06314498656365863,0.06360899517726892,-4.644094501388157,-2.2494603265444453,-2.019699331729331
Pol130_257,Pol130,4.495994344643065,0.0566657658653984,0.20077907822344354,0.022682310498480796,0.1290596900829133,0.23792360647438127,0.14974091648545063,0.09993031535213515,0.09809593892664825,0.13611623777929704,0.13346699469286527,0.12695546987980055,0.06919654631731031,0.05774647573447922,0.18836106608774372,0.05953698959736009,0.07668190597173741,-4.622855171281511,-2.5076654315402767,-2.7727112832175456
Pol130_258,Pol130,4.871994818274208,0.06205390369888519,0.1929574538705534,0.0072973474789783666,0.11856007487841058,0.18902567372583157,0.09978272365638041,0.06243592346517257,0.08235918607264203,0.11287201170901273,0.13339512506612827,0.11576605538206941,0.05844842578353848,0.057266950654438986,0.17300114659617272,0.06711322010310372,0.0845809359553149,-5.153900981725134,-1.7554281406169618,-1.2784704412011623
Pol130_259,Pol130,4.948994465984925,0.07260879187640512,0.1543331551755056,-0.04217776405067131,0.06884846107568521,0.10802504361608012,-0.012609762851502282,-0.002802762394540359,0.029041353271269443,0.0202108886760346,0.09937254885341673,0.07697756807255729,0.015405264173403488,0.004680260295219618,0.12400348560709062,0.03985600885539853,0.0767729106493249,-5.19246511474305,-1.47821359499512,-1.9862616196501754
Pol130_260,Pol130,4.853994842893312,0.061816364000288004,0.19027146102765613,0.006911771378886655,0.11760576662025013,0.1870503738734559,0.0993352063684485,0.06144190163271279,0.08247625161753902,0.11214679640710301,0.131467096186765,0.1138701825098245,0.05718737558244502,0.05600471461898149,0.17189317061313858,0.06741936954004224,0.08383363825781931,-5.134273502560011,-1.7723912709813487,-1.2886127308324764
Pol130_261,Pol130,4.404994222132095,0.042091224314798836,0.14090215365985337,0.023976257694737768,0.1058639204431131,0.16300150588338358,0.14597451019887764,0.08148726825550767,0.10936818834738116,0.11277969263600873,0.10345117979822316,0.09070938434143194,0.05538752612895603,0.05148286366939114,0.1434965683745597,0.062181194276548446,0.06070129303856309,-4.615391667453951,-1.6788981844576578,-1.3708069562065632
Pol130_262,Pol130,4.615994180515698,0.03981466519275134,0.22203703894419924,0.00041299043406262115,0.13592552415453696,0.24226541341457697,0.16793368001598985,0.08831605616521632,0.073464261100046,0.12308577884671834,0.16009160608832307,0.1296684321578967,0.07689799317068413,0.08271142054543734,0.17696226739471843,0.056743859108118855,0.0952642272936517,-4.6195450914334435,-2.7092035824461043,-2.940822379761194
Pol130_263,Pol130,4.091994403256756,0.054014003689352386,0.12378283884624608,-0.027169930634262762,0.06892862877061923,0.11773557635705423,0.004130940310139941,0.00519208972431251,0.05011319388585278,0.07797410927715553,0.08150267928912225,0.07231909111160029,-0.006478331424022876,0.0015236332055801327,0.11398873027373568,0.034119340933640885,0.05105678851898521,-4.360456372131102,-1.0965469515888282,-0.7435497072896715
Pol130_264,Pol130,4.91799426141027,0.05225935061194509,0.10986979302188171,-0.11731295388281104,0.010180129247307157,0.02716074329245899,-0.11915340587733869,-0.10057447343411319,-0.047488401189004215,-0.0007022465929988897,0.039417826973747516,0.038585622770868966,-0.0955061178015093,-0.0855018835577761,0.032495682879567944,-0.044830118874187974,0.04920618006320687,-5.477540831795708,-0.8889846916541595,-0.2325803687012158
Pol130_265,Pol130,9.372988909104407,-0.02318524839072289,0.13222491174480488,-0.10704272841387308,0.005567885810565443,0.16569401874278,-0.0045314828752065495,0.005788236376067957,0.01996208678538558,-0.01689348181561634,-0.004248154211710542,-0.0016088396873232824,-0.08530687241186108,-0.09873965265931162,0.1133053033580822,-0.09532651812219584,-1.3346107011351354,-10.14714223604031,-7.006364317235802,-3.1138860851656363
Pol130_266,Pol130,4.656993877464623,0.05710794854358703,0.11676822753597094,-0.022997350405101535,0.05524704709742778,0.17551124419043518,0.03237357852892675,0.03157397508422832,0.020820816273812603,0.04797059358659883,0.032643867226078704,0.029618532028981015,-0.04042118448954657,-0.034543000349496644,0.1459045670009793,0.0027909077887935396,0.07018881109060526,-4.656993877464623,-4.656993877464623,-4.656993877464623
Pol130_267,Pol130,8.685989107810919,0.08797537968399638,0.12203974419764663,0.062254100999908246,0.13521394179803536,0.2541320307333521,0.010795835832889011,0.057524495235467654,0.06234034463238203,0.1327318508169455,0.07258226647815391,0.031366220331477734,0.04546627508404377,0.022658008031903876,0.19861173148157896,0.0733934290703182,0.06526791377519636,-9.213939709842263,-6.917629779787459,-4.489483205203389
Pol130_268,Pol130,5.654993006420461,0.06782939610321304,0.19213043617655412,0.03323334551022139,0.10213500471119552,0.1688370131032455,0.11687225296130688,0.05947297380660377,0.07183571298798519,0.03236528038911235,0.09328275708501099,0.09142896862343708,0.0112089744408701,0.015416526355770621,0.175074989059107,0.022944597105564846,0.09681581268097617,-5.819261509203634,-3.894239182823778,-3.6876581420596004
Pol130_269,Pol130,8.286990394457089,0.0825346366789379,0.2677442617962811,0.13220105406682592,0.12417804681570921,0.17058262690188997,0.12456688323434051,0.1226443369325807,0.1277655945246412,0.040662725239601016,0.14505576609018256,0.1593780976520538,0.038608295086248745,0.03514700074786248,0.19480842711054258,0.003714689860597531,0.09796913599261536,-8.819745864491447,-1.1112855485504252,-3.4401454116486
Pol130_270,Pol130,5.625993293058799,0.06595930725321786,0.19198462225753588,0.025976156196961142,0.10177773187856953,0.16812572718621066,0.11419544734509657,0.0560453172114439,0.06949943540185011,0.027081020260318667,0.0923401551302856,0.0892401347743137,0.00892693289890989,0.013416776061756508,0.17439437748798436,0.022327111882784578,0.09604970614166586,-5.722758035861029,-3.7127541316468435,-3.661399709756039
Pol130_271,Pol130,7.195990651777288,0.06493846375552881,0.25436749576207784,0.02541631503156072,0.10630817745860899,0.15611092486097,0.09412859451364941,0.09905365556601531,0.13461216463885162,-0.008107175924009447,0.11785634631128694,0.14768174398622236,-0.0040183199809433745,-0.02354859718147484,0.17132932839429316,0.008372870801844456,0.06505118624890383,-7.547404531213606,-4.496059766988988,-4.370041565290642
Pol130_272,Pol130,5.581992859290387,0.07153549128985581,0.18725664726524993,-0.02468932199097207,0.09525598252642009,0.1279425271209238,0.0672550325464627,0.02359927581470167,0.012928211311519,-0.05200743690653109,0.08425713312185756,0.0748441554873791,-0.01984842973999168,-0.006606955455225716,0.1801574223352258,0.03428782712097078,0.08597324350153901,-5.581992859290387,-5.581992859290387,-5.581992859290387
Pol130_273,Pol130,10.068987957165676,0.08864961973844387,0.29751364608466524,0.03222895026575756,0.09649213757484176,0.11271212049782342,0.0908279315936138,0.06266931399316356,0.07040928840762994,-0.05521089005166857,0.13715930801366127,0.1651780406235428,-0.04170772289480418,-0.02263992951930227,0.16002181110997604,-0.04954579524218694,0.060140589515581766,-10.820349956099868,-0.9163013619821054,-4.302040189548195
Pol130_274,Pol130,7.037991855775217,0.07131840160634262,0.19104868920163476,-0.011872989914518683,0.10042273247225442,0.14147473859175008,0.0888761930257358,0.0434168831386188,0.06122169940534228,-0.02664758040713533,0.07730179531616077,0.07946603147411224,-0.017715016804098482,-0.01852204388525891,0.17219487432188796,0.02335669785219263,0.08222742005680317,-7.225450806838624,-3.494627169901982,-4.399143990576972
Pol130_275,Pol130,3.603996058604947,0.0741304988212863,0.10288644860003382,-0.04467259871637719,0.051499312099594796,0.06952818350600332,-0.05796297321184829,-0.029003566332334252,-0.018410298392321334,-0.011742142363506236,0.04371340045990202,0.04412446415514415,-0.015038211008818081,-0.03649577616389932,0.09614271858408818,0.03712704240607767,0.03331191878002704,-3.858281045621089,-2.412203687824543,-1.7814719805922836
Pol130_276,Pol130,3.172996895069968,0.08858352920704649,0.21772486886688514,0.03552990963823044,0.13251550161771686,0.14891508377943108,0.04528222997382203,0.061781688735764284,0.04121930638694549,0.015688296586931383,0.1541925281731138,0.12333843342336426,0.061130269605980114,0.0852283349513483,0.19963005536621425,0.10790560698015517,0.10244698650306994,-3.172996895069968,-3.172996895069968,-3.172996895069968
Pol130_277,Pol130,3.81499601698855,0.07527270522280416,0.08116867131891636,-0.07016122768780297,0.04234135987320986,0.04684113109269905,-0.08391779108787878,-0.04712772016701239,-0.026930168124435383,-0.02135368794228576,0.03368708644323393,0.023894756032637243,-0.02416534114433455,-0.04319045694926604,0.07993073773806803,0.036702049169562656,0.02954157797522816,-4.467073238611406,-0.7558207124860172,-1.3894338377954232
Pol130_278,Pol130,3.444995535151038,0.07264109611534986,0.11378912567360677,-0.04779810681395258,0.06766935675445573,0.07714338658005371,-0.03122366706629709,-0.012666665904373708,0.006410759363997709,-0.01679819874414923,0.06270384121295614,0.046119324147506635,-0.0005256105308824033,-0.007800285711331956,0.11139120383083423,0.05713817825263812,0.053210223809374124,-3.631771504076332,-1.6421499361329526,-2.0712542437531196
Pol130_279,Pol130,3.448996517577021,0.05248192370387095,0.14177466416001483,0.058630100040367505,0.09895911394937107,0.13431297991861024,0.08552040672016492,0.0759860654498179,0.092831387064507,0.07371291481098607,0.08151394124810407,0.09111185361785212,0.03186086032726365,0.029810579162220296,0.1372740034384039,0.04770978912461121,0.05651926921921113,-3.5785887655993367,-3.0420221045418416,-0.9951615882066163
Pol130_280,Pol130,3.633996017573105,0.07973365240340691,0.24254874199635212,0.06898553174648869,0.14653583322252484,0.1937290507758198,0.1485484754758919,0.080256743668492,0.06920691955907099,0.07155771884765283,0.15152046463633706,0.13929168396916847,0.07082835456741199,0.08731595869197806,0.19314520382032452,0.07230901457766281,0.12599800787093507,-3.633996017573105,-3.633996017573105,-3.633996017573105
Pol130_281,Pol130,3.569995117210806,0.04735266436039787,0.12998332435676607,0.06376499049314299,0.09487440722450691,0.1216965487286008,0.09564155849831213,0.073731882325907,0.09349317923188716,0.07299125607277324,0.07725748884699613,0.08226345870916285,0.03191272493260344,0.03329321201038793,0.12689367680849806,0.0468885504553449,0.06142042664813152,-3.7131697313523766,-1.49710332999534,-1.3971607475037762
Pol130_282,Pol130,3.557995133623543,0.04599321944822998,0.14749888435388092,0.05342615558752284,0.10053876100018977,0.13341498181428602,0.09213788330802597,0.06186333844357783,0.06652803952929798,0.07148777583399779,0.0885072141197929,0.08673611246146606,0.03396033882004801,0.03653830515801282,0.13390873264970793,0.046223053656248236,0.0656037843232733,-3.5794327278382716,-1.9021642650208554,-2.29617281576422
Pol130_283,Pol130,5.012993884501879,0.051952312242306675,0.17116943747149005,0.021778088392212958,0.10910382698257592,0.24299299945090969,0.1691976939529214,0.08010292819838405,0.15609343918474927,0.1229229240665104,0.13298909932961944,0.12134624061749921,0.08868666562626171,0.03146698587875818,0.20156178897411703,0.06437076896060301,0.04235307825435086,-5.262382644424978,-1.9894142361086735,-1.7402427673149057
Pol130_284,Pol130,4.981993679927225,0.11503802499592375,0.2701359604524285,0.06857802437893579,0.12796697725862582,0.49958933908766845,0.09748141772622798,0.1388994394809302,0.08901326419201983,0.3126960407680368,0.1922978846554182,0.1787833069383753,0.11774105903853549,0.049706427543127596,0.3616937014842083,0.08886063405115685,0.0632510983973118,-5.001601121641041,-4.297186225145837,-4.395734039256417
Pol130_285,Pol130,5.657993743239947,0.05327145086573104,0.19436446618017555,0.034448458582249764,0.13289781794958078,0.21091401132411747,0.18946874522053925,0.079631701377747,0.15734441313786807,0.10990935798342694,0.14730342914764716,0.13569554168316866,0.0424397540719097,0.04411957411273093,0.20433521050053916,0.07725748880972372,0.055853917444261825,-5.9672671535237525,-2.3927967213165404,-1.714772232176005
Pol130_286,Pol130,7.163991683441482,0.0337410256882702,0.2234230088500384,0.03268180251789676,0.10733213300219191,0.16414845436658698,0.11182227199187977,0.057936596302072374,0.07901303102452228,0.04670272662257435,0.1803847374159604,0.17256859601294927,0.015080740189580943,0.018872782077888672,0.17559244938037644,0.0302816579306171,0.040887193755866136,-7.71815154895023,-0.8970499315281328,-2.1610381488769965
Pol130_287,Pol130,4.230994460116778,0.052285727570756,0.16668537349146906,0.02670137122869054,0.1254625105239855,0.19501084720195117,0.14592768376814558,0.057422396124017894,0.14982641890902393,0.1300171104521315,0.14904192992481935,0.13110478488697552,0.05238293650694903,0.051638160928574095,0.18122494354067964,0.09258984620218236,0.03612986562121279,-4.551805072473696,-0.9661021254647828,-0.3277172558079777
Pol130_288,Pol130,3.878995435505506,0.06066437741155184,0.11404578120788011,-0.016389950316088253,0.08593058141897325,0.1040714803952234,-0.006459956648633192,-0.005356722665299962,0.03501837638235106,0.05149353286812808,0.10285014327300779,0.07997623045884472,0.013348018228943381,0.00287537267302973,0.13497788393454968,0.08278625374933402,0.029554517782256706,-4.136339178631506,-1.231373364032104,-0.8912704310376967
Pol130_289,Pol130,4.588994958367026,0.024239433480155448,0.1553510346604261,0.03039264797014951,0.1132897436706699,0.19463890385582783,0.1835926360702329,0.08576120641471618,0.16218382371783413,0.12074075860366662,0.1503406193092447,0.12705223422096878,0.05382921754180625,0.056859591229336814,0.1693849992368417,0.06870042464306447,0.02225737476936107,-4.874391523858679,-1.2218626458967763,-0.667090785210045
Pol130_290,Pol130,4.019994501733176,0.08212238695446228,0.0933796697449365,-0.001448059157143966,0.04603026555848633,0.07840443705514488,-0.08616041574777311,-0.043586998965117196,0.015164019670654838,0.1004522212354706,0.07726875090091845,0.033148584100328726,0.06326679408126878,0.04543782378873473,0.08117489502169128,0.0830390566279009,0.11686453860796764,-4.019994501733176,-4.019994501733176,-4.019994501733176
Pol130_291,Pol130,5.074994293651186,0.05932464093325773,0.015909980719339245,-0.19697799672276606,-0.11206573952366217,-0.05645830747422664,-0.23221790921529362,-0.2350237831805435,-0.20949677462388205,-0.1095485287076432,-0.06593589412904954,-0.08050999118024205,-0.1630077295725414,-0.17109741983275484,-0.07359836814412102,-0.14506643520945683,0.11778416450111084,-5.434272349538661,-3.269577849954617,-2.26694985175764
Pol130_292,Pol130,2.8919960445304347,0.042657289282877375,0.0478621226749083,-0.05469787532950532,0.028902800713886734,0.05945459884125315,-0.02972048322706744,-0.020986486484721567,0.002307233089293259,0.005953461657549397,0.011538536990888026,0.0010369954194398012,-0.011965901255765132,-0.03366441434140377,0.07325057897798759,0.029440117611208017,0.03229915162630226,-2.8919960445304347,-2.8919960445304347,-2.8919960445304347
Pol130_293,Pol130,5.01699338508252,0.03754551536706785,-0.013926678931480474,-0.174173137915556,-0.0549527526947875,-0.03452551469454512,-0.18079313380617013,-0.13883468324445047,-0.12245466103224434,-0.06539087141718802,-0.08528405234322811,-0.06936103105149005,-0.12437202059322061,-0.17604411870110326,-0.019178338545462914,-0.0704866410671876,0.022564466714817932,-5.891275237767137,-0.896843663635976,-1.2730466241689502
Pol130_294,Pol130,3.381996362240577,0.06080930188724265,0.05365287792756401,-0.0988510877337605,0.0016798198090093308,0.02083919079732599,-0.07698764478188957,-0.06910215287421151,-0.05825222971019928,-0.05423628059562535,0.003136770039111614,-0.008370648160659133,-0.0535836761368782,-0.0709227497662539,0.04952341958194273,-0.006880800503202167,0.0492666647943536,-3.5184014309965237,-2.2513968045295663,-3.157757517219358
Pol130_295,Pol130,2.9419964700924788,0.050298869136471414,0.11909383559027464,0.002031609947619195,0.06297635257902678,0.13787089064852953,-0.01731447360094629,0.024779121477815913,0.008373018827532608,0.0617271568568194,0.06937940631454032,0.05717255709714131,0.006057487455767063,0.006621181460338299,0.1439064467507003,0.04505550766757338,0.0405507719143654,-2.9419964700924788,-2.9419964700924788,-2.9419964700924788
Pol130_296,Pol130,4.350994295989411,0.04023669473998126,0.06606096159706354,-0.050967922372576524,0.041094090552681095,0.10085439405871366,-0.021326421680432972,-0.0034703335342785024,0.0007655212262731581,0.04373829531714968,0.027778821116562824,0.02040664033074968,0.0030417839432681504,-0.018219881172827357,0.08667506057637375,0.019600960980076465,-0.05458588802169473,-4.489083578297881,-4.097347888501955,-1.792397643489188
