Reaction,Dataset,Reference,wB97M2,B3LYP,BMK,CAMB3LYP,CF22D,M052X,M062X,M08HX,MN15,PBE0,PW6B95,SOGGA11X,r2SCAN0,wB97M-V,wB97X-V,revDSD-PBEP86-D4,mace-polar-1-s,mace-polar-1-m,mace-polar-1-l
V30_1,V30,44.497735744623526,45.027894078832105,50.96356073111029,-90.75127464914036,45.3553320173338,47.1156713798919,30.168523871825027,36.29232374274951,38.1803348329409,56.53879970426137,51.25309180548651,91.48230949246523,33.97551457492697,45.67950213629982,42.4042609673061,49.936731419189066,48.21170769561832,-25.036161278369466,42.83805775240036,47.24780904699626
V30_2,V30,668.3162506489289,677.87759268496,685.5360782665988,712.0675326256987,712.9328474700847,696.482360074443,726.9228849471519,721.416337232563,723.8625503341061,698.7215927158347,705.0472621708492,714.6607263550306,721.5873446621456,734.8522900949472,697.3083041085908,699.6623327261416,671.665809479678,673.0935125904358,695.7395297210143,697.4561911276602
V30_3,V30,669.633144556975,679.0288092420419,687.2130142014616,726.8663053658858,714.5456208158835,690.5548047735174,729.0122167075602,721.8721375365483,724.8274017089418,698.6039947659787,706.3288889473295,711.5477860644703,723.4649833799411,735.7468341530405,698.2508143529723,700.3670918544833,672.7787518296551,670.2318590325766,693.8193485920266,695.5813631973504
V30_4,V30,1349.4609814113094,1346.7191095073783,1351.1076941854285,1381.97264608752,1355.482070210803,1387.049830604842,1363.102987013885,1368.7911372287842,1363.1036041662956,1372.3008496904338,1359.2984883454997,1350.286193596078,1373.648209999591,1354.9327083433116,1362.8314129614926,1370.4120742254129,1348.45205182643,1362.7069563169705,1366.3833838211092,1367.6925003635454
V30_5,V30,2388.371581471836,2368.005631234924,2364.878757666442,2398.125014923269,2353.587473096057,2402.440779237637,2345.714066821669,2358.2986855278086,2341.2937390982497,2400.591915776536,2382.3365307206154,2358.926064946637,2384.8201162730606,2364.25260204035,2362.374207674575,2383.2678697426563,2381.587806292934,2366.719430084785,2370.874438531874,2373.379624681056
V30_6,V30,262.504177022033,316.58180937161256,243.13570417467585,264.5141613605974,274.87922775207375,-90.6743236554136,312.1355386887717,260.1261920805075,267.2969759731544,216.29187329461317,279.18256330119766,342.52805114315555,320.0686484664554,369.991096466486,267.6044397908544,241.60919838133037,263.39594393511084,192.82924018967847,216.93216089049167,200.70564935768255
V30_7,V30,272.105968473021,272.4759088008836,275.02872194996684,280.2114441948477,271.5691916511529,286.73730655077736,255.66292271721767,260.4420317499012,253.8880620560016,276.96505686922666,264.98002271782644,271.2661355329932,273.68016368634704,258.54102548029573,276.22193206120124,272.3250132268641,274.2789026083655,251.9296943204206,281.6086127587317,263.86380243446143
V30_8,V30,966.576848874574,951.1728328209688,911.535940449031,957.247401764992,926.6983350200524,893.0381536228678,925.5442261019168,934.6931243709575,954.9685863007924,909.0069082368776,944.4500877239504,952.6411734798296,983.889146740712,993.245642907116,916.9318395258566,926.432139504079,952.1383081265452,881.7149805086253,911.2891973938732,862.382477526878
V30_9,V30,1150.987849369158,1166.8482261090749,1150.5636279565322,1163.9910178589096,1161.1265977128096,1088.0913040130251,1175.0630402052805,1152.812113482608,1163.0369950018164,1120.9190148004104,1146.3756184231866,1171.2787191982443,1175.6928742493806,1181.969908947739,1146.0528722897775,1149.5984621007074,1154.4382654679691,1153.0363182738054,1131.8551425223886,1128.7342449557063
V30_10,V30,1673.343064850044,1681.268540078409,1664.9043858580785,1676.4201762318348,1668.0126168414652,1632.1371815178638,1680.8282893786363,1660.4539990469864,1664.4599331878362,1631.2301704386773,1663.570545196078,1679.5070953020784,1695.2939651037857,1699.217765430271,1660.8995236954454,1667.1252503092549,1674.6779950405655,1633.4832246675637,1655.5852120037907,1649.5970157935267
V30_11,V30,1673.343064850044,1681.268540078409,1665.1266940089038,1676.6409574887325,1668.0126168414652,1609.30894565341,1681.4885596663682,1661.3450554580193,1665.3488461974976,1630.7764112429224,1663.348155502528,1679.2868161037022,1695.2939651037857,1699.6531290871235,1660.6767763118276,1666.9032086978352,1674.6757345510996,1634.7551529815598,1655.5899923366053,1649.6322484738432
V30_12,V30,3434.012572364415,3425.7605059480984,3419.490809416012,3438.5884894117207,3435.682194380126,3504.769433706377,3381.190543526271,3404.8527132467366,3305.945248614662,3516.888486787696,3415.9184213209337,3398.9798234459854,3423.923995988748,3379.6583313049105,3430.724967518853,3440.417171408286,3424.2038315235804,3396.7264591192707,3521.9486337562994,3447.950009733797
V30_13,V30,3484.1977031174038,3491.760747487983,3476.256360359895,3540.4797635999244,3494.938087429673,3546.7441900644008,3499.5928916813928,3502.551835346999,3512.5726318288225,3532.1097336018147,3500.121453647303,3469.864618256219,3516.572907136681,3489.2167682211657,3492.078629643268,3517.2041577131195,3491.720453045188,3510.291902998798,3504.83014342829,3493.9814553376946
V30_14,V30,3609.734168347805,3611.660598940656,3585.95887317567,3654.8374641966575,3602.2237029223943,3689.897622262659,3607.150355721252,3620.255396694913,3636.570286402819,3653.6225282977,3620.868513561924,3584.926983155746,3638.807874088447,3612.070288859838,3603.250639553668,3631.683544179455,3617.9695393400334,3604.8447047533323,3605.8915084368455,3601.042923278149
V30_15,V30,59.564187353552335,109.48712613046467,-93.68015921439655,98.94301107506736,-18.44948184171899,-167.68617096768264,135.16554987829477,81.96868968107336,149.1668055698831,-126.33700118256112,99.35350032389216,162.03066950628093,172.25725151388085,212.10806121930943,28.53014257316709,-44.94542790779616,33.691566021330175,-133.4934421216338,-127.01995617514253,-125.50661117825356
V30_16,V30,82.38170978060852,166.35707980385027,-150.03234269083583,157.3270451462031,-64.60187365132138,-252.26362543201088,122.25904397135544,-110.83056171595904,150.62306226590212,-210.95367961476447,143.94096797118158,238.07830182645304,264.68815648263325,315.14761409604097,25.806544213878176,-92.16712344791333,21.531179689432907,-215.57677151287777,-206.062861616302,-205.51906887682952
V30_17,V30,1649.8225890038132,1655.544425597947,1633.2703336215695,1654.2034191070625,1635.533511045766,1609.3088149695968,1633.2703336215695,1634.1760836617118,1652.8608156647506,1593.134615496968,1643.2071490251683,1655.7679904443114,1684.126802440563,1681.268164807398,1635.759810854041,1639.6005895438998,1647.4799710885688,1620.2992576259514,1629.2029460182578,1618.113215731242
V30_18,V30,3831.565385815782,3840.920590080423,3830.310138652492,3882.6915994226615,3849.964488013972,3913.72740557663,3850.3488216903543,3869.136796810865,3858.508006774566,3908.713790783344,3849.003376644339,3820.832019849593,3859.945816223695,3837.259223803352,3845.060264569502,3867.3195774837454,3838.669709228169,3847.5851800393443,3853.346218445264,3848.352600008317
V30_19,V30,3940.418071958252,3946.675862589791,3925.149547123898,3978.0494951394926,3940.671490856153,4025.570578623108,3937.947865989554,3964.540841676172,3944.2377156332495,4009.362267657361,3948.73757029592,3917.695885780489,3959.684834552427,3936.8204081572217,3939.544812497754,3962.2071086005694,3949.1998417146247,3941.3770806219095,3949.810917042239,3942.088097203545
V30_20,V30,28.72721139979999,57.83282454974875,92.0868590433505,120.06042976660449,125.36683018159428,76.93966029456445,131.6995191920752,126.24910886286996,134.86410674413906,98.98045657370696,114.7021021602052,126.89218355860318,118.69676012480636,148.24623175199227,101.4904080362466,93.99563207794762,48.92325837691312,92.56417227482997,92.25483919618542,92.36752657406434
V30_21,V30,46.65013657595984,49.788349000727,62.56523693410794,51.25300973797135,67.95127675186441,54.404594193248144,68.81688756069805,61.55175010322809,65.00151810243297,59.3484509355936,65.3421618396886,64.83052503635423,61.55181843935467,71.91906451570044,60.33760543631018,60.03023240036848,50.24256345241129,70.66758655811032,58.607323829432175,57.261572663380704
V30_22,V30,107.63500095134688,113.61469650483184,132.0236947913026,120.97441247583173,144.79510580539443,128.23285827249344,165.96116333575668,126.29496289875948,148.716919944791,131.7121660066516,139.59149090273155,81.60665648551965,138.7051313153473,159.1328274281922,136.31344614166653,130.77241220886046,114.8417163982466,129.16922427357733,133.2865886540213,129.39283814671924
V30_23,V30,666.126544855997,676.6027893155983,683.9750956544773,714.085209462432,710.8540461058604,690.5547370951375,725.6209536730768,717.1872013535324,719.8190879264992,695.8919437788786,703.178998512656,706.6779660132161,719.3620517438948,732.7245669677643,695.4191826244542,697.3083041085908,670.4988145382695,673.3236531893709,691.4649984092414,692.6127430445712
V30_24,V30,668.1587626637225,677.6955557724328,685.8957376251049,724.259963581338,713.0482133551325,690.5547370951375,727.544584510482,719.9333503252094,721.9860102849714,696.8365038691989,704.9306531843998,710.0439248753532,721.9860102849714,734.1818444339513,696.7185206588258,698.8394383813351,672.0353955555433,688.2095550784686,695.0643454486711,695.6991619632049
V30_25,V30,669.1350821502862,678.3624411594914,687.0335188392161,719.8761564710886,714.3154195202476,696.482360074443,728.730214231475,720.2758989920983,723.0670685592775,698.8982200216209,705.8048503118836,710.3334116446105,722.3845205908295,735.1890318146055,698.1331371022434,700.3671585847623,672.482411388811,687.5750975740318,696.7005544955739,695.9752906784
V30_26,V30,672.2249481214277,681.4460551715802,689.959248395065,728.4481025845034,717.4164160211935,690.5547370951375,732.1632492940375,724.3735254783852,726.5268640028794,701.4229694695913,708.8850593379585,714.085209462432,726.3004601782167,738.2023488941254,700.8365820062795,703.0620796583368,675.3067555927136,693.8065950367718,699.5993545530459,699.7428679393514
V30_27,V30,1349.0140097169042,1346.16960857484,1350.5599788329496,1380.365284520221,1355.2092793560382,1360.1139270684096,1363.103295590125,1367.9802559559066,1361.7455018003498,1371.7615963421915,1358.7537651521875,1349.189561793028,1372.839891218825,1353.8435685405898,1362.56040217924,1369.872077356492,1348.3859212956647,1375.5177991643934,1366.0329154722654,1364.6794373970033
V30_28,V30,2385.552107815761,2373.7794534968107,2361.590835235773,2393.3373678316198,2350.126259389216,2402.440779237637,2342.5574383964886,2354.5305411780573,2336.8648700673657,2396.73600412324,2378.9173227341225,2355.001754991341,2381.404474208278,2360.494140360505,2359.082794582436,2379.850353326872,2396.360761204832,2368.7984717699696,2368.324622584593,2365.355738827422
V30_29,V30,2390.9726499424423,2381.404474208278,2367.692987584332,2399.9756035448627,2357.043068811502,2402.440779237637,2350.126259389216,2362.060996719908,2344.452069000132,2403.9804709139366,2384.819939898891,2361.120758274814,2387.9207015388274,2366.755341997092,2365.8171470014795,2386.371000605276,2401.342597071173,2384.8676369152768,2375.8201270809977,2371.6410386803386
V30_30,V30,43.999393283664425,198.46486694673013,97.85264232945056,175.87072547680503,133.3744567029186,-219.31184423268465,189.57866692943296,127.9953570314911,-101.49041839734964,138.14369398353475,54.13186365522774,236.4722145367014,70.20087173321329,207.7015250911808,129.14641360367622,-98.83080225258917,52.35504459846525,48.82515971663737,76.57571904702418,77.03548288250254
V30_31,V30,44.05787967455632,198.3529802070597,97.66341066699329,156.33625065883805,133.31896395139898,-219.31184423268465,189.2857032940134,127.87967906662136,-102.97422288588253,138.22402311664257,54.06348063601855,244.1395736658318,72.7375154336643,207.5411443401377,129.57542873951704,-98.192333911229,52.30130965320343,48.07665237958058,76.58524622411743,77.04415068174733
V30_32,V30,63.71011232873809,64.48721132470175,76.69887681516529,121.77391277057532,69.03167048102908,60.826150876530825,46.003262308984446,-34.72957652523663,35.25817933845428,75.4342470994599,75.63017014258064,143.16778720789702,52.18303502986971,64.71628407727117,48.35583842249886,70.77823729796143,66.53280280838885,-64.6458259456277,62.2948707082958,62.28389224792913
V30_33,V30,66.86430428404442,211.68902528474777,109.89185450338816,195.25103309812292,145.01651161289314,-220.9924206575488,197.43688916680927,138.9182152659715,-83.57789377757211,160.83890612085222,74.9915242162619,289.13868049890254,91.84549613085308,219.7836994378753,136.6085737696856,-85.41691053347964,77.31479979596497,-33.92453889473409,85.64334527555287,88.98361264082915
V30_34,V30,66.89799377010868,211.6540665196256,109.89185450338816,198.7443055750809,145.01651161289314,-220.9924206575488,196.91148667079776,138.00971835224053,-84.19536262303826,160.83890612085222,74.9915242162619,288.8314147495291,92.24744340638252,219.6826708765373,136.6085737696856,-85.50349792145204,77.43912108498324,-36.54905009154304,85.6421468313091,88.98320962762705
V30_35,V30,1339.1926184539725,1354.1165568654603,1338.1755455968205,1367.7097272244034,1344.2444299362876,1275.9002531383162,1356.84613182076,1333.7444881870176,1314.7458785505432,1319.8015424305909,1320.362096765352,1354.662989477538,1347.543174868677,1354.1165568654603,1325.9545271171162,1332.0790909566,1345.6060512740328,1315.1228816138434,1320.2566495848585,1320.362672795397
V30_36,V30,1343.5891863008817,1358.4811668339191,1342.0407097872242,1357.9364255297955,1348.6409894700787,1275.9002531383162,1365.5439529973075,1343.6938387304997,1323.16122680638,1324.2792539594675,1324.837913723296,1352.4762454005838,1349.189561793028,1359.5701493435806,1332.0790120158565,1337.0692169069966,1349.4006835876785,1329.2230823426867,1325.7042330959582,1325.5851105156237
V30_37,V30,1346.4499734857775,1361.2019123523205,1345.0699332481197,1361.2019896041277,1351.6553431885347,1304.5757749902475,1368.7913676992312,1346.7192656721031,1326.5124020694957,1327.3489333093798,1327.9063016375812,1356.3007338257728,1352.749742858292,1362.5603250044494,1335.130758593796,1340.1095996560853,1352.0056194665417,1324.6744065316818,1329.041657522281,1328.6921355951383
V30_38,V30,1348.7232615213334,1363.6459728648297,1348.9153424959434,1381.437015955585,1354.936045535189,1304.5757749902475,1365.8149107065894,1343.9691234074612,1326.2334939270193,1330.689562399122,1332.0790120158565,1378.2193214507083,1359.0257671636975,1365.0019532568751,1336.2387709114432,1343.4184193695462,1354.149327297105,1324.4482899629757,1330.0450451939785,1331.1915777588747
V30_39,V30,1565.164808195393,1573.740991986063,1555.29538031048,1581.2462750303237,1560.7571524829934,1538.7936159082392,1578.904752272317,1559.334092874292,1543.355196102769,1540.9560979431726,1547.18612413417,1568.7961932698606,1571.8591889192812,1583.116986414836,1548.3813113982324,1555.533218046286,1569.6661930416226,1529.6796707603746,1543.7319255199714,1543.0353373873127
V30_40,V30,1572.626258780742,1581.4802100334955,1563.125860120032,1595.4552543533898,1568.3245044174362,1538.793684244439,1586.6187164246412,1566.908384571379,1552.1996992146228,1548.8590737536836,1555.533218046286,1579.6075602347723,1580.5441292111743,1591.2756148471926,1555.533218046286,1563.5991844930209,1577.2517375256325,1551.8120959518785,1551.8805461608533,1551.3338961812703
V30_41,V30,3031.633484171184,3037.0472569686267,3021.903456910174,3034.244036337575,3034.244036337575,3077.58736848907,3055.266074527836,3043.3754343310243,3050.054470946585,3045.8058663836946,3043.861682901053,3018.105616638788,3069.6427384244143,3037.169027759491,3032.7804654027536,3059.743360327019,3042.349234262479,3051.691819045279,3047.190123609202,3048.9383708836044
V30_42,V30,3152.450414704348,3149.2447679363845,3122.4622889418474,3150.301938147127,3139.714251427854,3218.617923977772,3155.5824766729606,3155.113445938478,3175.684902262047,3164.480685999806,3163.4282541173798,3127.5532379614965,3187.7783808685567,3155.2306934948656,3139.125005132031,3175.917907255718,3161.0320724504554,3160.1125183422228,3155.349506984616,3155.515004907023
V30_43,V30,3153.987500062697,3150.771651758757,3123.883843324585,3151.3587537142166,3140.8924458629526,3218.61789130682,3156.989117467128,3155.934187318899,3175.684902262047,3165.532767984665,3164.8314077796545,3127.908133912633,3188.4746605137766,3157.340638115881,3140.538983718396,3177.315545291018,3162.6702703496094,3150.4393262770363,3159.232208297854,3158.3747924833833
V30_44,V30,222.75444955626224,238.69914324570135,220.8062528104508,276.6679957913276,238.00924784372663,202.75383625510275,253.23945662511653,237.83638761890143,292.55629683098414,223.9489339926178,239.2151858260655,269.8987780353179,275.775146828092,284.7244713708829,232.94643487637504,226.32271177584383,224.97282141420123,192.25621165956338,207.58570579695728,190.49865837749994
V30_45,V30,244.45895586316487,267.757995667044,126.294592846464,269.2889121251279,171.08392799760662,-128.23285827249344,238.8712813087576,220.24708201614283,280.35809513124093,-33.92717018847196,257.4255466150707,310.15380107835034,345.0392274847322,372.3170881759176,200.3060859548391,181.34851845491963,225.29956562756087,-125.2679267144644,-60.762300233960374,-118.45411753433021
V30_46,V30,264.3403545694487,289.0220613391017,251.77431009817164,339.1509399455249,286.0195727446697,202.75383625510275,326.5533815471139,298.8127558545044,360.8790910348517,257.58517057067485,297.4337613247511,340.9642517783739,345.8722572129712,375.8337382792646,275.6259726958392,269.8987780353179,264.8899683226207,205.75610261854942,212.0843250233686,198.54122858621332
V30_47,V30,707.5372247510969,687.4522571167643,633.8126186194569,700.7778962658127,652.5399486820023,628.2098816699506,651.08936855624,678.3624756069265,692.8132635130944,642.5090848010551,684.1553934266791,701.0125097470185,733.845786891165,747.8848397214389,648.2418810419078,653.2325874904398,688.0338511443134,574.2348418376409,606.5311364681065,578.3508474050883
V30_48,V30,830.4245126164377,815.0604938330914,773.4469035771061,821.4910228335901,786.8313207228226,758.6355123304662,802.5570748382509,808.070200661764,833.4145801079268,767.3638164558573,814.3540440095857,825.1858238652486,854.1691190134836,870.0952726937807,782.0098798316046,786.9357936745398,816.8127880529843,715.5889563545712,763.1547373839607,719.6030752764601
V30_49,V30,1651.3132162966124,1656.438376974351,1634.1760836617118,1657.10823847012,1635.98633646473,1632.1371815178638,1627.5972008438512,1631.0033710933594,1649.7239100667282,1598.0040383626451,1644.1076806500068,1656.4382500091451,1683.907252460658,1679.7274708182815,1637.3427768567094,1641.1794665696218,1648.9971011037053,1617.747263267728,1622.9848495135057,1620.371912090101
V30_50,V30,3779.914050677802,3774.066084819058,3761.005017285446,3807.445641087853,3777.299713620973,3856.5896937584366,3766.9028358298015,3782.5853203666256,3764.544794861571,3851.213596054005,3759.529144949132,3743.750136036421,3784.932066404244,3739.003476621636,3771.9086806787896,3785.6162345027674,3772.0655777730703,3770.6642993792816,3804.686921175143,3824.003092862096
V30_51,V30,3829.6143441995514,3836.583333184687,3827.507652630083,3882.0245399264936,3846.599492919161,3923.1695250799207,3845.5412883396825,3867.6064834804406,3858.9872997816574,3907.577898019616,3844.675292818156,3816.859749589766,3861.575129380852,3831.1791616808982,3841.016793831127,3861.862516603209,3834.584673012026,3855.8978807063963,3863.6200201487663,3857.4183607810896
V30_52,V30,3931.770321219704,3937.102249466487,3917.318105939023,3972.651524781199,3932.2125716834175,4016.369463735475,3928.070406159177,3958.0962794836178,3941.6103569021257,4001.788238205435,3940.296020573233,3908.997873805477,3956.0392896281824,3926.940005313622,3930.8950931069458,3952.483766332981,3939.656491233653,3947.8451680150647,3953.274870215127,3943.478889451695
V30_53,V30,161.9103602516118,227.4100077482321,149.2686784746781,184.9398662227896,189.1163330910285,-157.0525355131209,254.53483110563675,196.5772017972951,232.77001570097036,93.35484986423312,194.89711426272123,263.57996851396143,244.988474509054,294.5184674519294,182.25302212278865,150.36627713909851,165.54710829774422,118.59543062191368,120.44684582157208,114.9756360946759
V30_54,V30,172.85977450574438,254.2116522708264,155.47397580502275,189.3334327422923,203.96681071841147,-181.3486473108272,271.1145666303242,190.6318192549696,226.50425583954805,84.08793072355363,208.7479022685977,289.30635671622383,264.66959845027225,322.11714552244007,198.24316916515735,156.52806802524643,178.10979631911252,128.55901394743384,120.39812572916358,124.1062390885548
V30_55,V30,197.71174442419172,215.91145953279448,195.52867451049457,186.70969972846623,203.36122785673933,181.34851845491963,228.4919252647352,209.3379028766163,234.35400439464215,189.3334327422923,198.03571918416503,226.86690814029905,224.13250504993263,230.6426628674229,207.36485630616744,195.9487825611959,199.3824540770632,199.31729854362953,190.27753391715956,195.09198912742318
V30_56,V30,444.8366331845265,468.1814845551909,424.138595696792,470.7209537318394,447.4388300562476,362.6971657656637,474.63464453453525,452.0093175225528,483.21825168629175,397.10781663666194,463.4157461758169,497.6358027854217,503.7118047669479,531.6645636678148,440.96053737422295,434.1964014598595,442.6753960064691,409.07009000939286,395.85868894533405,395.9827904576751
V30_57,V30,690.7756247528603,699.7799531811311,666.0703623396382,708.653052223375,687.4522571167643,628.2098816699506,695.5373862401792,683.1331338755048,709.1169905450416,642.8289127185465,691.3877286102015,713.0481805833691,724.9408102485969,742.9760704561481,676.2381183808359,676.6027547785734,684.6382876894788,638.5199994474956,643.3628074888029,645.4236423970882
V30_58,V30,1110.0266156954751,1128.1570430131117,1110.639657153508,1122.5681362461332,1121.2491831848438,1053.540037092753,1143.1433207273228,1115.9570284812855,1136.0009667181575,1080.242536414533,1106.9692904785477,1132.4124324479228,1137.953360902843,1144.114115924674,1106.635051690974,1109.973289399458,1114.0921905636783,1109.7059032765421,1097.2214603618324,1096.7748396066813
V30_59,V30,1665.3021062147195,1672.6640707180156,1654.6503725575442,1668.8995115538714,1658.2243266222945,1632.137052661888,1666.015125028419,1651.517120750861,1661.5675866794827,1620.306565266006,1655.5446796658016,1671.1149407547998,1690.048101882103,1692.0172220737447,1652.1891048080963,1658.4472765846472,1665.3887521488082,1636.391660010919,1639.8891803341646,1644.691577592731
V30_60,V30,1674.3929776156397,1683.028141341054,1667.1251241579416,1678.184861081918,1670.2292224396867,1632.1371815178638,1684.346573526432,1664.4599331878362,1669.3429081970548,1633.043688832836,1665.3488461974976,1681.7085504685977,1697.9108808030926,1702.2633433892331,1662.680681460002,1669.3429081970548,1676.0119052004998,1644.5935301222564,1654.0879151375657,1658.0738984908578
V30_61,V30,1691.553564926964,1695.9486035934815,1673.9907912822262,1693.1100501582596,1677.3027507343022,1632.137052661888,1676.6408320530345,1672.6641964519374,1691.3610619500455,1635.986207911927,1680.167884791097,1692.8915409785086,1717.625734193473,1716.5482688722825,1674.4328397339696,1679.9475670483982,1688.8018679886202,1662.986634532931,1661.952034257979,1663.9508090796414
V30_62,V30,3477.1609097696864,3486.034273926212,3469.971230638186,3536.611074310375,3488.368483430285,3546.7441900644008,3495.043934973765,3497.900968688547,3512.7832609961392,3524.244944464915,3495.043934973765,3464.2087383336343,3514.468079256005,3485.078946863241,3486.7771519334724,3512.045883879883,3485.5312106843617,3493.7264085612214,3496.0769758548254,3492.5208959875463
V30_63,V30,3604.2259472616074,3606.4322731091056,3580.3830635000127,3650.076472982517,3596.67310819112,3689.897622262659,3600.990898939133,3614.6301479069134,3632.091033469223,3647.744441463798,3615.9605514468894,3579.763012573912,3636.977228178856,3606.2281051285,3598.112966970049,3626.688157138446,3612.78620302146,3596.5051743686704,3603.874871050417,3599.946962721157
V30_64,V30,3608.083610396734,3610.226085084903,3584.1012337643024,3653.8250264820126,3600.37445547796,3689.897622262659,3604.6878126568326,3618.0063932143175,3634.942063716007,3651.596640863405,3619.846633156742,3583.481767505461,3639.417865501786,3610.22614333888,3601.8128346085764,3630.460801886122,3616.658308577612,3599.922298911787,3606.984085736299,3603.1483540658655
V30_65,V30,3640.2717080917423,3636.4685004680464,3612.787192639472,3661.512577995057,3634.636734156504,3719.856711350554,3627.708168345054,3660.097717758968,3676.235794150538,3706.2054464561247,3626.382132626971,3604.893059658959,3662.118844964311,3610.227133658807,3636.773791897281,3653.723778792804,3634.267203060488,3659.0486870688487,3646.2640619910717,3652.7035414568677
V30_66,V30,3905.532199013372,3913.2547633661234,3894.299660984052,3952.3901693399935,3911.647191378931,3988.638135883955,3909.281774790335,3936.91426846852,3921.1886104835594,3976.468170778668,3916.94034335399,3886.0253416916935,3934.282072514192,3903.693952379358,3910.417333960521,3931.459765559936,3913.4476426756382,3924.814737837426,3925.11867697493,3922.9450905443055
V30_67,V30,61.49690359806732,104.68461828123604,61.49158487348251,118.35339658975148,101.67251718684564,-86.02119196523321,112.15788793495226,89.27160099571726,114.411393210504,79.8654563639702,108.50269182708244,136.31032955901253,123.22366195868564,155.2914728652527,83.84308548385492,65.17203026254413,68.30104228644765,34.07420699894781,29.55908019400089,27.42880646122516
V30_68,V30,69.95331188168124,168.5224996875815,-145.47503086730677,145.37326268061489,-78.17996931247175,-260.9151711190912,160.1011089932189,53.72024026231468,153.2529610172713,-182.8025998181022,115.02418740964616,220.72439326122617,228.2724121180649,285.4296392615095,43.182286495119,-107.23359305025902,18.193040040720867,-194.21433672876822,-190.73373860327447,-191.1206644456281
V30_69,V30,80.0257791251948,190.5325444848841,-34.835932740911105,135.08338642693076,109.01296994832752,-237.144039467984,193.9963637070873,120.24519763387258,120.61383192608808,-50.01079958718677,100.61169171096792,216.6641202822875,172.68631859165055,243.8514688146329,116.43087915525392,-79.95806885518044,74.61810648987228,-97.72890334655267,-98.3977007440557,-99.12807157403219
V30_70,V30,163.53051851848733,172.28115797742169,164.2181618003781,182.9284968290324,171.56376807123843,128.23285827249344,182.7036587052202,174.17966370455557,194.4746142325004,169.1505419123068,168.66411356557305,188.2446859250721,192.13547386881584,191.49247880675304,172.28115797742169,167.19521956796868,165.5146394162143,163.38610084671797,158.99171505489903,157.9422258498058
V30_71,V30,181.37532232288785,236.79706977241395,100.15286798630632,222.47564792109637,153.3440553084145,-222.10582572773765,217.99573471822663,150.6395435607808,221.36411669336192,-85.05995643709562,210.31748514027723,278.88794802880204,288.7374860405071,332.9117533715114,172.04240566263192,132.0238717884742,170.3277504237805,-76.57585720853254,-81.81338653639739,-83.18176759209798
V30_72,V30,233.66343461448312,275.47671778391606,233.65127957858175,326.67922959335914,283.7105572315947,90.6743236554136,313.05621069472033,265.599870795592,340.6023342720169,244.48452254290817,292.9776517592614,345.39642824850966,344.920078359328,388.9494087030249,261.2301391735649,254.21174419356797,238.88849807481404,192.62948040229125,184.0940491680741,178.16009108940358
V30_73,V30,658.4770268180451,669.1491941805567,643.3402848768031,676.3597087220471,663.473110951987,587.6365410194853,684.0952766766541,642.573055846339,696.7184535790877,609.8814885527862,666.317231692252,691.0308938463409,695.8919437788786,725.8475372531761,650.457678790139,648.558917946036,656.3409151951447,610.5475730678603,617.5073277453336,618.2585918974473
V30_74,V30,1080.3281070481637,1079.89983073781,1059.842439230585,1067.1482653053552,1073.3705724306087,1088.091497296991,1091.486258006913,1089.111171737474,1077.4990101116507,1082.9789183294235,1067.494867704257,1062.6315526474605,1089.111171737474,1071.9910895325604,1080.5851334027586,1092.1642905361018,1074.27697545339,1081.2938292453175,1079.8617388183054,1080.3148938922934
V30_75,V30,1117.27575393508,1128.4849073565767,1113.3015174378509,1125.8593192248877,1120.9190148004104,1053.540037092753,1137.302811966552,1119.2676514521409,1111.971383798046,1096.8964822597584,1108.639352295333,1124.5440393074196,1128.1574158523144,1140.226898132946,1113.9660830619898,1112.3042081361098,1119.3435605266295,1104.4975684535525,1104.3262553140269,1105.2201502970947
V30_76,V30,1181.0523504195976,1194.4250197708511,1176.321834703478,1189.4586613670613,1184.471302195719,1154.0951777630462,1205.5247406539747,1185.720286024552,1169.3819661860666,1166.8480458708632,1168.1158731553878,1186.3441075640546,1188.2139611103316,1200.604297666045,1176.322013490098,1174.4334056113655,1184.2496910077075,1171.9339822945092,1168.8267853509706,1168.9378686661084
V30_77,V30,1436.4635995298015,1441.2077413349805,1422.864189509365,1438.6384565817602,1430.3850271881877,1387.049830604842,1434.2596258448098,1424.1637141010638,1438.1239318198202,1385.7155010343668,1423.6442534294686,1435.0334953801953,1458.0526888372988,1461.3477501567552,1422.344106370302,1425.9811474276864,1434.5666435587095,1412.4351930190203,1408.447211966723,1407.956329808626
V30_78,V30,1482.8240482053548,1496.3729501089854,1479.2141490615695,1493.6508924305065,1487.19661831735,1413.4722244578795,1508.9301264854066,1484.955921371307,1465.140469446999,1464.382653986999,1464.635398435646,1486.698898920528,1491.9158958203388,1500.570538243812,1475.708312266044,1478.9641804228024,1487.0421861351172,1471.8134349996458,1469.2728599435363,1468.7984334038558
V30_79,V30,1509.449940463873,1518.9498615370735,1498.3497010061528,1523.813713543448,1506.72175052211,1439.409679711816,1533.0123127091765,1508.19445341877,1489.4338031722566,1487.9426732326365,1488.9369728670065,1509.6657196706474,1515.5360855459328,1524.299314132544,1494.888741884285,1500.323847438475,1513.4889596692956,1484.3634523089124,1488.6734160700803,1488.5004595865287
V30_80,V30,1522.7425857849394,1531.563474065377,1511.1352751269292,1535.905752951325,1518.9498615370735,1489.9306089593715,1542.8756612786935,1520.4108583900236,1504.2642281019796,1498.596716784334,1503.7724374740608,1522.3562586916323,1530.113538436596,1538.7937525806358,1508.19445341877,1513.3372105554645,1525.614171465581,1503.2009711196,1502.6903499477921,1501.284628447482
V30_81,V30,1651.3490644369813,1656.6615672863525,1635.0813319631434,1658.001092988302,1637.5685697811534,1609.3088149695968,1638.0204474355512,1634.8551955216446,1660.899397071266,1596.3825916701546,1645.2324602765163,1656.885108327211,1684.785904865447,1683.2480558721818,1638.0204474355512,1641.630478394228,1648.8782309884132,1625.7899900796372,1623.0278218743902,1622.6600818658865
V30_82,V30,3002.669145229543,3002.86629322912,2979.985290210136,3005.8219237131884,2997.8104375966413,3041.3080278859197,3023.00509020135,3010.618512339289,3018.1055469557978,3016.756810647135,3010.126963620902,2979.985290210136,3036.316252608801,3003.112741888567,2996.329105647841,3028.5076624628878,3011.044884710738,3005.361031897828,3012.3406030029396,3010.9807611986666
V30_83,V30,3057.106167025521,3052.7219594995604,3021.046268203884,3058.050024962383,3043.4969864811537,3125.30471746282,3063.3687547719064,3058.775904017677,3076.384963741422,3069.160574361996,3063.610336383309,3026.430099604187,3088.148506306892,3055.871490906629,3041.3080970372894,3080.9517008694597,3064.780354327295,3055.3862728546915,3058.643252022359,3057.38611231926
V30_84,V30,3119.2495316251398,3116.057184462856,3087.7890405745206,3119.8544292311453,3107.139394137824,3172.304390077856,3125.423150558483,3119.73585214564,3139.7142179358534,3133.1082084913564,3127.908133912633,3091.740592878547,3153.588697642812,3119.8544292311453,3105.471902740438,3143.129681468097,3127.5697800469707,3119.1447231649504,3121.672848887983,3121.7771098123244
V30_85,V30,3769.7108560894326,3767.295643336881,3741.4764347862742,3798.2029983272782,3761.791990708005,3837.354697253909,3768.179422137951,3799.469068086018,3792.841565913182,3831.08254620628,3757.757366582716,3734.349848063912,3786.2026293844383,3749.083042612516,3764.54485072772,3783.367693724627,3766.6543231732576,3777.929933704887,3777.322504448831,3776.0852805232216
V30_86,V30,3826.560224389631,3834.847045921333,3825.0902599086826,3879.3550464999503,3844.5790712087137,3913.72740557663,3844.5790712087137,3865.022801009821,3854.478534046131,3904.5468580825136,3844.0016909715073,3814.823632163065,3857.357166158248,3832.434392440461,3839.668024009354,3861.19185867642,3832.197812614124,3851.8755617464794,3855.7177048132226,3855.728224391924
V30_87,V30,3932.2502053104577,3938.041806238476,3917.884735201126,3972.0927081504615,3933.1533499794136,3997.9032323381184,3930.330286017389,3957.535354464507,3937.6659783859673,4002.7126638054506,3941.422644271519,3909.5657627467135,3953.41977398001,3929.388885343064,3931.648007350052,3953.981229659752,3940.186174740998,3947.21933762678,3947.110062440992,3947.595261261974
V30_88,V30,61.16081863842,59.72127740007453,68.11443599810569,-51.25309180548651,62.14992836891636,71.97045476381246,78.79276254905186,16.768576962603394,50.45275843413218,60.09179078824946,63.6789924380718,-78.88666104701315,38.66170435042972,63.09524554208316,67.07443326972012,62.44686880866831,63.64113261618277,59.633952675059874,71.47817512335526,60.929355279967574
V30_89,V30,84.38081688776946,133.98333650267247,194.75772578652487,206.6299568715366,231.74687068047652,172.04235948175543,249.40208324567905,234.1609727858695,250.88119201534283,190.84299023449444,209.05095116075964,229.1459519801352,215.0185460693861,250.43838671530423,207.27355548034487,196.986625391762,96.59300060557156,203.34645624093437,203.53367292849057,201.7472664860048
V30_90,V30,667.4071074801614,676.8458171344616,684.8760416311459,719.4763217680916,712.1251567389777,696.4824271769198,728.2222960718752,718.7331443281103,722.9533014433879,696.7184535790877,703.8801701957477,703.1789320492152,719.9332854085117,734.2378602877577,697.0724103821854,698.1919782068101,670.6913061549773,682.0583920135207,697.863708843426,696.0272895048291
V30_91,V30,670.8451245968457,680.1176090304799,688.2889354710833,727.6575695657172,715.5803816203731,702.3600247284759,730.0265364443469,722.7826818543949,725.9608186176104,699.544892920688,707.3757354939647,712.5868345083737,724.316682231668,736.7530239194566,699.4273665761588,701.30569121641,674.0186306701421,695.0132630510451,699.0644744977983,697.0362532046246
V30_92,V30,1349.968101273202,1347.2686985213677,1351.381312989534,1382.2401550904217,1356.0274872886198,1387.049830604842,1363.3748154855352,1369.061529080707,1363.6459728648297,1372.5702436925255,1359.8423747029224,1350.5596673912455,1373.648209999591,1354.936123144245,1363.3745069707486,1370.4120742254129,1348.923293925082,1378.0102913033572,1367.1061219490205,1366.7668771070612
V30_93,V30,2356.498438601334,2345.714246136208,2361.2775203706547,2372.0642982943978,2372.2201599033688,2433.046380817902,2393.955564746685,2396.2728216017617,2397.0446842565207,2400.591915776536,2382.0259445992874,2363.626636449194,2412.5835046409647,2376.5833206685907,2388.850215619062,2403.3646776073483,2333.7215051825297,2425.698906487219,2394.0702157014925,2389.6169126135674
V30_94,V30,2389.5857657603574,2378.2952168897937,2366.129860744762,2399.667125146197,2355.158745779436,2402.440954318425,2346.975565269569,2359.553277552144,2342.8734362508426,2401.516525431043,2383.5786469704112,2359.866821341592,2386.060763355936,2365.504391918225,2363.939639964172,2384.5096772455217,2400.1527854238866,2379.8749683009564,2376.6217627183364,2372.706879006882
V30_95,V30,103.91645237997348,217.61829945946184,110.68195278373912,102.58625017204682,145.6445683165269,-202.75383625510275,219.1243530824877,170.60260135093583,56.62585762487827,172.04240566263192,78.00091866178927,230.64083916876345,78.52611896648651,225.23027070703637,162.7091359039679,-51.292669509570125,102.47799412529336,158.75994101910308,120.03615831074985,132.47302191649896
V30_96,V30,113.00613918734678,109.56217654124384,113.61449082847038,147.88542231842254,106.9033241864802,128.23285827249344,99.74184504860152,108.43083687257746,104.57044976302056,115.40944285960173,102.18478691324871,108.43062136322489,109.93649003237252,101.376860501409,111.42242818842968,112.15801502696846,114.2028477526964,209.08386472504594,128.04830190295468,111.12775497210414
V30_97,V30,230.24663896548356,193.20217534508515,-177.22119890606038,209.9262452863369,-124.98578021182551,-222.1057205173422,180.43961026994992,180.89463521642332,288.167330178534,-177.68459745595658,205.17250034409363,258.3819015969863,328.1857844168822,379.5344511447742,-71.39715166916281,-69.0552503702768,173.1569155473431,-373.10040820112397,-260.8254301606479,-235.21428402286716
V30_98,V30,1349.249853725673,1362.8318759180625,1346.444543270199,1361.7455018003498,1353.5699813478132,1275.900335554874,1369.8722308822212,1348.640911498762,1328.7417970474633,1330.4115299589268,1329.8552906936318,1356.84613182076,1355.2089689827935,1364.45973821973,1337.622377710345,1342.5920572568746,1354.4880898126064,1327.6639746636088,1330.4405929879413,1335.4554783814647
V30_99,V30,1352.6950579061445,1365.8148337156936,1347.817595320682,1363.103295590125,1354.935967926128,1304.57585559523,1371.761443027918,1348.640911498762,1330.4115299589268,1331.245611057936,1331.5234693355324,1357.118748624619,1357.118593656137,1365.543798984958,1340.1094427206874,1345.0699332481197,1357.16229404714,1354.6827032935464,1332.9761844219474,1336.484584781334
V30_100,V30,1577.9694355276406,1585.4522218956138,1566.4360601278422,1588.0171933938448,1572.3297505107407,1538.7936159082392,1591.5082077887216,1572.0944538770098,1557.4347474333335,1552.9145932229208,1559.334092874292,1576.7942487874534,1584.0514804476054,1595.2232369145963,1561.4680612548386,1568.0886067840308,1581.5270194779612,1547.6132495812756,1553.0391995202258,1559.4371642871884
V30_101,V30,1577.9694355276406,1585.685669029425,1566.4360601278422,1587.5512154424043,1572.0944538770098,1538.7937525806358,1591.7406346164512,1572.0944538770098,1557.4347474333335,1553.1527955339825,1559.334092874292,1576.7942487874534,1583.8179252290197,1594.991317582001,1561.7049589308665,1568.3245044174362,1581.6416435734734,1548.145557610829,1553.0345016547521,1559.4240007572207
V30_102,V30,3021.9401726353803,3026.674629568246,3010.987191064319,3024.962782808944,3023.6170357336105,3053.449105165758,3044.2263356305484,3033.634234487362,3040.578047884621,3036.681742156803,3033.634303813656,3007.421589986174,3060.4687690402543,3027.28569438466,3022.882714058185,3049.4478652135467,3032.0178780062533,3044.4575436847117,3033.798506685341,3040.486232900817
V30_103,V30,3141.151546840545,3137.23865314386,3110.352760372776,3138.7714109572285,3127.434952777296,3195.5451111499665,3143.2474429445256,3142.305629134432,3162.258456086147,3152.649906442497,3151.2413620954057,3114.6320916653385,3175.3353130389714,3143.2474429445256,3127.434885530294,3163.6621618180693,3149.2859049224494,3142.6462979690655,3139.807591520889,3148.6811808513157
V30_104,V30,3157.867947134628,3154.644345468772,3127.671518672467,3156.168650414526,3145.247844190265,3218.617956648723,3160.9712281366437,3159.683409221081,3179.759941912032,3170.087677752654,3168.686884851424,3132.0453019741435,3192.30154982068,3161.673411393588,3145.130157613823,3181.5048416013474,3166.679107991833,3157.259670649004,3161.4889470830326,3163.5893671758354
V30_105,V30,4096.306662611444,4097.896002020942,4089.762182840881,4146.453024247922,4107.545263094546,4161.149693980976,4115.64393741177,4130.808468411613,4064.717048462111,4171.2734659482285,4091.751948588235,4072.446612522638,4111.326561516093,4079.6174949437914,4098.166817086799,4117.621145213971,4096.825909858046,4172.0846680492305,4139.978219786969,4099.3868674623645
V30_106,V30,49.68950138104414,126.36626284695198,171.99934885757995,224.01870871461836,219.31184423268465,121.65231904085876,235.39017221955655,222.8264041910027,235.73571249039583,142.96089355876413,195.13730363704167,219.0755355164352,203.0537244255635,249.81712723023296,181.8692033304017,164.38825300248152,100.09997632583674,150.82150303852362,157.22526736480953,174.3249250774692
V30_107,V30,105.153638716392,105.3538883716416,104.17685756182676,125.64198377350888,97.23754743355276,90.6743236554136,105.7433205591731,104.96301132860371,103.78132234621486,108.80904234975496,99.74161076515044,106.13154397448588,95.0999838079317,98.91396677070092,106.13154397448588,106.51813307725568,106.17799137908531,155.65935873108924,116.67626647301509,106.17275488224509
V30_108,V30,306.8597952569722,272.62672085605107,121.65225565215212,303.18311464654766,171.56390427614474,0.0,271.7204209591982,276.2218474631404,353.28081307686153,145.07886630630787,288.4525489809513,330.43287916472485,397.521693698611,426.0726968431039,192.34916592223027,191.06257249438167,265.0001286280075,-216.87261506281254,-181.77906443346367,-142.48045760530914
V30_109,V30,2150.5691267385328,2140.182204146664,2140.354951580771,2176.182897952548,2147.602888584412,2193.118442326847,2158.771818360234,2167.665411532417,2171.9284268752544,2182.2948420906337,2153.795839653588,2141.2191672389727,2178.052213175945,2148.808436015624,2162.7100898544068,2174.311878903397,2143.2208390139417,2161.0917268551925,2169.028271112977,2165.7865495183073
V30_110,V30,4110.921612024065,4113.575747439363,4106.644384677108,4155.188204347029,4122.111369660008,4178.894512734663,4134.389539568882,4144.489469776961,4083.152862043962,4187.385384171659,4111.236580762219,4090.847643609628,4124.44431774562,4097.98627569819,4114.205264392761,4132.688958396337,4112.021275547856,4187.515727104997,4129.851622783874,4147.1162048086135
V30_111,V30,2354.307199161796,2343.3469941433577,2358.6125744312694,2370.503876489393,2370.036099780792,2417.792182078396,2391.326860300919,2394.574129032449,2394.728349938277,2398.279007490021,2379.384060541542,2362.530886599714,2410.589223539678,2374.399730974313,2386.370648085924,2401.362740476878,2341.9777587914814,2357.9620672967426,2388.977209230657,2390.2415450193353
V30_112,V30,86.965245598784,161.66490480897411,68.0600724420897,273.2983755081917,195.02351324566,-230.81905377559607,315.7106395288134,270.54994857168015,357.1485223516808,100.1694324563492,201.8475670199844,287.4446506342107,287.41889519859427,349.7581451014581,151.01557303836256,135.57551164257214,76.44666162423673,-195.700955065956,-145.23606784101398,-163.51290968391095
V30_113,V30,114.59307278320264,113.9761117314204,119.95056312761947,167.4406044628723,113.61469650483184,128.2324938125609,98.49801137994876,116.47301680960636,113.61469650483184,118.22497236636114,113.9761117314204,133.87904146962768,112.8888088615235,108.04330545120898,112.52348604313896,119.26363641222122,118.92497298550006,129.88800346421596,118.56287051659596,121.14411041633797
V30_114,V30,151.89472393891697,198.24305129051243,-122.32634277472896,197.4119428847957,-39.52450616542968,-256.4657165449869,230.4626550664731,201.5336773180954,258.69996116014136,-202.753951507322,178.60752605785746,250.30040069422856,284.14502969359506,325.66835693587336,109.56217654124384,46.23515608585775,126.6522974293602,-211.69187879029337,-177.51820652396847,-168.87059026207226
V30_115,V30,174.24144391876536,203.96669615152328,146.768953583031,237.49048650397955,185.38409771487864,0.0,236.7971684553554,212.6500284536646,262.7990859240996,129.825856113813,214.19101861547577,258.3819920361076,276.51947233966507,297.4310115425978,186.268880591962,172.9955729875218,172.33594693422165,-53.86056921679333,110.27332013345004,99.92493596322572
V30_116,V30,660.5483387125007,669.1491941805567,674.2899682884115,723.2944198777485,702.0088005498556,684.5758580504128,716.7858667096244,712.067401358191,714.0276780775064,687.2130142014616,693.2285443067793,703.1205082813013,710.6805217436385,723.918202613748,686.6743873555135,689.1246319096376,663.4594452679971,672.1089549378011,682.2984775984509,686.1316258690018
V30_117,V30,674.0540170476388,683.1330996686331,690.6738408913046,730.364351314777,718.1037512042493,702.3599581875364,732.6123633561893,725.1675741201301,728.335304330769,701.6573339536338,709.5805926024993,714.7756825876698,726.6400073031239,738.9815383716251,701.7744868450817,703.7633678298192,677.2100918175655,692.1457583881083,698.961357347657,700.9467263624547
V30_118,V30,1350.4202366980685,1347.817751358131,1350.8340199587783,1382.2401550904217,1356.3007338257728,1387.049527355976,1363.3748154855352,1369.061529080707,1362.56040217924,1372.570550140372,1359.298178905958,1350.2858820907888,1373.648209999591,1354.3840553330483,1363.103295590125,1370.682146317794,1349.5514646484826,1373.2796030492902,1364.33306324236,1364.7256502201597
V30_119,V30,1646.6440658385716,1653.5322536537683,1631.68367455522,1654.4266566860144,1634.4023140649922,1609.3088149695968,1632.5905625033324,1633.2700760887672,1657.10823847012,1593.8309508117704,1641.6303502834064,1653.9793884727324,1683.4678167484506,1678.6234246094389,1634.628770477431,1638.2462753348343,1646.088955870461,1648.0284740053369,1614.9004327369921,1616.9975206661798
V30_120,V30,2390.2034620095897,2376.7388859297093,2366.4425331642133,2400.900275353971,2355.9440784102967,2402.440779237637,2348.23656514889,2360.4939621684684,2343.1892119826,2402.440954318425,2383.7335792535755,2360.4939621684684,2386.991001711871,2366.129860744762,2364.5657005798885,2385.130338543884,2399.474481305078,2371.1682790640634,2370.4027780665288,2370.5491582999566
V30_121,V30,3831.092204622318,3840.149777987038,3830.69622464412,3888.404743531869,3850.4450629747134,3913.72740557663,3849.676157945822,3871.7177339225,3864.735594372847,3909.2818285880985,3849.580006702519,3820.541491201811,3869.0411291926425,3836.002720920227,3845.9262280901057,3866.841208482069,3837.104992442015,3891.485387656782,3858.804931579157,3857.7091139802983
V30_122,V30,3941.5352539259065,3973.024096115111,3927.316806046612,3984.92598119321,3942.736551692122,4016.36935900889,3939.357001442917,3968.365129284874,3951.5476434174266,4011.3919667014848,3950.9857886825016,3919.2066409971408,3969.297444903143,3937.1003264326937,3941.6103569021257,3963.327450748408,3949.812214763869,3977.0014159349853,3952.335343402263,3952.283843168556
V30_123,V30,59.68432060007306,169.70390239486758,180.60352026539903,187.99121940686337,212.3172888644468,115.4095177763046,206.6299772277636,192.27225441996129,170.05237693665364,171.4391552072997,170.40012649453138,210.63775845478384,170.92043038727832,218.0598723205389,188.3451417914901,167.64201762318348,104.24723101791116,184.36122067684047,176.87236120024104,175.95514521971478
V30_124,V30,73.61699615802586,72.27826171936557,76.74709394507988,56.40786147165658,74.39714779595361,76.93966029456445,77.5145976108323,71.86760825647717,68.54760826037041,81.19777929470608,71.03912093172418,80.419479212138,72.27826171936557,71.4550362745527,73.44619127972254,76.65060191668664,74.91896584890931,75.57030152638787,82.22706730164698,79.14882971398733
V30_125,V30,101.15569240542531,186.70982488440853,197.4119428847957,207.1664278963879,226.50435900684096,181.34851845491963,221.36422225622823,209.14134645557644,191.06257249438167,191.06257249438167,190.1999676158634,225.04769893271327,191.49247880675304,232.23945098651492,205.9724103479456,189.76725635726527,134.35105016901898,187.04067939098323,194.07417786413828,192.8206894083281
V30_126,V30,613.1385678845083,694.1174459923404,669.2720724068856,680.1175746719409,706.6779660132161,628.2098816699506,716.6137787088695,708.7690487889063,676.3597087220471,699.8974203195368,664.4637572242823,698.3686390777403,680.4802009403819,702.2429362443847,696.1281703879881,686.7342783302048,608.2859417519184,683.4618972969572,689.7985238917394,690.2693657291426
V30_127,V30,617.8286736300038,699.0746689936075,674.1680739804096,686.1353717365882,711.4321111777633,641.1640362407798,721.4164020157175,713.2787581025589,680.8425654251462,704.2304610579788,669.6405020058446,703.2958979298025,685.5360100927536,707.0269037818916,700.9538720729068,691.982055564074,628.024648015191,684.1694185145042,697.0286443002768,694.345960789132
V30_128,V30,623.2853186179606,705.2804554371868,678.0594084123741,686.2552084898338,714.430529439943,641.1640362407798,723.8057638126293,715.8101761100689,685.7758380556782,705.8630850041623,672.7029942046273,706.6779660132161,686.3750243204331,710.1596942575816,703.4127446989785,693.999000528944,643.3792579201792,695.0896480323465,699.2578518539473,696.2318515881564
V30_129,V30,629.374927196207,711.4321111777633,684.3356095501558,693.6434754084972,719.8190879264992,641.1640362407798,729.6886292287902,721.1884262592042,689.124598000173,711.0853022362752,678.9076280893883,712.4714595119156,694.8277956531073,716.4990195415166,709.2329112324682,699.5449263250434,650.1801331653382,694.1305894125697,704.6427216661915,702.1276603377927
V30_130,V30,747.608814662628,795.7669806275696,772.7024393490876,767.5780474955499,779.4825196888379,713.9700438684772,787.2491887100123,789.4393224027118,746.0681287780571,766.5061715977221,764.8955413961268,798.242812586868,791.9349368130742,808.985402217866,773.6594501746401,765.1104635535028,761.9764442793493,770.928309701289,765.7900435252405,764.7755957987158
V30_131,V30,754.8148387704955,802.9155963829335,781.431423834824,777.3171818386812,787.719017814517,719.7048398559078,794.888271206006,796.2317836906623,754.1245109995998,773.7657317792289,773.6063492062848,806.0327247686123,801.9421851525618,816.8746660206787,781.9573160386876,773.1279136692833,769.6505590545761,763.9864409528998,772.9540512219045,772.4854047900833
V30_132,V30,765.6255718451561,813.6470095304123,792.0387365784285,782.4302929160515,799.0663657164737,725.3942993175158,805.0120239862289,805.5225215425776,769.7173820748093,781.5892107111572,783.5853627650641,815.867071023327,804.9098972348696,825.5842790184727,790.9999782586877,783.0605340930265,780.9583207577878,788.3909174912709,781.1700417395708,782.1666344697978
V30_133,V30,772.7354087830737,821.3909449832167,800.0946223535992,791.1039302371684,807.4595092955929,736.6413704696816,813.4449114269515,813.8490861608548,778.2157616455534,789.9598836052122,791.8310939295562,823.9893590435329,815.9678550111527,833.8091029669939,800.300120983512,792.0387365784285,788.810533960218,785.1000315538909,788.9733534375102,789.7355220046019
V30_134,V30,1998.7369249379003,1997.0998705822965,1998.5814253535843,1989.675760239128,2005.603707391674,2035.632690859563,2024.3327032180468,2021.040204221964,2025.6117203391009,2011.6822279585213,2014.2553069452104,1999.6919236707229,2036.5412431056088,2013.704149979232,2016.825311738688,2029.4437279966548,1999.8878485091516,2025.7998896644199,2025.0398874898212,2026.339069182245
V30_135,V30,2002.862426737065,2001.7260620707816,2003.204195348526,1995.617215898997,2010.2103286961797,2035.632690859563,2028.714355142508,2025.7943414884503,2030.719526020766,2016.4583240394493,2019.3918374952996,2004.3120274716275,2041.9841703938075,2019.025420464248,2021.5893611203344,2033.8143687531997,2006.28246560518,2025.8357824579796,2029.7275986246534,2031.725672599878
V30_136,V30,3390.522472157524,3387.3127720693456,3370.779316166179,3382.7221239002665,3384.143698335941,3440.8473118789607,3406.482254060338,3397.019937232688,3419.490809416012,3410.0645891843365,3401.9175356772366,3371.876742089322,3421.221509407721,3395.603753457379,3380.9717163516275,3415.051806405335,3402.548238621121,3390.2002874158184,3395.4025615662226,3399.691358442148
V30_137,V30,3403.994158051971,3403.004919934359,3388.4048431929264,3401.482472276552,3400.612240338273,3462.285776262468,3422.3027601285094,3413.426295013085,3437.404742176009,3426.624412567145,3420.788901129441,3388.1864819563093,3439.1264272033927,3414.7266921230657,3397.346684085941,3430.5092387684026,3417.312031661747,3408.0348413994284,3418.0597020898495,3416.260215799275
V30_138,V30,3488.65477489274,3484.229533940329,3470.610957350798,3486.989339259001,3483.486173009194,3536.2971952342214,3509.0950057403684,3499.910062475935,3524.3499118300992,3509.938341250355,3504.241572818365,3472.422775396112,3524.769750031804,3499.5928916813928,3482.84887159072,3515.5205908993507,3497.8966998266583,3493.413149116238,3499.8337801133534,3499.53802877734
V30_139,V30,3496.409233917273,3492.820161881657,3479.873174492865,3497.054670156719,3492.2904948576397,3546.7441900644008,3517.8351754479213,3508.673112121708,3534.3088454428853,3519.097050757445,3514.257491224501,3481.1488106063625,3534.4135139236514,3509.727421506548,3491.8666913456664,3524.03494067574,3507.3125657073856,3509.8680149823263,3511.6715802400204,3508.935788576699
V30_140,V30,149.05760793680216,194.0514351535912,125.96852542887818,236.79697108943145,183.82522644954005,-128.23285827249344,219.49919865350344,172.9955729875218,250.79275947005223,118.91809555768144,203.36122785673933,261.7017572661813,267.9113763090623,306.151615605683,166.45591178189383,154.14626228900173,147.62114626847628,-62.48802173444796,-44.551435342734116,-50.85257486753022
V30_141,V30,185.170127575228,203.36122785673933,176.05756549137652,225.5949709955351,196.5772017972951,128.23285827249344,220.9924344038069,199.48345581388955,237.1440808542044,178.60752605785746,204.16823436199863,236.97068813743545,242.9664912307607,258.8587992557224,195.10778164932196,188.8986128127896,184.43920695606528,156.41821885995927,157.6620304505908,156.06628065342082
V30_142,V30,352.2202993523281,377.2530233914715,322.6271650542585,400.8172671457469,358.8227787390983,256.4657165449869,389.6884638599338,362.4703728901526,414.9277734110367,305.61402587393553,379.2094084568522,423.55667075014384,435.7085462528104,467.1266056424917,350.0074004911623,341.80714454418427,346.6913553896396,284.7481977034723,283.63203492002185,280.5084656784695
V30_143,V30,615.255611216243,625.586892148704,589.7314865182866,632.1239956392357,610.2857733079344,544.0457271726212,619.3790613837729,605.5521948743542,635.7554593603884,566.6961270849229,621.7638500981636,646.0185194806795,658.3727422896808,678.1806377598044,602.6942027977933,599.4112125215815,609.8996880829899,568.7592355016777,568.7736817482369,568.7641153785105
V30_144,V30,1650.8740134033849,1656.2150296030727,1633.949564509013,1656.6616942347991,1636.4386510288616,1632.1373103738297,1636.890583643796,1634.4024427423756,1659.785361134916,1595.2232369145963,1644.1076806500068,1655.9916521084251,1683.6874240303769,1681.7086755263038,1636.890583643796,1640.7285871307113,1648.5954336208297,1621.7427308228723,1621.5793918940124,1622.0460309100322
V30_145,V30,1670.8117249318834,1674.653631826539,1651.741103370479,1672.8852219746811,1654.8740581858117,1632.1373103738297,1650.1723316994753,1651.0689369772974,1673.54875173563,1612.294782414612,1660.8995236954454,1672.885347691981,1699.8707691015709,1697.4771765314863,1653.75570900334,1658.2241997934775,1667.429247960798,1637.8545488966483,1638.1530542232003,1638.7301310764606
V30_146,V30,3750.770160287792,3749.971057608623,3732.0704198506814,3791.475713867356,3751.845227643382,3837.354697253909,3755.196505984788,3785.5185117101983,3779.943413052167,3815.69640270652,3746.713786552352,3722.9387508631967,3778.279064874675,3734.448909834818,3752.0423686881495,3770.5351342834497,3748.951774448732,3765.3412652546226,3765.7337034370394,3766.3855530321116
V30_147,V30,3826.3475050293086,3835.136490859868,3825.380443088196,3879.4504055647008,3844.7716214203374,3913.727513049789,3844.675292818156,3865.1184592630607,3854.3825571668535,3904.452111952676,3844.3866754705473,3815.114651362817,3857.548860472375,3832.531796962463,3839.764313914198,3861.287666302445,3832.380283844894,3851.5603525535853,3855.2063160476587,3855.765106834437
V30_148,V30,3913.2169458405374,3919.7730509128737,3899.3317550345664,3957.348344075039,3915.995670049305,3997.903284943349,3913.9165539475534,3943.111896255641,3926.6573810354807,3982.4184130819976,3922.2263520820215,3891.2583322149617,3940.389851468295,3908.713898394506,3915.3341771765295,3936.350378468196,3920.68092819707,3925.8806110348287,3927.388166457679,3928.1355255180015
V30_149,V30,3932.2313874297697,3938.229733416256,3918.0736291965018,3971.906383169046,3933.1533499794136,4016.369463735475,3930.330286017389,3957.722302877898,3937.853923499472,4002.5277642393257,3941.6103569021257,3909.755004869628,3953.606863806356,3929.57717281636,3931.6479538583294,3953.981176470167,3940.557972910504,3943.548503989872,3946.456791877983,3947.5406292503267
V30_150,V30,80.43100145276206,140.87527615154403,188.4629756602395,220.03606073060325,227.93179703348355,153.8793752580636,241.30436434924067,223.207979922362,232.14565560255707,168.1928637538094,201.9025420464248,210.6026301788223,196.46002408983207,247.64540922456555,194.8147123106283,179.65869907141197,119.27853236621104,186.25007598081825,185.87729465650855,183.59560634048486
V30_151,V30,2160.801759818743,2159.114519567724,2151.217601867547,2186.0215173679308,2159.457263779497,2209.924206575488,2170.394659440702,2179.920021909372,2185.344403990344,2193.4557772920666,2165.6163154961287,2152.593085391036,2189.741850304688,2160.484975484792,2174.1418295341664,2185.683035010745,2153.3011058974107,2178.8803481926793,2179.506369063018,2185.232990693679
V30_152,V30,2161.560151242742,2150.70154430395,2152.2492480635806,2186.8675902234195,2160.484975484792,2209.924206575488,2171.5876510023186,2180.9381875119907,2186.5291426568533,2194.467662728862,2166.4703572209387,2153.2804976632697,2190.9243070523557,2161.341044830893,2175.162603148477,2186.8675902234195,2152.964317231289,2179.7713182963353,2180.339233716644,2185.8272083435772
V30_153,V30,2159.7775946243287,2149.152921686827,2150.529530195082,2186.6989019625685,2158.2578594080724,2176.182994594524,2170.224400042473,2179.410760735381,2183.8201553546155,2192.274685954955,2164.591040066816,2151.3895609619967,2189.910784348826,2159.8000509756284,2173.290705712177,2184.497644918734,2151.528760531468,2162.5506044706176,2171.1315586252185,2180.916527051062
V30_154,V30,42.99906276373655,105.00224017649718,115.02413255758084,79.7727627176795,129.08910331614948,76.939605625594,143.09026286682428,99.83647867214393,105.91441125422132,111.1638838191384,107.85286990640276,80.2813319372563,101.45401331484318,135.00114181293648,120.6138493627786,103.93980698273982,66.84905258680253,105.22860089823816,97.08230123304251,105.8422189283486
V30_155,V30,611.7894378881275,694.2951436139289,669.0877291423384,669.272107322202,706.1543187955182,634.7200446920909,721.7581820696192,694.1174123267879,681.8683275546655,704.8138922868823,664.6492774933901,680.4802009403819,685.5359419188062,703.8224022612291,698.5451214627994,686.2553446948151,608.6670231011915,688.23463053482,687.3685988868707,689.7822698702014
V30_156,V30,612.0319634187432,693.880501169945,668.6574554635206,677.6954178471796,705.9795730777507,628.2098444725383,712.0097725706748,698.1331371022434,682.1697025647032,704.3471859656215,664.2161286287653,699.3098204801895,678.4229970217574,702.4771269611545,696.3643839761601,686.135473908073,604.0152004729506,681.3818710056654,686.3511087840284,688.3171973958775
V30_157,V30,747.4575837690671,796.2316956465203,773.8719685914473,754.2334523970379,780.1678302324634,713.9700765979263,794.6814319242552,772.383202490119,752.6512031802444,773.5531539675062,766.613353472032,777.4758638032345,798.2941869710459,811.9278600019725,778.0572906476742,766.0233625229686,759.6567887603616,756.990353212322,761.8831175148435,765.6415745472697
V30_158,V30,748.5161075806922,796.4899164897164,773.2342078922026,765.9696711668739,780.0097857858926,713.9700765979263,783.5854522300723,778.8494132082243,752.9788678356547,773.1279438943548,766.0769281030842,800.4028651108604,790.8960717093697,810.2050626705454,775.1457952300323,765.8623992096228,760.5177331800189,756.7545003539378,762.6900500615579,765.7437868802285
V30_159,V30,2004.044328968106,2002.8347117969784,2004.6807141897348,1993.7621888281487,2011.8663225863093,2035.632690859563,2031.448282464244,2029.8085751689289,2034.5422233891352,2017.9256659439525,2020.307589327772,2005.4195622202008,2042.3465713783144,2020.675647286329,2022.8701127981417,2035.2689910652723,1999.6765685782389,2028.248176127161,2035.9663141737092,2032.6385592614997
V30_160,V30,3408.469269411487,3407.2424150423767,3392.987554823813,3403.98328113055,3405.287160781716,3451.5832193933347,3425.9766564934635,3420.356115158801,3440.202172704451,3431.371765941283,3425.4364080477635,3392.224571469252,3447.400044782844,3422.6272162096566,3401.917350213808,3434.9284496749183,3451.0674557030075,3397.6203934211944,3424.79341516393,3420.367546077222
V30_161,V30,3500.554832413281,3496.631624518629,3484.123297492568,3498.852734718895,3496.6313839322547,3546.7441900644008,3521.3042892401213,3515.625818751025,3537.5524255383684,3523.405033276648,3518.46596046636,3484.9728570048183,3542.0466713892893,3516.888546587892,3496.10229431663,3528.127133974892,3509.242317916876,3490.0333285889674,3516.6197581393667,3512.0591955171612
V30_162,V30,45.21147646592017,188.8160026345137,60.82616816436616,41.61148885317822,135.60277974745185,-240.24408667780324,219.46361850845267,117.15946059911742,102.57823402675608,-118.29084846048106,112.2568136246133,222.1446039372153,167.35486889018986,258.6077718392998,123.13354736783378,21.5911675990268,73.06130682686063,-124.92276003164653,-49.02824117715997,-47.85666762097091
V30_163,V30,52.72031872504896,197.8487201539969,-21.07078876448856,70.09538387357453,122.38006065346288,-255.18006711099792,223.22455291773957,123.58342919104564,125.42584966664334,-131.13646344339327,120.36819534758112,236.0807425565716,190.2993888686624,269.3713172682712,123.22365342503852,-53.30537923678697,72.43524598010833,44.006025989798246,-47.85803710675001,-60.87938710639076
V30_164,V30,102.45672917958971,217.61829945946184,84.08793072355363,102.58625017204682,152.80701293696777,-256.46562543011703,228.671849370913,133.26340425429024,127.59007201653938,-86.9716914643838,148.44019287973663,253.56392064986684,211.09784488475924,281.5286770330377,150.63946599866892,70.23596254829519,112.92502782312674,-90.19229397033722,66.8104968879718,50.98506726792583
V30_165,V30,140.39589284145197,153.8792993289798,138.70504707966296,88.37829273967321,144.51103066955088,90.6743236554136,172.99550544868137,153.07584596666644,149.5438724564426,141.92778251972248,136.3132747143306,164.71800375431528,156.52814266946504,165.4650061862327,148.44019287973663,142.50582986908674,141.68999920815523,146.22320121923613,139.67455038247047,139.3277528103685
V30_166,V30,231.6957830093343,299.91127718023864,229.03112050169335,236.44959883504524,263.11171706758654,-128.23285827249344,314.36657207248214,246.3271952680578,254.5348770086552,184.0486944454657,259.0175850551586,325.92326902084085,294.9354741965305,350.7114514199103,255.50205211821304,222.1057205173422,237.8571178302159,229.0935467431221,227.24350484316588,220.1440022585259
V30_167,V30,389.4352457883188,433.5330920085643,392.5264576297809,384.5915303430414,415.4228497840832,286.7372658029616,452.10021876493374,400.5094682161322,401.8416092939348,363.0370250619919,404.4927011088115,451.3721856218201,422.1956897693671,472.4643770168015,405.6091106175999,387.8909922192465,394.7956532920613,361.2568343774488,386.25335653422474,384.60389059684593
V30_168,V30,1078.487464069883,1097.5708851664583,1077.842284020389,1087.411118670458,1089.4506902669193,1017.8163454298124,1107.6375604112698,1081.95356182386,1094.1949061874377,1049.3174395941155,1074.0598452798,1100.9367029147825,1104.292261896578,1112.30411359784,1074.7484803915152,1077.842284020389,1082.0390858034084,1051.5477503307807,1065.3455946713182,1063.9790923826279
V30_169,V30,1093.196904703859,1112.30411359784,1092.5028602442744,1102.6157112067856,1104.6272095666372,1017.8163454298124,1122.568229920007,1097.5708851664583,1109.30642656076,1064.3709876995483,1088.431430509209,1115.293649195094,1117.944522296563,1126.516289960929,1089.790296004319,1092.8415175051027,1097.1798260577546,1086.9869418702285,1081.7635315808927,1080.342480065557
V30_170,V30,1666.079524000609,1674.6536946188123,1658.4473399905269,1669.7861241245994,1662.4581094746966,1609.30894565341,1676.4202389579405,1656.6616942347991,1661.3449921627318,1625.094701730953,1657.10823847012,1673.5486260681653,1688.51498327047,1694.2023595287249,1654.6504996602946,1661.567713253096,1667.584441987602,1651.850616924582,1647.7778370495826,1649.7730967148439
V30_171,V30,1676.1730090873536,1684.7858424508029,1669.342971188738,1681.7086129974518,1672.4429530932498,1632.1371815178638,1686.102962585254,1667.1251241579416,1669.342971188738,1634.4025070810633,1667.56892954081,1683.4676918214236,1697.9108188709183,1704.4354067537608,1664.459870011,1671.5578126425694,1677.7703131940673,1655.889034469195,1656.4072263658,1661.6425481217095
V30_172,V30,1680.403485134582,1688.734058743173,1672.4429530932498,1683.247930928845,1676.1994913633823,1632.1371815178638,1689.829134538271,1670.2292853982958,1675.0955681340422,1638.2462753348343,1671.3364228261992,1687.1997460919574,1702.9152409469575,1708.1216495326296,1668.4561231278876,1675.537136841048,1681.8317902709496,1658.984055266228,1662.3317624960018,1664.9625542930974
V30_173,V30,1696.253959901332,1704.4354067537608,1687.8574616404994,1696.602865529468,1692.2358441495282,1632.1371815178638,1703.1325258451116,1681.7086129974518,1686.9804713696158,1651.517120750861,1685.224996875815,1701.393716898887,1714.3916134098072,1721.713452093892,1682.5884135383476,1690.048101882103,1697.1850667250987,1684.0442353947935,1672.5877692968104,1678.271953133099
V30_174,V30,3452.1191093649486,3458.3297069417013,3438.803680742189,3504.3471393540403,3459.078504437717,3515.3100958330933,3467.0911816827797,3469.8645879509127,3481.786393000145,3495.573184782729,3462.713230569881,3434.497353597654,3485.397438425461,3453.940620026239,3458.5436395652555,3484.2295641206906,3458.305077691985,3458.2117127850574,3466.1161326379442,3463.0069583113104
V30_175,V30,3472.5505805908365,3481.998884454556,3465.276606363033,3531.7955140286026,3484.229533940329,3536.2971952342214,3491.018960096237,3494.091041167732,3507.618545793984,3519.412404072854,3490.7010115661114,3459.7201845044324,3506.458072543832,3481.36131077159,3482.317657718054,3508.0404463377536,3481.2433574131437,3498.6868180046254,3491.520464519814,3486.6921887650446
V30_176,V30,3578.6776206570225,3579.039464471693,3549.976556227557,3619.335497599106,3567.650097144204,3639.417865501786,3573.1422154207207,3586.062063440821,3599.552249790363,3618.4153646399022,3583.89476668866,3550.080733150298,3607.3554917627966,3575.316030195315,3570.3454206248634,3598.524228501328,3585.011577403339,3572.438505509006,3569.8603080666376,3571.4757299030452
V30_177,V30,3600.3641507787715,3602.839859165213,3576.2472522031308,3645.512338979231,3592.864955988465,3669.789051106765,3597.701599969585,3611.865449709081,3627.300215676005,3643.278868967957,3612.172762301873,3575.729913710576,3628.0141099889606,3603.2506103703754,3594.10045946014,3622.9115838264265,3609.156031426596,3602.4200771922,3599.444653324243,3595.5602270060645
V30_178,V30,3602.665293963962,3605.303635277097,3578.108969152137,3648.352938715705,3595.026815728816,3669.789051106765,3600.1688924516234,3614.118332786514,3629.237676608024,3645.51236782437,3614.937196378425,3577.902126895746,3632.4984191503736,3605.508876388281,3596.4673336069814,3625.565795960262,3611.963794912636,3606.6860463078733,3599.0560729400927,3597.096418211503
V30_179,V30,3605.7140988199258,3608.1758901596154,3581.6228726819018,3651.393990299273,3598.112937744922,3669.789051106765,3602.634466001008,3616.369783312148,3632.091004517495,3648.961363313077,3617.801802966271,3581.2096408580264,3635.349216681429,3608.380967899645,3599.5522205769207,3628.42201137407,3614.637304425824,3611.427243121322,3604.716131364004,3600.6930833058977
V30_180,V30,53.09388763000945,70.46390794551438,68.3855132706932,28.65936752845767,65.45526225054458,47.11571601693522,79.72637548079167,43.35333345627633,-14.899227042822996,57.96068888856562,60.94770123047335,-48.20258977408564,-15.86146493588063,72.02186674495124,65.2854576238537,49.936731419189066,55.5359876734781,68.34739995479144,52.07567100949646,52.41055649364044
V30_181,V30,67.88472117157534,204.48810657086003,109.68964822597584,137.66075774143115,141.73932052396367,-203.56326908595625,200.3758135492919,143.29694037817285,-90.87355303935416,141.81761301656704,70.72595104132232,189.50058535873728,61.911377783355576,209.98684394884827,147.57083122660438,-84.1074285393723,77.935408055626,72.87246780382452,83.37534407587967,86.17979177691569
V30_182,V30,78.3668078557169,214.6741340795885,117.69508164248866,217.44821084092595,150.27878136123394,-210.7079974374021,201.3704254418911,155.6008919617264,-78.55763236227064,158.3818058016134,84.19537511247377,248.42107125258045,80.87823126307036,220.12011686709064,149.3898403596677,-74.9915242162619,64.30049392412403,99.88967658011703,91.15703056402108,99.82556635923348
V30_183,V30,1345.17437396595,1359.5701493435806,1343.969201649815,1371.761443027918,1350.5598231123247,1332.6344809192851,1365.2730185336632,1343.1430218227154,1322.0424132379976,1325.9546064224808,1326.512481341508,1356.5734602323032,1352.4761676503729,1361.2019123523205,1333.7444093448446,1339.0047904121604,1350.373723695426,1317.628824260315,1326.88890620402,1326.9314027517107
V30_184,V30,1345.738096122189,1359.8423747029224,1344.2444299362876,1360.9301134743473,1350.8338642693077,1304.57585559523,1366.8979736401352,1344.5196018820438,1323.1613857514994,1326.2335732157023,1326.512481341508,1350.2860378434425,1351.6553431885347,1361.745347358831,1334.5764074686747,1339.2810389074534,1351.1954823638273,1309.2237824018946,1327.4487077374547,1327.6734750391374
V30_185,V30,1569.6002062691766,1577.2635380592112,1559.334092874292,1590.8105913481666,1565.0182986992036,1538.7937525806358,1583.8179252290197,1564.5454708641553,1548.859141645792,1545.511295580492,1551.723033176597,1571.623754926428,1576.7943821660554,1588.0171933938448,1553.629225960324,1560.2828985615945,1551.0552512366116,1524.197743922137,1547.4063645992524,1547.8234624215604
V30_186,V30,1570.2859942909763,1578.670302405334,1560.0457849414088,1583.8179252290197,1565.7272727251934,1562.6523250848024,1584.7520722881595,1565.4911180665383,1549.0979675572664,1545.7506387503795,1552.1999024525896,1567.144526960485,1577.028977558988,1588.7160364352874,1554.3435301346483,1560.7571524829934,1574.767993767735,1529.8318053101907,1548.1022639915511,1548.6522106476882
V30_187,V30,2354.3590584849303,2343.3470838913204,2358.6123960970817,2370.8161494629558,2370.035833569105,2433.0464672571165,2391.481642381603,2394.2648668653974,2394.5738655484797,2398.4335162896136,2379.5393543180085,2362.687288095198,2410.7427688779217,2374.870190448189,2386.37082434573,2401.2085953325814,2331.505711074668,2386.13943633261,2389.105940011412,2399.62589244704
V30_188,V30,3031.3161621579006,3036.9253774186,3020.8013522518827,3033.878183799866,3033.390334888192,3077.587436825076,3054.902739572467,3043.740145314928,3051.146043566179,3045.927356067351,3043.132315465061,3016.879504991445,3070.004328901688,3036.804808801121,3032.7804307298475,3059.2596360429425,3041.4504071626325,3042.7423642916106,3044.7673633571285,3048.6892099550823
V30_189,V30,3152.4856235173315,3149.1272975134525,3122.462322618894,3149.4797624143807,3139.7142849198544,3218.617956648723,3155.6997068028777,3155.2306934948656,3175.917907255718,3164.013007563772,3163.311277159745,3125.778288356402,3188.590714324964,3155.816932578198,3139.36072362136,3175.9178410352965,3161.308335480582,3148.7364777122707,3153.759649841294,3156.44352125186
V30_190,V30,3152.767279866273,3158.512257528501,3122.6992652247527,3150.7716851332198,3139.9499256821914,3218.617956648723,3155.9341539990314,3155.230760149459,3175.5683767971645,3164.3638144097954,3163.6621618180693,3127.434952777296,3188.126539699405,3155.6997068028777,3139.478559482119,3176.267399250401,3114.470571521778,3148.380290784598,3153.8499501954557,3155.7895093169614
V30_191,V30,3154.210373908743,3150.65427164056,3124.002330286573,3151.828343193214,3141.2457678079063,3218.617956648723,3157.3406714209063,3155.934220638768,3176.616786588056,3165.8834396434504,3164.94836177782,3128.262989601445,3187.7784138555767,3156.9890841585807,3140.8923789040778,3177.548430712015,3162.8715194531133,3161.8116258907457,3157.8353335243687,3159.5702641522303
V30_192,V30,83.98231771201957,168.56639745084783,198.0729948119601,233.59146699158848,239.62728216017615,153.8793752580636,247.94403446584136,234.5714246136208,237.14403059953275,198.96756545384704,204.1802997281709,238.14043858945843,214.2601069457149,255.3829700855205,215.77431932275036,198.818756916841,102.40278802889397,195.16225283925868,201.65626016118966,202.96225619250018
V30_193,V30,187.06349486032803,185.82701574655692,184.0486944454657,207.36485630616744,181.5750346100753,202.75383625510275,188.24481006046756,187.36910858498976,207.36474361666453,188.4630376560805,175.82394125628795,184.0486944454657,190.6318192549696,177.9157784485149,189.9837351807248,185.3839716639149,186.12995322507945,241.90830985189834,191.04545931281697,186.66035688519779
V30_194,V30,629.5858670407694,609.6118036522553,552.4438218233433,621.4993212881934,570.1675199820891,528.7173983462163,592.2357102833963,599.822593318323,646.7816614265382,552.5926520522156,608.3967614543137,625.5868547952239,662.3569157846936,682.5311015980596,566.9862662497392,572.9007597711839,608.7507499071061,477.8931923469624,500.91351586682197,490.7603928418455
V30_195,V30,737.4925059230014,793.9050471240257,774.8275650592593,771.7442114923648,789.4393224027118,725.3942993175158,809.59497144117,800.0946223535992,761.5560622706747,785.471729352547,772.1702138068785,801.326794476535,797.7276271767154,814.2530889711193,784.2146458624642,776.4176222633519,753.5317191903442,773.4543904525962,777.3088856181047,783.8943720854238
V30_196,V30,2152.4830713465994,2146.3965660611425,2153.624072691798,2180.9381875119907,2162.881038006281,2209.924206575488,2183.3119002196945,2184.3283885090223,2189.065887686371,2179.2410127330286,2170.565196159811,2155.1696776811937,2197.66866962004,2167.8362599667903,2176.3528844770244,2189.065887686371,2138.943969241116,2169.8578628901487,2181.541623505446,2186.0788336286496
V30_197,V30,3434.32500556644,3430.72490621676,3419.057920643587,3442.6747329437967,3432.342163954569,3494.1969444651427,3456.189378565314,3443.427026339883,3469.4380753491905,3461.644571775833,3451.2616073668323,3418.733310368553,3472.742367118781,3445.038260082151,3429.9699495039586,3463.140571388626,3443.081013782119,3455.3662073087153,3456.291200775587,3445.4285040710383
V30_198,V30,3887.2819043170575,3883.6443737521167,3870.57087530496,3919.678619174187,3887.5483504420495,3951.360349640965,3897.6234745783777,3910.511989342376,3878.210446377921,3960.1521477870265,3869.901672200724,3854.8624722246695,3897.243802979332,3854.8624722246695,3883.358652649072,3896.2942462127176,3880.075087706457,3911.2287810232133,3900.871714414066,3929.8424768908176
V30_199,V30,161.0677568645369,153.87952711613866,113.97590670725444,175.35575902485536,115.40944285960173,90.6743236554136,148.44027159099932,159.39091822668735,180.43961026994992,122.32634277472896,152.53778271255587,171.3240160250336,193.41480968614772,195.9487825611959,133.57166502282797,131.08635261834027,152.41916462302072,167.14679587297564,54.28036467820179,76.22624649006343
V30_200,V30,218.3057624417345,192.56286353943185,-139.00098836120202,232.41647398161356,-99.74161076515044,-181.34851845491963,163.71665105819642,204.16823436199863,270.0511158438083,-86.020999092036,205.5729012511888,252.1005207956725,318.1362582389661,347.5322592027872,71.39682437473657,62.16305660071511,179.9834349562758,-154.6448327468008,-232.9038993888668,-226.77563705902918
V30_201,V30,466.076423154736,437.3096246021541,350.4769693736647,457.34369874180686,373.6396716001368,314.10492223627347,425.10677369955886,448.9979773480677,490.64760771032144,365.8569936579202,440.49416403225496,468.181434643247,517.399922320205,540.1022316876031,381.4791362706794,381.9099505602062,436.6915809440351,319.37236065853267,264.0214307262506,227.41322416669004
V30_202,V30,568.4771659332627,548.9352700135177,486.5247850979165,567.4935499073667,503.8749828651272,462.3499940764167,533.8244276048597,544.1212744440332,576.3347819938291,494.3204862737883,553.261787044972,574.9779483457363,617.7175623259711,634.46091779299,509.5540299889123,509.7959725434387,547.9248497084915,472.3868843217126,440.0895461673432,419.77303308916663
V30_203,V30,4025.092808183033,4021.70875594705,4011.299744233247,4056.9727058052417,4027.041021235621,4080.342966680473,4043.4530980378254,4059.4343245857945,4000.1237127372488,4094.011888511118,4013.144000554185,3995.7741535437,4034.842762054429,3999.7537708564505,4020.3286420338895,4036.859597643247,4020.9441998738735,4054.4907682216312,4026.3581878757377,4058.4957044408343
V30_204,V30,4104.238192793666,4108.265803116663,4106.464216006054,4142.5250861199565,4121.752325593645,4178.894512734663,4131.614541125541,4139.040432197636,4085.960927999448,4188.887137266819,4113.215907165145,4090.757212399207,4122.290905475177,4098.889057047038,4111.4165914535215,4130.271050124387,4106.731803068756,4195.363070310621,4139.105332301135,4118.421939229169
V30_205,V30,45.8780893377054,46.08360736071173,54.06350008634673,31.839661351972705,48.88851186232781,47.115849927811446,44.11457621153927,57.64071513359752,48.43245460114445,52.183014878630274,52.88726403695454,106.71478711510062,22.59609441392297,47.89466535963318,41.25429554773167,53.65129339841936,48.717861185077794,46.56723278523046,40.83812152580031,44.79929829743058
V30_206,V30,67.69610180474399,158.24157371160237,131.13646344339327,152.96296461574764,155.5057100469651,-54.404594193248144,159.9623710014034,168.1268665168844,121.40878356757273,142.49429190236012,127.93753934244944,247.0171253719156,113.14327122526848,174.00962223087168,141.60870219099422,116.17639872282224,100.42541818021706,130.10159555686596,132.31146119433075,133.33824554636465
V30_207,V30,824.8330504541989,849.9717578874993,840.1451146668403,835.8280748896627,845.26720045943,774.7214592871655,847.2103256996768,834.0062663926069,804.6034101617686,816.9245826480925,820.3892671518583,867.1136694350866,832.0818459194116,854.5060408736495,833.41452403056,821.3909449832167,828.5998352803925,814.0336943407173,828.7434636849465,825.0643621820416
V30_208,V30,951.3802762416894,1005.8717392746628,984.5574481880676,1001.8585424084224,1011.49595577325,950.999936366696,1025.461609005201,1002.5969101648852,983.889146740712,994.775890480574,979.030342187623,1004.31756413936,999.7226348456963,1012.4709554251974,999.4757715530942,996.7574591964752,959.8450679668464,981.3133587358934,989.1631155564639,991.6334403918281
V30_209,V30,964.8442990534504,1006.0351823185993,978.0221969748904,995.602039060404,993.452586118005,933.5488991413368,1010.52010789219,989.6383004655652,969.6638976775232,975.7075761253424,972.0351258916,999.5580660916085,998.7351899222244,1010.3573903639552,985.0583055621004,980.037641092415,977.3115535804964,964.1011952833284,972.9324577473287,977.212716413322
V30_210,V30,1048.181431160174,1082.6368845892712,1062.6315526474605,1074.4040222616989,1070.954918520382,1017.815932171429,1084.0035959719771,1066.1075847357397,1050.7271911927412,1059.1441125422132,1059.8420423592054,1079.5577955162962,1078.5286990640277,1098.2452569348966,1064.0231700507084,1059.8420423592054,1069.0294821361592,1061.9456633764169,1055.0998075119096,1053.850157905584
V30_211,V30,1246.8443227658702,1260.7310703710143,1250.122290741821,1257.7930140725364,1256.0267474950306,1216.5230175301438,1263.0769943786834,1245.3778946302525,1229.8323814994976,1227.422920046257,1237.6288664316226,1261.3181271598207,1257.793682896152,1269.5051047278769,1242.9985673780302,1244.188461699542,1248.783793617829,1237.7210369910224,1238.361891568203,1238.0782624439728
V30_212,V30,1367.5257868499914,1374.4557473800169,1366.085506769946,1376.8767397586982,1369.331867539919,1360.1145455766732,1379.5612063397948,1372.3008496904338,1361.7458106842007,1356.0281076607807,1363.3745069707486,1376.0700117845356,1384.9145291803632,1381.97264608752,1364.188742591575,1372.3008496904338,1372.8267164909728,1357.2075367763464,1366.6070862349147,1363.618468030413
V30_213,V30,1476.8712218879652,1493.8985443764052,1475.9591173005615,1490.427390253265,1481.4632464763722,1439.409679711816,1492.6597328643822,1475.457464598136,1450.675587597369,1455.7674235774434,1460.3346659394656,1498.8435515384117,1485.454366353945,1494.3940066103908,1465.8974627381651,1470.433813110955,1480.324278603092,1455.4921472361925,1460.725183603505,1458.411204470057
V30_214,V30,1669.4581868997573,1674.6538829952665,1655.9920331074484,1671.7790473406717,1667.7904411670763,1676.8617096768269,1684.565816558676,1673.9911681846595,1660.6767763118276,1662.2357607330348,1659.7849810062858,1670.0073416597422,1690.048101882103,1675.5397727224706,1669.121035597779,1680.8282893786363,1671.8238316943414,1669.4110821480692,1672.1241418426762,1668.7347957681645
V30_215,V30,3139.7967211024584,3141.3635999073144,3119.1428991004805,3138.5357487213478,3134.052853323396,3195.5450453364583,3156.871901909379,3148.89220994306,3166.234105675396,3154.761743788411,3150.536653510457,3125.304919341136,3179.992813657409,3143.247509853231,3132.3994875604744,3164.5975532738253,3156.691490034478,3127.375229263902,3149.9668958463853,3150.681932103933
V30_216,V30,3154.398044933876,3154.409735737424,3129.9183388713227,3149.94969877658,3147.011679111688,3218.61789130682,3168.219794125044,3161.088258422908,3180.4581092407434,3168.336623046436,3163.4282208764453,3135.351199790104,3194.734644752188,3155.6999733816174,3146.541170278558,3181.1560572317,3165.503634945572,3142.3042176109666,3162.9297954047447,3164.431692744237
V30_217,V30,3221.823448119957,3220.11178260327,3193.2288812673364,3220.916059343785,3212.174221095265,3286.8647843561557,3231.2375881821517,3227.342275760365,3251.327791289306,3236.043399286355,3232.1536184425167,3202.0221798647467,3260.8723404214984,3223.9015417266623,3210.100154074629,3247.2283491390267,3231.4026437863463,3204.862262488873,3222.539559562395,3227.0494412173052
V30_218,V30,3246.9777483208554,3244.492510108108,3219.422802553656,3244.378942118758,3235.6999737962647,3309.3007451156227,3256.1031755370414,3251.327532551343,3274.4594805249594,3260.8723404214984,3257.6937590107823,3226.8837405750537,3287.427805427584,3250.4184587375303,3234.556345911441,3270.162921174179,3256.7239519639425,3234.1299408803643,3247.141642697977,3251.6186192601663
V30_219,V30,77.21741631070077,150.03238474384747,224.9087985106075,241.90160056904764,274.70268678369933,188.4629645009852,302.5941049896135,282.40637459694534,308.8148438204395,214.77751370863808,249.63933934226844,278.50146249963825,266.11011068829373,309.7240422000913,245.8460746721194,231.49129543604604,83.68450607968178,227.51023244499027,222.7500634701155,232.87373121992087
V30_220,V30,118.24844947739004,117.87638682885652,116.119775803037,119.60778828371592,113.252127919774,157.0525355131209,124.98578021182551,119.95075793968743,118.91809555768144,121.65244773915992,110.30995704906304,117.87638682885652,119.95075793968743,112.88860186263771,120.97460563913867,119.60759291303276,118.7176895025755,87.96060629552689,67.60048431252434,118.27093646652115
V30_221,V30,384.4675338894929,359.7381608840498,261.8588637792035,379.7510532402564,289.874272227086,222.1057205173422,347.88690019913145,353.9782873440901,420.2437457291351,264.3587212717682,368.0973888908025,398.7606888933215,454.6390768438414,480.1458269678485,297.4337613247511,299.0876667825048,353.7053425901019,151.6743362125535,114.33666590327205,152.99642842333907
V30_222,V30,2364.92709729176,2354.0587863441992,2369.5674319352543,2381.093678186,2380.938309126433,2448.205793752912,2402.4408667780326,2405.672783758231,2405.9803173294845,2409.361032298209,2390.553239449793,2373.6235170709065,2421.46188418075,2385.440432306586,2397.50771765928,2412.2768128894063,2342.048969421472,2413.90042976494,2398.5525773882555,2404.370035138789
V30_223,V30,4079.127729646064,4080.252251109881,4071.174567195013,4115.4641116247385,4088.676485341489,4152.248771252001,4105.02237703566,4115.643886311474,4051.679884592995,4154.742980109682,4074.2632418103135,4056.151851512839,4096.451147274248,4062.4408635925033,4081.521570346203,4098.527927319153,4077.481207250671,4054.767146091756,4082.149408790753,4099.326143736432
V30_224,V30,62.16737215747629,55.48188405456556,58.02444290584433,60.88693911473549,52.81738910282382,54.40443956599429,58.02444290584433,41.52238995831186,53.09681241719841,60.03023240036848,53.92639595366391,53.58225781735724,37.09904826200732,60.21492832840424,57.51213941488758,59.16112109589365,62.65921998923813,107.53180750163298,71.82390120948028,95.90451330837642
V30_225,V30,157.52710151808816,55.15370748212813,-241.268318898416,142.79430333832562,-208.7476783827669,-256.4657165449869,47.98123826392978,40.55055979643629,211.48708309069377,-226.86711414500735,123.66349420669104,203.15900410157784,304.53615290803936,342.64803205006723,-177.22106704912076,-180.4392217544568,52.245097514569615,-378.1451385559011,-371.2411862223251,-252.08421091898256
V30_226,V30,4124.085508561308,4113.395831237184,4120.854604082441,4162.838850622078,4138.146562781471,4196.564399917044,4148.326371661637,4154.208607538138,4097.8960533425525,4203.171362705698,4126.955381781139,4104.752014272162,4136.089574079254,4115.10438536937,4128.568670641964,4148.683267981638,4125.981519123363,4180.3983293876045,4156.1294535746,4123.50534998018
V30_227,V30,47.12178809816257,48.9641656993204,57.57646316503821,66.85345691305781,51.03613869515506,38.46985748174803,43.182140385985655,33.537404763116335,38.083043636188776,52.88726403695454,56.40786147165658,90.62892410115649,20.89428157246952,49.41548624564609,43.52346660760186,52.95720562711066,49.675945775118414,39.25967231625318,44.7526798742637,45.74645368845615
V30_228,V30,60.805598607803205,207.7015605308109,103.79734379251308,192.8486629100896,139.87375261231105,-217.6182994594524,177.83721851401148,160.1935473629328,-74.39714779595361,140.66504056201472,61.31073493850887,236.70675764011872,85.84892516077228,213.0826729107225,143.52911149561868,-95.3245021672526,70.01778192849402,-52.34033928840613,81.41474505174176,76.2816506470665
V30_229,V30,60.8059028406971,207.2557577202882,101.89063504254236,171.80565556019152,139.13112067243688,-220.992430174166,200.41271339846145,175.82865133737343,-64.48730916287565,144.30035624764332,62.387566818152926,317.3237167744209,81.42531176696788,217.02244000424733,133.34666984165105,-84.41480331124255,70.05213552078581,-52.1485211106621,81.35390583332854,76.22638348246625
V30_230,V30,1344.7067178117338,1359.026154040754,1343.6942300223704,1372.8395848315308,1350.012041266532,1275.9001707217528,1362.016983551871,1345.3454053219798,1324.5587323780708,1325.3961793327617,1326.791172326631,1371.4914301246058,1354.3893348869656,1360.386661997969,1332.6343231040346,1339.004947477027,1350.4014455691176,1309.1453839412445,1327.839068705017,1323.0484395293695
V30_231,V30,1345.4356404290616,1359.5701493435806,1343.6942300223704,1360.1139270684096,1350.286193596078,1275.9001707217528,1367.168278424612,1346.4448556641964,1325.9546064224808,1326.5127984295098,1326.5121642534305,1354.116634521484,1351.38100173668,1361.2020668559303,1333.744251660485,1338.7284849126052,1350.6805014956635,1311.8441241012479,1322.3644640217817,1327.1966958235816
V30_232,V30,1569.6261349767035,1577.7326877434314,1559.0972396333475,1586.3851414505036,1565.018567463605,1489.9306089593715,1584.0512149124995,1567.3808350413765,1550.291409581677,1545.751046922153,1551.9612828614734,1583.3500473082684,1577.4980636826642,1587.7839566016733,1552.6760834674792,1560.5205152317142,1573.8467623690751,1515.5903049802328,1545.516269658723,1547.6226782107822
V30_233,V30,3031.962975726262,3037.412866275593,3021.658680037355,3034.243897712848,3034.0004630309663,3053.4488985365124,3055.508159112212,3044.4693671323457,3051.2672172361104,3046.656192432326,3043.9832847249327,3018.3508210061445,3070.2451828957287,3037.291001396632,3033.146346339069,3059.985159429223,3042.2895419303327,3053.5789476232203,3041.013489654057,3047.355205697418
V30_234,V30,3153.447845517956,3150.0672052948685,3123.410187196549,3151.241228617451,3140.656808853379,3195.5450453364583,3156.1685837799264,3156.1685837799264,3176.500262203718,3164.831474232047,3164.3636150231514,3128.381109023963,3188.822611419253,3155.9342872785014,3139.9498587032176,3176.733306698028,3162.11213855118,3154.4055365172126,3151.5730665582705,3154.3936189611622
V30_235,V30,3153.7763418901995,3150.302205182439,3123.647192559732,3151.0065657372243,3140.7746630486954,3195.5450453364583,3156.9888843061685,3156.0515709778288,3175.9178410352965,3165.6497957241068,3164.831474232047,3128.02640120366,3188.3585365161,3157.223635446306,3140.303487614885,3177.1993444055115,3162.465417329085,3158.956476357478,3149.5965958943366,3157.612702018361
V30_236,V30,74.35718963830935,135.7391310676021,-62.50608089069453,136.93318675399186,71.60972828921786,-180.43955587780857,153.15636113829711,93.79859708853206,161.29831721453849,-114.44374088120382,118.13436885541292,182.74187320980863,175.84968368557438,229.2589559745902,74.79392825587429,-25.22637921706609,58.4659329060767,-123.98144724384558,-121.41349274918467,-119.84183956585963
V30_237,V30,82.60241978012833,183.63054226554885,101.526872570179,94.77957616285286,129.34680370717422,-174.1796214443172,185.37515229545204,143.96667353207158,52.7472023125945,130.42922565789124,76.98775394022425,192.90621884334735,73.34535676287244,195.02350785373008,134.50698550697948,-45.109883141729554,84.22524454172678,77.42048431827237,94.81057901571975,92.54840682391341
V30_238,V30,89.94459722610988,208.2352337977021,85.41691053347964,124.7158820963595,129.20370660902313,-217.61829462735363,193.53810119469017,141.9740462572841,-23.40027559853678,108.40034019592028,90.71055970317344,233.52810183754235,112.28977260896168,237.5493281788669,140.1907752479789,-75.38519026410532,86.25055715041412,-38.82059101121775,43.46169153920393,48.11971658645413
V30_239,V30,170.75535718115466,225.77715197550063,78.00106845370321,209.92618962907665,159.6485917914789,-181.3485828828848,198.2431102278437,141.6377916916022,213.8068123142652,-80.08134763587853,207.56298243842323,285.87574435323336,265.5998268049114,341.44618890519445,165.71330570567343,132.64499783216365,149.85419682517286,-171.05725541356136,-100.93610857316794,-86.73823059752135
V30_240,V30,1346.3373075512486,1360.6582603026395,1344.2444299362876,1359.5702266881058,1350.8339421140452,1275.9002531383162,1367.7098041086322,1345.34493634845,1324.837913723296,1327.070200979298,1326.512481341508,1354.1165568654603,1351.3815464286913,1361.7455018003498,1334.2991849433547,1339.8333650267248,1351.9399738838415,1316.5649731825413,1329.3532277674292,1330.656026424619
V30_241,V30,1348.4132439351738,1362.5603250044494,1346.169686689297,1361.2019896041277,1353.2967273606505,1304.5757749902475,1370.412227690647,1348.0921159167726,1327.6276071202583,1329.020337042913,1328.741955325474,1355.7549613013698,1353.296649657578,1364.1885884262265,1336.51559112433,1342.3163334913609,1353.7859349500484,1327.6808331264094,1331.7158636806696,1331.8611783306296
V30_242,V30,1350.181856888956,1364.188511343545,1347.543174868677,1363.6460499781788,1354.662989477538,1304.5757749902475,1372.3007730634215,1349.7379111604196,1330.1334394027308,1330.4115299589268,1330.689562399122,1357.6638954615028,1354.662989477538,1365.5439529973075,1338.1755455968205,1344.244351709954,1355.4247390333064,1328.1645146349867,1333.88789529749,1333.2252488205286
V30_243,V30,1571.6896295305537,1579.8416713299289,1560.7571524829934,1582.649499258368,1566.6722737093976,1514.559178750177,1585.685669029425,1566.4360601278422,1551.7229654101718,1545.7506387503795,1553.3910967067372,1571.388285659566,1577.9670769993286,1589.8800040260344,1555.2953126993275,1562.4155710510006,1575.4586305541657,1534.2493962532342,1551.4876534832708,1550.945967891519
V30_244,V30,1574.3615489886934,1582.4156706636304,1563.5991844930209,1586.6187164246412,1569.2678073513316,1538.793684244439,1588.9488716941598,1569.7392797409657,1554.1054426676865,1549.8142923243408,1556.0088520371162,1574.4461717602933,1580.0758808401129,1591.7405685533563,1557.9098683796194,1565.0182315080958,1578.2812519397276,1532.47420483461,1554.4709881966469,1554.274802119529
V30_245,V30,1651.8508567146616,1657.3314654700305,1635.5339611047089,1656.2150296030727,1638.2462753348343,1586.152195038649,1637.1166958629688,1634.4025070810633,1658.001156411245,1594.9913835100836,1644.7826279405704,1656.661630760577,1680.6082459201014,1683.4677542849383,1637.3426484107647,1641.6303502834064,1649.768783210523,1619.446163467306,1623.0796310094715,1623.4383639002074
V30_246,V30,3026.430091666702,3031.5602543028485,3015.7755643480127,3029.4848195647323,3028.26331523928,3053.449036289344,3049.690549570317,3037.656304428768,3044.34785380661,3041.0647437405096,3038.14346833383,3012.2156662483426,3063.0064152903824,3031.56028898971,3027.4079272815134,3054.4182486856125,3036.798714453232,3043.3782493256854,3041.7269402632573,3045.2901430350616
V30_247,V30,3144.424279576808,3140.7745960873094,3113.8004638199245,3141.5991169600948,3131.1001522215106,3195.5450782431203,3147.0118127690357,3145.3654594997106,3165.415902018748,3155.6997068028777,3154.761610459404,3118.0750633939865,3176.6168196909825,3146.541504471694,3130.627453546315,3167.402269407654,3152.9914053273005,3142.53210480153,3147.047325171382,3149.7485764704047
V30_248,V30,3148.1049752345334,3144.424280075204,3117.719081854019,3145.835943617957,3134.997112885821,3195.5450782431203,3151.00653236525,3148.8923101262053,3168.570135218396,3159.917627405817,3158.512290821172,3121.988282412204,3180.4580100519074,3151.00653236525,3134.288919721079,3171.3712717436792,3156.513266555549,3147.3316835333862,3150.892416087034,3153.065823177765
V30_249,V30,3155.4769367214985,3152.2978293602173,3125.1863808218677,3153.3540093712018,3142.7766047786845,3207.102217502176,3158.7465292628685,3156.7547153104288,3177.082675897392,3167.402269407654,3166.233972829672,3129.563637279011,3188.590681346346,3158.6294122134527,3142.1878658267715,3179.178084836176,3164.343875692088,3152.4222510014465,3160.0659513765013,3163.7183960435705
V30_250,V30,3828.880031550776,3837.25829207604,3826.9276418213553,3888.119372248009,3846.791859991697,3913.727459313135,3844.579098560293,3866.649757284822,3857.9325476084528,3904.736343445462,3844.194160686166,3815.696430265136,3857.548914991612,3833.110054470869,3841.97987575824,3863.873846371478,3835.178002865252,3851.8973602471096,3854.5828970751527,3857.5647338739486
V30_251,V30,3937.102213454544,3942.642723303443,3921.2829522259008,3981.6751520921966,3936.91426846852,4007.146985347952,3932.306675686174,3961.5533054921766,3943.29955513958,4004.838053904331,3943.674872782784,3912.120054687234,3957.0678650676073,3932.1184654284007,3935.880372798559,3958.2831748389663,3945.5235541789566,3940.136478735377,3947.6397118649807,3950.894178579709
V30_252,V30,48.229201015997326,57.12497043024544,55.14760607080549,24.33068163392989,53.5132903784685,38.46985748174803,59.22351184283522,42.83809462484194,37.59415359933325,55.4820356790046,56.93010302345957,97.05535102787958,25.079136182794773,63.91101147358809,47.58470418824925,53.09665398144284,51.22468859779305,38.69571239185885,46.926361634253595,44.6103147645616
V30_253,V30,58.84578243108119,195.62965916799607,-69.03164001521955,162.94146336217975,88.98100506157702,-252.26362543201088,205.08432774582548,144.40292426149426,71.55806428666061,-123.94213516200024,108.87712575889466,348.82621921630863,189.8711674577577,268.9864664849908,96.71167684499773,-56.80006684915725,62.98956052461551,-122.38190616135745,-77.9578053355412,-89.16855595556667
V30_254,V30,71.35870572854446,208.0752644203417,65.79358875119385,-115.76161355628211,150.72127183507376,-234.0029357357678,217.2098552703502,107.44040222616988,-45.19181653095516,-57.51213941488758,128.77343673661997,288.60074164429443,172.79337324634733,273.54208383641827,136.93318675399186,63.44612492720812,91.21727388249263,-128.9185208929924,-33.06277716741069,-48.30713034159665
V30_255,V30,1060.9100906049612,1081.6114955020173,1060.1912317143003,1069.5723200327277,1072.3365188736286,1017.816758688028,1087.0708664004585,1062.2831654649333,1072.6808566752543,1034.4028674984402,1056.3461893182653,1088.7712575889466,1087.7508778189822,1093.857340863034,1057.396079223993,1060.5403060966796,1064.864851559504,1057.6634272406864,1046.1956339516084,1045.0465718738476
V30_256,V30,1672.8764711832057,1681.9285124967432,1666.014998792693,1681.488809814143,1669.3432861488825,1632.1373103738297,1681.7084254108825,1663.3482819402932,1665.5710950250343,1633.7235288728034,1664.0147298689444,1694.4202652499896,1697.2567513472095,1700.30621293644,1661.3448022768555,1669.342782212976,1674.5629573681792,1651.214694288573,1651.892164633188,1651.823292186226
V30_257,V30,1673.9753017322896,1682.5886010268098,1666.6813898757216,1681.268665168844,1670.2294742737556,1632.1373103738297,1682.5886010268098,1665.3488461974976,1665.7928091904648,1633.9500793611055,1664.904259538134,1694.420761727628,1696.602865529468,1701.8288946387547,1662.2357607330348,1670.228970605227,1675.4950876922924,1653.6235129715483,1653.6591085426357,1658.2105247003149
V30_258,V30,3475.2664108612976,3485.0788261712123,3468.264978623248,3534.936809839756,3487.307776962305,3546.7441900644008,3493.032042327991,3493.879194845768,3507.5130177586443,3522.03954887156,3493.137767008027,3463.2472693103755,3511.835150600691,3482.5312943644094,3485.2912375770275,3511.203174362431,3484.330455565429,3474.883561596451,3489.188092279734,3484.4262510077956
V30_259,V30,3606.319446786821,3608.8936841096097,3582.3458989975525,3652.204611465911,3599.141018077222,3679.857057827852,3603.045065510328,3615.8581271874177,3630.766540545535,3649.367125059971,3618.415248395301,3582.1394775253034,3636.0613860756193,3608.586208826852,3600.168834034747,3629.237473786589,3615.461198503858,3581.9122459985933,3595.123381314225,3597.080432492878
V30_260,V30,3606.534885103827,3609.201133198079,3582.6558611204105,3653.420134020333,3599.346698236925,3689.897508269997,3602.0183038171976,3613.9135515256194,3629.645411516704,3649.164264234397,3618.415248395301,3584.3076009337365,3639.8243733504432,3607.5607910312738,3600.37445547796,3629.441448383092,3615.753896910281,3587.9665638682313,3598.960141069151,3595.4268848074285
V30_261,V30,55.14648863583864,122.34981985330384,188.89437831901165,192.4453604296842,224.61248758449648,156.26523250848024,239.39557404480368,227.7694009980196,241.4882886690642,184.45476845346613,202.4149846297583,251.3379362488232,208.27077147214484,243.2590198516587,198.96756545384704,191.65550135184947,72.39182671731261,200.47794315638393,196.50425084772775,193.91672187733153
V30_262,V30,2354.4800591304383,2343.5050349067974,2358.926064946637,2372.6881264899885,2370.1918285680326,2402.4408667780326,2389.0050701274645,2392.4096850359256,2389.0050701274645,2398.2790951823267,2379.694726337233,2363.000416036453,2412.2769872563053,2373.935291088182,2386.5259278583326,2401.3626528971795,2331.726248779349,2399.5557547893327,2389.3830991495465,2398.290348110111
V30_263,V30,2354.729897930523,2343.82072554522,2359.2397812362515,2373.311790711505,2370.504053928979,2402.4408667780326,2389.4696614535446,2392.87361533514,2389.4696614535446,2398.433428602953,2379.850264955506,2363.000416036453,2412.5836789854534,2374.2470241651317,2386.6808450543085,2401.516613004885,2331.897613370915,2399.0547855240843,2390.469687625655,2398.5676317577513
V30_264,V30,94.77879290406426,174.56155502274012,173.11428577595896,187.5182875339344,201.48064175226293,94.23147667088205,200.4496589145948,187.71548634875856,171.52545887310552,163.62124451090096,167.73028761204992,211.12900038770803,179.8233754518743,222.32807034154175,182.64060965016407,161.93930578215114,119.28784163775568,163.85423732094765,163.6886485885197,163.3210366660374
V30_265,V30,142.49659765208202,141.34737123574033,144.79510580539443,120.293138265795,139.88564036491775,128.23267604265666,146.20776190116058,149.543794326052,156.52806802524643,146.48878599972983,135.4056303104763,141.34720591360033,143.9411173268453,136.31636037339328,143.94095498373002,141.63770920004836,140.7087775286121,175.51648413952853,161.76035160477718,153.96185296858914
V30_266,V30,423.0740222746237,398.3481577907627,285.4440699435671,401.6369498643471,321.35052577632115,222.1057205173422,376.380178899157,381.9098893734039,438.6237119065271,278.5930211975963,389.68852382521794,419.068271023696,469.4967626522284,500.43664906397794,327.43337348309115,335.4948456840345,388.9355902019704,-73.60088961938763,205.75610261854942,227.62024558653033
V30_267,V30,488.9429674814664,482.5372189212961,391.0575282873964,489.976901326383,428.9574705965287,384.69839258768206,478.9456290039219,485.4250937945045,519.1449608232939,402.4549631331277,468.8834187029699,496.1466589078224,540.5587069843851,562.7652723617882,440.3074445373654,445.50517081520894,465.54068393795103,374.5777668725252,368.9039076406133,359.7480325322137
V30_268,V30,615.3892294004013,696.4824271769198,670.6220378388058,682.7719850548469,707.2594443331838,628.2098816699506,717.6455900399372,709.6964704925368,678.7865285803798,702.0087672627409,665.6999919634359,699.5449263250434,682.7719850548469,702.9450748717803,697.1903337050697,687.9304593731777,609.543031586658,668.0667978836724,689.8662448593107,696.1406705897738
V30_269,V30,648.8706765970929,719.9333178668612,697.1903337050697,710.5069878912107,728.448134663448,653.8615964477739,738.2022855839833,728.8994416331475,703.1789652809365,717.4164485934148,694.4727284705457,725.2809616876713,713.1635278113048,732.0509915688053,717.874690897266,709.6964704925368,657.0439155066483,727.0068003147248,715.0995087048235,704.3018695979657
V30_270,V30,752.9859495617582,800.1973928665773,777.1585276107186,772.27670036191,783.5853627650641,713.9700438684772,792.2462953099032,793.646073598483,750.9561263822295,771.797470856043,769.6639484116374,802.6083186439299,797.5730330304701,813.343814813238,778.3742003799574,770.0377241117714,766.0855604742311,777.4559394790039,755.9963760661478,775.6062315539317
V30_271,V30,772.6433681781056,817.5784519498261,798.1912885161597,792.2463248055044,803.0691620642216,731.0394807756155,809.1378159159115,809.594942577624,768.9692767955175,788.7099535815875,789.5955682312801,821.0405479815092,816.9245254388583,831.3403337028014,796.7994950782373,788.7099535815875,785.1236061793213,791.5763061492654,795.5388626489057,787.4162671367478
V30_272,V30,1999.793612281244,1998.5815305832348,2000.4317732220595,1992.091567605376,2006.8946607533424,2035.632690859563,2025.7942376720744,2022.5041179559696,2027.0723326123384,2013.5205367299657,2016.2749616006577,2000.80170051892,2038.538715224919,2015.7242525316565,2017.9256659439525,2030.5372442556356,1992.8362439618888,2031.1959592055296,2022.559593050899,2028.3041449174973
V30_273,V30,3397.716922185707,3394.0780478978727,3382.0658350065924,3396.0395699754004,3394.0780478978727,3440.847250757207,3416.026655769649,3406.2649899479275,3430.72490621676,3420.572607215017,3414.510075787912,3381.6282797783083,3432.8811418188616,3408.0046280569013,3390.8061988196096,3424.0320388013124,3409.5675881219067,3420.9980877601897,3408.4562285347733,3403.9298497412433
V30_274,V30,3490.213405334001,3486.671053428156,3474.23358804134,3491.9726319889223,3486.5648913740656,3546.7441900644008,3512.045823997231,3502.340590866628,3528.231926234461,3513.6257711119483,3508.4622961471946,3475.2983454408304,3528.756258045513,3503.396805955781,3485.822028464225,3518.150641872918,3498.69939476752,3526.8997839057743,3501.7353907048046,3497.339569125078
V30_275,V30,3967.563263333008,3963.700739328976,3946.1133142019794,3975.165306839674,3966.686631649605,4025.570735354145,3983.625989010146,4001.510847858093,3946.1133142019794,4038.9670710116175,3946.675862589791,3930.330339527046,3970.602128315983,3931.4598190542174,3960.0587320381865,3976.561148156293,3960.372640576916,3917.6629337139807,3983.3622364649354,3961.0796517461367
